ID_general;ID_general_old;fullname;gender;possible_identity_with;members;members_names;specialcase;borderline;comment_entity;ID_chapter_1;ID_chapter_2;ID_chapter_3;ID_chapter_4;ID_chapter_5;ID_chapter_6;ID_chapter_7;ID_chapter_8;ID_chapter_9;ID_chapter_10;ID_chapter_11;ID_chapter_12;ID_chapter_13;ID_chapter_14;ID_chapter_15;ID_chapter_16;ID_chapter_17;ID_chapter_18;ID_chapter_19;ID_chapter_20;ID_chapter_21;ID_chapter_22;ID_chapter_23;ID_chapter_24;ID_chapter_25;ID_chapter_26;ID_chapter_27;ID_chapter_28;ID_chapter_29;ID_chapter_30;ID_chapter_31;ID_chapter_32;ID_chapter_33;ID_chapter_34;ID_chapter_35;ID_chapter_36;ID_chapter_37
entity_0001;figur_0001;Eduard;m;;;;;;;;Eduard;Eduard;Eduard;Eduard;Eduard;Eduard;Eduard;Eduard;Eduard;Eduard;Eduard;Eduard;Eduard;Eduard;Eduard;Eduard;Eduard;Eduard;Eduard;;Eduard;Eduard;Eduard;;Eduard;Eduard;Eduard;Eduard;;Eduard;Eduard;Eduard;Eduard;Eduard;Eduard;Eduard
entity_0002;figur_0002;Charlotte;f;;;;;;;;Charlotte;Charlotte;Charlotte;Charlotte;Charlotte;Charlotte;Charlotte;Charlotte;Charlotte;Charlotte;Charlotte;Charlotte;Charlotte;Charlotte;Charlotte;Charlotte;Charlotte;Charlotte;Charlotte;Charlotte;Charlotte;Charlotte;Charlotte;Charlotte;Charlotte;Charlotte;Charlotte;Charlotte;Charlotte;Charlotte;Charlotte;Charlotte;Charlotte;Charlotte;Charlotte;Charlotte
entity_0003;figur_0003;Hauptmann;m;entity_0374;;;;;;;Hauptmann;Hauptmann;Hauptmann;Hauptmann;Hauptmann;Hauptmann;Hauptmann;Hauptmann;Hauptmann;Hauptmann;Hauptmann;Hauptmann;Hauptmann;Hauptmann;Hauptmann;Hauptmann;Hauptmann;Hauptmann;Hauptmann;;;;;;;Hauptmann;;Hauptmann;Hauptmann;Major;Major;Major;Major;;Major;Major
entity_0004;figur_0004;Gärtner;m;;;;;;;;Gärtner;;;;;;;;;;;;;;;;Gärtner;;;;;;Gärtner;;;;Gärtner;Gärtner;;;;;;;;
entity_0005;figur_0007;Luciane;f;;;;;;;;Luciane;Luciane;Luciane;;Luciane;;;;;;;;Luciane;Luciane;;Luciane;;;;;;Luciane;Luciane;Luciane;Luciane;Luciane;Luciane;Luciane;;;;;Luciane;;;
entity_0006;figur_0008;Ottilie;f;;;;;;;;Ottilie;Ottilie;Ottilie;Ottilie;Ottilie;Ottilie;Ottilie;Ottilie;Ottilie;Ottilie;Ottilie;Ottilie;Ottilie;Ottilie;Ottilie;Ottilie;Ottilie;Ottilie;Ottilie;Ottilie;Ottilie;Ottilie;Ottilie;Ottilie;Ottilie;Ottilie;Ottilie;Ottilie;Ottilie;Ottilie;Ottilie;Ottilie;Ottilie;Ottilie;Ottilie;Ottilie
entity_0007;figur_0010;Geschwisterpaare die Charlotte kennt;u;;x;x;group;;;;Geschwister;;;;;;;;;;;;;;;;;;;;;;;;;;;;;;;;;;;
entity_0008;figur_0011;Liebende die Charlotte kennt;u;;x;x;group;;;;Liebende;;;;;;;;;;;;;;;;;;;;;;;;;;;;;;;;;;;
entity_0009;figur_0012;Freunde die Charlotte kennt;u;;x;x;group;;;;Freunde die Charlotte gesehen hat;;;;;;;;;;;;;;;;;;;;;;;;;;;;;;;;;;;
entity_0010;figur_0013;Ehepaare die Charlotte kennt;u;;x;x;group;;;;Ehepaare;;;;;;;;;;;;;;;;;;;;;;;;;;;;;;;;;;;
entity_0011;figur_0014;Arbeiter in Charlottes Anlage;u;;x;x;group;;;;Arbeiter;;;;;;;;;;;;;;;;;;;;;;;;;;;;;;;;;;;
entity_0012;figur_0019;Eduards erste Frau;f;;;;;;;;Eduards erste Frau;Eduards erste Frau;;;;;;;;Eduards erste Frau;;;;;;;;;;;;;;;;;;;;;;;;;;
entity_0013;figur_0020;Eduards Vater;m;;;;;;;;Eduards Vater;;Eduards Vater;;;;;;;;;;;Eduards Vater;;;Eduards Vater;;;;;;;;;Eduards Vater;;;;;;;;;;
entity_0014;figur_0021;Eduards Mutter;f;;;;;;;;Eduards Mutter;Eduards Mutter;;;;;;;;;;;;;;;;;;;;;;;;;;;;;;;;;;
entity_0015;figur_0022;Charlottes erster Mann;m;;;;;;;;Charlottes erster Mann;;;;;;;;;Charlottes erster Mann;;;;;;;;;;;;;;;;;;;;;;;;;;
entity_0016;figur_0023;Erzählinstanz;u;;;;;;;;Erzähler;;Erzähler;;;Erzähler;Erzähler;;Erzähler;Erzähler;Erzähler;;Erzähler;;;;Erzähler;Erzähler;Erzähler;Erzähler;Erzähler;Erzähler;Erzähler;;Erzähler;Erzähler;;;;;Erzähler;;;;Erzähler;Erzähler
entity_0017;figur_0024;manche tätige Freundinnen von Charlotte;f;;x;x;group;;;;Freundinnen;;;;;;;;;;;;;;;;;;;;;;;;;;;;;;;;;;;
entity_0018;figur_0025;manche tätige Freunde von Charlotte;m;;x;x;group;;;;Freunde;;;;;;;;;;;;;;;;;;;;;;;;;;;;;;;;;;;
entity_0019;figur_0027;Postbote;m;;;;;;;;Postbote;;;;;;;;;;;;;;;;;;;;;;;;;;;;;;;;;;;
entity_0020;figur_0028;gegenwärtige Pächter;m;;entity_0079, x;gegenwärtiger Pächter, x;group;members, gender;"gender könnte auch ""u"" sein. Nicht sicher, ob als Pächter jeweils die ganzen Familien bezeichnet werden oder nur das männliche Familienoberhaupt. Intuition ist aber: Pächter und ""Frau des Pächters"". Deshalb davon ausgehen, dass Pächter zuerst mal männlich zu denken ist. ";;Pächter;;;;;;;;;;;;;;;;;;;;;;;;;;;;;;;;;;;
entity_0021;figur_0032;Mittler;m;;;;;;;;;Mittler;;;;;;;Mittler;;;;;;;;;Mittler;;;;;;;;Mittler;;;;;;;Mittler;Mittler;Mittler;Mittler
entity_0022;figur_0033;Ottilies Mutter;f;;;;;;;;;Ottilies Mutter;;;;;;;;;;;;;;;;;;;;;;;;;;;;;;Ottilies Mutter;;;;
entity_0023;figur_0035;Vorsteherin der Pension;f;;;;;;;;;Vorsteherin der Pension;Vorsteherin;;Vorsteherin;Vorsteherin;;;;;;;;;;;;;;;;;;;Vorsteherin der Pension;Vorsteherin;;;;;;;;;;
entity_0024;figur_0036;Bedienstete;u;;entity_0026, x;Bedienter, x;group;gender;gender evtl. m;;;Bedienstete;;;;;;;;;;;;;;;;;;;;;;;;;;;;;;;;;;
entity_0026;figur_0039;Bedienter;m;;;;;;;;;Bedienter;;;;;;;;;;;;;;;;;;;;;;;;;;;;;;;;;;
entity_0027;figur_0040;Wer ein Übel los sein will;u;;;;;;;;;Wer ein Übel los sein will;;;;;;;;;;;;;;;;;;;;;;;;;;;;;;;;;;
entity_0028;figur_0041;Eduards Eltern;mf;;entity_0014, entity_0013;Eduards Mutter, Eduards Vater;group;;;;;Eduards Eltern;;;;;;;;Eduards Eltern;;;;;;;;;;;;;;;;;;;;;;;;;;
entity_0029;figur_0043;Ehepaare in Mittlers ehemaliger Gemeinde;mf;;x;x;group;;;;;Ehepaar;;;;;;;;;;;;;;;;;;;;;;;;;;;;;;;;;;
entity_0030;figur_0044;Bote;m;;;;;;;;;Bote;;;;;;;;;;;;;;;;;;;;;;;;;;;;;;;;;;
entity_0031;figur_0045;Charlottes Tante;f;;;;;;;;;Charlottes Tante;;;;;;;;;;;;;;;;;;;;;;;;;;;;;;;;;;
entity_0032;figur_0046;Begrabene auf Kirchhof;u;;x;x;group;;;;;Begrabene auf Kirchhof;;;;;;;;;;;;;;;;;;;;;;;;;;;;;;;;;;
entity_0033;figur_0047;Bewohner in Mittlers ehemaliger Gemeinde;u;;x;x;group;;;;;Bewohner;;;;;;;;;;;;;;;;;;;;;;;;;;;;;;;;;;
entity_0034;figur_0048;Gutsbesitzer in Mittlers ehemaliger Gemeinde;u;;x;x;group;gender;Bei Gutsbesitzer ähnlich wie zuvor Pächter: Zu verstehen als generisches Maskulinum für ganze Familien von Gutsbesitzern oder als Bezeichnung der männlichen Oberhäupter;;;Gutsbesitzer;;;;;;;;;;;;;;;;;;;;;;;;;;;;;;;;;;
entity_0035;figur_0050;geschickteste Advokaten;m;;x;x;group;generic;Grenzfall zu generic, einerseits: geschickteste Advocaten als allgemeine Aussage und unspezifisch, andererseits eben die geschicktesten Advocaten mit denen Mittler zu tun hat. Deshalb als nicht-generic, weil durch Kontakt mit Mittler ja iwie raumzeitlich gebunden.;;;geschickteste Advokaten;;;;;;;;;;;;;;;;;;;;;;;;;;;;;;;;;;
entity_0036;figur_0052;vornehme und reiche Leute;u;;x;x;group;generic;"ähnlicher Grenzfall wie ""geschickteste Advocaten"", einerseits allgemein und unspezifisch, andererseits durch Kontaktstelle Mittler raumzeitlich verortet";;;vornehme und reiche Leute;;;;;;;;;;;;;;;;;;;;;;;;;;;;;;;;;;
entity_0037;figur_0053;Gehülfe;m;;;;;;;;;;Gehülfe;;Gehülfe;Gehülfe;;;;;;;;;;Gehülfe;;;;;;;;Gehülfe;Gehülfe;Gehilfe;;;;;;;Gehülfe;Gehülfe;Gehülfe;
entity_0038;figur_0055;alle Schülerinnen der Pension zur Zeit als Ottilie und Luciane dort sind;f;;entity_0005, entity_0006, x;Ottilie, Luciane, x;group;;;;;;Schülerinnen;;Schülerinnen;Schülerinnen;;;;;;;;;;;;;;;;;;;;;;;;;;;;;;
entity_0039;figur_0057;alle Schülerinnen der Pension außer Ottilie zur Zeit als Luciane und Ottilie dort sind;f;;entity_0005, x;Luciane, x;group;;;;;;Mitschülerinnen von Ottilie;;alle Schülerinnen außer Ottilie;;;;;;;;;;;;;;;;;;;;;;;;;;;;;;;
entity_0040;figur_0058;Vom Hauptmann unterrichtete Jäger;m;;x;x;group;;;;;;Jäger;;;;;;;;;;;;;;;;;;;;;;;;;;;;;;;;;
entity_0041;figur_0059;Vom Hauptmann unterrichtete Bauern;u;;x;x;group;gender;evtl. m;;;;Bauern;;;;;;;;;;;;;;;;;;;;;;;;;;;;;;;;;
entity_0042;figur_0060;Eltern aller Schülerinnen der Pension;mf;;entity_0002, x;Charlotte, x;group;;Als Lucianes Mutter gehört Charlotte zu den Eltern;;;;Eltern der Schülerinnen;;Eltern der Schülerinnen;;;;;;;;;;;;;;;;;;;;;;;;;;;;;;;
entity_0043;figur_0062;Dienerinnen in der Pension;f;;x;x;group;;;;;;Dienerinnen;;;;;;;;;;;;;;;;;;;;;;;;;;;;;;;;;
entity_0044;figur_0065;treffliche aber rasche und ungeduldige Lehrer;u;;x;x;group;gender;"evtl. gender m, da die Vorsteherin weiblich, aber nicht ganz eindeutig; evtl. gehört vorsitzender Prüfer zu dieser Gruppe";;;;Lehrer;;;;;;;;;;;;;;;;;;;;;;;;;;;;;;;;;
entity_0045;figur_0066;Vorgesetzte aller Schülerinnen der Anstalt;u;;entity_0002, x;Charlotte, x;group;;Als Charlottes Vorgesetzte gehört Charlotte zu den Vorgesetzten;;;;Vorgesetzte der Schülerinnen;;Vorgesetzte der Schülerinnen;;;;;;;;;;;;;;;;;;;;;;;;;;;;;;;
entity_0046;figur_0071;Eduards alter Schreiber;m;;;;;;;;;;;Schreiber;;;;;;;;;;;;;;;;;;;;;;;;;;;;;;;;
entity_0047;figur_0072;Feldchirurgus den der Hauptmann kennt;m;;;;;;;;;;;Feldchirurgus;;;;;;;;;;;;;;;;;;;;;;;;;;;;;;;;
entity_0048;figur_0078;Charlottes Beschließerin;f;;;;;;;;;;;Charlottes Beschließerin;;;;;;;;;;;;;;;;;;;;;;;;;;;;;;;;
entity_0049;figur_0080;Vettern Charlottes;m;;x;x;group;;;;;;;Vettern Charlottes;;;;;;;;;;;;;;;;;;;;;;;;;;;;;;;;
entity_0050;figur_0094;Liebende;mf;;x;x;group;;Da von Charlotte explizit als ihr bekannte Fälle markiert nicht generic;;;;;Liebende;;;;;;;;;;;;;;;;;;;;;;;;;;;;;;;;
entity_0051;figur_0104;dritte Person bezogen auf zwei Liebende;u;;;;;;Da von Charlotte explizit als ihr bekannte Fälle markiert nicht generic;;;;;dritte Person bezogen auf zwei Liebende;;;;;;;;;;;;;;;;;;;;;;;;;;;;;;;;
entity_0052;figur_0106;Externe Prüfende der Pension;m;;entity_0061, x;vorsitzender Prüfender, x;group;;Vorsteherin und Gehülfe nicht Teil der Gruppe sondern nur bei Versammlung dabei;;;;;;Prüfende;;;;;;;;;;;;;;;;;;;;;;;;;;;;;;;
entity_0053;figur_0107;alle Erziehenden der Pension;mfu;;entity_0023, entity_0037, x;Vorsteherin, Gehülfe, x;group;;gender: wir wissen, dass Männer und Frauen dabei sind, bei den übrigen unspecified;;;;;;alle Erziehenden der Anstalt;;;;;;;;;;;;;;;;;;;;;;;;;;;;;;;
entity_0054;figur_0108;Schülerinnen die Preise erhalten haben;f;;entity_0005, x;Luciane, x;group;members;"als eigene Gruppe konzipiert (und nicht gleichgesetzt mit ""Ottilies Mitschülerinnen""), da nicht unbedingt klar, ob ALLE anderen gemeint sind; Luciane bei ""members"" dazugezählt, da davon auszugehen ist, dass sie eine derjenigen ist, die Preis bekommt, aber eigentlich implizit, deshalb als borderline";;;;;;andere Schülerinnen außer Ottilie;;;;;;;;;;;;;;;;;;;;;;;;;;;;;;;
entity_0055;figur_0110;Schülerinnen die kein Zeugnis empfangen haben;f;;entity_0006, x;Ottilie, x;group;;;;;;;;Schülerinnen die kein Zeugnis empfangen haben;;;;;;;;;;;;;;;;;;;;;;;;;;;;;;;
entity_0056;figur_0111;alle Lehrer der Pension;u;;entity_0037, x;Gehülfe, x;group;;;;;;;;Lehrer;;;;;;;;;;;;;;;;;;;;;;;;;;;;;;;
entity_0057;figur_0115;alle Erziehenden außer Gehülfe;u;;entity_0023, x;Vorsteherin, x;group;members;Vorsteherin auf jeden Fall dazu, da in der Situation anwesend, z.B. rasche und treffliche Lehrer aus vorherigem Kapitel nicht eingeschlossen, wegen adhoc-Regel bei Gruppen!;;;;;;alle Erziehenden außer Gehülfe;;;;;;;;;;;;;;;;;;;;;;;;;;;;;;;
entity_0058;figur_0117;Personen in der Pension;u;;entity_0037, entity_0005, entity_0006, entity_0023, x;Gehülfe, Ottilie, Luciane, Vorsteherin, x;group;members;"""Personen"" hier abstrahiert über Erziehende und Zöglinge der Pension, allerdings als members nur unmittelbar beteiligte annotiert, nicht alle unspezifischen Gruppen";;;;;;Personen in der Pension;;;;;;;;;;;;;;;;;;;;;;;;;;;;;;;
entity_0059;figur_0119;andere Schülerinnen außer Ottilie;f;;x;x;group;;Wieder als eigene Gruppe von Schülerinnen konzipiert (und nicht einer der anderen Schülerinnen-Gruppen subsumiert), da nicht völlig klar, welche Gruppen das jeweils sind. ;;;;;;andere Schülerinnen;;;;;;;;;;;;;;;;;;;;;;;;;;;;;;;
entity_0060;figur_0120;manche Schülerinnen außer Ottilie;f;;x;x;group;;Wieder als eigene Gruppe von Schülerinnen konzipiert (und nicht einer der anderen Schülerinnen-Gruppen subsumiert), da nicht völlig klar, welche Gruppen das jeweils sind. ;;;;;;manche Schülerinnen außer Ottilie;;;;;;;;;;;;;;;;;;;;;;;;;;;;;;;
entity_0061;figur_0121;vorsitzender Prüfender;m;;;;;;;;;;;;vorsitzender Prüfender;;;;;;;;;;;;;;;;;;;;;;;;;;;;;;;
entity_0062;figur_0122;Bettler;m;;;;;;;;;;;;;Bettler;;;;;;;;;Bettler;Bettler;;;;;;;;;;;;;;;;;;;;
entity_0063;figur_0123;Karl I. von England;m;;;;;;;;;;;;;Karl I.;;;;;;;;;;;;;;;;;;;;;;;;;;;;;;
entity_0064;figur_0130;Dorfbewohner;u;;x;x;group;;;;;;;;;Dorfbewohner;;;;;;;;;;;;;;;;;;;;;;;;;;;;;;
entity_0065;figur_0131;altes Paar im Dorf;mf;;x;x;group;;;;;;;;;altes Paar im Dorf;;;;;;;;;;;;;;;;;;;;;;;;;;;;;;
entity_0066;figur_0133;Hausbewohner;u;;entity_0002, entity_0001, entity_0003, x;Charlotte, Eduard, Hauptmann, x;group;;;;;;;;;Hausbewohner;;;;;;;;;;;;;;;;;;;;;;;;;;;;;;
entity_0067;figur_0134;andere Dorfbewohner;u;;x;x;group;;;;;;;;;andere Dorfbewohner;;;;;;;;;;;;;;;;;;;;;;;;;;;;;;
entity_0068;figur_0139;Armer;u;;;;;;;;;;;;;Armer;;;;;;;;;;;;;;;;;;;;;;;;;;;;;;
entity_0069;figur_0143;Ein Dorfbewohner;u;;;;;;;;;;;;;Ein Dorfbewohner;;;;;;;;;;;;;;;;;;;;;;;;;;;;;;
entity_0070;figur_0150;Gott;u;;;;;;;;;;;;;Gott;;;;;;;;;;;Gott;;;Gott;;Gott;Gott;;;Gott;;;;;;Gott;;;;Gott
entity_0071;figur_0152;Obrigkeit;u;;x;x;group;;;;;;;;;Obrigkeit;;;;;;;;;;;;;;;;;;;;;;;;;;;;;;
entity_0072;figur_0153;Richter Karls I. von England im Himmel;u;;x;x;group;;;;;;;;;Richter Karls I. von England im Himmel;;;;;;;;;;;;;;;;;;;;;;;;;;;;;;
entity_0073;figur_0154;Wirt im Dorf;m;;;;;;;;;;;;;Wirt im Dorf;;;;;;;;;;;;;;;;;;;;;;;;;;;;;;
entity_0074;figur_0156;dritter Dorfbewohner;u;;;;;;;;;;;;;dritter Dorfbewohner;;;;;;;;;;;;;;;;;;;;;;;;;;;;;;
entity_0075;figur_0158;zweiter Dorfbewohner;u;;;;;;;;;;;;;zweiter Dorfbewohner;;;;;;;;;;;;;;;;;;;;;;;;;;;;;;
entity_0076;figur_0160;Ottilies Vater;m;;;;;;;;;;;;;;Ottilies Vater;;Ottilies Vater;;;;;;;;;;;;;;;;;;;;;;;;;;;
entity_0077;figur_0161;Kopist;m;;;;;;;;;;;;;;Kopist;;;;;;;;;;;;;;;;;;;;;;;;;;;;;
entity_0078;figur_0162;Müller;m;;;;;;;;;;;;;;Müller;;;;;;;;;;;;;;;;;;;;;;;;;;;;;
entity_0079;figur_0163;gegenwärtiger Pächter;m;;;;;;;;;;;;;;gegenwärtiger Pächter;;;;;;;;;;;;;;;;;;;;;;;;;;;;;
entity_0080;figur_0165;Charlottes Vorfahren;u;;x;x;group;;;;;;;;;;Charlottes Vorfahren;;;;;;;;;;;;;;;;;;;;;;;;;;;;;
entity_0081;figur_0167;Müllerin;f;;;;;;;;;;;;;;Müllerin;;;;;;;;;;;;;;;;;;;;;;;;;;;;;
entity_0082;figur_0169;Waldbauern;u;;x;x;group;;;;;;;;;;Waldbauern;;;;;;;;;;;;;;;;;;;;;;;;;;;;;
entity_0083;figur_0170;Komponist der Sonaten;u;;;;;;;;;;;;;;;Komponist;;;;;;;;;;;;;;;;;;;;;;;;;;;;
entity_0084;figur_0171;Maurer;m;;;;;;;;;;;;;;;;Maurer;;;;;;;;;;;;;;;;;;;;;;;;;;;
entity_0085;figur_0172;Baronesse;f;;;;;;;;;;;;;;;;Baronesse;Baronesse;Baronesse;Baronesse;;;;;;;;;;;Baronesse;Baronesse;Baronesse;;;;;;;;Baronesse;;;
entity_0086;figur_0173;Graf;m;;;;;;;;;;;;;;;;Graf;Graf;Graf;Graf;;Graf;;Graf;;;;;;;Graf;Graf;Graf;;;Graf;;;;;;;;
entity_0087;figur_0174;Gesellschaft;u;;entity_0002, entity_0001, entity_0003, entity_0006, entity_0092, entity_0091, entity_0107, x;Charlotte, Eduard, Hauptmann, Ottilie, Gäste, Offizier, Mancher Anwesender, Frauenschar, x;group;members;;;;;;;;;;;Gesellschaft;;;;;;;;;;;;;;;;;;;;;;;;;;;
entity_0088;figur_0176;Handwerker;m;;x;x;group;;;;;;;;;;;;Handwerker;;;;;;;;;;;;;;;;;;;;;;;;;;;
entity_0089;figur_0177;Bewohner des Dorfes;u;;x;x;group;;evtl. identisch mit obigen Bewohnern des Dorfes, aber overlap nicht sicher klar;;;;;;;;;;Bewohner;;;;;;;;;;;;;;;;;;;;;;;;;;;
entity_0090;figur_0179;Männerschar;m;;entity_0090, entity_0110, entity_0112;Knaben, Jünglinge, Männer;group;;;;;;;;;;;;Männerschar;;;;;;;;;;;;;;;;;;;;;;;;;;;
entity_0091;figur_0180;Offizier;m;;;;;;;;;;;;;;;;Offizier;;;;;;;;;;;;;;;;;;;;;;;;;;;
entity_0092;figur_0184;Gäste;u;;entity_0119, x;vornehmste Gäste, x;group;;;;;;;;;;;;Gäste;;;;;;;;;;;;;;;;;;;;;;;;;;;
entity_0093;figur_0185;ein Arbeiter;m;;;;;;;;;;;;;;;;ein Arbeiter;;;;;;;;;;;;;;;;;;;;;;;;;;;
entity_0094;figur_0187;Frauenschar;f;;entity_0101, entity_0109, entity_0111;Mädchen, Jungfrauen, Frauen;group;;;;;;;;;;;;Frauenschar;;;;;;;;;;;;;;;;;;;;;;;;;;;
entity_0095;figur_0188;Frauenzimmer;f;;;;;;;;;;;;;;;;Frauenzimmer;;;;;;;;;;;;;;;;;;;;;;;;;;;
entity_0096;figur_0190;denen Mittler zum Frieden verholfen hat;u;;x;x;group;;;;;;;;;;;;denen Mittler zum Frieden verholfen hat;;;;;;;;;;;;;;;;;;;;;;;;;;;
entity_0097;figur_0191;irgendein Gast;u;;;;nonfact;;;;;;;;;;;;irgendein Gast;;;;;;;;;;;;;;;;;;;;;;;;;;;
entity_0098;figur_0193;Bauarbeiter;m;;x;x;group;;;;;;;;;;;;Bauarbeiter;;;;;;;;;;;;;;;;;;;;;;;;;;;
entity_0099;figur_0194;Leichteste Gäste;u;;x;x;group;;;;;;;;;;;;Leichteste Gäste;;;;;;;;;;;;;;;;;;;;;;;;;;;
entity_0100;figur_0195;Mehrere aus der Gesellschaft;u;;x;x;group;;;;;;;;;;;;Mehrere aus der Gesellschaft;;;;;;;;;;;;;;;;;;;;;;;;;;;
entity_0101;figur_0197;Frauen;f;;x;x;group;;;;;;;;;;;;Frauen;;;;;;;;;;;;;;;;;;;;;;;;;;;
entity_0102;figur_0198;Gemeinde;u;;entity_0090, entity_0110, entity_0112, entity_0101, entity_0109, entity_0111, x;Knaben, Jünglinge, Männer, Mädchen, Jungfrauen, Frauen, x;group;;;;;;;;;;;;Gemeinde;;;;;;;;;;;;;;;;;;;;;;;;;;;
entity_0103;figur_0200;Ein Arbeitsmann;m;;;;;;;;;;;;;;;;Ein Arbeitsleute;;;;;;;;;;;;;;;;;;;;;;;;;;;
entity_0104;figur_0201;Eduards Familie;u;;x;x;group;members, ID;"nicht ganz klar, worauf sich ""Seinigen"" bezieht. Da es heißt, diese würden eingeladen scheint es nicht nur Charlotte zu meinen. Also vllt. Verwandtschaft von Eduard? Diese aber sonst nie erwähnt";;;;;;;;;;Eduards Familie;;;;;;;;;;;;;;;;;;;;;;;;;;;
entity_0105;figur_0203;Arbeitsleute;m;;x;x;group;;;;;;;;;;;;Arbeitsleute;;;;;;;;;;;;;;;;;;;;;;;;;;;
entity_0106;figur_0207;Gefolge der Herrschaft;u;;x;x;group;;;;;;;;;;;;Gefolge der Herrschaft;;;;;;;;;;;;;;;;;;;;;;;;;;;
entity_0107;figur_0208;Mancher Anwesender;u;;x;x;group;;;;;;;;;;;;Mancher Anwesender;;;;;;;;;;;;;;;;;;;;;;;;;;;
entity_0108;figur_0209;Männer;m;;x;x;group;;;;;;;;;;;;Männer;;;;;;;;;;;;;;;;;;;;;;;;;;;
entity_0109;figur_0210;Mädchen;f;;x;x;group;;;;;;;;;;;;Mädchen;;;;;;;;;;;;;;;;;;;;;;;;;;;
entity_0110;figur_0211;Knaben;m;;x;x;group;;;;;;;;;;;;Knaben;;;;;;;;;;;;;;;;;;;;;;;;;;;
entity_0111;figur_0212;Jungfrauen;f;;x;x;group;;;;;;;;;;;;Jungfrauen;;;;;;;;;;;;;;;;;;;;;;;;;;;
entity_0112;figur_0213;Jünglinge;m;;x;x;group;;;;;;;;;;;;Jünglinge;;;;;;;;;;;;;;;;;;;;;;;;;;;
entity_0113;figur_0214;Kanzellist;m;;;;;;;;;;;;;;;;Kanzellist;;;;;;;;;;;;;;;;;;;;;;;;;;;
entity_0114;figur_0217;Zuschauer;u;;x;x;group;;;;;;;;;;;;Zuschauer;;;;;;;;;;;;;;;;;;;;;;;;;;;
entity_0115;figur_0218;Tätige;u;;x;x;group;;;;;;;;;;;;Tätige;;;;;;;;;;;;;;;;;;;;;;;;;;;
entity_0116;figur_0220;einer der Gäste;m;;x;x;group;;;;;;;;;;;;einer der Gäste;;;;;;;;;;;;;;;;;;;;;;;;;;;
entity_0117;figur_0221;gegenwärtige und künftige Besitzer des Hauses;u;;entity_0001, entity_0002, x ;Eduard, Charlotte, x;group, nonfact;;;;;;;;;;;;gegenwärtige und künftige Besitzer des Hauses;;;;;;;;;;;;;;;;;;;;;;;;;;;
entity_0118;figur_0223;schöne und würdige Personen;u;;x;x;group;;;;;;;;;;;;schöne und würdige Personen;;;;;;;;;;;;;;;;;;;;;;;;;;;
entity_0119;figur_0224;vornehmste Gäste;u;;x;x;group;;;;;;;;;;;;vornehmste Gäste;;;;;;;;;;;;;;;;;;;;;;;;;;;
entity_0120;figur_0227;Freund des Grafen;m;;;;;;;;;;;;;;;;;Freund des Grafen;;;;;;;;;;;;;;;;;;;;;;;;;;
entity_0121;figur_0228;Jugendfreundin Charlottes;f;;;;;;;;;;;;;;;;;Jugendfreundin Charlottes;;;;;;;;;;;;;;;;;;;;;;;;;;
entity_0122;figur_0229;Freundin der Baronesse;f;;;;;;;;;;;;;;;;;Freundin der Baronesse;;;;;;;;;;;;;;;;;;;;;;;;;;
entity_0123;figur_0237;Bote;m;;;;;;bei den Boten in der Regel nicht klar, ob es dieselbe Figur ist wie vorherige Boten;;;;;;;;;;;Bote;;;;;;;;;;;;;;;;;;;;;;;;;;
entity_0124;figur_0240;Aufwartende;u;;x;x;group;;;;;;;;;;;;;Aufwartende;;;;;;;;;;;;;;;;;;;;;;;;;;
entity_0125;figur_0241;Bedienstete;u;;x;x;group;;auch hier overlap mit vorherigen Bediensteten unklar;;;;;;;;;;;Bedienstete;;;;;;;;;;;;;;;;;;;;;;;;;;
entity_0126;figur_0243;Gemahlin des Grafen;f;;;;;;;;;;;;;;;;;Gemahlin des Grafen;;;;;;;;;;;;;Gemahlin des Grafen;;;;;;;;;;;;;
entity_0127;figur_0245;Freunde Charlottes;u;;x;x;group;;;;;;;;;;;;;Freunde Charlottes;;;;;;;;;;;;;;;;;;;;;;;;;;
entity_0128;figur_0246;Haushofmeister;m;;;;;;;;;;;;;;;;;Haushofmeister;;;;;;;;;;;;;;;;;;;;;;;;;;
entity_0129;figur_0247;Männer;m;;x;x;group;;;;;;;;;;;;;Männer;;;;;;;;;;;;;;;;;;;;;;;;;;
entity_0130;figur_0248;Unverheiratete;u;;x;x;group;;;;;;;;;;;;;Unverheiratete;;;;;;;;;;;;;;;;;;;;;;;;;;
entity_0131;figur_0249;Tochter der Freundin der Baronesse;f;;;;;;;;;;;;;;;;;Tochter der Freundin der Baronesse;;;;;;;;;;;;;;;;;;;;;;;;;;
entity_0132;figur_0251;Verheiratete;u;;x;x;group;;;;;;;;;;;;;Verheiratete;;;;;;;;;;;;;;;;;;;;;;;;;;
entity_0133;figur_0252;eine Frau der der Graf früher geneigt war;f;;;;;;;;;;;;;;;;;eine Frau der der Graf früher geneigt war;;;;;;;;;;;;;;;;;;;;;;;;;;
entity_0134;figur_0256;Charlottes Kammermädchen;f;;;;;;;;;;;;;;;;;;Kammermädchen;;;;;;;;;;;;;;;;;;;;;;;;;
entity_0135;figur_0257;Garden;m;;x;x;group;;;;;;;;;;;;;;Garden;;;;;;;;;;;;;;;;;;;;;;;;;
entity_0136;figur_0259;höchste Herrschaften;u;;x;x;group;;;;;;;;;;;;;;höchste Herrschaften;;;;;;;;;;;;;;;;;;;;;;;;;
entity_0137;figur_0263;Ehrenwächterin;f;;;;;;;;;;;;;;;;;;Ehrenwächterin;;;;;;;;;;;;;;;;;;;;;;;;;
entity_0138;figur_0264;Hofdamen;f;;entity_0001, x;Charlotte, x;group;;;;;;;;;;;;;;Hofdamen;;;;;;;;;;;;;;;;;;;;;;;;;
entity_0139;figur_0265;Wachender Gardist;m;;;;;;;;;;;;;;;;;;Wachender Gardist;;;;;;;;;;;;;;;;;;;;;;;;;
entity_0140;figur_0267;Besuch;u;;x;x;group;;;;;;;;;;;;;;;Besuch;;;;;;;;;;;;;;;;;;;;;;;;
entity_0141;figur_0270;ein aufmerksamer Beobachter;u;;;;nonfact;;;;;;;;;;;;;;;ein aufmerksamer Beobachter;;;;;;;;;;;;;;;;;;;;;;;;
entity_0142;figur_0271;Arbeiter;m;;x;x;group;;Overlap mit Arbeitern aus chapter_2 nicht klar;;;;;;;;;;;;;;Arbeiter;;;;;;;;;;;;;;;;;;;;;;;
entity_0143;figur_0272;Großtante;f;;;;;;;;;;;;;;;;;;;;Großtante;;;Großtante;;;;;;Großtante;Großtante;;;;;;;;;;;;;
entity_0144;figur_0273;Eduards Kammerdiener;m;;;;;;;;;;;;;;;;;;;;Kammerdiener;Kammerdiener;Kammerdiener;Kammerdiener;Kammerdiener;;;;;;;;;;;;;;;;;Kammerdiener;Kammerdiener;Kammerdiener
entity_0145;figur_0274;Unterschreiber des Dokuments;u;;;;;;;;;;;;;;;;;;;;Unterschreiber des Dokuments;;;;;;;;;;;;;;;;;;;;;;;
entity_0146;figur_0277;andere außer Ottilie;u;;x;x;group;;;;;;;;;;;;;;;;andere außer Ottilie;;;;;;;;;;;;;;;;;;;;;;;
entity_0147;figur_0280;Architekt;m;;;;;;;;;;;;;;;;;;;;;Architekt;Architekt;;Architekt;;Architekt;Architekt;Architekt;Architekt;Architekt;Architekt;Architekt;;;;;;;;;;;Architekt
entity_0148;figur_0281;Ottilies Geburtstagsgesellschaft;u;;x;x;group;;;;;;;;;;;;;;;;;Geburtstagsgesellschaft;;;;;;;;;;;;;;;;;;;;;;
entity_0149;figur_0282;Freunde;u;;x;x;group;;;;;;;;;;;;;;;;;Freunde;;;;;;;;;;;;;;;;;;;;;;
entity_0150;figur_0283;Handelsleute im Kontakt mit Eduards Kammerdiener;u;;x;x;group;;;;;;;;;;;;;;;;;Handelsleute;;;;;;;;;;;;;;;;;;;;;;
entity_0151;figur_0285;tüchtige Meister;u;;x;x;group;;;;;;;;;;;;;;;;;Meister;;;;;;;;;;;;;;;;;;;;;;
entity_0152;figur_0286;Modehändler im Kontakt mit Eduards Kammerdiener;u;;x;x;group;;;;;;;;;;;;;;;;;Modehändler;;;;;;;;;;;;;;;;;;;;;;
entity_0153;figur_0287;Volk;u;;x;x;group;;;;;;;;;;;;;;;;;Volk;Volk;;;;;;;;;;;;;;;;;;;;;
entity_0154;figur_0288;Gäste auf Ottilies Geburtstagsfeier;u;;x;x;group;;;;;;;;;;;;;;;;;;Gäste;;;;;;;;;;;;;;;;;;;;;
entity_0155;figur_0289;Knabe (der bei Ottilies Geburtstagsfeier fast ertrinkt);m;;;;;;;;;;;;;;;;;;;;;;Knabe;;;;;;;;;;;;;;;;;;;;;
entity_0156;figur_0290;Zimmerleute;m;;x;x;group;;;;;;;;;;;;;;;;;;Zimmerleute;;;;;;;;;;;;;;;;;;;;;
entity_0157;figur_0291;Anwesende bei Geburtstagsfeier;u;;x;x;group;;;;;;;;;;;;;;;;;;Anwesende bei Geburtstagsfeier;;;;;;;;;;;;;;;;;;;;;
entity_0158;figur_0292;Chirurgus;m;;;;;;;;;;;;;;;;;;;;;;Chirurgus;;;;;;;;;;;;;;;;;Chirurg;;;;
entity_0159;figur_0293;Menge auf dem Damm bei Ottilies Geburtstagsfeier;u;;x;x;group;;;;;;;;;;;;;;;;;;Menge auf dem Damm;;;;;;;;;;;;;;;;;;;;;
entity_0160;figur_0294;Zimmergeselle;m;;;;;;;;;;;;;;;;;;;;;;Zimmergeselle;;;;;;;;;;;;;;;;;;;;;
entity_0161;figur_0295;flinkes Bauermädchen;f;;;;;;;;;;;;;;;;;;;;;;Bauermädchen;;;;;;;;;;;;;;;;;;;;;
entity_0162;figur_0296;Versinkende;u;;x;x;group;;;;;;;;;;;;;;;;;;Versinkende;;;;;;;;;;;;;;;;;;;;;
entity_0163;figur_0297;verständige Leute;u;;x;x;group;;;;;;;;;;;;;;;;;;verständige Leute;;;;;;;;;;;;;;;;;;;;;
entity_0164;figur_0298;jüngere Gesellschaft;u;;x;x;group;;;;;;;;;;;;;;;;;;jüngere Gesellschaft;;;;;;;;;;;;;;;;;;;;;
entity_0165;figur_0299;Menge bei Ottilies Geburtstagsfeier;u;;x;x;group;;;;;;;;;;;;;;;;;;Menge;;;;;;;;;;;;;;;;;;;;;
entity_0166;figur_0300;manche Geburtstagsgäste;u;;x;x;group;;;;;;;;;;;;;;;;;;manche Geburtstagsgäste;;;;;;;;;;;;;;;;;;;;;
entity_0167;figur_0301;Gerettete;u;;x;x;group;;;;;;;;;;;;;;;;;;Gerettete;;;;;;;;;;;;;;;;;;;;;
entity_0168;figur_0304;Frauen im Dorf;f;;x;x;group;;;;;;;;;;;;;;;;;;Frauen im Dorf;;;;;;;;;;;;;;;;;;;;;
entity_0169;figur_0305;Helfende;u;;x;x;group;;;;;;;;;;;;;;;;;;Helfende;;;;;;;;;;;;;;;;;;;;;
entity_0170;figur_0306;Feuerwerker;m;;;;;;;;;;;;;;;;;;;;;;Feuerwerker;;;;;;;;;;;;;;;;;;;;;
entity_0171;figur_0307;Entschlossene;u;;x;x;group;;;;;;;;;;;;;;;;;;Entschlossene;;;;;;;;;;;;;;;;;;;;;
entity_0172;figur_0309;Dekorateure;u;;x;x;group;;;;;;;;;;;;;;;;;;Dekorateure;;;;;;;;;;;;;;;;;;;;;
entity_0173;figur_0310;Tanzende;u;;x;x;group;;;;;;;;;;;;;;;;;;Tanzende;;;;;;;;;;;;;;;;;;;;;
entity_0174;figur_0311;Mädchen im Dorf;f;;x;x;group;;;;;;;;;;;;;;;;;;Mädchen im Dorf;;;;;;;;;;;;;;;;;;;;;
entity_0175;figur_0312;Stürzende;u;;x;x;group;;;;;;;;;;;;;;;;;;Stürzende;;;;;;;;;;;;;;;;;;;;;
entity_0176;figur_0313;einzelne Gerettete;u;;x;x;group;;;;;;;;;;;;;;;;;;einzelne Gerettete;;;;;;;;;;;;;;;;;;;;;
entity_0177;figur_0314;Zuschauer bei Feuerwerk;u;;x;x;group;;;;;;;;;;;;;;;;;;Zuschauer bei Feuerwerk;;;;;;;;;;;;;;;;;;;;;
entity_0178;figur_0315;ältere Gesellschaft;u;;x;x;group;;;;;;;;;;;;;;;;;;ältere Gesellschaft;;;;;;;;;;;;;;;;;;;;;
entity_0179;figur_0316;für Ottilie fremde Menschen;u;;entity_0181, x;Dame die Ottilie aufnehmen würde, x;group, nonfact;;;;;;;;;;;;;;;;;;;für Ottilie fremde Menschen;;;;;;;;;;;;;;;;;;;;
entity_0180;figur_0317;Eduards Kinder;u;;x;x;group;;;;;;;;;;;;;;;;;;;Eduards Kinder;;;;;;;;;;;;;;;;;;;;
entity_0181;figur_0318;Dame die Ottilie aufnehmen würde;f;;;;;;;;;;;;;;;;;;;;;;;Dame;;;;;;;;;;;;;;;;;;;;
entity_0182;figur_0319;Tochter der angesehenen Familie;f;;;;;;;;;;;;;;;;;;;;;;;Tochter der angesehenen Familie;;;;;;;;;;;;;;;;;;;;
entity_0183;figur_0322;Nanny;f;;;;;;;;;;;;;;;;;;;;;;;;Nanny;;;;;;;;;;;;Nanny;;;;Nanny;;Nanny;Nanny
entity_0184;figur_0323;Bauernknaben;m;;entity_0191, x;verständigster Knabe, x;group;;;;;;;;;;;;;;;;;;;;Knaben;;;;;;;;;;;;;;;;;;;
entity_0185;figur_0324;Mädchen des Dorfes;f;;entity_0183, x;Nanny, x;group;;;;;;;;;;;;;;;;;;;;Mädchen;;;;;;;;;;;;;;;;;;;
entity_0186;figur_0325;Männer;m;;;;;;;;;;;;;;;;;;;;;;;;Männer;;;;;;;;;;;;;;;;;;;
entity_0187;figur_0327;Eltern der Mädchen;u;;x;x;group;;;;;;;;;;;;;;;;;;;;Eltern der Mädchen;;;;;;;;;;;;;;;;;;;
entity_0188;figur_0328;Geschwister der Mädchen;u;;x;x;group;;;;;;;;;;;;;;;;;;;;Geschwister der mädchen;;;;;;;;;;;;;;;;;;;
entity_0189;figur_0329;Kartäuser;m;;x;x;group;;;;;;;;;;;;;;;;;;;;Kartäuser;;;;;;;;;;;;;;;;;;;
entity_0190;figur_0331;Obstgärtner;m;;x;x;group;;;;;;;;;;;;;;;;;;;;Obstgärtner;;;;;;;;;;;;;;;;;;;
entity_0191;figur_0333;verständigster Knabe;m;;;;;;;;;;;;;;;;;;;;;;;;verständigster Knabe;;;;;;;;;;;;;;;;;;;
entity_0192;figur_0334;Arzt;m;;;;;;;;;;;;;;;;;;;;;;;;;Arzt;;;;;;;;;;;;;;;;;;
entity_0193;figur_0337;Feldherr;m;;;;;;;;;;;;;;;;;;;;;;;;;Feldherr;;;;;;;;;;;;;;;;Feldherr;;
entity_0194;figur_0340;Bote;u;;;;;;Übereinstimmung mit vorherigen Boten wieder nicht klar;;;;;;;;;;;;;;;;;;;Bote;;;Bote;;;;;;;;;;;;;;;
entity_0195;figur_0342;Leser;u;;;;;;;;;;;;;;;;;;;;;;;;;Leser;Leser;;;;;;;;;;;;Leser;;;;Leser;Leser
entity_0196;figur_0343;Reiche;u;;x;x;group;;;;;;;;;;;;;;;;;;;;;Reiche;;;;;;;;;;;;;;;;;;
entity_0197;figur_0347;Arme;u;;x;x;group;;;;;;;;;;;;;;;;;;;;;Arme;;;;;;;;;;;;;;;;;;
entity_0198;figur_0349;Eduards Dienerschaft;u;;x;x;group;;Übereinstimmung zu vorherigen Bediensteten unklar;;;;;;;;;;;;;;;;;;;Eduards Dienerschaft;;;;;;;;;;;;;;;;;;
entity_0199;figur_0352;Otto;m;;;;;;;;;;;;;;;;;;;;;;;;;Ungeborenes Kind;;;;;;;;Charlottes Sohn;;Kind;Kind;Otto;Otto;Kind;Kind;;Kind;Otto
entity_0200;figur_0354;liebenswürdige Personen in der Nachbarschaft;u;;x;x;group;;;;;;;;;;;;;;;;;;;;;liebenswürdige Personen in der Nachbarschaft;;;;;;;;;;;;;;;;;;
entity_0201;figur_0355;potentieller zukünftiger Partner von Ottilie;m;;;;nonfact;;;;;;;;;;;;;;;;;;;;;potentieller zukünftiger Partner von Ottilie;;;;;;;;;;;;;;;;;;
entity_0202;figur_0356;junger Rechtsgelehrter;m;;;;;;;;;;;;;;;;;;;;;;;;;;junger Rechtsgelehrter;;;;;;;;;;;;;;;;;
entity_0203;figur_0357;Geistlicher;m;;;;;;;;;;;;;;;;;;;;;;;;;;Geistlicher;;;;;;;Geistlicher;;;;;;;;;;
entity_0204;figur_0364;benachbarte Familie;u;;entity_0208, x;benachbarter Edelmann, x;group;;;;;;;;;;;;;;;;;;;;;;benachbarte Familie;;;;;;;;;;;;;;;;;
entity_0205;figur_0376;missbilligende Gemeindeglieder;u;;x;x;group;;;;;;;;;;;;;;;;;;;;;;missbilligende Gemeindeglieder;;;;;;;;;;;;;;;;;
entity_0206;figur_0378;Prinzipal des jungen Rechtsgelehrten;m;;;;;;;;;;;;;;;;;;;;;;;;;;Prinzipal des jungen Rechtsgelehrten;;;;;;;;;;;;;;;;;
entity_0207;figur_0401;Verstorbene der benachbarten Familie;u;;x;x;group;;;;;;;;;;;;;;;;;;;;;;Verstorbene der benachbarten Familie;;;;;;;;;;;;;;;;;
entity_0208;figur_0410;benachbarter Edelmann;m;;;;;;;;;;;;;;;;;;;;;;;;;;benachbarter Edelmann;;;;;;;;;;;;;;;;;
entity_0209;figur_0412;Vorfahren der missbilligenden Gemeindeglieder;u;;x;x;group;;;;;;;;;;;;;;;;;;;;;;Vorfahren der missbilligenden Gemeindeglieder;;;;;;;;;;;;;;;;;
entity_0210;figur_0419;Figuren auf Malerei;u;;entity_0213, entity_0214, entity_0215, entity_0216, entity_0217, entity_0218;Greis auf Malerei, Knabe auf Malerei, Jüngling auf Malerei, Mann auf Malerei, Heiliger auf Malerei, Engel auf Malerei;group;Gemälde;Sonderfall: Personen auf Gemälde;;;;;;;;;;;;;;;;;;;;;Figuren auf Malerei;;;;;;;;;;;;;;;;
entity_0211;figur_0427;Einige Arbeiter von Hausbau;m;;x;x;group;;;;;;;;;;;;;;;;;;;;;;;Arbeiter;;;;;;;;;;;;;;;;
entity_0212;figur_0428;Baumeister;m;;;;;;;;;;;;;;;;;;;;;;;;;;;Baumeister;;;;;;;;;;;;;;;;
entity_0213;figur_0431;Engel auf Malerei;u;;;;;Gemälde;Sonderfall: Personen auf Gemälde;;;;;;;;;;;;;;;;;;;;;Engel auf Malerei;;;;;;;;;;;;;;;;
entity_0214;figur_0435;Greis auf Malerei;m;;;;;Gemälde;Sonderfall: Personen auf Gemälde;;;;;;;;;;;;;;;;;;;;;Greis auf Malerei;;;;;;;;;;;;;;;;
entity_0215;figur_0438;Knabe auf Malerei;m;;;;;Gemälde;Sonderfall: Personen auf Gemälde;;;;;;;;;;;;;;;;;;;;;Knabe auf Malerei;;;;;;;;;;;;;;;;
entity_0216;figur_0439;Mann auf Malerei;m;;;;;Gemälde;Sonderfall: Personen auf Gemälde;;;;;;;;;;;;;;;;;;;;;Mann auf Malerei;;;;;;;;;;;;;;;;
entity_0217;figur_0441;Heiliger auf Malerei;m;;;;;Gemälde;Sonderfall: Personen auf Gemälde;;;;;;;;;;;;;;;;;;;;;Heiliger auf Malerei;;;;;;;;;;;;;;;;
entity_0218;figur_0442;Jüngling auf Malerei;m;;;;;Gemälde;Sonderfall: Personen auf Gemälde;;;;;;;;;;;;;;;;;;;;;Jüngling auf Malerei;;;;;;;;;;;;;;;;
entity_0219;figur_0443;Nachkommen von Menschen für die der Architekt baut;u;;x;x;group;;;;;;;;;;;;;;;;;;;;;;;Nachkommen;;;;;;;;;;;;;;;;
entity_0220;figur_0447;Vorfahren von Menschen für die der Architekt gebaut hat;u;;x;x;group;;;;;;;;;;;;;;;;;;;;;;;Vorfahren;;;;;;;;;;;;;;;;
entity_0221;figur_0448;die meisten der Figuren auf Malerei;u;;x;x;group;;;;;;;;;;;;;;;;;;;;;;;die meisten der Figuren auf Malerei;;;;;;;;;;;;;;;;
entity_0222;figur_0459;Kriegsteilnehmer;m;;entity_0001, x;Eduard, x;group;;;;;;;;;;;;;;;;;;;;;;;;Kriegsteilnehmer;;;;;;;;;;;;;;;
entity_0223;figur_0470;gemalte Menschen in Kirche;u;;x;x;group;Gemälde;Sonderfall: Personen auf Gemälde;;;;;;;;;;;;;;;;;;;;;;gemalte Menschen in Kirche;;;;;;;;;;;;;;;
entity_0224;figur_0472;Lucianes Bräutigam;m;;;;;;;;;;;;;;;;;;;;;;;;;;;;;Bräutigam;Bräutigam;;;;;;;;;;;;;
entity_0225;figur_0473;Kavalier aus Lucianes Gefolge;m;;;;;;;;;;;;;;;;;;;;;;;;;;;;;Kavalier;;;;;;;;;;;;;;
entity_0226;figur_0476;Gäste;u;;entity_0224, entity_0143, x;Bräutigam, Großtante, x;group;;;;;;;;;;;;;;;;;;;;;;;;;Gäste;;;;;;;;;;;;;;
entity_0227;figur_0478;Jugend in Lucianes Gesellschaft;u;;x;x;group;;;;;;;;;;;;;;;;;;;;;;;;;Jugend in Lucianes Gesellschaft;;;;;;;;;;;;;;
entity_0228;figur_0479;Lucianes Gesellschaft;u;;entity_0224, entity_0143, x;Bräutigam, Großtante, x;group;;;;;;;;;;;;;;;;;;;;;;;;;Lucianes Gesellschaft;Lucianes Gesellschaft;;;;;;;;;;;;;
entity_0229;figur_0480;bejahrter Mann;m;;;;;;;;;;;;;;;;;;;;;;;;;;;;;bejahrter Mann;;;;;;;;;;;;;;
entity_0230;figur_0481;Lucianes Gäste;u;;entity_0224, entity_0143, x;Bräutigam, Großtante, x;group;;;;;;;;;;;;;;;;;;;;;;;;;Lucianes Gäste;;;;;;;;;;;;;;
entity_0231;figur_0483;höhergestellte Männer in Lucianes Gesellschaft;m;;x;x;group;;;;;;;;;;;;;;;;;;;;;;;;;höhergestellte Männer;;;;;;;;;;;;;;
entity_0232;figur_0484;noch bewegliche Personen;u;;x;x;group;;;;;;;;;;;;;;;;;;;;;;;;;noch bewegliche Personen;;;;;;;;;;;;;;
entity_0233;figur_0485;Kammermädchen;f;;x;x;group;;Evtl. Charlottes Kammermädchen als member;;;;;;;;;;;;;;;;;;;;;;;Kammermädchen;;;;;;;;;;;;;;
entity_0234;figur_0487;einige ältere Personen;u;;x;x;group;;;;;;;;;;;;;;;;;;;;;;;;;einige ältere Personen;;;;;;;;;;;;;;
entity_0235;figur_0489;Nachbarschaft;u;;x;x;group;;;;;;;;;;;;;;;;;;;;;;;;;Nachbarschaft;;;;;;;;;;;;;;
entity_0236;figur_0491;Einer von Lucianes Verehrern;m;;;;;;;;;;;;;;;;;;;;;;;;;;;;;Verehrer;;;;;;;;;;;;;;
entity_0237;figur_0497;Gruppe Lucianes Verehrer und Adjutanten;m;;entity_0236, x;Verehrer, x;group;;;;;;;;;;;;;;;;;;;;;;;;;Gruppe Lucianes Verehrer und Adjutanten;;;;;;;;;;;;;;
entity_0238;figur_0498;Gesellschaft außer Luciane;u;;x;x;group;;;;;;;;;;;;;;;;;;;;;;;;;Gesellschaft außer Luciane;;;;;;;;;;;;;;
entity_0239;figur_0504;Fischer;m;;x;x;group;;;;;;;;;;;;;;;;;;;;;;;;;Fischer;;;;;;;;;;;;;;
entity_0240;figur_0505;Bekannte von Luciane;u;;x;x;group;;;;;;;;;;;;;;;;;;;;;;;;;Bekannte von Luciane;;;;;;;;;;;;;;
entity_0241;figur_0506;Bediente;m;;x;x;group;;Übereinstimmung mit obigen Bedientengruppen unklar;;;;;;;;;;;;;;;;;;;;;;;Bediente;;;;;;;;;;;;;;
entity_0242;figur_0508;Dings;m;;;;;;;;;;;;;;;;;;;;;;;;;;;;;Dings;;;;;;;;;;;;;;
entity_0243;figur_0511;Lucianes Leute;u;;x;x;group;;;;;;;;;;;;;;;;;;;;;;;;;Lucianes Leute;;;;;;;;;;;;;;
entity_0244;figur_0512;Künstler (Maler der Affenbilder);m;;;;;;;;;;;;;;;;;;;;;;;;;;;;;Künstler;;;;;;;;;;;;;;
entity_0245;figur_0514;Krämer;m;;x;x;group;;;;;;;;;;;;;;;;;;;;;;;;;Krämer;;;;;;;;;;;;;;
entity_0246;figur_0516;Galanteriehändler M;m;;;;;;;;;;;;;;;;;;;;;;;;;;;;;Galanteriehändler M;;;;;;;;;;;;;;
entity_0247;figur_0518;Gesellschaft im Haus von Lucianes Tante;u;;x;x;group;;;;;;;;;;;;;;;;;;;;;;;;;Gesellschaft im Haus von Lucianes Tante;;;;;;;;;;;;;;
entity_0248;figur_0519;Geschäftsträger des Bräutigams;m;;;;;;;;;;;;;;;;;;;;;;;;;;;;;Geschäftsträger;;;;;;;;;;;;;;
entity_0249;figur_0520;Gärtner;m;;x;x;group;;;;;;;;;;;;;;;;;;;;;;;;;Gärtner;;;;;;;;;;;;;Gärtner;
entity_0250;figur_0523;Jäger;m;;x;x;group;;;;;;;;;;;;;;;;;;;;;;;;;Jäger;;;;;;;;;;;;;;
entity_0251;figur_0524;Freundinnen;f;;x;x;group;;;;;;;;;;;;;;;;;;;;;;;;;Freundinnen;;;;;;;;;;;;;;
entity_0252;figur_0526;Pfarrer S;m;;;;;;;;;;;;;;;;;;;;;;;;;;;;;Pfarrer S;;;;;;;;;;;;;;
entity_0253;figur_0528;Ottilies Untergebene;u;;x;x;group;;;;;;;;;;;;;;;;;;;;;;;;;Ottilies Untergebene;;;;;;;;;;;;;;
entity_0254;figur_0529;Onkel;m;;;;;;;;;;;;;;;;;;;;;;;;;;;;;Onkel;;;;;;;;;;;;;;
entity_0255;figur_0531;Pagen;m;;x;x;group;;;;;;;;;;;;;;;;;;;;;;;;;Pagen;;;;;;;;;;;;;;
entity_0256;figur_0535;junges Frauenzimmer;f;;;;;;;;;;;;;;;;;;;;;;;;;;;;;junges Frauenzimmer;;;;;;;;;;;;;;
entity_0257;figur_0538;Ältester in der Gesellschaft;m;;;;;;;;;;;;;;;;;;;;;;;;;;;;;Ältester in der Gesellschaft;;;;;;;;;;;;;;
entity_0258;figur_0539;älteste Personen;u;;x;x;group;;;;;;;;;;;;;;;;;;;;;;;;;älteste Personen;;;;;;;;;;;;;;
entity_0259;figur_0540;junger Mann;m;;;;;;;;;;;;;;;;;;;;;;;;;;;;;;junger Mann;;;;;;;;;;;;;
entity_0260;figur_0541;Dichter aus Lucianes Gesellschaft;m;;;;;;;;;;;;;;;;;;;;;;;;;;;;;;Dichter;;;;;;;;;;;;;
entity_0261;figur_0545;Ehrenmann;m;;;;;;;;;;;;;;;;;;;;;;;;;;;;;;Ehrenmann;;;;;;;;;;;;;
entity_0262;figur_0547;Darstellende;u;;x;x;group;;;;;;;;;;;;;;;;;;;;;;;;;;Darstellende;;;;;;;;;;;;;
entity_0263;figur_0548;Lucianes Gäste;u;;x;x;group;;;;;;;;;;;;;;;;;;;;;;;;;;Lucianes Gäste;;;;;;;;;;;;;
entity_0264;figur_0549;Schwarm;u;;x;x;group;;;;;;;;;;;;;;;;;;;;;;;;;;Schwarm;;;;;;;;;;;;;
entity_0265;figur_0550;Tochter im Bild;f;;;;;lebendes Gemälde;Sonderfall: Dargestellte Personen auf Lebendbild;;;;;;;;;;;;;;;;;;;;;;;;Tochter im Bild;;;;;;;;;;;;;
entity_0266;figur_0551;junges Weibchen;f;;;;;lebendes Gemälde;Sonderfall: Dargestellte Personen auf Lebendbild;;;;;;;;;;;;;;;;;;;;;;;;junges Weibchen;;;;;;;;;;;;;
entity_0267;figur_0554;edler Vater im Bild;m;;;;;lebendes Gemälde;Sonderfall: Dargestellte Personen auf Lebendbild;;;;;;;;;;;;;;;;;;;;;;;;edler Vater;;;;;;;;;;;;;
entity_0268;figur_0555;Hofmann;m;;;;;;;;;;;;;;;;;;;;;;;;;;;;;;Hofmann;;;;;;;;;;;;;
entity_0269;figur_0557;Mutter im Bild;f;;;;;lebendes Gemälde;Sonderfall: Dargestellte Personen auf Lebendbild;;;;;;;;;;;;;;;;;;;;;;;;Mutter im Bild;;;;;;;;;;;;;
entity_0270;figur_0560;große Gesellschaft;u;;x;x;group;;;;;;;;;;;;;;;;;;;;;;;;;;große Gesellschaft;;;;;;;;;;;;;
entity_0271;figur_0563;blinder General;m;;;;;;;;;;;;;;;;;;;;;;;;;;;;;;blinder General;;;;;;;;;;;;;
entity_0272;figur_0564;drei Brüder;m;;x;x;group;;;;;;;;;;;;;;;;;;;;;;;;;;drei Brüder;;;;;;;;;;;;;
entity_0273;figur_0565;alte Gatten;m;;x;x;group;;;;;;;;;;;;;;;;;;;;;;;;;;alte Gatten;;;;;;;;;;;;;
entity_0274;figur_0566;Frauen;f;;x;x;group;;;;;;;;;;;;;;;;;;;;;;;;;;Frauen;;;;;;;;;;;;;
entity_0275;figur_0567;Menschen die Luciane gewinnt;u;;x;x;group;;;;;;;;;;;;;;;;;;;;;;;;;;Menschen die Luciane gewinnt;;;;;;;;;;;;;
entity_0276;figur_0571;wohlgestaltete Personen;u;;x;x;group;;;;;;;;;;;;;;;;;;;;;;;;;;wohlgestaltete Personen;;;;;;;;;;;;;
entity_0277;figur_0572;Krieger;m;;;;;lebendes Gemälde;Sonderfall: Dargestellte Personen auf Lebendbild;;;;;;;;;;;;;;;;;;;;;;;;Krieger;;;;;;;;;;;;;
entity_0278;figur_0575;Frauenzimmer das Luciane zu ärmlich gekleidet scheint;f;;;;;;;;;;;;;;;;;;;;;;;;;;;;;;Frauenzimmer;;;;;;;;;;;;;
entity_0279;figur_0577;Darstellerin der Mutter im Bild;f;;;;;;;;;;;;;;;;;;;;;;;;;;;;;;Darstellerin der Mutter im Bild;;;;;;;;;;;;;
entity_0280;figur_0578;König im Bild;m;;;;;lebendes Gemälde;Sonderfall: Dargestellte Personen auf Lebendbild;;;;;;;;;;;;;;;;;;;;;;;;König im Bild;;;;;;;;;;;;;
entity_0281;figur_0579;Darsteller des edlen Vaters;m;;;;;;;;;;;;;;;;;;;;;;;;;;;;;;Darsteller des edlen Vaters;;;;;;;;;;;;;
entity_0282;figur_0584;Einer aus Lucianes Gefolge;m;;;;;;;;;;;;;;;;;;;;;;;;;;;;;;Einer aus Lucianes Gefolge;;;;;;;;;;;;;
entity_0283;figur_0587;Offiziere von entfernten Garnisonen;m;;entity_0300, entity_0314;gebildete Offiziere, rohere Offiziere;group;;;;;;;;;;;;;;;;;;;;;;;;;;Offiziere;;;;;;;;;;;;;
entity_0284;figur_0588;Zuschauer;u;;x;x;group;;;;;;;;;;;;;;;;;;;;;;;;;;Zuschauer;;;;;;;;;;;;;
entity_0285;figur_0589;Männer;m;;x;x;group;;;;;;;;;;;;;;;;;;;;;;;;;;Männer;;;;;;;;;;;;;
entity_0286;figur_0590;Mädchen;f;;x;x;group;;;;;;;;;;;;;;;;;;;;;;;;;;Mädchen;;;;;;;;;;;;;
entity_0287;figur_0591;junge Eheleute;fm;;x;x;group;;;;;;;;;;;;;;;;;;;;;;;;;;junge Eheleute;;;;;;;;;;;;;
entity_0288;figur_0593;Männer bei Lucianes Ausflügen;m;;x;x;group;;;;;;;;;;;;;;;;;;;;;;;;;;Männer bei Lucianes Ausflügen;;;;;;;;;;;;;
entity_0289;figur_0594;Maler;m;;x;x;group;;;;;;;;;;;;;;;;;;;;;;;;;;Maler;;;;;;;;;;;;;
entity_0290;figur_0597;Hofleute Lucianes;u;;entity_0268, x;Hofmann, x;group;;;;;;;;;;;;;;;;;;;;;;;;;;Hofleute Lucianes;;;;;;;;;;;;;
entity_0291;figur_0600;Frauensperson;f;;;;;;;;;;;;;;;;;;;;;;;;;;;;;;Frauensperson;;;;;;;;;;;;;
entity_0292;figur_0601;Bedienten;u;;x;x;group;;;;;;;;;;;;;;;;;;;;;;;;;;Bedienten;;;;;;;;;;;;;
entity_0293;figur_0602;Belisar;m;;;;;lebendes Gemälde;Sonderfall: Dargestellte Personen auf Lebendbild;;;;;;;;;;;;;;;;;;;;;;;;Belisar;;;;;;;;;;;;;Belisar
entity_0294;figur_0603;Alte;u;;;;;lebendes Gemälde;Sonderfall: Dargestellte Personen auf Lebendbild;;;;;;;;;;;;;;;;;;;;;;;;Alte;;;;;;;;;;;;;
entity_0295;figur_0604;Ahasverus;m;;;;;lebendes Gemälde;Sonderfall: Dargestellte Personen auf Lebendbild;;;;;;;;;;;;;;;;;;;;;;;;Ahasverus;;;;;;;;;;;;;
entity_0296;figur_0606;Esther;f;;;;;lebendes Gemälde;Sonderfall: Dargestellte Personen auf Lebendbild;;;;;;;;;;;;;;;;;;;;;;;;Esther;;;;;;;;;;;;;
entity_0297;figur_0608;Gesellschaft Lucianes;u;;x;x;group;;;;;;;;;;;;;;;;;;;;;;;;;;Gesellschaft Lucianes;;;;;;;;;;;;;
entity_0298;figur_0610;Kinder;u;;x;x;group;;;;;;;;;;;;;;;;;;;;;;;;;;Kinder;;;;;;;;;;;;;
entity_0299;figur_0611;Kind;u;;;;;;;;;;;;;;;;;;;;;;;;;;;;;;Kind;;;;;;;;;;;;;
entity_0300;figur_0615;gebildete Offiziere;m;;x;x;group;;;;;;;;;;;;;;;;;;;;;;;;;;gebildete Offiziere;;;;;;;;;;;;;
entity_0301;figur_0617;alter Mann;m;;;;;;;;;;;;;;;;;;;;;;;;;;;;;;alter Mann;;;;;;;;;;;;;
entity_0302;figur_0619;Wille;m;;;;;;;;;;;;;;;;;;;;;;;;;;;;;;Wille;;;;;;;;;;;;;
entity_0303;figur_0620;Vornehmere;u;;x;x;group;;;;;;;;;;;;;;;;;;;;;;;;;;Vornehmere;;;;;;;;;;;;;
entity_0304;figur_0621;Zivilisten;u;;x;x;group;;;;;;;;;;;;;;;;;;;;;;;;;;Zivilisten;;;;;;;;;;;;;
entity_0305;figur_0622;alle;u;;x;x;group;;;;;;;;;;;;;;;;;;;;;;;;;;alle;;;;;;;;;;;;;
entity_0306;figur_0624;Notleidende;u;;x;x;group;;;;;;;;;;;;;;;;;;;;;;;;;;Notleidende;;;;;;;;;;;;;
entity_0307;figur_0625;Männer von Stand und Sitten;m;;x;x;group;;;;;;;;;;;;;;;;;;;;;;;;;;Männer von Stand und Sitten;;;;;;;;;;;;;
entity_0308;figur_0626;Noterben;u;;x;x;group, nonfact;;;;;;;;;;;;;;;;;;;;;;;;;;Noterben;;;;;;;;;;;;;
entity_0309;figur_0627;Poussin;m;;;;;;;;;;;;;;;;;;;;;;;;;;;;;;Poussin;;;;;;;;;;;;;
entity_0310;figur_0629;Terburg;m;;;;;;;;;;;;;;;;;;;;;;;;;;;;;;Terburg;;;;;;;;;;;;;
entity_0311;figur_0631;munterer Mann;m;;;;;;;;;;;;;;;;;;;;;;;;;;;;;;munterer Mann;;;;;;;;;;;;;
entity_0312;figur_0632;junge Frau;f;;;;;;;;;;;;;;;;;;;;;;;;;;;;;;junge Frau;;;;;;;;;;;;;
entity_0313;figur_0636;unbehülfliche Riesin;f;;;;;;;;;;;;;;;;;;;;;;;;;;;;;;unbehülfliche Riesin;;;;;;;;;;;;;
entity_0314;figur_0637;rohere Offiziere;m;;x;x;group;;;;;;;;;;;;;;;;;;;;;;;;;;rohere Offiziere;;;;;;;;;;;;;
entity_0315;figur_0638;schönster Mann der Gesellschaft;m;;;;;;;;;;;;;;;;;;;;;;;;;;;;;;schönster Mann der Gesellschaft;;;;;;;;;;;;;
entity_0316;figur_0640;van Dyck;m;;;;;;;;;;;;;;;;;;;;;;;;;;;;;;van Dyck;;;;;;;;;;;;;
entity_0317;figur_0641;ungeduldiger Vogel;m;;;;;;;;;;;;;;;;;;;;;;;;;;;;;;ungeduldiger Vogel;;;;;;;;;;;;;
entity_0318;figur_0643;wohlgebauter Mann;m;;;;;;;;;;;;;;;;;;;;;;;;;;;;;;wohlgebauter Mann;;;;;;;;;;;;;
entity_0319;figur_0644;Ältere;u;;x;x;group;;;;;;;;;;;;;;;;;;;;;;;;;;Ältere;;;;;;;;;;;;;
entity_0320;figur_0645;ältere Personen;u;;x;x;group;;;;;;;;;;;;;;;;;;;;;;;;;;ältere Personen;;;;;;;;;;;;;
entity_0321;figur_0646;übrige Gesellschaft;u;;x;x;group;;;;;;;;;;;;;;;;;;;;;;;;;;übrige Gesellschaft;;;;;;;;;;;;;
entity_0322;figur_0647;Tochter des angesehenen Hauses;f;;;;;;;;;;;;;;;;;;;;;;;;;;;;;;;Tochter des angesehenen Hauses;;;;;;;;;Erbtochter des reichen Hauses;;;
entity_0323;figur_0648;bunte Gesellschaft;u;;x;x;group;;;;;;;;;;;;;;;;;;;;;;;;;;;bunte Gesellschaft;;;;;;;;;;;;
entity_0324;figur_0649;Jesus-Kind;m;;;;;lebendes Gemälde;;;;;;;;;;;;;;;;;;;;;;;;;;Jesus-Kind;;;;;;;;;;;;
entity_0325;figur_0650;Mutter Gottes;f;;;;;lebendes Gemälde;dargestellt von Ottilie;;;;;;;;;;;;;;;;;;;;;;;;;Mutter Gottes;;;;;;;;;;;;
entity_0326;figur_0656;Familienmitglieder der Tochter des angesehenen Hauses;u;;entity_0337, x;Eltern der Tochter des angesehenen Hauses, x;group;;;;;;;;;;;;;;;;;;;;;;;;;;;Familienmitglieder der Tochter des angesehenen Hauses;;;;;;;;;;;;
entity_0327;figur_0657;Hirten;m;;x;x;group;lebendes Gemälde;zugleich Darsteller;;;;;;;;;;;;;;;;;;;;;;;;;Hirten;;;;;;;;;;;;
entity_0328;figur_0659;Engel;o;;x;x;group;lebendes Gemälde;zugleich Darsteller;;;;;;;;;;;;;;;;;;;;;;;;;Engel;;;;;;;;;;;;
entity_0329;figur_0660;Volk;u;;x;x;group;lebendes Gemälde;zugleich Darsteller;;;;;;;;;;;;;;;;;;;;;;;;;Volk;;;;;;;;;;;;
entity_0330;figur_0661;Jüngeres Geschwister;u;;;;;;;;;;;;;;;;;;;;;;;;;;;;;;;Jüngeres Geschwister;;;;;;;;;;;;
entity_0331;figur_0663;angesehene Familie;u;;entity_0330, entity_0322, entity_0326;Jüngeres Geschwister, Tochter des angesehenen Hauses, Familienmitglieder der Tochter des angesehenen Hauses;group;;;;;;;;;;;;;;;;;;;;;;;;;;;angesehene Familie;;;;;;;;;reiches Haus;;;
entity_0332;figur_0664;die die Ohnmächtige Begleitenden;u;;entity_0006, x;Ottilie, x;group;;;;;;;;;;;;;;;;;;;;;;;;;;;die die Ohnmächtige Begleitenden;;;;;;;;;;;;
entity_0333;figur_0665;Hausgenossen;u;;x;x;group;;;;;;;;;;;;;;;;;;;;;;;;;;;Hausgenossen;;;;;;;;;;;;
entity_0334;figur_0666;Hirtinnen;f;;x;x;group;lebendes Gemälde;;;;;;;;;;;;;;;;;;;;;;;;;;Hirtinnen;;;;;;;;;;;;
entity_0335;figur_0669;Alle in Charlottes Umgebung;u;;x;x;group;;;;;;;;;;;;;;;;;;;;;;;;;;;Alle in Charlottes Umgebung;;;;;;;;;;;;
entity_0336;figur_0670;Freunde des Architekten;u;;x;x;group;;;;;;;;;;;;;;;;;;;;;;;;;;;Freunde des Architekten;;;;;;;;;;;;
entity_0337;figur_0672;Eltern der Tochter des angesehenen Hauses;mf;;x;x;group;;;;;;;;;;;;;;;;;;;;;;;;;;;Eltern der Tochter des angesehenen Hauses;;;;;;;;;;;;
entity_0338;figur_0674;Figuren im Bild;u;;entity_0324, entity_0325, entity_0334, entity_0339, entity_0340, entity_0343, entity_0329, entity_0328;Mutter Gottes, Jesus-Kind, Hirtinnen, Hirten, Mädchen, Knaben, Könige, Volk, Engel;group;lebendes Gemälde;zugleich Darsteller;;;;;;;;;;;;;;;;;;;;;;;;;Figuren im Bild;;;;;;;;;;;;
entity_0339;figur_0675;Knaben;m;;x;x;group;lebendes Gemälde;zugleich Darsteller;;;;;;;;;;;;;;;;;;;;;;;;;Knaben;;;;;;;;;;;;
entity_0340;figur_0677;Mädchen;f;;x;x;group;lebendes Gemälde;zugleich Darsteller;;;;;;;;;;;;;;;;;;;;;;;;;Mädchen;;;;;;;;;;;;
entity_0341;figur_0678;Mehrere Familienmitglieder;u;;x;x;group;;;;;;;;;;;;;;;;;;;;;;;;;;;Mehrere Familienmitglieder;;;;;;;;;;;;
entity_0342;figur_0679;Menge;u;;x;x;group;;;;;;;;;;;;;;;;;;;;;;;;;;;Menge;;;;;;;;;;;;
entity_0343;figur_0682;Könige;m;;x;x;group;lebendes Gemälde;;;;;;;;;;;;;;;;;;;;;;;;;;Könige;;;;;;;;;;;;
entity_0344;figur_0684;Zuschauende;u;;x;x;group;;;;;;;;;;;;;;;;;;;;;;;;;;;Zuschauende;;;;;;;;;;;;
entity_0345;figur_0685;Von Luciane besuchte Familien;u;;entity_0331, x;angesehene Familie, x;group;;;;;;;;;;;;;;;;;;;;;;;;;;;Von Luciane besuchte Familien;;;;;;;;;;;;
entity_0346;figur_0686;Vorstellende;u;;entity_0006, entity_0347, x;Ottilie, schöner Knabe, x;group;;;;;;;;;;;;;;;;;;;;;;;;;;;Vorstellende;;;;;;;;;;;;
entity_0347;figur_0688;schöner Knabe;m;;;;;;Darsteller des Jesus-Kindes beim lebenden Gemälde;;;;;;;;;;;;;;;;;;;;;;;;;schöner Knabe;;;;;;;;;;;;
entity_0348;figur_0690;Ältere Figuren;u;;x;x;group;lebendes Gemälde;;;;;;;;;;;;;;;;;;;;;;;;;;Ältere Figuren;;;;;;;;;;;;
entity_0349;figur_0692;Ottilies Zöglinge;u;;entity_0183, x;Nanny, x;group;;;;;;;;;;;;;;;;;;;;;;;;;;;;Ottilies Zöglinge;;;;;;;;;;;
entity_0350;figur_0707;Gehülfes Zöglinge;u;;x;x;group, nonfact;;;;;;;;;;;;;;;;;;;;;;;;;;;;Gehülfes Zöglinge;;;;;;;;;;;
entity_0351;figur_0708;Gehülfin;f;;;;nonfact;;;;;;;;;;;;;;;;;;;;;;;;;;;;Gehülfin;;;;;;;;;;;
entity_0352;figur_0709;von Ottilie erzogenes Mädchen;f;;;;nonfact;;;;;;;;;;;;;;;;;;;;;;;;;;;;von Ottilie erzogenes Mädchen;;;;;;;;;;;
entity_0353;figur_0719;Person die Vorstand der Pension übernehmen könnte;u;;;;nonfact;;;;;;;;;;;;;;;;;;;;;;;;;;;;Person die Vorstand der Pension übernehmen könnte;;;;;;;;;;;
entity_0354;figur_0728;Ottilies Mädchen;f;;x;x;group;;;;;;;;;;;;;;;;;;;;;;;;;;;;Ottilies Mädchen;;;;;;;;;;;
entity_0355;figur_0729;Eltern eines von Ottilie erzogenen Mädchens;mf;;x;x;group, nonfact;;;;;;;;;;;;;;;;;;;;;;;;;;;;Eltern eines von Ottilie erzogenen Mädchens;;;;;;;;;;;
entity_0356;figur_0733;Humboldt;m;;;;;;;;;;;;;;;;;;;;;;;;;;;;;;;;Humboldt;;;;;;;;;;;
entity_0357;figur_0735;hypothetischer Gatte eines von Ottilie erzogenen Mädchens;m;;;;nonfact;;;;;;;;;;;;;;;;;;;;;;;;;;;;Gatte eines von Ottilie erzogenen Mädchens;;;;;;;;;;;
entity_0358;figur_0743;Mitarbeiter der Pension;m;;x;x;group;;unklarer Overlap zu Gruppen in chapter 6;;;;;;;;;;;;;;;;;;;;;;;;;;Mitarbeiter der Pension;;;;;;;;;;;
entity_0359;figur_0744;Mitarbeiterinnen der Pension;f;;x;x;group;;unklarer Overlap zu Gruppen in chapter 6;;;;;;;;;;;;;;;;;;;;;;;;;;Mitarbeiterinnen der Pension;;;;;;;;;;;
entity_0360;figur_0750;Schülerinnen in der Pension;f;;x;x;group;;andere Gruppe als Schülerinnen in chapter 6, da neue Generation und Ottilie, Luciane nicht mehr da;;;;;;;;;;;;;;;;;;;;;;;;;;Schülerinnen in der Pension;;;;;;;;;;;
entity_0361;figur_0751;jüngere Geschwister unter Ottilies Zöglingen;u;;x;x;group;;;;;;;;;;;;;;;;;;;;;;;;;;;;jüngere Geschwister;;;;;;;;;;;
entity_0362;figur_0753;ältere Geschwister unter Ottilies Zöglingen;u;;x;x;group;;;;;;;;;;;;;;;;;;;;;;;;;;;;ältere Geschwister;;;;;;;;;;;
entity_0363;figur_0756;Frauen um Charlotte;f;;entity_0006, x;Ottilie, x;group;;;;;;;;;;;;;;;;;;;;;;;;;;;;;Frauen um Charlotte;;;;;;;;;;
entity_0364;figur_0757;Taufgemeinde;u;;;;;;;;;;;;;;;;;;;;;;;;;;;;;;;;;Taufgemeinde;;;;;;;;;;
entity_0365;figur_0763;Freunde von Charlotte;u;;entity_0021, x;Mittler, x;group;;;;;;;;;;;;;;;;;;;;;;;;;;;;;Freunde von Charlotte;;;;;;;;;;
entity_0366;figur_0766;Öffentlichkeit;u;;x;x;group;;;;;;;;;;;;;;;;;;;;;;;;;;;;;Öffentlichkeit;;;;;;;;;;
entity_0367;figur_0768;Anwesende bei Taufe;u;;x;x;group;;;;;;;;;;;;;;;;;;;;;;;;;;;;;Anwesende;;;;;;;;;;
entity_0368;figur_0770;Mittlers Kundschafter;u;;x;x;group;;;;;;;;;;;;;;;;;;;;;;;;;;;;;Mittlers Kundschafter;;;;;;;;;;
entity_0369;figur_0771;Menschen in Ottilies Traum;u;;x;x;group, nonfact;;;;;;;;;;;;;;;;;;;;;;;;;;;;;Menschen in Ottilies Traum;;;;;;;;;;
entity_0370;figur_0775;Kirchdiener;m;;;;;;;;;;;;;;;;;;;;;;;;;;;;;;;;;Kirchdiener;;;;;;;;;;
entity_0371;figur_0776;Simeon;m;;;;;;;;;;;;;;;;;;;;;;;;;;;;;;;;;Simeon;;;;;;;;;;
entity_0372;figur_0788;Handelsgärtner;m;;x;x;group;;;;;;;;;;;;;;;;;;;;;;;;;;;;;;Handelsgärtner;;;;;;;;;
entity_0373;figur_0795;Mädchen in der Nachbarskinder-Novelle;f;entity_0411;;;;;;;;;;;;;;;;;;;;;;;;;;;;;;;;;;Mädchen;;;;;;;;
entity_0374;figur_0796;Knabe in der Nachbarskinder-Novelle;m;entity_0003;;;;;possible_identitiy_with, eigentlich handelt es sich bei dem Hauptmann tatsächlich um den Knaben aus der Geschichte, aber Geschichte als übertrieben usw. markiert;;;;;;;;;;;;;;;;;;;;;;;;;;;;;Knabe;;;;;;;;
entity_0375;figur_0797;Lord;m;;;;;;;;;;;;;;;;;;;;;;;;;;;;;;;;;;;Lord;Lord;;;;;;;
entity_0376;figur_0798;Bräutigam des Mädchens in der Novelle;m;;;;;;;;;;;;;;;;;;;;;;;;;;;;;;;;;;;Bräutigam des Mädchens;;;;;;;;
entity_0377;figur_0799;Begleiter des Lords;m;;;;;;;;;;;;;;;;;;;;;;;;;;;;;;;;;;;Begleiter des Lords;Begleiter;;;;;;;
entity_0378;figur_0802;Familienkreis;u;;x;x;group;;;;;;;;;;;;;;;;;;;;;;;;;;;;;;;Familienkreis;;;;;;;;
entity_0379;figur_0803;Schiffsmeister;u;;;;;;;;;;;;;;;;;;;;;;;;;;;;;;;;;;;Schiffsmeister;;;;;;;;
entity_0380;figur_0805;Sohn des Lords;m;;;;;;;;;;;;;;;;;;;;;;;;;;;;;;;;;;;Sohn des Lords;;;;;;;;
entity_0381;figur_0806;Bewohner des Hauses;u;;x;x;group;;;;;;;;;;;;;;;;;;;;;;;;;;;;;;;Bewohner des Hauses;;;;;;;;
entity_0382;figur_0807;Maler;u;;;;;;;;;;;;;;;;;;;;;;;;;;;;;;;;;;;Maler;;;;;;;;
entity_0383;figur_0810;Knaben;m;;x;x;group;;;;;;;;;;;;;;;;;;;;;;;;;;;;;;;Knaben;;;;;;;;
entity_0384;figur_0812;Menschen in der Umgebung des Mädchens;u;;x;x;group;;;;;;;;;;;;;;;;;;;;;;;;;;;;;;;Menschen in der Umgebung des Mädchens;;;;;;;;
entity_0386;figur_0814;Landmann;m;;;;;;;;;;;;;;;;;;;;;;;;;;;;;;;;;;;Landmann;;;;;;;;
entity_0387;figur_0817;Bekannte;u;;x;x;group;;;;;;;;;;;;;;;;;;;;;;;;;;;;;;;Bekannte;;;;;;;;
entity_0388;figur_0819;Leute des Lords;u;;x;x;group;;;;;;;;;;;;;;;;;;;;;;;;;;;;;;;Leute des Lords;;;;;;;;
entity_0389;;Mutter des Knaben in der Novelle;f;;;;;;;;;;;;;;;;;;;;;;;;;;;;;;;;;;;Mutter des Knaben;;;;;;;;
entity_0390;;Mutter des Mädchens in der Novelle;f;;;;;;;;;;;;;;;;;;;;;;;;;;;;;;;;;;;Mutter des Mädchens;;;;;;;;
entity_0391;;Vater des Knaben in der Novelle;m;;;;;;;;;;;;;;;;;;;;;;;;;;;;;;;;;;;Vater des Knaben;;;;;;;;
entity_0392;;Vater des Mädchens in der Novelle;m;;;;;;;;;;;;;;;;;;;;;;;;;;;;;;;;;;;Vater des Mädchens;;;;;;;;
entity_0393;figur_0821;Freunde;u;;x;x;group;;;;;;;;;;;;;;;;;;;;;;;;;;;;;;;Freunde;;;;;;;;
entity_0394;figur_0823;Frauen vor denen Bräutigam das Mädchen bevorzugt;f;;x;x;group;;;;;;;;;;;;;;;;;;;;;;;;;;;;;;;Vielen;;;;;;;;
entity_0395;figur_0827;Verwandte;u;;x;x;group;;;;;;;;;;;;;;;;;;;;;;;;;;;;;;;Verwandte;;;;;;;;
entity_0396;figur_0829;Jäger;m;;x;x;group;;;;;;;;;;;;;;;;;;;;;;;;;;;;;;;Jäger;;;;;;;;
entity_0397;figur_0830;Gäste bei der geplanten Hochzeit;u;;x;x;group, nonfact;;;;;;;;;;;;;;;;;;;;;;;;;;;;;;;Gäste bei der geplanten Hochzeit;;;;;;;;
entity_0398;figur_0831;Gönner des Knaben;u;;x;x;group;;;;;;;;;;;;;;;;;;;;;;;;;;;;;;;Gönner des Knaben;;;;;;;;
entity_0399;figur_0832;Fahrende im Wagen;u;;entity_0386, x;Landmann, x;group;;;;;;;;;;;;;;;;;;;;;;;;;;;;;;;Fahrende im Wagen;;;;;;;;
entity_0400;figur_0833;Familie des Lords;u;;entity_0380, x;Sohn des Lords, x;group;;;;;;;;;;;;;;;;;;;;;;;;;;;;;;;Familie des Lords;;;;;;;;
entity_0401;figur_0834;Familie des Knaben;u;;entity_0389, entity_0391, x;Vater des Knaben, Mutter des Knaben, x;group;;;;;;;;;;;;;;;;;;;;;;;;;;;;;;;Familie des Knaben;;;;;;;;
entity_0402;figur_0835;Familie des Mädchens;u;;entity_0390, entity_0392, x;Mutter des Mädchens, Vater des Mädchens, x;group;;;;;;;;;;;;;;;;;;;;;;;;;;;;;;;Familie des Mädchens;;;;;;;;
entity_0403;figur_0836;Familien des Knaben und des Mädchens;u;;entity_0401, entity_0402;Familie des Knaben, Familie des Mädchens;group;;;;;;;;;;;;;;;;;;;;;;;;;;;;;;;Familien des Knaben und des Mädchens;;;;;;;;
entity_0404;figur_0839;Ehefrau in der Novelle;f;;;;;;;;;;;;;;;;;;;;;;;;;;;;;;;;;;;Ehefrau;;;;;;;;
entity_0405;figur_0840;Ehemann in der Novelle;m;;;;;;;;;;;;;;;;;;;;;;;;;;;;;;;;;;;Ehemann;;;;;;;;
entity_0406;figur_0846;Tischer;m;;;;;;;;;;;;;;;;;;;;;;;;;;;;;;;;;;;Tischer;;;;;;;;
entity_0407;figur_0847;Tapezier;m;;;;;;;;;;;;;;;;;;;;;;;;;;;;;;;;;;;Tapezier;;;;;;;;
entity_0408;figur_0848;Stimmen;u;;x;x;group;;;;;;;;;;;;;;;;;;;;;;;;;;;;;;;Stimmen;;;;;;;;
entity_0409;figur_0849;Schiffs-Gesellschaft;u;;"entity_0403, entity_0376, entity_0373
entity_0374, x";Familien des Knaben und des Mädchens, Mädchen, Knabe, Bräutigam des Mädchens;group;;;;;;;;;;;;;;;;;;;;;;;;;;;;;;;Schiffs-Gesellschaft;;;;;;;;
entity_0410;figur_0853;Nachbarschaft;u;;x;x;group;;;;;;;;;;;;;;;;;;;;;;;;;;;;;;;;Nachbarschaft;;;;;;;
entity_0411;figur_0858;Nachbarin des Hauptmanns;f;entity_0373;;;;;possible_identitiy_with, eigentlich handelt es sich bei dem Hauptmann tatsächlich um den Knaben aus der Geschichte, aber Geschichte als übertrieben usw. markiert;;;;;;;;;;;;;;;;;;;;;;;;;;;;;;Nachbarin des Hauptmanns;;;;;;;
entity_0412;figur_0859;Nannys Eltern;mf;;x;x;group;;;;;;;;;;;;;;;;;;;;;;;;;;;;;;;;Nannys Eltern;;;;Nannys Eltern;;;Nannys Eltern
entity_0413;figur_0860;Wärterin;f;;;;;;;;;;;;;;;;;;;;;;;;;;;;;;;;;;;;Wärterin;;;;;;;
entity_0414;figur_0861;andere aus der Nachbarschaft;u;;x;x;group;;;;;;;;;;;;;;;;;;;;;;;;;;;;;;;;andere aus der Nachbarschaft;;;;;;;
entity_0415;figur_0862;einige aus der Nachbarschaft;u;;x;x;group;;;;;;;;;;;;;;;;;;;;;;;;;;;;;;;;einige aus der Nachbarschaft;;;;;;;
entity_0416;figur_0871;Freunde Eduards;u;;entity_0003, x;Hauptmann, x;group;;;;;;;;;;;;;;;;;;;;;;;;;;;;;;;;;Freunde Eduards;;;;;;
entity_0417;figur_0872;Familien von Charlotte und Eduard;u;;x;x;group;;;;;;;;;;;;;;;;;;;;;;;;;;;;;;;;;Familien von Charlotte und Eduard;;;;;;
entity_0418;figur_0873;Feinde Eduards;u;;x;x;group;;;;;;;;;;;;;;;;;;;;;;;;;;;;;;;;;Feinde Eduards;;;;;;
entity_0419;figur_0876;Gesellschaft;u;;x;x;group;;;;;;;;;;;;;;;;;;;;;;;;;;;;;;;;;Gesellschaft;;;;;;
entity_0420;figur_0878;Gefährten Eduards;u;;x;x;group;;;;;;;;;;;;;;;;;;;;;;;;;;;;;;;;;Gefährten Eduards;;;;;;
entity_0421;figur_0885;ein Jäger;m;;;;;;;;;;;;;;;;;;;;;;;;;;;;;;;;;;;;;;ein Jäger;;;;;
entity_0422;figur_0887;Fischer;m;;x;x;group;;;;;;;;;;;;;;;;;;;;;;;;;;;;;;;;;;Fischer;;;;;
entity_0423;figur_0888;Jäger;m;;x;x;group;;;;;;;;;;;;;;;;;;;;;;;;;;;;;;;;;;Jäger;;;;;
entity_0424;figur_0890;Bedienter;m;;;;;;;;;;;;;;;;;;;;;;;;;;;;;;;;;;;;;;;Bedienter;;;;
entity_0425;figur_0891;Ottilies Kind;u;;;;nonfact;;;;;;;;;;;;;;;;;;;;;;;;;;;;;;;;;;;Ottilies Kind;;;;
entity_0426;figur_0893;Sohn des Majors;m;;;;nonfact;;;;;;;;;;;;;;;;;;;;;;;;;;;;;;;;;;;Sohn des Majors;;;;
entity_0427;figur_0894;Freundin Charlottes;f;;;;;;;;;;;;;;;;;;;;;;;;;;;;;;;;;;;;;;;Freundin Charlottes;;;;
entity_0428;figur_0895;Dorfbewohner;u;;x;x;group;;;;;;;;;;;;;;;;;;;;;;;;;;;;;;;;;;;Dorfbewohner;;;;
entity_0429;figur_0896;Mädchen des Hauses;f;;x;x;group;;;;;;;;;;;;;;;;;;;;;;;;;;;;;;;;;;;Mädchen des Hauses;;;;
entity_0430;figur_0897;Umstehende;u;;x;x;group;;;;;;;;;;;;;;;;;;;;;;;;;;;;;;;;;;;Umstehende;;;;
entity_0431;figur_0907;junge Aufschößlinge;u;;x;x;group;;;;;;;;;;;;;;;;;;;;;;;;;;;;;;;;;;;;junge Aufschößlinge;;;
entity_0432;figur_0911;Gesellschaft im reichen Haus;u;;x;x;group;;;;;;;;;;;;;;;;;;;;;;;;;;;;;;;;;;;;Gesellschaft im reichen Haus;;;
entity_0433;figur_0912;Wirtsleute;u;;x;x;group;;;;;;;;;;;;;;;;;;;;;;;;;;;;;;;;;;;;Wirtsleute;;;
entity_0434;figur_0917;Gespielinnen;f;;x;x;group, nonfact;;;;;;;;;;;;;;;;;;;;;;;;;;;;;;;;;;;;Gespielinnen;;;
entity_0435;figur_0919;Kutscher;m;;;;;;;;;;;;;;;;;;;;;;;;;;;;;;;;;;;;;;;;Kutscher;Kutscher;;
entity_0436;figur_0923;Nannys Verwandte;u;;entity_0412, x;Nannys Eltern, x;group;;;;;;;;;;;;;;;;;;;;;;;;;;;;;;;;;;;;Nannys Verwandte;;;
entity_0437;figur_0927;Wirtin;f;;;;;;;;;;;;;;;;;;;;;;;;;;;;;;;;;;;;;;;;;Wirtin;;
entity_0438;figur_0928;Sohn der Wirtin;m;;;;;;;;;;;;;;;;;;;;;;;;;;;;;;;;;;;;;;;;;Sohn der Wirtin;;
entity_0439;figur_0932;Charlottes Mädchen;f;;;;;;evtl identisch mit Charlottes Kammermädchen;;;;;;;;;;;;;;;;;;;;;;;;;;;;;;;;;;;;Charlottes Mädchen;
entity_0440;figur_0934;Gesellschaft;u;;x;x;group;;;;;;;;;;;;;;;;;;;;;;;;;;;;;;;;;;;;;;Gesellschaft;
entity_0441;figur_0936;Eduards Freunde;u;;x;x;group;;;;;;;;;;;;;;;;;;;;;;;;;;;;;;;;;;;;;;Eduards Freunde;
entity_0442;figur_0938;Mittelsperson;u;;;;nonfact;;;;;;;;;;;;;;;;;;;;;;;;;;;;;;;;;;;;;;Mittelsperson;
entity_0443;figur_0939;Arzt;m;;;;;;;;;;;;;;;;;;;;;;;;;;;;;;;;;;;;;;;;;;;Arzt
entity_0444;figur_0940;Begleitende bei Beerdigung;u;;x;x;group;;;;;;;;;;;;;;;;;;;;;;;;;;;;;;;;;;;;;;;Begleitende bei Beerdigung
entity_0445;figur_0945;Besucher der Kapelle;u;;x;x;group;;;;;;;;;;;;;;;;;;;;;;;;;;;;;;;;;;;;;;;Besucher der Kapelle
entity_0446;figur_0948;Mütter die Kapelle besuchen;f;;x;x;group;;;;;;;;;;;;;;;;;;;;;;;;;;;;;;;;;;;;;;;Mütter die Kapelle besuchen
entity_0447;figur_0949;Mädchen;f;;x;x;group;;;;;;;;;;;;;;;;;;;;;;;;;;;;;;;;;;;;;;;Mädchen
entity_0448;figur_0950;Knaben;m;;x;x;group;;;;;;;;;;;;;;;;;;;;;;;;;;;;;;;;;;;;;;;Knaben
entity_0449;figur_0951;Männer;m;;x;x;group;;;;;;;;;;;;;;;;;;;;;;;;;;;;;;;;;;;;;;;Männer
entity_0450;figur_0952;Träger;m;;x;x;group;;;;;;;;;;;;;;;;;;;;;;;;;;;;;;;;;;;;;;;Träger
entity_0451;figur_0953;Nannys Wächterin;f;;;;;;;;;;;;;;;;;;;;;;;;;;;;;;;;;;;;;;;;;;;Nannys Wächterin
entity_0452;figur_0955;Kinder von Müttern die Kapelle besuchen;u;;x;x;group;;;;;;;;;;;;;;;;;;;;;;;;;;;;;;;;;;;;;;;Kinder von Müttern die Kapelle besuchen
entity_0453;figur_0957;Grab-Wächterin;f;;;;;;;;;;;;;;;;;;;;;;;;;;;;;;;;;;;;;;;;;;;Grab-Wächterin
entity_0454;figur_0959;Wenige Besucher der Kapelle;u;;x;x;group;;;;;;;;;;;;;;;;;;;;;;;;;;;;;;;;;;;;;;;Wenige Besucher der Kapelle
entity_0455;figur_0962;Gesellin für Nanny;f;;;;nonfact;;;;;;;;;;;;;;;;;;;;;;;;;;;;;;;;;;;;;;;Gesellin für Nanny
entity_0456;figur_0964;Manche Besucher der Kapelle;u;;x;x;group;;;;;;;;;;;;;;;;;;;;;;;;;;;;;;;;;;;;;;;Manche Besucher der Kapelle
entity_0457;figur_0966;Freunde von Mittler;u;;x;x;group;;;;;;;;;;;;;;;;;;;;;;;;;;;;;;;;;;;;;;;Freunde von Mittler
entity_0458;figur_0967;Anwohner;u;;x;x;group;;;;;;;;;;;;;;;;;;;;;;;;;;;;;;;;;;;;;;;Anwohner
entity_0459;figur_0968;Bewohner;u;;x;x;group;;;;;;;;;;;;;;;;;;;;;;;;;;;;;;;;;;;;;;;Bewohner
entity_0460;figur_0969;Frauen;f;;x;x;group;;;;;;;;;;;;;;;;;;;;;;;;;;;;;;;;;;;;;;;Frauen
entity_0461;figur_0974;Schullehrer;m;;;;;;;;;;;;;;;;;;;;;;;;;;;;;;;;;;;;;;;;;;;Schullehrer
entity_0462;figur_0980;Umstehende;u;;x;x;group;;;;;;;;;;;;;;;;;;;;;;;;;;;;;;;;;;;;;;;Umstehende
entity_0463;figur_0982;die meisten Besucher der Kapelle;u;;x;x;group;;;;;;;;;;;;;;;;;;;;;;;;;;;;;;;;;;;;;;;die meisten Besucher der Kapelle
entity_0464;figur_0985;neuer Geistlicher;m;;;;;;;;;;;;;;;;;;;;;;;;;;;;;;;;;;;;;;;;;;;neuer Geistlicher
entity_0465;figur_0986;übrige Hausgenossen;u;;x;x;group;;;;;;;;;;;;;;;;;;;;;;;;;;;;;;;;;;;;;;;übrige Hausgenossen
entity_0466;figur_0005;Frauen im Allgemeinen;f;;;;generic, group;;;;Frauen;;;;;;;;;;;;;;;;;;;;;;;;;;;;;;;;;;;
entity_0467;figur_0006;Durch Erfahrung aufgeklärte Menschen;u;;;;generic, group;;;;Durch Erfahrung aufgeklärte Menschen;;;;;;;;;;;;;;;;;;;;;;;;;;;;;;;;;;;
entity_0468;figur_0009;ein Dritter im Allgemeinen;u;;;;generic, nonfact;;;;dritte Person;;;;;;;;;;;;;;;;;;;;;;;;;;;;;;;;;;;
entity_0469;figur_0015;Dunkel vor sich hinlebende Menschen;u;;;;generic, group;;;;Dunkel vor sich hinlebende Menschen;;;;;;;;;;;;;;;;;;;;;;;;;;;;;;;;;;;
entity_0470;figur_0016;Männer im Allgemeinen;m;;;;generic, group;;;;Männer;;;;;;;;;;;;;;;;;;;;;;;;;;;;;;;;;;;
entity_0471;figur_0017;Jemand der das Bewusstsein als Waffe führt;u;;;;generic;;;;Jemand der das Bewusstsein als Waffe führt;;;;;;;;;;;;;;;;;;;;;;;;;;;;;;;;;;;
entity_0472;figur_0018;Landleute;u;;;;generic, group;;;;Landleute;;;;;;;;;;;;;;;;;;;;;;;;;;;;;;;;;;;
entity_0473;figur_0026;Gäste im Allgemeinen;u;;;;generic, group;;;;Gäste;;;;;;;;;;;;;;;;;;;;;;;;;;;;;;;;;;;
entity_0474;figur_0029;Studierte;m;;;;generic, group;;;;Studierten;;;;;;;;;;;;;;;;;;;;;;;;;;;;;;;;;;;
entity_0475;figur_0030;andere Männer;m;;;;generic;;;;andere Männer;;;;;;;;;;;;;;;;;;;;;;;;;;;;;;;;;;;
entity_0476;figur_0031;vierte Person im Allgemeinen;u;;;;generic, nonfact;;;;vierte Person;;;;;;;;;;;;;;;;;;;;;;;;;;;;;;;;;;;
entity_0477;figur_0034;jeder;u;;;;generic;;;;;jeder;;;;;;;;;;;;;;;;;;;;;;;;;;;;;;;;;;
entity_0478;figur_0049;andere Person;u;;;;generic;;;;;andere Person;;;;;;;;;;;;;;;;;;;;;;;;;;;;;;;;;;
entity_0479;figur_0051;junge Personen, die in die Pension kommen;u;;;;generic, group;;;;;junge Personen;;;;;;;;;;;;;;;;;;;;;;;;;;;;;;;;;;
entity_0480;figur_0056;Personen die Charlotte den Fels hinaufführt;u;;;;generic, group;;;;;;Personen die Charlotte den Fels hinaufführt;;;;;;;;;;;;;;;;;;;;;;;;;;;;;;;;;
entity_0481;figur_0064;Menschen allgemein;u;;;;generic, group;;;;;;Menschen;;;;;;;;;;;;;;;;;;;;;;;;;;;;;;;;;
entity_0482;figur_0067;andere Personen;u;;;;generic, group;;;;;;andere Personen;;;;;;;;;;;;;;;;;;;;;;;;;;;;;;;;;
entity_0483;figur_0068;andere Personen außer Ottilie Allgemein;u;;;;generic, group;;;;;;andere Personen außer Ottilie Allgemein;;;;;;;;;;;;;;;;;;;;;;;;;;;;;;;;;
entity_0484;figur_0070;Mensch im Allgemeinen;u;;;;generic;;;;;;;Mensch;;;;;;;;;;;;;;;;;;;;;;;;;;;;;;;;
entity_0485;figur_0073;Chemiker, der zwei Stoffe zusammenbringt;m;;;;generic;;;;;;;Chemiker;;;;;;;;;;;;;;;;;;;;;;;;;;;;;;;;
entity_0486;figur_0074;Vorfahren;u;;;;generic, group;;;;;;;Vorfahren;;;;;;;;;;;;;;;;;;;;;;;;;;;;;;;;
entity_0487;figur_0077;Gelehrte;m;;;;generic, group;;;;;;;Gelehrte;;;;;;;;;;;;;;;;;;;;;;;;;;;;;;;;
entity_0488;figur_0079;Chemiker im Allgemeinen 2;m;;;;generic, group;;;;;;;Chemiker im Allgemeinen 2;;;;;;;;;;;;;;;;;;;;;;;;;;;;;;;;
entity_0489;figur_0081;Menschen die man gekannt hat;u;;;;generic, group;;;;;;;Menschen die man gekannt hat;;;;;;;;;;;;;;;;;;;;;;;;;;;;;;;;
entity_0490;figur_0084;Dritter;u;;;;generic;;;;;;;Dritter;;;;;;;;;;;;;;;;;;;;;;;;;;;;;;;;
entity_0491;figur_0085;Berufe;u;;;;generic, group;;;;;;;Berufe;;;;;;;;;;;;;;;;;;;;;;;;;;;;;;;;
entity_0492;figur_0086;Adel;u;;;;generic, group;;;;;;;Adel;;;;;;;;;;;;;;;;;;;;;;;;;;;;;;;;
entity_0493;figur_0088;Gesunde im Allgemeinen;u;;;;generic, group;;;;;;;Gesunde;;;;;;;;;;;;;;;;;;;;;;;;;;;;;;;;
entity_0494;figur_0089;Frauen im Allgemeinen;f;;;;generic, group;;;;;;;Frauen im Allgemeinen;;;;;;;;;;;;;;;;;;;;;;;;;;;;;;;;
entity_0495;figur_0090;Gesellschaftliche Großgruppen;u;;;;generic, group;;;;;;;Gesellschaftliche Großgruppen;;;;;;;;;;;;;;;;;;;;;;;;;;;;;;;;
entity_0496;figur_0092;Mensch im Allgemeinen;u;;;;generic;;;;;;;Mensch im Allgemeinen;;;;;;;;;;;;;;;;;;;;;;;;;;;;;;;;
entity_0497;figur_0093;Kranke im Allgemeinen;u;;;;generic, group;;;;;;;Kranke;;;;;;;;;;;;;;;;;;;;;;;;;;;;;;;;
entity_0498;figur_0095;Soldaten;m;;;;generic, group;;;;;;;Soldaten;;;;;;;;;;;;;;;;;;;;;;;;;;;;;;;;
entity_0499;figur_0096;Menschen im Allgemeinen;u;;;;generic, group;;;;;;;Menschen im Allgemeinen;;;;;;;;;;;;;;;;;;;;;;;;;;;;;;;;
entity_0500;figur_0097;Naturforscher im Allgemeinen;u;;;;generic;;;;;;;Naturforscher;;;;;;;;;;;;;;;;;;;;;;;;;;;;;;;;
entity_0501;figur_0099;Stände;u;;;;generic, group;;;;;;;Stände;;;;;;;;;;;;;;;;;;;;;;;;;;;;;;;;
entity_0502;figur_0101;Zivilisten;u;;;;generic, group;;;;;;;Zivilisten;;;;;;;;;;;;;;;;;;;;;;;;;;;;;;;;
entity_0503;figur_0102;berühmter Arzt;m;;;;generic;;;;;;;berühmter Arzt;;;;;;;;;;;;;;;;;;;;;;;;;;;;;;;;
entity_0504;figur_0103;bürgerliche Gesellschaft;u;;;;generic, group;;;;;;;bürgerliche Gesellschaft;;;;;;;;;;;;;;;;;;;;;;;;;;;;;;;;
entity_0505;figur_0105;dritter Stand;u;;;;generic, group;;;;;;;dritter Stand;;;;;;;;;;;;;;;;;;;;;;;;;;;;;;;;
entity_0506;figur_0113;Eltern allgemein;u;;;;generic, group;;;;;;;;Eltern allgemein;;;;;;;;;;;;;;;;;;;;;;;;;;;;;;;
entity_0507;figur_0114;Kinder allgemein;u;;;;generic, group;;;;;;;;Kinder allgemein;;;;;;;;;;;;;;;;;;;;;;;;;;;;;;;
entity_0508;figur_0116;Schüler allgemein;u;;;;generic, group;;;;;;;;Schüler allgemein;;;;;;;;;;;;;;;;;;;;;;;;;;;;;;;
entity_0509;figur_0118;Vorgesetzte allgemein;u;;;;generic;;;;;;;;Vorgesetzte allgemein;;;;;;;;;;;;;;;;;;;;;;;;;;;;;;;
entity_0510;figur_0124;Mensch der menschliche Schönheit erblickt allgemein;u;;;;generic;;;;;;;;;Mensch der menschliche Schönheit erblickt allgemein;;;;;;;;;;;;;;;;;;;;;;;;;;;;;;
entity_0511;figur_0125;Person im Allgemeinen;u;;;;generic;;;;;;;;;Person im Allgemeinen;;;;;;;;;;;;;;;;;;;;;;;;;;;;;;
entity_0512;figur_0127;Personen die den gleichen Schritt halten;u;;;;generic, group;;;;;;;;;Personen die den gleichen Schritt halten;;;;;;;;;;;;;;;;;;;;;;;;;;;;;;
entity_0513;figur_0128;Menge;u;;;;generic, group;;;;;;;;;Menge;;;;;;;;;;;;;;;;;;;;;;;;;;;;;;
entity_0514;figur_0132;Viele;u;;;;generic, group;;;;;;;;;Viele;;;;;;;;;;;;;;;;;;;;;;;;;;;;;;
entity_0515;figur_0135;Eine andere Person;u;;;;generic;;;;;;;;;Eine andere Person;;;;;;;;;;;;;;;;;;;;;;;;;;;;;;
entity_0516;figur_0136;Frauen denen etwas herunterfällt;f;;;;generic, group;;;;;;;;;Frauen denen etwas herunterfällt;;;;;;;;;;;;;;;;;;;;;;;;;;;;;;
entity_0517;figur_0137;Bewohner reicher Dörfer;u;;;;generic, group;;;;;;;;;Bewohner reicher Dörfer;;;;;;;;;;;;;;;;;;;;;;;;;;;;;;
entity_0518;figur_0138;Bettler allgemein;u;;;;generic, group;;;;;;;;;Bettler allgemein;;;;;;;;;;;;;;;;;;;;;;;;;;;;;;
entity_0519;figur_0141;Armer auf Reise;u;;;;generic;;;;;;;;;Armer auf Reise;;;;;;;;;;;;;;;;;;;;;;;;;;;;;;
entity_0520;figur_0142;Eine Person;u;;;;generic;;;;;;;;;Eine Person;;;;;;;;;;;;;;;;;;;;;;;;;;;;;;
entity_0521;figur_0144;Höhere denen etwas herunterfällt;f;;;;generic, group;;;;;;;;;Höhere denen etwas herunterfällt;;;;;;;;;;;;;;;;;;;;;;;;;;;;;;
entity_0522;figur_0145;Jüngere denen etwas herunterfällt;f;;;;generic, group;;;;;;;;;Jüngere denen etwas herunterfällt;;;;;;;;;;;;;;;;;;;;;;;;;;;;;;
entity_0523;figur_0146;Frauenzimmer allgemein;f;;;;generic;;;;;;;;;Frauenzimmer allgemein;;;;;;;;;;;;;;;;;;;;;;;;;;;;;;
entity_0524;figur_0147;Niedere denen etwas herunterfällt;f;;;;generic, group;;;;;;;;;Niedere denen etwas herunterfällt;;;;;;;;;;;;;;;;;;;;;;;;;;;;;;
entity_0525;figur_0148;Männer denen etwas herunterfällt;m;;;;generic, group;;;;;;;;;Männer denen etwas herunterfällt;;;;;;;;;;;;;;;;;;;;;;;;;;;;;;
entity_0526;figur_0149;Mensch allgemein;u;;;;generic;;;;;;;;;Mensch allgemein;;;;;;;;;;;;;;;;;;;;;;;;;;;;;;
entity_0527;figur_0151;Gleichgestellte denen etwas herunterfällt;f;;;;generic, group;;;;;;;;;Gleichgestellte denen etwas herunterfällt;;;;;;;;;;;;;;;;;;;;;;;;;;;;;;
entity_0528;figur_0155;aus dem Dorf Hinausgehender;u;;;;generic;;;;;;;;;aus dem Dorf Hinausgehender;;;;;;;;;;;;;;;;;;;;;;;;;;;;;;
entity_0529;figur_0157;ins Dorf Hereingehender;u;;;;generic;;;;;;;;;ins Dorf Hereingehender;;;;;;;;;;;;;;;;;;;;;;;;;;;;;;
entity_0530;figur_0159;Ältere denen etwas herunterfällt;f;;;;generic, group;;;;;;;;;Ältere denen etwas herunterfällt;;;;;;;;;;;;;;;;;;;;;;;;;;;;;;
entity_0531;figur_0164;Familie;mf;;;;generic, group;;;;;;;;;;Familie;;;;;;;;;;;;;;;;;;;;;;;;;;;;;
entity_0532;figur_0166;irgendein Kind;u;;;;generic;;;;;;;;;;Kind;;;;;;;;;;;;;;;;;;;;;;;;;;;;;
entity_0533;figur_0168;Personen einer Familie;mf;;;;generic, group;;;;;;;;;;Personen einer Familie;;;;;;;;;;;;;;;;;;;;;;;;;;;;;
entity_0534;figur_0175;Maurer im Allgemeinen;m;;;;generic;;;;;;;;;;;;Maurer im Allgemeinen;;;;;;;;;;;;;;;;;;;;;;;;;;;
entity_0535;figur_0181;Mensch;m;;;;generic;;;;;;;;;;;;Mensch;;;;;;;;;;;;;;;;;;;;;;;;;;;
entity_0536;figur_0182;Derjenige der insgeheim das Gute getan;m;;;;generic;;;;;;;;;;;;Derjenige der insgeheim das Gute getan;;;;;;;;;;;;;;;;;;;;;;;;;;;
entity_0537;figur_0183;Grundherr;u;;;;generic;;;;;;;;;;;;Grundherr;;;;;;;;;;;;;;;;;;;;;;;;;;;
entity_0538;figur_0186;Gebildetster Mensch;u;;;;generic;;;;;;;;;;;;Gebildetster Mensch;;;;;;;;;;;;;;;;;;;;;;;;;;;
entity_0539;figur_0189;Menschen die einander von Natur geneigt sind;u;;;;generic, group;;;;;;;;;;;;Menschen die einander von Natur geneigt sind;;;;;;;;;;;;;;;;;;;;;;;;;;;
entity_0540;figur_0192;Jeder der eine Übeltat begangen;u;;;;generic;;;;;;;;;;;;Jeder der eine Übeltat begangen;;;;;;;;;;;;;;;;;;;;;;;;;;;
entity_0541;figur_0196;Gemeine;u;;;;generic, group;;;;;;;;;;;;Gemeine;;;;;;;;;;;;;;;;;;;;;;;;;;;
entity_0542;figur_0199;Gatten;u;;;;generic, group;;;;;;;;;;;;Gatten;;;;;;;;;;;;;;;;;;;;;;;;;;;
entity_0543;figur_0202;Ehefrau;f;;;;generic;;;;;;;;;;;;Ehefrau;;;;;;;;;;;;;;;;;;;;;;;;;;;
entity_0544;figur_0204;Bildhauer;m;;;;generic;;;;;;;;;;;;Bildhauer;;;;;;;;;;;;;;;;;;;;;;;;;;;
entity_0545;figur_0205;Ehemann;m;;;;generic;;;;;;;;;;;;Ehemann;;;;;;;;;;;;;;;;;;;;;;;;;;;
entity_0546;figur_0206;Fürst;m;;;;generic;;;;;;;;;;;;Fürst;;;;;;;;;;;;;;;;;;;;;;;;;;;
entity_0547;figur_0215;Roher Mensch;u;;;;generic;;;;;;;;;;;;Roher Mensch;;;;;;;;;;;;;;;;;;;;;;;;;;;
entity_0548;figur_0219;Steinmetz;m;;;;generic;;;;;;;;;;;;Steinmetz;;;;;;;;;;;;;;;;;;;;;;;;;;;
entity_0549;figur_0222;größere Gesellschaft;u;;;;generic, group;;;;;;;;;;;;größere Gesellschaft;;;;;;;;;;;;;;;;;;;;;;;;;;;
entity_0550;figur_0226;Ehepartner;u;;;;generic, group;;;;;;;;;;;;;Ehepartner;;;;;;;;;;;;;;;;;;;;;;;;;;
entity_0551;figur_0230;Ehepartner im Allgemeinen;u;;;;generic, group;;;;;;;;;;;;;Ehepartner im Allgemeinen;;;;;;;;;;;;;;;;;;;;;;;;;;
entity_0552;figur_0231;Frauen im Allgemeinen;f;;;;generic, group;;;;;;;;;;;;;Frauen im Allgemeinen;;;;;;;;;;;;;;;;;;;;;;;;;;
entity_0553;figur_0232;Verheiratete Frauen;f;;;;generic, group;;;;;;;;;;;;;Verheiratete Frauen;;;;;;;;;;;;;;;;;;;;;;;;;;
entity_0554;figur_0233;andere Menschen;u;;;;generic, group;;;;;;;;;;;;;andere Menschen;;;;;;;;;;;;;;;;;;;;;;;;;;
entity_0555;figur_0235;Frauen im Allgemeinen 2;f;;;;generic, group;;;;;;;;;;;;;Frauen im Allgemeinen 2;;;;;;;;;;;;;;;;;;;;;;;;;;
entity_0556;figur_0236;Frauenzimmer dem der Graf früher geneigt war;f;;;;generic;;;;;;;;;;;;;Frauenzimmer dem der Graf früher geneigt war;;;;;;;;;;;;;;;;;;;;;;;;;;
entity_0557;figur_0238;Kinder im Allgemeinen;u;;;;generic, group;;;;;;;;;;;;;Kinder im Allgemeinen;;;;;;;;;;;;;;;;;;;;;;;;;;
entity_0558;figur_0239;Personen die vom Liebestheater abgetreten sind;u;;;;generic, group;;;;;;;;;;;;;Personen die vom Liebestheater abgetreten sind;;;;;;;;;;;;;;;;;;;;;;;;;;
entity_0559;figur_0244;Gesellschaft insgesamt;u;;;;generic, group;;;;;;;;;;;;;Gesellschaft insgesamt;;;;;;;;;;;;;;;;;;;;;;;;;;
entity_0560;figur_0250;Kinder;u;;;;generic, group;;;;;;;;;;;;;Kinder;;;;;;;;;;;;;;;;;;;;;;;;;;
entity_0561;figur_0253;irgendein Mann;m;;;;generic;;;;;;;;;;;;;irgendein Mann;;;;;;;;;;;;;;;;;;;;;;;;;;
entity_0562;figur_0254;junge Leute im Allgemeinen;u;;;;generic, group;;;;;;;;;;;;;junge Leute im Allgemeinen;;;;;;;;;;;;;;;;;;;;;;;;;;
entity_0563;figur_0255;junge Mädchen;f;;;;generic, group;;;;;;;;;;;;;junge Mädchen;;;;;;;;;;;;;;;;;;;;;;;;;;
entity_0564;figur_0258;Sarmaten;u;;;;generic, group;;;;;;;;;;;;;;Sarmaten;;;;;;;;;;;;;;;;;;;;;;;;;
entity_0565;figur_0260;starke Personen;u;;;;generic, group;;;;;;;;;;;;;;starke Personen;;;;;;;;;;;;;;;;;;;;;;;;;
entity_0566;figur_0266;weiche Personen;u;;;;generic, group;;;;;;;;;;;;;;weiche Personen;;;;;;;;;;;;;;;;;;;;;;;;;
entity_0567;figur_0275;Menschen;u;;;;generic, group;;;;;;;;;;;;;;;;Menschen;;;;;;;;;;;;;;;;;;;;;;;
entity_0568;figur_0276;Sterbliche;u;;;;generic, group;;;;;;;;;;;;;;;;Sterbliche;;;;;;;;;;;;;;;;;;;;;;;
entity_0569;figur_0278;höheres Wesen;u;;;;generic;;;;;;;;;;;;;;;;höheres Wesen;;;;;;;;;;;;;;;;;;;;;;;
entity_0570;figur_0279;Ungebildete Selbstler;u;;;;generic, group;;;;;;;;;;;;;;;;;Ungebildete Selbstler;;;;;;;;;;;;;;;;;;;;;;
entity_0571;figur_0326;Personen denen jemand mit Ruhe über leidenschaftliche Verlegenheiten hinaushilft;u;;;;generic, group;;;;;;;;;;;;;;;;;;;;Personen denen jemand mit Ruhe über leidenschaftliche Verlegenheiten hinaushilft;;;;;;;;;;;;;;;;;;;
entity_0572;figur_0330;Menschen allgemein;u;;;;generic;;;;;;;;;;;;;;;;;;;;Menschen allgemein;;;;;;;;;;;;;;;;;;;
entity_0573;figur_0332;ein trefflicher Mann;m;;;;generic;;;;;;;;;;;;;;;;;;;;ein trefflicher Mann;;;;;;;;;;;;;;;;;;;
entity_0574;figur_0335;Glückliche;u;;;;generic, group;;;;;;;;;;;;;;;;;;;;;Glückliche;;;;;;;;;;;;;;;;;;
entity_0575;figur_0336;edler Grieche;m;;;;generic;;;;;;;;;;;;;;;;;;;;;Grieche;;;;;;;;;;;;;;;;;;
entity_0576;figur_0338;Mensch allgemein;u;;;;generic;;;;;;;;;;;;;;;;;;;;;Mensch allgemein;;;;;;;;;;;;;;;;;;
entity_0577;figur_0339;Helden;u;;;;generic, group;;;;;;;;;;;;;;;;;;;;;Helden;;;;;;;;;;;;;;;;;;
entity_0578;figur_0341;gebildete Menschen;u;;;;generic, group;;;;;;;;;;;;;;;;;;;;;gebildete Menschen;;;;;;;;;;;;;;;;;;
entity_0579;figur_0344;Jeder der nicht weinen kann;u;;;;generic;;;;;;;;;;;;;;;;;;;;;Jeder der nicht weinen kann;;;;;;;;;;;;;;;;;;
entity_0580;figur_0345;Menschen allgemein;u;;;;generic, group;;;;;;;;;;;;;;;;;;;;;Menschen allgemein;;;;;;;;;;;;;;;;;;
entity_0581;figur_0348;Edelmann;m;;;;generic;;;;;;;;;;;;;;;;;;;;;Edelmann;;;;;;;;;;;;;;;;;;
entity_0582;figur_0353;beliebiger Bote;u;;;;generic;;;;;;;;;;;;;;;;;;;;;beliebiger Bote;;;;;;;;;;;;;;;;;;
entity_0583;figur_0358;Menschen allgemein 2;u;;;;generic, group;;;;;;;;;;;;;;;;;;;;;;Menschen allgemein 2;;;;;;;;;;;;;;;;;
entity_0584;figur_0359;Lebende;u;;;;generic, group;;;;;;;;;;;;;;;;;;;;;;Lebende;;;;;;;;;;;;;;;;;
entity_0585;figur_0361;Begrabene;u;;;;group, generic;;;;;;;;;;;;;;;;;;;;;;Begrabene;;;;;;;;;;;;;;;;;
entity_0586;figur_0362;Baukünstler;m;;;;generic;;;;;;;;;;;;;;;;;;;;;;Baukünstler;;;;;;;;;;;;;;;;;
entity_0587;figur_0363;Bildhauer;m;;;;generic;;;;;;;;;;;;;;;;;;;;;;Bildhauer;;;;;;;;;;;;;;;;;
entity_0588;figur_0365;Hauptfiguren in Epopöe;u;;;;generic, group;;;;;;;;;;;;;;;;;;;;;;Hauptfiguren in Epopöe;;;;;;;;;;;;;;;;;
entity_0589;figur_0366;Menschen die man gekannt hat;u;;;;generic, group;;;;;;;;;;;;;;;;;;;;;;Menschen die man gekannt hat;;;;;;;;;;;;;;;;;
entity_0590;figur_0367;Tote;u;;;;generic, group;;;;;;;;;;;;;;;;;;;;;;Tote;;;;;;;;;;;;;;;;;
entity_0591;figur_0368;Gemeindeglieder;u;;;;generic, group;;;;;;;;;;;;;;;;;;;;;;Gemeindeglieder;;;;;;;;;;;;;;;;;
entity_0592;figur_0369;Mensch allgemein;u;;;;generic;;;;;;;;;;;;;;;;;;;;;;Mensch allgemein;;;;;;;;;;;;;;;;;
entity_0593;figur_0370;Verwandte Verstorbener;u;;;;generic, group;;;;;;;;;;;;;;;;;;;;;;Verwandte Verstorbener;;;;;;;;;;;;;;;;;
entity_0594;figur_0371;verstorbener Mensch allgemein;u;;;;generic;;;;;;;;;;;;;;;;;;;;;;verstorbener Mensch allgemein;;;;;;;;;;;;;;;;;
entity_0595;figur_0372;ein Dritter in der Epopöe;u;;;;generic;;;;;;;;;;;;;;;;;;;;;;ein Dritter in der Epopöe;;;;;;;;;;;;;;;;;
entity_0596;figur_0373;Wohlhabende;u;;;;generic, group;;;;;;;;;;;;;;;;;;;;;;Wohlhabende;;;;;;;;;;;;;;;;;
entity_0597;figur_0374;ein Zweiter in der Epopöe;u;;;;generic;;;;;;;;;;;;;;;;;;;;;;ein Zweiter in der Epopöe;;;;;;;;;;;;;;;;;
entity_0598;figur_0375;ärmster Landmann;m;;;;generic;;;;;;;;;;;;;;;;;;;;;;ärmster Landmann;;;;;;;;;;;;;;;;;
entity_0599;figur_0377;Völker;u;;;;generic, group;;;;;;;;;;;;;;;;;;;;;;Völker;;;;;;;;;;;;;;;;;
entity_0600;figur_0379;Liebevoller;u;;;;generic;;;;;;;;;;;;;;;;;;;;;;Liebevoller;;;;;;;;;;;;;;;;;
entity_0601;figur_0380;Fremde;u;;;;generic, group;;;;;;;;;;;;;;;;;;;;;;Fremde;;;;;;;;;;;;;;;;;
entity_0602;figur_0381;Freunde Verstorbener;u;;;;generic, group;;;;;;;;;;;;;;;;;;;;;;Freunde Verstorbener;;;;;;;;;;;;;;;;;
entity_0603;figur_0382;Geistreicher;m;;;;generic;;;;;;;;;;;;;;;;;;;;;;Geistreicher;;;;;;;;;;;;;;;;;
entity_0604;figur_0383;Gelehrter;m;;;;generic;;;;;;;;;;;;;;;;;;;;;;Gelehrter;;;;;;;;;;;;;;;;;
entity_0605;figur_0384;Gatten Verstorbener;m;;;;generic, group;;;;;;;;;;;;;;;;;;;;;;Gatten Verstorbener;;;;;;;;;;;;;;;;;
entity_0606;figur_0385;Angehörige allgemein;u;;;;generic, group;;;;;;;;;;;;;;;;;;;;;;Angehörige allgemein;;;;;;;;;;;;;;;;;
entity_0607;figur_0386;Angehörige der Gemeindeglieder;u;;;;generic, group;;;;;;;;;;;;;;;;;;;;;;Angehörige der Gemeindeglieder;;;;;;;;;;;;;;;;;
entity_0608;figur_0387;Angehörige des Geringsten wie des Höchsten;u;;;;generic, group;;;;;;;;;;;;;;;;;;;;;;Angehörige des Geringsten wie des Höchsten;;;;;;;;;;;;;;;;;
entity_0609;figur_0388;Menschen allgemein;u;;;;generic, group;;;;;;;;;;;;;;;;;;;;;;Menschen allgemein;;;;;;;;;;;;;;;;;
entity_0610;figur_0389;Kind des ärmsten Landmanns;u;;;;generic;;;;;;;;;;;;;;;;;;;;;;Kind des ärmsten Landmanns;;;;;;;;;;;;;;;;;
entity_0611;figur_0390;Geringste;u;;;;generic;;;;;;;;;;;;;;;;;;;;;;Geringste;;;;;;;;;;;;;;;;;
entity_0612;figur_0391;Hohe;u;;;;generic, group;;;;;;;;;;;;;;;;;;;;;;Hohe;;;;;;;;;;;;;;;;;
entity_0613;figur_0392;Künstler;m;;;;generic, group;;;;;;;;;;;;;;;;;;;;;;Künstler;;;;;;;;;;;;;;;;;
entity_0614;figur_0393;Künstler allgemein 2;m;;;;generic;;;;;;;;;;;;;;;;;;;;;;Künstler allgemein 2;;;;;;;;;;;;;;;;;
entity_0615;figur_0394;Gereiste;u;;;;generic;;;;;;;;;;;;;;;;;;;;;;Gereiste;;;;;;;;;;;;;;;;;
entity_0616;figur_0396;Fürsten;m;;;;generic, group;;;;;;;;;;;;;;;;;;;;;;Fürsten;;;;;;;;;;;;;;;;;
entity_0617;figur_0397;Bürger;u;;;;generic, group;;;;;;;;;;;;;;;;;;;;;;Bürger;;;;;;;;;;;;;;;;;
entity_0618;figur_0398;Familienmitglieder;u;;;;generic, group;;;;;;;;;;;;;;;;;;;;;;Familienmitglieder;;;;;;;;;;;;;;;;;
entity_0619;figur_0399;Fromme;u;;;;generic, group;;;;;;;;;;;;;;;;;;;;;;Fromme;;;;;;;;;;;;;;;;;
entity_0620;figur_0400;Höchster;u;;;;generic;;;;;;;;;;;;;;;;;;;;;;Höchster;;;;;;;;;;;;;;;;;
entity_0621;figur_0402;Verstorbene 3;u;;;;generic, group;;;;;;;;;;;;;;;;;;;;;;Verstorbene 3;;;;;;;;;;;;;;;;;
entity_0622;figur_0403;Verstorbene 2;u;;;;generic, group;;;;;;;;;;;;;;;;;;;;;;Verstorbene 2;;;;;;;;;;;;;;;;;
entity_0623;figur_0404;Verstorbene;u;;;;generic, group;;;;;;;;;;;;;;;;;;;;;;Verstorbene;;;;;;;;;;;;;;;;;
entity_0624;figur_0405;Toter;u;;;;generic;;;;;;;;;;;;;;;;;;;;;;Toter;;;;;;;;;;;;;;;;;
entity_0625;figur_0406;Menschen allgemein 3;u;;;;generic, group;;;;;;;;;;;;;;;;;;;;;;Menschen allgemein 3;;;;;;;;;;;;;;;;;
entity_0626;figur_0407;Mißwollende;u;;;;generic, group;;;;;;;;;;;;;;;;;;;;;;Mißwollende;;;;;;;;;;;;;;;;;
entity_0627;figur_0408;Nachkommen der Wohlhabenden;u;;;;generic, group;;;;;;;;;;;;;;;;;;;;;;Nachkommen der Wohlhabenden;;;;;;;;;;;;;;;;;
entity_0628;figur_0409;Menschen einer Nation;u;;;;generic, group;;;;;;;;;;;;;;;;;;;;;;Menschen einer Nation;;;;;;;;;;;;;;;;;
entity_0629;figur_0411;Vorübergehende;u;;;;generic, group;;;;;;;;;;;;;;;;;;;;;;Vorübergehende;;;;;;;;;;;;;;;;;
entity_0630;figur_0413;unerwarteter Besuch;u;;;;generic, group;;;;;;;;;;;;;;;;;;;;;;unerwarteter Besuch;;;;;;;;;;;;;;;;;
entity_0631;figur_0414;geliebte verstorbene Person;u;;;;generic;;;;;;;;;;;;;;;;;;;;;;geliebte verstorbene Person;;;;;;;;;;;;;;;;;
entity_0632;figur_0415;verstorbener Mensch allgemein 2;u;;;;generic;;;;;;;;;;;;;;;;;;;;;;verstorbener Mensch allgemein 2;;;;;;;;;;;;;;;;;
entity_0633;figur_0417;Menschen allgemein 2;u;;;;generic, group;;;;;;;;;;;;;;;;;;;;;;;Menschen allgemein 2;;;;;;;;;;;;;;;;
entity_0634;figur_0418;gegenwärtiger Mensch allgemein;u;;;;generic;;;;;;;;;;;;;;;;;;;;;;;gegenwärtiger Mensch allgemein;;;;;;;;;;;;;;;;
entity_0635;figur_0420;Porträtmaler;m;;;;generic, group;;;;;;;;;;;;;;;;;;;;;;;Porträtmaler;;;;;;;;;;;;;;;;
entity_0636;figur_0421;Freund allgemein;u;;;;generic;;;;;;;;;;;;;;;;;;;;;;;Freund allgemein;;;;;;;;;;;;;;;;
entity_0637;figur_0422;Personen die Porträtierte kennen;u;;;;generic, group;;;;;;;;;;;;;;;;;;;;;;;Personen die Porträtierte kennen;;;;;;;;;;;;;;;;
entity_0638;figur_0423;Porträtierte;u;;;;generic, group;;;;;;;;;;;;;;;;;;;;;;;Porträtierte;;;;;;;;;;;;;;;;
entity_0639;figur_0424;Personen die man kennt;u;;;;generic, group;;;;;;;;;;;;;;;;;;;;;;;Personen die man kennt;;;;;;;;;;;;;;;;
entity_0640;figur_0429;Mensch allgemein;u;;;;generic;;;;;;;;;;;;;;;;;;;;;;;Mensch allgemein;;;;;;;;;;;;;;;;
entity_0641;figur_0430;Entfernte;u;;;;generic, group;;;;;;;;;;;;;;;;;;;;;;;Entfernte;;;;;;;;;;;;;;;;
entity_0642;figur_0432;Betrachter der Kirche;u;;;;generic;;;;;;;;;;;;;;;;;;;;;;;Betrachter der Kirche;;;;;;;;;;;;;;;;
entity_0643;figur_0433;Angehörige des Menschen allgemein;u;;;;generic, group;;;;;;;;;;;;;;;;;;;;;;;Angehörige des Menschen allgemein;;;;;;;;;;;;;;;;
entity_0644;figur_0434;Abgeschiedene;u;;;;generic, group;;;;;;;;;;;;;;;;;;;;;;;Abgeschiedene;;;;;;;;;;;;;;;;
entity_0645;figur_0436;Menschen allgemein 3;u;;;;generic, group;;;;;;;;;;;;;;;;;;;;;;;Menschen allgemein 3;;;;;;;;;;;;;;;;
entity_0646;figur_0437;Menschen allgemein;u;;;;generic;;;;;;;;;;;;;;;;;;;;;;;Menschen allgemein;;;;;;;;;;;;;;;;
entity_0647;figur_0440;Kirchgänger;u;;;;generic, group;;;;;;;;;;;;;;;;;;;;;;;Kirchgänger;;;;;;;;;;;;;;;;
entity_0648;figur_0444;Modehändler;u;;;;generic;;;;;;;;;;;;;;;;;;;;;;;Modehändler;;;;;;;;;;;;;;;;
entity_0649;figur_0450;liebe und teure Menschen;u;;;;generic, group;;;;;;;;;;;;;;;;;;;;;;;liebe und teure Menschen;;;;;;;;;;;;;;;;
entity_0650;figur_0451;nordische Völker;u;;;;generic, group;;;;;;;;;;;;;;;;;;;;;;;nordische Völker;;;;;;;;;;;;;;;;
entity_0651;figur_0452;Baukünstler;m;;;;generic;;;;;;;;;;;;;;;;;;;;;;;;Baukünstler;;;;;;;;;;;;;;;
entity_0652;figur_0454;Mensch allgemein;u;;;;generic;;;;;;;;;;;;;;;;;;;;;;;;Mensch allgemein;;;;;;;;;;;;;;;
entity_0653;figur_0455;Frisch Verstorbener alter Völker;u;;;;generic;;;;;;;;;;;;;;;;;;;;;;;;Neuer;;;;;;;;;;;;;;;
entity_0654;figur_0456;alte Völker;u;;;;generic, group;;;;;;;;;;;;;;;;;;;;;;;;alte Völker;;;;;;;;;;;;;;;
entity_0655;figur_0457;Dilettant;u;;;;generic;;;;;;;;;;;;;;;;;;;;;;;;Dilettant;;;;;;;;;;;;;;;
entity_0656;figur_0458;Künstler;u;;;;generic;;;;;;;;;;;;;;;;;;;;;;;;Künstler;;;;;;;;;;;;;;;
entity_0657;figur_0460;Freunde;u;;;;generic, group;;;;;;;;;;;;;;;;;;;;;;;;Freunde;;;;;;;;;;;;;;;
entity_0658;figur_0461;Vorfahren der alten Völker;u;;;;generic, group;;;;;;;;;;;;;;;;;;;;;;;;Vorfahren der alten Völker;;;;;;;;;;;;;;;
entity_0659;figur_0462;Künstler allgemein 2;u;;;;generic;;;;;;;;;;;;;;;;;;;;;;;;Künstler allgemein 2;;;;;;;;;;;;;;;
entity_0660;figur_0463;Goldschmied;m;;;;generic;;;;;;;;;;;;;;;;;;;;;;;;Goldschmied;;;;;;;;;;;;;;;
entity_0661;figur_0465;Handwerker;m;;;;generic;;;;;;;;;;;;;;;;;;;;;;;;Handwerker;;;;;;;;;;;;;;;
entity_0662;figur_0466;Vater;m;;;;generic;;;;;;;;;;;;;;;;;;;;;;;;Vater;;;;;;;;;;;;;;;
entity_0663;figur_0467;Reicher;u;;;;generic;;;;;;;;;;;;;;;;;;;;;;;;Reicher;;;;;;;;;;;;;;;
entity_0664;figur_0468;ausgestattetes Kind;u;;;;generic;;;;;;;;;;;;;;;;;;;;;;;;ausgestattetes Kind;;;;;;;;;;;;;;;
entity_0665;figur_0469;bildender Künstler;u;;;;generic;;;;;;;;;;;;;;;;;;;;;;;;bildender Künstler;;;;;;;;;;;;;;;
entity_0666;figur_0471;gewöhnliche Menschen;u;;;;generic, group;;;;;;;;;;;;;;;;;;;;;;;;gewöhnliche Menschen;;;;;;;;;;;;;;;
entity_0667;figur_0474;Menschen allgemein 3;u;;;;generic, group;;;;;;;;;;;;;;;;;;;;;;;;;Menschen allgemein 3;;;;;;;;;;;;;;
entity_0668;figur_0475;Menschen allgemein 7;u;;;;generic, group;;;;;;;;;;;;;;;;;;;;;;;;;Menschen allgemein 7;;;;;;;;;;;;;;
entity_0669;figur_0477;Menschen allgemein 2;u;;;;generic, group;;;;;;;;;;;;;;;;;;;;;;;;;Menschen allgemein 2;;;;;;;;;;;;;;
entity_0670;figur_0482;Menschen allgemein 6;u;;;;generic, group;;;;;;;;;;;;;;;;;;;;;;;;;Menschen allgemein 6;;;;;;;;;;;;;;
entity_0671;figur_0486;der sinnliche Mensch;u;;;;generic;;;;;;;;;;;;;;;;;;;;;;;;;der sinnliche Mensch;;;;;;;;;;;;;;
entity_0672;figur_0488;Mann;m;;;;generic;;;;;;;;;;;;;;;;;;;;;;;;;Mann;;;;;;;;;;;;;;
entity_0673;figur_0490;Mensch allgemein;u;;;;generic;;;;;;;;;;;;;;;;;;;;;;;;;Mensch allgemein;;;;;;;;;;;;;;
entity_0674;figur_0492;eine Person die etwas gegen ihre Art und Weise tut;u;;;;generic;;;;;;;;;;;;;;;;;;;;;;;;;eine Person die etwas gegen ihre Art und Weise tut;;;;;;;;;;;;;;
entity_0675;figur_0493;Menschen allgemein 5;u;;;;generic, group;;;;;;;;;;;;;;;;;;;;;;;;;Menschen allgemein 5;;;;;;;;;;;;;;
entity_0676;figur_0494;Personen die wir lieben;u;;;;generic, group;;;;;;;;;;;;;;;;;;;;;;;;;Personen die wir lieben;;;;;;;;;;;;;;
entity_0677;figur_0495;Menschen allgemein 9;u;;;;generic, group;;;;;;;;;;;;;;;;;;;;;;;;;Menschen allgemein 9;;;;;;;;;;;;;;
entity_0678;figur_0496;Menschen in Gesellschaft;u;;;;generic, group;;;;;;;;;;;;;;;;;;;;;;;;;Menschen in Gesellschaft;;;;;;;;;;;;;;
entity_0679;figur_0499;Menschen allgemein 4;u;;;;generic, group;;;;;;;;;;;;;;;;;;;;;;;;;Menschen allgemein 4;;;;;;;;;;;;;;
entity_0680;figur_0500;jemand der uns Dank schuldet;u;;;;generic;;;;;;;;;;;;;;;;;;;;;;;;;jemand der uns Dank schuldet;;;;;;;;;;;;;;
entity_0681;figur_0501;Zuhörer von jemand;u;;;;generic, group;;;;;;;;;;;;;;;;;;;;;;;;;Zuhörer von jemand;;;;;;;;;;;;;;
entity_0682;figur_0502;Freunde;u;;;;generic, group;;;;;;;;;;;;;;;;;;;;;;;;;Freunde;;;;;;;;;;;;;;
entity_0683;figur_0503;Einzelner;u;;;;generic;;;;;;;;;;;;;;;;;;;;;;;;;Einzelner;;;;;;;;;;;;;;
entity_0684;figur_0510;Menschen allgemein 10;u;;;;generic, group;;;;;;;;;;;;;;;;;;;;;;;;;Menschen allgemein 10;;;;;;;;;;;;;;
entity_0685;figur_0513;Königin von Karien;f;;;;generic;;;;;;;;;;;;;;;;;;;;;;;;;Königin von Karien;;;;;;;;;;;;;;
entity_0686;figur_0515;Geliebte;u;;;;generic, group;;;;;;;;;;;;;;;;;;;;;;;;;Geliebte;;;;;;;;;;;;;;
entity_0687;figur_0517;Gläubiger;m;;;;generic, group;;;;;;;;;;;;;;;;;;;;;;;;;Gläubiger;;;;;;;;;;;;;;
entity_0688;figur_0521;Jemand dem wir Dank schulden;u;;;;generic;;;;;;;;;;;;;;;;;;;;;;;;;Jemand dem wir Dank schulden;;;;;;;;;;;;;;
entity_0689;figur_0522;Jemand der vor andern lange spricht;u;;;;generic, group;;;;;;;;;;;;;;;;;;;;;;;;;Jemand der vor andern lange spricht;;;;;;;;;;;;;;
entity_0690;figur_0525;Verständiger;u;;;;generic;;;;;;;;;;;;;;;;;;;;;;;;;Verständiger;;;;;;;;;;;;;;
entity_0691;figur_0527;Vernünftiger;u;;;;generic;;;;;;;;;;;;;;;;;;;;;;;;;Vernünftiger;;;;;;;;;;;;;;
entity_0692;figur_0530;Menschen allgemein 8;u;;;;generic, group;;;;;;;;;;;;;;;;;;;;;;;;;Menschen allgemein 8;;;;;;;;;;;;;;
entity_0693;figur_0532;alte Freunde;u;;;;generic, group;;;;;;;;;;;;;;;;;;;;;;;;;alte Freunde;;;;;;;;;;;;;;
entity_0694;figur_0533;Witwe von Ephesus;f;;;;generic;;;;;;;;;;;;;;;;;;;;;;;;;Witwe von Ephesus;;;;;;;;;;;;;;
entity_0695;figur_0534;angenehmste Gesellschaften;u;;;;generic, group, nonfact;;;;;;;;;;;;;;;;;;;;;;;;;angenehmste Gesellschaften;;;;;;;;;;;;;;
entity_0696;figur_0536;karischer König;m;;;;generic;;;;;;;;;;;;;;;;;;;;;;;;;karischer König;;;;;;;;;;;;;;
entity_0697;figur_0537;longobardischer König;m;;;;generic;;;;;;;;;;;;;;;;;;;;;;;;;longobardischer König;;;;;;;;;;;;;;
entity_0698;figur_0543;Menschen allgemein 2;u;;;;generic, group;;;;;;;;;;;;;;;;;;;;;;;;;;Menschen allgemein 2;;;;;;;;;;;;;
entity_0699;figur_0544;Menschen die man besucht;u;;;;generic, group;;;;;;;;;;;;;;;;;;;;;;;;;;Menschen die man besucht;;;;;;;;;;;;;
entity_0700;figur_0546;Menschen von Lucianes Art;u;;;;generic, group;;;;;;;;;;;;;;;;;;;;;;;;;;Menschen von Lucianes Art;;;;;;;;;;;;;
entity_0701;figur_0552;jeder in der Welt;u;;;;generic, group;;;;;;;;;;;;;;;;;;;;;;;;;;jeder in der Welt;;;;;;;;;;;;;
entity_0702;figur_0553;Besuchende;u;;;;generic, group;;;;;;;;;;;;;;;;;;;;;;;;;;Besuchende;;;;;;;;;;;;;
entity_0703;figur_0556;Menschen allgemein 1;u;;;;generic, group;;;;;;;;;;;;;;;;;;;;;;;;;;Menschen allgemein 1;;;;;;;;;;;;;
entity_0704;figur_0558;einer der sich für frei erklärt;u;;;;generic;;;;;;;;;;;;;;;;;;;;;;;;;;einer der sich für frei erklärt;;;;;;;;;;;;;
entity_0705;figur_0559;einer der sich für bedingt erklärt;u;;;;generic;;;;;;;;;;;;;;;;;;;;;;;;;;einer der sich für bedingt erklärt;;;;;;;;;;;;;
entity_0706;figur_0561;täppischer Mensch von Zivilstand;m;;;;generic;;;;;;;;;;;;;;;;;;;;;;;;;;täppischer Mensch;;;;;;;;;;;;;
entity_0707;figur_0562;rohe Kriegsleute;m;;;;generic, group;;;;;;;;;;;;;;;;;;;;;;;;;;rohe Kriegsleute;;;;;;;;;;;;;
entity_0708;figur_0568;Kammerdiener;m;;;;generic;;;;;;;;;;;;;;;;;;;;;;;;;;Kammerdiener;;;;;;;;;;;;;
entity_0709;figur_0570;schickliche Menschen;u;;;;generic, group;;;;;;;;;;;;;;;;;;;;;;;;;;schickliche Menschen;;;;;;;;;;;;;
entity_0710;figur_0573;Kränkste;u;;;;generic, group;;;;;;;;;;;;;;;;;;;;;;;;;;Kränkste;;;;;;;;;;;;;
entity_0711;figur_0576;Frauen allgemein 2;f;;;;generic, group;;;;;;;;;;;;;;;;;;;;;;;;;;Frauen allgemein 2;;;;;;;;;;;;;
entity_0712;figur_0580;größte Menschen;u;;;;generic, group;;;;;;;;;;;;;;;;;;;;;;;;;;größte Menschen;;;;;;;;;;;;;
entity_0713;figur_0581;Älteste;u;;;;generic, group;;;;;;;;;;;;;;;;;;;;;;;;;;Älteste;;;;;;;;;;;;;
entity_0714;figur_0582;vorzüglicher Mann;m;;;;generic;;;;;;;;;;;;;;;;;;;;;;;;;;vorzüglicher Mann;;;;;;;;;;;;;
entity_0715;figur_0583;jemand der sich für frei hält;u;;;;generic;;;;;;;;;;;;;;;;;;;;;;;;;;jemand der sich für frei hält;;;;;;;;;;;;;
entity_0716;figur_0585;Neuankommender;m;;;;generic;;;;;;;;;;;;;;;;;;;;;;;;;;Neuankommender;;;;;;;;;;;;;
entity_0717;figur_0586;jemand allgemein;u;;;;generic;;;;;;;;;;;;;;;;;;;;;;;;;;jemand allgemein;;;;;;;;;;;;;
entity_0718;figur_0592;jemand mit Brille;u;;;;generic;;;;;;;;;;;;;;;;;;;;;;;;;;jemand mit Brille;;;;;;;;;;;;;
entity_0719;figur_0595;Mensch allgemein 3;u;;;;generic;;;;;;;;;;;;;;;;;;;;;;;;;;Mensch allgemein 3;;;;;;;;;;;;;
entity_0720;figur_0596;Held allgemein 1;m;;;;generic;;;;;;;;;;;;;;;;;;;;;;;;;;Held allgemein 1;;;;;;;;;;;;;
entity_0721;figur_0598;Gesellschaft allgemein;u;;;;generic, group;;;;;;;;;;;;;;;;;;;;;;;;;;Gesellschaft allgemein;;;;;;;;;;;;;
entity_0722;figur_0599;Künstler allgemein;u;;;;generic;;;;;;;;;;;;;;;;;;;;;;;;;;Künstler allgemein;;;;;;;;;;;;;
entity_0723;figur_0605;Dumme;u;;;;generic, group;;;;;;;;;;;;;;;;;;;;;;;;;;Dumme;;;;;;;;;;;;;
entity_0724;figur_0607;Halbnarren;u;;;;generic, group;;;;;;;;;;;;;;;;;;;;;;;;;;Halbnarren;;;;;;;;;;;;;
entity_0725;figur_0609;Halbweisen;u;;;;generic, group;;;;;;;;;;;;;;;;;;;;;;;;;;Halbweisen;;;;;;;;;;;;;
entity_0726;figur_0612;Held allgemein 2;u;;;;generic;;;;;;;;;;;;;;;;;;;;;;;;;;Held allgemein 2;;;;;;;;;;;;;
entity_0727;figur_0613;Frauen allgemein;f;;;;generic, group;;;;;;;;;;;;;;;;;;;;;;;;;;Frauen allgemein;;;;;;;;;;;;;
entity_0728;figur_0614;Toren;u;;;;generic, group;;;;;;;;;;;;;;;;;;;;;;;;;;Toren;;;;;;;;;;;;;
entity_0729;figur_0616;deutsche Schöne;u;;;;generic;;;;;;;;;;;;;;;;;;;;;;;;;;deutsche Schöne;;;;;;;;;;;;;
entity_0730;figur_0618;Unbequeme;u;;;;generic, group;;;;;;;;;;;;;;;;;;;;;;;;;;Unbequeme;;;;;;;;;;;;;
entity_0731;figur_0623;Unbedeutende;u;;;;generic, group;;;;;;;;;;;;;;;;;;;;;;;;;;Unbedeutende;;;;;;;;;;;;;
entity_0732;figur_0628;Personen;u;;;;generic, group;;;;;;;;;;;;;;;;;;;;;;;;;;Personen;;;;;;;;;;;;;
entity_0733;figur_0630;gescheite Leute;u;;;;generic, group;;;;;;;;;;;;;;;;;;;;;;;;;;gescheite Leute;;;;;;;;;;;;;
entity_0734;figur_0633;gebildeter Soldat;m;;;;generic;;;;;;;;;;;;;;;;;;;;;;;;;;gebildeter Soldat;;;;;;;;;;;;;
entity_0735;figur_0634;heutige Frauenzimmer;f;;;;generic, group;;;;;;;;;;;;;;;;;;;;;;;;;;heutige Frauenzimmer;;;;;;;;;;;;;
entity_0736;figur_0635;gewandter Kammerdiener;m;;;;generic;;;;;;;;;;;;;;;;;;;;;;;;;;gewandter Kammerdiener;;;;;;;;;;;;;
entity_0737;figur_0639;verständige und billige Menschen;u;;;;generic, group;;;;;;;;;;;;;;;;;;;;;;;;;;verständige und billige Menschen;;;;;;;;;;;;;
entity_0738;figur_0642;vorzüglichster Künstler;u;;;;generic, nonfact;;;;;;;;;;;;;;;;;;;;;;;;;;vorzüglichster Künstler;;;;;;;;;;;;;
entity_0739;figur_0651;Schwache Personen;u;;;;generic, group;;;;;;;;;;;;;;;;;;;;;;;;;;;Schwache Personen;;;;;;;;;;;;
entity_0740;figur_0652;Kranke Personen;u;;;;generic, group;;;;;;;;;;;;;;;;;;;;;;;;;;;Kranke Personen;;;;;;;;;;;;
entity_0741;figur_0653;Menschen die Kunst nicht würdig behandeln;u;;;;generic, group;;;;;;;;;;;;;;;;;;;;;;;;;;;Menschen die Kunst nicht würdig behandeln;;;;;;;;;;;;
entity_0742;figur_0654;gefühlvoller Kenner;u;;;;generic, nonfact;;;;;;;;;;;;;;;;;;;;;;;;;;;gefühlvoller Kenner;;;;;;;;;;;;
entity_0743;figur_0655;Fröhliche Personen;u;;;;generic, group;;;;;;;;;;;;;;;;;;;;;;;;;;;Fröhliche Personen;;;;;;;;;;;;
entity_0744;figur_0658;Traurige Personen;u;;;;generic, group;;;;;;;;;;;;;;;;;;;;;;;;;;;Traurige Personen;;;;;;;;;;;;
entity_0745;figur_0662;gebildete Menschen;u;;;;generic, group;;;;;;;;;;;;;;;;;;;;;;;;;;;gebildete Menschen;;;;;;;;;;;;
entity_0746;figur_0667;Fremde;u;;;;generic, group;;;;;;;;;;;;;;;;;;;;;;;;;;;Fremde;;;;;;;;;;;;
entity_0747;figur_0668;Eltern;mf;;;;generic, group;;;;;;;;;;;;;;;;;;;;;;;;;;;Eltern;;;;;;;;;;;;
entity_0748;figur_0671;Gesellschaft;u;;;;generic, group;;;;;;;;;;;;;;;;;;;;;;;;;;;Gesellschaft;;;;;;;;;;;;
entity_0749;figur_0676;Personen mit seltsamem Charakter;u;;;;generic, group;;;;;;;;;;;;;;;;;;;;;;;;;;;Personen mit seltsamem Charakter;;;;;;;;;;;;
entity_0750;figur_0680;Maler;u;;;;generic;;;;;;;;;;;;;;;;;;;;;;;;;;;Maler;;;;;;;;;;;;
entity_0751;figur_0681;Kustoden von Kunst;u;;;;generic, group;;;;;;;;;;;;;;;;;;;;;;;;;;;Kustoden von Kunst;;;;;;;;;;;;
entity_0752;figur_0683;Liebhaber von Kunst;u;;;;generic, group;;;;;;;;;;;;;;;;;;;;;;;;;;;Liebhaber von Kunst;;;;;;;;;;;;
entity_0753;figur_0687;der einundzwanzigste der Kunst nicht würdig behandelt;u;;;;generic;;;;;;;;;;;;;;;;;;;;;;;;;;;der einundzwanzigste der Kunst nicht würdig behandelt;;;;;;;;;;;;
entity_0754;figur_0689;zwanzig Menschen die Kunst nicht würdig behandeln;u;;;;generic, group;;;;;;;;;;;;;;;;;;;;;;;;;;;zwanzig Menschen die Kunst nicht würdig behandeln;;;;;;;;;;;;
entity_0755;figur_0691;Gartenknaben;m;;;;generic, group;;;;;;;;;;;;;;;;;;;;;;;;;;;;Gartenknaben;;;;;;;;;;;
entity_0756;figur_0693;Knaben allgemein;m;;;;generic, group;;;;;;;;;;;;;;;;;;;;;;;;;;;;Knaben allgemein;;;;;;;;;;;
entity_0757;figur_0694;Frauen allgemein;f;;;;generic, group;;;;;;;;;;;;;;;;;;;;;;;;;;;;Frauen allgemein;;;;;;;;;;;
entity_0758;figur_0695;ein Frauenzimmer allgemein;f;;;;generic;;;;;;;;;;;;;;;;;;;;;;;;;;;;ein Frauenzimmer allgemein;;;;;;;;;;;
entity_0759;figur_0696;Mensch allgemein 5;u;;;;generic;;;;;;;;;;;;;;;;;;;;;;;;;;;;Mensch allgemein 5;;;;;;;;;;;
entity_0760;figur_0697;Lehrende;u;;;;generic;;;;;;;;;;;;;;;;;;;;;;;;;;;;Lehrende;;;;;;;;;;;
entity_0761;figur_0699;Jemand der das Affenbuch betrachtet;u;;;;generic, group;;;;;;;;;;;;;;;;;;;;;;;;;;;;Jemand der das Affenbuch betrachtet;;;;;;;;;;;
entity_0762;figur_0700;Einzelner;u;;;;generic;;;;;;;;;;;;;;;;;;;;;;;;;;;;Einzelner;;;;;;;;;;;
entity_0763;figur_0701;weibliches Geschlecht;f;;;;generic, group;;;;;;;;;;;;;;;;;;;;;;;;;;;;weibliches Geschlecht;;;;;;;;;;;
entity_0764;figur_0702;Männer allgemein 3;u;;;;generic, group;;;;;;;;;;;;;;;;;;;;;;;;;;;;Männer allgemein 3;;;;;;;;;;;
entity_0765;figur_0703;Männer allgemein 2;u;;;;generic, group;;;;;;;;;;;;;;;;;;;;;;;;;;;;Männer allgemein 2;;;;;;;;;;;
entity_0766;figur_0704;Lehrer;u;;;;generic;;;;;;;;;;;;;;;;;;;;;;;;;;;;Lehrer;;;;;;;;;;;
entity_0767;figur_0705;Kinder allgemein;u;;;;generic, group;;;;;;;;;;;;;;;;;;;;;;;;;;;;Kinder allgemein;;;;;;;;;;;
entity_0768;figur_0706;Reisender;u;;;;generic;;;;;;;;;;;;;;;;;;;;;;;;;;;;Reisender;;;;;;;;;;;
entity_0769;figur_0710;liebender verehrender Mann allgemein;m;;;;generic;;;;;;;;;;;;;;;;;;;;;;;;;;;;liebender verehrender Mann allgemein;;;;;;;;;;;
entity_0770;figur_0711;Mann im Allgemeinen;m;;;;generic;;;;;;;;;;;;;;;;;;;;;;;;;;;;Mann im Allgemeinen;;;;;;;;;;;
entity_0771;figur_0712;jede Frau;f;;;;generic;;;;;;;;;;;;;;;;;;;;;;;;;;;;jede Frau;;;;;;;;;;;
entity_0772;figur_0713;Zöglinge allgemein;u;;;;generic, group;;;;;;;;;;;;;;;;;;;;;;;;;;;;Zöglinge allgemein;;;;;;;;;;;
entity_0773;figur_0716;eine Frau allgemein;f;;;;generic;;;;;;;;;;;;;;;;;;;;;;;;;;;;eine Frau allgemein;;;;;;;;;;;
entity_0774;figur_0717;Frauenzimmer allgemein 2;f;;;;generic;;;;;;;;;;;;;;;;;;;;;;;;;;;;Frauenzimmer allgemein 2;;;;;;;;;;;
entity_0775;figur_0718;Naturforscher;m;;;;generic;;;;;;;;;;;;;;;;;;;;;;;;;;;;Naturforscher;;;;;;;;;;;
entity_0776;figur_0720;Priesterkaste;m;;;;generic, group;;;;;;;;;;;;;;;;;;;;;;;;;;;;Priesterkaste;;;;;;;;;;;
entity_0777;figur_0721;Erben eines Menschen;u;;;;generic, group;;;;;;;;;;;;;;;;;;;;;;;;;;;;Erben eines Menschen;;;;;;;;;;;
entity_0778;figur_0722;Personen mit denen jemand nahe verwandt ist;u;;;;generic;;;;;;;;;;;;;;;;;;;;;;;;;;;;Personen mit denen jemand nahe verwandt ist;;;;;;;;;;;
entity_0779;figur_0724;Lernende;u;;;;generic, group;;;;;;;;;;;;;;;;;;;;;;;;;;;;Lernende;;;;;;;;;;;
entity_0780;figur_0725;Mütter;f;;;;generic, group;;;;;;;;;;;;;;;;;;;;;;;;;;;;Mütter;;;;;;;;;;;
entity_0781;figur_0726;Mädchen allgemein;f;;;;generic, group;;;;;;;;;;;;;;;;;;;;;;;;;;;;Mädchen allgemein;;;;;;;;;;;
entity_0782;figur_0727;Männer allgemein 4;m;;;;generic, group;;;;;;;;;;;;;;;;;;;;;;;;;;;;Männer allgemein 4;;;;;;;;;;;
entity_0783;figur_0730;Eitle;u;;;;generic;;;;;;;;;;;;;;;;;;;;;;;;;;;;Eitle;;;;;;;;;;;
entity_0784;figur_0731;Ehefrauen;f;;;;generic, group;;;;;;;;;;;;;;;;;;;;;;;;;;;;Ehefrauen;;;;;;;;;;;
entity_0785;figur_0732;Erzieher allgemein;u;;;;generic, group;;;;;;;;;;;;;;;;;;;;;;;;;;;;Erzieher allgemein;;;;;;;;;;;
entity_0786;figur_0734;Frauen allgemein 2;f;;;;generic, group;;;;;;;;;;;;;;;;;;;;;;;;;;;;Frauen allgemein 2;;;;;;;;;;;
entity_0787;figur_0738;Menschheit allgemein;u;;;;generic, group;;;;;;;;;;;;;;;;;;;;;;;;;;;;Menschheit allgemein;;;;;;;;;;;
entity_0788;figur_0739;Mensch allgemein 2;u;;;;generic;;;;;;;;;;;;;;;;;;;;;;;;;;;;Mensch allgemein 2;;;;;;;;;;;
entity_0789;figur_0740;Mensch allgemein 6;u;;;;generic;;;;;;;;;;;;;;;;;;;;;;;;;;;;Mensch allgemein 6;;;;;;;;;;;
entity_0790;figur_0742;Lieblinge eines Menschen allgemein;u;;;;generic, group;;;;;;;;;;;;;;;;;;;;;;;;;;;;Lieblinge eines Menschen allgemein;;;;;;;;;;;
entity_0791;figur_0745;Mohren;u;;;;generic, group;;;;;;;;;;;;;;;;;;;;;;;;;;;;Mohren;;;;;;;;;;;
entity_0792;figur_0746;bekannte Menschen;u;;;;generic, group;;;;;;;;;;;;;;;;;;;;;;;;;;;;bekannte Menschen;;;;;;;;;;;
entity_0793;figur_0747;bedeutende Menschen;u;;;;generic, group;;;;;;;;;;;;;;;;;;;;;;;;;;;;bedeutende Menschen;;;;;;;;;;;
entity_0794;figur_0748;andere Frau;f;;;;generic;;;;;;;;;;;;;;;;;;;;;;;;;;;;andere Frau;;;;;;;;;;;
entity_0795;figur_0749;Wärterinnen;f;;;;generic, group;;;;;;;;;;;;;;;;;;;;;;;;;;;;Wärterinnen;;;;;;;;;;;
entity_0796;figur_0752;zu erziehende Kinder;u;;;;generic, group;;;;;;;;;;;;;;;;;;;;;;;;;;;;zu erziehende Kinder;;;;;;;;;;;
entity_0797;figur_0754;Menschen allgemein 2;u;;;;generic, group;;;;;;;;;;;;;;;;;;;;;;;;;;;;;Menschen allgemein 2;;;;;;;;;;
entity_0798;figur_0755;Menschen die ihren Grund und Boden zu nutzen genötigt sind;u;;;;generic, group;;;;;;;;;;;;;;;;;;;;;;;;;;;;;Menschen die ihren Grund und Boden zu nutzen genötigt sind;;;;;;;;;;
entity_0799;figur_0758;Sohn;m;;;;generic;;;;;;;;;;;;;;;;;;;;;;;;;;;;;Sohn;;;;;;;;;;
entity_0800;figur_0759;Sohn allgemein 2;m;;;;generic;;;;;;;;;;;;;;;;;;;;;;;;;;;;;Sohn allgemein 2;;;;;;;;;;
entity_0801;figur_0760;Vater allgemein 2;m;;;;generic;;;;;;;;;;;;;;;;;;;;;;;;;;;;;Vater allgemein 2;;;;;;;;;;
entity_0802;figur_0761;Menschen die sich mit Nächstvergangenem zu beschäftigen wissen;u;;;;generic, group;;;;;;;;;;;;;;;;;;;;;;;;;;;;;Menschen die sich mit Nächstvergangenem zu beschäftigen wissen;;;;;;;;;;
entity_0803;figur_0762;große und reiche Familien;u;;;;generic, group;;;;;;;;;;;;;;;;;;;;;;;;;;;;;große und reiche Familien;;;;;;;;;;
entity_0804;figur_0764;Menschen allgemein;u;;;;generic, group;;;;;;;;;;;;;;;;;;;;;;;;;;;;;Menschen allgemein;;;;;;;;;;
entity_0805;figur_0765;Vater eines Sohnes allgemein;m;;;;generic;;;;;;;;;;;;;;;;;;;;;;;;;;;;;Vater eines Sohnes allgemein;;;;;;;;;;
entity_0806;figur_0769;Eltern;mf;;;;generic;;;;;;;;;;;;;;;;;;;;;;;;;;;;;Eltern;;;;;;;;;;
entity_0807;figur_0772;Menschen allgemein 3;u;;;;generic, group;;;;;;;;;;;;;;;;;;;;;;;;;;;;;Menschen allgemein 3;;;;;;;;;;
entity_0808;figur_0773;Großvater großer und reicher Familien;m;;;;generic;;;;;;;;;;;;;;;;;;;;;;;;;;;;;Großvater großer und reicher Familien;;;;;;;;;;
entity_0809;figur_0774;Kinder;u;;;;generic;;;;;;;;;;;;;;;;;;;;;;;;;;;;;Kinder;;;;;;;;;;
entity_0810;figur_0777;Vater;m;;;;generic;;;;;;;;;;;;;;;;;;;;;;;;;;;;;Vater;;;;;;;;;;
entity_0811;figur_0779;Vater großer und reicher Familien;m;;;;generic;;;;;;;;;;;;;;;;;;;;;;;;;;;;;Vater großer und reicher Familien;;;;;;;;;;
entity_0812;figur_0780;Vielbesitzender;u;;;;generic;;;;;;;;;;;;;;;;;;;;;;;;;;;;;Vielbesitzender;;;;;;;;;;
entity_0813;figur_0781;Vorfahren großer und reicher Familien;u;;;;generic, group;;;;;;;;;;;;;;;;;;;;;;;;;;;;;Vorfahren großer und reicher Familien;;;;;;;;;;
entity_0814;figur_0785;Kind;u;;;;generic;;;;;;;;;;;;;;;;;;;;;;;;;;;;;;Kind;;;;;;;;;
entity_0815;figur_0786;Unmündige;u;;;;generic, group;;;;;;;;;;;;;;;;;;;;;;;;;;;;;;Unmündige;;;;;;;;;
entity_0816;figur_0787;Arme;u;;;;generic, group;;;;;;;;;;;;;;;;;;;;;;;;;;;;;;Arme;;;;;;;;;
entity_0817;figur_0789;eigensinnige Menschen;u;;;;generic, group;;;;;;;;;;;;;;;;;;;;;;;;;;;;;;eigensinnige Menschen;;;;;;;;;
entity_0818;figur_0790;Geliebter allgemein;m;;;;generic, group;;;;;;;;;;;;;;;;;;;;;;;;;;;;;;Geliebter allgemein;;;;;;;;;
entity_0819;figur_0791;Freunde allgemein;u;;;;generic, group;;;;;;;;;;;;;;;;;;;;;;;;;;;;;;Freunde allgemein;;;;;;;;;
entity_0820;figur_0792;Gärtner allgemein;m;;;;generic;;;;;;;;;;;;;;;;;;;;;;;;;;;;;;Gärtner allgemein;;;;;;;;;
entity_0821;figur_0793;Kinder;u;;;;generic, group;;;;;;;;;;;;;;;;;;;;;;;;;;;;;;Kinder;;;;;;;;;
entity_0822;figur_0811;Mensch allgemein 2;u;;;;generic;;;;;;;;;;;;;;;;;;;;;;;;;;;;;;;Mensch allgemein 2;;;;;;;;
entity_0823;figur_0815;Reisender;m;;;;generic;;;;;;;;;;;;;;;;;;;;;;;;;;;;;;;Reisender;;;;;;;;
entity_0824;figur_0824;Weiber allgemein;f;;;;generic, group;;;;;;;;;;;;;;;;;;;;;;;;;;;;;;;Weiber allgemein;;;;;;;;
entity_0825;figur_0826;junge Frauenzimmer allgemein;f;;;;generic, group;;;;;;;;;;;;;;;;;;;;;;;;;;;;;;;junge Frauenzimmer allgemein;;;;;;;;
entity_0826;figur_0842;Gutmeinende;u;;;;generic, group;;;;;;;;;;;;;;;;;;;;;;;;;;;;;;;Gutmeinende;;;;;;;;
entity_0827;figur_0843;Gäste;u;;;;generic, group;;;;;;;;;;;;;;;;;;;;;;;;;;;;;;;Gäste;;;;;;;;
entity_0828;figur_0844;Neugierige;u;;;;generic, group;;;;;;;;;;;;;;;;;;;;;;;;;;;;;;;Neugierige;;;;;;;;
entity_0829;figur_0845;Tochter;f;;;;generic;;;;;;;;;;;;;;;;;;;;;;;;;;;;;;;Tochter;;;;;;;;
entity_0830;figur_0850;Zögling;u;;;;generic;;;;;;;;;;;;;;;;;;;;;;;;;;;;;;;Zögling;;;;;;;;
entity_0831;figur_0851;jemand der für Tochter zu sorgen hat;u;;;;generic;;;;;;;;;;;;;;;;;;;;;;;;;;;;;;;jemand der für Tochter zu sorgen hat;;;;;;;;
entity_0832;figur_0852;unruhige Reisende;u;;;;generic, group;;;;;;;;;;;;;;;;;;;;;;;;;;;;;;;unruhige Reisende;;;;;;;;
entity_0833;figur_0854;Frauen allgemein;f;;;;generic, group;;;;;;;;;;;;;;;;;;;;;;;;;;;;;;;;Frauen allgemein;;;;;;;
entity_0834;figur_0855;Schweizer Mädchen;f;;;;generic, group;;;;;;;;;;;;;;;;;;;;;;;;;;;;;;;;Schweizer Mädchen;;;;;;;
entity_0835;figur_0856;Kind eines geliebten Mannes allgemein;u;;;;generic;;;;;;;;;;;;;;;;;;;;;;;;;;;;;;;;Kind eines geliebten Mannes allgemein;;;;;;;
entity_0836;figur_0857;Menge allgemein;u;;;;generic, group;;;;;;;;;;;;;;;;;;;;;;;;;;;;;;;;Menge allgemein;;;;;;;
entity_0837;figur_0863;geistreicher Erzähler;u;;;;generic;;;;;;;;;;;;;;;;;;;;;;;;;;;;;;;;geistreicher Erzähler;;;;;;;
entity_0838;figur_0864;geliebter Mann allgemein;m;;;;generic;;;;;;;;;;;;;;;;;;;;;;;;;;;;;;;;geliebter Mann allgemein;;;;;;;
entity_0839;figur_0865;Jemand der sich sein ganzes Leben als zuverlässiger Mann bewiesen hat;u;;;;generic;;;;;;;;;;;;;;;;;;;;;;;;;;;;;;;;;Jemand der sich sein ganzes Leben als zuverlässiger Mann bewiesen hat;;;;;;
entity_0840;figur_0866;Sohn allgemein;m;;;;generic;;;;;;;;;;;;;;;;;;;;;;;;;;;;;;;;;Sohn allgemein;;;;;;
entity_0841;figur_0867;Eltern allgemein;mf;;;;generic, group;;;;;;;;;;;;;;;;;;;;;;;;;;;;;;;;;Eltern allgemein;;;;;;
entity_0842;figur_0869;Mensch der in Alter frühere Jugendwünsche realisieren will;u;;;;generic;;;;;;;;;;;;;;;;;;;;;;;;;;;;;;;;;Mensch der in Alter frühere Jugendwünsche realisieren will;;;;;;
entity_0843;figur_0870;Mensch der vorwärts oder rückwärts greift;u;;;;generic;;;;;;;;;;;;;;;;;;;;;;;;;;;;;;;;;Mensch der vorwärts oder rückwärts greift;;;;;;
entity_0844;figur_0874;Mensch allgemein 2;u;;;;generic;;;;;;;;;;;;;;;;;;;;;;;;;;;;;;;;;Mensch allgemein 2;;;;;;
entity_0845;figur_0875;Kinder von Eltern allgemein;u;;;;generic, group;;;;;;;;;;;;;;;;;;;;;;;;;;;;;;;;;Kinder von Eltern allgemein;;;;;;
entity_0846;figur_0877;Kinder allgemein 2;u;;;;generic, group;;;;;;;;;;;;;;;;;;;;;;;;;;;;;;;;;Kinder allgemein 2;;;;;;
entity_0847;figur_0880;Vater allgemein;m;;;;generic;;;;;;;;;;;;;;;;;;;;;;;;;;;;;;;;;Vater allgemein;;;;;;
entity_0848;figur_0881;Weltmenschen;u;;;;generic, group;;;;;;;;;;;;;;;;;;;;;;;;;;;;;;;;;Weltmenschen;;;;;;
entity_0849;figur_0882;Einander fremde und gleichgültige Menschen;u;;;;generic, group;;;;;;;;;;;;;;;;;;;;;;;;;;;;;;;;;;Menschen;;;;;
entity_0850;figur_0883;junge Gatten;mf;;;;generic, group;;;;;;;;;;;;;;;;;;;;;;;;;;;;;;;;;;junge Gatten;;;;;
entity_0851;figur_0884;zartes Gemüt;u;;;;generic;;;;;;;;;;;;;;;;;;;;;;;;;;;;;;;;;;zartes Gemüt;;;;;
entity_0852;figur_0889;Liebende allgemein;mf;;;;generic, group;;;;;;;;;;;;;;;;;;;;;;;;;;;;;;;;;;Liebende allgemein;;;;;
entity_0853;figur_0898;die einzelnen;u;;;;generic, group;;;;;;;;;;;;;;;;;;;;;;;;;;;;;;;;;;;;die einzelnen;;;
entity_0854;figur_0899;zurückgezogene Menschen;u;;;;generic, group;;;;;;;;;;;;;;;;;;;;;;;;;;;;;;;;;;;;zurückgezogene Menschen;;;
entity_0855;figur_0900;seltsam unglücklicher Mensch;u;;;;generic;;;;;;;;;;;;;;;;;;;;;;;;;;;;;;;;;;;;seltsam unglücklicher Mensch;;;
entity_0856;figur_0901;Menschen allgemein 7;u;;;;generic, group;;;;;;;;;;;;;;;;;;;;;;;;;;;;;;;;;;;;Menschen allgemein 7;;;
entity_0857;figur_0902;Freunde;u;;;;generic, group;;;;;;;;;;;;;;;;;;;;;;;;;;;;;;;;;;;;Freunde;;;
entity_0858;figur_0903;Hausgenossen;u;;;;generic, group;;;;;;;;;;;;;;;;;;;;;;;;;;;;;;;;;;;;Hausgenossen;;;
entity_0859;figur_0904;Verwandte;u;;;;generic, group;;;;;;;;;;;;;;;;;;;;;;;;;;;;;;;;;;;;Verwandte;;;
entity_0860;figur_0905;alle die seltsam unglücklichen Menschen sehen;u;;;;generic, group;;;;;;;;;;;;;;;;;;;;;;;;;;;;;;;;;;;;alle die seltsam unglücklichen Menschen sehen;;;
entity_0861;figur_0906;Unglücklicher allgemein;u;;;;generic;;;;;;;;;;;;;;;;;;;;;;;;;;;;;;;;;;;;Unglücklicher allgemein;;;
entity_0862;figur_0909;Menschen allgemein 8;u;;;;generic, group;;;;;;;;;;;;;;;;;;;;;;;;;;;;;;;;;;;;Menschen allgemein 8;;;
entity_0863;figur_0910;Verirrte;u;;;;generic, group;;;;;;;;;;;;;;;;;;;;;;;;;;;;;;;;;;;;Verirrte;;;
entity_0864;figur_0914;Glückliche allgemein;u;;;;generic, group;;;;;;;;;;;;;;;;;;;;;;;;;;;;;;;;;;;;Glückliche allgemein;;;
entity_0865;figur_0916;Jeder der Unglücksort betritt;u;;;;generic, group;;;;;;;;;;;;;;;;;;;;;;;;;;;;;;;;;;;;Jeder der Unglücksort betritt;;;
entity_0866;figur_0918;Glücklicher allgemein;u;;;;generic;;;;;;;;;;;;;;;;;;;;;;;;;;;;;;;;;;;;Glücklicher allgemein;;;
entity_0867;figur_0920;Mensch allgemein;u;;;;generic;;;;;;;;;;;;;;;;;;;;;;;;;;;;;;;;;;;;Mensch allgemein;;;
entity_0868;figur_0921;Menschen allgemein 2;u;;;;generic, group;;;;;;;;;;;;;;;;;;;;;;;;;;;;;;;;;;;;Menschen allgemein 2;;;
entity_0869;figur_0922;Menschen allgemein 6;u;;;;generic, group;;;;;;;;;;;;;;;;;;;;;;;;;;;;;;;;;;;;Menschen allgemein 6;;;
entity_0870;figur_0924;Schüler;u;;;;generic, group;;;;;;;;;;;;;;;;;;;;;;;;;;;;;;;;;;;;Schüler;;;
entity_0871;figur_0925;Unglückliche;u;;;;generic, group;;;;;;;;;;;;;;;;;;;;;;;;;;;;;;;;;;;;Unglückliche;;;
entity_0872;figur_0926;geliebter Gegenstand;u;;;;generic;;;;;;;;;;;;;;;;;;;;;;;;;;;;;;;;;;;;geliebter Gegenstand;;;
entity_0873;figur_0933;jemand der Ordensgelübde mit Überlegung eingeht;u;;;;generic;;;;;;;;;;;;;;;;;;;;;;;;;;;;;;;;;;;;;;jemand der Ordensgelübde mit Überlegung eingeht;
entity_0874;figur_0937;Mensch allgemein;u;;;;generic;;;;;;;;;;;;;;;;;;;;;;;;;;;;;;;;;;;;;;Mensch allgemein;
entity_0875;figur_0941;Von Geboten angesprochener;u;;;;generic;;;;;;;;;;;;;;;;;;;;;;;;;;;;;;;;;;;;;;;Von Geboten angesprochener
entity_0876;figur_0942;Ehepaare allgemein;mf;;;;generic, group;;;;;;;;;;;;;;;;;;;;;;;;;;;;;;;;;;;;;;;Ehepaare allgemein
entity_0877;figur_0944;Mensch allgemein 2;u;;;;generic;;;;;;;;;;;;;;;;;;;;;;;;;;;;;;;;;;;;;;;Mensch allgemein 2
entity_0878;figur_0946;Kinder allgemein;u;;;;generic, group;;;;;;;;;;;;;;;;;;;;;;;;;;;;;;;;;;;;;;;Kinder allgemein
entity_0879;figur_0947;anderer Mensch;u;;;;generic;;;;;;;;;;;;;;;;;;;;;;;;;;;;;;;;;;;;;;;anderer Mensch
entity_0880;figur_0954;vorahnende Kinder allgemein;u;;;;generic, group;;;;;;;;;;;;;;;;;;;;;;;;;;;;;;;;;;;;;;;vorahnende Kinder allgemein
entity_0881;figur_0956;Jemand der Geliebten Gutes bringt;u;;;;generic;;;;;;;;;;;;;;;;;;;;;;;;;;;;;;;;;;;;;;;Jemand der Geliebten Gutes bringt
entity_0882;figur_0958;Jemand den man hasst;u;;;;generic;;;;;;;;;;;;;;;;;;;;;;;;;;;;;;;;;;;;;;;Jemand den man hasst
entity_0883;figur_0960;Andere Personen;u;;;;generic, group;;;;;;;;;;;;;;;;;;;;;;;;;;;;;;;;;;;;;;;Andere Personen
entity_0884;figur_0961;Lebendige;u;;;;generic, group;;;;;;;;;;;;;;;;;;;;;;;;;;;;;;;;;;;;;;;Lebendige
entity_0885;figur_0963;Mann allgemein;m;;;;generic;;;;;;;;;;;;;;;;;;;;;;;;;;;;;;;;;;;;;;;Mann allgemein
entity_0886;figur_0965;Gemeinde;u;;;;generic, group;;;;;;;;;;;;;;;;;;;;;;;;;;;;;;;;;;;;;;;Gemeinde
entity_0887;figur_0970;Fürst;m;;;;generic, group;;;;;;;;;;;;;;;;;;;;;;;;;;;;;;;;;;;;;;;Fürst
entity_0888;figur_0971;Glückliche;u;;;;generic;;;;;;;;;;;;;;;;;;;;;;;;;;;;;;;;;;;;;;;Glückliche
entity_0889;figur_0975;Nation;u;;;;generic, group;;;;;;;;;;;;;;;;;;;;;;;;;;;;;;;;;;;;;;;Nation
entity_0890;figur_0976;Mutter;f;;;;generic;;;;;;;;;;;;;;;;;;;;;;;;;;;;;;;;;;;;;;;Mutter
entity_0891;figur_0977;Vater;m;;;;generic;;;;;;;;;;;;;;;;;;;;;;;;;;;;;;;;;;;;;;;Vater
entity_0892;figur_0978;Unglückliche;u;;;;generic;;;;;;;;;;;;;;;;;;;;;;;;;;;;;;;;;;;;;;;Unglückliche
entity_0893;figur_0979;Weib allgemein;f;;;;generic;;;;;;;;;;;;;;;;;;;;;;;;;;;;;;;;;;;;;;;Weib allgemein
entity_0894;figur_0981;Völker;u;;;;generic, group;;;;;;;;;;;;;;;;;;;;;;;;;;;;;;;;;;;;;;;Völker
entity_0895;figur_0983;irgendein Mensch;u;;;;generic;;;;;;;;;;;;;;;;;;;;;;;;;;;;;;;;;;;;;;;irgendein Mensch
entity_0896;figur_0037;Wer ein Bessers will als er hat;u;;;;generic;;;;;Wer ein Bessers will als er hat;;;;;;;;;;;;;;;;;;;;;;;;;;;;;;;;;;
entity_0897;figur_0042;Auf Namensbedeutung Abergläubische;u;;;;generic, group;;;;;Auf Namensbedeutung Abergläubische;;;;;;;;;;;;;;;;;;;;;;;;;;;;;;;;;;
entity_0898;figur_0054;Personen die sich aus Liebhaberei mit Gartenkunst beschäftigen;u;;;;generic, group;;;;;;Personen;;;;;;;;;;;;;;;;;;;;;;;;;;;;;;;;;
entity_0899;figur_0075;Mensch im Allgemeinen 2;u;;;;generic;;;;;;;Mensch im Allgemeinen 2;;;;;;;;;;;;;;;;;;;;;;;;;;;;;;;;
entity_0900;figur_0076;Jemand dem Eduard vorliest;u;;;;generic;;;;;;;Jemand dem Eduard vorliest;;;;;;;;;;;;;;;;;;;;;;;;;;;;;;;;
entity_0901;figur_0082;jemand der nicht durch sinnliches Anschauen mit dem Begriff Wahlverwandtschaft versöhnt ist;u;;;;generic;;;;;;;jemand 1;;;;;;;;;;;;;;;;;;;;;;;;;;;;;;;;
entity_0902;figur_0083;Einungskünstler im Allgemeinen;u;;;;generic;;;;;;;Einungskünstler im Allgemeinen;;;;;;;;;;;;;;;;;;;;;;;;;;;;;;;;
entity_0903;figur_0087;Jemand der Eduard ins Buch sieht;u;;;;generic;;;;;;;Jemand der Eduard ins Buch sieht;;;;;;;;;;;;;;;;;;;;;;;;;;;;;;;;
entity_0904;figur_0091;Menschen denen es unerträglich ist, wenn ihnen jemand ins Buch sieht;u;;;;generic, group;;;;;;;Menschen;;;;;;;;;;;;;;;;;;;;;;;;;;;;;;;;
entity_0905;figur_0109;Jemand der von Ottilie etwas fordert allgemein;u;;;;generic;;;;;;;;Fordernder;;;;;;;;;;;;;;;;;;;;;;;;;;;;;;;
entity_0906;figur_0112;Lehrer allgemein;u;;;;generic, group;;;;;;;;Lehrer allgemein;;;;;;;;;;;;;;;;;;;;;;;;;;;;;;;
entity_0907;figur_0126;Menschen mit denen man zu leben hat;u;;;;generic, group;;;;;;;;;Menschen mit denen man zu leben hat;;;;;;;;;;;;;;;;;;;;;;;;;;;;;;
entity_0908;figur_0140;Bauern allgemein;u;;;;generic, group;;;;;;;;;Bauern allgemein;;;;;;;;;;;;;;;;;;;;;;;;;;;;;;
entity_0909;figur_0129;Bürger allgemein;u;;;;generic, group;;;;;;;;;Bürger allgemein;;;;;;;;;;;;;;;;;;;;;;;;;;;;;;
entity_0910;figur_0178;Jemand der auf hohem Punkt steht;u;;;;generic;;;;;;;;;;;;Jemand der auf hohem Punkt steht;;;;;;;;;;;;;;;;;;;;;;;;;;;
entity_0911;figur_0225;Ehepartner der zum dritten Mal heiratet;u;;;;generic;;;;;;;;;;;;;Ehepartner der zum dritten Mal heiratet;;;;;;;;;;;;;;;;;;;;;;;;;;
entity_0912;figur_0261;von Sarmaten geliebte und verehrte Person;u;;;;generic;;;;;;;;;;;;;;von Sarmaten geliebte und verehrte Person;;;;;;;;;;;;;;;;;;;;;;;;;
entity_0913;figur_0268;Diejenigen die über den See fahren;u;;;;generic, group;;;;;;;;;;;;;;;Reisende;;;;;;;;;;;;;;;;;;;;;;;;
entity_0914;figur_0303;Menschen allgemein;u;;;;generic, group;;;;;;;;;;;;;;;;;;Menschen allgemein;;;;;;;;;;;;;;;;;;;;;
entity_0915;figur_0346;Jemand der mehr lieben kann als Eduard;u;;;;generic, nonfact;;;;;;;;;;;;;;;;;;;;;Jemand der mehr lieben kann als Eduard;;;;;;;;;;;;;;;;;;
entity_0916;figur_0351;Tränenreiche Männer;m;;;;generic, group;;;;;;;;;;;;;;;;;;;;;Tränenreiche Männer;;;;;;;;;;;;;;;;;;
entity_0917;figur_0395;Dichter;m;;;;generic;;;;;;;;;;;;;;;;;;;;;;Dichter;;;;;;;;;;;;;;;;;
entity_0918;figur_0426;Mensch allgemein 4;u;;;;generic;;;;;;;;;;;;;;;;;;;;;;;Mensch allgemein 4;;;;;;;;;;;;;;;;
entity_0919;figur_0445;Menschen allgemein 5;u;;;;generic, group;;;;;;;;;;;;;;;;;;;;;;;Menschen allgemein 5;;;;;;;;;;;;;;;;
entity_0920;figur_0446;die Unsrigen;u;;;;generic, group;;;;;;;;;;;;;;;;;;;;;;;die Unsrigen;;;;;;;;;;;;;;;;
entity_0921;figur_0449;geliebte Personen;u;;;;generic, group;;;;;;;;;;;;;;;;;;;;;;;geliebte Personen;;;;;;;;;;;;;;;;
entity_0922;figur_0453;Mensch allgemein 3;u;;;;generic;;;;;;;;;;;;;;;;;;;;;;;;Mensch allgemein 3;;;;;;;;;;;;;;;
entity_0923;figur_0464;Baumeister;m;;;;generic;;;;;;;;;;;;;;;;;;;;;;;;Baumeister;;;;;;;;;;;;;;;
entity_0924;figur_0509;Menschen allgemein 11;u;;;;generic, group;;;;;;;;;;;;;;;;;;;;;;;;;Menschen allgemein 11;;;;;;;;;;;;;;
entity_0925;figur_0569;Menschen allgemein 4;u;;;;generic;;;;;;;;;;;;;;;;;;;;;;;;;;Menschen allgemein 4;;;;;;;;;;;;;
entity_0926;figur_0574;Menschen allgemein 3;u;;;;generic, group;;;;;;;;;;;;;;;;;;;;;;;;;;Menschen allgemein 3;;;;;;;;;;;;;
entity_0927;figur_0698;Menschen allgemein 2;u;;;;generic, group;;;;;;;;;;;;;;;;;;;;;;;;;;;;Menschen allgemein 2;;;;;;;;;;;
entity_0928;figur_0714;Frauen allgemein 3;f;;;;generic, group;;;;;;;;;;;;;;;;;;;;;;;;;;;;Frauen allgemein 3;;;;;;;;;;;
entity_0929;figur_0715;Menschen allgemein 4;u;;;;generic, group;;;;;;;;;;;;;;;;;;;;;;;;;;;;Menschen allgemein 4;;;;;;;;;;;
entity_0930;figur_0723;Menschen allgemein 3;u;;;;generic, group;;;;;;;;;;;;;;;;;;;;;;;;;;;;Menschen allgemein 3;;;;;;;;;;;
entity_0931;figur_0736;Mensch allgemein 1;u;;;;generic;;;;;;;;;;;;;;;;;;;;;;;;;;;;Mensch allgemein 1;;;;;;;;;;;
entity_0932;figur_0741;Menschen allgemein 1;u;;;;generic, group;;;;;;;;;;;;;;;;;;;;;;;;;;;;Menschen allgemein 1;;;;;;;;;;;
entity_0933;figur_0737;Jugend;u;;;;generic, group;;;;;;;;;;;;;;;;;;;;;;;;;;;;Jugend;;;;;;;;;;;
entity_0934;figur_0783;ältere Personen;u;;;;generic, group;;;;;;;;;;;;;;;;;;;;;;;;;;;;;ältere Personen;;;;;;;;;;
entity_0935;figur_0784;Menschen allgemein;u;;;;generic, group;;;;;;;;;;;;;;;;;;;;;;;;;;;;;;Menschen allgemein;;;;;;;;;
entity_0936;figur_0800;Menschen allgemein 3;u;;;;generic, group;;;;;;;;;;;;;;;;;;;;;;;;;;;;;;;Menschen allgemein 3;;;;;;;;
entity_0937;figur_0804;Menschen allgemein;u;;;;generic, group;;;;;;;;;;;;;;;;;;;;;;;;;;;;;;;Menschen allgemein;;;;;;;;
entity_0938;figur_0808;Menschen allgemein 4;u;;;;generic, group;;;;;;;;;;;;;;;;;;;;;;;;;;;;;;;Menschen allgemein 4;;;;;;;;
entity_0939;figur_0816;ein Jüngling nach dem sich junge Frauenzimmer sehnen;m;;;;generic;;;;;;;;;;;;;;;;;;;;;;;;;;;;;;;ein Jüngling nach dem sich junge Frauenzimmer sehnen;;;;;;;;
entity_0940;figur_0822;Jeder der eine allgemeine Betrachtung in einer Gesellschaft ausspricht;u;;;;generic;;;;;;;;;;;;;;;;;;;;;;;;;;;;;;;Jeder der eine allgemeine Betrachtung in einer Gesellschaft ausspricht;;;;;;;;
entity_0941;figur_0837;Frauen;f;;;;generic, group;;;;;;;;;;;;;;;;;;;;;;;;;;;;;;;Frauen;;;;;;;;
entity_0942;figur_0868;Mensch allgemein 3;u;;;;generic;;;;;;;;;;;;;;;;;;;;;;;;;;;;;;;;;Mensch allgemein 3;;;;;;
entity_0943;figur_0879;Menschen allgemein;u;;;;generic, group;;;;;;;;;;;;;;;;;;;;;;;;;;;;;;;;;Menschen allgemein;;;;;;
entity_0944;figur_0892;Menschen allgemein;u;;;;generic, group;;;;;;;;;;;;;;;;;;;;;;;;;;;;;;;;;;;Menschen allgemein;;;;
entity_0945;figur_0908;Menschen allgemein 3;u;;;;generic, group;;;;;;;;;;;;;;;;;;;;;;;;;;;;;;;;;;;;Menschen allgemein 3;;;
entity_0946;figur_0913;Menschen allgemein 4;u;;;;generic, group;;;;;;;;;;;;;;;;;;;;;;;;;;;;;;;;;;;;Menschen allgemein 4;;;
entity_0947;figur_0915;Menschen allgemein;u;;;;generic, group;;;;;;;;;;;;;;;;;;;;;;;;;;;;;;;;;;;;Menschen allgemein;;;
entity_0948;figur_0929;Menschen allgemein;u;;;;generic, group;;;;;;;;;;;;;;;;;;;;;;;;;;;;;;;;;;;;;Menschen allgemein;;
entity_0949;figur_0930;Mensch allgemein 2;u;;;;generic;;;;;;;;;;;;;;;;;;;;;;;;;;;;;;;;;;;;;;Mensch allgemein 2;
entity_0950;figur_0931;Menschen allgemein;u;;;;generic, group;;;;;;;;;;;;;;;;;;;;;;;;;;;;;;;;;;;;;;Menschen allgemein;
entity_0951;figur_0935;Menschen allgemein 3;u;;;;generic, group;;;;;;;;;;;;;;;;;;;;;;;;;;;;;;;;;;;;;;Menschen allgemein 3;
entity_0952;figur_0943;Mensch allgemein;u;;;;generic;;;;;;;;;;;;;;;;;;;;;;;;;;;;;;;;;;;;;;;Mensch allgemein
entity_0953;figur_0972;Geliebte von Jemand;u;;;;generic, nonfact;;;;;;;;;;;;;;;;;;;;;;;;;;;;;;;;;;;;;;;Geliebte von Jemand
entity_0954;figur_0984;gebildete vernünftige Völker;u;;;;generic, group;;;;;;;;;;;;;;;;;;;;;;;;;;;;;;;;;;;;;;;gebildete vernünftige Völker
entity_0955;;Menschen allgemein;u;;;;generic, group;;;;;;;;;;;;;;;;;;;;;;;;;;;;;;;;;;;;;;;Menschen allgemein