i	token	is_section_start	gold	pred
5008	2.	1		
5009	Trudchen	0	(mention_id=632|references=(entity=(entity_id=entity_0004|fullname=Gertrud Baumhagen|gender=f)))	(mention_id=635|references=(entity=(entity_id=12|fullname=Gertrud|gender=f)))
5010	Baumhagen	0	(mention_id=632|references=(entity=(entity_id=entity_0004|fullname=Gertrud Baumhagen|gender=f)))	(mention_id=635|references=(entity=(entity_id=12|fullname=Gertrud|gender=f)))
5011	war	0		
5012	rasch	0		
5013	über	0		
5014	den	0		
5015	stillen	0		
5016	Kirchplatz	0		
5017	geschritten	0		
5018	,	0		
5019	hatte	0		
5020	in	0		
5021	der	0		
5022	gegenüberliegenden	0		
5023	Mauer	0		
5024	eine	0		
5025	Pforte	0		
5026	geöffnet	0		
5027	und	0		
5028	stand	0		
5029	nun	0		
5030	auf	0		
5031	väterlichem	0		
5032	Boden	0		
5033	.	0		
5034	Ziemlich	0		
5035	eilig	0		
5036	ging	0		
5037	sie	0	(mention_id=633|references=(entity=(entity_id=entity_0004|fullname=Gertrud Baumhagen|gender=f)))	(mention_id=636|references=(entity=(entity_id=12|fullname=Gertrud|gender=f)))
5038	durch	0		
5039	die	0		
5040	mit	0		
5041	Buchs	0		
5042	eingefaßten	0		
5043	Wege	0		
5044	des	0		
5045	im	0		
5046	altfranzösischen	0		
5047	Stile	0		
5048	angelegten	0		
5049	Gartens	0		
5050	und	0		
5051	über	0		
5052	einen	0		
5053	stillen	0		
5054	geräumigen	0		
5055	Hof	0		
5056	in	0		
5057	das	0		
5058	Haus	0		
5059	.	0		
5060	Auf	0		
5061	dem	0		
5062	großen	0		
5063	gewölbten	0		
5064	Flur	0		
5065	traf	0		
5066	sie	0	(mention_id=634|references=(entity=(entity_id=entity_0004|fullname=Gertrud Baumhagen|gender=f)))	(mention_id=637|references=(entity=(entity_id=12|fullname=Gertrud|gender=f)))
5067	ihren	0	(mention_id=635|references=(entity=(entity_id=entity_0004|fullname=Gertrud Baumhagen|gender=f)))	(mention_id=638|references=(entity=(entity_id=12|fullname=Gertrud|gender=f)))
5068	Schwager	0	(mention_id=636|references=(entity=(entity_id=entity_0007|fullname=Artur Fredrich|gender=m)))	(mention_id=639|references=(entity=(entity_id=1|fullname=Artur|gender=m)))
5069	neben	0		
5070	einem	0		
5071	Fahrrad	0		
5072	stehend	0		
5073	.	0		
5074	Er	0	(mention_id=637|references=(entity=(entity_id=entity_0007|fullname=Artur Fredrich|gender=m)))	(mention_id=640|references=(entity=(entity_id=1|fullname=Artur|gender=m)))
5075	war	0		
5076	sehr	0		
5077	elegant	0		
5078	und	0		
5079	nach	0		
5080	neuester	0		
5081	Mode	0		
5082	gekleidet	0		
5083	,	0		
5084	auf	0		
5085	dem	0		
5086	blauen	0		
5087	Schlips	0		
5088	funkelte	0		
5089	ein	0		
5090	köstlicher	0		
5091	Brillant	0		
5092	,	0		
5093	ebenso	0		
5094	an	0		
5095	der	0		
5096	feinen	0		
5097	Hand	0		
5098	.	0		
5099	Er	0	(mention_id=638|references=(entity=(entity_id=entity_0007|fullname=Artur Fredrich|gender=m)))	(mention_id=641|references=(entity=(entity_id=1|fullname=Artur|gender=m)))
5100	war	0		
5101	blond	0		
5102	,	0		
5103	hatte	0		
5104	eine	0		
5105	rosige	0		
5106	Gesichtsfarbe	0		
5107	und	0		
5108	einen	0		
5109	kleinen	0		
5110	Schnurrbart	0		
5111	über	0		
5112	der	0		
5113	Oberlippe	0		
5114	und	0		
5115	mochte	0		
5116	etwa	0		
5117	dreißig	0		
5118	Jahre	0		
5119	zählen	0		
5120	.	0		
5121	Ein	0		
5122	Diener	0	(mention_id=639|references=(entity=(entity_id=entity_0115|fullname=Diener von Artur Fredrich|gender=m)))	(mention_id=642|references=(entity=(entity_id=44|fullname=der Diener|gender=m)))
5123	war	0		
5124	beschäftigt	0		
5125	,	0		
5126	den	0		
5127	glänzenden	0		
5128	Stahl	0		
5129	des	0		
5130	Vehikels	0		
5131	mit	0		
5132	einem	0		
5133	Lederlappen	0		
5134	abzureiben	0		
5135	.	0		
5136	»	0		
5137	Nun	0		
5138	«	0		
5139	,	0		
5140	fragte	0		
5141	das	0		
5142	junge	0		
5143	Mädchen	0	(mention_id=640|references=(entity=(entity_id=entity_0004|fullname=Gertrud Baumhagen|gender=f)))	(mention_id=643|references=(entity=(entity_id=12|fullname=Gertrud|gender=f)))
5144	freundlich	0		
5145	,	0		
5146	»	0		
5147	willst	0		
5148	du	0	(mention_id=641|references=(entity=(entity_id=entity_0007|fullname=Artur Fredrich|gender=m)))	(mention_id=644|references=(entity=(entity_id=1|fullname=Artur|gender=m)))
5149	ausreiten	0		
5150	,	0		
5151	Artur	0	(mention_id=642|references=(entity=(entity_id=entity_0007|fullname=Artur Fredrich|gender=m)))	(mention_id=645|references=(entity=(entity_id=1|fullname=Artur|gender=m)))
5152	?	0		
5153	«	0		
5154	»	0		
5155	Ausreißen	0		
5156	,	0		
5157	meinst	0		
5158	du	0	(mention_id=643|references=(entity=(entity_id=entity_0004|fullname=Gertrud Baumhagen|gender=f)))	(mention_id=646|references=(entity=(entity_id=12|fullname=Gertrud|gender=f)))
5159	,	0		
5160	Trudchen	0	(mention_id=644|references=(entity=(entity_id=entity_0004|fullname=Gertrud Baumhagen|gender=f)))	(mention_id=647|references=(entity=(entity_id=12|fullname=Gertrud|gender=f)))
5161	?	0		
5162	Ja	0		
5163	,	0		
5164	ja	0		
5165	,	0		
5166	was	0		
5167	soll	0		
5168	man	0		
5169	anfangen	0		
5170	!	0		
5171	«	0		
5172	gab	0		
5173	er	0	(mention_id=645|references=(entity=(entity_id=entity_0007|fullname=Artur Fredrich|gender=m)))	(mention_id=648|references=(entity=(entity_id=1|fullname=Artur|gender=m)))
5174	verdrießlich	0		
5175	zur	0		
5176	Antwort	0		
5177	.	0		
5178	»	0		
5179	Jenny	0	(mention_id=646|references=(entity=(entity_id=entity_0006|fullname=Jenny Fredrich, geb. Baumhagen|gender=f)))	(mention_id=649|references=(entity=(entity_id=16|fullname=Jenny|gender=f)))
5180	hat	0		
5181	ja	0		
5182	heute	0		
5183	ausnahmsweise	0		
5184	wieder	0		
5185	einmal	0		
5186	einen	0		
5187	Damentee	0		
5188	arrangiert	0		
5189	–	0		
5190	da	0		
5191	bin	0		
5192	ich	0	(mention_id=647|references=(entity=(entity_id=entity_0007|fullname=Artur Fredrich|gender=m)))	(mention_id=650|references=(entity=(entity_id=1|fullname=Artur|gender=m)))
5193	überflüssig	0		
5194	.	0		
5195	Ich	0	(mention_id=648|references=(entity=(entity_id=entity_0007|fullname=Artur Fredrich|gender=m)))	(mention_id=651|references=(entity=(entity_id=1|fullname=Artur|gender=m)))
5196	fahre	0		
5197	mit	0		
5198	Karl	0	(mention_id=649|references=(entity=(entity_id=entity_0078|fullname=Karl Röben|gender=m)))	(mention_id=652|references=(entity=(entity_id=19|fullname=Karl Röben|gender=m)))
5199	Röben	0	(mention_id=649|references=(entity=(entity_id=entity_0078|fullname=Karl Röben|gender=m)))	(mention_id=652|references=(entity=(entity_id=19|fullname=Karl Röben|gender=m)))
5200	nach	0		
5201	Bodenstedt	0		
5202	–	0		
5203	sehe	0		
5204	jeder	0	(mention_id=650|references=(entity=(entity_id=entity_0006|fullname=Jenny Fredrich, geb. Baumhagen|gender=f)),(entity=(entity_id=entity_0007|fullname=Artur Fredrich|gender=m)),(entity=(entity_id=generic_0036|fullname=Jeder|gender=u|specialcase_entity=generic)))	(mention_id=653|references=(entity=(entity_id=generic_0001|fullname=jeder im Allgemeinen|gender=u|specialcase_entity=generic)))
5205	,	0		
5206	wo	0		
5207	er	0	(mention_id=651|references=(entity=(entity_id=entity_0006|fullname=Jenny Fredrich, geb. Baumhagen|gender=f)),(entity=(entity_id=entity_0007|fullname=Artur Fredrich|gender=m)),(entity=(entity_id=generic_0037|fullname=Jeder|gender=u|specialcase_entity=generic)))	(mention_id=654|references=(entity=(entity_id=generic_0002|fullname=jeder im Allgemeinen|gender=u|specialcase_entity=generic)))
5208	bleibe	0		
5209	.	0		
5210	«	0		
5211	»	0		
5212	Ich	0	(mention_id=652|references=(entity=(entity_id=entity_0004|fullname=Gertrud Baumhagen|gender=f)))	(mention_id=655|references=(entity=(entity_id=12|fullname=Gertrud|gender=f)))
5213	will	0		
5214	eben	0		
5215	einmal	0		
5216	hinauf	0		
5217	zu	0		
5218	euch	0	(mention_id=653|references=(entity=(entity_id=entity_0006|fullname=Jenny Fredrich, geb. Baumhagen|gender=f)),(entity=(entity_id=entity_0007|fullname=Artur Fredrich|gender=m)))	(mention_id=656|references=(entity=(entity_id=1|fullname=Artur|gender=m)),(entity=(entity_id=16|fullname=Jenny|gender=f)))
5219	«	0		
5220	,	0		
5221	nickte	0		
5222	das	0		
5223	Mädchen	0	(mention_id=654|references=(entity=(entity_id=entity_0004|fullname=Gertrud Baumhagen|gender=f)))	(mention_id=657|references=(entity=(entity_id=12|fullname=Gertrud|gender=f)))
5224	,	0		
5225	»	0		
5226	ich	0	(mention_id=655|references=(entity=(entity_id=entity_0004|fullname=Gertrud Baumhagen|gender=f)))	(mention_id=658|references=(entity=(entity_id=12|fullname=Gertrud|gender=f)))
5227	bin	0		
5228	böse	0		
5229	auf	0		
5230	Jenny	0	(mention_id=656|references=(entity=(entity_id=entity_0006|fullname=Jenny Fredrich, geb. Baumhagen|gender=f)))	(mention_id=659|references=(entity=(entity_id=16|fullname=Jenny|gender=f)))
5231	,	0		
5232	ich	0	(mention_id=657|references=(entity=(entity_id=entity_0004|fullname=Gertrud Baumhagen|gender=f)))	(mention_id=660|references=(entity=(entity_id=12|fullname=Gertrud|gender=f)))
5233	will	0		
5234	sie	0	(mention_id=658|references=(entity=(entity_id=entity_0006|fullname=Jenny Fredrich, geb. Baumhagen|gender=f)))	(mention_id=661|references=(entity=(entity_id=16|fullname=Jenny|gender=f)))
5235	schelten	0		
5236	.	0		
5237	«	0		
5238	»	0		
5239	Na	0		
5240	,	0		
5241	wenn	0		
5242	du	0	(mention_id=659|references=(entity=(entity_id=entity_0004|fullname=Gertrud Baumhagen|gender=f)))	(mention_id=662|references=(entity=(entity_id=12|fullname=Gertrud|gender=f)))
5243	nur	0		
5244	nicht	0		
5245	den	0		
5246	kürzeren	0		
5247	ziehst	0		
5248	,	0		
5249	teuerste	0		
5250	Schwägerin	0	(mention_id=660|references=(entity=(entity_id=entity_0004|fullname=Gertrud Baumhagen|gender=f)))	(mention_id=663|references=(entity=(entity_id=12|fullname=Gertrud|gender=f)))
5251	«	0		
5252	,	0		
5253	rief	0		
5254	Artur	0	(mention_id=661|references=(entity=(entity_id=entity_0007|fullname=Artur Fredrich|gender=m)))	(mention_id=664|references=(entity=(entity_id=1|fullname=Artur|gender=m)))
5255	Fredrich	0	(mention_id=661|references=(entity=(entity_id=entity_0007|fullname=Artur Fredrich|gender=m)))	(mention_id=664|references=(entity=(entity_id=1|fullname=Artur|gender=m)))
5256	lachend	0		
5257	.	0		
5258	Sie	0	(mention_id=662|references=(entity=(entity_id=entity_0004|fullname=Gertrud Baumhagen|gender=f)))	(mention_id=665|references=(entity=(entity_id=12|fullname=Gertrud|gender=f)))
5259	schüttelte	0		
5260	ernsthaft	0		
5261	den	0		
5262	Kopf	0		
5263	und	0		
5264	stieg	0		
5265	die	0		
5266	breite	0		
5267	Treppe	0		
5268	empor	0		
5269	,	0		
5270	deren	0		
5271	dunkles	0		
5272	geschnitztes	0		
5273	Geländer	0		
5274	gut	0		
5275	harmonierte	0		
5276	mit	0		
5277	dem	0		
5278	purpurroten	0		
5279	Smyrnateppich	0		
5280	,	0		
5281	der	0		
5282	die	0		
5283	Stufen	0		
5284	bedeckte	0		
5285	,	0		
5286	durch	0		
5287	blitzende	0		
5288	Messingstäbe	0		
5289	festgehalten	0		
5290	.	0		
5291	Riesige	0		
5292	Lorbeerbäume	0		
5293	in	0		
5294	Kübeln	0		
5295	standen	0		
5296	zu	0		
5297	beiden	0		
5298	Seiten	0		
5299	der	0		
5300	hohen	0		
5301	Entreetür	0		
5302	,	0		
5303	die	0		
5304	in	0		
5305	den	0		
5306	ersten	0		
5307	Stock	0		
5308	führte	0		
5309	,	0		
5310	links	0		
5311	davon	0		
5312	setzte	0		
5313	sich	0		
5314	die	0		
5315	Treppe	0		
5316	zur	0		
5317	oberen	0		
5318	Etage	0		
5319	fort	0		
5320	.	0		
5321	Trudchen	0	(mention_id=663|references=(entity=(entity_id=entity_0004|fullname=Gertrud Baumhagen|gender=f)))	(mention_id=666|references=(entity=(entity_id=12|fullname=Gertrud|gender=f)))
5322	Baumhagen	0	(mention_id=663|references=(entity=(entity_id=entity_0004|fullname=Gertrud Baumhagen|gender=f)))	(mention_id=666|references=(entity=(entity_id=12|fullname=Gertrud|gender=f)))
5323	drückte	0		
5324	auf	0		
5325	den	0		
5326	Knopf	0		
5327	der	0		
5328	elektrischen	0		
5329	Klingel	0		
5330	.	0		
5331	Gleich	0		
5332	darauf	0		
5333	öffnete	0		
5334	ein	0		
5335	Dienstmädchen	0	(mention_id=664|references=(entity=(entity_id=entity_0117|fullname=Dienstmädchen von Jenny Fredrich|gender=f)))	(mention_id=667|references=(entity=(entity_id=20|fullname=Karoline|gender=f)))
5336	in	0		
5337	blendend	0		
5338	weißer	0		
5339	Schürze	0		
5340	,	0		
5341	und	0		
5342	eine	0		
5343	helle	0		
5344	Stimme	0		
5345	rief	0		
5346	:	0		
5347	»	0		
5348	Jawohl	0		
5349	!	0		
5350	jawohl	0		
5351	,	0		
5352	ich	0	(mention_id=665|references=(entity=(entity_id=entity_0006|fullname=Jenny Fredrich, geb. Baumhagen|gender=f)))	(mention_id=668|references=(entity=(entity_id=16|fullname=Jenny|gender=f)))
5353	bin	0		
5354	zu	0		
5355	Hause	0		
5356	–	0		
5357	du	0	(mention_id=666|references=(entity=(entity_id=entity_0004|fullname=Gertrud Baumhagen|gender=f)))	(mention_id=669|references=(entity=(entity_id=12|fullname=Gertrud|gender=f)))
5358	kommst	0		
5359	wie	0		
5360	gerufen	0		
5361	,	0		
5362	Trudchen	0	(mention_id=667|references=(entity=(entity_id=entity_0004|fullname=Gertrud Baumhagen|gender=f)))	(mention_id=670|references=(entity=(entity_id=12|fullname=Gertrud|gender=f)))
5363	!	0		
5364	«	0		
5365	In	0		
5366	dem	0		
5367	großen	0		
5368	Vorflur	0		
5369	,	0		
5370	der	0		
5371	zu	0		
5372	einer	0		
5373	sogenannten	0		
5374	altdeutschen	0		
5375	Diele	0		
5376	umgewandelt	0		
5377	war	0		
5378	,	0		
5379	stand	0		
5380	an	0		
5381	einem	0		
5382	Kredenztisch	0		
5383	eine	0		
5384	junge	0		
5385	Frau	0	(mention_id=668|references=(entity=(entity_id=entity_0006|fullname=Jenny Fredrich, geb. Baumhagen|gender=f)))	(mention_id=671|references=(entity=(entity_id=16|fullname=Jenny|gender=f)))
5386	,	0		
5387	beschäftigt	0		
5388	,	0		
5389	allerhand	0		
5390	Silbersachen	0		
5391	aus	0		
5392	dem	0		
5393	geöffneten	0		
5394	Schranke	0		
5395	zu	0		
5396	nehmen	0		
5397	.	0		
5398	Sie	0	(mention_id=669|references=(entity=(entity_id=entity_0006|fullname=Jenny Fredrich, geb. Baumhagen|gender=f)))	(mention_id=672|references=(entity=(entity_id=16|fullname=Jenny|gender=f)))
5399	trug	0		
5400	ein	0		
5401	Hauskleid	0		
5402	aus	0		
5403	hellblauem	0		
5404	feinem	0		
5405	Wollstoff	0		
5406	,	0		
5407	verschwenderisch	0		
5408	mit	0		
5409	Spitzen	0		
5410	garniert	0		
5411	.	0		
5412	Unendlich	0		
5413	hübsch	0		
5414	war	0		
5415	sie	0	(mention_id=670|references=(entity=(entity_id=entity_0006|fullname=Jenny Fredrich, geb. Baumhagen|gender=f)))	(mention_id=673|references=(entity=(entity_id=16|fullname=Jenny|gender=f)))
5416	,	0		
5417	diese	0		
5418	junge	0		
5419	Frau	0	(mention_id=671|references=(entity=(entity_id=entity_0006|fullname=Jenny Fredrich, geb. Baumhagen|gender=f)))	(mention_id=674|references=(entity=(entity_id=16|fullname=Jenny|gender=f)))
5420	,	0		
5421	selbst	0		
5422	jetzt	0		
5423	,	0		
5424	wo	0		
5425	sie	0	(mention_id=672|references=(entity=(entity_id=entity_0006|fullname=Jenny Fredrich, geb. Baumhagen|gender=f)))	(mention_id=675|references=(entity=(entity_id=16|fullname=Jenny|gender=f)))
5426	eine	0		
5427	schmollende	0		
5428	Miene	0		
5429	annahm	0		
5430	.	0		
5431	Ähnlich	0		
5432	aber	0		
5433	sahen	0		
5434	sich	0	(mention_id=673|references=(entity=(entity_id=entity_0006|fullname=Jenny Fredrich, geb. Baumhagen|gender=f)),(entity=(entity_id=entity_0004|fullname=Gertrud Baumhagen|gender=f)))	(mention_id=676|references=(entity=(entity_id=16|fullname=Jenny|gender=f)),(entity=(entity_id=12|fullname=Gertrud|gender=f)))
5435	die	0		
5436	Schwestern	0	(mention_id=674|references=(entity=(entity_id=entity_0006|fullname=Jenny Fredrich, geb. Baumhagen|gender=f)),(entity=(entity_id=entity_0004|fullname=Gertrud Baumhagen|gender=f)))	(mention_id=677|references=(entity=(entity_id=16|fullname=Jenny|gender=f)),(entity=(entity_id=12|fullname=Gertrud|gender=f)))
5437	nicht	0		
5438	eine	0		
5439	Spur	0		
5440	.	0		
5441	»	0		
5442	Du	0	(mention_id=675|references=(entity=(entity_id=entity_0006|fullname=Jenny Fredrich, geb. Baumhagen|gender=f)))	(mention_id=678|references=(entity=(entity_id=16|fullname=Jenny|gender=f)))
5443	bist	0		
5444	ja	0		
5445	noch	0		
5446	gar	0		
5447	nicht	0		
5448	in	0		
5449	Toilette	0		
5450	,	0		
5451	Jenny	0	(mention_id=676|references=(entity=(entity_id=entity_0006|fullname=Jenny Fredrich, geb. Baumhagen|gender=f)))	(mention_id=679|references=(entity=(entity_id=16|fullname=Jenny|gender=f)))
5452	?	0		
5453	«	0		
5454	fragte	0		
5455	das	0		
5456	junge	0		
5457	Mädchen	0	(mention_id=677|references=(entity=(entity_id=entity_0004|fullname=Gertrud Baumhagen|gender=f)))	(mention_id=680|references=(entity=(entity_id=12|fullname=Gertrud|gender=f)))
5458	,	0		
5459	»	0		
5460	da	0		
5461	hätte	0		
5462	ich	0	(mention_id=678|references=(entity=(entity_id=entity_0004|fullname=Gertrud Baumhagen|gender=f)))	(mention_id=681|references=(entity=(entity_id=12|fullname=Gertrud|gender=f)))
5463	freilich	0		
5464	lange	0		
5465	warten	0		
5466	können	0		
5467	in	0		
5468	der	0		
5469	Kirche	0		
5470	.	0		
5471	Es	0		
5472	war	0		
5473	recht	0		
5474	peinlich	0		
5475	,	0		
5476	daß	0		
5477	du	0	(mention_id=679|references=(entity=(entity_id=entity_0006|fullname=Jenny Fredrich, geb. Baumhagen|gender=f)))	(mention_id=682|references=(entity=(entity_id=16|fullname=Jenny|gender=f)))
5478	nicht	0		
5479	kamst	0		
5480	.	0		
5481	«	0		
5482	Die	0		
5483	kleine	0		
5484	Frau	0	(mention_id=680|references=(entity=(entity_id=entity_0006|fullname=Jenny Fredrich, geb. Baumhagen|gender=f)))	(mention_id=683|references=(entity=(entity_id=16|fullname=Jenny|gender=f)))
5485	hielt	0		
5486	inne	0		
5487	und	0		
5488	setzte	0		
5489	den	0		
5490	Kristallkorb	0		
5491	,	0		
5492	den	0		
5493	zwei	0		
5494	massiv	0		
5495	silberne	0		
5496	Schlangen	0		
5497	umringten	0		
5498	,	0		
5499	bestürzt	0		
5500	nieder	0		
5501	.	0		
5502	Dann	0		
5503	schlug	0		
5504	sie	0	(mention_id=681|references=(entity=(entity_id=entity_0006|fullname=Jenny Fredrich, geb. Baumhagen|gender=f)))	(mention_id=684|references=(entity=(entity_id=16|fullname=Jenny|gender=f)))
5505	die	0		
5506	Hände	0		
5507	ineinander	0		
5508	und	0		
5509	begann	0		
5510	herzhaft	0		
5511	zu	0		
5512	lachen	0		
5513	.	0		
5514	»	0		
5515	Siehst	0		
5516	du	0	(mention_id=682|references=(entity=(entity_id=entity_0004|fullname=Gertrud Baumhagen|gender=f)))	(mention_id=685|references=(entity=(entity_id=16|fullname=Jenny|gender=f)))
5517	!	0		
5518	Siehst	0		
5519	du	0	(mention_id=683|references=(entity=(entity_id=entity_0004|fullname=Gertrud Baumhagen|gender=f)))	(mention_id=686|references=(entity=(entity_id=16|fullname=Jenny|gender=f)))
5520	!	0		
5521	«	0		
5522	rief	0		
5523	sie	0	(mention_id=684|references=(entity=(entity_id=entity_0006|fullname=Jenny Fredrich, geb. Baumhagen|gender=f)))	(mention_id=687|references=(entity=(entity_id=16|fullname=Jenny|gender=f)))
5524	,	0		
5525	»	0		
5526	den	0		
5527	ganzen	0		
5528	Tag	0		
5529	bin	0		
5530	ich	0	(mention_id=685|references=(entity=(entity_id=entity_0006|fullname=Jenny Fredrich, geb. Baumhagen|gender=f)))	(mention_id=688|references=(entity=(entity_id=16|fullname=Jenny|gender=f)))
5531	im	0		
5532	Hause	0		
5533	umhergegangen	0		
5534	,	0		
5535	mit	0		
5536	dem	0		
5537	Bewußtsein	0		
5538	,	0		
5539	daß	0		
5540	ich	0	(mention_id=686|references=(entity=(entity_id=entity_0006|fullname=Jenny Fredrich, geb. Baumhagen|gender=f)))	(mention_id=689|references=(entity=(entity_id=16|fullname=Jenny|gender=f)))
5541	irgend	0		
5542	etwas	0		
5543	noch	0		
5544	zu	0		
5545	besorgen	0		
5546	hätte	0		
5547	,	0		
5548	und	0		
5549	ich	0	(mention_id=687|references=(entity=(entity_id=entity_0006|fullname=Jenny Fredrich, geb. Baumhagen|gender=f)))	(mention_id=690|references=(entity=(entity_id=16|fullname=Jenny|gender=f)))
5550	konnte	0		
5551	mich	0	(mention_id=688|references=(entity=(entity_id=entity_0006|fullname=Jenny Fredrich, geb. Baumhagen|gender=f)))	(mention_id=691|references=(entity=(entity_id=16|fullname=Jenny|gender=f)))
5552	nicht	0		
5553	besinnen	0		
5554	.	0		
5555	Nein	0		
5556	,	0		
5557	das	0		
5558	ist	0		
5559	zum	0		
5560	Totlachen	0		
5561	!	0		
5562	–	0		
5563	Karoline	0	(mention_id=689|references=(entity=(entity_id=entity_0070|fullname=Karoline|gender=f)))	(mention_id=692|references=(entity=(entity_id=20|fullname=Karoline|gender=f)))
5564	,	0		
5565	Sie	0	(mention_id=690|references=(entity=(entity_id=entity_0070|fullname=Karoline|gender=f)))	(mention_id=693|references=(entity=(entity_id=20|fullname=Karoline|gender=f)))
5566	hätten	0		
5567	mich	0		(mention_id=694|references=(entity=(entity_id=16|fullname=Jenny|gender=f)))
5568	doch	0		
5569	erinnern	0		
5570	können	0		
5571	!	0		
5572	«	0		
5573	wandte	0		
5574	sie	0	(mention_id=691|references=(entity=(entity_id=entity_0006|fullname=Jenny Fredrich, geb. Baumhagen|gender=f)))	(mention_id=695|references=(entity=(entity_id=16|fullname=Jenny|gender=f)))
5575	sich	0	(mention_id=692|references=(entity=(entity_id=entity_0006|fullname=Jenny Fredrich, geb. Baumhagen|gender=f)))	(mention_id=696|references=(entity=(entity_id=16|fullname=Jenny|gender=f)))
5576	an	0		
5577	das	0		
5578	Mädchen	0	(mention_id=693|references=(entity=(entity_id=entity_0070|fullname=Karoline|gender=f)))	(mention_id=697|references=(entity=(entity_id=20|fullname=Karoline|gender=f)))
5579	,	0		
5580	das	0	(mention_id=694|references=(entity=(entity_id=entity_0070|fullname=Karoline|gender=f)))	(mention_id=698|references=(entity=(entity_id=20|fullname=Karoline|gender=f)))
5581	eben	0		
5582	eine	0		
5583	kostbare	0		
5584	Leinendecke	0		
5585	über	0		
5586	den	0		
5587	massiven	0		
5588	Eichentisch	0		
5589	in	0		
5590	der	0		
5591	Mitte	0		
5592	des	0		
5593	Raumes	0		
5594	ausbreitete	0		
5595	.	0		
5596	»	0		
5597	Frau	0	(mention_id=695|references=(entity=(entity_id=entity_0006|fullname=Jenny Fredrich, geb. Baumhagen|gender=f)))	(mention_id=699|references=(entity=(entity_id=16|fullname=Jenny|gender=f)))
5598	Fredrich	0	(mention_id=695|references=(entity=(entity_id=entity_0006|fullname=Jenny Fredrich, geb. Baumhagen|gender=f)))	(mention_id=699|references=(entity=(entity_id=16|fullname=Jenny|gender=f)))
5599	legten	0		
5600	sich	0	(mention_id=696|references=(entity=(entity_id=entity_0006|fullname=Jenny Fredrich, geb. Baumhagen|gender=f)))	(mention_id=700|references=(entity=(entity_id=16|fullname=Jenny|gender=f)))
5601	doch	0		
5602	schlafen	0		
5603	und	0		
5604	sagten	0		
5605	ausdrücklich	0		
5606	,	0		
5607	ich	0	(mention_id=697|references=(entity=(entity_id=entity_0070|fullname=Karoline|gender=f)))	(mention_id=701|references=(entity=(entity_id=20|fullname=Karoline|gender=f)))
5608	sollte	0		
5609	vor	0		
5610	vier	0		
5611	Uhr	0		
5612	nicht	0		
5613	wecken	0		
5614	«	0		
5615	,	0		
5616	rechtfertigte	0		
5617	sich	0	(mention_id=698|references=(entity=(entity_id=entity_0070|fullname=Karoline|gender=f)))	(mention_id=702|references=(entity=(entity_id=20|fullname=Karoline|gender=f)))
5618	die	0		
5619	Dienerin	0	(mention_id=699|references=(entity=(entity_id=entity_0070|fullname=Karoline|gender=f)))	(mention_id=703|references=(entity=(entity_id=20|fullname=Karoline|gender=f)))
5620	.	0		
5621	»	0		
5622	Na	0		
5623	ja	0		
5624	!	0		
5625	«	0		
5626	gähnte	0		
5627	die	0		
5628	junge	0		
5629	Frau	0	(mention_id=700|references=(entity=(entity_id=entity_0006|fullname=Jenny Fredrich, geb. Baumhagen|gender=f)))	(mention_id=704|references=(entity=(entity_id=16|fullname=Jenny|gender=f)))
5630	,	0		
5631	»	0		
5632	ich	0	(mention_id=701|references=(entity=(entity_id=entity_0006|fullname=Jenny Fredrich, geb. Baumhagen|gender=f)))	(mention_id=705|references=(entity=(entity_id=16|fullname=Jenny|gender=f)))
5633	war	0		
5634	so	0		
5635	müde	0		
5636	,	0		
5637	Monsieur	0	(mention_id=702|references=(entity=(entity_id=entity_0007|fullname=Artur Fredrich|gender=m)))	(mention_id=706|references=(entity=(entity_id=1|fullname=Artur|gender=m)))
5638	war	0		
5639	schlechter	0		
5640	Laune	0		
5641	und	0		
5642	der	0		
5643	Kleine	0	(mention_id=703|references=(entity=(entity_id=entity_0020|fullname=Walterchen Fredrich|gender=m)))	(mention_id=707|references=(entity=(entity_id=30|fullname=Sohn von Jenny|gender=m)))
5644	so	0		
5645	entsetzlich	0		
5646	lebhaft	0		
5647	.	0		
5648	Es	0		
5649	ist	0		
5650	ja	0		
5651	auch	0		
5652	kein	0		
5653	Unglück	0		
5654	,	0		
5655	das	0		
5656	Ganze	0		
5657	läuft	0		
5658	auf	0		
5659	eine	0		
5660	Bettelei	0		
5661	hinaus	0		
5662	.	0		
5663	Ich	0	(mention_id=704|references=(entity=(entity_id=entity_0006|fullname=Jenny Fredrich, geb. Baumhagen|gender=f)))	(mention_id=708|references=(entity=(entity_id=16|fullname=Jenny|gender=f)))
5664	kann	0		
5665	ihr	0	(mention_id=705|references=(entity=(entity_id=entity_0012|fullname=Johanne|gender=f)))	(mention_id=709|references=(entity=(entity_id=17|fullname=Johanne|gender=f)))
5666	ja	0		
5667	morgen	0		
5668	noch	0		
5669	etwas	0		
5670	hinschicken	0		
5671	.	0		
5672	«	0		
5673	»	0		
5674	Aber	0		
5675	Jenny	0	(mention_id=706|references=(entity=(entity_id=entity_0006|fullname=Jenny Fredrich, geb. Baumhagen|gender=f)))	(mention_id=710|references=(entity=(entity_id=16|fullname=Jenny|gender=f)))
5676	!	0		
5677	Hast	0		
5678	du	0	(mention_id=707|references=(entity=(entity_id=entity_0006|fullname=Jenny Fredrich, geb. Baumhagen|gender=f)))	(mention_id=711|references=(entity=(entity_id=16|fullname=Jenny|gender=f)))
5679	denn	0		
5680	vergessen	0		
5681	,	0		
5682	daß	0		
5683	Johanne	0	(mention_id=708|references=(entity=(entity_id=entity_0012|fullname=Johanne|gender=f)))	(mention_id=712|references=(entity=(entity_id=17|fullname=Johanne|gender=f)))
5684	erst	0		
5685	auf	0		
5686	mein	0	(mention_id=709|references=(entity=(entity_id=entity_0004|fullname=Gertrud Baumhagen|gender=f)))	(mention_id=713|references=(entity=(entity_id=12|fullname=Gertrud|gender=f)))
5687	Zureden	0		
5688	gewagt	0		
5689	hat	0		
5690	,	0		
5691	dich	0	(mention_id=710|references=(entity=(entity_id=entity_0006|fullname=Jenny Fredrich, geb. Baumhagen|gender=f)))	(mention_id=714|references=(entity=(entity_id=16|fullname=Jenny|gender=f)))
5692	und	0		
5693	mich	0	(mention_id=711|references=(entity=(entity_id=entity_0004|fullname=Gertrud Baumhagen|gender=f)))	(mention_id=715|references=(entity=(entity_id=12|fullname=Gertrud|gender=f)))
5694	zu	0		
5695	Paten	0	(mention_id=712|references=(entity=(entity_id=entity_0006|fullname=Jenny Fredrich, geb. Baumhagen|gender=f)),(entity=(entity_id=entity_0004|fullname=Gertrud Baumhagen|gender=f)))	(mention_id=716|references=(entity=(entity_id=16|fullname=Jenny|gender=f)),(entity=(entity_id=12|fullname=Gertrud|gender=f)))
5696	zu	0		
5697	bitten	0		
5698	?	0		
5699	Ich	0	(mention_id=713|references=(entity=(entity_id=entity_0004|fullname=Gertrud Baumhagen|gender=f)))	(mention_id=717|references=(entity=(entity_id=12|fullname=Gertrud|gender=f)))
5700	dächte	0		
5701	,	0		
5702	es	0		
5703	wäre	0		
5704	Pflicht	0		
5705	gewesen	0		
5706	–	0		
5707	der	0		
5708	Mann	0	(mention_id=714|references=(entity=(entity_id=entity_0119|fullname=Ehemann von Johanne|gender=m)))	(mention_id=718|references=(entity=(entity_id=94|fullname=verunglückter Mann|gender=m)))
5709	ist	0		
5710	in	0		
5711	unserer	0	(mention_id=715|references=(entity=(entity_id=entity_0010|fullname=Familie Baumhagen|gender=mf|members=entity_0004,entity_0005,entity_0006,entity_0007,entity_0008,entity_0009,entity_0015|all_members_given=True|specialcase_entity=group)))	(mention_id=719|references=(entity=(entity_id=4|fullname=Familie Baumhagen|gender=mf|specialcase_entity=group)))
5712	Fabrik	0		
5713	verunglückt	0		
5714	.	0		
5715	«	0		
5716	»	0		
5717	Ach	0		
5718	papperlapapp	0		
5719	,	0		
5720	Liebchen	0	(mention_id=716|references=(entity=(entity_id=entity_0004|fullname=Gertrud Baumhagen|gender=f)))	(mention_id=720|references=(entity=(entity_id=12|fullname=Gertrud|gender=f)))
5721	!	0		
5722	Ich	0	(mention_id=717|references=(entity=(entity_id=entity_0006|fullname=Jenny Fredrich, geb. Baumhagen|gender=f)))	(mention_id=721|references=(entity=(entity_id=16|fullname=Jenny|gender=f)))
5723	kann	0		
5724	dieses	0		
5725	ewige	0		
5726	Gevatterbitten	0		
5727	nicht	0		
5728	leiden	0		
5729	!	0		
5730	«	0		
5731	fiel	0		
5732	Frau	0	(mention_id=718|references=(entity=(entity_id=entity_0006|fullname=Jenny Fredrich, geb. Baumhagen|gender=f)))	(mention_id=722|references=(entity=(entity_id=16|fullname=Jenny|gender=f)))
5733	Jenny	0	(mention_id=718|references=(entity=(entity_id=entity_0006|fullname=Jenny Fredrich, geb. Baumhagen|gender=f)))	(mention_id=722|references=(entity=(entity_id=16|fullname=Jenny|gender=f)))
5734	ein	0		
5735	.	0		
5736	»	0		
5737	Wenn	0		
5738	ich	0	(mention_id=719|references=(entity=(entity_id=entity_0006|fullname=Jenny Fredrich, geb. Baumhagen|gender=f)))	(mention_id=723|references=(entity=(entity_id=16|fullname=Jenny|gender=f)))
5739	nicht	0		
5740	schon	0		
5741	drei	0		
5742	Dutzend	0		
5743	Patenkinder	0	(mention_id=720|references=(entity=(entity_id=entity_0123|fullname=Patenkinder von Jenny Fredrich|gender=u|specialcase_entity=group)))	(mention_id=724|references=(entity=(entity_id=generic_0003|fullname=Patenkinder im Allgemeinen|gender=u|specialcase_entity=generic)))
5744	habe	0		
5745	,	0		
5746	will	0		
5747	ich	0	(mention_id=721|references=(entity=(entity_id=entity_0006|fullname=Jenny Fredrich, geb. Baumhagen|gender=f)))	(mention_id=725|references=(entity=(entity_id=16|fullname=Jenny|gender=f)))
5748	nicht	0		
5749	hier	0		
5750	stehen	0		
5751	.	0		
5752	Arme	0		
5753	Leute	0	(mention_id=722|references=(entity=(entity_id=generic_0038|fullname=Arme Leute|gender=u|specialcase_entity=generic)))	(mention_id=726|references=(entity=(entity_id=generic_0004|fullname=arme Leute im Allgemeinen|gender=u|specialcase_entity=generic)))
5754	werden	0		
5755	nicht	0		
5756	dazu	0		
5757	verlangt	0		
5758	,	0		
5759	glaube	0		
5760	mir	0	(mention_id=723|references=(entity=(entity_id=entity_0006|fullname=Jenny Fredrich, geb. Baumhagen|gender=f)))	(mention_id=727|references=(entity=(entity_id=16|fullname=Jenny|gender=f)))
5761	.	0		
5762	Komm	0		
5763	,	0		
5764	ich	0	(mention_id=724|references=(entity=(entity_id=entity_0006|fullname=Jenny Fredrich, geb. Baumhagen|gender=f)))	(mention_id=728|references=(entity=(entity_id=16|fullname=Jenny|gender=f)))
5765	bin	0		
5766	jetzt	0		
5767	hier	0		
5768	fertig	0		
5769	,	0		
5770	wir	0	(mention_id=725|references=(entity=(entity_id=entity_0006|fullname=Jenny Fredrich, geb. Baumhagen|gender=f)),(entity=(entity_id=entity_0004|fullname=Gertrud Baumhagen|gender=f)))	(mention_id=729|references=(entity=(entity_id=16|fullname=Jenny|gender=f)),(entity=(entity_id=12|fullname=Gertrud|gender=f)))
5771	wollen	0		
5772	ein	0		
5773	wenig	0		
5774	in	0		
5775	die	0		
5776	Kinderstube	0		
5777	,	0		
5778	oder	0		
5779	«	0		
5780	–	0		
5781	sie	0	(mention_id=726|references=(entity=(entity_id=entity_0006|fullname=Jenny Fredrich, geb. Baumhagen|gender=f)))	(mention_id=730|references=(entity=(entity_id=16|fullname=Jenny|gender=f)))
5782	warf	0		
5783	einen	0		
5784	Blick	0		
5785	auf	0		
5786	die	0		
5787	altertümliche	0		
5788	Wanduhr	0		
5789	–	0		
5790	»	0		
5791	was	0		
5792	noch	0		
5793	besser	0		
5794	ist	0		
5795	,	0		
5796	Mama	0	(mention_id=727|references=(entity=(entity_id=entity_0005|fullname=Ottilie Baumhagen|gender=f)))	(mention_id=731|references=(entity=(entity_id=7|fullname=Frau Baumhagen|gender=f)))
5797	hat	0		
5798	sich	0	(mention_id=728|references=(entity=(entity_id=entity_0005|fullname=Ottilie Baumhagen|gender=f)))	(mention_id=732|references=(entity=(entity_id=7|fullname=Frau Baumhagen|gender=f)))
5799	Proben	0		
5800	schicken	0		
5801	lassen	0		
5802	für	0		
5803	Gesellschaftstoiletten	0		
5804	.	0		
5805	–	0		
5806	Warte	0		
5807	,	0		
5808	ich	0	(mention_id=729|references=(entity=(entity_id=entity_0006|fullname=Jenny Fredrich, geb. Baumhagen|gender=f)))	(mention_id=733|references=(entity=(entity_id=16|fullname=Jenny|gender=f)))
5809	komme	0		
5810	mit	0		
5811	hinauf	0		
5812	,	0		
5813	anderthalb	0		
5814	Stunden	0		
5815	haben	0		
5816	wir	0	(mention_id=730|references=(entity=(entity_id=entity_0006|fullname=Jenny Fredrich, geb. Baumhagen|gender=f)),(entity=(entity_id=entity_0004|fullname=Gertrud Baumhagen|gender=f)))	(mention_id=734|references=(entity=(entity_id=16|fullname=Jenny|gender=f)),(entity=(entity_id=12|fullname=Gertrud|gender=f)))
5817	noch	0		
5818	Zeit	0		
5819	,	0		
5820	bis	0		
5821	die	0		
5822	Damen	0	(mention_id=731|references=(entity=(entity_id=entity_0092|fullname=Gäste des Damentees|gender=f|specialcase_entity=group)))	(mention_id=735|references=(entity=(entity_id=64|fullname=die Gäste|gender=f|specialcase_entity=group)))
5823	erscheinen	0		
5824	.	0		
5825	«	0		
5826	Sie	0	(mention_id=732|references=(entity=(entity_id=entity_0006|fullname=Jenny Fredrich, geb. Baumhagen|gender=f)))	(mention_id=736|references=(entity=(entity_id=16|fullname=Jenny|gender=f)))
5827	drehte	0		
5828	sich	0	(mention_id=733|references=(entity=(entity_id=entity_0006|fullname=Jenny Fredrich, geb. Baumhagen|gender=f)))	(mention_id=737|references=(entity=(entity_id=16|fullname=Jenny|gender=f)))
5829	noch	0		
5830	einmal	0		
5831	anmutig	0		
5832	im	0		
5833	Kreise	0		
5834	,	0		
5835	wie	0		
5836	um	0		
5837	ihre	0	(mention_id=734|references=(entity=(entity_id=entity_0006|fullname=Jenny Fredrich, geb. Baumhagen|gender=f)))	(mention_id=738|references=(entity=(entity_id=16|fullname=Jenny|gender=f)))
5838	Vorbereitungen	0		
5839	zu	0		
5840	mustern	0		
5841	.	0		
5842	Der	0		
5843	Kredenztisch	0		
5844	prangte	0		
5845	in	0		
5846	silbernen	0		
5847	Gefäßen	0		
5848	,	0		
5849	im	0		
5850	Kamin	0		
5851	flackerte	0		
5852	ein	0		
5853	leichtes	0		
5854	Feuer	0		
5855	;	0		
5856	die	0		
5857	mächtigen	0		
5858	Kronleuchter	0		
5859	,	0		
5860	sowie	0		
5861	die	0		
5862	Gueridons	0		
5863	vor	0		
5864	den	0		
5865	hohen	0		
5866	Spiegeln	0		
5867	waren	0		
5868	mit	0		
5869	dunkelroten	0		
5870	gewundenen	0		
5871	Kerzen	0		
5872	besteckt	0		
5873	.	0		
5874	Eben	0		
5875	schlug	0		
5876	Karoline	0	(mention_id=735|references=(entity=(entity_id=entity_0070|fullname=Karoline|gender=f)))	(mention_id=739|references=(entity=(entity_id=20|fullname=Karoline|gender=f)))
5877	die	0		
5878	buntgewirkten	0		
5879	schweren	0		
5880	Vorhänge	0		
5881	zurück	0		
5882	und	0		
5883	ein	0		
5884	fast	0		
5885	zu	0		
5886	üppiger	0		
5887	Raum	0		
5888	wurde	0		
5889	sichtbar	0		
5890	,	0		
5891	ein	0		
5892	wahres	0		
5893	Purpurzimmer	0		
5894	.	0		
5895	Selbst	0		
5896	durch	0		
5897	die	0		
5898	buntbemalten	0		
5899	Erkerfenster	0		
5900	warf	0		
5901	der	0		
5902	Abendschein	0		
5903	noch	0		
5904	rote	0		
5905	Reflexe	0		
5906	auf	0		
5907	dieses	0		
5908	Gewirr	0		
5909	von	0		
5910	Sesseln	0		
5911	und	0		
5912	Sesselchen	0		
5913	,	0		
5914	Chaiselongues	0		
5915	und	0		
5916	Tischchen	0		
5917	,	0		
5918	während	0		
5919	vor	0		
5920	dem	0		
5921	ernsten	0		
5922	Grün	0		
5923	kostbarer	0		
5924	Blattpflanzen	0		
5925	sich	0		
5926	leuchtend	0		
5927	weiße	0		
5928	Figuren	0		
5929	emporhoben	0		
5930	.	0		
5931	»	0		
5932	Es	0		
5933	sieht	0		
5934	gemütlich	0		
5935	aus	0		
5936	,	0		
5937	Trudchen	0	(mention_id=736|references=(entity=(entity_id=entity_0004|fullname=Gertrud Baumhagen|gender=f)))	(mention_id=740|references=(entity=(entity_id=12|fullname=Gertrud|gender=f)))
5938	,	0		
5939	wie	0		
5940	?	0		
5941	«	0		
5942	sagte	0		
5943	die	0		
5944	junge	0		
5945	Frau	0	(mention_id=737|references=(entity=(entity_id=entity_0006|fullname=Jenny Fredrich, geb. Baumhagen|gender=f)))	(mention_id=741|references=(entity=(entity_id=16|fullname=Jenny|gender=f)))
5946	;	0		
5947	»	0		
5948	ich	0	(mention_id=738|references=(entity=(entity_id=entity_0006|fullname=Jenny Fredrich, geb. Baumhagen|gender=f)))	(mention_id=742|references=(entity=(entity_id=16|fullname=Jenny|gender=f)))
5949	habe	0		
5950	den	0		
5951	Saal	0		
5952	nicht	0		
5953	öffnen	0		
5954	lassen	0		
5955	,	0		
5956	weil	0		
5957	wir	0	(mention_id=739|references=(entity=(entity_id=entity_0006|fullname=Jenny Fredrich, geb. Baumhagen|gender=f)),(entity=(entity_id=entity_0106|fullname=Damen|gender=f)))	(mention_id=743|references=(entity=(entity_id=16|fullname=Jenny|gender=f)),(entity=(entity_id=64|fullname=die Gäste|gender=f|specialcase_entity=group)))
5958	ja	0		
5959	nur	0		
5960	ein	0		
5961	paar	0		
5962	Damen	0	(mention_id=740|references=(entity=(entity_id=entity_0092|fullname=Gäste des Damentees|gender=f|specialcase_entity=group)))	(mention_id=744|references=(entity=(entity_id=16|fullname=Jenny|gender=f)),(entity=(entity_id=64|fullname=die Gäste|gender=f|specialcase_entity=group)))
5963	sind	0		
5964	.	0		
5965	Die	0		
5966	Landrätin	0	(mention_id=741|references=(entity=(entity_id=entity_0135|fullname=Landrätin|gender=f)))	(mention_id=745|references=(entity=(entity_id=21|fullname=Landrätin|gender=f)))
5967	hat	0		
5968	vorhin	0		
5969	noch	0		
5970	zugesagt	0		
5971	.	0		
5972	Kommst	0		
5973	du	0	(mention_id=742|references=(entity=(entity_id=entity_0004|fullname=Gertrud Baumhagen|gender=f)))	(mention_id=746|references=(entity=(entity_id=12|fullname=Gertrud|gender=f)))
5974	ein	0		
5975	Stündchen	0		
5976	?	0		
5977	«	0		
5978	»	0		
5979	Ich	0	(mention_id=743|references=(entity=(entity_id=entity_0004|fullname=Gertrud Baumhagen|gender=f)))	(mention_id=747|references=(entity=(entity_id=12|fullname=Gertrud|gender=f)))
5980	danke	0		
5981	!	0		
5982	«	0		
5983	versetzte	0		
5984	das	0		
5985	junge	0		
5986	Mädchen	0	(mention_id=744|references=(entity=(entity_id=entity_0004|fullname=Gertrud Baumhagen|gender=f)))	(mention_id=748|references=(entity=(entity_id=12|fullname=Gertrud|gender=f)))
5987	,	0		
5988	neben	0		
5989	der	0		
5990	Schwester	0	(mention_id=745|references=(entity=(entity_id=entity_0006|fullname=Jenny Fredrich, geb. Baumhagen|gender=f)))	(mention_id=749|references=(entity=(entity_id=16|fullname=Jenny|gender=f)))
5991	zur	0		
5992	mütterlichen	0		
5993	Wohnung	0		
5994	emporsteigend	0		
5995	;	0		
5996	»	0		
5997	schicke	0		
5998	mir	0	(mention_id=746|references=(entity=(entity_id=entity_0004|fullname=Gertrud Baumhagen|gender=f)))	(mention_id=750|references=(entity=(entity_id=12|fullname=Gertrud|gender=f)))
5999	den	0		
6000	Kleinen	0	(mention_id=747|references=(entity=(entity_id=entity_0020|fullname=Walterchen Fredrich|gender=m)))	(mention_id=751|references=(entity=(entity_id=30|fullname=Sohn von Jenny|gender=m)))
6001	ein	0		
6002	wenig	0		
6003	,	0		
6004	ich	0	(mention_id=748|references=(entity=(entity_id=entity_0004|fullname=Gertrud Baumhagen|gender=f)))	(mention_id=752|references=(entity=(entity_id=12|fullname=Gertrud|gender=f)))
6005	spiele	0		
6006	so	0		
6007	gern	0		
6008	mit	0		
6009	ihm	0	(mention_id=749|references=(entity=(entity_id=entity_0020|fullname=Walterchen Fredrich|gender=m)))	(mention_id=753|references=(entity=(entity_id=30|fullname=Sohn von Jenny|gender=m)))
6010	.	0		
6011	«	0		
6012	»	0		
6013	Gewiß	0		
6014	,	0		
6015	der	0		
6016	Gentleman	0	(mention_id=750|references=(entity=(entity_id=entity_0020|fullname=Walterchen Fredrich|gender=m)))	(mention_id=754|references=(entity=(entity_id=30|fullname=Sohn von Jenny|gender=m)))
6017	soll	0		
6018	erscheinen	0		
6019	«	0		
6020	,	0		
6021	nickte	0		
6022	Frau	0	(mention_id=751|references=(entity=(entity_id=entity_0006|fullname=Jenny Fredrich, geb. Baumhagen|gender=f)))	(mention_id=755|references=(entity=(entity_id=16|fullname=Jenny|gender=f)))
6023	Jenny	0	(mention_id=751|references=(entity=(entity_id=entity_0006|fullname=Jenny Fredrich, geb. Baumhagen|gender=f)))	(mention_id=755|references=(entity=(entity_id=16|fullname=Jenny|gender=f)))
6024	,	0		
6025	»	0		
6026	vorausgesetzt	0		
6027	,	0		
6028	daß	0		
6029	er	0	(mention_id=752|references=(entity=(entity_id=entity_0020|fullname=Walterchen Fredrich|gender=m)))	(mention_id=756|references=(entity=(entity_id=30|fullname=Sohn von Jenny|gender=m)))
6030	nicht	0		
6031	wie	0		
6032	ein	0		
6033	kleines	0		
6034	Murmeltier	0		
6035	schläft	0		
6036	.	0		
6037	«	0		
6038	»	0		
6039	Geh	0		
6040	hinein	0		
6041	zur	0		
6042	Mama	0	(mention_id=753|references=(entity=(entity_id=entity_0005|fullname=Ottilie Baumhagen|gender=f)))	(mention_id=757|references=(entity=(entity_id=7|fullname=Frau Baumhagen|gender=f)))
6043	«	0		
6044	,	0		
6045	bat	0		
6046	Trudchen	0	(mention_id=754|references=(entity=(entity_id=entity_0004|fullname=Gertrud Baumhagen|gender=f)))	(mention_id=758|references=(entity=(entity_id=12|fullname=Gertrud|gender=f)))
6047	,	0		
6048	»	0		
6049	ich	0	(mention_id=755|references=(entity=(entity_id=entity_0004|fullname=Gertrud Baumhagen|gender=f)))	(mention_id=759|references=(entity=(entity_id=12|fullname=Gertrud|gender=f)))
6050	will	0		
6051	mich	0	(mention_id=756|references=(entity=(entity_id=entity_0004|fullname=Gertrud Baumhagen|gender=f)))	(mention_id=760|references=(entity=(entity_id=12|fullname=Gertrud|gender=f)))
6052	nur	0		
6053	umziehen	0		
6054	,	0		
6055	dann	0		
6056	komme	0		
6057	ich	0	(mention_id=757|references=(entity=(entity_id=entity_0004|fullname=Gertrud Baumhagen|gender=f)))	(mention_id=761|references=(entity=(entity_id=12|fullname=Gertrud|gender=f)))
6058	.	0		
6059	«	0		
6060	Es	0		
6061	waren	0		
6062	die	0		
6063	nämlichen	0		
6064	Räume	0		
6065	wie	0		
6066	im	0		
6067	unteren	0		
6068	Gestock	0		
6069	,	0		
6070	ebenfalls	0		
6071	reich	0		
6072	möbliert	0		
6073	,	0		
6074	aber	0		
6075	nicht	0		
6076	in	0		
6077	der	0		
6078	neuen	0		
6079	stilvollen	0		
6080	Weise	0		
6081	,	0		
6082	wenngleich	0		
6083	nicht	0		
6084	minder	0		
6085	vornehm	0		
6086	und	0		
6087	behaglich	0		
6088	.	0		
6089	Die	0		
6090	Schwestern	0	(mention_id=758|references=(entity=(entity_id=entity_0004|fullname=Gertrud Baumhagen|gender=f)),(entity=(entity_id=entity_0006|fullname=Jenny Fredrich, geb. Baumhagen|gender=f)))	(mention_id=762|references=(entity=(entity_id=16|fullname=Jenny|gender=f)),(entity=(entity_id=12|fullname=Gertrud|gender=f)))
6091	trennten	0		
6092	sich	0	(mention_id=759|references=(entity=(entity_id=entity_0004|fullname=Gertrud Baumhagen|gender=f)),(entity=(entity_id=entity_0006|fullname=Jenny Fredrich, geb. Baumhagen|gender=f)))	(mention_id=763|references=(entity=(entity_id=16|fullname=Jenny|gender=f)),(entity=(entity_id=12|fullname=Gertrud|gender=f)))
6093	im	0		
6094	Vorzimmer	0		
6095	und	0		
6096	Trudchen	0	(mention_id=760|references=(entity=(entity_id=entity_0004|fullname=Gertrud Baumhagen|gender=f)))	(mention_id=764|references=(entity=(entity_id=12|fullname=Gertrud|gender=f)))
6097	Baumhagen	0	(mention_id=760|references=(entity=(entity_id=entity_0004|fullname=Gertrud Baumhagen|gender=f)))	(mention_id=764|references=(entity=(entity_id=12|fullname=Gertrud|gender=f)))
6098	suchte	0		
6099	ihre	0	(mention_id=761|references=(entity=(entity_id=entity_0004|fullname=Gertrud Baumhagen|gender=f)))	(mention_id=765|references=(entity=(entity_id=12|fullname=Gertrud|gender=f)))
6100	Stube	0		
6101	auf	0		
6102	.	0		
6103	Sie	0	(mention_id=762|references=(entity=(entity_id=entity_0004|fullname=Gertrud Baumhagen|gender=f)))	(mention_id=766|references=(entity=(entity_id=12|fullname=Gertrud|gender=f)))
6104	bewohnte	0		
6105	das	0		
6106	Gemach	0		
6107	mit	0		
6108	dem	0		
6109	Erker	0		
6110	.	0		
6111	Aber	0		
6112	hier	0		
6113	brach	0		
6114	das	0		
6115	Tageslicht	0		
6116	nicht	0		
6117	durch	0		
6118	kostbare	0		
6119	bunte	0		
6120	Glasmalereien	0		
6121	–	0		
6122	es	0		
6123	konnte	0		
6124	ungehindert	0		
6125	durch	0		
6126	die	0		
6127	Spiegelscheiben	0		
6128	fluten	0		
6129	,	0		
6130	vor	0		
6131	denen	0		
6132	draußen	0		
6133	im	0		
6134	leisen	0		
6135	Westwind	0		
6136	unzählige	0		
6137	Blumenkelche	0		
6138	schwankten	0		
6139	.	0		
6140	Gerade	0		
6141	gegenüber	0		
6142	erhoben	0		
6143	sich	0		
6144	die	0		
6145	Giebel	0		
6146	des	0		
6147	Rathauses	0		
6148	.	0		
6149	Wie	0		
6150	luftige	0		
6151	Spitzengewebe	0		
6152	zeichneten	0		
6153	sich	0		
6154	die	0		
6155	durchbrochenen	0		
6156	Sandsteinverzierungen	0		
6157	von	0		
6158	dem	0		
6159	rotglühenden	0		
6160	Abendhimmel	0		
6161	ab	0		
6162	.	0		
6163	Er	0		
6164	war	0		
6165	ein	0		
6166	unendlich	0		
6167	anmutiges	0		
6168	Plätzchen	0		
6169	,	0		
6170	dieser	0		
6171	Erker	0		
6172	.	0		
6173	Der	0		
6174	Nähtisch	0		
6175	befand	0		
6176	sich	0		
6177	hier	0		
6178	und	0		
6179	hinter	0		
6180	ihm	0		
6181	auf	0		
6182	einer	0		
6183	Staffelei	0		
6184	das	0		
6185	Bild	0		
6186	des	0		
6187	verstorbenen	0		
6188	Herrn	0	(mention_id=763|references=(entity=(entity_id=entity_0015|fullname=Leberecht Baumhagen|gender=m)))	(mention_id=767|references=(entity=(entity_id=14|fullname=Herr Baumhagen|gender=m)))
6189	Baumhagen	0	(mention_id=763|references=(entity=(entity_id=entity_0015|fullname=Leberecht Baumhagen|gender=m)))	(mention_id=767|references=(entity=(entity_id=14|fullname=Herr Baumhagen|gender=m)))
6190	.	0		
6191	Beim	0		
6192	ersten	0		
6193	Blick	0		
6194	mußte	0		
6195	man	0		
6196	die	0		
6197	Ähnlichkeit	0		
6198	zwischen	0		
6199	Vater	0	(mention_id=764|references=(entity=(entity_id=entity_0015|fullname=Leberecht Baumhagen|gender=m)))	(mention_id=768|references=(entity=(entity_id=14|fullname=Herr Baumhagen|gender=m)))
6200	und	0		
6201	Tochter	0	(mention_id=765|references=(entity=(entity_id=entity_0004|fullname=Gertrud Baumhagen|gender=f)))	(mention_id=769|references=(entity=(entity_id=12|fullname=Gertrud|gender=f)))
6202	erkennen	0		
6203	.	0		
6204	Dasselbe	0		
6205	lichtbraune	0		
6206	Haar	0		
6207	,	0		
6208	die	0		
6209	kräftige	0		
6210	Stirn	0		
6211	,	0		
6212	die	0		
6213	kurze	0		
6214	schmale	0		
6215	Nase	0		
6216	,	0		
6217	und	0		
6218	dann	0		
6219	die	0		
6220	Augen	0		
6221	.	0		
6222	Sie	0	(mention_id=766|references=(entity=(entity_id=entity_0004|fullname=Gertrud Baumhagen|gender=f)))	(mention_id=770|references=(entity=(entity_id=12|fullname=Gertrud|gender=f)))
6223	war	0		
6224	auch	0		
6225	immer	0		
6226	sein	0	(mention_id=767|references=(entity=(entity_id=entity_0015|fullname=Leberecht Baumhagen|gender=m)))	(mention_id=771|references=(entity=(entity_id=14|fullname=Herr Baumhagen|gender=m)))
6227	Liebling	0	(mention_id=768|references=(entity=(entity_id=entity_0004|fullname=Gertrud Baumhagen|gender=f)))	
6228	gewesen	0		
6229	und	0		
6230	sie	0	(mention_id=769|references=(entity=(entity_id=entity_0004|fullname=Gertrud Baumhagen|gender=f)))	(mention_id=772|references=(entity=(entity_id=12|fullname=Gertrud|gender=f)))
6231	sorgte	0		
6232	,	0		
6233	daß	0		
6234	stets	0		
6235	eine	0		
6236	frische	0		
6237	Blume	0		
6238	in	0		
6239	dem	0		
6240	goldenen	0		
6241	Blattwerk	0		
6242	des	0		
6243	Rahmens	0		
6244	steckte	0		
6245	.	0		
6246	Und	0		
6247	wenn	0		
6248	sie	0	(mention_id=770|references=(entity=(entity_id=entity_0004|fullname=Gertrud Baumhagen|gender=f)))	(mention_id=773|references=(entity=(entity_id=12|fullname=Gertrud|gender=f)))
6249	bei	0		
6250	der	0		
6251	Arbeit	0		
6252	saß	0		
6253	,	0		
6254	dann	0		
6255	ruhten	0		
6256	zuweilen	0		
6257	die	0		
6258	Hände	0		
6259	und	0		
6260	ihre	0	(mention_id=771|references=(entity=(entity_id=entity_0004|fullname=Gertrud Baumhagen|gender=f)))	(mention_id=774|references=(entity=(entity_id=12|fullname=Gertrud|gender=f)))
6261	Augen	0		
6262	suchten	0		
6263	das	0		
6264	Bild	0		
6265	.	0		
6266	»	0		
6267	Guter	0		
6268	,	0		
6269	guter	0		
6270	Papa	0	(mention_id=772|references=(entity=(entity_id=entity_0015|fullname=Leberecht Baumhagen|gender=m)))	(mention_id=775|references=(entity=(entity_id=14|fullname=Herr Baumhagen|gender=m)))
6271	!	0		
6272	«	0		
6273	pflegte	0		
6274	sie	0	(mention_id=773|references=(entity=(entity_id=entity_0004|fullname=Gertrud Baumhagen|gender=f)))	(mention_id=776|references=(entity=(entity_id=12|fullname=Gertrud|gender=f)))
6275	dann	0		
6276	hinüberzuflüstern	0		
6277	,	0		
6278	als	0		
6279	müsse	0		
6280	er	0	(mention_id=774|references=(entity=(entity_id=entity_0015|fullname=Leberecht Baumhagen|gender=m)))	(mention_id=777|references=(entity=(entity_id=14|fullname=Herr Baumhagen|gender=m)))
6281	es	0		
6282	verstehen	0		
6283	.	0		
6284	Auch	0		
6285	heute	0		
6286	schritt	0		
6287	sie	0	(mention_id=775|references=(entity=(entity_id=entity_0004|fullname=Gertrud Baumhagen|gender=f)))	(mention_id=778|references=(entity=(entity_id=12|fullname=Gertrud|gender=f)))
6288	rasch	0		
6289	zum	0		
6290	Erker	0		
6291	hinüber	0		
6292	und	0		
6293	schaute	0		
6294	lange	0		
6295	das	0		
6296	Bild	0		
6297	an	0		
6298	.	0		
6299	»	0		
6300	Das	0		
6301	hättest	0		
6302	du	0	(mention_id=776|references=(entity=(entity_id=entity_0015|fullname=Leberecht Baumhagen|gender=m)))	(mention_id=779|references=(entity=(entity_id=14|fullname=Herr Baumhagen|gender=m)))
6303	auch	0		
6304	getan	0		
6305	«	0		
6306	,	0		
6307	sagte	0		
6308	sie	0	(mention_id=777|references=(entity=(entity_id=entity_0004|fullname=Gertrud Baumhagen|gender=f)))	(mention_id=780|references=(entity=(entity_id=12|fullname=Gertrud|gender=f)))
6309	leise	0		
6310	,	0		
6311	»	0		
6312	nicht	0		
6313	wahr	0		
6314	,	0		
6315	Papa	0	(mention_id=778|references=(entity=(entity_id=entity_0015|fullname=Leberecht Baumhagen|gender=m)))	(mention_id=781|references=(entity=(entity_id=14|fullname=Herr Baumhagen|gender=m)))
6316	?	0		
6317	«	0		
6318	–	0		
6319	Es	0		
6320	lag	0		
6321	plötzlich	0		
6322	ein	0		
6323	ernster	0		
6324	Ausdruck	0		
6325	in	0		
6326	den	0		
6327	zwei	0		
6328	Mädchenaugen	0		
6329	,	0		
6330	etwas	0		
6331	wie	0		
6332	grenzenlose	0		
6333	Sehnsucht	0		
6334	.	0		
6335	»	0		
6336	Nein	0		
6337	,	0		
6338	alle	0	(mention_id=779|references=(entity=(entity_id=generic_0039|fullname=alle Menschen|gender=u|specialcase_entity=generic)))	
6339	sind	0		
6340	sie	0	(mention_id=780|references=(entity=(entity_id=generic_0040|fullname=alle Menschen|gender=u|specialcase_entity=generic)))	(mention_id=782|references=(entity=(entity_id=generic_0005|fullname=Menschen im Allgemeinen|gender=u|specialcase_entity=generic)))
6341	nicht	0		
6342	so	0		
6343	wie	0		
6344	Mama	0	(mention_id=781|references=(entity=(entity_id=entity_0005|fullname=Ottilie Baumhagen|gender=f)))	(mention_id=783|references=(entity=(entity_id=7|fullname=Frau Baumhagen|gender=f)))
6345	und	0		
6346	Jenny	0	(mention_id=782|references=(entity=(entity_id=entity_0006|fullname=Jenny Fredrich, geb. Baumhagen|gender=f)))	(mention_id=784|references=(entity=(entity_id=16|fullname=Jenny|gender=f)))
6347	,	0		
6348	es	0		
6349	gibt	0		
6350	noch	0		
6351	warme	0		
6352	Menschenherzen	0	(mention_id=783|references=(entity=(entity_id=generic_0043|fullname=Menschen mit Herz|gender=u|specialcase_entity=generic)))	
6353	,	0		
6354	es	0		
6355	gibt	0		
6356	noch	0		
6357	Herzen	0		
6358	,	0		
6359	die	0		(mention_id=785|references=(entity=(entity_id=generic_0011|fullname=warme Menschenherzen im Allgemeinen|gender=u|specialcase_entity=generic)))
6360	Mitleid	0		
6361	haben	0		
6362	mit	0		
6363	fremder	0		
6364	Not	0		
6365	,	0		
6366	denen	0		(mention_id=786|references=(entity=(entity_id=generic_0012|fullname=warme Menschenherzen im Allgemeinen|gender=u|specialcase_entity=generic)))
6367	das	0		
6368	verhaßte	0		
6369	–	0		
6370	–	0		
6371	«	0		
6372	Sie	0	(mention_id=784|references=(entity=(entity_id=entity_0004|fullname=Gertrud Baumhagen|gender=f)))	(mention_id=787|references=(entity=(entity_id=12|fullname=Gertrud|gender=f)))
6373	stockte	0		
6374	plötzlich	0		
6375	,	0		
6376	ihre	0	(mention_id=785|references=(entity=(entity_id=entity_0004|fullname=Gertrud Baumhagen|gender=f)))	(mention_id=788|references=(entity=(entity_id=12|fullname=Gertrud|gender=f)))
6377	schmalen	0		
6378	Hände	0		
6379	hatten	0		
6380	sich	0		
6381	geballt	0		
6382	und	0		
6383	nun	0		
6384	funkelten	0		
6385	die	0		
6386	Augen	0		
6387	in	0		
6388	Tränen	0		
6389	.	0		
6390	Sie	0	(mention_id=786|references=(entity=(entity_id=entity_0004|fullname=Gertrud Baumhagen|gender=f)))	(mention_id=789|references=(entity=(entity_id=12|fullname=Gertrud|gender=f)))
6391	begann	0		
6392	im	0		
6393	Zimmer	0		
6394	auf	0		
6395	und	0		
6396	ab	0		
6397	zu	0		
6398	schreiten	0		
6399	.	0		
6400	Der	0		
6401	weiche	0		
6402	Teppich	0		
6403	dämpfte	0		
6404	den	0		
6405	leisen	0		
6406	Schritt	0		
6407	zwar	0		
6408	bis	0		
6409	zur	0		
6410	Unhörbarkeit	0		
6411	,	0		
6412	aber	0		
6413	die	0		
6414	schwere	0		
6415	Seide	0		
6416	rauschte	0		
6417	hinter	0		
6418	ihr	0	(mention_id=787|references=(entity=(entity_id=entity_0004|fullname=Gertrud Baumhagen|gender=f)))	(mention_id=790|references=(entity=(entity_id=12|fullname=Gertrud|gender=f)))
6419	drein	0		
6420	,	0		
6421	aufregend	0		
6422	und	0		
6423	beängstigend	0		
6424	.	0		
6425	Welche	0		
6426	Demütigungen	0		
6427	brachte	0		
6428	ihr	0	(mention_id=788|references=(entity=(entity_id=entity_0004|fullname=Gertrud Baumhagen|gender=f)))	(mention_id=791|references=(entity=(entity_id=12|fullname=Gertrud|gender=f)))
6429	täglich	0		
6430	und	0		
6431	stündlich	0		
6432	die	0		
6433	Tatsache	0		
6434	,	0		
6435	daß	0		
6436	sie	0	(mention_id=789|references=(entity=(entity_id=entity_0004|fullname=Gertrud Baumhagen|gender=f)))	(mention_id=792|references=(entity=(entity_id=12|fullname=Gertrud|gender=f)))
6437	ein	0		
6438	reiches	0		
6439	Mädchen	0	(mention_id=790|references=(entity=(entity_id=entity_0004|fullname=Gertrud Baumhagen|gender=f)))	(mention_id=793|references=(entity=(entity_id=12|fullname=Gertrud|gender=f)))
6440	war	0		
6441	!	0		
6442	Alles	0		
6443	,	0		
6444	alles	0		
6445	sollte	0		
6446	sie	0	(mention_id=791|references=(entity=(entity_id=entity_0004|fullname=Gertrud Baumhagen|gender=f)))	(mention_id=794|references=(entity=(entity_id=12|fullname=Gertrud|gender=f)))
6447	dem	0		
6448	Umstande	0		
6449	verdanken	0		
6450	,	0		
6451	daß	0		
6452	sie	0	(mention_id=792|references=(entity=(entity_id=entity_0004|fullname=Gertrud Baumhagen|gender=f)))	(mention_id=795|references=(entity=(entity_id=12|fullname=Gertrud|gender=f)))
6453	Geld	0		
6454	besaß	0		
6455	.	0		
6456	Jenny	0	(mention_id=793|references=(entity=(entity_id=entity_0006|fullname=Jenny Fredrich, geb. Baumhagen|gender=f)))	(mention_id=796|references=(entity=(entity_id=16|fullname=Jenny|gender=f)))
6457	hatte	0		
6458	ihr	0	(mention_id=794|references=(entity=(entity_id=entity_0004|fullname=Gertrud Baumhagen|gender=f)))	(mention_id=797|references=(entity=(entity_id=12|fullname=Gertrud|gender=f)))
6459	ja	0		
6460	eben	0		
6461	erst	0		
6462	wieder	0		
6463	erklärt	0		
6464	,	0		
6465	daß	0		
6466	sie	0	(mention_id=795|references=(entity=(entity_id=entity_0006|fullname=Jenny Fredrich, geb. Baumhagen|gender=f)))	(mention_id=798|references=(entity=(entity_id=16|fullname=Jenny|gender=f)))
6467	nur	0		
6468	Pate	0	(mention_id=796|references=(entity=(entity_id=entity_0006|fullname=Jenny Fredrich, geb. Baumhagen|gender=f)))	(mention_id=799|references=(entity=(entity_id=16|fullname=Jenny|gender=f)))
6469	geworden	0		
6470	sei	0		
6471	,	0		
6472	weil	0		
6473	–	0		
6474	–	0		
6475	Ach	0		
6476	,	0		
6477	das	0		
6478	war	0		
6479	egal	0		
6480	,	0		
6481	das	0		
6482	wußte	0		
6483	sie	0	(mention_id=797|references=(entity=(entity_id=entity_0004|fullname=Gertrud Baumhagen|gender=f)))	(mention_id=800|references=(entity=(entity_id=12|fullname=Gertrud|gender=f)))
6484	besser	0		
6485	;	0		
6486	Johanne	0	(mention_id=798|references=(entity=(entity_id=entity_0012|fullname=Johanne|gender=f)))	(mention_id=801|references=(entity=(entity_id=17|fullname=Johanne|gender=f)))
6487	war	0		
6488	zu	0		
6489	bescheiden	0		
6490	.	0		
6491	Aber	0		
6492	das	0		
6493	andere	0		
6494	hatte	0		
6495	sie	0	(mention_id=799|references=(entity=(entity_id=entity_0004|fullname=Gertrud Baumhagen|gender=f)))	(mention_id=802|references=(entity=(entity_id=12|fullname=Gertrud|gender=f)))
6496	noch	0		
6497	nicht	0		
6498	verwunden	0		
6499	.	0		
6500	–	0		
6501	Da	0		
6502	war	0		
6503	vor	0		
6504	einer	0		
6505	Woche	0		
6506	Manöver	0		
6507	in	0		
6508	der	0		
6509	Umgegend	0		
6510	gewesen	0		
6511	,	0		
6512	und	0		
6513	ein	0		
6514	Oberst	0	(mention_id=800|references=(entity=(entity_id=entity_0137|fullname=Oberst|gender=m)))	(mention_id=803|references=(entity=(entity_id=53|fullname=der Oberst|gender=m)))
6515	mit	0		
6516	dem	0		
6517	Adjutanten	0	(mention_id=801|references=(entity=(entity_id=entity_0069|fullname=Herr von Löwenberg|gender=m)))	(mention_id=804|references=(entity=(entity_id=41|fullname=der Adjutant|gender=m)))
6518	hatte	0		
6519	zwei	0		
6520	Tage	0		
6521	im	0		
6522	Baumhagenschen	0		(mention_id=805|references=(entity=(entity_id=4|fullname=Familie Baumhagen|gender=mf|specialcase_entity=group)))
6523	Hause	0		
6524	in	0		
6525	Quartier	0		
6526	gelegen	0		
6527	.	0		
6528	Sie	0	(mention_id=802|references=(entity=(entity_id=entity_0004|fullname=Gertrud Baumhagen|gender=f)))	(mention_id=806|references=(entity=(entity_id=12|fullname=Gertrud|gender=f)))
6529	erinnerte	0		
6530	sich	0	(mention_id=803|references=(entity=(entity_id=entity_0004|fullname=Gertrud Baumhagen|gender=f)))	(mention_id=807|references=(entity=(entity_id=12|fullname=Gertrud|gender=f)))
6531	in	0		
6532	der	0		
6533	Tat	0		
6534	nicht	0		
6535	,	0		
6536	daß	0		
6537	sie	0	(mention_id=804|references=(entity=(entity_id=entity_0004|fullname=Gertrud Baumhagen|gender=f)))	(mention_id=808|references=(entity=(entity_id=12|fullname=Gertrud|gender=f)))
6538	mehr	0		
6539	mit	0		
6540	dem	0		
6541	Adjutanten	0	(mention_id=805|references=(entity=(entity_id=entity_0069|fullname=Herr von Löwenberg|gender=m)))	(mention_id=809|references=(entity=(entity_id=41|fullname=der Adjutant|gender=m)))
6542	gesprochen	0		
6543	als	0		
6544	einige	0		
6545	alltägliche	0		
6546	Worte	0		
6547	;	0		
6548	und	0		
6549	vierundzwanzig	0		
6550	Stunden	0		
6551	,	0		
6552	nachdem	0		
6553	die	0		
6554	Truppen	0		(mention_id=810|references=(entity=(entity_id=70|fullname=die Truppen|gender=m|specialcase_entity=group)))
6555	die	0		
6556	Stadt	0		
6557	verlassen	0		
6558	hatten	0		
6559	–	0		
6560	gestern	0		
6561	–	0		
6562	lag	0		
6563	ein	0		
6564	Brief	0		
6565	vor	0		
6566	ihr	0	(mention_id=806|references=(entity=(entity_id=entity_0004|fullname=Gertrud Baumhagen|gender=f)))	(mention_id=811|references=(entity=(entity_id=12|fullname=Gertrud|gender=f)))
6567	,	0		
6568	angefüllt	0		
6569	mit	0		
6570	den	0		
6571	glühendsten	0		
6572	Liebesversicherungen	0		
6573	und	0		
6574	der	0		
6575	Bitte	0		
6576	um	0		
6577	ihre	0	(mention_id=807|references=(entity=(entity_id=entity_0004|fullname=Gertrud Baumhagen|gender=f)))	(mention_id=812|references=(entity=(entity_id=12|fullname=Gertrud|gender=f)))
6578	Hand	0		
6579	.	0		
6580	Sie	0	(mention_id=808|references=(entity=(entity_id=entity_0004|fullname=Gertrud Baumhagen|gender=f)))	(mention_id=813|references=(entity=(entity_id=12|fullname=Gertrud|gender=f)))
6581	hatte	0		
6582	das	0		
6583	Schreiben	0		
6584	genommen	0		
6585	und	0		
6586	war	0		
6587	hinübergegangen	0		
6588	zur	0		
6589	Mutter	0	(mention_id=809|references=(entity=(entity_id=entity_0005|fullname=Ottilie Baumhagen|gender=f)))	(mention_id=814|references=(entity=(entity_id=7|fullname=Frau Baumhagen|gender=f)))
6590	,	0		
6591	um	0		
6592	ihr	0	(mention_id=810|references=(entity=(entity_id=entity_0005|fullname=Ottilie Baumhagen|gender=f)))	(mention_id=815|references=(entity=(entity_id=7|fullname=Frau Baumhagen|gender=f)))
6593	das	0		
6594	Schriftstück	0		
6595	zu	0		
6596	übergeben	0		
6597	mit	0		
6598	den	0		
6599	Worten	0		
6600	:	0		
6601	»	0		
6602	Es	0		
6603	will	0		
6604	da	0		
6605	einer	0	(mention_id=811|references=(entity=(entity_id=entity_0069|fullname=Herr von Löwenberg|gender=m)))	(mention_id=816|references=(entity=(entity_id=41|fullname=der Adjutant|gender=m)))
6606	mein	0	(mention_id=812|references=(entity=(entity_id=entity_0004|fullname=Gertrud Baumhagen|gender=f)))	(mention_id=817|references=(entity=(entity_id=12|fullname=Gertrud|gender=f)))
6607	Geld	0		
6608	heiraten	0		
6609	!	0		
6610	Schreib	0		
6611	du	0	(mention_id=813|references=(entity=(entity_id=entity_0005|fullname=Ottilie Baumhagen|gender=f)))	(mention_id=818|references=(entity=(entity_id=7|fullname=Frau Baumhagen|gender=f)))
6612	ihm	0	(mention_id=814|references=(entity=(entity_id=entity_0069|fullname=Herr von Löwenberg|gender=m)))	(mention_id=819|references=(entity=(entity_id=41|fullname=der Adjutant|gender=m)))
6613	Antwort	0		
6614	,	0		
6615	Mama	0	(mention_id=815|references=(entity=(entity_id=entity_0005|fullname=Ottilie Baumhagen|gender=f)))	(mention_id=820|references=(entity=(entity_id=7|fullname=Frau Baumhagen|gender=f)))
6616	,	0		
6617	ich	0	(mention_id=816|references=(entity=(entity_id=entity_0004|fullname=Gertrud Baumhagen|gender=f)))	(mention_id=821|references=(entity=(entity_id=12|fullname=Gertrud|gender=f)))
6618	kann	0		
6619	es	0		
6620	nicht	0		
6621	.	0		
6622	«	0		
6623	Nun	0		
6624	bangte	0		
6625	ihr	0	(mention_id=817|references=(entity=(entity_id=entity_0004|fullname=Gertrud Baumhagen|gender=f)))	(mention_id=822|references=(entity=(entity_id=12|fullname=Gertrud|gender=f)))
6626	vor	0		
6627	der	0		
6628	Erörterung	0		
6629	dieses	0		
6630	Schreibens	0		
6631	.	0		
6632	Sie	0	(mention_id=818|references=(entity=(entity_id=entity_0004|fullname=Gertrud Baumhagen|gender=f)))	(mention_id=823|references=(entity=(entity_id=12|fullname=Gertrud|gender=f)))
6633	fürchtete	0		
6634	nicht	0		
6635	,	0		
6636	daß	0		
6637	die	0		
6638	Mutter	0	(mention_id=819|references=(entity=(entity_id=entity_0005|fullname=Ottilie Baumhagen|gender=f)))	(mention_id=824|references=(entity=(entity_id=7|fullname=Frau Baumhagen|gender=f)))
6639	ihr	0	(mention_id=820|references=(entity=(entity_id=entity_0005|fullname=Ottilie Baumhagen|gender=f)))	(mention_id=825|references=(entity=(entity_id=12|fullname=Gertrud|gender=f)))
6640	zureden	0		
6641	würde	0		
6642	–	0		
6643	nein	0		
6644	,	0		
6645	nein	0		
6646	,	0		
6647	sie	0	(mention_id=821|references=(entity=(entity_id=entity_0005|fullname=Ottilie Baumhagen|gender=f)))	(mention_id=826|references=(entity=(entity_id=12|fullname=Gertrud|gender=f)))
6648	war	0		
6649	stets	0		
6650	selbständig	0		
6651	genug	0		
6652	gewesen	0		
6653	,	0		
6654	um	0		
6655	von	0		
6656	vornherein	0		
6657	ihr	0	(mention_id=822|references=(entity=(entity_id=entity_0004|fullname=Gertrud Baumhagen|gender=f)))	(mention_id=827|references=(entity=(entity_id=12|fullname=Gertrud|gender=f)))
6658	Empfinden	0		
6659	nicht	0		
6660	einem	0		
6661	fremden	0		
6662	Willen	0		
6663	unterzuordnen	0		
6664	.	0		
6665	Aber	0		
6666	man	0		
6667	sprach	0		
6668	doch	0		
6669	darüber	0		
6670	,	0		
6671	und	0		
6672	wie	0		
6673	unendlich	0		
6674	weit	0		
6675	gingen	0		
6676	die	0		
6677	Wege	0		
6678	auseinander	0		
6679	zwischen	0		
6680	Mutter	0	(mention_id=823|references=(entity=(entity_id=entity_0005|fullname=Ottilie Baumhagen|gender=f)))	(mention_id=828|references=(entity=(entity_id=7|fullname=Frau Baumhagen|gender=f)))
6681	und	0		
6682	Kind	0	(mention_id=824|references=(entity=(entity_id=entity_0004|fullname=Gertrud Baumhagen|gender=f)))	(mention_id=829|references=(entity=(entity_id=12|fullname=Gertrud|gender=f)))
6683	!	0		
6684	Sie	0	(mention_id=825|references=(entity=(entity_id=entity_0004|fullname=Gertrud Baumhagen|gender=f)))	(mention_id=830|references=(entity=(entity_id=12|fullname=Gertrud|gender=f)))
6685	schrak	0		
6686	zusammen	0		
6687	!	0		
6688	Die	0		
6689	Tür	0		
6690	war	0		
6691	aufgegangen	0		
6692	,	0		
6693	und	0		
6694	die	0		
6695	Stimme	0		
6696	der	0		
6697	Schwester	0	(mention_id=826|references=(entity=(entity_id=entity_0006|fullname=Jenny Fredrich, geb. Baumhagen|gender=f)))	(mention_id=831|references=(entity=(entity_id=16|fullname=Jenny|gender=f)))
6698	rief	0		
6699	:	0		
6700	»	0		
6701	Aber	0		
6702	so	0		
6703	komm	0		
6704	doch	0		
6705	,	0		
6706	Trudchen	0	(mention_id=827|references=(entity=(entity_id=entity_0004|fullname=Gertrud Baumhagen|gender=f)))	(mention_id=832|references=(entity=(entity_id=12|fullname=Gertrud|gender=f)))
6707	,	0		
6708	ich	0	(mention_id=828|references=(entity=(entity_id=entity_0006|fullname=Jenny Fredrich, geb. Baumhagen|gender=f)))	(mention_id=833|references=(entity=(entity_id=16|fullname=Jenny|gender=f)))
6709	kann	0		
6710	mich	0	(mention_id=829|references=(entity=(entity_id=entity_0006|fullname=Jenny Fredrich, geb. Baumhagen|gender=f)))	(mention_id=834|references=(entity=(entity_id=16|fullname=Jenny|gender=f)))
6711	gar	0		
6712	nicht	0		
6713	zu	0		
6714	dem	0		
6715	modernen	0		
6716	Rot	0		
6717	entschließen	0		
6718	!	0		
6719	«	0		
6720	Das	0		
6721	Mädchen	0	(mention_id=830|references=(entity=(entity_id=entity_0004|fullname=Gertrud Baumhagen|gender=f)))	(mention_id=835|references=(entity=(entity_id=12|fullname=Gertrud|gender=f)))
6722	schritt	0		
6723	hinüber	0		
6724	und	0		
6725	stand	0		
6726	gleich	0		
6727	darauf	0		
6728	in	0		
6729	dem	0		
6730	Salon	0		
6731	vor	0		
6732	ihrer	0	(mention_id=831|references=(entity=(entity_id=entity_0004|fullname=Gertrud Baumhagen|gender=f)))	(mention_id=836|references=(entity=(entity_id=12|fullname=Gertrud|gender=f)))
6733	Mutter	0	(mention_id=832|references=(entity=(entity_id=entity_0005|fullname=Ottilie Baumhagen|gender=f)))	(mention_id=837|references=(entity=(entity_id=7|fullname=Frau Baumhagen|gender=f)))
6734	,	0		
6735	einer	0		
6736	kleinen	0		
6737	Dame	0	(mention_id=833|references=(entity=(entity_id=entity_0005|fullname=Ottilie Baumhagen|gender=f)))	(mention_id=838|references=(entity=(entity_id=7|fullname=Frau Baumhagen|gender=f)))
6738	mit	0		
6739	etwas	0		
6740	zu	0		
6741	rosigem	0		
6742	Gesicht	0		
6743	und	0		
6744	einem	0		
6745	unendlich	0		
6746	eigensinnigen	0		
6747	Zuge	0		
6748	um	0		
6749	den	0		
6750	vollen	0		
6751	Mund	0		
6752	.	0		
6753	Auf	0		
6754	dem	0		
6755	Sofa	0		
6756	,	0		
6757	unter	0		
6758	der	0		
6759	großen	0		
6760	Schweizerlandschaft	0		
6761	,	0		
6762	dem	0		
6763	Bilde	0		
6764	eines	0		
6765	berühmten	0		
6766	Düsseldorfer	0		
6767	Meisters	0		(mention_id=839|references=(entity=(entity_id=51|fullname=der Meister|gender=m)))
6768	–	0		
6769	Frau	0	(mention_id=834|references=(entity=(entity_id=entity_0005|fullname=Ottilie Baumhagen|gender=f)))	(mention_id=840|references=(entity=(entity_id=7|fullname=Frau Baumhagen|gender=f)))
6770	Baumhagen	0	(mention_id=834|references=(entity=(entity_id=entity_0005|fullname=Ottilie Baumhagen|gender=f)))	(mention_id=840|references=(entity=(entity_id=7|fullname=Frau Baumhagen|gender=f)))
6771	pflegte	0		
6772	mit	0		
6773	Genugtuung	0		
6774	zu	0		
6775	erzählen	0		
6776	,	0		
6777	daß	0		
6778	sie	0	(mention_id=835|references=(entity=(entity_id=entity_0005|fullname=Ottilie Baumhagen|gender=f)))	(mention_id=841|references=(entity=(entity_id=7|fullname=Frau Baumhagen|gender=f)))
6779	zweitausend	0		
6780	Mark	0		
6781	dafür	0		
6782	bezahlt	0		
6783	habe	0		
6784	–	0		
6785	saß	0		
6786	sie	0	(mention_id=836|references=(entity=(entity_id=entity_0005|fullname=Ottilie Baumhagen|gender=f)))	(mention_id=842|references=(entity=(entity_id=7|fullname=Frau Baumhagen|gender=f)))
6787	und	0		
6788	wühlte	0		
6789	mit	0		
6790	ihren	0	(mention_id=837|references=(entity=(entity_id=entity_0005|fullname=Ottilie Baumhagen|gender=f)))	(mention_id=843|references=(entity=(entity_id=7|fullname=Frau Baumhagen|gender=f)))
6791	fetten	0		
6792	kleinen	0		
6793	Händen	0		
6794	,	0		
6795	an	0		
6796	denen	0		
6797	es	0		
6798	von	0		
6799	Brillanten	0		
6800	blitzte	0		
6801	,	0		
6802	in	0		
6803	einer	0		
6804	Menge	0		
6805	Stoffproben	0		
6806	.	0		
6807	»	0		
6808	Oh	0		
6809	,	0		
6810	Gertrud	0	(mention_id=838|references=(entity=(entity_id=entity_0004|fullname=Gertrud Baumhagen|gender=f)))	(mention_id=844|references=(entity=(entity_id=12|fullname=Gertrud|gender=f)))
6811	«	0		
6812	,	0		
6813	rief	0		
6814	sie	0	(mention_id=839|references=(entity=(entity_id=entity_0005|fullname=Ottilie Baumhagen|gender=f)))	(mention_id=845|references=(entity=(entity_id=7|fullname=Frau Baumhagen|gender=f)))
6815	,	0		
6816	»	0		
6817	das	0		
6818	wäre	0		
6819	für	0		
6820	dich	0	(mention_id=840|references=(entity=(entity_id=entity_0004|fullname=Gertrud Baumhagen|gender=f)))	(mention_id=846|references=(entity=(entity_id=12|fullname=Gertrud|gender=f)))
6821	!	0		
6822	«	0		
6823	und	0		
6824	sie	0	(mention_id=841|references=(entity=(entity_id=entity_0005|fullname=Ottilie Baumhagen|gender=f)))	(mention_id=847|references=(entity=(entity_id=7|fullname=Frau Baumhagen|gender=f)))
6825	hielt	0		
6826	ihr	0	(mention_id=842|references=(entity=(entity_id=entity_0004|fullname=Gertrud Baumhagen|gender=f)))	(mention_id=848|references=(entity=(entity_id=12|fullname=Gertrud|gender=f)))
6827	ein	0		
6828	blaues	0		
6829	Zeugfleckchen	0		
6830	hin	0		
6831	.	0		
6832	»	0		
6833	Schade	0		
6834	,	0		
6835	daß	0		
6836	ihr	0	(mention_id=843|references=(entity=(entity_id=entity_0004|fullname=Gertrud Baumhagen|gender=f)),(entity=(entity_id=entity_0006|fullname=Jenny Fredrich, geb. Baumhagen|gender=f)))	(mention_id=849|references=(entity=(entity_id=16|fullname=Jenny|gender=f)),(entity=(entity_id=12|fullname=Gertrud|gender=f)))
6837	so	0		
6838	ungleich	0		
6839	seid	0		
6840	,	0		
6841	es	0		
6842	ist	0		
6843	sonst	0		
6844	so	0		
6845	hübsch	0		
6846	,	0		
6847	wenn	0		
6848	zwei	0		
6849	Schwestern	0	(mention_id=844|references=(entity=(entity_id=entity_0004|fullname=Gertrud Baumhagen|gender=f)),(entity=(entity_id=entity_0006|fullname=Jenny Fredrich, geb. Baumhagen|gender=f)))	(mention_id=850|references=(entity=(entity_id=16|fullname=Jenny|gender=f)),(entity=(entity_id=12|fullname=Gertrud|gender=f)))
6850	gleich	0		
6851	gekleidet	0		
6852	sind	0		
6853	.	0		
6854	«	0		
6855	»	0		
6856	Was	0		
6857	sich	0		
6858	für	0		
6859	eine	0		
6860	Frau	0	(mention_id=845|references=(entity=(entity_id=entity_0006|fullname=Jenny Fredrich, geb. Baumhagen|gender=f)))	(mention_id=851|references=(entity=(entity_id=generic_0013|fullname=eine Frau im Allgemeinen|gender=u|specialcase_entity=generic)))
6861	paßt	0		
6862	«	0		
6863	,	0		
6864	erklärte	0		
6865	Frau	0	(mention_id=846|references=(entity=(entity_id=entity_0006|fullname=Jenny Fredrich, geb. Baumhagen|gender=f)))	(mention_id=852|references=(entity=(entity_id=16|fullname=Jenny|gender=f)))
6866	Jenny	0	(mention_id=846|references=(entity=(entity_id=entity_0006|fullname=Jenny Fredrich, geb. Baumhagen|gender=f)))	(mention_id=852|references=(entity=(entity_id=16|fullname=Jenny|gender=f)))
6867	,	0		
6868	»	0		
6869	schickt	0		
6870	sich	0	(mention_id=847|references=(entity=(entity_id=entity_0006|fullname=Jenny Fredrich, geb. Baumhagen|gender=f)))	
6871	nicht	0		
6872	für	0		
6873	ein	0		
6874	Mädchen	0	(mention_id=848|references=(entity=(entity_id=entity_0004|fullname=Gertrud Baumhagen|gender=f)))	(mention_id=853|references=(entity=(entity_id=generic_0015|fullname=ein Mädchen im Allgemeinen|gender=u|specialcase_entity=generic)))
6875	.	0		
6876	Trudchen	0	(mention_id=849|references=(entity=(entity_id=entity_0004|fullname=Gertrud Baumhagen|gender=f)))	(mention_id=854|references=(entity=(entity_id=12|fullname=Gertrud|gender=f)))
6877	soll	0		
6878	machen	0		
6879	,	0		
6880	daß	0		
6881	sie	0	(mention_id=850|references=(entity=(entity_id=entity_0004|fullname=Gertrud Baumhagen|gender=f)))	(mention_id=855|references=(entity=(entity_id=12|fullname=Gertrud|gender=f)))
6882	unter	0		
6883	die	0		
6884	Haube	0		
6885	kommt	0		
6886	,	0		
6887	sie	0	(mention_id=851|references=(entity=(entity_id=entity_0004|fullname=Gertrud Baumhagen|gender=f)))	(mention_id=856|references=(entity=(entity_id=12|fullname=Gertrud|gender=f)))
6888	ist	0		
6889	zwanzig	0		
6890	Jahre	0		
6891	.	0		
6892	«	0		
6893	»	0		
6894	Ach	0		
6895	,	0		
6896	da	0		
6897	fällt	0		
6898	mir	0	(mention_id=852|references=(entity=(entity_id=entity_0005|fullname=Ottilie Baumhagen|gender=f)))	(mention_id=857|references=(entity=(entity_id=7|fullname=Frau Baumhagen|gender=f)))
6899	ein	0		
6900	«	0		
6901	,	0		
6902	die	0		
6903	Mama	0	(mention_id=853|references=(entity=(entity_id=entity_0005|fullname=Ottilie Baumhagen|gender=f)))	(mention_id=858|references=(entity=(entity_id=7|fullname=Frau Baumhagen|gender=f)))
6904	suchte	0		
6905	noch	0		
6906	immer	0		
6907	unter	0		
6908	den	0		
6909	Proben	0		
6910	während	0		
6911	des	0		
6912	Sprechens	0		
6913	,	0		
6914	»	0		
6915	da	0		
6916	ist	0		
6917	noch	0		
6918	der	0		
6919	Brief	0		
6920	von	0		
6921	deinem	0	(mention_id=854|references=(entity=(entity_id=entity_0004|fullname=Gertrud Baumhagen|gender=f)))	(mention_id=859|references=(entity=(entity_id=12|fullname=Gertrud|gender=f)))
6922	letzten	0		
6923	Freier	0	(mention_id=855|references=(entity=(entity_id=entity_0069|fullname=Herr von Löwenberg|gender=m)))	(mention_id=860|references=(entity=(entity_id=41|fullname=der Adjutant|gender=m)))
6924	,	0		
6925	ich	0	(mention_id=856|references=(entity=(entity_id=entity_0005|fullname=Ottilie Baumhagen|gender=f)))	(mention_id=861|references=(entity=(entity_id=7|fullname=Frau Baumhagen|gender=f)))
6926	muß	0		
6927	ihm	0	(mention_id=857|references=(entity=(entity_id=entity_0069|fullname=Herr von Löwenberg|gender=m)))	(mention_id=862|references=(entity=(entity_id=41|fullname=der Adjutant|gender=m)))
6928	ja	0		
6929	wohl	0		
6930	antworten	0		
6931	–	0		
6932	was	0		
6933	soll	0		
6934	man	0		
6935	denn	0		
6936	da	0		
6937	wieder	0		
6938	schreiben	0		
6939	?	0		
6940	Sieh	0		
6941	mal	0		
6942	,	0		
6943	Jenny	0	(mention_id=858|references=(entity=(entity_id=entity_0006|fullname=Jenny Fredrich, geb. Baumhagen|gender=f)))	(mention_id=863|references=(entity=(entity_id=16|fullname=Jenny|gender=f)))
6944	,	0		
6945	das	0		
6946	ist	0		
6947	niedlich	0		
6948	,	0		
6949	dieser	0		
6950	braune	0		
6951	Grund	0		
6952	,	0		
6953	mit	0		
6954	den	0		
6955	blauen	0		
6956	Tupfen	0		
6957	,	0		
6958	nicht	0		
6959	?	0		
6960	«	0		
6961	unterbrach	0		
6962	sie	0	(mention_id=859|references=(entity=(entity_id=entity_0005|fullname=Ottilie Baumhagen|gender=f)))	(mention_id=864|references=(entity=(entity_id=7|fullname=Frau Baumhagen|gender=f)))
6963	sich	0	(mention_id=860|references=(entity=(entity_id=entity_0005|fullname=Ottilie Baumhagen|gender=f)))	(mention_id=865|references=(entity=(entity_id=7|fullname=Frau Baumhagen|gender=f)))
6964	,	0		
6965	»	0		
6966	es	0		
6967	ist	0		
6968	eigentlich	0		
6969	recht	0		
6970	lästig	0		
6971	,	0		
6972	solche	0		
6973	Briefe	0		
6974	beantworten	0		
6975	zu	0		
6976	müssen	0		
6977	–	0		
6978	warum	0		
6979	tust	0		
6980	du	0	(mention_id=861|references=(entity=(entity_id=entity_0004|fullname=Gertrud Baumhagen|gender=f)))	(mention_id=866|references=(entity=(entity_id=12|fullname=Gertrud|gender=f)))
6981	es	0		
6982	nicht	0		
6983	selbst	0		
6984	?	0		
6985	«	0		
6986	»	0		
6987	Ich	0	(mention_id=862|references=(entity=(entity_id=entity_0004|fullname=Gertrud Baumhagen|gender=f)))	(mention_id=867|references=(entity=(entity_id=12|fullname=Gertrud|gender=f)))
6988	fürchte	0		
6989	,	0		
6990	daß	0		
6991	mein	0	(mention_id=863|references=(entity=(entity_id=entity_0004|fullname=Gertrud Baumhagen|gender=f)))	(mention_id=868|references=(entity=(entity_id=12|fullname=Gertrud|gender=f)))
6992	Schreiben	0		
6993	nicht	0		
6994	objektiv	0		
6995	genug	0		
6996	ausfallen	0		
6997	würde	0		
6998	«	0		
6999	,	0		
7000	erwiderte	0		
7001	das	0		
7002	Mädchen	0	(mention_id=864|references=(entity=(entity_id=entity_0004|fullname=Gertrud Baumhagen|gender=f)))	(mention_id=869|references=(entity=(entity_id=12|fullname=Gertrud|gender=f)))
7003	ruhig	0		
7004	.	0		
7005	»	0		
7006	Interessierst	0		
7007	du	0	(mention_id=865|references=(entity=(entity_id=entity_0004|fullname=Gertrud Baumhagen|gender=f)))	(mention_id=870|references=(entity=(entity_id=12|fullname=Gertrud|gender=f)))
7008	dich	0	(mention_id=866|references=(entity=(entity_id=entity_0004|fullname=Gertrud Baumhagen|gender=f)))	(mention_id=871|references=(entity=(entity_id=12|fullname=Gertrud|gender=f)))
7009	denn	0		
7010	für	0		
7011	ihn	0	(mention_id=867|references=(entity=(entity_id=entity_0069|fullname=Herr von Löwenberg|gender=m)))	(mention_id=872|references=(entity=(entity_id=41|fullname=der Adjutant|gender=m)))
7012	?	0		
7013	«	0		
7014	forschte	0		
7015	die	0		
7016	Schwester	0	(mention_id=868|references=(entity=(entity_id=entity_0006|fullname=Jenny Fredrich, geb. Baumhagen|gender=f)))	(mention_id=873|references=(entity=(entity_id=16|fullname=Jenny|gender=f)))
7017	.	0		
7018	Das	0		
7019	junge	0		
7020	Mädchen	0	(mention_id=869|references=(entity=(entity_id=entity_0004|fullname=Gertrud Baumhagen|gender=f)))	(mention_id=874|references=(entity=(entity_id=12|fullname=Gertrud|gender=f)))
7021	überhörte	0		
7022	die	0		
7023	Frage	0		
7024	.	0		
7025	»	0		
7026	Ich	0	(mention_id=870|references=(entity=(entity_id=entity_0004|fullname=Gertrud Baumhagen|gender=f)))	(mention_id=875|references=(entity=(entity_id=12|fullname=Gertrud|gender=f)))
7027	glaubte	0		
7028	bitter	0		
7029	zu	0		
7030	werden	0		
7031	,	0		
7032	und	0		
7033	es	0		
7034	bedarf	0		
7035	ja	0		
7036	doch	0		
7037	nur	0		
7038	einer	0		
7039	rein	0		
7040	geschäftlichen	0		
7041	Antwort	0		
7042	,	0		
7043	wie	0		
7044	die	0		
7045	Anfrage	0		
7046	ja	0		
7047	auch	0		
7048	nur	0		
7049	eine	0		
7050	rein	0		
7051	geschäftliche	0		
7052	ist	0		
7053	.	0		
7054	«	0		
7055	»	0		
7056	Du	0	(mention_id=871|references=(entity=(entity_id=entity_0004|fullname=Gertrud Baumhagen|gender=f)))	(mention_id=876|references=(entity=(entity_id=12|fullname=Gertrud|gender=f)))
7057	bist	0		
7058	himmlisch	0		
7059	!	0		
7060	«	0		
7061	lachte	0		
7062	die	0		
7063	junge	0		
7064	Frau	0	(mention_id=872|references=(entity=(entity_id=entity_0006|fullname=Jenny Fredrich, geb. Baumhagen|gender=f)))	(mention_id=877|references=(entity=(entity_id=16|fullname=Jenny|gender=f)))
7065	.	0		
7066	»	0		
7067	O	0		
7068	wie	0		
7069	schade	0		
7070	,	0		
7071	daß	0		
7072	du	0	(mention_id=873|references=(entity=(entity_id=entity_0004|fullname=Gertrud Baumhagen|gender=f)))	(mention_id=878|references=(entity=(entity_id=12|fullname=Gertrud|gender=f)))
7073	nicht	0		
7074	im	0		
7075	Mittelalter	0		
7076	gelebt	0		
7077	hast	0		
7078	,	0		
7079	wo	0		
7080	der	0		
7081	Ritter	0	(mention_id=874|references=(entity=(entity_id=generic_0044|fullname=Ritter|gender=u|specialcase_entity=generic)))	(mention_id=879|references=(entity=(entity_id=79|fullname=ein Ritter im Mittelalter|gender=m|specialcase_entity=nonfact)))
7082	erst	0		
7083	soundso	0		
7084	viele	0		
7085	Liebesproben	0		
7086	bestehen	0		
7087	mußte	0		
7088	!	0		
7089	–	0		
7090	Närrchen	0	(mention_id=875|references=(entity=(entity_id=entity_0004|fullname=Gertrud Baumhagen|gender=f)))	(mention_id=880|references=(entity=(entity_id=12|fullname=Gertrud|gender=f)))
7091	,	0		
7092	lerne	0		
7093	doch	0		
7094	nur	0		
7095	die	0		
7096	Welt	0		
7097	begreifen	0		
7098	!	0		
7099	Denkst	0		
7100	du	0	(mention_id=876|references=(entity=(entity_id=entity_0004|fullname=Gertrud Baumhagen|gender=f)))	(mention_id=881|references=(entity=(entity_id=12|fullname=Gertrud|gender=f)))
7101	,	0		
7102	Artur	0	(mention_id=877|references=(entity=(entity_id=entity_0007|fullname=Artur Fredrich|gender=m)))	(mention_id=882|references=(entity=(entity_id=1|fullname=Artur|gender=m)))
7103	hätte	0		
7104	mich	0	(mention_id=878|references=(entity=(entity_id=entity_0006|fullname=Jenny Fredrich, geb. Baumhagen|gender=f)))	(mention_id=883|references=(entity=(entity_id=16|fullname=Jenny|gender=f)))
7105	geheiratet	0		
7106	,	0		
7107	wenn	0		
7108	ich	0	(mention_id=879|references=(entity=(entity_id=entity_0006|fullname=Jenny Fredrich, geb. Baumhagen|gender=f)))	(mention_id=884|references=(entity=(entity_id=16|fullname=Jenny|gender=f)))
7109	kein	0		
7110	Geld	0		
7111	gehabt	0		
7112	hätte	0		
7113	?	0		
7114	Ich	0	(mention_id=880|references=(entity=(entity_id=entity_0006|fullname=Jenny Fredrich, geb. Baumhagen|gender=f)))	(mention_id=885|references=(entity=(entity_id=16|fullname=Jenny|gender=f)))
7115	versichere	0		
7116	dir	0	(mention_id=881|references=(entity=(entity_id=entity_0004|fullname=Gertrud Baumhagen|gender=f)))	(mention_id=886|references=(entity=(entity_id=12|fullname=Gertrud|gender=f)))
7117	,	0		
7118	er	0	(mention_id=882|references=(entity=(entity_id=entity_0007|fullname=Artur Fredrich|gender=m)))	(mention_id=887|references=(entity=(entity_id=1|fullname=Artur|gender=m)))
7119	hätte	0		
7120	nie	0		
7121	daran	0		
7122	gedacht	0		
7123	!	0		
7124	–	0		
7125	Und	0		
7126	glaubst	0		
7127	du	0	(mention_id=883|references=(entity=(entity_id=entity_0004|fullname=Gertrud Baumhagen|gender=f)))	(mention_id=888|references=(entity=(entity_id=12|fullname=Gertrud|gender=f)))
7128	,	0		
7129	daß	0		
7130	ich	0	(mention_id=884|references=(entity=(entity_id=entity_0006|fullname=Jenny Fredrich, geb. Baumhagen|gender=f)))	(mention_id=889|references=(entity=(entity_id=16|fullname=Jenny|gender=f)))
7131	ihn	0	(mention_id=885|references=(entity=(entity_id=entity_0007|fullname=Artur Fredrich|gender=m)))	(mention_id=890|references=(entity=(entity_id=1|fullname=Artur|gender=m)))
7132	genommen	0		
7133	,	0		
7134	wenn	0		
7135	ich	0	(mention_id=886|references=(entity=(entity_id=entity_0006|fullname=Jenny Fredrich, geb. Baumhagen|gender=f)))	(mention_id=891|references=(entity=(entity_id=16|fullname=Jenny|gender=f)))
7136	nicht	0		
7137	gewußt	0		
7138	hätte	0		
7139	,	0		
7140	er	0	(mention_id=887|references=(entity=(entity_id=entity_0007|fullname=Artur Fredrich|gender=m)))	(mention_id=892|references=(entity=(entity_id=1|fullname=Artur|gender=m)))
7141	wäre	0		
7142	in	0		
7143	guten	0		
7144	Verhältnissen	0		
7145	?	0		
7146	–	0		
7147	Gott	0	(mention_id=888|references=(entity=(entity_id=entity_0019|fullname=Gott|gender=u|specialcase_entity=nonfact)))	
7148	behüte	0		
7149	,	0		
7150	nein	0		
7151	!	0		
7152	Und	0		
7153	was	0		
7154	willst	0		
7155	du	0	(mention_id=889|references=(entity=(entity_id=entity_0004|fullname=Gertrud Baumhagen|gender=f)))	(mention_id=893|references=(entity=(entity_id=12|fullname=Gertrud|gender=f)))
7156	denn	0		
7157	von	0		
7158	uns	0	(mention_id=890|references=(entity=(entity_id=entity_0006|fullname=Jenny Fredrich, geb. Baumhagen|gender=f)),(entity=(entity_id=entity_0007|fullname=Artur Fredrich|gender=m)))	(mention_id=894|references=(entity=(entity_id=1|fullname=Artur|gender=m)),(entity=(entity_id=16|fullname=Jenny|gender=f)))
7159	.	0		
7160	Wie	0	(mention_id=891|references=(entity=(entity_id=entity_0006|fullname=Jenny Fredrich, geb. Baumhagen|gender=f)),(entity=(entity_id=entity_0007|fullname=Artur Fredrich|gender=m)))	(mention_id=895|references=(entity=(entity_id=1|fullname=Artur|gender=m)),(entity=(entity_id=16|fullname=Jenny|gender=f)))
7161	sind	0		
7162	relativ	0		
7163	ganz	0		
7164	glückliche	0		
7165	Eheleute	0	(mention_id=892|references=(entity=(entity_id=entity_0006|fullname=Jenny Fredrich, geb. Baumhagen|gender=f)),(entity=(entity_id=entity_0007|fullname=Artur Fredrich|gender=m)))	(mention_id=896|references=(entity=(entity_id=1|fullname=Artur|gender=m)),(entity=(entity_id=16|fullname=Jenny|gender=f)))
7166	.	0		
7167	«	0		
7168	Trudchen	0	(mention_id=893|references=(entity=(entity_id=entity_0004|fullname=Gertrud Baumhagen|gender=f)))	(mention_id=897|references=(entity=(entity_id=12|fullname=Gertrud|gender=f)))
7169	sah	0		
7170	ihre	0	(mention_id=894|references=(entity=(entity_id=entity_0004|fullname=Gertrud Baumhagen|gender=f)))	(mention_id=898|references=(entity=(entity_id=12|fullname=Gertrud|gender=f)))
7171	Schwester	0	(mention_id=895|references=(entity=(entity_id=entity_0006|fullname=Jenny Fredrich, geb. Baumhagen|gender=f)))	(mention_id=899|references=(entity=(entity_id=16|fullname=Jenny|gender=f)))
7172	überrascht	0		
7173	und	0		
7174	fragend	0		
7175	aus	0		
7176	den	0		
7177	großen	0		
7178	blauen	0		
7179	Augen	0		
7180	an	0		
7181	.	0		
7182	»	0		
7183	Relativ	0		
7184	glücklich	0		
7185	!	0		
7186	«	0		
7187	wiederholte	0		
7188	sie	0	(mention_id=896|references=(entity=(entity_id=entity_0006|fullname=Jenny Fredrich, geb. Baumhagen|gender=f)))	(mention_id=900|references=(entity=(entity_id=12|fullname=Gertrud|gender=f)))
7189	leise	0		
7190	.	0		
7191	»	0		
7192	Mein	0		
7193	Gott	0	(mention_id=897|references=(entity=(entity_id=entity_0019|fullname=Gott|gender=u|specialcase_entity=nonfact)))	
7194	ja	0		
7195	,	0		
7196	er	0	(mention_id=898|references=(entity=(entity_id=entity_0007|fullname=Artur Fredrich|gender=m)))	(mention_id=901|references=(entity=(entity_id=1|fullname=Artur|gender=m)))
7197	hat	0		
7198	seine	0	(mention_id=899|references=(entity=(entity_id=entity_0007|fullname=Artur Fredrich|gender=m)))	
7199	Schrullen	0		
7200	–	0		
7201	darüber	0		
7202	kommt	0		
7203	man	0	(mention_id=900|references=(entity=(entity_id=entity_0006|fullname=Jenny Fredrich, geb. Baumhagen|gender=f)))	
7204	hinweg	0		
7205	«	0		
7206	,	0		
7207	erklärte	0		
7208	die	0		
7209	Schwester	0	(mention_id=901|references=(entity=(entity_id=entity_0006|fullname=Jenny Fredrich, geb. Baumhagen|gender=f)))	(mention_id=902|references=(entity=(entity_id=16|fullname=Jenny|gender=f)))
7210	.	0		
7211	»	0		
7212	Nur	0		
7213	keine	0		
7214	Meinungsverschiedenheiten	0		
7215	heute	0		
7216	,	0		
7217	bitte	0		
7218	«	0		
7219	,	0		
7220	sagte	0		
7221	Frau	0	(mention_id=902|references=(entity=(entity_id=entity_0005|fullname=Ottilie Baumhagen|gender=f)))	(mention_id=903|references=(entity=(entity_id=7|fullname=Frau Baumhagen|gender=f)))
7222	Baumhagen	0	(mention_id=902|references=(entity=(entity_id=entity_0005|fullname=Ottilie Baumhagen|gender=f)))	(mention_id=903|references=(entity=(entity_id=7|fullname=Frau Baumhagen|gender=f)))
7223	und	0		
7224	nahm	0		
7225	den	0		
7226	Kneifer	0		
7227	von	0		
7228	dem	0		
7229	stumpfen	0		
7230	Näschen	0		
7231	;	0		
7232	»	0		
7233	ich	0	(mention_id=903|references=(entity=(entity_id=entity_0005|fullname=Ottilie Baumhagen|gender=f)))	(mention_id=904|references=(entity=(entity_id=7|fullname=Frau Baumhagen|gender=f)))
7234	werde	0		
7235	übrigens	0		
7236	schreiben	0		
7237	,	0		
7238	dafür	0		
7239	bin	0		
7240	ich	0	(mention_id=904|references=(entity=(entity_id=entity_0005|fullname=Ottilie Baumhagen|gender=f)))	(mention_id=905|references=(entity=(entity_id=7|fullname=Frau Baumhagen|gender=f)))
7241	deine	0	(mention_id=905|references=(entity=(entity_id=entity_0004|fullname=Gertrud Baumhagen|gender=f)))	(mention_id=906|references=(entity=(entity_id=12|fullname=Gertrud|gender=f)))
7242	Mutter	0	(mention_id=906|references=(entity=(entity_id=entity_0005|fullname=Ottilie Baumhagen|gender=f)))	(mention_id=907|references=(entity=(entity_id=7|fullname=Frau Baumhagen|gender=f)))
7243	.	0		
7244	«	0		
7245	Sie	0	(mention_id=907|references=(entity=(entity_id=entity_0005|fullname=Ottilie Baumhagen|gender=f)))	(mention_id=908|references=(entity=(entity_id=7|fullname=Frau Baumhagen|gender=f)))
7246	seufzte	0		
7247	.	0		
7248	»	0		
7249	Aber	0		
7250	in	0		
7251	diesem	0		
7252	Punkte	0		
7253	möchte	0		
7254	ich	0	(mention_id=908|references=(entity=(entity_id=entity_0005|fullname=Ottilie Baumhagen|gender=f)))	(mention_id=909|references=(entity=(entity_id=7|fullname=Frau Baumhagen|gender=f)))
7255	Jenny	0	(mention_id=909|references=(entity=(entity_id=entity_0006|fullname=Jenny Fredrich, geb. Baumhagen|gender=f)))	(mention_id=910|references=(entity=(entity_id=16|fullname=Jenny|gender=f)))
7256	doch	0		
7257	recht	0		
7258	geben	0		
7259	,	0		
7260	Gertrud	0	(mention_id=910|references=(entity=(entity_id=entity_0004|fullname=Gertrud Baumhagen|gender=f)))	(mention_id=911|references=(entity=(entity_id=12|fullname=Gertrud|gender=f)))
7261	.	0		
7262	Du	0	(mention_id=911|references=(entity=(entity_id=entity_0004|fullname=Gertrud Baumhagen|gender=f)))	(mention_id=912|references=(entity=(entity_id=12|fullname=Gertrud|gender=f)))
7263	siehst	0		
7264	die	0		
7265	Welt	0		
7266	mit	0		
7267	gar	0		
7268	zu	0		
7269	idealen	0		
7270	Augen	0		
7271	an	0		
7272	.	0		
7273	Wohin	0		
7274	so	0		
7275	etwas	0		
7276	führt	0		
7277	–	0		
7278	wir	0	(mention_id=912|references=(entity=(entity_id=entity_0005|fullname=Ottilie Baumhagen|gender=f)),(entity=(entity_id=entity_0006|fullname=Jenny Fredrich, geb. Baumhagen|gender=f)),(entity=(entity_id=entity_0004|fullname=Gertrud Baumhagen|gender=f)))	(mention_id=913|references=(entity=(entity_id=4|fullname=Familie Baumhagen|gender=mf|specialcase_entity=group)))
7279	haben	0		
7280	es	0		
7281	alle	0		
7282	gesehen	0		
7283	.	0		
7284	«	0		
7285	–	0		
7286	Wieder	0		
7287	ein	0		
7288	Seufzer	0		
7289	.	0		
7290	»	0		
7291	Ich	0	(mention_id=913|references=(entity=(entity_id=entity_0005|fullname=Ottilie Baumhagen|gender=f)))	(mention_id=914|references=(entity=(entity_id=7|fullname=Frau Baumhagen|gender=f)))
7292	will	0		
7293	dir	0	(mention_id=914|references=(entity=(entity_id=entity_0004|fullname=Gertrud Baumhagen|gender=f)))	(mention_id=915|references=(entity=(entity_id=12|fullname=Gertrud|gender=f)))
7294	nicht	0		
7295	zureden	0		
7296	,	0		
7297	ich	0	(mention_id=915|references=(entity=(entity_id=entity_0005|fullname=Ottilie Baumhagen|gender=f)))	(mention_id=916|references=(entity=(entity_id=7|fullname=Frau Baumhagen|gender=f)))
7298	habe	0		
7299	auch	0		
7300	Jenny	0	(mention_id=916|references=(entity=(entity_id=entity_0006|fullname=Jenny Fredrich, geb. Baumhagen|gender=f)))	(mention_id=917|references=(entity=(entity_id=16|fullname=Jenny|gender=f)))
7301	nicht	0		
7302	zugeredet	0		
7303	,	0		
7304	das	0		
7305	wißt	0		
7306	ihr	0	(mention_id=917|references=(entity=(entity_id=entity_0004|fullname=Gertrud Baumhagen|gender=f)),(entity=(entity_id=entity_0006|fullname=Jenny Fredrich, geb. Baumhagen|gender=f)))	(mention_id=918|references=(entity=(entity_id=16|fullname=Jenny|gender=f)),(entity=(entity_id=12|fullname=Gertrud|gender=f)))
7307	ja	0		
7308	beide	0	(mention_id=918|references=(entity=(entity_id=entity_0004|fullname=Gertrud Baumhagen|gender=f)),(entity=(entity_id=entity_0006|fullname=Jenny Fredrich, geb. Baumhagen|gender=f)))	(mention_id=919|references=(entity=(entity_id=16|fullname=Jenny|gender=f)),(entity=(entity_id=12|fullname=Gertrud|gender=f)))
7309	.	0		
7310	Ich	0	(mention_id=919|references=(entity=(entity_id=entity_0005|fullname=Ottilie Baumhagen|gender=f)))	(mention_id=920|references=(entity=(entity_id=7|fullname=Frau Baumhagen|gender=f)))
7311	,	0		
7312	für	0		
7313	meine	0	(mention_id=920|references=(entity=(entity_id=entity_0005|fullname=Ottilie Baumhagen|gender=f)))	(mention_id=921|references=(entity=(entity_id=7|fullname=Frau Baumhagen|gender=f)))
7314	Person	0	(mention_id=921|references=(entity=(entity_id=entity_0005|fullname=Ottilie Baumhagen|gender=f)))	(mention_id=922|references=(entity=(entity_id=7|fullname=Frau Baumhagen|gender=f)))
7315	,	0		
7316	hätte	0		
7317	nichts	0		
7318	gegen	0		
7319	diesen	0		
7320	Herrn	0	(mention_id=922|references=(entity=(entity_id=entity_0069|fullname=Herr von Löwenberg|gender=m)))	(mention_id=923|references=(entity=(entity_id=41|fullname=der Adjutant|gender=m)))
7321	von	0	(mention_id=922|references=(entity=(entity_id=entity_0069|fullname=Herr von Löwenberg|gender=m)))	(mention_id=923|references=(entity=(entity_id=41|fullname=der Adjutant|gender=m)))
7322	–	0	(mention_id=922|references=(entity=(entity_id=entity_0069|fullname=Herr von Löwenberg|gender=m)))	
7323	von	0	(mention_id=922|references=(entity=(entity_id=entity_0069|fullname=Herr von Löwenberg|gender=m)))	
7324	–	0		
7325	–	0		
7326	«	0		
7327	sie	0	(mention_id=923|references=(entity=(entity_id=entity_0005|fullname=Ottilie Baumhagen|gender=f)))	(mention_id=924|references=(entity=(entity_id=7|fullname=Frau Baumhagen|gender=f)))
7328	fand	0		
7329	den	0		
7330	Namen	0		
7331	nicht	0		
7332	gleich	0		
7333	–	0		
7334	»	0		
7335	einzuwenden	0		
7336	.	0		
7337	«	0		
7338	Das	0		
7339	junge	0		
7340	Mädchen	0	(mention_id=924|references=(entity=(entity_id=entity_0004|fullname=Gertrud Baumhagen|gender=f)))	(mention_id=925|references=(entity=(entity_id=12|fullname=Gertrud|gender=f)))
7341	lächelte	0		
7342	,	0		
7343	aber	0		
7344	die	0		
7345	Augen	0		
7346	blickten	0		
7347	fast	0		
7348	verächtlich	0		
7349	.	0		
7350	»	0		
7351	Seine	0	(mention_id=925|references=(entity=(entity_id=entity_0069|fullname=Herr von Löwenberg|gender=m)))	(mention_id=926|references=(entity=(entity_id=41|fullname=der Adjutant|gender=m)))
7352	Adresse	0		
7353	ist	0		
7354	mit	0		
7355	vollster	0		
7356	Deutlichkeit	0		
7357	in	0		
7358	dem	0		
7359	Briefe	0		
7360	angegeben	0		
7361	«	0		
7362	,	0		
7363	sagte	0		
7364	sie	0	(mention_id=926|references=(entity=(entity_id=entity_0004|fullname=Gertrud Baumhagen|gender=f)))	(mention_id=927|references=(entity=(entity_id=12|fullname=Gertrud|gender=f)))
7365	.	0		
7366	»	0		
7367	Es	0		
7368	eilt	0		
7369	doch	0		
7370	nicht	0		
7371	gar	0		
7372	so	0		
7373	sehr	0		
7374	?	0		
7375	«	0		
7376	fuhr	0		
7377	die	0		
7378	Mutter	0	(mention_id=927|references=(entity=(entity_id=entity_0005|fullname=Ottilie Baumhagen|gender=f)))	(mention_id=928|references=(entity=(entity_id=7|fullname=Frau Baumhagen|gender=f)))
7379	fort	0		
7380	.	0		
7381	»	0		
7382	Ich	0	(mention_id=928|references=(entity=(entity_id=entity_0005|fullname=Ottilie Baumhagen|gender=f)))	(mention_id=929|references=(entity=(entity_id=7|fullname=Frau Baumhagen|gender=f)))
7383	habe	0		
7384	heut	0		
7385	abend	0		
7386	meine	0	(mention_id=929|references=(entity=(entity_id=entity_0005|fullname=Ottilie Baumhagen|gender=f)))	(mention_id=930|references=(entity=(entity_id=7|fullname=Frau Baumhagen|gender=f)))
7387	Whistpartie	0		
7388	:	0		
7389	wenn	0		
7390	ich	0	(mention_id=930|references=(entity=(entity_id=entity_0005|fullname=Ottilie Baumhagen|gender=f)))	(mention_id=931|references=(entity=(entity_id=7|fullname=Frau Baumhagen|gender=f)))
7391	nicht	0		
7392	pünktlich	0		
7393	komme	0		
7394	,	0		
7395	muß	0		
7396	ich	0	(mention_id=931|references=(entity=(entity_id=entity_0005|fullname=Ottilie Baumhagen|gender=f)))	(mention_id=932|references=(entity=(entity_id=7|fullname=Frau Baumhagen|gender=f)))
7397	Strafe	0		
7398	zahlen	0		
7399	;	0		
7400	überhaupt	0		
7401	bin	0		
7402	ich	0	(mention_id=932|references=(entity=(entity_id=entity_0005|fullname=Ottilie Baumhagen|gender=f)))	(mention_id=933|references=(entity=(entity_id=7|fullname=Frau Baumhagen|gender=f)))
7403	nicht	0		
7404	zum	0		
7405	Schreiben	0		
7406	aufgelegt	0		
7407	.	0		
7408	«	0		
7409	Sie	0	(mention_id=933|references=(entity=(entity_id=entity_0005|fullname=Ottilie Baumhagen|gender=f)))	(mention_id=934|references=(entity=(entity_id=7|fullname=Frau Baumhagen|gender=f)))
7410	gähnte	0		
7411	leise	0		
7412	.	0		
7413	»	0		
7414	Die	0		
7415	Abende	0		
7416	werden	0		
7417	doch	0		
7418	schon	0		
7419	recht	0		
7420	lang	0		
7421	jetzt	0		
7422	–	0		
7423	weißt	0		
7424	du	0	(mention_id=934|references=(entity=(entity_id=entity_0006|fullname=Jenny Fredrich, geb. Baumhagen|gender=f)))	(mention_id=935|references=(entity=(entity_id=16|fullname=Jenny|gender=f)))
7425	auch	0		
7426	,	0		
7427	Jenny	0	(mention_id=935|references=(entity=(entity_id=entity_0006|fullname=Jenny Fredrich, geb. Baumhagen|gender=f)))	(mention_id=936|references=(entity=(entity_id=16|fullname=Jenny|gender=f)))
7428	,	0		
7429	daß	0		
7430	eine	0		
7431	Operettentruppe	0		
7432	herkommt	0		
7433	?	0		
7434	«	0		
7435	Die	0		
7436	junge	0		
7437	Frau	0	(mention_id=936|references=(entity=(entity_id=entity_0006|fullname=Jenny Fredrich, geb. Baumhagen|gender=f)))	(mention_id=937|references=(entity=(entity_id=16|fullname=Jenny|gender=f)))
7438	bejahte	0		
7439	und	0		
7440	fügte	0		
7441	hinzu	0		
7442	,	0		
7443	sie	0	(mention_id=937|references=(entity=(entity_id=entity_0006|fullname=Jenny Fredrich, geb. Baumhagen|gender=f)))	(mention_id=938|references=(entity=(entity_id=16|fullname=Jenny|gender=f)))
7444	müsse	0		
7445	nun	0		
7446	Toilette	0		
7447	machen	0		
7448	,	0		
7449	»	0		
7450	Gute	0		
7451	Nacht	0		
7452	!	0		
7453	«	0		
7454	rief	0		
7455	sie	0	(mention_id=938|references=(entity=(entity_id=entity_0006|fullname=Jenny Fredrich, geb. Baumhagen|gender=f)))	(mention_id=939|references=(entity=(entity_id=16|fullname=Jenny|gender=f)))
7456	fröhlich	0		
7457	an	0		
7458	der	0		
7459	Stubentür	0		
7460	,	0		
7461	»	0		
7462	wir	0	(mention_id=939|references=(entity=(entity_id=entity_0006|fullname=Jenny Fredrich, geb. Baumhagen|gender=f)),(entity=(entity_id=entity_0004|fullname=Gertrud Baumhagen|gender=f)))	(mention_id=940|references=(entity=(entity_id=16|fullname=Jenny|gender=f)),(entity=(entity_id=12|fullname=Gertrud|gender=f)))
7463	sehen	0		
7464	uns	0	(mention_id=940|references=(entity=(entity_id=entity_0006|fullname=Jenny Fredrich, geb. Baumhagen|gender=f)),(entity=(entity_id=entity_0004|fullname=Gertrud Baumhagen|gender=f)))	(mention_id=941|references=(entity=(entity_id=16|fullname=Jenny|gender=f)),(entity=(entity_id=12|fullname=Gertrud|gender=f)))
7465	doch	0		
7466	wohl	0		
7467	heute	0		
7468	nicht	0		
7469	mehr	0		
7470	!	0		
7471	«	0		
7472	»	0		
7473	Gute	0		
7474	Nacht	0		
7475	,	0		
7476	Mama	0	(mention_id=941|references=(entity=(entity_id=entity_0005|fullname=Ottilie Baumhagen|gender=f)))	(mention_id=942|references=(entity=(entity_id=7|fullname=Frau Baumhagen|gender=f)))
7477	!	0		
7478	«	0		
7479	sagte	0		
7480	auch	0		
7481	Trudchen	0	(mention_id=942|references=(entity=(entity_id=entity_0004|fullname=Gertrud Baumhagen|gender=f)))	(mention_id=943|references=(entity=(entity_id=12|fullname=Gertrud|gender=f)))
7482	.	0		
7483	»	0		
7484	Gehst	0		
7485	du	0	(mention_id=943|references=(entity=(entity_id=entity_0004|fullname=Gertrud Baumhagen|gender=f)))	(mention_id=944|references=(entity=(entity_id=12|fullname=Gertrud|gender=f)))
7486	zu	0		
7487	Jenny	0	(mention_id=944|references=(entity=(entity_id=entity_0006|fullname=Jenny Fredrich, geb. Baumhagen|gender=f)))	(mention_id=945|references=(entity=(entity_id=16|fullname=Jenny|gender=f)))
7488	hinunter	0		
7489	?	0		
7490	«	0		
7491	erkundigte	0		
7492	sich	0	(mention_id=945|references=(entity=(entity_id=entity_0005|fullname=Ottilie Baumhagen|gender=f)))	(mention_id=946|references=(entity=(entity_id=7|fullname=Frau Baumhagen|gender=f)))
7493	Frau	0	(mention_id=946|references=(entity=(entity_id=entity_0005|fullname=Ottilie Baumhagen|gender=f)))	(mention_id=947|references=(entity=(entity_id=7|fullname=Frau Baumhagen|gender=f)))
7494	Baumhagen	0	(mention_id=946|references=(entity=(entity_id=entity_0005|fullname=Ottilie Baumhagen|gender=f)))	(mention_id=947|references=(entity=(entity_id=7|fullname=Frau Baumhagen|gender=f)))
7495	.	0		
7496	Das	0		
7497	Mädchen	0	(mention_id=947|references=(entity=(entity_id=entity_0004|fullname=Gertrud Baumhagen|gender=f)))	(mention_id=948|references=(entity=(entity_id=12|fullname=Gertrud|gender=f)))
7498	schüttelte	0		
7499	den	0		
7500	Kopf	0		
7501	.	0		
7502	»	0		
7503	Was	0		
7504	fängst	0		
7505	du	0	(mention_id=948|references=(entity=(entity_id=entity_0004|fullname=Gertrud Baumhagen|gender=f)))	(mention_id=949|references=(entity=(entity_id=12|fullname=Gertrud|gender=f)))
7506	denn	0		
7507	an	0		
7508	den	0		
7509	ganzen	0		
7510	Abend	0		
7511	?	0		
7512	«	0		
7513	»	0		
7514	Ich	0	(mention_id=949|references=(entity=(entity_id=entity_0004|fullname=Gertrud Baumhagen|gender=f)))	(mention_id=950|references=(entity=(entity_id=12|fullname=Gertrud|gender=f)))
7515	weiß	0		
7516	noch	0		
7517	nicht	0		
7518	,	0		
7519	Mama	0	(mention_id=950|references=(entity=(entity_id=entity_0005|fullname=Ottilie Baumhagen|gender=f)))	(mention_id=951|references=(entity=(entity_id=7|fullname=Frau Baumhagen|gender=f)))
7520	.	0		
7521	Ich	0	(mention_id=951|references=(entity=(entity_id=entity_0004|fullname=Gertrud Baumhagen|gender=f)))	(mention_id=952|references=(entity=(entity_id=12|fullname=Gertrud|gender=f)))
7522	habe	0		
7523	allerhand	0		
7524	zu	0		
7525	tun	0		
7526	,	0		
7527	vielleicht	0		
7528	lese	0		
7529	ich	0	(mention_id=952|references=(entity=(entity_id=entity_0004|fullname=Gertrud Baumhagen|gender=f)))	(mention_id=953|references=(entity=(entity_id=12|fullname=Gertrud|gender=f)))
7530	auch	0		
7531	.	0		
7532	«	0		
7533	»	0		
7534	So	0		
7535	!	0		
7536	Nun	0		
7537	,	0		
7538	gute	0		
7539	Nacht	0		
7540	,	0		
7541	mein	0	(mention_id=953|references=(entity=(entity_id=entity_0005|fullname=Ottilie Baumhagen|gender=f)))	(mention_id=954|references=(entity=(entity_id=7|fullname=Frau Baumhagen|gender=f)))
7542	Kind	0	(mention_id=954|references=(entity=(entity_id=entity_0004|fullname=Gertrud Baumhagen|gender=f)))	(mention_id=955|references=(entity=(entity_id=12|fullname=Gertrud|gender=f)))
7543	!	0		
7544	«	0		
7545	Sie	0	(mention_id=955|references=(entity=(entity_id=entity_0005|fullname=Ottilie Baumhagen|gender=f)))	(mention_id=956|references=(entity=(entity_id=7|fullname=Frau Baumhagen|gender=f)))
7546	winkte	0		
7547	mit	0		
7548	der	0		
7549	Hand	0		
7550	und	0		
7551	Trudchen	0	(mention_id=956|references=(entity=(entity_id=entity_0004|fullname=Gertrud Baumhagen|gender=f)))	(mention_id=957|references=(entity=(entity_id=12|fullname=Gertrud|gender=f)))
7552	ging	0		
7553	.	0		
7554	Sie	0	(mention_id=957|references=(entity=(entity_id=entity_0004|fullname=Gertrud Baumhagen|gender=f)))	(mention_id=958|references=(entity=(entity_id=12|fullname=Gertrud|gender=f)))
7555	vertauschte	0		
7556	in	0		
7557	ihrem	0	(mention_id=958|references=(entity=(entity_id=entity_0004|fullname=Gertrud Baumhagen|gender=f)))	(mention_id=959|references=(entity=(entity_id=12|fullname=Gertrud|gender=f)))
7558	Schlafzimmer	0		
7559	das	0		
7560	seidene	0		
7561	Kleid	0		
7562	,	0		
7563	das	0		
7564	sie	0	(mention_id=959|references=(entity=(entity_id=entity_0004|fullname=Gertrud Baumhagen|gender=f)))	(mention_id=960|references=(entity=(entity_id=12|fullname=Gertrud|gender=f)))
7565	noch	0		
7566	immer	0		
7567	trug	0		
7568	,	0		
7569	mit	0		
7570	einem	0		
7571	weichen	0		
7572	,	0		
7573	wollenen	0		
7574	Hausrock	0		
7575	,	0		
7576	dann	0		
7577	kam	0		
7578	sie	0	(mention_id=960|references=(entity=(entity_id=entity_0004|fullname=Gertrud Baumhagen|gender=f)))	(mention_id=961|references=(entity=(entity_id=12|fullname=Gertrud|gender=f)))
7579	wieder	0		
7580	in	0		
7581	ihr	0	(mention_id=961|references=(entity=(entity_id=entity_0004|fullname=Gertrud Baumhagen|gender=f)))	(mention_id=962|references=(entity=(entity_id=12|fullname=Gertrud|gender=f)))
7582	hübsches	0		
7583	Wohnzimmer	0		
7584	.	0		
7585	Schon	0		
7586	war	0		
7587	es	0		
7588	dämmerig	0		
7589	geworden	0		
7590	und	0		
7591	unten	0		
7592	auf	0		
7593	der	0		
7594	Straße	0		
7595	wurden	0		
7596	die	0		
7597	Laternen	0		
7598	angezündet	0		
7599	.	0		
7600	Sie	0	(mention_id=962|references=(entity=(entity_id=entity_0004|fullname=Gertrud Baumhagen|gender=f)))	(mention_id=963|references=(entity=(entity_id=12|fullname=Gertrud|gender=f)))
7601	stand	0		
7602	im	0		
7603	Erker	0		
7604	und	0		
7605	sah	0		
7606	,	0		
7607	wie	0		
7608	eine	0		
7609	Flamme	0		
7610	nach	0		
7611	der	0		
7612	andern	0		
7613	aufsprühte	0		
7614	und	0		
7615	wie	0		
7616	die	0		
7617	Fenster	0		
7618	der	0		
7619	Häuser	0		
7620	sich	0		
7621	erhellten	0		
7622	.	0		
7623	Selbst	0		
7624	die	0		
7625	Hökerfrau	0	(mention_id=963|references=(entity=(entity_id=entity_0076|fullname=Hökerfrau|gender=f)))	(mention_id=964|references=(entity=(entity_id=67|fullname=die Hökerfrau|gender=f)))
7626	,	0		
7627	die	0	(mention_id=964|references=(entity=(entity_id=entity_0076|fullname=Hökerfrau|gender=f)))	(mention_id=965|references=(entity=(entity_id=67|fullname=die Hökerfrau|gender=f)))
7628	sich	0	(mention_id=965|references=(entity=(entity_id=entity_0076|fullname=Hökerfrau|gender=f)))	(mention_id=966|references=(entity=(entity_id=67|fullname=die Hökerfrau|gender=f)))
7629	im	0		
7630	Schutz	0		
7631	des	0		
7632	Rolands	0		
7633	angesiedelt	0		
7634	hatte	0		
7635	,	0		
7636	steckte	0		
7637	ihr	0	(mention_id=966|references=(entity=(entity_id=entity_0076|fullname=Hökerfrau|gender=f)))	(mention_id=967|references=(entity=(entity_id=67|fullname=die Hökerfrau|gender=f)))
7638	Laternchen	0		
7639	an	0		
7640	unter	0		
7641	dem	0		
7642	riesigen	0		
7643	dachartigen	0		
7644	Leinwandschirm	0		
7645	.	0		
7646	Trudchen	0	(mention_id=967|references=(entity=(entity_id=entity_0004|fullname=Gertrud Baumhagen|gender=f)))	(mention_id=968|references=(entity=(entity_id=12|fullname=Gertrud|gender=f)))
7647	kannte	0		
7648	dies	0		
7649	alles	0		
7650	so	0		
7651	genau	0		
7652	.	0		
7653	So	0		
7654	war	0		
7655	es	0		
7656	gewesen	0		
7657	da	0		
7658	draußen	0		
7659	,	0		
7660	als	0		
7661	sie	0	(mention_id=968|references=(entity=(entity_id=entity_0004|fullname=Gertrud Baumhagen|gender=f)))	(mention_id=969|references=(entity=(entity_id=12|fullname=Gertrud|gender=f)))
7662	noch	0		
7663	ein	0		
7664	kleines	0		
7665	Mädchen	0	(mention_id=969|references=(entity=(entity_id=entity_0004|fullname=Gertrud Baumhagen|gender=f)))	(mention_id=970|references=(entity=(entity_id=12|fullname=Gertrud|gender=f)))
7666	war	0		
7667	,	0		
7668	und	0		
7669	so	0		
7670	war	0		
7671	es	0		
7672	jetzt	0		
7673	–	0		
7674	nur	0		
7675	hier	0		
7676	innen	0		
7677	ward	0		
7678	es	0		
7679	anders	0		
7680	,	0		
7681	so	0		
7682	ganz	0		
7683	anders	0		
7684	.	0		
7685	Wo	0		
7686	waren	0		
7687	die	0		
7688	Abende	0		
7689	,	0		
7690	an	0		
7691	denen	0		
7692	sie	0	(mention_id=970|references=(entity=(entity_id=entity_0004|fullname=Gertrud Baumhagen|gender=f)))	(mention_id=971|references=(entity=(entity_id=12|fullname=Gertrud|gender=f)))
7693	neben	0		
7694	dem	0		
7695	Vater	0	(mention_id=971|references=(entity=(entity_id=entity_0015|fullname=Leberecht Baumhagen|gender=m)))	(mention_id=972|references=(entity=(entity_id=14|fullname=Herr Baumhagen|gender=m)))
7696	gesessen	0		
7697	hatte	0		
7698	,	0		
7699	wo	0		
7700	die	0		
7701	traute	0		
7702	Behaglichkeit	0		
7703	?	0		
7704	Mit	0		
7705	in	0		
7706	den	0		
7707	schwarzen	0		
7708	Sarg	0		
7709	mußte	0		
7710	sie	0	(mention_id=972|references=(entity=(entity_id=entity_0004|fullname=Gertrud Baumhagen|gender=f)))	(mention_id=973|references=(entity=(entity_id=12|fullname=Gertrud|gender=f)))
7711	sich	0	(mention_id=973|references=(entity=(entity_id=entity_0004|fullname=Gertrud Baumhagen|gender=f)))	(mention_id=974|references=(entity=(entity_id=12|fullname=Gertrud|gender=f)))
7712	geborgen	0		
7713	haben	0		
7714	,	0		
7715	denn	0		
7716	von	0		
7717	jenem	0		
7718	entsetzlichen	0		
7719	Tage	0		
7720	an	0		
7721	,	0		
7722	da	0		
7723	man	0		
7724	den	0		
7725	Vater	0	(mention_id=974|references=(entity=(entity_id=entity_0015|fullname=Leberecht Baumhagen|gender=m)))	(mention_id=975|references=(entity=(entity_id=14|fullname=Herr Baumhagen|gender=m)))
7726	hinausgetragen	0		
7727	hatte	0		
7728	,	0		
7729	blieb	0		
7730	es	0		
7731	leer	0		
7732	und	0		
7733	kalt	0		
7734	im	0		
7735	Hause	0		
7736	und	0		
7737	in	0		
7738	des	0		
7739	Mädchens	0	(mention_id=975|references=(entity=(entity_id=entity_0004|fullname=Gertrud Baumhagen|gender=f)))	(mention_id=976|references=(entity=(entity_id=12|fullname=Gertrud|gender=f)))
7740	Herz	0		
7741	.	0		
7742	Er	0	(mention_id=976|references=(entity=(entity_id=entity_0015|fullname=Leberecht Baumhagen|gender=m)))	(mention_id=977|references=(entity=(entity_id=14|fullname=Herr Baumhagen|gender=m)))
7743	war	0		
7744	so	0		
7745	krank	0		
7746	gewesen	0		
7747	,	0		
7748	der	0		
7749	Papa	0	(mention_id=977|references=(entity=(entity_id=entity_0015|fullname=Leberecht Baumhagen|gender=m)))	(mention_id=978|references=(entity=(entity_id=14|fullname=Herr Baumhagen|gender=m)))
7750	,	0		
7751	so	0		
7752	tiefsinnig	0		
7753	.	0		
7754	Es	0		
7755	sei	0		
7756	ein	0		
7757	Glück	0		
7758	,	0		
7759	daß	0		
7760	es	0		
7761	so	0		
7762	gekommen	0		
7763	sei	0		
7764	,	0		
7765	sagten	0		
7766	die	0		
7767	Leute	0	(mention_id=978|references=(entity=(entity_id=entity_0130|fullname=Leute|gender=u|specialcase_entity=group)))	(mention_id=979|references=(entity=(entity_id=generic_0016|fullname=Leute im Allgemeinen|gender=u|specialcase_entity=generic)))
7768	zu	0		
7769	der	0		
7770	Witwe	0	(mention_id=979|references=(entity=(entity_id=entity_0005|fullname=Ottilie Baumhagen|gender=f)))	(mention_id=980|references=(entity=(entity_id=7|fullname=Frau Baumhagen|gender=f)))
7771	,	0		
7772	die	0	(mention_id=980|references=(entity=(entity_id=entity_0005|fullname=Ottilie Baumhagen|gender=f)))	(mention_id=981|references=(entity=(entity_id=7|fullname=Frau Baumhagen|gender=f)))
7773	im	0		
7774	leidenschaftlichen	0		
7775	Schmerz	0		
7776	förmlich	0		
7777	wütete	0		
7778	,	0		
7779	aber	0		
7780	sie	0	(mention_id=981|references=(entity=(entity_id=entity_0005|fullname=Ottilie Baumhagen|gender=f)))	(mention_id=982|references=(entity=(entity_id=7|fullname=Frau Baumhagen|gender=f)))
7781	war	0		
7782	doch	0		
7783	gleich	0		
7784	auf	0		
7785	Reisen	0		
7786	gegangen	0		
7787	mit	0		
7788	Jenny	0	(mention_id=982|references=(entity=(entity_id=entity_0006|fullname=Jenny Fredrich, geb. Baumhagen|gender=f)))	(mention_id=983|references=(entity=(entity_id=16|fullname=Jenny|gender=f)))
7789	und	0		
7790	den	0		
7791	Winter	0		
7792	hindurch	0		
7793	in	0		
7794	Nizza	0		
7795	verblieben	0		
7796	.	0		
7797	Trudchen	0	(mention_id=983|references=(entity=(entity_id=entity_0004|fullname=Gertrud Baumhagen|gender=f)))	(mention_id=984|references=(entity=(entity_id=12|fullname=Gertrud|gender=f)))
7798	hatte	0		
7799	nicht	0		
7800	mitgewollt	0		
7801	,	0		
7802	durchaus	0		
7803	nicht	0		
7804	.	0		
7805	Ihre	0	(mention_id=984|references=(entity=(entity_id=entity_0004|fullname=Gertrud Baumhagen|gender=f)))	(mention_id=985|references=(entity=(entity_id=12|fullname=Gertrud|gender=f)))
7806	Augen	0		
7807	,	0		
7808	die	0		
7809	solch	0		
7810	Elend	0		
7811	geschaut	0		
7812	hatten	0		
7813	,	0		
7814	hätten	0		
7815	nicht	0		
7816	hinaussehen	0		
7817	mögen	0		
7818	in	0		
7819	Gottes	0	(mention_id=985|references=(entity=(entity_id=entity_0019|fullname=Gott|gender=u|specialcase_entity=nonfact)))	
7820	lachende	0		
7821	Welt	0		
7822	,	0		
7823	ihre	0	(mention_id=986|references=(entity=(entity_id=entity_0004|fullname=Gertrud Baumhagen|gender=f)))	(mention_id=986|references=(entity=(entity_id=12|fullname=Gertrud|gender=f)))
7824	erschütterten	0		
7825	Nerven	0		
7826	hätten	0		
7827	nicht	0		
7828	das	0		
7829	bunte	0		
7830	Treiben	0		
7831	da	0		
7832	draußen	0		
7833	ertragen	0		
7834	.	0		
7835	Sie	0	(mention_id=987|references=(entity=(entity_id=entity_0004|fullname=Gertrud Baumhagen|gender=f)))	(mention_id=987|references=(entity=(entity_id=12|fullname=Gertrud|gender=f)))
7836	hatte	0		
7837	hausgehalten	0		
7838	mit	0		
7839	einer	0		
7840	alten	0		
7841	Verwandten	0	(mention_id=988|references=(entity=(entity_id=entity_0085|fullname=Tante Luischen|gender=f)))	(mention_id=988|references=(entity=(entity_id=35|fullname=Tante Luischen|gender=f)))
7842	.	0		
7843	Tante	0	(mention_id=989|references=(entity=(entity_id=entity_0085|fullname=Tante Luischen|gender=f)))	(mention_id=989|references=(entity=(entity_id=35|fullname=Tante Luischen|gender=f)))
7844	Luischen	0	(mention_id=989|references=(entity=(entity_id=entity_0085|fullname=Tante Luischen|gender=f)))	(mention_id=989|references=(entity=(entity_id=35|fullname=Tante Luischen|gender=f)))
7845	schlief	0		
7846	beinahe	0		
7847	den	0		
7848	ganzen	0		
7849	Tag	0		
7850	–	0		
7851	wenn	0		
7852	sie	0	(mention_id=990|references=(entity=(entity_id=entity_0085|fullname=Tante Luischen|gender=f)))	(mention_id=990|references=(entity=(entity_id=35|fullname=Tante Luischen|gender=f)))
7853	nicht	0		
7854	aß	0		
7855	oder	0		
7856	Kaffee	0		
7857	trank	0		
7858	,	0		
7859	und	0		
7860	da	0		
7861	hatte	0		
7862	das	0		
7863	junge	0		
7864	Herz	0	(mention_id=991|references=(entity=(entity_id=entity_0004|fullname=Gertrud Baumhagen|gender=f)))	
7865	alle	0		
7866	Qualen	0		
7867	der	0		
7868	Einsamkeit	0		
7869	kennengelernt	0		
7870	.	0		
7871	Krank	0		
7872	war	0		
7873	sie	0	(mention_id=992|references=(entity=(entity_id=entity_0004|fullname=Gertrud Baumhagen|gender=f)))	(mention_id=991|references=(entity=(entity_id=12|fullname=Gertrud|gender=f)))
7874	gewesen	0		
7875	an	0		
7876	Körper	0		
7877	und	0		
7878	Geist	0		
7879	,	0		
7880	und	0		
7881	als	0		
7882	endlich	0		
7883	Mutter	0	(mention_id=993|references=(entity=(entity_id=entity_0005|fullname=Ottilie Baumhagen|gender=f)))	(mention_id=992|references=(entity=(entity_id=7|fullname=Frau Baumhagen|gender=f)))
7884	und	0		
7885	Schwester	0	(mention_id=994|references=(entity=(entity_id=entity_0006|fullname=Jenny Fredrich, geb. Baumhagen|gender=f)))	(mention_id=993|references=(entity=(entity_id=16|fullname=Jenny|gender=f)))
7886	zurückgekehrt	0		
7887	waren	0		
7888	,	0		
7889	da	0		
7890	hatte	0		
7891	sie	0	(mention_id=995|references=(entity=(entity_id=entity_0004|fullname=Gertrud Baumhagen|gender=f)))	(mention_id=994|references=(entity=(entity_id=12|fullname=Gertrud|gender=f)))
7892	gelernt	0		
7893	,	0		
7894	daß	0		
7895	man	0		
7896	auch	0		
7897	unter	0		
7898	Menschen	0	(mention_id=996|references=(entity=(entity_id=generic_0021|fullname=Menschen|gender=u|specialcase_entity=generic)))	(mention_id=995|references=(entity=(entity_id=generic_0006|fullname=Menschen im Allgemeinen|gender=u|specialcase_entity=generic)))
7899	einsam	0		
7900	sein	0		
7901	kann	0		
7902	.	0		
7903	Und	0		
7904	einsam	0		
7905	war	0		
7906	sie	0	(mention_id=997|references=(entity=(entity_id=entity_0004|fullname=Gertrud Baumhagen|gender=f)))	(mention_id=996|references=(entity=(entity_id=12|fullname=Gertrud|gender=f)))
7907	geblieben	0		
7908	bis	0		
7909	heute	0		
7910	,	0		
7911	herzenseinsam	0		
7912	und	0		
7913	arm	0		
7914	an	0		
7915	Freuden	0		
7916	.	0		
7917	Sie	0	(mention_id=998|references=(entity=(entity_id=entity_0004|fullname=Gertrud Baumhagen|gender=f)))	(mention_id=997|references=(entity=(entity_id=12|fullname=Gertrud|gender=f)))
7918	hatte	0		
7919	,	0		
7920	von	0		
7921	Sehnsucht	0		
7922	getrieben	0		
7923	,	0		
7924	immer	0		
7925	und	0		
7926	immer	0		
7927	wieder	0		
7928	tapfer	0		
7929	versucht	0		
7930	,	0		
7931	eine	0		
7932	Entschuldigung	0		
7933	für	0		
7934	die	0		
7935	Mutter	0	(mention_id=999|references=(entity=(entity_id=entity_0005|fullname=Ottilie Baumhagen|gender=f)))	(mention_id=998|references=(entity=(entity_id=7|fullname=Frau Baumhagen|gender=f)))
7936	zu	0		
7937	finden	0		
7938	,	0		
7939	sich	0	(mention_id=1000|references=(entity=(entity_id=entity_0004|fullname=Gertrud Baumhagen|gender=f)))	(mention_id=999|references=(entity=(entity_id=12|fullname=Gertrud|gender=f)))
7940	wenigstens	0		
7941	etwas	0		
7942	ihrer	0	(mention_id=1001|references=(entity=(entity_id=entity_0005|fullname=Ottilie Baumhagen|gender=f)))	(mention_id=1000|references=(entity=(entity_id=7|fullname=Frau Baumhagen|gender=f)))
7943	Lebensanschauung	0		
7944	anzupassen	0		
7945	.	0		
7946	Sie	0	(mention_id=1002|references=(entity=(entity_id=entity_0004|fullname=Gertrud Baumhagen|gender=f)))	(mention_id=1001|references=(entity=(entity_id=12|fullname=Gertrud|gender=f)))
7947	hatte	0		
7948	sich	0	(mention_id=1003|references=(entity=(entity_id=entity_0004|fullname=Gertrud Baumhagen|gender=f)))	(mention_id=1002|references=(entity=(entity_id=12|fullname=Gertrud|gender=f)))
7949	mitschleifen	0		
7950	lassen	0		
7951	in	0		
7952	den	0		
7953	Trubel	0		
7954	der	0		
7955	Geselligkeit	0		
7956	,	0		
7957	den	0		
7958	die	0		
7959	lebenslustige	0		
7960	Frau	0	(mention_id=1004|references=(entity=(entity_id=entity_0005|fullname=Ottilie Baumhagen|gender=f)))	(mention_id=1003|references=(entity=(entity_id=7|fullname=Frau Baumhagen|gender=f)))
7961	nach	0		
7962	beendeter	0		
7963	Trauerzeit	0		
7964	um	0		
7965	sich	0	(mention_id=1005|references=(entity=(entity_id=entity_0005|fullname=Ottilie Baumhagen|gender=f)))	(mention_id=1004|references=(entity=(entity_id=7|fullname=Frau Baumhagen|gender=f)))
7966	verbreitete	0		
7967	.	0		
7968	Sie	0	(mention_id=1006|references=(entity=(entity_id=entity_0004|fullname=Gertrud Baumhagen|gender=f)))	(mention_id=1005|references=(entity=(entity_id=12|fullname=Gertrud|gender=f)))
7969	hatte	0		
7970	versucht	0		
7971	,	0		
7972	sich	0	(mention_id=1007|references=(entity=(entity_id=entity_0004|fullname=Gertrud Baumhagen|gender=f)))	(mention_id=1006|references=(entity=(entity_id=12|fullname=Gertrud|gender=f)))
7973	einzureden	0		
7974	,	0		
7975	die	0		
7976	Konzerte	0		
7977	,	0		
7978	Bälle	0		
7979	und	0		
7980	alles	0		
7981	,	0		
7982	was	0		
7983	drum	0		
7984	und	0		
7985	dran	0		
7986	hing	0		
7987	,	0		
7988	machten	0		
7989	ihr	0	(mention_id=1008|references=(entity=(entity_id=entity_0004|fullname=Gertrud Baumhagen|gender=f)))	(mention_id=1007|references=(entity=(entity_id=12|fullname=Gertrud|gender=f)))
7990	wirklich	0		
7991	Vergnügen	0		
7992	,	0		
7993	füllten	0		
7994	ihr	0	(mention_id=1009|references=(entity=(entity_id=entity_0004|fullname=Gertrud Baumhagen|gender=f)))	(mention_id=1008|references=(entity=(entity_id=12|fullname=Gertrud|gender=f)))
7995	Herz	0		
7996	aus	0		
7997	.	0		
7998	Aber	0		
7999	ihr	0	(mention_id=1010|references=(entity=(entity_id=entity_0004|fullname=Gertrud Baumhagen|gender=f)))	(mention_id=1009|references=(entity=(entity_id=12|fullname=Gertrud|gender=f)))
8000	Rechtlichkeitsgefühl	0		
8001	sträubte	0		
8002	sich	0		
8003	gegen	0		
8004	die	0		
8005	Selbstlüge	0		
8006	.	0		
8007	Sie	0	(mention_id=1011|references=(entity=(entity_id=entity_0004|fullname=Gertrud Baumhagen|gender=f)))	(mention_id=1010|references=(entity=(entity_id=12|fullname=Gertrud|gender=f)))
8008	begann	0		
8009	zu	0		
8010	grübeln	0		
8011	über	0		
8012	die	0		
8013	Leerheit	0		
8014	,	0		
8015	die	0		
8016	sie	0	(mention_id=1012|references=(entity=(entity_id=entity_0004|fullname=Gertrud Baumhagen|gender=f)))	(mention_id=1011|references=(entity=(entity_id=12|fullname=Gertrud|gender=f)))
8017	umgab	0		
8018	,	0		
8019	über	0		
8020	dieses	0		
8021	und	0		
8022	jenes	0		
8023	Gespräch	0		
8024	,	0		
8025	über	0		
8026	das	0		
8027	ganze	0		
8028	Treiben	0		
8029	um	0		
8030	sie	0	(mention_id=1013|references=(entity=(entity_id=entity_0004|fullname=Gertrud Baumhagen|gender=f)))	(mention_id=1012|references=(entity=(entity_id=12|fullname=Gertrud|gender=f)))
8031	her	0		
8032	und	0		
8033	es	0		
8034	wurde	0		
8035	ihr	0	(mention_id=1014|references=(entity=(entity_id=entity_0004|fullname=Gertrud Baumhagen|gender=f)))	(mention_id=1013|references=(entity=(entity_id=12|fullname=Gertrud|gender=f)))
8036	immer	0		
8037	unverständlicher	0		
8038	.	0		
8039	Sie	0	(mention_id=1015|references=(entity=(entity_id=entity_0004|fullname=Gertrud Baumhagen|gender=f)))	(mention_id=1014|references=(entity=(entity_id=12|fullname=Gertrud|gender=f)))
8040	begriff	0		
8041	nicht	0		
8042	,	0		
8043	wie	0		
8044	man	0		
8045	sich	0		
8046	so	0		
8047	köstlich	0		
8048	amüsieren	0		
8049	konnte	0		
8050	über	0		
8051	Sachen	0		
8052	,	0		
8053	die	0		
8054	ihr	0	(mention_id=1016|references=(entity=(entity_id=entity_0004|fullname=Gertrud Baumhagen|gender=f)))	(mention_id=1015|references=(entity=(entity_id=12|fullname=Gertrud|gender=f)))
8055	kaum	0		
8056	beachtenswert	0		
8057	erschienen	0		
8058	.	0		
8059	Die	0		
8060	Kunst	0		
8061	,	0		
8062	das	0		
8063	Leben	0		
8064	tändelnd	0		
8065	zu	0		
8066	durchflattern	0		
8067	,	0		
8068	von	0		
8069	allen	0		
8070	seinen	0		
8071	Reizen	0		
8072	den	0		
8073	Schaum	0		
8074	zu	0		
8075	schlürfen	0		
8076	,	0		
8077	wie	0		
8078	Jenny	0	(mention_id=1017|references=(entity=(entity_id=entity_0006|fullname=Jenny Fredrich, geb. Baumhagen|gender=f)))	(mention_id=1016|references=(entity=(entity_id=16|fullname=Jenny|gender=f)))
8079	es	0		
8080	tat	0		
8081	,	0		
8082	verstand	0		
8083	sie	0	(mention_id=1018|references=(entity=(entity_id=entity_0004|fullname=Gertrud Baumhagen|gender=f)))	(mention_id=1017|references=(entity=(entity_id=12|fullname=Gertrud|gender=f)))
8084	nicht	0		
8085	,	0		
8086	es	0		
8087	waren	0		
8088	eben	0		
8089	alles	0		
8090	Dinge	0		
8091	,	0		
8092	die	0		
8093	sie	0	(mention_id=1019|references=(entity=(entity_id=entity_0004|fullname=Gertrud Baumhagen|gender=f)))	(mention_id=1018|references=(entity=(entity_id=12|fullname=Gertrud|gender=f)))
8094	nicht	0		
8095	berührten	0		
8096	.	0		
8097	Die	0		
8098	ausgesuchtesten	0		
8099	Toiletten	0		
8100	auf	0		
8101	den	0		
8102	Bällen	0		
8103	zu	0		
8104	tragen	0		
8105	,	0		
8106	auf	0		
8107	Reisen	0		
8108	in	0		
8109	den	0		
8110	teuersten	0		
8111	Hotels	0		
8112	zu	0		
8113	wohnen	0		
8114	,	0		
8115	mit	0		
8116	den	0		
8117	feinsten	0		
8118	Gesellschaften	0		
8119	zu	0		
8120	glänzen	0		
8121	–	0		
8122	es	0		
8123	lohnte	0		
8124	sich	0		
8125	doch	0		
8126	der	0		
8127	Mühe	0		
8128	nicht	0		
8129	,	0		
8130	darüber	0		
8131	nachzudenken	0		
8132	.	0		
8133	Einmal	0		
8134	hatte	0		
8135	sie	0	(mention_id=1020|references=(entity=(entity_id=entity_0004|fullname=Gertrud Baumhagen|gender=f)))	(mention_id=1019|references=(entity=(entity_id=12|fullname=Gertrud|gender=f)))
8136	gebeten	0		
8137	,	0		
8138	ob	0		
8139	sie	0	(mention_id=1021|references=(entity=(entity_id=entity_0004|fullname=Gertrud Baumhagen|gender=f)))	(mention_id=1020|references=(entity=(entity_id=12|fullname=Gertrud|gender=f)))
8140	nicht	0		
8141	wie	0		
8142	sonst	0		
8143	,	0		
8144	als	0		
8145	der	0		
8146	Papa	0	(mention_id=1022|references=(entity=(entity_id=entity_0015|fullname=Leberecht Baumhagen|gender=m)))	(mention_id=1021|references=(entity=(entity_id=14|fullname=Herr Baumhagen|gender=m)))
8147	noch	0		
8148	lebte	0		
8149	,	0		
8150	an	0		
8151	den	0		
8152	Abenden	0		
8153	,	0		
8154	die	0		
8155	man	0		
8156	allein	0		
8157	verbrachte	0		
8158	,	0		
8159	vorlesen	0		
8160	dürfe	0		
8161	?	0		
8162	Sie	0	(mention_id=1023|references=(entity=(entity_id=entity_0004|fullname=Gertrud Baumhagen|gender=f)))	(mention_id=1022|references=(entity=(entity_id=12|fullname=Gertrud|gender=f)))
8163	war	0		
8164	,	0		
8165	nach	0		
8166	erhaltener	0		
8167	Erlaubnis	0		
8168	,	0		
8169	freudestrahlend	0		
8170	mit	0		
8171	dem	0		
8172	»	0		
8173	Ekkehard	0		
8174	«	0		
8175	herübergekommen	0		
8176	,	0		
8177	das	0		
8178	letzte	0		
8179	Buch	0		
8180	,	0		
8181	das	0		
8182	der	0		
8183	Vater	0	(mention_id=1024|references=(entity=(entity_id=entity_0015|fullname=Leberecht Baumhagen|gender=m)))	(mention_id=1023|references=(entity=(entity_id=14|fullname=Herr Baumhagen|gender=m)))
8184	ihr	0	(mention_id=1025|references=(entity=(entity_id=entity_0004|fullname=Gertrud Baumhagen|gender=f)))	(mention_id=1024|references=(entity=(entity_id=12|fullname=Gertrud|gender=f)))
8185	geschenkt	0		
8186	hatte	0		
8187	.	0		
8188	Mit	0		
8189	hochroten	0		
8190	Wangen	0		
8191	hatte	0		
8192	sie	0	(mention_id=1026|references=(entity=(entity_id=entity_0004|fullname=Gertrud Baumhagen|gender=f)))	(mention_id=1025|references=(entity=(entity_id=12|fullname=Gertrud|gender=f)))
8193	gelesen	0		
8194	und	0		
8195	gelesen	0		
8196	,	0		
8197	als	0		
8198	sie	0	(mention_id=1027|references=(entity=(entity_id=entity_0004|fullname=Gertrud Baumhagen|gender=f)))	(mention_id=1026|references=(entity=(entity_id=12|fullname=Gertrud|gender=f)))
8199	aber	0		
8200	unversehens	0		
8201	aufschaute	0		
8202	,	0		
8203	da	0		
8204	saß	0		
8205	Jenny	0	(mention_id=1028|references=(entity=(entity_id=entity_0006|fullname=Jenny Fredrich, geb. Baumhagen|gender=f)))	(mention_id=1027|references=(entity=(entity_id=16|fullname=Jenny|gender=f)))
8206	und	0		
8207	betrachtete	0		
8208	angelegentlichst	0		
8209	die	0		
8210	neueste	0		
8211	Nummer	0		
8212	der	0		
8213	Modenzeitung	0		
8214	und	0		
8215	Mama	0	(mention_id=1029|references=(entity=(entity_id=entity_0005|fullname=Ottilie Baumhagen|gender=f)))	(mention_id=1028|references=(entity=(entity_id=7|fullname=Frau Baumhagen|gender=f)))
8216	schlief	0		
8217	.	0		
8218	Sie	0	(mention_id=1030|references=(entity=(entity_id=entity_0004|fullname=Gertrud Baumhagen|gender=f)))	(mention_id=1029|references=(entity=(entity_id=12|fullname=Gertrud|gender=f)))
8219	hatte	0		
8220	kein	0		
8221	Wort	0		
8222	gesagt	0		
8223	,	0		
8224	aber	0		
8225	vorgelesen	0		
8226	hatte	0		
8227	sie	0	(mention_id=1031|references=(entity=(entity_id=entity_0004|fullname=Gertrud Baumhagen|gender=f)))	(mention_id=1030|references=(entity=(entity_id=12|fullname=Gertrud|gender=f)))
8228	nie	0		
8229	wieder	0		
8230	.	0		
8231	Ein	0		
8232	paar	0		
8233	große	0		
8234	Tränen	0		
8235	rannen	0		
8236	ihr	0	(mention_id=1032|references=(entity=(entity_id=entity_0004|fullname=Gertrud Baumhagen|gender=f)))	(mention_id=1031|references=(entity=(entity_id=12|fullname=Gertrud|gender=f)))
8237	plötzlich	0		
8238	über	0		
8239	die	0		
8240	Wangen	0		
8241	.	0		
8242	Es	0		
8243	war	0		
8244	wieder	0		
8245	eine	0		
8246	jener	0		
8247	Stunden	0		
8248	über	0		
8249	sie	0	(mention_id=1033|references=(entity=(entity_id=entity_0004|fullname=Gertrud Baumhagen|gender=f)))	(mention_id=1032|references=(entity=(entity_id=12|fullname=Gertrud|gender=f)))
8250	gekommen	0		
8251	,	0		
8252	in	0		
8253	denen	0		
8254	sie	0	(mention_id=1034|references=(entity=(entity_id=entity_0004|fullname=Gertrud Baumhagen|gender=f)))	(mention_id=1033|references=(entity=(entity_id=12|fullname=Gertrud|gender=f)))
8255	wie	0		
8256	verzweifelnd	0		
8257	die	0		
8258	Arme	0		
8259	nach	0		
8260	einer	0		
8261	Seele	0		(mention_id=1034|references=(entity=(entity_id=86|fullname=eine verstehende Seele|gender=u|specialcase_entity=nonfact)))
8262	ausstreckte	0		
8263	,	0		
8264	die	0		(mention_id=1035|references=(entity=(entity_id=86|fullname=eine verstehende Seele|gender=u|specialcase_entity=nonfact)))
8265	sie	0	(mention_id=1035|references=(entity=(entity_id=entity_0004|fullname=Gertrud Baumhagen|gender=f)))	(mention_id=1036|references=(entity=(entity_id=12|fullname=Gertrud|gender=f)))
8266	verstand	0		
8267	,	0		
8268	die	0		(mention_id=1037|references=(entity=(entity_id=86|fullname=eine verstehende Seele|gender=u|specialcase_entity=nonfact)))
8269	sie	0	(mention_id=1036|references=(entity=(entity_id=entity_0004|fullname=Gertrud Baumhagen|gender=f)))	(mention_id=1038|references=(entity=(entity_id=12|fullname=Gertrud|gender=f)))
8270	ein	0		
8271	bißchen	0		
8272	,	0		
8273	nur	0		
8274	ein	0		
8275	bißchen	0		
8276	liebhatte	0		
8277	,	0		
8278	um	0		
8279	ihrer	0	(mention_id=1037|references=(entity=(entity_id=entity_0004|fullname=Gertrud Baumhagen|gender=f)))	(mention_id=1039|references=(entity=(entity_id=12|fullname=Gertrud|gender=f)))
8280	selbst	0		
8281	willen	0		
8282	.	0		
8283	Sie	0	(mention_id=1038|references=(entity=(entity_id=entity_0004|fullname=Gertrud Baumhagen|gender=f)))	(mention_id=1040|references=(entity=(entity_id=12|fullname=Gertrud|gender=f)))
8284	war	0		
8285	so	0		
8286	mißtrauisch	0		
8287	,	0		
8288	so	0		
8289	unendlich	0		
8290	mißtrauisch	0		
8291	geworden	0		
8292	,	0		
8293	daß	0		
8294	sie	0	(mention_id=1039|references=(entity=(entity_id=entity_0004|fullname=Gertrud Baumhagen|gender=f)))	(mention_id=1041|references=(entity=(entity_id=12|fullname=Gertrud|gender=f)))
8295	alles	0		
8296	,	0		
8297	was	0		
8298	Fremde	0	(mention_id=1040|references=(entity=(entity_id=entity_0096|fullname=freundliche Fremde|gender=u|specialcase_entity=group)))	(mention_id=1042|references=(entity=(entity_id=generic_0017|fullname=Fremde im Allgemeinen|gender=u|specialcase_entity=generic)))
8299	ihr	0	(mention_id=1041|references=(entity=(entity_id=entity_0004|fullname=Gertrud Baumhagen|gender=f)))	(mention_id=1043|references=(entity=(entity_id=12|fullname=Gertrud|gender=f)))
8300	an	0		
8301	Freundlichkeiten	0		
8302	entgegenbrachten	0		
8303	,	0		
8304	ihren	0	(mention_id=1042|references=(entity=(entity_id=entity_0096|fullname=freundliche Fremde|gender=u|specialcase_entity=group)))	(mention_id=1044|references=(entity=(entity_id=12|fullname=Gertrud|gender=f)))
8305	äußeren	0		
8306	Glücksgütern	0		
8307	,	0		
8308	der	0		
8309	Stellung	0		
8310	,	0		
8311	die	0		
8312	ihr	0	(mention_id=1043|references=(entity=(entity_id=entity_0004|fullname=Gertrud Baumhagen|gender=f)))	(mention_id=1045|references=(entity=(entity_id=12|fullname=Gertrud|gender=f)))
8313	Haus	0		
8314	in	0		
8315	der	0		
8316	Gesellschaft	0		
8317	einnahm	0		
8318	,	0		
8319	zuschrieb	0		
8320	.	0		
8321	Sie	0	(mention_id=1044|references=(entity=(entity_id=entity_0004|fullname=Gertrud Baumhagen|gender=f)))	(mention_id=1046|references=(entity=(entity_id=12|fullname=Gertrud|gender=f)))
8322	war	0		
8323	sich	0	(mention_id=1045|references=(entity=(entity_id=entity_0004|fullname=Gertrud Baumhagen|gender=f)))	(mention_id=1047|references=(entity=(entity_id=12|fullname=Gertrud|gender=f)))
8324	völlig	0		
8325	bewußt	0		
8326	,	0		
8327	daß	0		
8328	sie	0	(mention_id=1046|references=(entity=(entity_id=entity_0004|fullname=Gertrud Baumhagen|gender=f)))	(mention_id=1048|references=(entity=(entity_id=12|fullname=Gertrud|gender=f)))
8329	schroff	0		
8330	und	0		
8331	unliebenswürdig	0		
8332	sei	0		
8333	bis	0		
8334	zur	0		
8335	Rücksichtslosigkeit	0		
8336	.	0		
8337	Die	0		
8338	Menschen	0	(mention_id=1047|references=(entity=(entity_id=generic_0045|fullname=Menschen um Trudchen|gender=u|specialcase_entity=generic)))	(mention_id=1049|references=(entity=(entity_id=generic_0007|fullname=Menschen im Allgemeinen|gender=u|specialcase_entity=generic)))
8339	sollten	0		
8340	nicht	0		
8341	wissen	0		
8342	,	0		
8343	wie	0		
8344	arm	0		
8345	sie	0	(mention_id=1048|references=(entity=(entity_id=entity_0004|fullname=Gertrud Baumhagen|gender=f)))	(mention_id=1050|references=(entity=(entity_id=12|fullname=Gertrud|gender=f)))
8346	sich	0	(mention_id=1049|references=(entity=(entity_id=entity_0004|fullname=Gertrud Baumhagen|gender=f)))	(mention_id=1051|references=(entity=(entity_id=12|fullname=Gertrud|gender=f)))
8347	fühlte	0		
8348	.	0		
8349	Sie	0	(mention_id=1050|references=(entity=(entity_id=entity_0004|fullname=Gertrud Baumhagen|gender=f)))	(mention_id=1052|references=(entity=(entity_id=12|fullname=Gertrud|gender=f)))
8350	brauchten	0		
8351	nicht	0		
8352	zu	0		
8353	ahnen	0		
8354	,	0		
8355	daß	0		
8356	sie	0	(mention_id=1051|references=(entity=(entity_id=entity_0004|fullname=Gertrud Baumhagen|gender=f)))	(mention_id=1053|references=(entity=(entity_id=12|fullname=Gertrud|gender=f)))
8357	die	0		
8358	Hände	0		
8359	ineinander	0		
8360	wand	0		
8361	und	0		
8362	fragte	0		
8363	:	0		
8364	»	0		
8365	Was	0		
8366	soll	0		
8367	ich	0	(mention_id=1052|references=(entity=(entity_id=entity_0004|fullname=Gertrud Baumhagen|gender=f)))	(mention_id=1054|references=(entity=(entity_id=12|fullname=Gertrud|gender=f)))
8368	?	0		
8369	Wozu	0		
8370	lebe	0		
8371	ich	0	(mention_id=1053|references=(entity=(entity_id=entity_0004|fullname=Gertrud Baumhagen|gender=f)))	(mention_id=1055|references=(entity=(entity_id=12|fullname=Gertrud|gender=f)))
8372	?	0		
8373	«	0		
8374	Sie	0	(mention_id=1054|references=(entity=(entity_id=entity_0004|fullname=Gertrud Baumhagen|gender=f)))	(mention_id=1056|references=(entity=(entity_id=12|fullname=Gertrud|gender=f)))
8375	hatte	0		
8376	die	0		
8377	Arbeitslust	0		
8378	,	0		
8379	den	0		
8380	Drang	0		
8381	zu	0		
8382	nützen	0		
8383	,	0		
8384	vom	0		
8385	Vater	0	(mention_id=1055|references=(entity=(entity_id=entity_0015|fullname=Leberecht Baumhagen|gender=m)))	(mention_id=1057|references=(entity=(entity_id=14|fullname=Herr Baumhagen|gender=m)))
8386	geerbt	0		
8387	–	0		
8388	jeder	0		
8389	tüchtige	0		
8390	Mensch	0	(mention_id=1056|references=(entity=(entity_id=generic_0046|fullname=tüchtiger Mensch|gender=u|specialcase_entity=generic)))	(mention_id=1058|references=(entity=(entity_id=generic_0018|fullname=ein tüchtiger Mensch im Allgemeinen|gender=u|specialcase_entity=generic)))
8391	will	0		
8392	schaffen	0		
8393	,	0		
8394	will	0		
8395	beglücken	0		
8396	und	0		
8397	glücklich	0		
8398	sein	0		
8399	!	0		
8400	Auf	0		
8401	ihr	0	(mention_id=1057|references=(entity=(entity_id=entity_0004|fullname=Gertrud Baumhagen|gender=f)))	(mention_id=1059|references=(entity=(entity_id=12|fullname=Gertrud|gender=f)))
8402	lag	0		
8403	das	0		
8404	Dasein	0		
8405	wie	0		
8406	eine	0		
8407	Last	0		
8408	,	0		
8409	es	0		
8410	war	0		
8411	so	0		
8412	ekel	0		
8413	,	0		
8414	so	0		
8415	schal	0		
8416	,	0		
8417	so	0		
8418	erfüllt	0		
8419	von	0		
8420	kleinlichen	0		
8421	Interessen	0		
8422	.	0		
8423	Sie	0	(mention_id=1058|references=(entity=(entity_id=entity_0004|fullname=Gertrud Baumhagen|gender=f)))	(mention_id=1060|references=(entity=(entity_id=12|fullname=Gertrud|gender=f)))
8424	trocknete	0		
8425	rasch	0		
8426	eine	0		
8427	Träne	0		
8428	und	0		
8429	wandte	0		
8430	sich	0	(mention_id=1059|references=(entity=(entity_id=entity_0004|fullname=Gertrud Baumhagen|gender=f)))	(mention_id=1061|references=(entity=(entity_id=12|fullname=Gertrud|gender=f)))
8431	um	0		
8432	,	0		
8433	die	0		
8434	Tür	0		
8435	hatte	0		
8436	sich	0		
8437	geöffnet	0		
8438	und	0		
8439	eine	0		
8440	alte	0		
8441	Dienerin	0	(mention_id=1060|references=(entity=(entity_id=entity_0074|fullname=Alte Dienerin|gender=f)))	(mention_id=1062|references=(entity=(entity_id=72|fullname=die alte Dienerin|gender=f)))
8442	trat	0		
8443	ein	0		
8444	.	0		
8445	»	0		
8446	Sie	0	(mention_id=1061|references=(entity=(entity_id=entity_0004|fullname=Gertrud Baumhagen|gender=f)))	(mention_id=1063|references=(entity=(entity_id=12|fullname=Gertrud|gender=f)))
8447	vergessen	0		
8448	wieder	0		
8449	das	0		
8450	Abendbrot	0		
8451	,	0		
8452	Fräulein	0	(mention_id=1062|references=(entity=(entity_id=entity_0004|fullname=Gertrud Baumhagen|gender=f)))	(mention_id=1064|references=(entity=(entity_id=12|fullname=Gertrud|gender=f)))
8453	Trudchen	0	(mention_id=1062|references=(entity=(entity_id=entity_0004|fullname=Gertrud Baumhagen|gender=f)))	(mention_id=1064|references=(entity=(entity_id=12|fullname=Gertrud|gender=f)))
8454	«	0		
8455	,	0		
8456	begann	0		
8457	sie	0	(mention_id=1063|references=(entity=(entity_id=entity_0074|fullname=Alte Dienerin|gender=f)))	(mention_id=1065|references=(entity=(entity_id=72|fullname=die alte Dienerin|gender=f)))
8458	vorwurfsvoll	0		
8459	.	0		
8460	»	0		
8461	Im	0		
8462	Speisezimmer	0		
8463	ist	0		
8464	alles	0		
8465	bereit	0		
8466	.	0		
8467	Ich	0	(mention_id=1064|references=(entity=(entity_id=entity_0074|fullname=Alte Dienerin|gender=f)))	(mention_id=1066|references=(entity=(entity_id=72|fullname=die alte Dienerin|gender=f)))
8468	habe	0		
8469	den	0		
8470	Tee	0		
8471	eingegossen	0		
8472	,	0		
8473	damit	0		
8474	er	0		
8475	ein	0		
8476	wenig	0		
8477	verkühlt	0		
8478	,	0		
8479	aber	0		
8480	nun	0		
8481	müssen	0		
8482	Sie	0	(mention_id=1065|references=(entity=(entity_id=entity_0004|fullname=Gertrud Baumhagen|gender=f)))	(mention_id=1067|references=(entity=(entity_id=12|fullname=Gertrud|gender=f)))
8483	auch	0		
8484	kommen	0		
8485	.	0		
8486	«	0		
8487	Das	0		
8488	junge	0		
8489	Mädchen	0	(mention_id=1066|references=(entity=(entity_id=entity_0004|fullname=Gertrud Baumhagen|gender=f)))	(mention_id=1068|references=(entity=(entity_id=12|fullname=Gertrud|gender=f)))
8490	dankte	0		
8491	freundlich	0		
8492	und	0		
8493	folgte	0		
8494	.	0		
8495	Nach	0		
8496	ganz	0		
8497	kurzer	0		
8498	Zeit	0		
8499	kam	0		
8500	sie	0	(mention_id=1067|references=(entity=(entity_id=entity_0004|fullname=Gertrud Baumhagen|gender=f)))	(mention_id=1069|references=(entity=(entity_id=12|fullname=Gertrud|gender=f)))
8501	zurück	0		
8502	;	0		
8503	es	0		
8504	schmeckte	0		
8505	nicht	0		
8506	so	0		
8507	allein	0		
8508	.	0		
8509	Sie	0	(mention_id=1068|references=(entity=(entity_id=entity_0004|fullname=Gertrud Baumhagen|gender=f)))	(mention_id=1070|references=(entity=(entity_id=12|fullname=Gertrud|gender=f)))
8510	zündete	0		
8511	die	0		
8512	Lampe	0		
8513	an	0		
8514	und	0		
8515	nahm	0		
8516	ein	0		
8517	Buch	0		
8518	und	0		
8519	las	0		
8520	.	0		
8521	Auf	0		
8522	der	0		
8523	Straße	0		
8524	war	0		
8525	es	0		
8526	allmählich	0		
8527	still	0		
8528	geworden	0		
8529	,	0		
8530	von	0		
8531	St.	0		
8532	Benedikti	0		
8533	schlug	0		
8534	es	0		
8535	Viertelstunde	0		
8536	auf	0		
8537	Viertelstunde	0		
8538	,	0		
8539	endlich	0		
8540	elf	0		
8541	Uhr	0		
8542	.	0		
8543	Unten	0		
8544	fuhr	0		
8545	ein	0		
8546	Wagen	0		
8547	vor	0		
8548	–	0		
8549	Mama	0	(mention_id=1069|references=(entity=(entity_id=entity_0005|fullname=Ottilie Baumhagen|gender=f)))	(mention_id=1071|references=(entity=(entity_id=7|fullname=Frau Baumhagen|gender=f)))
8550	kam	0		
8551	nach	0		
8552	Hause	0		
8553	.	0		
8554	Trudchen	0	(mention_id=1070|references=(entity=(entity_id=entity_0004|fullname=Gertrud Baumhagen|gender=f)))	(mention_id=1072|references=(entity=(entity_id=12|fullname=Gertrud|gender=f)))
8555	schloß	0		
8556	das	0		
8557	Buch	0		
8558	,	0		
8559	es	0		
8560	war	0		
8561	Schlafenszeit	0		
8562	.	0		
8563	Nun	0		
8564	ging	0		
8565	die	0		
8566	Entreetür	0		
8567	–	0		
8568	jetzt	0		
8569	Schritte	0		
8570	vorüber	0		
8571	an	0		
8572	Trudchens	0	(mention_id=1071|references=(entity=(entity_id=entity_0004|fullname=Gertrud Baumhagen|gender=f)))	(mention_id=1073|references=(entity=(entity_id=12|fullname=Gertrud|gender=f)))
8573	Zimmer	0		
8574	–	0		
8575	nein	0		
8576	,	0		
8577	doch	0		
8578	nicht	0		
8579	–	0		
8580	man	0		
8581	kam	0		
8582	herein	0		
8583	.	0		
8584	Frau	0	(mention_id=1072|references=(entity=(entity_id=entity_0005|fullname=Ottilie Baumhagen|gender=f)))	(mention_id=1074|references=(entity=(entity_id=7|fullname=Frau Baumhagen|gender=f)))
8585	Baumhagen	0	(mention_id=1072|references=(entity=(entity_id=entity_0005|fullname=Ottilie Baumhagen|gender=f)))	(mention_id=1074|references=(entity=(entity_id=7|fullname=Frau Baumhagen|gender=f)))
8586	trug	0		
8587	noch	0		
8588	das	0		
8589	schwarze	0		
8590	Spitzentuch	0		
8591	über	0		
8592	dem	0		
8593	Kopf	0		
8594	.	0		
8595	Sie	0	(mention_id=1073|references=(entity=(entity_id=entity_0005|fullname=Ottilie Baumhagen|gender=f)))	(mention_id=1075|references=(entity=(entity_id=7|fullname=Frau Baumhagen|gender=f)))
8596	wollte	0		
8597	ihre	0	(mention_id=1074|references=(entity=(entity_id=entity_0005|fullname=Ottilie Baumhagen|gender=f)))	(mention_id=1076|references=(entity=(entity_id=7|fullname=Frau Baumhagen|gender=f)))
8598	Tochter	0	(mention_id=1075|references=(entity=(entity_id=entity_0004|fullname=Gertrud Baumhagen|gender=f)))	(mention_id=1077|references=(entity=(entity_id=12|fullname=Gertrud|gender=f)))
8599	nur	0		
8600	fragen	0		
8601	,	0		
8602	was	0		
8603	denn	0		
8604	das	0		
8605	eigentlich	0		
8606	für	0		
8607	eine	0		
8608	»	0		
8609	gelungene	0		
8610	Geschichte	0		
8611	«	0		
8612	in	0		
8613	der	0		
8614	Kirche	0		
8615	heute	0		
8616	nachmittag	0		
8617	gewesen	0		
8618	sei	0		
8619	?	0		
8620	Die	0		
8621	Frau	0	(mention_id=1076|references=(entity=(entity_id=entity_0110|fullname=Frau Oberprediger|gender=f)))	(mention_id=1078|references=(entity=(entity_id=8|fullname=Frau Oberprediger|gender=f)))
8622	Oberprediger	0	(mention_id=1076|references=(entity=(entity_id=entity_0110|fullname=Frau Oberprediger|gender=f)))	(mention_id=1078|references=(entity=(entity_id=8|fullname=Frau Oberprediger|gender=f)))
8623	habe	0		
8624	ihr	0	(mention_id=1077|references=(entity=(entity_id=entity_0005|fullname=Ottilie Baumhagen|gender=f)))	(mention_id=1079|references=(entity=(entity_id=7|fullname=Frau Baumhagen|gender=f)))
8625	von	0		
8626	einem	0		
8627	seltsamen	0		
8628	Herrn	0	(mention_id=1078|references=(entity=(entity_id=entity_0001|fullname=Franz Linden|gender=m)))	(mention_id=1080|references=(entity=(entity_id=6|fullname=Franz|gender=m)))
8629	Gevatter	0	(mention_id=1078|references=(entity=(entity_id=entity_0001|fullname=Franz Linden|gender=m)))	(mention_id=1080|references=(entity=(entity_id=6|fullname=Franz|gender=m)))
8630	erzählt	0		
8631	.	0		
8632	Der	0		
8633	Herr	0	(mention_id=1079|references=(entity=(entity_id=entity_0013|fullname=Oberprediger|gender=m)))	(mention_id=1081|references=(entity=(entity_id=15|fullname=Herr Pastor|gender=m)))
8634	Pastor	0	(mention_id=1079|references=(entity=(entity_id=entity_0013|fullname=Oberprediger|gender=m)))	(mention_id=1081|references=(entity=(entity_id=15|fullname=Herr Pastor|gender=m)))
8635	sei	0		
8636	ganz	0		
8637	erfüllt	0		
8638	davon	0		
8639	nach	0		
8640	Hause	0		
8641	gekommen	0		
8642	.	0		
8643	»	0		
8644	Jenny	0	(mention_id=1080|references=(entity=(entity_id=entity_0006|fullname=Jenny Fredrich, geb. Baumhagen|gender=f)))	(mention_id=1082|references=(entity=(entity_id=16|fullname=Jenny|gender=f)))
8645	blieb	0		
8646	aus	0		
8647	«	0		
8648	,	0		
8649	erklärte	0		
8650	das	0		
8651	junge	0		
8652	Mädchen	0	(mention_id=1081|references=(entity=(entity_id=entity_0004|fullname=Gertrud Baumhagen|gender=f)))	(mention_id=1083|references=(entity=(entity_id=12|fullname=Gertrud|gender=f)))
8653	,	0		
8654	»	0		
8655	da	0		
8656	meldete	0		
8657	sich	0	(mention_id=1082|references=(entity=(entity_id=entity_0001|fullname=Franz Linden|gender=m)))	(mention_id=1084|references=(entity=(entity_id=6|fullname=Franz|gender=m)))
8658	ein	0		
8659	fremder	0		
8660	Herr	0	(mention_id=1083|references=(entity=(entity_id=entity_0001|fullname=Franz Linden|gender=m)))	(mention_id=1085|references=(entity=(entity_id=6|fullname=Franz|gender=m)))
8661	.	0		
8662	«	0		
8663	»	0		
8664	Aber	0		
8665	wie	0		
8666	entsetzlich	0		
8667	zudringlich	0		
8668	!	0		
8669	«	0		
8670	rief	0		
8671	die	0		
8672	erregte	0		
8673	kleine	0		
8674	Frau	0	(mention_id=1084|references=(entity=(entity_id=entity_0005|fullname=Ottilie Baumhagen|gender=f)))	(mention_id=1086|references=(entity=(entity_id=7|fullname=Frau Baumhagen|gender=f)))
8675	,	0		
8676	»	0		
8677	du	0	(mention_id=1085|references=(entity=(entity_id=entity_0004|fullname=Gertrud Baumhagen|gender=f)))	(mention_id=1087|references=(entity=(entity_id=12|fullname=Gertrud|gender=f)))
8678	hättest	0		
8679	zurücktreten	0		
8680	müssen	0		
8681	,	0		
8682	Kind	0	(mention_id=1086|references=(entity=(entity_id=entity_0004|fullname=Gertrud Baumhagen|gender=f)))	(mention_id=1088|references=(entity=(entity_id=12|fullname=Gertrud|gender=f)))
8683	–	0		
8684	wer	0		
8685	weiß	0		
8686	,	0		
8687	was	0		
8688	es	0	(mention_id=1087|references=(entity=(entity_id=entity_0001|fullname=Franz Linden|gender=m)))	
8689	für	0		
8690	ein	0		
8691	Subjekt	0	(mention_id=1088|references=(entity=(entity_id=entity_0001|fullname=Franz Linden|gender=m)))	(mention_id=1089|references=(entity=(entity_id=6|fullname=Franz|gender=m)))
8692	ist	0		
8693	!	0		
8694	«	0		
8695	»	0		
8696	Ich	0	(mention_id=1089|references=(entity=(entity_id=entity_0004|fullname=Gertrud Baumhagen|gender=f)))	(mention_id=1090|references=(entity=(entity_id=12|fullname=Gertrud|gender=f)))
8697	kenne	0		
8698	ihn	0	(mention_id=1090|references=(entity=(entity_id=entity_0001|fullname=Franz Linden|gender=m)))	(mention_id=1091|references=(entity=(entity_id=6|fullname=Franz|gender=m)))
8699	nicht	0		
8700	,	0		
8701	Mama	0	(mention_id=1091|references=(entity=(entity_id=entity_0005|fullname=Ottilie Baumhagen|gender=f)))	(mention_id=1092|references=(entity=(entity_id=7|fullname=Frau Baumhagen|gender=f)))
8702	.	0		
8703	Aber	0		
8704	wer	0		
8705	es	0		
8706	auch	0		
8707	sei	0		
8708	,	0		
8709	er	0	(mention_id=1092|references=(entity=(entity_id=entity_0001|fullname=Franz Linden|gender=m)))	(mention_id=1093|references=(entity=(entity_id=6|fullname=Franz|gender=m)))
8710	hat	0		
8711	menschlich	0		
8712	gut	0		
8713	gehandelt	0		
8714	.	0		
8715	Er	0	(mention_id=1093|references=(entity=(entity_id=entity_0001|fullname=Franz Linden|gender=m)))	(mention_id=1094|references=(entity=(entity_id=6|fullname=Franz|gender=m)))
8716	dachte	0		
8717	jedenfalls	0		
8718	nicht	0		
8719	,	0		
8720	daß	0		
8721	man	0		
8722	seine	0	(mention_id=1094|references=(entity=(entity_id=entity_0001|fullname=Franz Linden|gender=m)))	(mention_id=1095|references=(entity=(entity_id=6|fullname=Franz|gender=m)))
8723	Freundlichkeit	0		
8724	anders	0		
8725	auffassen	0		
8726	könnte	0		
8727	.	0		
8728	«	0		
8729	»	0		
8730	Siehst	0		
8731	du	0	(mention_id=1095|references=(entity=(entity_id=entity_0004|fullname=Gertrud Baumhagen|gender=f)))	(mention_id=1096|references=(entity=(entity_id=12|fullname=Gertrud|gender=f)))
8732	«	0		
8733	,	0		
8734	klagte	0		
8735	Frau	0	(mention_id=1096|references=(entity=(entity_id=entity_0005|fullname=Ottilie Baumhagen|gender=f)))	(mention_id=1097|references=(entity=(entity_id=7|fullname=Frau Baumhagen|gender=f)))
8736	Baumhagen	0	(mention_id=1096|references=(entity=(entity_id=entity_0005|fullname=Ottilie Baumhagen|gender=f)))	(mention_id=1097|references=(entity=(entity_id=7|fullname=Frau Baumhagen|gender=f)))
8737	,	0		
8738	»	0		
8739	so	0		
8740	ist	0		
8741	es	0		
8742	mit	0		
8743	dir	0	(mention_id=1097|references=(entity=(entity_id=entity_0004|fullname=Gertrud Baumhagen|gender=f)))	(mention_id=1098|references=(entity=(entity_id=12|fullname=Gertrud|gender=f)))
8744	!	0		
8745	Dergleichen	0		
8746	imponiert	0		
8747	dir	0	(mention_id=1098|references=(entity=(entity_id=entity_0004|fullname=Gertrud Baumhagen|gender=f)))	(mention_id=1099|references=(entity=(entity_id=12|fullname=Gertrud|gender=f)))
8748	,	0		
8749	Trudchen	0	(mention_id=1099|references=(entity=(entity_id=entity_0004|fullname=Gertrud Baumhagen|gender=f)))	(mention_id=1100|references=(entity=(entity_id=12|fullname=Gertrud|gender=f)))
8750	–	0		
8751	wirklich	0		
8752	,	0		
8753	mir	0	(mention_id=1100|references=(entity=(entity_id=entity_0005|fullname=Ottilie Baumhagen|gender=f)))	(mention_id=1101|references=(entity=(entity_id=7|fullname=Frau Baumhagen|gender=f)))
8754	wird	0		
8755	angst	0		
8756	um	0		
8757	dich	0	(mention_id=1101|references=(entity=(entity_id=entity_0004|fullname=Gertrud Baumhagen|gender=f)))	(mention_id=1102|references=(entity=(entity_id=12|fullname=Gertrud|gender=f)))
8758	!	0		
8759	Weißt	0		
8760	du	0	(mention_id=1102|references=(entity=(entity_id=entity_0004|fullname=Gertrud Baumhagen|gender=f)))	(mention_id=1103|references=(entity=(entity_id=12|fullname=Gertrud|gender=f)))
8761	auch	0		
8762	,	0		
8763	daß	0		
8764	Herr	0	(mention_id=1103|references=(entity=(entity_id=entity_0069|fullname=Herr von Löwenberg|gender=m)))	(mention_id=1104|references=(entity=(entity_id=41|fullname=der Adjutant|gender=m)))
8765	von	0	(mention_id=1103|references=(entity=(entity_id=entity_0069|fullname=Herr von Löwenberg|gender=m)))	(mention_id=1104|references=(entity=(entity_id=41|fullname=der Adjutant|gender=m)))
8766	Löwenberg	0	(mention_id=1103|references=(entity=(entity_id=entity_0069|fullname=Herr von Löwenberg|gender=m)))	(mention_id=1104|references=(entity=(entity_id=41|fullname=der Adjutant|gender=m)))
8767	–	0		
8768	nun	0		
8769	erinnere	0		
8770	ich	0	(mention_id=1104|references=(entity=(entity_id=entity_0005|fullname=Ottilie Baumhagen|gender=f)))	(mention_id=1105|references=(entity=(entity_id=7|fullname=Frau Baumhagen|gender=f)))
8771	mich	0	(mention_id=1105|references=(entity=(entity_id=entity_0005|fullname=Ottilie Baumhagen|gender=f)))	(mention_id=1106|references=(entity=(entity_id=7|fullname=Frau Baumhagen|gender=f)))
8772	des	0		
8773	Namens	0		
8774	–	0		
8775	entfernt	0		
8776	verwandt	0		
8777	ist	0		
8778	mit	0		
8779	dem	0		
8780	herzoglichen	0		
8781	Hause	0		
8782	von	0		
8783	A.	0	(mention_id=1106|references=(entity=(entity_id=entity_0084|fullname=herzogliche Familie A.|gender=u|members=entity_0069|all_members_given=False|specialcase_entity=group)))	(mention_id=1107|references=(entity=(entity_id=13|fullname=Haus von A|gender=u|specialcase_entity=group)))
8784	?	0		
8785	Die	0		
8786	Frau	0	(mention_id=1107|references=(entity=(entity_id=entity_0089|fullname=Frau von S.|gender=f)))	(mention_id=1108|references=(entity=(entity_id=10|fullname=Frau von S|gender=f)))
8787	von	0	(mention_id=1107|references=(entity=(entity_id=entity_0089|fullname=Frau von S.|gender=f)))	(mention_id=1108|references=(entity=(entity_id=10|fullname=Frau von S|gender=f)))
8788	S	0	(mention_id=1107|references=(entity=(entity_id=entity_0089|fullname=Frau von S.|gender=f)))	(mention_id=1108|references=(entity=(entity_id=10|fullname=Frau von S|gender=f)))
8789	.	0		(mention_id=1108|references=(entity=(entity_id=10|fullname=Frau von S|gender=f)))
8790	.	0		
8791	.	0		
8792	.	0		
8793	kennt	0		
8794	die	0		
8795	ganze	0		
8796	Familie	0	(mention_id=1108|references=(entity=(entity_id=entity_0084|fullname=herzogliche Familie A.|gender=u|members=entity_0069|all_members_given=False|specialcase_entity=group)))	(mention_id=1109|references=(entity=(entity_id=5|fullname=Familie von Löwenberg|gender=mf|specialcase_entity=group)))
8797	,	0		
8798	es	0		
8799	sollen	0		
8800	alle	0		(mention_id=1110|references=(entity=(entity_id=5|fullname=Familie von Löwenberg|gender=mf|specialcase_entity=group)))
8801	scharmante	0		
8802	Menschen	0	(mention_id=1109|references=(entity=(entity_id=entity_0084|fullname=herzogliche Familie A.|gender=u|members=entity_0069|all_members_given=False|specialcase_entity=group)))	(mention_id=1111|references=(entity=(entity_id=5|fullname=Familie von Löwenberg|gender=mf|specialcase_entity=group)))
8803	sein	0		
8804	.	0		
8805	Aber	0		
8806	ich	0	(mention_id=1110|references=(entity=(entity_id=entity_0005|fullname=Ottilie Baumhagen|gender=f)))	(mention_id=1112|references=(entity=(entity_id=7|fullname=Frau Baumhagen|gender=f)))
8807	will	0		
8808	dir	0	(mention_id=1111|references=(entity=(entity_id=entity_0004|fullname=Gertrud Baumhagen|gender=f)))	(mention_id=1113|references=(entity=(entity_id=12|fullname=Gertrud|gender=f)))
8809	nicht	0		
8810	zureden	0		
8811	,	0		
8812	ich	0	(mention_id=1112|references=(entity=(entity_id=entity_0005|fullname=Ottilie Baumhagen|gender=f)))	(mention_id=1114|references=(entity=(entity_id=7|fullname=Frau Baumhagen|gender=f)))
8813	sage	0		
8814	dir	0	(mention_id=1113|references=(entity=(entity_id=entity_0004|fullname=Gertrud Baumhagen|gender=f)))	(mention_id=1115|references=(entity=(entity_id=12|fullname=Gertrud|gender=f)))
8815	dies	0		
8816	nur	0		
8817	so	0		
8818	beiläufig	0		
8819	.	0		
8820	–	0		
8821	Zu	0		
8822	morgen	0		
8823	hat	0		
8824	die	0		
8825	Stadträtin	0	(mention_id=1114|references=(entity=(entity_id=entity_0138|fullname=Stadträtin|gender=f)))	(mention_id=1116|references=(entity=(entity_id=34|fullname=Stadträtin|gender=f)))
8826	eingeladen	0		
8827	,	0		
8828	meldet	0		
8829	mir	0	(mention_id=1115|references=(entity=(entity_id=entity_0005|fullname=Ottilie Baumhagen|gender=f)))	(mention_id=1117|references=(entity=(entity_id=7|fullname=Frau Baumhagen|gender=f)))
8830	Sophie	0	(mention_id=1116|references=(entity=(entity_id=entity_0071|fullname=Sophie|gender=f)))	(mention_id=1118|references=(entity=(entity_id=33|fullname=Sophie|gender=f)))
8831	eben	0		
8832	.	0		
8833	Man	0	(mention_id=1117|references=(entity=(entity_id=entity_0005|fullname=Ottilie Baumhagen|gender=f)))	
8834	hat	0		
8835	keinen	0		
8836	Tag	0		
8837	für	0		
8838	sich	0	(mention_id=1118|references=(entity=(entity_id=entity_0005|fullname=Ottilie Baumhagen|gender=f)))	
8839	–	0		
8840	da	0		
8841	kommst	0		
8842	du	0	(mention_id=1119|references=(entity=(entity_id=entity_0004|fullname=Gertrud Baumhagen|gender=f)))	(mention_id=1119|references=(entity=(entity_id=12|fullname=Gertrud|gender=f)))
8843	wohl	0		
8844	mit	0		
8845	?	0		
8846	Es	0		
8847	ist	0		
8848	wegen	0		
8849	des	0		
8850	Stiftungsfestes	0		
8851	.	0		
8852	Ihr	0	(mention_id=1120|references=(entity=(entity_id=entity_0006|fullname=Jenny Fredrich, geb. Baumhagen|gender=f)),(entity=(entity_id=entity_0004|fullname=Gertrud Baumhagen|gender=f)))	(mention_id=1120|references=(entity=(entity_id=generic_0019|fullname=junge Mädchen im Allgemeinen|gender=u|specialcase_entity=generic)),(entity=(entity_id=12|fullname=Gertrud|gender=f)))
8853	jungen	0		
8854	Mädchen	0	(mention_id=1121|references=(entity=(entity_id=entity_0006|fullname=Jenny Fredrich, geb. Baumhagen|gender=f)),(entity=(entity_id=entity_0004|fullname=Gertrud Baumhagen|gender=f)))	(mention_id=1121|references=(entity=(entity_id=generic_0020|fullname=junge Mädchen im Allgemeinen|gender=u|specialcase_entity=generic)),(entity=(entity_id=12|fullname=Gertrud|gender=f)))
8855	sollt	0		
8856	etwas	0		
8857	aufführen	0		
8858	.	0		
8859	Bei	0		
8860	Jenny	0	(mention_id=1122|references=(entity=(entity_id=entity_0006|fullname=Jenny Fredrich, geb. Baumhagen|gender=f)))	(mention_id=1122|references=(entity=(entity_id=16|fullname=Jenny|gender=f)))
8861	war	0		
8862	noch	0		
8863	Licht	0		
8864	«	0		
8865	fuhr	0		
8866	sie	0	(mention_id=1123|references=(entity=(entity_id=entity_0005|fullname=Ottilie Baumhagen|gender=f)))	(mention_id=1123|references=(entity=(entity_id=7|fullname=Frau Baumhagen|gender=f)))
8867	fort	0		
8868	,	0		
8869	ohne	0		
8870	sich	0	(mention_id=1124|references=(entity=(entity_id=entity_0005|fullname=Ottilie Baumhagen|gender=f)))	(mention_id=1124|references=(entity=(entity_id=7|fullname=Frau Baumhagen|gender=f)))
8871	durch	0		
8872	das	0		
8873	Schweigen	0		
8874	der	0		
8875	Tochter	0	(mention_id=1125|references=(entity=(entity_id=entity_0004|fullname=Gertrud Baumhagen|gender=f)))	(mention_id=1125|references=(entity=(entity_id=12|fullname=Gertrud|gender=f)))
8876	beirren	0		
8877	zu	0		
8878	lassen	0		
8879	.	0		
8880	»	0		
8881	Artur	0	(mention_id=1126|references=(entity=(entity_id=entity_0007|fullname=Artur Fredrich|gender=m)))	(mention_id=1126|references=(entity=(entity_id=1|fullname=Artur|gender=m)))
8882	ist	0		
8883	mit	0		
8884	Karl	0	(mention_id=1127|references=(entity=(entity_id=entity_0078|fullname=Karl Röben|gender=m)))	(mention_id=1127|references=(entity=(entity_id=19|fullname=Karl Röben|gender=m)))
8885	Röben	0	(mention_id=1127|references=(entity=(entity_id=entity_0078|fullname=Karl Röben|gender=m)))	(mention_id=1127|references=(entity=(entity_id=19|fullname=Karl Röben|gender=m)))
8886	zurückgekommen	0		
8887	,	0		
8888	der	0	(mention_id=1128|references=(entity=(entity_id=entity_0078|fullname=Karl Röben|gender=m)))	(mention_id=1128|references=(entity=(entity_id=19|fullname=Karl Röben|gender=m)))
8889	seine	0	(mention_id=1129|references=(entity=(entity_id=entity_0078|fullname=Karl Röben|gender=m)))	(mention_id=1129|references=(entity=(entity_id=19|fullname=Karl Röben|gender=m)))
8890	junge	0		
8891	Frau	0	(mention_id=1130|references=(entity=(entity_id=entity_0109|fullname=Frau Röbens|gender=f)))	(mention_id=1130|references=(entity=(entity_id=9|fullname=Frau von Karl Röben|gender=f)))
8892	abholen	0		
8893	will	0		
8894	und	0		
8895	eben	0		
8896	kam	0		
8897	Line	0	(mention_id=1131|references=(entity=(entity_id=entity_0129|fullname=Line|gender=f)))	(mention_id=1131|references=(entity=(entity_id=20|fullname=Karoline|gender=f)))
8898	mit	0		
8899	Champagner	0		
8900	aus	0		
8901	dem	0		
8902	Keller	0		
8903	.	0		
8904	–	0		
8905	Ich	0	(mention_id=1132|references=(entity=(entity_id=entity_0005|fullname=Ottilie Baumhagen|gender=f)))	(mention_id=1132|references=(entity=(entity_id=7|fullname=Frau Baumhagen|gender=f)))
8906	bitte	0		
8907	dich	0	(mention_id=1133|references=(entity=(entity_id=entity_0004|fullname=Gertrud Baumhagen|gender=f)))	(mention_id=1133|references=(entity=(entity_id=12|fullname=Gertrud|gender=f)))
8908	,	0		
8909	erzähle	0		
8910	nur	0		
8911	niemand	0		
8912	von	0		
8913	der	0		
8914	Kirchenszene	0		
8915	heute	0		
8916	,	0		
8917	ich	0	(mention_id=1134|references=(entity=(entity_id=entity_0005|fullname=Ottilie Baumhagen|gender=f)))	(mention_id=1134|references=(entity=(entity_id=7|fullname=Frau Baumhagen|gender=f)))
8918	habe	0		
8919	auch	0		
8920	die	0		
8921	Oberpredigerin	0	(mention_id=1135|references=(entity=(entity_id=entity_0124|fullname=Oberpredigerin|gender=f)))	(mention_id=1135|references=(entity=(entity_id=8|fullname=Frau Oberprediger|gender=f)))
8922	darum	0		
8923	gebeten	0		
8924	.	0		
8925	Gute	0		
8926	Nacht	0		
8927	,	0		
8928	mein	0	(mention_id=1136|references=(entity=(entity_id=entity_0005|fullname=Ottilie Baumhagen|gender=f)))	(mention_id=1136|references=(entity=(entity_id=7|fullname=Frau Baumhagen|gender=f)))
8929	Kind	0	(mention_id=1137|references=(entity=(entity_id=entity_0004|fullname=Gertrud Baumhagen|gender=f)))	(mention_id=1137|references=(entity=(entity_id=12|fullname=Gertrud|gender=f)))
8930	–	0		
8931	der	0		
8932	Tee	0		
8933	war	0		
8934	natürlich	0		
8935	wieder	0		
8936	nicht	0		
8937	zu	0		
8938	genießen	0		
8939	bei	0		
8940	der	0		
8941	guten	0		
8942	S.	0	(mention_id=1138|references=(entity=(entity_id=entity_0089|fullname=Frau von S.|gender=f)))	(mention_id=1138|references=(entity=(entity_id=28|fullname=S|gender=f)))
8943	«	0		
8944	»	0		
8945	Gute	0		
8946	Nacht	0		
8947	,	0		
8948	Mama	0	(mention_id=1139|references=(entity=(entity_id=entity_0005|fullname=Ottilie Baumhagen|gender=f)))	(mention_id=1139|references=(entity=(entity_id=7|fullname=Frau Baumhagen|gender=f)))
8949	!	0		
8950	«	0		
8951	erwiderte	0		
8952	Trudchen	0	(mention_id=1140|references=(entity=(entity_id=entity_0004|fullname=Gertrud Baumhagen|gender=f)))	(mention_id=1140|references=(entity=(entity_id=12|fullname=Gertrud|gender=f)))
8953	.	0		
8954	Sie	0	(mention_id=1141|references=(entity=(entity_id=entity_0004|fullname=Gertrud Baumhagen|gender=f)))	(mention_id=1141|references=(entity=(entity_id=12|fullname=Gertrud|gender=f)))
8955	nahm	0		
8956	die	0		
8957	Lampe	0		
8958	und	0		
8959	trat	0		
8960	noch	0		
8961	einmal	0		
8962	vor	0		
8963	des	0		
8964	Vaters	0	(mention_id=1142|references=(entity=(entity_id=entity_0015|fullname=Leberecht Baumhagen|gender=m)))	(mention_id=1142|references=(entity=(entity_id=14|fullname=Herr Baumhagen|gender=m)))
8965	Bild	0		
8966	,	0		
8967	dann	0		
8968	suchte	0		
8969	sie	0	(mention_id=1143|references=(entity=(entity_id=entity_0004|fullname=Gertrud Baumhagen|gender=f)))	(mention_id=1143|references=(entity=(entity_id=12|fullname=Gertrud|gender=f)))
8970	ihr	0	(mention_id=1144|references=(entity=(entity_id=entity_0004|fullname=Gertrud Baumhagen|gender=f)))	(mention_id=1144|references=(entity=(entity_id=12|fullname=Gertrud|gender=f)))
8971	Lager	0		
8972	auf	0		
8973	.	0		
8974	Aus	0		
8975	halbem	0		
8976	Schlummer	0		
8977	erwachte	0		
8978	sie	0	(mention_id=1145|references=(entity=(entity_id=entity_0004|fullname=Gertrud Baumhagen|gender=f)))	(mention_id=1145|references=(entity=(entity_id=12|fullname=Gertrud|gender=f)))
8979	jäh	0		
8980	,	0		
8981	sie	0	(mention_id=1146|references=(entity=(entity_id=entity_0004|fullname=Gertrud Baumhagen|gender=f)))	(mention_id=1146|references=(entity=(entity_id=12|fullname=Gertrud|gender=f)))
8982	hatte	0		
8983	so	0		
8984	deutlich	0		
8985	die	0		
8986	Stimme	0		
8987	vernommen	0		
8988	,	0		
8989	die	0		
8990	sie	0	(mention_id=1147|references=(entity=(entity_id=entity_0001|fullname=Franz Linden|gender=m)))	(mention_id=1147|references=(entity=(entity_id=12|fullname=Gertrud|gender=f)))
8991	heute	0		
8992	in	0		
8993	der	0		
8994	Kirche	0		
8995	zum	0		
8996	ersten	0		
8997	Male	0		
8998	gehört	0		
8999	hatte	0		
9000	;	0		
9001	mit	0		
9002	raschem	0		
9003	Herzschlag	0		
9004	saß	0		
9005	sie	0	(mention_id=1148|references=(entity=(entity_id=entity_0004|fullname=Gertrud Baumhagen|gender=f)))	(mention_id=1148|references=(entity=(entity_id=12|fullname=Gertrud|gender=f)))
9006	empor	0		
9007	.	0		
9008	Nein	0		
9009	,	0		
9010	es	0		
9011	war	0		
9012	kein	0		
9013	Traum	0		
9014	gewesen	0		
9015	,	0		
9016	was	0		
9017	sie	0	(mention_id=1149|references=(entity=(entity_id=entity_0004|fullname=Gertrud Baumhagen|gender=f)))	(mention_id=1149|references=(entity=(entity_id=12|fullname=Gertrud|gender=f)))
9018	heute	0		
9019	erlebt	0		
9020	hatte	0		
9021	!	0		
9022	Wie	0		
9023	ein	0		
9024	Sonnenblick	0		
9025	fiel	0		
9026	das	0		
9027	freundliche	0		
9028	Tun	0		
9029	des	0		
9030	Unbekannten	0	(mention_id=1150|references=(entity=(entity_id=entity_0001|fullname=Franz Linden|gender=m)))	(mention_id=1150|references=(entity=(entity_id=6|fullname=Franz|gender=m)))
9031	in	0		
9032	diese	0		
9033	Welt	0		
9034	voll	0		
9035	Egoismus	0		
9036	und	0		
9037	Herzlosigkeit	0		
9038	.	0		
9039	Und	0		
9040	nun	0		
9041	blieb	0		
9042	sie	0	(mention_id=1151|references=(entity=(entity_id=entity_0004|fullname=Gertrud Baumhagen|gender=f)))	(mention_id=1151|references=(entity=(entity_id=12|fullname=Gertrud|gender=f)))
9043	lange	0		
9044	wach	0		
9045	.	0		
9046	Über	0		
9047	das	0		
9048	Gebirge	0		
9049	zogen	0		
9050	die	0		
9051	Stürme	0		
9052	des	0		
9053	Spätherbstes	0		
9054	,	0		
9055	wehten	0		
9056	Regenschauer	0		
9057	aus	0		
9058	grauen	0		
9059	,	0		
9060	fliegenden	0		
9061	Wolken	0		
9062	und	0		
9063	schlugen	0		
9064	prasselnd	0		
9065	auf	0		
9066	die	0		
9067	welken	0		
9068	Blätter	0		
9069	des	0		
9070	Waldes	0		
9071	und	0		
9072	gegen	0		
9073	die	0		
9074	Fenster	0		
9075	der	0		
9076	festen	0		
9077	Menschenwohnungen	0		
9078	.	0		
9079	Franz	0	(mention_id=1152|references=(entity=(entity_id=entity_0001|fullname=Franz Linden|gender=m)))	(mention_id=1152|references=(entity=(entity_id=6|fullname=Franz|gender=m)))
9080	Linden	0	(mention_id=1152|references=(entity=(entity_id=entity_0001|fullname=Franz Linden|gender=m)))	(mention_id=1152|references=(entity=(entity_id=6|fullname=Franz|gender=m)))
9081	saß	0		
9082	am	0		
9083	Schreibtisch	0		
9084	in	0		
9085	dem	0		
9086	Zimmer	0		
9087	,	0		
9088	das	0		
9089	er	0	(mention_id=1153|references=(entity=(entity_id=entity_0001|fullname=Franz Linden|gender=m)))	(mention_id=1153|references=(entity=(entity_id=6|fullname=Franz|gender=m)))
9090	sich	0	(mention_id=1154|references=(entity=(entity_id=entity_0001|fullname=Franz Linden|gender=m)))	(mention_id=1154|references=(entity=(entity_id=6|fullname=Franz|gender=m)))
9091	im	0		
9092	oberen	0		
9093	Stock	0		
9094	eingerichtet	0		
9095	hatte	0		
9096	,	0		
9097	und	0		
9098	seine	0	(mention_id=1155|references=(entity=(entity_id=entity_0001|fullname=Franz Linden|gender=m)))	(mention_id=1155|references=(entity=(entity_id=6|fullname=Franz|gender=m)))
9099	Blicke	0		
9100	flogen	0		
9101	über	0		
9102	die	0		
9103	entlaubten	0		
9104	Wipfel	0		
9105	des	0		
9106	Gartens	0		
9107	zu	0		
9108	den	0		
9109	Bergen	0		
9110	hinüber	0		
9111	.	0		
9112	So	0		
9113	behaglich	0		
9114	es	0		
9115	bei	0		
9116	einem	0		
9117	Junggesellen	0	(mention_id=1156|references=(entity=(entity_id=entity_0001|fullname=Franz Linden|gender=m)))	(mention_id=1156|references=(entity=(entity_id=generic_0021|fullname=ein Junggeselle im Allgemeinen|gender=u|specialcase_entity=generic)))
9118	nur	0		
9119	sein	0		
9120	kann	0		
9121	,	0		
9122	war	0		
9123	es	0		
9124	um	0		
9125	ihn	0	(mention_id=1157|references=(entity=(entity_id=entity_0001|fullname=Franz Linden|gender=m)))	(mention_id=1157|references=(entity=(entity_id=6|fullname=Franz|gender=m)))
9126	her	0		
9127	–	0		
9128	Bücher	0		
9129	und	0		
9130	Gewehrschränke	0		
9131	,	0		
9132	prasselndes	0		
9133	Feuer	0		
9134	im	0		
9135	Kachelofen	0		
9136	,	0		
9137	gute	0		
9138	Bilder	0		
9139	an	0		
9140	den	0		
9141	Wänden	0		
9142	,	0		
9143	der	0		
9144	leichte	0		
9145	Duft	0		
9146	einer	0		
9147	feinen	0		
9148	Zigarre	0		
9149	,	0		
9150	und	0		
9151	trotzdem	0		
9152	war	0		
9153	es	0		
9154	ein	0		
9155	gar	0		
9156	nicht	0		
9157	zufriedener	0		
9158	Ausdruck	0		
9159	,	0		
9160	der	0		
9161	auf	0		
9162	seinem	0	(mention_id=1158|references=(entity=(entity_id=entity_0001|fullname=Franz Linden|gender=m)))	(mention_id=1158|references=(entity=(entity_id=6|fullname=Franz|gender=m)))
9163	hübschen	0		
9164	Gesichte	0		
9165	lag	0		
9166	.	0		
9167	Einen	0		
9168	großen	0		
9169	Bogen	0		
9170	voller	0		
9171	Zahlen	0		
9172	schob	0		
9173	jetzt	0		
9174	seine	0	(mention_id=1159|references=(entity=(entity_id=entity_0001|fullname=Franz Linden|gender=m)))	(mention_id=1159|references=(entity=(entity_id=6|fullname=Franz|gender=m)))
9175	Hand	0		
9176	beiseite	0		
9177	und	0		
9178	ergriff	0		
9179	dafür	0		
9180	ein	0		
9181	Briefblatt	0		
9182	,	0		
9183	auf	0		
9184	dem	0		
9185	er	0	(mention_id=1160|references=(entity=(entity_id=entity_0001|fullname=Franz Linden|gender=m)))	(mention_id=1160|references=(entity=(entity_id=6|fullname=Franz|gender=m)))
9186	rasch	0		
9187	zu	0		
9188	schreiben	0		
9189	begann	0		
9190	:	0		
9191	»	0		
9192	Mein	0	(mention_id=1161|references=(entity=(entity_id=entity_0001|fullname=Franz Linden|gender=m)))	(mention_id=1161|references=(entity=(entity_id=6|fullname=Franz|gender=m)))
9193	alter	0		
9194	Amtsrichter	0	(mention_id=1162|references=(entity=(entity_id=entity_0002|fullname=Richard Weishaupt|gender=m)))	(mention_id=1162|references=(entity=(entity_id=42|fullname=der Amtsrichter|gender=m)))
9195	!	0		
9196	Wie	0		
9197	würdest	0		
9198	Du	0	(mention_id=1163|references=(entity=(entity_id=entity_0002|fullname=Richard Weishaupt|gender=m)))	(mention_id=1163|references=(entity=(entity_id=42|fullname=der Amtsrichter|gender=m)))
9199	hohnlachen	0		
9200	,	0		
9201	könntest	0		
9202	Du	0	(mention_id=1164|references=(entity=(entity_id=entity_0002|fullname=Richard Weishaupt|gender=m)))	(mention_id=1164|references=(entity=(entity_id=42|fullname=der Amtsrichter|gender=m)))
9203	mich	0	(mention_id=1165|references=(entity=(entity_id=entity_0001|fullname=Franz Linden|gender=m)))	(mention_id=1165|references=(entity=(entity_id=6|fullname=Franz|gender=m)))
9204	sehen	0		
9205	in	0		
9206	meiner	0	(mention_id=1166|references=(entity=(entity_id=entity_0001|fullname=Franz Linden|gender=m)))	(mention_id=1166|references=(entity=(entity_id=6|fullname=Franz|gender=m)))
9207	deprimierten	0		
9208	Stimmung	0		
9209	!	0		
9210	Draußen	0		
9211	regnet	0		
9212	es	0		
9213	und	0		
9214	hier	0		
9215	innen	0		
9216	strömt	0		
9217	die	0		
9218	Flut	0		
9219	von	0		
9220	tausend	0		
9221	verdrießlichen	0		
9222	Gedanken	0		
9223	auf	0		
9224	mich	0	(mention_id=1167|references=(entity=(entity_id=entity_0001|fullname=Franz Linden|gender=m)))	(mention_id=1167|references=(entity=(entity_id=6|fullname=Franz|gender=m)))
9225	ein	0		
9226	.	0		
9227	Ich	0	(mention_id=1168|references=(entity=(entity_id=entity_0001|fullname=Franz Linden|gender=m)))	(mention_id=1168|references=(entity=(entity_id=6|fullname=Franz|gender=m)))
9228	bin	0		
9229	dahinter	0		
9230	gekommen	0		
9231	,	0		
9232	daß	0		
9233	Landwirt	0	(mention_id=1169|references=(entity=(entity_id=entity_0001|fullname=Franz Linden|gender=m)))	(mention_id=1169|references=(entity=(entity_id=6|fullname=Franz|gender=m)))
9234	zu	0		
9235	spielen	0		
9236	nur	0		
9237	dann	0		
9238	eine	0		
9239	Freude	0		
9240	ist	0		
9241	,	0		
9242	wenn	0		
9243	man	0	(mention_id=1170|references=(entity=(entity_id=entity_0001|fullname=Franz Linden|gender=m)))	
9244	ein	0		
9245	großes	0		
9246	Portemonnaie	0		
9247	sein	0	(mention_id=1171|references=(entity=(entity_id=entity_0001|fullname=Franz Linden|gender=m)))	
9248	eigen	0		
9249	nennt	0		
9250	.	0		
9251	–	0		
9252	Die	0		
9253	Ausgaben	0		
9254	wachsen	0		
9255	mir	0	(mention_id=1172|references=(entity=(entity_id=entity_0001|fullname=Franz Linden|gender=m)))	(mention_id=1170|references=(entity=(entity_id=6|fullname=Franz|gender=m)))
9256	fast	0		
9257	über	0		
9258	den	0		
9259	Kopf	0		
9260	,	0		
9261	alles	0		
9262	möchte	0		
9263	erneuert	0		
9264	werden	0		
9265	.	0		
9266	Na	0		
9267	,	0		
9268	das	0		
9269	ist	0		
9270	nun	0		
9271	so	0		
9272	,	0		
9273	aber	0		
9274	ich	0	(mention_id=1173|references=(entity=(entity_id=entity_0001|fullname=Franz Linden|gender=m)))	(mention_id=1171|references=(entity=(entity_id=6|fullname=Franz|gender=m)))
9275	will	0		
9276	Dir	0	(mention_id=1174|references=(entity=(entity_id=entity_0002|fullname=Richard Weishaupt|gender=m)))	(mention_id=1172|references=(entity=(entity_id=42|fullname=der Amtsrichter|gender=m)))
9277	nichts	0		
9278	vorklagen	0		
9279	,	0		
9280	ich	0	(mention_id=1175|references=(entity=(entity_id=entity_0001|fullname=Franz Linden|gender=m)))	(mention_id=1173|references=(entity=(entity_id=6|fullname=Franz|gender=m)))
9281	habe	0		
9282	anderseits	0		
9283	unendliche	0		
9284	Freude	0		
9285	daran	0		
9286	.	0		
9287	Ich	0	(mention_id=1176|references=(entity=(entity_id=entity_0001|fullname=Franz Linden|gender=m)))	(mention_id=1174|references=(entity=(entity_id=6|fullname=Franz|gender=m)))
9288	kann	0		
9289	Dir	0	(mention_id=1177|references=(entity=(entity_id=entity_0002|fullname=Richard Weishaupt|gender=m)))	(mention_id=1175|references=(entity=(entity_id=42|fullname=der Amtsrichter|gender=m)))
9290	nicht	0		
9291	beschreiben	0		
9292	,	0		
9293	wie	0		
9294	wahrhaft	0		
9295	poetisch	0		
9296	so	0		
9297	ein	0		
9298	Pirschgang	0		
9299	durch	0		
9300	die	0		
9301	herbstlichen	0		
9302	Wälder	0		
9303	ist	0		
9304	,	0		
9305	den	0		
9306	ich	0	(mention_id=1178|references=(entity=(entity_id=entity_0001|fullname=Franz Linden|gender=m)))	(mention_id=1176|references=(entity=(entity_id=6|fullname=Franz|gender=m)))
9307	fast	0		
9308	täglich	0		
9309	mit	0		
9310	der	0		
9311	alten	0		
9312	Juno	0		(mention_id=1177|references=(entity=(entity_id=18|fullname=Juno|gender=f)))
9313	unternehme	0		
9314	,	0		
9315	dank	0		
9316	der	0		
9317	Erlaubnis	0		
9318	des	0		
9319	königlichen	0		
9320	Oberförsters	0	(mention_id=1179|references=(entity=(entity_id=entity_0102|fullname=Königlicher Oberförster|gender=m)))	(mention_id=1178|references=(entity=(entity_id=52|fullname=der Oberförster|gender=m)))
9321	,	0		
9322	mit	0		
9323	dem	0	(mention_id=1180|references=(entity=(entity_id=entity_0102|fullname=Königlicher Oberförster|gender=m)))	(mention_id=1179|references=(entity=(entity_id=52|fullname=der Oberförster|gender=m)))
9324	ich	0	(mention_id=1181|references=(entity=(entity_id=entity_0001|fullname=Franz Linden|gender=m)))	(mention_id=1180|references=(entity=(entity_id=6|fullname=Franz|gender=m)))
9325	mich	0	(mention_id=1182|references=(entity=(entity_id=entity_0001|fullname=Franz Linden|gender=m)))	(mention_id=1181|references=(entity=(entity_id=6|fullname=Franz|gender=m)))
9326	angefreundet	0		
9327	habe	0		
9328	.	0		
9329	Und	0		
9330	wie	0		
9331	wonnig	0		
9332	es	0		
9333	sich	0		
9334	dann	0		
9335	heimkehrt	0		
9336	unter	0		
9337	das	0		
9338	schützende	0		
9339	Dach	0		
9340	!	0		
9341	Aber	0		
9342	Du	0	(mention_id=1183|references=(entity=(entity_id=entity_0002|fullname=Richard Weishaupt|gender=m)))	(mention_id=1182|references=(entity=(entity_id=42|fullname=der Amtsrichter|gender=m)))
9343	prosaischster	0		
9344	aller	0		
9345	Menschen	0	(mention_id=1184|references=(entity=(entity_id=entity_0002|fullname=Richard Weishaupt|gender=m)),(entity=(entity_id=generic_0041|fullname=alle Menschen|gender=u|specialcase_entity=generic)))	(mention_id=1183|references=(entity=(entity_id=42|fullname=der Amtsrichter|gender=m)))
9346	denkst	0		
9347	hierbei	0		
9348	wahrscheinlich	0		
9349	nur	0		
9350	an	0		
9351	Rehrücken	0		
9352	oder	0		
9353	gebratene	0		
9354	Krammetsvögel	0		
9355	,	0		
9356	und	0		
9357	die	0		
9358	Stimmung	0		
9359	à	0		
9360	la	0		
9361	wilder	0		
9362	Jäger	0	(mention_id=1185|references=(entity=(entity_id=generic_0047|fullname=Jäger|gender=u|specialcase_entity=generic)))	
9363	kennst	0		
9364	Du	0	(mention_id=1186|references=(entity=(entity_id=entity_0002|fullname=Richard Weishaupt|gender=m)))	(mention_id=1184|references=(entity=(entity_id=42|fullname=der Amtsrichter|gender=m)))
9365	nur	0		
9366	vom	0		
9367	Hörensagen	0		
9368	.	0		
9369	Doch	0		
9370	ich	0	(mention_id=1187|references=(entity=(entity_id=entity_0001|fullname=Franz Linden|gender=m)))	(mention_id=1185|references=(entity=(entity_id=6|fullname=Franz|gender=m)))
9371	wollte	0		
9372	Dir	0	(mention_id=1188|references=(entity=(entity_id=entity_0002|fullname=Richard Weishaupt|gender=m)))	(mention_id=1186|references=(entity=(entity_id=42|fullname=der Amtsrichter|gender=m)))
9373	ja	0		
9374	erzählen	0		
9375	,	0		
9376	wie	0		
9377	recht	0		
9378	Du	0	(mention_id=1189|references=(entity=(entity_id=entity_0002|fullname=Richard Weishaupt|gender=m)))	(mention_id=1187|references=(entity=(entity_id=42|fullname=der Amtsrichter|gender=m)))
9379	hattest	0		
9380	,	0		
9381	als	0		
9382	Du	0	(mention_id=1190|references=(entity=(entity_id=entity_0002|fullname=Richard Weishaupt|gender=m)))	(mention_id=1188|references=(entity=(entity_id=42|fullname=der Amtsrichter|gender=m)))
9383	in	0		
9384	bezug	0		
9385	auf	0		
9386	diesen	0		
9387	Wolff	0	(mention_id=1191|references=(entity=(entity_id=entity_0003|fullname=Herr Wolff|gender=m)))	(mention_id=1189|references=(entity=(entity_id=37|fullname=Wolff|gender=m)))
9388	ausriefst	0		
9389	:	0		
9390	›	0		
9391	hic	0		
9392	niger	0	(mention_id=1192|references=(entity=(entity_id=entity_0003|fullname=Herr Wolff|gender=m)))	
9393	est	0		
9394	!	0		
9395	‹	0		
9396	›	0		
9397	Hüte	0		
9398	dich	0	(mention_id=1193|references=(entity=(entity_id=entity_0098|fullname=Römer|gender=u|specialcase_entity=nonfact)|specialcase_reference=figurative),(entity=(entity_id=entity_0001|fullname=Franz Linden|gender=m)|specialcase_reference=figurative))	(mention_id=1190|references=(entity=(entity_id=6|fullname=Franz|gender=m)))
9399	,	0		
9400	Römer	0	(mention_id=1194|references=(entity=(entity_id=entity_0098|fullname=Römer|gender=u|specialcase_entity=nonfact)|specialcase_reference=figurative),(entity=(entity_id=entity_0001|fullname=Franz Linden|gender=m)|specialcase_reference=figurative))	(mention_id=1191|references=(entity=(entity_id=6|fullname=Franz|gender=m)))
9401	,	0		
9402	vor	0		
9403	ihm	0	(mention_id=1195|references=(entity=(entity_id=entity_0003|fullname=Herr Wolff|gender=m)))	(mention_id=1192|references=(entity=(entity_id=37|fullname=Wolff|gender=m)))
9404	–	0		
9405	er	0	(mention_id=1196|references=(entity=(entity_id=entity_0003|fullname=Herr Wolff|gender=m)))	(mention_id=1193|references=(entity=(entity_id=37|fullname=Wolff|gender=m)))
9406	ist	0		
9407	ein	0		
9408	Bösewicht	0	(mention_id=1197|references=(entity=(entity_id=entity_0003|fullname=Herr Wolff|gender=m)|specialcase_reference=figurative))	(mention_id=1194|references=(entity=(entity_id=37|fullname=Wolff|gender=m)))
9409	!	0		
9410	‹	0		
9411	Vielleicht	0		
9412	ist	0		
9413	das	0		
9414	zuviel	0		
9415	gesagt	0		
9416	,	0		
9417	aber	0		
9418	jedenfalls	0		
9419	ist	0		
9420	er	0	(mention_id=1198|references=(entity=(entity_id=entity_0003|fullname=Herr Wolff|gender=m)))	(mention_id=1195|references=(entity=(entity_id=37|fullname=Wolff|gender=m)))
9421	lästig	0		
9422	.	0		
9423	So	0		
9424	schickte	0		
9425	er	0	(mention_id=1199|references=(entity=(entity_id=entity_0003|fullname=Herr Wolff|gender=m)))	(mention_id=1196|references=(entity=(entity_id=37|fullname=Wolff|gender=m)))
9426	mir	0	(mention_id=1200|references=(entity=(entity_id=entity_0001|fullname=Franz Linden|gender=m)))	(mention_id=1197|references=(entity=(entity_id=6|fullname=Franz|gender=m)))
9427	gestern	0		
9428	ein	0		
9429	Konzertbillett	0		
9430	und	0		
9431	schrieb	0		
9432	dabei	0		
9433	:	0		
9434	Platz	0		
9435	38	0		
9436	bis	0		
9437	40	0		
9438	sei	0		
9439	von	0		
9440	Familie	0	(mention_id=1201|references=(entity=(entity_id=entity_0010|fullname=Familie Baumhagen|gender=mf|members=entity_0004,entity_0005,entity_0006,entity_0007,entity_0008,entity_0009,entity_0015|all_members_given=True|specialcase_entity=group)))	(mention_id=1198|references=(entity=(entity_id=4|fullname=Familie Baumhagen|gender=mf|specialcase_entity=group)))
9441	Baumhagen	0	(mention_id=1201|references=(entity=(entity_id=entity_0010|fullname=Familie Baumhagen|gender=mf|members=entity_0004,entity_0005,entity_0006,entity_0007,entity_0008,entity_0009,entity_0015|all_members_given=True|specialcase_entity=group)))	(mention_id=1198|references=(entity=(entity_id=4|fullname=Familie Baumhagen|gender=mf|specialcase_entity=group)))
9442	vorbestellt	0		
9443	–	0		
9444	›	0		
9445	ich	0	(mention_id=1202|references=(entity=(entity_id=entity_0001|fullname=Franz Linden|gender=m)))	(mention_id=1199|references=(entity=(entity_id=6|fullname=Franz|gender=m)))
9446	empfing	0		
9447	Nr.	0		
9448	37	0		
9449	‹	0		
9450	–	0		
9451	.	0		
9452	Hinzugefügt	0		
9453	hatte	0		
9454	er	0	(mention_id=1203|references=(entity=(entity_id=entity_0003|fullname=Herr Wolff|gender=m)))	(mention_id=1200|references=(entity=(entity_id=37|fullname=Wolff|gender=m)))
9455	,	0		
9456	daß	0		
9457	die	0		
9458	Baumhagens	0	(mention_id=1204|references=(entity=(entity_id=entity_0010|fullname=Familie Baumhagen|gender=mf|members=entity_0004,entity_0005,entity_0006,entity_0007,entity_0008,entity_0009,entity_0015|all_members_given=True|specialcase_entity=group)))	(mention_id=1201|references=(entity=(entity_id=4|fullname=Familie Baumhagen|gender=mf|specialcase_entity=group)))
9459	die	0		
9460	angesehensten	0		
9461	und	0		
9462	wohlhabendsten	0		
9463	Patrizier	0	(mention_id=1205|references=(entity=(entity_id=entity_0010|fullname=Familie Baumhagen|gender=mf|members=entity_0004,entity_0005,entity_0006,entity_0007,entity_0008,entity_0009,entity_0015|all_members_given=True|specialcase_entity=group)))	(mention_id=1202|references=(entity=(entity_id=4|fullname=Familie Baumhagen|gender=mf|specialcase_entity=group)))
9464	der	0		
9465	Stadt	0		
9466	seien	0		
9467	–	0		
9468	also	0		
9469	offenbar	0		
9470	diejenigen	0	(mention_id=1206|references=(entity=(entity_id=entity_0010|fullname=Familie Baumhagen|gender=mf|members=entity_0004,entity_0005,entity_0006,entity_0007,entity_0008,entity_0009,entity_0015|all_members_given=True|specialcase_entity=group)))	(mention_id=1203|references=(entity=(entity_id=4|fullname=Familie Baumhagen|gender=mf|specialcase_entity=group)))
9471	,	0		
9472	welche	0	(mention_id=1207|references=(entity=(entity_id=entity_0010|fullname=Familie Baumhagen|gender=mf|members=entity_0004,entity_0005,entity_0006,entity_0007,entity_0008,entity_0009,entity_0015|all_members_given=True|specialcase_entity=group)))	(mention_id=1204|references=(entity=(entity_id=4|fullname=Familie Baumhagen|gender=mf|specialcase_entity=group)))
9473	die	0		
9474	erste	0		
9475	Violine	0		
9476	dort	0		
9477	spielen	0		
9478	.	0		
9479	Du	0	(mention_id=1208|references=(entity=(entity_id=entity_0002|fullname=Richard Weishaupt|gender=m)))	(mention_id=1205|references=(entity=(entity_id=42|fullname=der Amtsrichter|gender=m)))
9480	weißt	0		
9481	,	0		
9482	wie	0		
9483	ich	0	(mention_id=1209|references=(entity=(entity_id=entity_0001|fullname=Franz Linden|gender=m)))	(mention_id=1206|references=(entity=(entity_id=6|fullname=Franz|gender=m)))
9484	über	0		
9485	sogenannte	0		
9486	Geldsäcke	0		
9487	denke	0		
9488	–	0		
9489	immer	0		
9490	drei	0		
9491	Meilen	0		
9492	davon	0		
9493	!	0		
9494	Na	0		
9495	kurz	0		
9496	,	0		
9497	ich	0	(mention_id=1210|references=(entity=(entity_id=entity_0001|fullname=Franz Linden|gender=m)))	(mention_id=1207|references=(entity=(entity_id=6|fullname=Franz|gender=m)))
9498	ärgerte	0		
9499	mich	0	(mention_id=1211|references=(entity=(entity_id=entity_0001|fullname=Franz Linden|gender=m)))	(mention_id=1208|references=(entity=(entity_id=6|fullname=Franz|gender=m)))
9500	und	0		
9501	schickte	0		
9502	ihm	0	(mention_id=1212|references=(entity=(entity_id=entity_0003|fullname=Herr Wolff|gender=m)))	(mention_id=1209|references=(entity=(entity_id=37|fullname=Wolff|gender=m)))
9503	das	0		
9504	Billett	0		
9505	zurück	0		
9506	mit	0		
9507	dem	0		
9508	Bemerken	0		
9509	,	0		
9510	daß	0		
9511	ich	0	(mention_id=1213|references=(entity=(entity_id=entity_0001|fullname=Franz Linden|gender=m)))	(mention_id=1210|references=(entity=(entity_id=6|fullname=Franz|gender=m)))
9512	der	0		
9513	unmusikalischste	0		
9514	Patron	0	(mention_id=1214|references=(entity=(entity_id=entity_0001|fullname=Franz Linden|gender=m)))	(mention_id=1211|references=(entity=(entity_id=6|fullname=Franz|gender=m)))
9515	der	0		
9516	Welt	0		
9517	sei	0		
9518	.	0		
9519	–	0		
9520	Er	0	(mention_id=1215|references=(entity=(entity_id=entity_0003|fullname=Herr Wolff|gender=m)))	(mention_id=1212|references=(entity=(entity_id=37|fullname=Wolff|gender=m)))
9521	hat	0		
9522	schon	0		
9523	mehr	0		
9524	derartige	0		
9525	Attacken	0		
9526	auf	0		
9527	mich	0	(mention_id=1216|references=(entity=(entity_id=entity_0001|fullname=Franz Linden|gender=m)))	(mention_id=1213|references=(entity=(entity_id=6|fullname=Franz|gender=m)))
9528	gemacht	0		
9529	,	0		
9530	vermutlich	0		
9531	ist	0		
9532	da	0		
9533	eine	0		
9534	Tochter	0	(mention_id=1217|references=(entity=(entity_id=entity_0004|fullname=Gertrud Baumhagen|gender=f)))	(mention_id=1214|references=(entity=(entity_id=90|fullname=hypothetische Tochter|gender=f|specialcase_entity=nonfact)))
9535	.	0		
9536	Um	0		
9537	nun	0		
9538	endlich	0		
9539	zum	0		
9540	Zweck	0		
9541	meines	0	(mention_id=1218|references=(entity=(entity_id=entity_0001|fullname=Franz Linden|gender=m)))	(mention_id=1215|references=(entity=(entity_id=6|fullname=Franz|gender=m)))
9542	Schreibens	0		
9543	zu	0		
9544	kommen	0		
9545	–	0		
9546	Du	0	(mention_id=1219|references=(entity=(entity_id=entity_0002|fullname=Richard Weishaupt|gender=m)))	(mention_id=1216|references=(entity=(entity_id=42|fullname=der Amtsrichter|gender=m)))
9547	weißt	0		
9548	,	0		
9549	daß	0		
9550	Wolff	0	(mention_id=1220|references=(entity=(entity_id=entity_0003|fullname=Herr Wolff|gender=m)))	(mention_id=1217|references=(entity=(entity_id=37|fullname=Wolff|gender=m)))
9551	eine	0		
9552	große	0		
9553	Hypothek	0		
9554	auf	0		
9555	Niendorf	0		
9556	hat	0		
9557	,	0		
9558	zu	0		
9559	kolossal	0		
9560	hohem	0		
9561	Zinsfuß	0		
9562	.	0		
9563	Ich	0	(mention_id=1221|references=(entity=(entity_id=entity_0001|fullname=Franz Linden|gender=m)))	(mention_id=1218|references=(entity=(entity_id=6|fullname=Franz|gender=m)))
9564	kann	0		
9565	das	0		
9566	einfach	0		
9567	nicht	0		
9568	zahlen	0		
9569	und	0		
9570	will	0		
9571	die	0		
9572	Hypothek	0		
9573	kündigen	0		
9574	–	0		
9575	würde	0		
9576	Deine	0	(mention_id=1222|references=(entity=(entity_id=entity_0002|fullname=Richard Weishaupt|gender=m)))	(mention_id=1219|references=(entity=(entity_id=42|fullname=der Amtsrichter|gender=m)))
9577	Schwester	0	(mention_id=1223|references=(entity=(entity_id=entity_0142|fullname=Schwester des Amtsrichters|gender=f)))	(mention_id=1220|references=(entity=(entity_id=29|fullname=Schwester des Amtsrichters|gender=f)))
9578	zu	0		
9579	mäßigen	0		
9580	Prozenten	0		
9581	sie	0		
9582	übernehmen	0		
9583	?	0		
9584	.	0		
9585	.	0		
9586	.	0		
9587	Jede	0		
9588	Auskunft	0		
9589	steht	0		
9590	Dir	0	(mention_id=1224|references=(entity=(entity_id=entity_0002|fullname=Richard Weishaupt|gender=m)))	(mention_id=1221|references=(entity=(entity_id=42|fullname=der Amtsrichter|gender=m)))
9591	zur	0		
9592	Verfügung	0		
9593	.	0		
9594	Was	0		
9595	soll	0		
9596	ich	0	(mention_id=1225|references=(entity=(entity_id=entity_0001|fullname=Franz Linden|gender=m)))	(mention_id=1222|references=(entity=(entity_id=6|fullname=Franz|gender=m)))
9597	Dir	0	(mention_id=1226|references=(entity=(entity_id=entity_0002|fullname=Richard Weishaupt|gender=m)))	(mention_id=1223|references=(entity=(entity_id=42|fullname=der Amtsrichter|gender=m)))
9598	noch	0		
9599	erzählen	0		
9600	?	0		
9601	–	0		
9602	Apropos	0		
9603	!	0		
9604	die	0		
9605	Tante	0	(mention_id=1227|references=(entity=(entity_id=entity_0011|fullname=Rosalie Kruse|gender=f)))	(mention_id=1224|references=(entity=(entity_id=69|fullname=die Tante|gender=f)))
9606	–	0		
9607	Du	0	(mention_id=1228|references=(entity=(entity_id=entity_0002|fullname=Richard Weishaupt|gender=m)))	(mention_id=1225|references=(entity=(entity_id=42|fullname=der Amtsrichter|gender=m)))
9608	hast	0		
9609	ihr	0	(mention_id=1229|references=(entity=(entity_id=entity_0095|fullname=Tante des Amtsrichters|gender=f)))	(mention_id=1226|references=(entity=(entity_id=69|fullname=die Tante|gender=f)))
9610	schmählich	0		
9611	unrecht	0		
9612	getan	0		
9613	.	0		
9614	Ich	0	(mention_id=1230|references=(entity=(entity_id=entity_0001|fullname=Franz Linden|gender=m)))	(mention_id=1227|references=(entity=(entity_id=6|fullname=Franz|gender=m)))
9615	sah	0		
9616	nie	0		
9617	ein	0		
9618	harmloseres	0		
9619	,	0		
9620	in	0		
9621	sich	0	(mention_id=1231|references=(entity=(entity_id=entity_0011|fullname=Rosalie Kruse|gender=f)))	
9622	selbst	0		
9623	zufriedeneres	0		
9624	Gemüt	0		
9625	,	0		
9626	wie	0		
9627	diese	0		
9628	alte	0		
9629	Frau	0	(mention_id=1232|references=(entity=(entity_id=entity_0011|fullname=Rosalie Kruse|gender=f)))	(mention_id=1228|references=(entity=(entity_id=69|fullname=die Tante|gender=f)))
9630	.	0		
9631	Eine	0		
9632	Nichte	0	(mention_id=1233|references=(entity=(entity_id=entity_0021|fullname=Adelheid Strom|gender=f)))	(mention_id=1229|references=(entity=(entity_id=68|fullname=die Nichte|gender=f)))
9633	,	0		
9634	die	0	(mention_id=1234|references=(entity=(entity_id=entity_0021|fullname=Adelheid Strom|gender=f)))	(mention_id=1230|references=(entity=(entity_id=68|fullname=die Nichte|gender=f)))
9635	jährlich	0		
9636	auf	0		
9637	Besuch	0		
9638	nach	0		
9639	Niendorf	0		
9640	kommt	0		
9641	und	0		
9642	von	0		
9643	der	0	(mention_id=1235|references=(entity=(entity_id=entity_0021|fullname=Adelheid Strom|gender=f)))	(mention_id=1231|references=(entity=(entity_id=69|fullname=die Tante|gender=f)))
9644	sie	0	(mention_id=1236|references=(entity=(entity_id=entity_0011|fullname=Rosalie Kruse|gender=f)))	(mention_id=1232|references=(entity=(entity_id=69|fullname=die Tante|gender=f)))
9645	hoch	0		
9646	entzückt	0		
9647	scheint	0		
9648	,	0		
9649	ihr	0	(mention_id=1237|references=(entity=(entity_id=entity_0011|fullname=Rosalie Kruse|gender=f)))	(mention_id=1233|references=(entity=(entity_id=69|fullname=die Tante|gender=f)))
9650	zahmer	0		
9651	Stieglitz	0		
9652	und	0		
9653	ihre	0	(mention_id=1238|references=(entity=(entity_id=entity_0011|fullname=Rosalie Kruse|gender=f)))	(mention_id=1234|references=(entity=(entity_id=69|fullname=die Tante|gender=f)))
9654	Papierblumenfabrikation	0		
9655	sind	0		
9656	ihre	0	(mention_id=1239|references=(entity=(entity_id=entity_0011|fullname=Rosalie Kruse|gender=f)))	(mention_id=1235|references=(entity=(entity_id=69|fullname=die Tante|gender=f)))
9657	Welt	0		
9658	.	0		
9659	Sie	0	(mention_id=1240|references=(entity=(entity_id=entity_0011|fullname=Rosalie Kruse|gender=f)))	(mention_id=1236|references=(entity=(entity_id=69|fullname=die Tante|gender=f)))
9660	fragte	0		
9661	ganz	0		
9662	ängstlich	0		
9663	,	0		
9664	ob	0		
9665	ich	0	(mention_id=1241|references=(entity=(entity_id=entity_0001|fullname=Franz Linden|gender=m)))	(mention_id=1237|references=(entity=(entity_id=6|fullname=Franz|gender=m)))
9666	ihr	0	(mention_id=1242|references=(entity=(entity_id=entity_0011|fullname=Rosalie Kruse|gender=f)))	(mention_id=1238|references=(entity=(entity_id=69|fullname=die Tante|gender=f)))
9667	die	0		
9668	Stube	0		
9669	belassen	0		
9670	würde	0		
9671	,	0		
9672	bis	0		
9673	sie	0	(mention_id=1243|references=(entity=(entity_id=entity_0011|fullname=Rosalie Kruse|gender=f)))	(mention_id=1239|references=(entity=(entity_id=69|fullname=die Tante|gender=f)))
9674	stürbe	0		
9675	?	0		
9676	Was	0		
9677	ich	0	(mention_id=1244|references=(entity=(entity_id=entity_0001|fullname=Franz Linden|gender=m)))	(mention_id=1240|references=(entity=(entity_id=6|fullname=Franz|gender=m)))
9678	mit	0		
9679	Wort	0		
9680	und	0		
9681	Handschlag	0		
9682	gelobte	0		
9683	.	0		
9684	–	0		
9685	Sie	0	(mention_id=1245|references=(entity=(entity_id=entity_0011|fullname=Rosalie Kruse|gender=f)))	(mention_id=1241|references=(entity=(entity_id=69|fullname=die Tante|gender=f)))
9686	hat	0		
9687	mir	0	(mention_id=1246|references=(entity=(entity_id=entity_0001|fullname=Franz Linden|gender=m)))	(mention_id=1242|references=(entity=(entity_id=6|fullname=Franz|gender=m)))
9688	mancherlei	0		
9689	berichten	0		
9690	müssen	0		
9691	aus	0		
9692	des	0		
9693	Onkels	0	(mention_id=1247|references=(entity=(entity_id=entity_0024|fullname=Onkel des Franz Linden|gender=m)))	(mention_id=1243|references=(entity=(entity_id=54|fullname=der Onkel|gender=m)))
9694	letzten	0		
9695	Lebensjahren	0		
9696	.	0		
9697	Er	0	(mention_id=1248|references=(entity=(entity_id=entity_0024|fullname=Onkel des Franz Linden|gender=m)))	(mention_id=1244|references=(entity=(entity_id=54|fullname=der Onkel|gender=m)))
9698	war	0		
9699	entschieden	0		
9700	ein	0		
9701	völliger	0		
9702	Sonderling	0	(mention_id=1249|references=(entity=(entity_id=entity_0024|fullname=Onkel des Franz Linden|gender=m)))	(mention_id=1245|references=(entity=(entity_id=54|fullname=der Onkel|gender=m)))
9703	.	0		
9704	Wolff	0	(mention_id=1250|references=(entity=(entity_id=entity_0003|fullname=Herr Wolff|gender=m)))	(mention_id=1246|references=(entity=(entity_id=37|fullname=Wolff|gender=m)))
9705	sei	0		
9706	jeden	0		
9707	Tag	0		
9708	bei	0		
9709	ihm	0	(mention_id=1251|references=(entity=(entity_id=entity_0024|fullname=Onkel des Franz Linden|gender=m)))	(mention_id=1247|references=(entity=(entity_id=54|fullname=der Onkel|gender=m)))
9710	gewesen	0		
9711	und	0		
9712	habe	0		
9713	mit	0		
9714	ihm	0	(mention_id=1252|references=(entity=(entity_id=entity_0024|fullname=Onkel des Franz Linden|gender=m)))	(mention_id=1248|references=(entity=(entity_id=54|fullname=der Onkel|gender=m)))
9715	und	0		
9716	dem	0		
9717	Schulmeister	0	(mention_id=1253|references=(entity=(entity_id=entity_0139|fullname=Schulmeister|gender=m)))	(mention_id=1249|references=(entity=(entity_id=56|fullname=der Schulmeister|gender=m)))
9718	Skat	0		
9719	gespielt	0		
9720	.	0		
9721	Er	0	(mention_id=1254|references=(entity=(entity_id=entity_0077|fullname=Onkel der Tante des Amtsrichters|gender=m)))	(mention_id=1250|references=(entity=(entity_id=54|fullname=der Onkel|gender=m)))
9722	hat	0		
9723	sozusagen	0		
9724	am	0		
9725	Spieltisch	0		
9726	geendet	0		
9727	.	0		
9728	Die	0		
9729	alte	0		
9730	Dame	0	(mention_id=1255|references=(entity=(entity_id=entity_0095|fullname=Tante des Amtsrichters|gender=f)))	(mention_id=1251|references=(entity=(entity_id=69|fullname=die Tante|gender=f)))
9731	erzählte	0		
9732	mit	0		
9733	einer	0		
9734	wahren	0		
9735	Grabesstimme	0		
9736	,	0		
9737	daß	0		
9738	er	0	(mention_id=1256|references=(entity=(entity_id=entity_0077|fullname=Onkel der Tante des Amtsrichters|gender=m)))	(mention_id=1252|references=(entity=(entity_id=54|fullname=der Onkel|gender=m)))
9739	mit	0		
9740	Schellenunter	0		
9741	und	0		
9742	Eichelneune	0		
9743	in	0		
9744	der	0		
9745	Hand	0		
9746	gestorben	0		
9747	sei	0		
9748	;	0		
9749	er	0	(mention_id=1257|references=(entity=(entity_id=entity_0077|fullname=Onkel der Tante des Amtsrichters|gender=m)))	(mention_id=1253|references=(entity=(entity_id=54|fullname=der Onkel|gender=m)))
9750	habe	0		
9751	gerade	0		
9752	nach	0		
9753	dem	0		
9754	Null	0		
9755	gesagt	0		
9756	:	0		
9757	›	0		
9758	Bumm	0		
9759	!	0		
9760	der	0	(mention_id=1258|references=(entity=(entity_id=entity_0077|fullname=Onkel der Tante des Amtsrichters|gender=m)))	
9761	liegt	0		
9762	!	0		
9763	Ein	0		
9764	Bombensolo	0		
9765	!	0		
9766	‹	0		
9767	–	0		
9768	da	0		
9769	war	0		
9770	es	0		
9771	vorbei	0		
9772	.	0		
9773	Ich	0	(mention_id=1259|references=(entity=(entity_id=entity_0001|fullname=Franz Linden|gender=m)))	(mention_id=1254|references=(entity=(entity_id=6|fullname=Franz|gender=m)))
9774	glaube	0		
9775	,	0		
9776	sie	0	(mention_id=1260|references=(entity=(entity_id=entity_0011|fullname=Rosalie Kruse|gender=f)))	(mention_id=1255|references=(entity=(entity_id=69|fullname=die Tante|gender=f)))
9777	graulte	0		
9778	sich	0	(mention_id=1261|references=(entity=(entity_id=entity_0011|fullname=Rosalie Kruse|gender=f)))	(mention_id=1256|references=(entity=(entity_id=69|fullname=die Tante|gender=f)))
9779	selbst	0		
9780	bei	0		
9781	diesem	0		
9782	Bericht	0		
9783	.	0		
9784	Nachher	0		
9785	will	0		
9786	ich	0	(mention_id=1262|references=(entity=(entity_id=entity_0001|fullname=Franz Linden|gender=m)))	(mention_id=1257|references=(entity=(entity_id=6|fullname=Franz|gender=m)))
9787	,	0		
9788	trotz	0		
9789	Regen	0		
9790	und	0		
9791	Sturm	0		
9792	,	0		
9793	nach	0		
9794	der	0		
9795	Stadt	0		
9796	,	0		
9797	um	0		
9798	einige	0		
9799	Besuche	0		
9800	zu	0		
9801	machen	0		
9802	.	0		
9803	Es	0		
9804	muß	0		
9805	ja	0		
9806	doch	0		
9807	einmal	0		
9808	sein	0		
9809	!	0		
9810	Den	0		
9811	Verwalter	0	(mention_id=1263|references=(entity=(entity_id=entity_0030|fullname=Verwalter|gender=m)))	(mention_id=1258|references=(entity=(entity_id=57|fullname=der Verwalter|gender=m)))
9812	nehme	0		
9813	ich	0	(mention_id=1264|references=(entity=(entity_id=entity_0001|fullname=Franz Linden|gender=m)))	(mention_id=1259|references=(entity=(entity_id=6|fullname=Franz|gender=m)))
9814	mit	0		
9815	,	0		
9816	er	0	(mention_id=1265|references=(entity=(entity_id=entity_0030|fullname=Verwalter|gender=m)))	(mention_id=1260|references=(entity=(entity_id=57|fullname=der Verwalter|gender=m)))
9817	holt	0		
9818	ein	0		
9819	neues	0		
9820	Gespann	0		
9821	Ackerpferde	0		
9822	,	0		
9823	die	0		
9824	er	0	(mention_id=1266|references=(entity=(entity_id=entity_0030|fullname=Verwalter|gender=m)))	(mention_id=1261|references=(entity=(entity_id=57|fullname=der Verwalter|gender=m)))
9825	vor	0		
9826	einigen	0		
9827	Tagen	0		
9828	dort	0		
9829	gekauft	0		
9830	hat	0		
9831	.	0		
9832	–	0		
9833	Vielleicht	0		
9834	sehe	0		
9835	ich	0	(mention_id=1267|references=(entity=(entity_id=entity_0001|fullname=Franz Linden|gender=m)))	(mention_id=1262|references=(entity=(entity_id=6|fullname=Franz|gender=m)))
9836	zufällig	0		
9837	noch	0		
9838	einmal	0		
9839	meine	0	(mention_id=1268|references=(entity=(entity_id=entity_0001|fullname=Franz Linden|gender=m)))	(mention_id=1263|references=(entity=(entity_id=6|fullname=Franz|gender=m)))
9840	unbekannte	0		
9841	kleine	0		
9842	Gevatterin	0	(mention_id=1269|references=(entity=(entity_id=entity_0004|fullname=Gertrud Baumhagen|gender=f)))	(mention_id=1264|references=(entity=(entity_id=12|fullname=Gertrud|gender=f)))
9843	,	0		
9844	von	0		
9845	der	0	(mention_id=1270|references=(entity=(entity_id=entity_0004|fullname=Gertrud Baumhagen|gender=f)))	(mention_id=1265|references=(entity=(entity_id=12|fullname=Gertrud|gender=f)))
9846	ich	0	(mention_id=1271|references=(entity=(entity_id=entity_0001|fullname=Franz Linden|gender=m)))	(mention_id=1266|references=(entity=(entity_id=6|fullname=Franz|gender=m)))
9847	Dir	0	(mention_id=1272|references=(entity=(entity_id=entity_0002|fullname=Richard Weishaupt|gender=m)))	(mention_id=1267|references=(entity=(entity_id=42|fullname=der Amtsrichter|gender=m)))
9848	neulich	0		
9849	schrieb	0		
9850	.	0		
9851	Bis	0		
9852	jetzt	0		
9853	war	0		
9854	mir	0	(mention_id=1273|references=(entity=(entity_id=entity_0001|fullname=Franz Linden|gender=m)))	(mention_id=1268|references=(entity=(entity_id=6|fullname=Franz|gender=m)))
9855	das	0		
9856	Glück	0		
9857	nicht	0		
9858	günstig	0		
9859	.	0		
9860	«	0		
9861	Er	0	(mention_id=1274|references=(entity=(entity_id=entity_0001|fullname=Franz Linden|gender=m)))	(mention_id=1269|references=(entity=(entity_id=6|fullname=Franz|gender=m)))
9862	fügte	0		
9863	noch	0		
9864	einige	0		
9865	Grüße	0		
9866	und	0		
9867	seine	0	(mention_id=1275|references=(entity=(entity_id=entity_0001|fullname=Franz Linden|gender=m)))	(mention_id=1270|references=(entity=(entity_id=6|fullname=Franz|gender=m)))
9868	Unterschrift	0		
9869	hinzu	0		
9870	und	0		
9871	eine	0		
9872	halbe	0		
9873	Stunde	0		
9874	später	0		
9875	war	0		
9876	er	0	(mention_id=1276|references=(entity=(entity_id=entity_0001|fullname=Franz Linden|gender=m)))	(mention_id=1271|references=(entity=(entity_id=6|fullname=Franz|gender=m)))
9877	im	0		
9878	tadellosen	0		
9879	Visitenkostüm	0		
9880	auf	0		
9881	dem	0		
9882	Wege	0		
9883	nach	0		
9884	der	0		
9885	Stadt	0		
9886	.	0		
9887	Im	0		
9888	Hotel	0		
9889	angekommen	0		
9890	,	0		
9891	erkundigte	0		
9892	er	0	(mention_id=1277|references=(entity=(entity_id=entity_0001|fullname=Franz Linden|gender=m)))	(mention_id=1272|references=(entity=(entity_id=6|fullname=Franz|gender=m)))
9893	sich	0	(mention_id=1278|references=(entity=(entity_id=entity_0001|fullname=Franz Linden|gender=m)))	(mention_id=1273|references=(entity=(entity_id=6|fullname=Franz|gender=m)))
9894	nach	0		
9895	einer	0		
9896	Reihe	0		
9897	von	0		
9898	Adressen	0		
9899	und	0		
9900	begann	0		
9901	nun	0		
9902	seufzend	0		
9903	jener	0		
9904	wunderbaren	0		
9905	Sitte	0		
9906	nachzukommen	0		
9907	,	0		
9908	welche	0		
9909	Dame	0		(mention_id=1274|references=(entity=(entity_id=2|fullname=Dame Etikette|gender=f|specialcase_entity=nonfact)))
9910	Etikette	0		(mention_id=1274|references=(entity=(entity_id=2|fullname=Dame Etikette|gender=f|specialcase_entity=nonfact)))
9911	als	0		
9912	unerläßlich	0		
9913	für	0		
9914	die	0		
9915	»	0		
9916	gute	0		
9917	Gesellschaft	0		
9918	«	0		
9919	vorschreibt	0		
9920	:	0		
9921	unbekannte	0		
9922	Menschen	0	(mention_id=1279|references=(entity=(entity_id=entity_0125|fullname=Menschen der guten Gesellschaft|gender=u)))	(mention_id=1275|references=(entity=(entity_id=generic_0008|fullname=Menschen im Allgemeinen|gender=u|specialcase_entity=generic)))
9923	mittags	0		
9924	zu	0		
9925	überfallen	0		
9926	,	0		
9927	und	0		
9928	einige	0		
9929	sehr	0		
9930	banale	0		
9931	Phrasen	0		
9932	zu	0		
9933	wechseln	0		
9934	,	0		
9935	um	0		
9936	sich	0	(mention_id=1280|references=(entity=(entity_id=entity_0001|fullname=Franz Linden|gender=m)))	(mention_id=1276|references=(entity=(entity_id=6|fullname=Franz|gender=m)))
9937	so	0		
9938	bald	0		
9939	als	0		
9940	möglich	0		
9941	wieder	0		
9942	aus	0		
9943	dem	0		
9944	Staube	0		
9945	zu	0		
9946	machen	0		
9947	.	0		
9948	Gott	0	(mention_id=1281|references=(entity=(entity_id=entity_0019|fullname=Gott|gender=u|specialcase_entity=nonfact)))	
9949	sei	0		
9950	Dank	0		
9951	!	0		
9952	Es	0		
9953	war	0		
9954	heute	0		
9955	niemand	0		
9956	zu	0		
9957	Hause	0		
9958	,	0		
9959	obgleich	0		
9960	es	0		
9961	in	0		
9962	Strömen	0		
9963	regnete	0		
9964	.	0		
9965	Zu	0		
9966	Baumhagens	0	(mention_id=1282|references=(entity=(entity_id=entity_0010|fullname=Familie Baumhagen|gender=mf|members=entity_0004,entity_0005,entity_0006,entity_0007,entity_0008,entity_0009,entity_0015|all_members_given=True|specialcase_entity=group)))	(mention_id=1277|references=(entity=(entity_id=4|fullname=Familie Baumhagen|gender=mf|specialcase_entity=group)))
9967	wollte	0		
9968	er	0	(mention_id=1283|references=(entity=(entity_id=entity_0001|fullname=Franz Linden|gender=m)))	(mention_id=1278|references=(entity=(entity_id=6|fullname=Franz|gender=m)))
9969	aus	0		
9970	angeborener	0		
9971	Opposition	0		
9972	zuletzt	0		
9973	gehen	0		
9974	.	0		
9975	Er	0	(mention_id=1284|references=(entity=(entity_id=entity_0001|fullname=Franz Linden|gender=m)))	(mention_id=1279|references=(entity=(entity_id=6|fullname=Franz|gender=m)))
9976	gehörte	0		
9977	zu	0		
9978	den	0		
9979	Menschen	0	(mention_id=1285|references=(entity=(entity_id=entity_0091|fullname=misstrauische Menschen zu denen Franz gehört|gender=u|members=entity_0001|all_members_given=False|specialcase_entity=group)))	(mention_id=1280|references=(entity=(entity_id=generic_0009|fullname=Menschen im Allgemeinen|gender=u|specialcase_entity=generic)))
9980	,	0		
9981	denen	0	(mention_id=1286|references=(entity=(entity_id=entity_0091|fullname=misstrauische Menschen zu denen Franz gehört|gender=u|members=entity_0001|all_members_given=False|specialcase_entity=group)))	(mention_id=1281|references=(entity=(entity_id=generic_0010|fullname=Menschen im Allgemeinen|gender=u|specialcase_entity=generic)))
9982	nur	0		
9983	jemand	0		
9984	etwas	0		
9985	anzuloben	0		
9986	braucht	0		
9987	,	0		
9988	um	0		
9989	es	0		
9990	von	0		
9991	vornherein	0		
9992	mit	0		
9993	Mißtrauen	0		
9994	zu	0		
9995	betrachten	0		
9996	.	0		
9997	Als	0		
9998	er	0	(mention_id=1287|references=(entity=(entity_id=entity_0001|fullname=Franz Linden|gender=m)))	(mention_id=1282|references=(entity=(entity_id=6|fullname=Franz|gender=m)))
9999	gerade	0		
10000	im	0		
10001	Begriff	0		
10002	war	0		
10003	,	0		
10004	diesen	0		
10005	Besuch	0		
10006	auszuführen	0		
10007	,	0		
10008	trat	0		
10009	ihm	0	(mention_id=1288|references=(entity=(entity_id=entity_0001|fullname=Franz Linden|gender=m)))	(mention_id=1283|references=(entity=(entity_id=6|fullname=Franz|gender=m)))
10010	auf	0		
10011	dem	0		
10012	Markt	0		
10013	Herr	0	(mention_id=1289|references=(entity=(entity_id=entity_0003|fullname=Herr Wolff|gender=m)))	(mention_id=1284|references=(entity=(entity_id=37|fullname=Wolff|gender=m)))
10014	Wolff	0	(mention_id=1289|references=(entity=(entity_id=entity_0003|fullname=Herr Wolff|gender=m)))	(mention_id=1284|references=(entity=(entity_id=37|fullname=Wolff|gender=m)))
10015	entgegen	0		
10016	.	0		
10017	»	0		
10018	Zu	0		
10019	Baumhagens	0	(mention_id=1290|references=(entity=(entity_id=entity_0010|fullname=Familie Baumhagen|gender=mf|members=entity_0004,entity_0005,entity_0006,entity_0007,entity_0008,entity_0009,entity_0015|all_members_given=True|specialcase_entity=group)))	(mention_id=1285|references=(entity=(entity_id=4|fullname=Familie Baumhagen|gender=mf|specialcase_entity=group)))
10020	?	0		
10021	«	0		
10022	fragte	0		
10023	er	0	(mention_id=1291|references=(entity=(entity_id=entity_0003|fullname=Herr Wolff|gender=m)))	(mention_id=1286|references=(entity=(entity_id=37|fullname=Wolff|gender=m)))
10024	,	0		
10025	sichtlich	0		
10026	angenehm	0		
10027	berührt	0		
10028	,	0		
10029	»	0		
10030	dort	0		
10031	–	0		
10032	dort	0		
10033	das	0		
10034	Haus	0		
10035	mit	0		
10036	dem	0		
10037	Erker	0		
10038	–	0		
10039	Wünsche	0		
10040	tausendmal	0		
10041	Glück	0		
10042	,	0		
10043	Herr	0	(mention_id=1292|references=(entity=(entity_id=entity_0001|fullname=Franz Linden|gender=m)))	(mention_id=1287|references=(entity=(entity_id=6|fullname=Franz|gender=m)))
10044	Linden	0	(mention_id=1292|references=(entity=(entity_id=entity_0001|fullname=Franz Linden|gender=m)))	(mention_id=1287|references=(entity=(entity_id=6|fullname=Franz|gender=m)))
10045	!	0		
10046	«	0		
10047	Franz	0	(mention_id=1293|references=(entity=(entity_id=entity_0001|fullname=Franz Linden|gender=m)))	(mention_id=1288|references=(entity=(entity_id=6|fullname=Franz|gender=m)))
10048	hatte	0		
10049	eine	0		
10050	unangenehme	0		
10051	Abfertigung	0		
10052	auf	0		
10053	den	0		
10054	Lippen	0		
10055	,	0		
10056	da	0		
10057	war	0		
10058	der	0		
10059	Kleine	0	(mention_id=1294|references=(entity=(entity_id=entity_0003|fullname=Herr Wolff|gender=m)))	(mention_id=1289|references=(entity=(entity_id=37|fullname=Wolff|gender=m)))
10060	schon	0		
10061	verschwunden	0		
10062	.	0		
10063	Droben	0		
10064	vom	0		
10065	Erkerfenster	0		
10066	aber	0		
10067	trat	0		
10068	eine	0		
10069	weibliche	0		
10070	Gestalt	0	(mention_id=1295|references=(entity=(entity_id=entity_0004|fullname=Gertrud Baumhagen|gender=f)))	
10071	zurück	0		
10072	.	0		
10073	»	0		
10074	Bedauere	0		
10075	sehr	0		
10076	«	0		
10077	,	0		
10078	sagte	0		
10079	die	0		
10080	alte	0		
10081	Dienerin	0	(mention_id=1296|references=(entity=(entity_id=entity_0074|fullname=Alte Dienerin|gender=f)))	(mention_id=1290|references=(entity=(entity_id=72|fullname=die alte Dienerin|gender=f)))
10082	,	0		
10083	»	0		
10084	Frau	0	(mention_id=1297|references=(entity=(entity_id=entity_0005|fullname=Ottilie Baumhagen|gender=f)))	(mention_id=1291|references=(entity=(entity_id=7|fullname=Frau Baumhagen|gender=f)))
10085	Baumhagen	0	(mention_id=1297|references=(entity=(entity_id=entity_0005|fullname=Ottilie Baumhagen|gender=f)))	(mention_id=1291|references=(entity=(entity_id=7|fullname=Frau Baumhagen|gender=f)))
10086	sind	0		
10087	ausgegangen	0		
10088	.	0		
10089	«	0		
10090	Im	0		
10091	untern	0		
10092	Stock	0		
10093	dieselbe	0		
10094	Antwort	0		
10095	,	0		
10096	obgleich	0		
10097	ihm	0	(mention_id=1298|references=(entity=(entity_id=entity_0001|fullname=Franz Linden|gender=m)))	(mention_id=1292|references=(entity=(entity_id=6|fullname=Franz|gender=m)))
10098	ein	0		
10099	Chopinscher	0		
10100	Walzer	0		
10101	entgegenklang	0		
10102	.	0		
10103	Im	0		
10104	Hotel	0		
10105	beim	0		
10106	Mittagstisch	0		
10107	erhielt	0		
10108	er	0	(mention_id=1299|references=(entity=(entity_id=entity_0001|fullname=Franz Linden|gender=m)))	(mention_id=1293|references=(entity=(entity_id=6|fullname=Franz|gender=m)))
10109	Aufklärung	0		
10110	.	0		
10111	Abends	0		
10112	sollte	0		
10113	ein	0		
10114	Ball	0		
10115	stattfinden	0		
10116	,	0		
10117	und	0		
10118	ein	0		
10119	solches	0		
10120	Fest	0		
10121	erforderte	0		
10122	natürlich	0		
10123	die	0		
10124	umfassendsten	0		
10125	Toilettenvorbereitungen	0		
10126	bei	0		
10127	der	0		
10128	Damenwelt	0	(mention_id=1300|references=(entity=(entity_id=generic_0048|fullname=Damenwelt|gender=u|specialcase_entity=generic)))	(mention_id=1294|references=(entity=(entity_id=generic_0022|fullname=Damenwelt im Allgemeinen|gender=u|specialcase_entity=generic)))
10129	.	0		
10130	An	0		
10131	solchem	0		
10132	Tage	0		
10133	sei	0		
10134	weder	0		
10135	Frau	0	(mention_id=1301|references=(entity=(entity_id=generic_0049|fullname=Frau|gender=u|specialcase_entity=generic)),(entity=(entity_id=entity_0005|fullname=Ottilie Baumhagen|gender=f)),(entity=(entity_id=entity_0006|fullname=Jenny Fredrich, geb. Baumhagen|gender=f)))	(mention_id=1295|references=(entity=(entity_id=generic_0014|fullname=eine Frau im Allgemeinen|gender=u|specialcase_entity=generic)))
10136	noch	0		
10137	Fräulein	0	(mention_id=1302|references=(entity=(entity_id=generic_0051|fullname=Fräulein|gender=u|specialcase_entity=generic)),(entity=(entity_id=entity_0004|fullname=Gertrud Baumhagen|gender=f)))	(mention_id=1296|references=(entity=(entity_id=generic_0023|fullname=ein Fräulein im Allgemeinen|gender=u|specialcase_entity=generic)))
10138	zu	0		
10139	sprechen	0		
10140	.	0		
10141	Auch	0		
10142	war	0		
10143	von	0		
10144	nichts	0		
10145	anderem	0		
10146	die	0		
10147	Rede	0		
10148	,	0		
10149	als	0		
10150	von	0		
10151	diesem	0		
10152	Feste	0		
10153	,	0		
10154	und	0		
10155	einige	0	(mention_id=1303|references=(entity=(entity_id=entity_0104|fullname=Herren beim Mittagstisch|gender=m|specialcase_entity=group)))	
10156	der	0		
10157	Herren	0	(mention_id=1304|references=(entity=(entity_id=entity_0104|fullname=Herren beim Mittagstisch|gender=m|specialcase_entity=group)))	(mention_id=1297|references=(entity=(entity_id=66|fullname=die Herren im Hotel|gender=m|specialcase_entity=group)))
10158	luden	0		
10159	ihn	0	(mention_id=1305|references=(entity=(entity_id=entity_0001|fullname=Franz Linden|gender=m)))	(mention_id=1298|references=(entity=(entity_id=6|fullname=Franz|gender=m)))
10160	freundlich	0		
10161	ein	0		
10162	,	0		
10163	daran	0		
10164	teilzunehmen	0		
10165	.	0		
10166	Es	0		
10167	seien	0		
10168	hübsche	0		
10169	Mädchen	0	(mention_id=1306|references=(entity=(entity_id=entity_0146|fullname=hübsche Mädchen am Baumhag'schen Fest|gender=f|specialcase_entity=group)))	(mention_id=1299|references=(entity=(entity_id=25|fullname=Mädchen auf dem Ball|gender=f|specialcase_entity=group)))
10170	dort	0		
10171	.	0		
10172	»	0		
10173	Bin	0		
10174	neugierig	0		
10175	,	0		
10176	ob	0		
10177	die	0		
10178	kleine	0		
10179	Baumhagen	0	(mention_id=1307|references=(entity=(entity_id=entity_0004|fullname=Gertrud Baumhagen|gender=f)))	(mention_id=1300|references=(entity=(entity_id=12|fullname=Gertrud|gender=f)))
10180	kommt	0		
10181	«	0		
10182	,	0		
10183	meinte	0		
10184	ein	0		
10185	Husarenoffizier	0	(mention_id=1308|references=(entity=(entity_id=entity_0103|fullname=Husarenoffizier|gender=m)))	(mention_id=1301|references=(entity=(entity_id=48|fullname=der Husarenoffizier|gender=m)))
10186	.	0		
10187	»	0		
10188	Meinetwegen	0		
10189	kann	0		
10190	sie	0	(mention_id=1309|references=(entity=(entity_id=entity_0004|fullname=Gertrud Baumhagen|gender=f)))	(mention_id=1302|references=(entity=(entity_id=12|fullname=Gertrud|gender=f)))
10191	fortbleiben	0		
10192	«	0		
10193	,	0		
10194	entgegnete	0		
10195	ein	0		
10196	blonder	0		
10197	Referendar	0	(mention_id=1310|references=(entity=(entity_id=entity_0072|fullname=Referendar|gender=m)))	(mention_id=1303|references=(entity=(entity_id=55|fullname=der Referendar|gender=m)))
10198	;	0		
10199	»	0		
10200	sie	0	(mention_id=1311|references=(entity=(entity_id=entity_0004|fullname=Gertrud Baumhagen|gender=f)))	(mention_id=1304|references=(entity=(entity_id=12|fullname=Gertrud|gender=f)))
10201	hat	0		
10202	eine	0		
10203	Art	0		
10204	sich	0	(mention_id=1312|references=(entity=(entity_id=entity_0004|fullname=Gertrud Baumhagen|gender=f)))	(mention_id=1305|references=(entity=(entity_id=12|fullname=Gertrud|gender=f)))
10205	herabzulassen	0		
10206	,	0		
10207	die	0		
10208	ich	0	(mention_id=1313|references=(entity=(entity_id=entity_0072|fullname=Referendar|gender=m)))	(mention_id=1306|references=(entity=(entity_id=55|fullname=der Referendar|gender=m)))
10209	nicht	0		
10210	vertrage	0		
10211	.	0		
10212	Überhaupt	0		
10213	«	0		
10214	–	0		
10215	er	0	(mention_id=1314|references=(entity=(entity_id=entity_0072|fullname=Referendar|gender=m)))	(mention_id=1307|references=(entity=(entity_id=55|fullname=der Referendar|gender=m)))
10216	tippte	0		
10217	mit	0		
10218	dem	0		
10219	Zeigefinger	0		
10220	an	0		
10221	seine	0	(mention_id=1315|references=(entity=(entity_id=entity_0072|fullname=Referendar|gender=m)))	(mention_id=1308|references=(entity=(entity_id=55|fullname=der Referendar|gender=m)))
10222	Stirn	0		
10223	,	0		
10224	»	0		
10225	etwas	0		
10226	hochmutstoll	0		
10227	.	0		
10228	«	0		
10229	»	0		
10230	Ich	0	(mention_id=1316|references=(entity=(entity_id=entity_0081|fullname=Anderer am Mittagstisch|gender=u)))	(mention_id=1309|references=(entity=(entity_id=80|fullname=ein anderer Herr|gender=m)))
10231	weiß	0		
10232	es	0		
10233	von	0		
10234	Artur	0	(mention_id=1317|references=(entity=(entity_id=entity_0007|fullname=Artur Fredrich|gender=m)))	(mention_id=1310|references=(entity=(entity_id=1|fullname=Artur|gender=m)))
10235	Fredrich	0	(mention_id=1317|references=(entity=(entity_id=entity_0007|fullname=Artur Fredrich|gender=m)))	(mention_id=1310|references=(entity=(entity_id=1|fullname=Artur|gender=m)))
10236	,	0		
10237	sie	0	(mention_id=1318|references=(entity=(entity_id=entity_0004|fullname=Gertrud Baumhagen|gender=f)))	(mention_id=1311|references=(entity=(entity_id=12|fullname=Gertrud|gender=f)))
10238	hat	0		
10239	wieder	0		
10240	einen	0		
10241	Korb	0		
10242	ausgeteilt	0		
10243	«	0		
10244	,	0		
10245	rief	0		
10246	ein	0		
10247	anderer	0	(mention_id=1319|references=(entity=(entity_id=entity_0081|fullname=Anderer am Mittagstisch|gender=u)))	(mention_id=1312|references=(entity=(entity_id=80|fullname=ein anderer Herr|gender=m)))
10248	.	0		
10249	»	0		
10250	Soll	0		
10251	wahrscheinlich	0		
10252	ein	0		
10253	Prinz	0	(mention_id=1320|references=(entity=(entity_id=generic_0052|fullname=Prinz|gender=u|specialcase_entity=generic)))	(mention_id=1313|references=(entity=(entity_id=78|fullname=ein Prinz|gender=m|specialcase_entity=nonfact)))
10254	kommen	0		
10255	«	0		
10256	,	0		
10257	schnarrte	0		
10258	ein	0		
10259	Vierter	0	(mention_id=1321|references=(entity=(entity_id=entity_0090|fullname=Vierter am Mittagstisch|gender=m)))	(mention_id=1314|references=(entity=(entity_id=83|fullname=ein vierter Herr|gender=m)))
10260	.	0		
10261	»	0		
10262	Tut	0		
10263	nichts	0		
10264	!	0		
10265	«	0		
10266	beschwichtigte	0		
10267	der	0		
10268	Rittmeister	0	(mention_id=1322|references=(entity=(entity_id=entity_0140|fullname=Rittmeister von Brelow|gender=m)))	(mention_id=1315|references=(entity=(entity_id=27|fullname=Rittmeister von Brelow|gender=m)))
10269	von	0	(mention_id=1322|references=(entity=(entity_id=entity_0140|fullname=Rittmeister von Brelow|gender=m)))	(mention_id=1315|references=(entity=(entity_id=27|fullname=Rittmeister von Brelow|gender=m)))
10270	Brelow	0	(mention_id=1322|references=(entity=(entity_id=entity_0140|fullname=Rittmeister von Brelow|gender=m)))	(mention_id=1315|references=(entity=(entity_id=27|fullname=Rittmeister von Brelow|gender=m)))
10271	,	0		
10272	»	0		
10273	sagt	0		
10274	,	0		
10275	was	0		
10276	ihr	0	(mention_id=1323|references=(entity=(entity_id=entity_0103|fullname=Husarenoffizier|gender=m)),(entity=(entity_id=entity_0072|fullname=Referendar|gender=m)),(entity=(entity_id=entity_0081|fullname=Anderer am Mittagstisch|gender=u)),(entity=(entity_id=entity_0090|fullname=Vierter am Mittagstisch|gender=m)))	(mention_id=1316|references=(entity=(entity_id=66|fullname=die Herren im Hotel|gender=m|specialcase_entity=group)))
10277	wollt	0		
10278	,	0		
10279	sie	0	(mention_id=1324|references=(entity=(entity_id=entity_0004|fullname=Gertrud Baumhagen|gender=f)))	(mention_id=1317|references=(entity=(entity_id=12|fullname=Gertrud|gender=f)))
10280	ist	0		
10281	eine	0		
10282	prächtige	0		
10283	Erscheinung	0		
10284	,	0		
10285	hat	0		
10286	jedenfalls	0		
10287	nicht	0		
10288	eine	0		
10289	Spur	0		
10290	von	0		
10291	Kleinstädterei	0		
10292	.	0		
10293	Es	0		
10294	ist	0		
10295	Rasse	0		
10296	in	0		
10297	dem	0		
10298	Mädchen	0	(mention_id=1325|references=(entity=(entity_id=entity_0004|fullname=Gertrud Baumhagen|gender=f)))	(mention_id=1318|references=(entity=(entity_id=12|fullname=Gertrud|gender=f)))
10299	.	0		
10300	«	0		
10301	Franz	0	(mention_id=1326|references=(entity=(entity_id=entity_0001|fullname=Franz Linden|gender=m)))	(mention_id=1319|references=(entity=(entity_id=6|fullname=Franz|gender=m)))
10302	Linden	0	(mention_id=1326|references=(entity=(entity_id=entity_0001|fullname=Franz Linden|gender=m)))	(mention_id=1319|references=(entity=(entity_id=6|fullname=Franz|gender=m)))
10303	hatte	0		
10304	mit	0		
10305	Interesse	0		
10306	zugehört	0		
10307	,	0		
10308	fast	0		
10309	bekam	0		
10310	er	0	(mention_id=1327|references=(entity=(entity_id=entity_0001|fullname=Franz Linden|gender=m)))	(mention_id=1320|references=(entity=(entity_id=6|fullname=Franz|gender=m)))
10311	Lust	0		
10312	,	0		
10313	an	0		
10314	dem	0		
10315	Feste	0		
10316	teilzunehmen	0		
10317	.	0		
10318	Er	0	(mention_id=1328|references=(entity=(entity_id=entity_0001|fullname=Franz Linden|gender=m)))	(mention_id=1321|references=(entity=(entity_id=6|fullname=Franz|gender=m)))
10319	sagte	0		
10320	halb	0		
10321	und	0		
10322	halb	0		
10323	zu	0		
10324	,	0		
10325	ließ	0		
10326	sich	0	(mention_id=1329|references=(entity=(entity_id=entity_0001|fullname=Franz Linden|gender=m)))	(mention_id=1322|references=(entity=(entity_id=6|fullname=Franz|gender=m)))
10327	einen	0		
10328	Handschuhladen	0		
10329	nennen	0		
10330	und	0		
10331	versaß	0		
10332	so	0		
10333	ein	0		
10334	paar	0		
10335	Stunden	0		
10336	in	0		
10337	ganz	0		
10338	angeregtem	0		
10339	Gespräch	0		
10340	.	0		
10341	Nach	0		
10342	den	0		
10343	einsamen	0		
10344	Wochen	0		
10345	,	0		
10346	die	0		
10347	er	0	(mention_id=1330|references=(entity=(entity_id=entity_0001|fullname=Franz Linden|gender=m)))	(mention_id=1323|references=(entity=(entity_id=6|fullname=Franz|gender=m)))
10348	durchlebt	0		
10349	,	0		
10350	interessierte	0		
10351	es	0		
10352	ihn	0	(mention_id=1331|references=(entity=(entity_id=entity_0001|fullname=Franz Linden|gender=m)))	(mention_id=1324|references=(entity=(entity_id=6|fullname=Franz|gender=m)))
10353	mehr	0		
10354	,	0		
10355	als	0		
10356	er	0	(mention_id=1332|references=(entity=(entity_id=entity_0001|fullname=Franz Linden|gender=m)))	(mention_id=1325|references=(entity=(entity_id=6|fullname=Franz|gender=m)))
10357	sich	0	(mention_id=1333|references=(entity=(entity_id=entity_0001|fullname=Franz Linden|gender=m)))	(mention_id=1326|references=(entity=(entity_id=6|fullname=Franz|gender=m)))
10358	eingestehen	0		
10359	mochte	0		
10360	.	0		
10361	»	0		
10362	Ich	0	(mention_id=1334|references=(entity=(entity_id=entity_0001|fullname=Franz Linden|gender=m)))	(mention_id=1327|references=(entity=(entity_id=6|fullname=Franz|gender=m)))
10363	komme	0		
10364	wahrhaftig	0		
10365	noch	0		
10366	auf	0		
10367	den	0		
10368	kleinstädtischen	0		
10369	Klatsch	0		
10370	«	0		
10371	,	0		
10372	sagte	0		
10373	er	0	(mention_id=1335|references=(entity=(entity_id=entity_0001|fullname=Franz Linden|gender=m)))	(mention_id=1328|references=(entity=(entity_id=6|fullname=Franz|gender=m)))
10374	,	0		
10375	amüsiert	0		
10376	über	0		
10377	sich	0	(mention_id=1336|references=(entity=(entity_id=entity_0001|fullname=Franz Linden|gender=m)))	(mention_id=1329|references=(entity=(entity_id=6|fullname=Franz|gender=m)))
10378	selbst	0		
10379	.	0		
10380	–	0		
10381	Als	0		
10382	er	0	(mention_id=1337|references=(entity=(entity_id=entity_0001|fullname=Franz Linden|gender=m)))	(mention_id=1330|references=(entity=(entity_id=6|fullname=Franz|gender=m)))
10383	auf	0		
10384	die	0		
10385	Straße	0		
10386	trat	0		
10387	,	0		
10388	war	0		
10389	der	0		
10390	kurze	0		
10391	Novembertag	0		
10392	der	0		
10393	Dunkelheit	0		
10394	bereits	0		
10395	gewichen	0		
10396	,	0		
10397	die	0		
10398	Laternen	0		
10399	spiegelten	0		
10400	sich	0		
10401	in	0		
10402	den	0		
10403	Pfützen	0		
10404	der	0		
10405	Straße	0		
10406	,	0		
10407	die	0		
10408	Schaufenster	0		
10409	waren	0		
10410	hellerleuchtet	0		
10411	und	0		
10412	vom	0		
10413	Benedikti-Turm	0		
10414	dröhnten	0		
10415	fünf	0		
10416	lange	0		
10417	Glockenklänge	0		
10418	.	0		
10419	Er	0	(mention_id=1338|references=(entity=(entity_id=entity_0001|fullname=Franz Linden|gender=m)))	(mention_id=1331|references=(entity=(entity_id=6|fullname=Franz|gender=m)))
10420	bog	0		
10421	um	0		
10422	die	0		
10423	Hotelecke	0		
10424	in	0		
10425	die	0		
10426	nächste	0		
10427	Gasse	0		
10428	und	0		
10429	schlenderte	0		
10430	langsam	0		
10431	hin	0		
10432	auf	0		
10433	dem	0		
10434	schmalen	0		
10435	Trottoir	0		
10436	,	0		
10437	die	0		
10438	Läden	0		
10439	musternd	0		
10440	,	0		
10441	die	0		
10442	sich	0		
10443	für	0		
10444	das	0		
10445	nahe	0		
10446	Weihnachtsfest	0		
10447	mit	0		
10448	allem	0		
10449	Neuen	0		
10450	und	0		
10451	Neuesten	0		
10452	herausgeputzt	0		
10453	hatten	0		
10454	.	0		
10455	»	0		
10456	Guten	0		
10457	Abend	0		
10458	!	0		
10459	«	0		
10460	sagte	0		
10461	plötzlich	0		
10462	eine	0		
10463	schüchterne	0		
10464	Stimme	0		
10465	hinter	0		
10466	ihm	0	(mention_id=1339|references=(entity=(entity_id=entity_0001|fullname=Franz Linden|gender=m)))	(mention_id=1332|references=(entity=(entity_id=6|fullname=Franz|gender=m)))
10467	.	0		
10468	Er	0	(mention_id=1340|references=(entity=(entity_id=entity_0001|fullname=Franz Linden|gender=m)))	(mention_id=1333|references=(entity=(entity_id=6|fullname=Franz|gender=m)))
10469	wandte	0		
10470	sich	0	(mention_id=1341|references=(entity=(entity_id=entity_0001|fullname=Franz Linden|gender=m)))	(mention_id=1334|references=(entity=(entity_id=6|fullname=Franz|gender=m)))
10471	um	0		
10472	.	0		
10473	Im	0		
10474	ersten	0		
10475	Moment	0		
10476	erkannte	0		
10477	er	0	(mention_id=1342|references=(entity=(entity_id=entity_0001|fullname=Franz Linden|gender=m)))	(mention_id=1335|references=(entity=(entity_id=6|fullname=Franz|gender=m)))
10478	die	0		
10479	Frau	0	(mention_id=1343|references=(entity=(entity_id=entity_0012|fullname=Johanne|gender=f)))	(mention_id=1336|references=(entity=(entity_id=17|fullname=Johanne|gender=f)))
10480	nicht	0		
10481	,	0		
10482	die	0	(mention_id=1344|references=(entity=(entity_id=entity_0012|fullname=Johanne|gender=f)))	(mention_id=1337|references=(entity=(entity_id=17|fullname=Johanne|gender=f)))
10483	,	0		
10484	das	0		
10485	Trageholz	0		
10486	auf	0		
10487	den	0		
10488	Schultern	0		
10489	,	0		
10490	an	0		
10491	dessen	0		
10492	roten	0		
10493	Lederriemen	0		
10494	und	0		
10495	blitzblanken	0		
10496	Messinghaken	0		
10497	zwei	0		
10498	große	0		
10499	,	0		
10500	schneeweiße	0		
10501	Eimer	0		
10502	hingen	0		
10503	,	0		
10504	schüchtern	0		
10505	vor	0		
10506	ihm	0	(mention_id=1345|references=(entity=(entity_id=entity_0001|fullname=Franz Linden|gender=m)))	(mention_id=1338|references=(entity=(entity_id=6|fullname=Franz|gender=m)))
10507	stand	0		
10508	.	0		
10509	Dann	0		
10510	wußte	0		
10511	er's	0		(mention_id=1339|references=(entity=(entity_id=6|fullname=Franz|gender=m)))
10512	:	0		
10513	es	0		
10514	war	0		
10515	Frau	0	(mention_id=1346|references=(entity=(entity_id=entity_0012|fullname=Johanne|gender=f)))	(mention_id=1340|references=(entity=(entity_id=17|fullname=Johanne|gender=f)))
10516	Johanne	0	(mention_id=1346|references=(entity=(entity_id=entity_0012|fullname=Johanne|gender=f)))	(mention_id=1340|references=(entity=(entity_id=17|fullname=Johanne|gender=f)))
10517	.	0		
10518	»	0		
10519	Ich	0	(mention_id=1347|references=(entity=(entity_id=entity_0012|fullname=Johanne|gender=f)))	(mention_id=1341|references=(entity=(entity_id=17|fullname=Johanne|gender=f)))
10520	wollte	0		
10521	nur	0		
10522	vielmals	0		
10523	danken	0		
10524	«	0		
10525	,	0		
10526	begann	0		
10527	sie	0	(mention_id=1348|references=(entity=(entity_id=entity_0012|fullname=Johanne|gender=f)))	(mention_id=1342|references=(entity=(entity_id=17|fullname=Johanne|gender=f)))
10528	,	0		
10529	»	0		
10530	der	0		
10531	Herr	0	(mention_id=1349|references=(entity=(entity_id=entity_0122|fullname=Herr Küster|gender=m)))	(mention_id=1343|references=(entity=(entity_id=50|fullname=der Küster|gender=m)))
10532	Küster	0	(mention_id=1349|references=(entity=(entity_id=entity_0122|fullname=Herr Küster|gender=m)))	(mention_id=1343|references=(entity=(entity_id=50|fullname=der Küster|gender=m)))
10533	hat	0		
10534	mir	0	(mention_id=1350|references=(entity=(entity_id=entity_0012|fullname=Johanne|gender=f)))	(mention_id=1344|references=(entity=(entity_id=17|fullname=Johanne|gender=f)))
10535	das	0		
10536	Geschenk	0		
10537	gebracht	0		
10538	für	0		
10539	den	0		
10540	Kleinen	0	(mention_id=1351|references=(entity=(entity_id=entity_0014|fullname=Täufling|gender=m)))	(mention_id=1345|references=(entity=(entity_id=31|fullname=Sohn von Johanne|gender=m)))
10541	.	0		
10542	«	0		
10543	»	0		
10544	Und	0		
10545	geht	0		
10546	es	0		
10547	denn	0		
10548	meinem	0	(mention_id=1352|references=(entity=(entity_id=entity_0001|fullname=Franz Linden|gender=m)))	(mention_id=1346|references=(entity=(entity_id=6|fullname=Franz|gender=m)))
10549	Patchen	0	(mention_id=1353|references=(entity=(entity_id=entity_0014|fullname=Täufling|gender=m)))	(mention_id=1347|references=(entity=(entity_id=31|fullname=Sohn von Johanne|gender=m)))
10550	gut	0		
10551	?	0		
10552	«	0		
10553	fragte	0		
10554	er	0	(mention_id=1354|references=(entity=(entity_id=entity_0001|fullname=Franz Linden|gender=m)))	(mention_id=1348|references=(entity=(entity_id=6|fullname=Franz|gender=m)))
10555	,	0		
10556	neben	0		
10557	der	0		
10558	Frau	0	(mention_id=1355|references=(entity=(entity_id=entity_0012|fullname=Johanne|gender=f)))	(mention_id=1349|references=(entity=(entity_id=17|fullname=Johanne|gender=f)))
10559	herschreitend	0		
10560	und	0		
10561	entschlossen	0		
10562	,	0		
10563	um	0		
10564	jeden	0		
10565	Preis	0		
10566	etwas	0		
10567	von	0		
10568	»	0		
10569	ihr	0	(mention_id=1356|references=(entity=(entity_id=entity_0012|fullname=Johanne|gender=f)))	(mention_id=1350|references=(entity=(entity_id=12|fullname=Gertrud|gender=f)))
10570	«	0		
10571	zu	0		
10572	erfahren	0		
10573	.	0		
10574	»	0		
10575	Ach	0		
10576	,	0		
10577	ich	0	(mention_id=1357|references=(entity=(entity_id=entity_0012|fullname=Johanne|gender=f)))	(mention_id=1351|references=(entity=(entity_id=17|fullname=Johanne|gender=f)))
10578	danke	0		
10579	,	0		
10580	Herr	0	(mention_id=1358|references=(entity=(entity_id=entity_0001|fullname=Franz Linden|gender=m)))	(mention_id=1352|references=(entity=(entity_id=6|fullname=Franz|gender=m)))
10581	Linden	0	(mention_id=1358|references=(entity=(entity_id=entity_0001|fullname=Franz Linden|gender=m)))	(mention_id=1352|references=(entity=(entity_id=6|fullname=Franz|gender=m)))
10582	.	0		
10583	Es	0		(mention_id=1353|references=(entity=(entity_id=31|fullname=Sohn von Johanne|gender=m)))
10584	ist	0		
10585	ein	0		
10586	schwächliches	0		
10587	Kind	0	(mention_id=1359|references=(entity=(entity_id=entity_0014|fullname=Täufling|gender=m)))	(mention_id=1354|references=(entity=(entity_id=31|fullname=Sohn von Johanne|gender=m)))
10588	–	0		
10589	der	0		
10590	Gram	0		
10591	hat	0		
10592	ihm	0	(mention_id=1360|references=(entity=(entity_id=entity_0014|fullname=Täufling|gender=m)))	(mention_id=1355|references=(entity=(entity_id=31|fullname=Sohn von Johanne|gender=m)))
10593	wohl	0		
10594	geschadet	0		
10595	.	0		
10596	Aber	0		
10597	wenn	0		
10598	der	0		
10599	Herr	0	(mention_id=1361|references=(entity=(entity_id=entity_0001|fullname=Franz Linden|gender=m)))	(mention_id=1356|references=(entity=(entity_id=6|fullname=Franz|gender=m)))
10600	es	0	(mention_id=1362|references=(entity=(entity_id=entity_0014|fullname=Täufling|gender=m)))	(mention_id=1357|references=(entity=(entity_id=31|fullname=Sohn von Johanne|gender=m)))
10601	einmal	0		
10602	sehen	0		
10603	wollen	0		
10604	–	0		
10605	so	0		
10606	gar	0		
10607	weit	0		
10608	ist	0		
10609	es	0		
10610	nicht	0		
10611	mehr	0		
10612	,	0		
10613	und	0		
10614	ich	0	(mention_id=1363|references=(entity=(entity_id=entity_0012|fullname=Johanne|gender=f)))	(mention_id=1358|references=(entity=(entity_id=17|fullname=Johanne|gender=f)))
10615	gehe	0		
10616	jetzt	0		
10617	nach	0		
10618	Hause	0		
10619	.	0		
10620	«	0		
10621	»	0		
10622	Das	0		
10623	versteht	0		
10624	sich	0		
10625	!	0		
10626	«	0		
10627	sagte	0		
10628	er	0	(mention_id=1364|references=(entity=(entity_id=entity_0001|fullname=Franz Linden|gender=m)))	(mention_id=1359|references=(entity=(entity_id=6|fullname=Franz|gender=m)))
10629	und	0		
10630	ließ	0		
10631	sich	0	(mention_id=1365|references=(entity=(entity_id=entity_0001|fullname=Franz Linden|gender=m)))	(mention_id=1360|references=(entity=(entity_id=6|fullname=Franz|gender=m)))
10632	im	0		
10633	Weiterschreiten	0		
10634	erzählen	0		
10635	,	0		
10636	daß	0		
10637	sie	0	(mention_id=1366|references=(entity=(entity_id=entity_0012|fullname=Johanne|gender=f)))	(mention_id=1361|references=(entity=(entity_id=17|fullname=Johanne|gender=f)))
10638	Milchfrau	0	(mention_id=1367|references=(entity=(entity_id=entity_0012|fullname=Johanne|gender=f)))	(mention_id=1362|references=(entity=(entity_id=17|fullname=Johanne|gender=f)))
10639	bei	0		
10640	Ökonomierats	0	(mention_id=1368|references=(entity=(entity_id=entity_0148|fullname=Ökonomierat|gender=m)))	(mention_id=1363|references=(entity=(entity_id=59|fullname=der Ökonomierat|gender=m)))
10641	sei	0		
10642	und	0		
10643	zweimal	0		
10644	des	0		
10645	Tages	0		
10646	Milch	0		
10647	austrage	0		
10648	.	0		
10649	»	0		
10650	Kommt	0		
10651	das	0		
10652	Fräulein	0	(mention_id=1369|references=(entity=(entity_id=entity_0004|fullname=Gertrud Baumhagen|gender=f)))	(mention_id=1364|references=(entity=(entity_id=12|fullname=Gertrud|gender=f)))
10653	manchmal	0		
10654	–	0		
10655	nach	0		
10656	dem	0		
10657	Patchen	0	(mention_id=1370|references=(entity=(entity_id=entity_0014|fullname=Täufling|gender=m)))	(mention_id=1365|references=(entity=(entity_id=31|fullname=Sohn von Johanne|gender=m)))
10658	zu	0		
10659	sehen	0		
10660	?	0		
10661	«	0		
10662	»	0		
10663	Ei	0		
10664	freilich	0		
10665	!	0		
10666	«	0		
10667	erwiderte	0		
10668	die	0		
10669	Frau	0	(mention_id=1371|references=(entity=(entity_id=entity_0012|fullname=Johanne|gender=f)))	(mention_id=1366|references=(entity=(entity_id=17|fullname=Johanne|gender=f)))
10670	,	0		
10671	»	0		
10672	sie	0	(mention_id=1372|references=(entity=(entity_id=entity_0012|fullname=Johanne|gender=f)))	(mention_id=1367|references=(entity=(entity_id=12|fullname=Gertrud|gender=f)))
10673	kommt	0		
10674	und	0		
10675	–	0		
10676	es	0		
10677	ist	0		
10678	kein	0		
10679	Kleidchen	0		
10680	und	0		
10681	kein	0		
10682	Röckchen	0		
10683	,	0		
10684	das	0		
10685	der	0		
10686	Junge	0	(mention_id=1373|references=(entity=(entity_id=entity_0014|fullname=Täufling|gender=m)))	(mention_id=1368|references=(entity=(entity_id=31|fullname=Sohn von Johanne|gender=m)))
10687	nicht	0		
10688	von	0		
10689	ihr	0	(mention_id=1374|references=(entity=(entity_id=entity_0004|fullname=Gertrud Baumhagen|gender=f)))	(mention_id=1369|references=(entity=(entity_id=12|fullname=Gertrud|gender=f)))
10690	hat	0		
10691	.	0		
10692	Sie	0	(mention_id=1375|references=(entity=(entity_id=entity_0004|fullname=Gertrud Baumhagen|gender=f)))	(mention_id=1370|references=(entity=(entity_id=12|fullname=Gertrud|gender=f)))
10693	ist	0		
10694	so	0		
10695	sehr	0		
10696	gut	0		
10697	,	0		
10698	das	0		
10699	Fräulein	0	(mention_id=1376|references=(entity=(entity_id=entity_0004|fullname=Gertrud Baumhagen|gender=f)))	(mention_id=1371|references=(entity=(entity_id=12|fullname=Gertrud|gender=f)))
10700	Trudchen	0	(mention_id=1376|references=(entity=(entity_id=entity_0004|fullname=Gertrud Baumhagen|gender=f)))	(mention_id=1371|references=(entity=(entity_id=12|fullname=Gertrud|gender=f)))
10701	.	0		
10702	Wir	0	(mention_id=1377|references=(entity=(entity_id=entity_0012|fullname=Johanne|gender=f)),(entity=(entity_id=entity_0004|fullname=Gertrud Baumhagen|gender=f)))	(mention_id=1372|references=(entity=(entity_id=17|fullname=Johanne|gender=f)),(entity=(entity_id=12|fullname=Gertrud|gender=f)))
10703	sind	0		
10704	auch	0		
10705	zusammen	0		
10706	konfirmiert	0		
10707	«	0		
10708	,	0		
10709	setzte	0		
10710	sie	0	(mention_id=1378|references=(entity=(entity_id=entity_0012|fullname=Johanne|gender=f)))	(mention_id=1373|references=(entity=(entity_id=17|fullname=Johanne|gender=f)))
10711	stolz	0		
10712	hinzu	0		
10713	.	0		
10714	Also	0		
10715	Trudchen	0	(mention_id=1379|references=(entity=(entity_id=entity_0004|fullname=Gertrud Baumhagen|gender=f)))	(mention_id=1374|references=(entity=(entity_id=12|fullname=Gertrud|gender=f)))
10716	hieß	0		
10717	sie	0	(mention_id=1380|references=(entity=(entity_id=entity_0004|fullname=Gertrud Baumhagen|gender=f)))	(mention_id=1375|references=(entity=(entity_id=12|fullname=Gertrud|gender=f)))
10718	!	0		
10719	Es	0		
10720	war	0		
10721	doch	0		
10722	ein	0		
10723	ziemlich	0		
10724	weiter	0		
10725	Weg	0		
10726	durch	0		
10727	Gassen	0		
10728	und	0		
10729	Gäßchen	0		
10730	,	0		
10731	bis	0		
10732	die	0		
10733	Frau	0	(mention_id=1381|references=(entity=(entity_id=entity_0012|fullname=Johanne|gender=f)))	(mention_id=1376|references=(entity=(entity_id=17|fullname=Johanne|gender=f)))
10734	erklärte	0		
10735	,	0		
10736	hier	0		
10737	sei	0		
10738	sie	0	(mention_id=1382|references=(entity=(entity_id=entity_0012|fullname=Johanne|gender=f)))	(mention_id=1377|references=(entity=(entity_id=17|fullname=Johanne|gender=f)))
10739	daheim	0		
10740	.	0		
10741	»	0		
10742	Es	0		
10743	ist	0		
10744	Licht	0		
10745	drinnen	0		
10746	–	0		
10747	vielleicht	0		
10748	die	0		
10749	Mutter	0	(mention_id=1383|references=(entity=(entity_id=entity_0101|fullname=Mutter von Johanne|gender=f)))	(mention_id=1378|references=(entity=(entity_id=24|fullname=Mutter von Johanne|gender=f)))
10750	,	0		
10751	weil	0		
10752	der	0		
10753	Junge	0	(mention_id=1384|references=(entity=(entity_id=entity_0014|fullname=Täufling|gender=m)))	(mention_id=1379|references=(entity=(entity_id=31|fullname=Sohn von Johanne|gender=m)))
10754	aufgewacht	0		
10755	ist	0		
10756	.	0		
10757	Meine	0	(mention_id=1385|references=(entity=(entity_id=entity_0012|fullname=Johanne|gender=f)))	(mention_id=1380|references=(entity=(entity_id=17|fullname=Johanne|gender=f)))
10758	Mutter	0	(mention_id=1386|references=(entity=(entity_id=entity_0101|fullname=Mutter von Johanne|gender=f)))	(mention_id=1381|references=(entity=(entity_id=24|fullname=Mutter von Johanne|gender=f)))
10759	wohnt	0		
10760	oben	0		
10761	«	0		
10762	,	0		
10763	erläuterte	0		
10764	sie	0	(mention_id=1387|references=(entity=(entity_id=entity_0012|fullname=Johanne|gender=f)))	(mention_id=1382|references=(entity=(entity_id=17|fullname=Johanne|gender=f)))
10765	,	0		
10766	»	0		
10767	der	0		
10768	Vater	0	(mention_id=1388|references=(entity=(entity_id=entity_0097|fullname=Vater von Johanne|gender=m)))	(mention_id=1383|references=(entity=(entity_id=36|fullname=Vater von Johanne|gender=m)))
10769	ist	0		
10770	Schuhmacher	0	(mention_id=1389|references=(entity=(entity_id=entity_0097|fullname=Vater von Johanne|gender=m)))	(mention_id=1384|references=(entity=(entity_id=36|fullname=Vater von Johanne|gender=m)))
10771	.	0		
10772	«	0		
10773	Es	0		
10774	war	0		
10775	ein	0		
10776	so	0		
10777	niedriges	0		
10778	Parterre	0		(mention_id=1385|references=(entity=(entity_id=60|fullname=die Bewohner des Parterres|gender=mf|specialcase_entity=group)))
10779	,	0		
10780	daß	0		
10781	ein	0		
10782	Kind	0	(mention_id=1390|references=(entity=(entity_id=entity_0014|fullname=Täufling|gender=m)))	(mention_id=1386|references=(entity=(entity_id=generic_0024|fullname=ein Kind im Allgemeinen|gender=u|specialcase_entity=generic)))
10783	bequem	0		
10784	ins	0		
10785	Fenster	0		
10786	hätte	0		
10787	blicken	0		
10788	können	0		
10789	,	0		
10790	und	0		
10791	so	0		
10792	übersah	0		
10793	er	0	(mention_id=1391|references=(entity=(entity_id=entity_0001|fullname=Franz Linden|gender=m)))	(mention_id=1387|references=(entity=(entity_id=6|fullname=Franz|gender=m)))
10794	leicht	0		
10795	das	0		
10796	Innere	0		
10797	der	0		
10798	kleinen	0		
10799	Stube	0		
10800	.	0		
10801	»	0		
10802	Bleiben	0		
10803	Sie	0	(mention_id=1392|references=(entity=(entity_id=entity_0012|fullname=Johanne|gender=f)))	(mention_id=1388|references=(entity=(entity_id=17|fullname=Johanne|gender=f)))
10804	«	0		
10805	,	0		
10806	flüsterte	0		
10807	er	0	(mention_id=1393|references=(entity=(entity_id=entity_0001|fullname=Franz Linden|gender=m)))	(mention_id=1389|references=(entity=(entity_id=6|fullname=Franz|gender=m)))
10808	und	0		
10809	hielt	0		
10810	die	0		
10811	Frau	0	(mention_id=1394|references=(entity=(entity_id=entity_0012|fullname=Johanne|gender=f)))	(mention_id=1390|references=(entity=(entity_id=17|fullname=Johanne|gender=f)))
10812	am	0		
10813	Arme	0		
10814	.	0		
10815	»	0		
10816	Ach	0		
10817	Gott	0	(mention_id=1395|references=(entity=(entity_id=entity_0019|fullname=Gott|gender=u|specialcase_entity=nonfact)))	
10818	–	0		
10819	das	0		
10820	Fräulein	0	(mention_id=1396|references=(entity=(entity_id=entity_0004|fullname=Gertrud Baumhagen|gender=f)))	(mention_id=1391|references=(entity=(entity_id=12|fullname=Gertrud|gender=f)))
10821	!	0		
10822	«	0		
10823	rief	0		
10824	sie	0	(mention_id=1397|references=(entity=(entity_id=entity_0012|fullname=Johanne|gender=f)))	(mention_id=1392|references=(entity=(entity_id=17|fullname=Johanne|gender=f)))
10825	,	0		
10826	»	0		
10827	wenn	0		
10828	sie	0	(mention_id=1398|references=(entity=(entity_id=entity_0004|fullname=Gertrud Baumhagen|gender=f)))	(mention_id=1393|references=(entity=(entity_id=12|fullname=Gertrud|gender=f)))
10829	nur	0		
10830	nicht	0		
10831	böse	0		
10832	wird	0		
10833	!	0		
10834	«	0		
10835	Aber	0		
10836	Franz	0	(mention_id=1399|references=(entity=(entity_id=entity_0001|fullname=Franz Linden|gender=m)))	(mention_id=1394|references=(entity=(entity_id=6|fullname=Franz|gender=m)))
10837	Linden	0	(mention_id=1399|references=(entity=(entity_id=entity_0001|fullname=Franz Linden|gender=m)))	(mention_id=1394|references=(entity=(entity_id=6|fullname=Franz|gender=m)))
10838	antwortete	0		
10839	nicht	0		
10840	.	0		
10841	Er	0	(mention_id=1400|references=(entity=(entity_id=entity_0001|fullname=Franz Linden|gender=m)))	(mention_id=1395|references=(entity=(entity_id=6|fullname=Franz|gender=m)))
10842	sah	0		
10843	nur	0		
10844	die	0		
10845	schlanke	0		
10846	Mädchengestalt	0	(mention_id=1401|references=(entity=(entity_id=entity_0004|fullname=Gertrud Baumhagen|gender=f)))	(mention_id=1396|references=(entity=(entity_id=12|fullname=Gertrud|gender=f)))
10847	,	0		
10848	wie	0		
10849	sie	0	(mention_id=1402|references=(entity=(entity_id=entity_0004|fullname=Gertrud Baumhagen|gender=f)))	(mention_id=1397|references=(entity=(entity_id=12|fullname=Gertrud|gender=f)))
10850	in	0		
10851	dem	0		
10852	niedrigen	0		
10853	Gemach	0		
10854	mit	0		
10855	dem	0		
10856	weinenden	0		
10857	Kinde	0	(mention_id=1403|references=(entity=(entity_id=entity_0014|fullname=Täufling|gender=m)))	(mention_id=1398|references=(entity=(entity_id=31|fullname=Sohn von Johanne|gender=m)))
10858	im	0		
10859	Arme	0		
10860	auf	0		
10861	und	0		
10862	ab	0		
10863	ging	0		
10864	,	0		
10865	ihm	0	(mention_id=1404|references=(entity=(entity_id=entity_0014|fullname=Täufling|gender=m)))	(mention_id=1399|references=(entity=(entity_id=31|fullname=Sohn von Johanne|gender=m)))
10866	zusprach	0		
10867	,	0		
10868	es	0	(mention_id=1405|references=(entity=(entity_id=entity_0014|fullname=Täufling|gender=m)))	(mention_id=1400|references=(entity=(entity_id=31|fullname=Sohn von Johanne|gender=m)))
10869	tanzen	0		
10870	ließ	0		
10871	,	0		
10872	bis	0		
10873	es	0	(mention_id=1406|references=(entity=(entity_id=entity_0014|fullname=Täufling|gender=m)))	(mention_id=1401|references=(entity=(entity_id=31|fullname=Sohn von Johanne|gender=m)))
10874	endlich	0		
10875	zu	0		
10876	schreien	0		
10877	aufhörte	0		
10878	,	0		
10879	ein	0		
10880	Weilchen	0		
10881	ernsthaft	0		
10882	in	0		
10883	das	0		
10884	schöne	0		
10885	Gesicht	0		
10886	blickte	0		
10887	und	0		
10888	zu	0		
10889	jauchzen	0		
10890	begann	0		
10891	.	0		
10892	»	0		
10893	Siehst	0		
10894	du	0	(mention_id=1407|references=(entity=(entity_id=entity_0014|fullname=Täufling|gender=m)))	(mention_id=1402|references=(entity=(entity_id=31|fullname=Sohn von Johanne|gender=m)))
10895	,	0		
10896	kleiner	0		
10897	dummer	0		
10898	Schatz	0	(mention_id=1408|references=(entity=(entity_id=entity_0014|fullname=Täufling|gender=m)))	(mention_id=1403|references=(entity=(entity_id=31|fullname=Sohn von Johanne|gender=m)))
10899	«	0		
10900	,	0		
10901	tönte	0		
10902	die	0		
10903	klare	0		
10904	Mädchenstimme	0		
10905	in	0		
10906	sein	0	(mention_id=1409|references=(entity=(entity_id=entity_0001|fullname=Franz Linden|gender=m)))	(mention_id=1404|references=(entity=(entity_id=6|fullname=Franz|gender=m)))
10907	Ohr	0		
10908	,	0		
10909	»	0		
10910	siehst	0		
10911	du	0	(mention_id=1410|references=(entity=(entity_id=entity_0014|fullname=Täufling|gender=m)))	(mention_id=1405|references=(entity=(entity_id=31|fullname=Sohn von Johanne|gender=m)))
10912	,	0		
10913	wer	0		
10914	es	0		
10915	gut	0		
10916	mit	0		
10917	dir	0	(mention_id=1411|references=(entity=(entity_id=entity_0014|fullname=Täufling|gender=m)))	(mention_id=1406|references=(entity=(entity_id=31|fullname=Sohn von Johanne|gender=m)))
10918	meint	0		
10919	,	0		
10920	wenn	0		
10921	du	0	(mention_id=1412|references=(entity=(entity_id=entity_0014|fullname=Täufling|gender=m)))	(mention_id=1407|references=(entity=(entity_id=31|fullname=Sohn von Johanne|gender=m)))
10922	hier	0		
10923	so	0		
10924	allein	0		
10925	und	0		
10926	bloßgestrampelt	0		
10927	liegst	0		
10928	,	0		
10929	und	0		
10930	deine	0	(mention_id=1413|references=(entity=(entity_id=entity_0014|fullname=Täufling|gender=m)))	(mention_id=1408|references=(entity=(entity_id=31|fullname=Sohn von Johanne|gender=m)))
10931	Mutter	0	(mention_id=1414|references=(entity=(entity_id=entity_0012|fullname=Johanne|gender=f)))	(mention_id=1409|references=(entity=(entity_id=17|fullname=Johanne|gender=f)))
10932	bei	0		
10933	Wind	0		
10934	und	0		
10935	Wetter	0		
10936	von	0		
10937	Haus	0		
10938	zu	0		
10939	Haus	0		
10940	gehen	0		
10941	muß	0		
10942	?	0		
10943	Du	0	(mention_id=1415|references=(entity=(entity_id=entity_0014|fullname=Täufling|gender=m)))	(mention_id=1410|references=(entity=(entity_id=31|fullname=Sohn von Johanne|gender=m)))
10944	böser	0		
10945	Junge	0	(mention_id=1416|references=(entity=(entity_id=entity_0014|fullname=Täufling|gender=m)))	(mention_id=1411|references=(entity=(entity_id=31|fullname=Sohn von Johanne|gender=m)))
10946	,	0		
10947	du	0	(mention_id=1417|references=(entity=(entity_id=entity_0014|fullname=Täufling|gender=m)))	(mention_id=1412|references=(entity=(entity_id=31|fullname=Sohn von Johanne|gender=m)))
10948	Schreihals	0	(mention_id=1418|references=(entity=(entity_id=entity_0014|fullname=Täufling|gender=m)))	(mention_id=1413|references=(entity=(entity_id=31|fullname=Sohn von Johanne|gender=m)))
10949	,	0		
10950	kannst	0		
10951	du	0	(mention_id=1419|references=(entity=(entity_id=entity_0014|fullname=Täufling|gender=m)))	(mention_id=1414|references=(entity=(entity_id=31|fullname=Sohn von Johanne|gender=m)))
10952	auf	0		
10953	deinen	0	(mention_id=1420|references=(entity=(entity_id=entity_0014|fullname=Täufling|gender=m)))	(mention_id=1415|references=(entity=(entity_id=31|fullname=Sohn von Johanne|gender=m)))
10954	Namen	0		
10955	schon	0		
10956	hören	0		
10957	?	0		
10958	Wie	0		
10959	heißt	0		
10960	du	0	(mention_id=1421|references=(entity=(entity_id=entity_0014|fullname=Täufling|gender=m)))	(mention_id=1416|references=(entity=(entity_id=31|fullname=Sohn von Johanne|gender=m)))
10961	?	0		
10962	Franz	0	(mention_id=1422|references=(entity=(entity_id=entity_0014|fullname=Täufling|gender=m)))	(mention_id=1417|references=(entity=(entity_id=31|fullname=Sohn von Johanne|gender=m)))
10963	–	0		
10964	Franzi	0	(mention_id=1423|references=(entity=(entity_id=entity_0014|fullname=Täufling|gender=m)))	(mention_id=1418|references=(entity=(entity_id=31|fullname=Sohn von Johanne|gender=m)))
10965	!	0		
10966	So	0		
10967	groß	0		
10968	ist	0		
10969	der	0		
10970	Junge	0	(mention_id=1424|references=(entity=(entity_id=entity_0014|fullname=Täufling|gender=m)))	(mention_id=1419|references=(entity=(entity_id=31|fullname=Sohn von Johanne|gender=m)))
10971	!	0		
10972	Jetzt	0		
10973	komme	0		
10974	einmal	0		
10975	her	0		
10976	und	0		
10977	schreie	0		
10978	nicht	0		
10979	,	0		
10980	du	0	(mention_id=1425|references=(entity=(entity_id=entity_0014|fullname=Täufling|gender=m)))	(mention_id=1420|references=(entity=(entity_id=31|fullname=Sohn von Johanne|gender=m)))
10981	sollst	0		
10982	das	0		
10983	warme	0		
10984	Kleidchen	0		
10985	schon	0		
10986	anhaben	0		
10987	,	0		
10988	wenn	0		
10989	deine	0	(mention_id=1426|references=(entity=(entity_id=entity_0014|fullname=Täufling|gender=m)))	(mention_id=1421|references=(entity=(entity_id=31|fullname=Sohn von Johanne|gender=m)))
10990	Mutter	0	(mention_id=1427|references=(entity=(entity_id=entity_0012|fullname=Johanne|gender=f)))	(mention_id=1422|references=(entity=(entity_id=17|fullname=Johanne|gender=f)))
10991	kommt	0		
10992	.	0		
10993	«	0		
10994	Und	0		
10995	sie	0	(mention_id=1428|references=(entity=(entity_id=entity_0004|fullname=Gertrud Baumhagen|gender=f)))	(mention_id=1423|references=(entity=(entity_id=12|fullname=Gertrud|gender=f)))
10996	setzte	0		
10997	sich	0	(mention_id=1429|references=(entity=(entity_id=entity_0004|fullname=Gertrud Baumhagen|gender=f)))	(mention_id=1424|references=(entity=(entity_id=12|fullname=Gertrud|gender=f)))
10998	an	0		
10999	den	0		
11000	Ofen	0		
11001	und	0		
11002	begann	0		
11003	dem	0		
11004	Kinde	0	(mention_id=1430|references=(entity=(entity_id=entity_0014|fullname=Täufling|gender=m)))	(mention_id=1425|references=(entity=(entity_id=31|fullname=Sohn von Johanne|gender=m)))
11005	das	0		
11006	rote	0		
11007	Barchentröckchen	0		
11008	auszuziehen	0		
11009	.	0		
11010	»	0		
11011	Fragen	0		
11012	Sie	0	(mention_id=1431|references=(entity=(entity_id=entity_0012|fullname=Johanne|gender=f)))	(mention_id=1426|references=(entity=(entity_id=17|fullname=Johanne|gender=f)))
11013	,	0		
11014	Frau	0	(mention_id=1432|references=(entity=(entity_id=entity_0012|fullname=Johanne|gender=f)))	(mention_id=1427|references=(entity=(entity_id=17|fullname=Johanne|gender=f)))
11015	Johanne	0	(mention_id=1432|references=(entity=(entity_id=entity_0012|fullname=Johanne|gender=f)))	(mention_id=1427|references=(entity=(entity_id=17|fullname=Johanne|gender=f)))
11016	,	0		
11017	ob	0		
11018	ich	0	(mention_id=1433|references=(entity=(entity_id=entity_0001|fullname=Franz Linden|gender=m)))	(mention_id=1428|references=(entity=(entity_id=6|fullname=Franz|gender=m)))
11019	hineinkommen	0		
11020	darf	0		
11021	!	0		
11022	«	0		
11023	bat	0		
11024	Linden	0	(mention_id=1434|references=(entity=(entity_id=entity_0001|fullname=Franz Linden|gender=m)))	(mention_id=1429|references=(entity=(entity_id=6|fullname=Franz|gender=m)))
11025	.	0		
11026	Und	0		
11027	im	0		
11028	nächsten	0		
11029	Moment	0		
11030	war	0		
11031	er	0	(mention_id=1435|references=(entity=(entity_id=entity_0001|fullname=Franz Linden|gender=m)))	(mention_id=1430|references=(entity=(entity_id=6|fullname=Franz|gender=m)))
11032	doch	0		
11033	schon	0		
11034	hinter	0		
11035	der	0		
11036	Frau	0	(mention_id=1436|references=(entity=(entity_id=entity_0012|fullname=Johanne|gender=f)))	(mention_id=1431|references=(entity=(entity_id=17|fullname=Johanne|gender=f)))
11037	in	0		
11038	das	0		
11039	Zimmer	0		
11040	getreten	0		
11041	.	0		
11042	Über	0		
11043	das	0		
11044	Gesicht	0		
11045	des	0		
11046	jungen	0		
11047	Mädchens	0	(mention_id=1437|references=(entity=(entity_id=entity_0004|fullname=Gertrud Baumhagen|gender=f)))	(mention_id=1432|references=(entity=(entity_id=12|fullname=Gertrud|gender=f)))
11048	flog	0		
11049	etwas	0		
11050	wie	0		
11051	schämige	0		
11052	Glut	0		
11053	,	0		
11054	aber	0		
11055	sie	0	(mention_id=1438|references=(entity=(entity_id=entity_0004|fullname=Gertrud Baumhagen|gender=f)))	(mention_id=1433|references=(entity=(entity_id=12|fullname=Gertrud|gender=f)))
11056	reichte	0		
11057	ihm	0	(mention_id=1439|references=(entity=(entity_id=entity_0001|fullname=Franz Linden|gender=m)))	(mention_id=1434|references=(entity=(entity_id=6|fullname=Franz|gender=m)))
11058	unbefangen	0		
11059	die	0		
11060	Hand	0		
11061	hin	0		
11062	.	0		
11063	»	0		
11064	Ich	0	(mention_id=1440|references=(entity=(entity_id=entity_0004|fullname=Gertrud Baumhagen|gender=f)))	(mention_id=1435|references=(entity=(entity_id=12|fullname=Gertrud|gender=f)))
11065	freue	0		
11066	mich	0	(mention_id=1441|references=(entity=(entity_id=entity_0004|fullname=Gertrud Baumhagen|gender=f)))	(mention_id=1436|references=(entity=(entity_id=12|fullname=Gertrud|gender=f)))
11067	,	0		
11068	Herr	0	(mention_id=1442|references=(entity=(entity_id=entity_0001|fullname=Franz Linden|gender=m)))	(mention_id=1437|references=(entity=(entity_id=6|fullname=Franz|gender=m)))
11069	Linden	0	(mention_id=1442|references=(entity=(entity_id=entity_0001|fullname=Franz Linden|gender=m)))	(mention_id=1437|references=(entity=(entity_id=6|fullname=Franz|gender=m)))
11070	,	0		
11071	daß	0		
11072	ich	0	(mention_id=1443|references=(entity=(entity_id=entity_0004|fullname=Gertrud Baumhagen|gender=f)))	(mention_id=1438|references=(entity=(entity_id=12|fullname=Gertrud|gender=f)))
11073	Sie	0	(mention_id=1444|references=(entity=(entity_id=entity_0001|fullname=Franz Linden|gender=m)))	(mention_id=1439|references=(entity=(entity_id=6|fullname=Franz|gender=m)))
11074	noch	0		
11075	sehe	0		
11076	–	0		
11077	Mama	0	(mention_id=1445|references=(entity=(entity_id=entity_0005|fullname=Ottilie Baumhagen|gender=f)))	(mention_id=1440|references=(entity=(entity_id=7|fullname=Frau Baumhagen|gender=f)))
11078	bedauerte	0		
11079	heute	0		
11080	mittag	0		
11081	sehr	0		
11082	,	0		
11083	Sie	0	(mention_id=1446|references=(entity=(entity_id=entity_0001|fullname=Franz Linden|gender=m)))	(mention_id=1441|references=(entity=(entity_id=6|fullname=Franz|gender=m)))
11084	nicht	0		
11085	empfangen	0		
11086	zu	0		
11087	können	0		
11088	.	0		
11089	Sie	0	(mention_id=1447|references=(entity=(entity_id=entity_0005|fullname=Ottilie Baumhagen|gender=f)))	(mention_id=1442|references=(entity=(entity_id=6|fullname=Franz|gender=m)))
11090	–	0		
11091	–	0		
11092	«	0		
11093	Er	0	(mention_id=1448|references=(entity=(entity_id=entity_0001|fullname=Franz Linden|gender=m)))	(mention_id=1443|references=(entity=(entity_id=6|fullname=Franz|gender=m)))
11094	machte	0		
11095	eine	0		
11096	Verbeugung	0		
11097	.	0		
11098	Also	0		
11099	zu	0		
11100	irgendeinem	0		
11101	Hause	0		
11102	,	0		
11103	wo	0		
11104	er	0	(mention_id=1449|references=(entity=(entity_id=entity_0001|fullname=Franz Linden|gender=m)))	(mention_id=1444|references=(entity=(entity_id=6|fullname=Franz|gender=m)))
11105	heute	0		
11106	gewesen	0		
11107	war	0		
11108	,	0		
11109	gehörte	0		
11110	sie	0	(mention_id=1450|references=(entity=(entity_id=entity_0004|fullname=Gertrud Baumhagen|gender=f)))	(mention_id=1445|references=(entity=(entity_id=12|fullname=Gertrud|gender=f)))
11111	?	0		
11112	Aber	0		
11113	zu	0		
11114	welchem	0		
11115	?	0		
11116	»	0		
11117	Denken	0		
11118	Sie	0	(mention_id=1451|references=(entity=(entity_id=entity_0001|fullname=Franz Linden|gender=m)))	(mention_id=1446|references=(entity=(entity_id=6|fullname=Franz|gender=m)))
11119	nur	0		
11120	,	0		
11121	ich	0	(mention_id=1452|references=(entity=(entity_id=entity_0004|fullname=Gertrud Baumhagen|gender=f)))	(mention_id=1447|references=(entity=(entity_id=12|fullname=Gertrud|gender=f)))
11122	weiß	0		
11123	erst	0		
11124	seit	0		
11125	heute	0		
11126	,	0		
11127	daß	0		
11128	Sie	0	(mention_id=1453|references=(entity=(entity_id=entity_0001|fullname=Franz Linden|gender=m)))	(mention_id=1448|references=(entity=(entity_id=6|fullname=Franz|gender=m)))
11129	uns	0	(mention_id=1454|references=(entity=(entity_id=entity_0010|fullname=Familie Baumhagen|gender=mf|members=entity_0004,entity_0005,entity_0006,entity_0007,entity_0008,entity_0009,entity_0015|all_members_given=True|specialcase_entity=group)))	(mention_id=1449|references=(entity=(entity_id=4|fullname=Familie Baumhagen|gender=mf|specialcase_entity=group)))
11130	so	0		
11131	nahe	0		
11132	wohnen	0		
11133	«	0		
11134	,	0		
11135	fuhr	0		
11136	sie	0	(mention_id=1455|references=(entity=(entity_id=entity_0004|fullname=Gertrud Baumhagen|gender=f)))	(mention_id=1450|references=(entity=(entity_id=12|fullname=Gertrud|gender=f)))
11137	heiter	0		
11138	fort	0		
11139	.	0		
11140	Und	0		
11141	den	0		
11142	Kleinen	0	(mention_id=1456|references=(entity=(entity_id=entity_0014|fullname=Täufling|gender=m)))	(mention_id=1451|references=(entity=(entity_id=31|fullname=Sohn von Johanne|gender=m)))
11143	der	0		
11144	Mutter	0	(mention_id=1457|references=(entity=(entity_id=entity_0012|fullname=Johanne|gender=f)))	(mention_id=1452|references=(entity=(entity_id=17|fullname=Johanne|gender=f)))
11145	übergebend	0		
11146	,	0		
11147	die	0	(mention_id=1458|references=(entity=(entity_id=entity_0012|fullname=Johanne|gender=f)))	(mention_id=1453|references=(entity=(entity_id=17|fullname=Johanne|gender=f)))
11148	eben	0		
11149	die	0		
11150	Fensterläden	0		
11151	geschlossen	0		
11152	hatte	0		
11153	,	0		
11154	setzte	0		
11155	sie	0	(mention_id=1459|references=(entity=(entity_id=entity_0004|fullname=Gertrud Baumhagen|gender=f)))	(mention_id=1454|references=(entity=(entity_id=12|fullname=Gertrud|gender=f)))
11156	hinzu	0		
11157	:	0		
11158	»	0		
11159	Ich	0	(mention_id=1460|references=(entity=(entity_id=entity_0004|fullname=Gertrud Baumhagen|gender=f)))	(mention_id=1455|references=(entity=(entity_id=12|fullname=Gertrud|gender=f)))
11160	stand	0		
11161	gerade	0		
11162	im	0		
11163	Erker	0		
11164	,	0		
11165	als	0		
11166	Sie	0	(mention_id=1461|references=(entity=(entity_id=entity_0001|fullname=Franz Linden|gender=m)))	(mention_id=1456|references=(entity=(entity_id=6|fullname=Franz|gender=m)))
11167	über	0		
11168	den	0		
11169	Markt	0		
11170	kamen	0		
11171	,	0		
11172	und	0		
11173	sah	0		
11174	,	0		
11175	wie	0		
11176	Sie	0	(mention_id=1462|references=(entity=(entity_id=entity_0001|fullname=Franz Linden|gender=m)))	(mention_id=1457|references=(entity=(entity_id=6|fullname=Franz|gender=m)))
11177	sich	0	(mention_id=1463|references=(entity=(entity_id=entity_0001|fullname=Franz Linden|gender=m)))	(mention_id=1458|references=(entity=(entity_id=6|fullname=Franz|gender=m)))
11178	nach	0		
11179	unserer	0	(mention_id=1464|references=(entity=(entity_id=entity_0010|fullname=Familie Baumhagen|gender=mf|members=entity_0004,entity_0005,entity_0006,entity_0007,entity_0008,entity_0009,entity_0015|all_members_given=True|specialcase_entity=group)))	(mention_id=1459|references=(entity=(entity_id=4|fullname=Familie Baumhagen|gender=mf|specialcase_entity=group)))
11180	Wohnung	0		
11181	erkundigten	0		
11182	.	0		
11183	«	0		
11184	»	0		
11185	So	0		
11186	habe	0		
11187	ich	0	(mention_id=1465|references=(entity=(entity_id=entity_0001|fullname=Franz Linden|gender=m)))	(mention_id=1460|references=(entity=(entity_id=6|fullname=Franz|gender=m)))
11188	die	0		
11189	Ehre	0		
11190	–	0		
11191	Fräulein	0	(mention_id=1466|references=(entity=(entity_id=entity_0004|fullname=Gertrud Baumhagen|gender=f)))	(mention_id=1461|references=(entity=(entity_id=12|fullname=Gertrud|gender=f)))
11192	Baumhagen	0	(mention_id=1466|references=(entity=(entity_id=entity_0004|fullname=Gertrud Baumhagen|gender=f)))	(mention_id=1461|references=(entity=(entity_id=12|fullname=Gertrud|gender=f)))
11193	–	0		
11194	–	0		
11195	?	0		
11196	«	0		
11197	sagte	0		
11198	er	0	(mention_id=1467|references=(entity=(entity_id=entity_0001|fullname=Franz Linden|gender=m)))	(mention_id=1462|references=(entity=(entity_id=6|fullname=Franz|gender=m)))
11199	,	0		
11200	halb	0		
11201	und	0		
11202	halb	0		
11203	peinlich	0		
11204	berührt	0		
11205	.	0		
11206	»	0		
11207	Gertrud	0	(mention_id=1468|references=(entity=(entity_id=entity_0004|fullname=Gertrud Baumhagen|gender=f)))	(mention_id=1463|references=(entity=(entity_id=12|fullname=Gertrud|gender=f)))
11208	Baumhagen	0	(mention_id=1468|references=(entity=(entity_id=entity_0004|fullname=Gertrud Baumhagen|gender=f)))	(mention_id=1463|references=(entity=(entity_id=12|fullname=Gertrud|gender=f)))
11209	«	0		
11210	,	0		
11211	bestätigte	0		
11212	sie	0	(mention_id=1469|references=(entity=(entity_id=entity_0004|fullname=Gertrud Baumhagen|gender=f)))	(mention_id=1464|references=(entity=(entity_id=12|fullname=Gertrud|gender=f)))
11213	;	0		
11214	»	0		
11215	warum	0		
11216	sehen	0		
11217	Sie	0	(mention_id=1470|references=(entity=(entity_id=entity_0001|fullname=Franz Linden|gender=m)))	(mention_id=1465|references=(entity=(entity_id=6|fullname=Franz|gender=m)))
11218	so	0		
11219	erstaunt	0		
11220	aus	0		
11221	?	0		
11222	«	0		
11223	Sie	0	(mention_id=1471|references=(entity=(entity_id=entity_0004|fullname=Gertrud Baumhagen|gender=f)))	(mention_id=1466|references=(entity=(entity_id=12|fullname=Gertrud|gender=f)))
11224	nahm	0		
11225	bei	0		
11226	diesen	0		
11227	Worten	0		
11228	ihr	0	(mention_id=1472|references=(entity=(entity_id=entity_0004|fullname=Gertrud Baumhagen|gender=f)))	(mention_id=1467|references=(entity=(entity_id=12|fullname=Gertrud|gender=f)))
11229	Mäntelchen	0		
11230	vom	0		
11231	nächsten	0		
11232	Stuhl	0		
11233	,	0		
11234	drückte	0		
11235	eine	0		
11236	kleine	0		
11237	Pelzmütze	0		
11238	auf	0		
11239	den	0		
11240	braunen	0		
11241	Scheitel	0		
11242	und	0		
11243	ergriff	0		
11244	einen	0		
11245	Muff	0		
11246	.	0		
11247	»	0		
11248	Ich	0	(mention_id=1473|references=(entity=(entity_id=entity_0004|fullname=Gertrud Baumhagen|gender=f)))	(mention_id=1468|references=(entity=(entity_id=12|fullname=Gertrud|gender=f)))
11249	muß	0		
11250	nun	0		
11251	fort	0		
11252	,	0		
11253	Johanne	0	(mention_id=1474|references=(entity=(entity_id=entity_0012|fullname=Johanne|gender=f)))	(mention_id=1469|references=(entity=(entity_id=17|fullname=Johanne|gender=f)))
11254	,	0		
11255	aber	0		
11256	ich	0	(mention_id=1475|references=(entity=(entity_id=entity_0004|fullname=Gertrud Baumhagen|gender=f)))	(mention_id=1470|references=(entity=(entity_id=12|fullname=Gertrud|gender=f)))
11257	schicke	0		
11258	dir	0	(mention_id=1476|references=(entity=(entity_id=entity_0012|fullname=Johanne|gender=f)))	(mention_id=1471|references=(entity=(entity_id=17|fullname=Johanne|gender=f)))
11259	morgen	0		
11260	den	0		
11261	Doktor	0	(mention_id=1477|references=(entity=(entity_id=entity_0120|fullname=Doktor|gender=m)))	(mention_id=1472|references=(entity=(entity_id=46|fullname=der Doktor|gender=m)))
11262	für	0		
11263	den	0		
11264	Kleinen	0	(mention_id=1478|references=(entity=(entity_id=entity_0014|fullname=Täufling|gender=m)))	(mention_id=1473|references=(entity=(entity_id=31|fullname=Sohn von Johanne|gender=m)))
11265	.	0		
11266	Sieh	0		
11267	,	0		
11268	das	0		
11269	darf	0		
11270	nicht	0		
11271	so	0		
11272	hingehen	0		
11273	,	0		
11274	du	0	(mention_id=1479|references=(entity=(entity_id=entity_0012|fullname=Johanne|gender=f)))	(mention_id=1474|references=(entity=(entity_id=17|fullname=Johanne|gender=f)))
11275	mußt	0		
11276	besser	0		
11277	darauf	0		
11278	achten	0		
11279	,	0		
11280	sonst	0		
11281	kann	0		
11282	er	0	(mention_id=1480|references=(entity=(entity_id=entity_0014|fullname=Täufling|gender=m)))	(mention_id=1475|references=(entity=(entity_id=31|fullname=Sohn von Johanne|gender=m)))
11283	lebenslang	0		
11284	schwache	0		
11285	Augen	0		
11286	behalten	0		
11287	.	0		
11288	«	0		
11289	»	0		
11290	Gestatten	0		
11291	Sie	0	(mention_id=1481|references=(entity=(entity_id=entity_0001|fullname=Franz Linden|gender=m)))	(mention_id=1476|references=(entity=(entity_id=6|fullname=Franz|gender=m)))
11292	,	0		
11293	daß	0		
11294	ich	0	(mention_id=1482|references=(entity=(entity_id=entity_0001|fullname=Franz Linden|gender=m)))	(mention_id=1477|references=(entity=(entity_id=6|fullname=Franz|gender=m)))
11295	Sie	0	(mention_id=1483|references=(entity=(entity_id=entity_0004|fullname=Gertrud Baumhagen|gender=f)))	(mention_id=1478|references=(entity=(entity_id=12|fullname=Gertrud|gender=f)))
11296	begleite	0		
11297	?	0		
11298	«	0		
11299	fragte	0		
11300	Linden	0	(mention_id=1484|references=(entity=(entity_id=entity_0001|fullname=Franz Linden|gender=m)))	(mention_id=1479|references=(entity=(entity_id=6|fullname=Franz|gender=m)))
11301	,	0		
11302	der	0	(mention_id=1485|references=(entity=(entity_id=entity_0001|fullname=Franz Linden|gender=m)))	(mention_id=1480|references=(entity=(entity_id=6|fullname=Franz|gender=m)))
11303	die	0		
11304	anmutige	0		
11305	Gestalt	0	(mention_id=1486|references=(entity=(entity_id=entity_0004|fullname=Gertrud Baumhagen|gender=f)))	
11306	nicht	0		
11307	aus	0		
11308	den	0		
11309	Augen	0		
11310	ließ	0		
11311	.	0		
11312	–	0		
11313	Das	0		
11314	war	0		
11315	also	0		
11316	Gertrud	0	(mention_id=1487|references=(entity=(entity_id=entity_0004|fullname=Gertrud Baumhagen|gender=f)))	(mention_id=1481|references=(entity=(entity_id=12|fullname=Gertrud|gender=f)))
11317	Baumhagen	0	(mention_id=1487|references=(entity=(entity_id=entity_0004|fullname=Gertrud Baumhagen|gender=f)))	(mention_id=1481|references=(entity=(entity_id=12|fullname=Gertrud|gender=f)))
11318	!	0		
11319	Sie	0	(mention_id=1488|references=(entity=(entity_id=entity_0004|fullname=Gertrud Baumhagen|gender=f)))	(mention_id=1482|references=(entity=(entity_id=12|fullname=Gertrud|gender=f)))
11320	nickte	0		
11321	.	0		
11322	»	0		
11323	Ich	0	(mention_id=1489|references=(entity=(entity_id=entity_0004|fullname=Gertrud Baumhagen|gender=f)))	(mention_id=1483|references=(entity=(entity_id=12|fullname=Gertrud|gender=f)))
11324	fürchte	0		
11325	mich	0	(mention_id=1490|references=(entity=(entity_id=entity_0004|fullname=Gertrud Baumhagen|gender=f)))	(mention_id=1484|references=(entity=(entity_id=12|fullname=Gertrud|gender=f)))
11326	zwar	0		
11327	nicht	0		
11328	,	0		
11329	aber	0		
11330	ich	0	(mention_id=1491|references=(entity=(entity_id=entity_0004|fullname=Gertrud Baumhagen|gender=f)))	(mention_id=1485|references=(entity=(entity_id=12|fullname=Gertrud|gender=f)))
11331	denke	0		
11332	,	0		
11333	Sie	0	(mention_id=1492|references=(entity=(entity_id=entity_0001|fullname=Franz Linden|gender=m)))	(mention_id=1486|references=(entity=(entity_id=6|fullname=Franz|gender=m)))
11334	finden	0		
11335	sich	0	(mention_id=1493|references=(entity=(entity_id=entity_0001|fullname=Franz Linden|gender=m)))	(mention_id=1487|references=(entity=(entity_id=6|fullname=Franz|gender=m)))
11336	niemals	0		
11337	wieder	0		
11338	aus	0		
11339	diesem	0		
11340	Labyrinth	0		
11341	von	0		
11342	Straßen	0		
11343	,	0		
11344	in	0		
11345	welches	0		
11346	die	0		
11347	gute	0		
11348	Johanne	0	(mention_id=1494|references=(entity=(entity_id=entity_0012|fullname=Johanne|gender=f)))	(mention_id=1488|references=(entity=(entity_id=17|fullname=Johanne|gender=f)))
11349	Sie	0	(mention_id=1495|references=(entity=(entity_id=entity_0001|fullname=Franz Linden|gender=m)))	(mention_id=1489|references=(entity=(entity_id=6|fullname=Franz|gender=m)))
11350	gelockt	0		
11351	hat	0		
11352	.	0		
11353	–	0		
11354	Hier	0		
11355	herum	0		
11356	ist	0		
11357	es	0		
11358	noch	0		
11359	völlig	0		
11360	die	0		
11361	alte	0		
11362	Stadt	0		
11363	.	0		
11364	Heute	0		
11365	abend	0		
11366	zwar	0		
11367	bemerken	0		
11368	Sie	0	(mention_id=1496|references=(entity=(entity_id=entity_0001|fullname=Franz Linden|gender=m)))	(mention_id=1490|references=(entity=(entity_id=6|fullname=Franz|gender=m)))
11369	nichts	0		
11370	davon	0		
11371	,	0		
11372	aber	0		
11373	am	0		
11374	Tage	0		
11375	lohnt	0		
11376	sich	0		
11377	wohl	0		
11378	ein	0		
11379	Gang	0		
11380	durch	0		
11381	diesen	0		
11382	Teil	0		
11383	.	0		
11384	Ich	0	(mention_id=1497|references=(entity=(entity_id=entity_0004|fullname=Gertrud Baumhagen|gender=f)))	(mention_id=1491|references=(entity=(entity_id=12|fullname=Gertrud|gender=f)))
11385	habe	0		
11386	die	0		
11387	Gegend	0		
11388	gern	0		
11389	,	0		
11390	obgleich	0		
11391	hier	0		
11392	nur	0		
11393	geringe	0		
11394	Leute	0	(mention_id=1498|references=(entity=(entity_id=entity_0108|fullname=Geringe Leute|gender=u)))	(mention_id=1492|references=(entity=(entity_id=generic_0026|fullname=geringe Leute im Allgemeinen|gender=u|specialcase_entity=generic)))
11395	wohnen	0		
11396	«	0		
11397	,	0		
11398	plauderte	0		
11399	sie	0	(mention_id=1499|references=(entity=(entity_id=entity_0004|fullname=Gertrud Baumhagen|gender=f)))	(mention_id=1493|references=(entity=(entity_id=12|fullname=Gertrud|gender=f)))
11400	weiter	0		
11401	,	0		
11402	indem	0		
11403	sie	0	(mention_id=1500|references=(entity=(entity_id=entity_0004|fullname=Gertrud Baumhagen|gender=f)))	(mention_id=1494|references=(entity=(entity_id=12|fullname=Gertrud|gender=f)))
11404	fest	0		
11405	und	0		
11406	sicher	0		
11407	über	0		
11408	das	0		
11409	holperige	0		
11410	Pflaster	0		
11411	schritt	0		
11412	.	0		
11413	»	0		
11414	Sehen	0		
11415	Sie	0	(mention_id=1501|references=(entity=(entity_id=entity_0001|fullname=Franz Linden|gender=m)))	(mention_id=1495|references=(entity=(entity_id=6|fullname=Franz|gender=m)))
11416	dort	0		
11417	unten	0		
11418	an	0		
11419	der	0		
11420	Ecke	0		
11421	das	0		
11422	Haus	0		
11423	mit	0		
11424	vorgebauten	0		
11425	Sandsteintreppen	0		
11426	und	0		
11427	der	0		
11428	Bank	0		
11429	unter	0		
11430	dem	0		
11431	kahlen	0		
11432	Baume	0		
11433	?	0		
11434	Aus	0		
11435	dem	0		
11436	Hause	0		
11437	stammt	0		
11438	meine	0	(mention_id=1502|references=(entity=(entity_id=entity_0004|fullname=Gertrud Baumhagen|gender=f)))	(mention_id=1496|references=(entity=(entity_id=12|fullname=Gertrud|gender=f)))
11439	Großmutter	0	(mention_id=1503|references=(entity=(entity_id=entity_0016|fullname=Großmutter von Trudchen Baumhagen|gender=f)))	(mention_id=1497|references=(entity=(entity_id=63|fullname=die Großmutter|gender=f)))
11440	,	0		
11441	und	0		
11442	der	0		
11443	Baum	0		
11444	ist	0		
11445	ein	0		
11446	Holunderstock	0		
11447	.	0		
11448	Großvater	0	(mention_id=1504|references=(entity=(entity_id=entity_0082|fullname=Großvater von Trudchen Baumhagen|gender=m)))	(mention_id=1498|references=(entity=(entity_id=47|fullname=der Großvater|gender=m)))
11449	hat	0		
11450	sich	0	(mention_id=1505|references=(entity=(entity_id=entity_0082|fullname=Großvater von Trudchen Baumhagen|gender=m)))	(mention_id=1499|references=(entity=(entity_id=47|fullname=der Großvater|gender=m)))
11451	in	0		
11452	sie	0	(mention_id=1506|references=(entity=(entity_id=entity_0016|fullname=Großmutter von Trudchen Baumhagen|gender=f)))	(mention_id=1500|references=(entity=(entity_id=63|fullname=die Großmutter|gender=f)))
11453	verliebt	0		
11454	,	0		
11455	als	0		
11456	sie	0	(mention_id=1507|references=(entity=(entity_id=entity_0016|fullname=Großmutter von Trudchen Baumhagen|gender=f)))	(mention_id=1501|references=(entity=(entity_id=63|fullname=die Großmutter|gender=f)))
11457	eines	0		
11458	Abends	0		
11459	auf	0		
11460	dem	0		
11461	Bänkchen	0		
11462	dort	0		
11463	saß	0		
11464	und	0		
11465	ihr	0	(mention_id=1508|references=(entity=(entity_id=entity_0016|fullname=Großmutter von Trudchen Baumhagen|gender=f)))	(mention_id=1502|references=(entity=(entity_id=63|fullname=die Großmutter|gender=f)))
11466	jüngstes	0		
11467	Brüderchen	0	(mention_id=1509|references=(entity=(entity_id=entity_0107|fullname=Brüderchen der Großmutter von Trudchen Baumhagen|gender=m)))	(mention_id=1503|references=(entity=(entity_id=39|fullname=das Brüderchen|gender=m)))
11468	wiegte	0		
11469	.	0		
11470	Sie	0	(mention_id=1510|references=(entity=(entity_id=entity_0016|fullname=Großmutter von Trudchen Baumhagen|gender=f)))	(mention_id=1504|references=(entity=(entity_id=63|fullname=die Großmutter|gender=f)))
11471	hat	0		
11472	es	0		
11473	mir	0	(mention_id=1511|references=(entity=(entity_id=entity_0004|fullname=Gertrud Baumhagen|gender=f)))	(mention_id=1505|references=(entity=(entity_id=12|fullname=Gertrud|gender=f)))
11474	oft	0		
11475	erzählt	0		
11476	.	0		
11477	Der	0		
11478	Holunder	0		
11479	habe	0		
11480	gerade	0		
11481	geblüht	0		
11482	,	0		
11483	und	0		
11484	sie	0	(mention_id=1512|references=(entity=(entity_id=entity_0016|fullname=Großmutter von Trudchen Baumhagen|gender=f)))	(mention_id=1506|references=(entity=(entity_id=63|fullname=die Großmutter|gender=f)))
11485	sei	0		
11486	achtzehn	0		
11487	Jahre	0		
11488	alt	0		
11489	gewesen	0		
11490	.	0		
11491	–	0		
11492	Ist	0		
11493	es	0		
11494	nicht	0		
11495	ein	0		
11496	Stückchen	0		
11497	echter	0		
11498	Poesie	0		
11499	?	0		
11500	«	0		
11501	Dann	0		
11502	lachte	0		
11503	sie	0	(mention_id=1513|references=(entity=(entity_id=entity_0004|fullname=Gertrud Baumhagen|gender=f)))	(mention_id=1507|references=(entity=(entity_id=12|fullname=Gertrud|gender=f)))
11504	leise	0		
11505	.	0		
11506	»	0		
11507	Aber	0		
11508	ich	0	(mention_id=1514|references=(entity=(entity_id=entity_0004|fullname=Gertrud Baumhagen|gender=f)))	(mention_id=1508|references=(entity=(entity_id=12|fullname=Gertrud|gender=f)))
11509	erzähle	0		
11510	Ihnen	0	(mention_id=1515|references=(entity=(entity_id=entity_0001|fullname=Franz Linden|gender=m)))	(mention_id=1509|references=(entity=(entity_id=6|fullname=Franz|gender=m)))
11511	da	0		
11512	so	0		
11513	viel	0		
11514	,	0		
11515	und	0		
11516	weiß	0		
11517	gar	0		
11518	nicht	0		
11519	,	0		
11520	wie	0		
11521	Sie	0	(mention_id=1516|references=(entity=(entity_id=entity_0001|fullname=Franz Linden|gender=m)))	(mention_id=1510|references=(entity=(entity_id=6|fullname=Franz|gender=m)))
11522	über	0		
11523	solche	0		
11524	Sachen	0		
11525	denken	0		
11526	?	0		
11527	«	0		
11528	Sie	0	(mention_id=1517|references=(entity=(entity_id=entity_0004|fullname=Gertrud Baumhagen|gender=f)))	(mention_id=1511|references=(entity=(entity_id=6|fullname=Franz|gender=m)),(entity=(entity_id=12|fullname=Gertrud|gender=f)))
11529	waren	0		
11530	gerade	0		
11531	vor	0		
11532	dem	0		
11533	schmalen	0		
11534	Hause	0		
11535	mit	0		
11536	dem	0		
11537	Holunderstock	0		
11538	angekommen	0		
11539	.	0		
11540	Er	0	(mention_id=1518|references=(entity=(entity_id=entity_0001|fullname=Franz Linden|gender=m)))	(mention_id=1512|references=(entity=(entity_id=6|fullname=Franz|gender=m)))
11541	blieb	0		
11542	stehen	0		
11543	und	0		
11544	sah	0		
11545	empor	0		
11546	.	0		
11547	Sie	0	(mention_id=1519|references=(entity=(entity_id=entity_0004|fullname=Gertrud Baumhagen|gender=f)))	(mention_id=1513|references=(entity=(entity_id=12|fullname=Gertrud|gender=f)))
11548	bemerkte	0		
11549	es	0		
11550	und	0		
11551	sagte	0		
11552	:	0		
11553	»	0		
11554	Ich	0	(mention_id=1520|references=(entity=(entity_id=entity_0004|fullname=Gertrud Baumhagen|gender=f)))	(mention_id=1514|references=(entity=(entity_id=12|fullname=Gertrud|gender=f)))
11555	kann	0		
11556	nie	0		
11557	vorübergehen	0		
11558	,	0		
11559	ohne	0		
11560	daß	0		
11561	mir	0	(mention_id=1521|references=(entity=(entity_id=entity_0004|fullname=Gertrud Baumhagen|gender=f)))	(mention_id=1515|references=(entity=(entity_id=12|fullname=Gertrud|gender=f)))
11562	ein	0		
11563	guter	0		
11564	Gedanke	0		
11565	kommt	0		
11566	,	0		
11567	eine	0		
11568	traute	0		
11569	Erinnerung	0		
11570	.	0		
11571	Eine	0		
11572	herzliebere	0		
11573	Großmutter	0	(mention_id=1522|references=(entity=(entity_id=entity_0016|fullname=Großmutter von Trudchen Baumhagen|gender=f)))	(mention_id=1516|references=(entity=(entity_id=63|fullname=die Großmutter|gender=f)))
11574	gab	0		
11575	es	0		
11576	nicht	0		
11577	,	0		
11578	so	0		
11579	einfach	0		
11580	und	0		
11581	so	0		
11582	gut	0		
11583	.	0		
11584	«	0		
11585	–	0		
11586	Und	0		
11587	als	0		
11588	er	0	(mention_id=1523|references=(entity=(entity_id=entity_0001|fullname=Franz Linden|gender=m)))	(mention_id=1517|references=(entity=(entity_id=6|fullname=Franz|gender=m)))
11589	schwieg	0		
11590	,	0		
11591	setzte	0		
11592	sie	0	(mention_id=1524|references=(entity=(entity_id=entity_0004|fullname=Gertrud Baumhagen|gender=f)))	(mention_id=1518|references=(entity=(entity_id=12|fullname=Gertrud|gender=f)))
11593	wie	0		
11594	erläuternd	0		
11595	hinzu	0		
11596	:	0		
11597	»	0		
11598	Sie	0	(mention_id=1525|references=(entity=(entity_id=entity_0016|fullname=Großmutter von Trudchen Baumhagen|gender=f)))	(mention_id=1519|references=(entity=(entity_id=63|fullname=die Großmutter|gender=f)))
11599	war	0		
11600	eine	0		
11601	Enkelin	0	(mention_id=1526|references=(entity=(entity_id=entity_0016|fullname=Großmutter von Trudchen Baumhagen|gender=f)))	(mention_id=1520|references=(entity=(entity_id=63|fullname=die Großmutter|gender=f)))
11602	des	0		
11603	Werkmeisters	0	(mention_id=1527|references=(entity=(entity_id=entity_0144|fullname=Werkmeister im Baumhag'schen Betrieb|gender=m)))	(mention_id=1521|references=(entity=(entity_id=58|fullname=der Werkmeister|gender=m)))
11604	in	0		
11605	Großvaters	0	(mention_id=1528|references=(entity=(entity_id=entity_0082|fullname=Großvater von Trudchen Baumhagen|gender=m)))	(mention_id=1522|references=(entity=(entity_id=47|fullname=der Großvater|gender=m)))
11606	Fabrik	0		
11607	.	0		
11608	«	0		
11609	Er	0	(mention_id=1529|references=(entity=(entity_id=entity_0001|fullname=Franz Linden|gender=m)))	(mention_id=1523|references=(entity=(entity_id=6|fullname=Franz|gender=m)))
11610	fand	0		
11611	noch	0		
11612	immer	0		
11613	kein	0		
11614	Wort	0		
11615	,	0		
11616	und	0		
11617	irgendeine	0		
11618	banale	0		
11619	Phrase	0		
11620	hätte	0		
11621	er	0	(mention_id=1530|references=(entity=(entity_id=entity_0001|fullname=Franz Linden|gender=m)))	(mention_id=1524|references=(entity=(entity_id=6|fullname=Franz|gender=m)))
11622	nicht	0		
11623	aussprechen	0		
11624	können	0		
11625	.	0		
11626	Auch	0		
11627	sie	0	(mention_id=1531|references=(entity=(entity_id=entity_0004|fullname=Gertrud Baumhagen|gender=f)))	(mention_id=1525|references=(entity=(entity_id=12|fullname=Gertrud|gender=f)))
11628	blieb	0		
11629	ein	0		
11630	Weilchen	0		
11631	stumm	0		
11632	.	0		
11633	»	0		
11634	Darf	0		
11635	ich	0	(mention_id=1532|references=(entity=(entity_id=entity_0004|fullname=Gertrud Baumhagen|gender=f)))	(mention_id=1526|references=(entity=(entity_id=12|fullname=Gertrud|gender=f)))
11636	Sie	0	(mention_id=1533|references=(entity=(entity_id=entity_0001|fullname=Franz Linden|gender=m)))	(mention_id=1527|references=(entity=(entity_id=6|fullname=Franz|gender=m)))
11637	bitten	0		
11638	«	0		
11639	,	0		
11640	begann	0		
11641	sie	0	(mention_id=1534|references=(entity=(entity_id=entity_0004|fullname=Gertrud Baumhagen|gender=f)))	(mention_id=1528|references=(entity=(entity_id=12|fullname=Gertrud|gender=f)))
11642	dann	0		
11643	,	0		
11644	»	0		
11645	dem	0		
11646	Kleinen	0	(mention_id=1535|references=(entity=(entity_id=entity_0014|fullname=Täufling|gender=m)))	(mention_id=1529|references=(entity=(entity_id=31|fullname=Sohn von Johanne|gender=m)))
11647	nicht	0		
11648	allzu	0		
11649	große	0		
11650	Geschenke	0		
11651	zu	0		
11652	machen	0		
11653	.	0		
11654	Es	0		
11655	sind	0		
11656	einfache	0		
11657	Leute	0	(mention_id=1536|references=(entity=(entity_id=entity_0099|fullname=Johanne und ihre Familie|gender=u)))	(mention_id=1530|references=(entity=(entity_id=generic_0027|fullname=einfache Leute im Allgemeinen|gender=u|specialcase_entity=generic)))
11658	,	0		
11659	man	0		
11660	kann	0		
11661	sie	0	(mention_id=1537|references=(entity=(entity_id=entity_0099|fullname=Johanne und ihre Familie|gender=u)))	(mention_id=1531|references=(entity=(entity_id=generic_0028|fullname=einfache Leute im Allgemeinen|gender=u|specialcase_entity=generic)))
11662	zu	0		
11663	leicht	0		
11664	verwöhnen	0		
11665	.	0		
11666	«	0		
11667	Er	0	(mention_id=1538|references=(entity=(entity_id=entity_0001|fullname=Franz Linden|gender=m)))	(mention_id=1532|references=(entity=(entity_id=6|fullname=Franz|gender=m)))
11668	stimmte	0		
11669	zu	0		
11670	.	0		
11671	»	0		
11672	Unsereiner	0	(mention_id=1539|references=(entity=(entity_id=entity_0001|fullname=Franz Linden|gender=m)))	(mention_id=1533|references=(entity=(entity_id=6|fullname=Franz|gender=m)))
11673	ist	0		
11674	darin	0		
11675	so	0		
11676	unpraktisch	0		
11677	«	0		
11678	,	0		
11679	entschuldigte	0		
11680	er	0	(mention_id=1540|references=(entity=(entity_id=entity_0001|fullname=Franz Linden|gender=m)))	(mention_id=1534|references=(entity=(entity_id=6|fullname=Franz|gender=m)))
11681	;	0		
11682	»	0		
11683	ich	0	(mention_id=1541|references=(entity=(entity_id=entity_0001|fullname=Franz Linden|gender=m)))	(mention_id=1535|references=(entity=(entity_id=6|fullname=Franz|gender=m)))
11684	wußte	0		
11685	nicht	0		
11686	recht	0		
11687	,	0		
11688	was	0		
11689	ich	0	(mention_id=1542|references=(entity=(entity_id=entity_0001|fullname=Franz Linden|gender=m)))	(mention_id=1536|references=(entity=(entity_id=6|fullname=Franz|gender=m)))
11690	nun	0		
11691	zu	0		
11692	tun	0		
11693	habe	0		
11694	,	0		
11695	nachdem	0		
11696	ich	0	(mention_id=1543|references=(entity=(entity_id=entity_0001|fullname=Franz Linden|gender=m)))	(mention_id=1537|references=(entity=(entity_id=6|fullname=Franz|gender=m)))
11697	mich	0	(mention_id=1544|references=(entity=(entity_id=entity_0001|fullname=Franz Linden|gender=m)))	(mention_id=1538|references=(entity=(entity_id=6|fullname=Franz|gender=m)))
11698	zudringlicherweise	0		
11699	zum	0		
11700	Paten	0	(mention_id=1545|references=(entity=(entity_id=entity_0001|fullname=Franz Linden|gender=m)))	(mention_id=1539|references=(entity=(entity_id=6|fullname=Franz|gender=m)))
11701	angeboten	0		
11702	hatte	0		
11703	!	0		
11704	«	0		
11705	»	0		
11706	Das	0		
11707	war	0		
11708	keine	0		
11709	Zudringlichkeit	0		
11710	,	0		
11711	das	0		
11712	war	0		
11713	Menschenliebe	0		
11714	,	0		
11715	Herr	0	(mention_id=1546|references=(entity=(entity_id=entity_0001|fullname=Franz Linden|gender=m)))	(mention_id=1540|references=(entity=(entity_id=6|fullname=Franz|gender=m)))
11716	Linden	0	(mention_id=1546|references=(entity=(entity_id=entity_0001|fullname=Franz Linden|gender=m)))	(mention_id=1540|references=(entity=(entity_id=6|fullname=Franz|gender=m)))
11717	.	0		
11718	«	0		
11719	»	0		
11720	Gerade	0		
11721	in	0		
11722	Ihren	0	(mention_id=1547|references=(entity=(entity_id=entity_0004|fullname=Gertrud Baumhagen|gender=f)))	(mention_id=1541|references=(entity=(entity_id=12|fullname=Gertrud|gender=f)))
11723	Augen	0		
11724	glaubte	0		
11725	ich	0	(mention_id=1548|references=(entity=(entity_id=entity_0001|fullname=Franz Linden|gender=m)))	(mention_id=1542|references=(entity=(entity_id=6|fullname=Franz|gender=m)))
11726	etwas	0		
11727	zu	0		
11728	rasch	0		
11729	–	0		
11730	zu	0		
11731	–	0		
11732	–	0		
11733	«	0		
11734	er	0	(mention_id=1549|references=(entity=(entity_id=entity_0001|fullname=Franz Linden|gender=m)))	(mention_id=1543|references=(entity=(entity_id=6|fullname=Franz|gender=m)))
11735	stockte	0		
11736	.	0		
11737	»	0		
11738	O	0		
11739	nein	0		
11740	,	0		
11741	nein	0		
11742	«	0		
11743	,	0		
11744	unterbrach	0		
11745	sie	0	(mention_id=1550|references=(entity=(entity_id=entity_0004|fullname=Gertrud Baumhagen|gender=f)))	(mention_id=1544|references=(entity=(entity_id=12|fullname=Gertrud|gender=f)))
11746	ihn	0	(mention_id=1551|references=(entity=(entity_id=entity_0001|fullname=Franz Linden|gender=m)))	(mention_id=1545|references=(entity=(entity_id=6|fullname=Franz|gender=m)))
11747	ernst	0		
11748	,	0		
11749	»	0		
11750	was	0		
11751	denken	0		
11752	Sie	0	(mention_id=1552|references=(entity=(entity_id=entity_0001|fullname=Franz Linden|gender=m)))	(mention_id=1546|references=(entity=(entity_id=6|fullname=Franz|gender=m)))
11753	von	0		
11754	mir	0	(mention_id=1553|references=(entity=(entity_id=entity_0004|fullname=Gertrud Baumhagen|gender=f)))	(mention_id=1547|references=(entity=(entity_id=12|fullname=Gertrud|gender=f)))
11755	!	0		
11756	Ich	0	(mention_id=1554|references=(entity=(entity_id=entity_0004|fullname=Gertrud Baumhagen|gender=f)))	(mention_id=1548|references=(entity=(entity_id=12|fullname=Gertrud|gender=f)))
11757	kann	0		
11758	gar	0		
11759	wohl	0		
11760	unterscheiden	0		
11761	,	0		
11762	was	0		
11763	echt	0		
11764	und	0		
11765	unecht	0		
11766	ist	0		
11767	.	0		
11768	Es	0		
11769	hat	0		
11770	mich	0	(mention_id=1555|references=(entity=(entity_id=entity_0004|fullname=Gertrud Baumhagen|gender=f)))	(mention_id=1549|references=(entity=(entity_id=12|fullname=Gertrud|gender=f)))
11771	ehrlich	0		
11772	gefreut	0		
11773	«	0		
11774	,	0		
11775	klang	0		
11776	es	0		
11777	zögernd	0		
11778	nach	0		
11779	.	0		
11780	»	0		
11781	Ich	0	(mention_id=1556|references=(entity=(entity_id=entity_0004|fullname=Gertrud Baumhagen|gender=f)))	(mention_id=1550|references=(entity=(entity_id=6|fullname=Franz|gender=m)))
11782	danke	0		
11783	Ihnen	0	(mention_id=1557|references=(entity=(entity_id=entity_0001|fullname=Franz Linden|gender=m)))	(mention_id=1551|references=(entity=(entity_id=12|fullname=Gertrud|gender=f)))
11784	«	0		
11785	,	0		
11786	sagte	0		
11787	er	0	(mention_id=1558|references=(entity=(entity_id=entity_0001|fullname=Franz Linden|gender=m)))	(mention_id=1552|references=(entity=(entity_id=6|fullname=Franz|gender=m)))
11788	.	0		
11789	Und	0		
11790	nun	0		
11791	schritten	0		
11792	sie	0	(mention_id=1559|references=(entity=(entity_id=entity_0004|fullname=Gertrud Baumhagen|gender=f)),(entity=(entity_id=entity_0001|fullname=Franz Linden|gender=m)))	(mention_id=1553|references=(entity=(entity_id=6|fullname=Franz|gender=m)),(entity=(entity_id=12|fullname=Gertrud|gender=f)))
11793	schweigend	0		
11794	weiter	0		
11795	durch	0		
11796	die	0		
11797	Straßen	0		
11798	.	0		
11799	Vor	0		
11800	einem	0		
11801	Blumenladen	0		
11802	,	0		
11803	hinter	0		
11804	dessen	0		
11805	großen	0		
11806	Spiegelscheiben	0		
11807	ein	0		
11808	lockender	0		
11809	Flor	0		
11810	von	0		
11811	Rosen	0		
11812	,	0		
11813	Veilchen	0		
11814	und	0		
11815	Kamelien	0		
11816	glühte	0		
11817	,	0		
11818	blieb	0		
11819	Trudchen	0	(mention_id=1560|references=(entity=(entity_id=entity_0004|fullname=Gertrud Baumhagen|gender=f)))	(mention_id=1554|references=(entity=(entity_id=12|fullname=Gertrud|gender=f)))
11820	Baumhagen	0	(mention_id=1560|references=(entity=(entity_id=entity_0004|fullname=Gertrud Baumhagen|gender=f)))	(mention_id=1554|references=(entity=(entity_id=12|fullname=Gertrud|gender=f)))
11821	stehen	0		
11822	.	0		
11823	»	0		
11824	Hier	0		
11825	trennen	0		
11826	sich	0		
11827	unsere	0	(mention_id=1561|references=(entity=(entity_id=entity_0004|fullname=Gertrud Baumhagen|gender=f)),(entity=(entity_id=entity_0001|fullname=Franz Linden|gender=m)))	(mention_id=1555|references=(entity=(entity_id=6|fullname=Franz|gender=m)),(entity=(entity_id=12|fullname=Gertrud|gender=f)))
11828	Wege	0		
11829	«	0		
11830	,	0		
11831	sagte	0		
11832	sie	0	(mention_id=1562|references=(entity=(entity_id=entity_0004|fullname=Gertrud Baumhagen|gender=f)))	(mention_id=1556|references=(entity=(entity_id=12|fullname=Gertrud|gender=f)))
11833	und	0		
11834	reichte	0		
11835	ihm	0	(mention_id=1563|references=(entity=(entity_id=entity_0001|fullname=Franz Linden|gender=m)))	(mention_id=1557|references=(entity=(entity_id=6|fullname=Franz|gender=m)))
11836	die	0		
11837	Hand	0		
11838	;	0		
11839	»	0		
11840	ich	0	(mention_id=1564|references=(entity=(entity_id=entity_0004|fullname=Gertrud Baumhagen|gender=f)))	(mention_id=1558|references=(entity=(entity_id=12|fullname=Gertrud|gender=f)))
11841	habe	0		
11842	hier	0		
11843	drinnen	0		
11844	zu	0		
11845	tun	0		
11846	.	0		
11847	Leben	0		
11848	Sie	0	(mention_id=1565|references=(entity=(entity_id=entity_0001|fullname=Franz Linden|gender=m)))	(mention_id=1559|references=(entity=(entity_id=6|fullname=Franz|gender=m)))
11849	wohl	0		
11850	,	0		
11851	Herr	0	(mention_id=1566|references=(entity=(entity_id=entity_0001|fullname=Franz Linden|gender=m)))	(mention_id=1560|references=(entity=(entity_id=6|fullname=Franz|gender=m)))
11852	–	0		(mention_id=1560|references=(entity=(entity_id=6|fullname=Franz|gender=m)))
11853	Gevatter	0	(mention_id=1567|references=(entity=(entity_id=entity_0001|fullname=Franz Linden|gender=m)|specialcase_reference=figurative))	(mention_id=1560|references=(entity=(entity_id=6|fullname=Franz|gender=m)))
11854	!	0		
11855	«	0		
11856	Er	0	(mention_id=1568|references=(entity=(entity_id=entity_0001|fullname=Franz Linden|gender=m)))	(mention_id=1561|references=(entity=(entity_id=6|fullname=Franz|gender=m)))
11857	hatte	0		
11858	den	0		
11859	Hut	0		
11860	abgenommen	0		
11861	und	0		
11862	ihre	0	(mention_id=1569|references=(entity=(entity_id=entity_0004|fullname=Gertrud Baumhagen|gender=f)))	(mention_id=1562|references=(entity=(entity_id=12|fullname=Gertrud|gender=f)))
11863	Rechte	0		
11864	ergriffen	0		
11865	.	0		
11866	»	0		
11867	Leben	0		
11868	Sie	0	(mention_id=1570|references=(entity=(entity_id=entity_0004|fullname=Gertrud Baumhagen|gender=f)))	(mention_id=1563|references=(entity=(entity_id=6|fullname=Franz|gender=m)))
11869	wohl	0		
11870	,	0		
11871	gnädiges	0		
11872	Fräulein	0	(mention_id=1571|references=(entity=(entity_id=entity_0004|fullname=Gertrud Baumhagen|gender=f)))	(mention_id=1564|references=(entity=(entity_id=12|fullname=Gertrud|gender=f)))
11873	.	0		
11874	«	0		
11875	Und	0		
11876	zögernd	0		
11877	fragte	0		
11878	er	0	(mention_id=1572|references=(entity=(entity_id=entity_0001|fullname=Franz Linden|gender=m)))	(mention_id=1565|references=(entity=(entity_id=6|fullname=Franz|gender=m)))
11879	noch	0		
11880	:	0		
11881	»	0		
11882	Sie	0	(mention_id=1573|references=(entity=(entity_id=entity_0004|fullname=Gertrud Baumhagen|gender=f)))	(mention_id=1566|references=(entity=(entity_id=12|fullname=Gertrud|gender=f)))
11883	sind	0		
11884	auch	0		
11885	beim	0		
11886	heutigen	0		
11887	Fest	0		
11888	?	0		
11889	«	0		
11890	»	0		
11891	Ja	0		
11892	«	0		
11893	,	0		
11894	nickte	0		
11895	sie	0	(mention_id=1574|references=(entity=(entity_id=entity_0004|fullname=Gertrud Baumhagen|gender=f)))	(mention_id=1567|references=(entity=(entity_id=12|fullname=Gertrud|gender=f)))
11896	,	0		
11897	»	0		
11898	auf	0		
11899	höheren	0		
11900	Wunsch	0		
11901	«	0		
11902	,	0		
11903	und	0		
11904	ihre	0	(mention_id=1575|references=(entity=(entity_id=entity_0004|fullname=Gertrud Baumhagen|gender=f)))	(mention_id=1568|references=(entity=(entity_id=12|fullname=Gertrud|gender=f)))
11905	blauen	0		
11906	Augen	0		
11907	schauten	0		
11908	ihn	0	(mention_id=1576|references=(entity=(entity_id=entity_0001|fullname=Franz Linden|gender=m)))	(mention_id=1569|references=(entity=(entity_id=6|fullname=Franz|gender=m)))
11909	still	0		
11910	an	0		
11911	.	0		
11912	Es	0		
11913	war	0		
11914	nichts	0		
11915	darin	0		
11916	zu	0		
11917	lesen	0		
11918	von	0		
11919	Jugendlust	0		
11920	und	0		
11921	freudiger	0		
11922	Erwartung	0		
11923	.	0		
11924	»	0		
11925	Mama	0	(mention_id=1577|references=(entity=(entity_id=entity_0005|fullname=Ottilie Baumhagen|gender=f)))	(mention_id=1570|references=(entity=(entity_id=7|fullname=Frau Baumhagen|gender=f)))
11926	wäre	0		
11927	untröstlich	0		
11928	,	0		
11929	hätte	0		
11930	ich	0	(mention_id=1578|references=(entity=(entity_id=entity_0004|fullname=Gertrud Baumhagen|gender=f)))	(mention_id=1571|references=(entity=(entity_id=12|fullname=Gertrud|gender=f)))
11931	mich	0	(mention_id=1579|references=(entity=(entity_id=entity_0004|fullname=Gertrud Baumhagen|gender=f)))	(mention_id=1572|references=(entity=(entity_id=12|fullname=Gertrud|gender=f)))
11932	ausgeschlossen	0		
11933	.	0		
11934	Gute	0		
11935	Nacht	0		
11936	,	0		
11937	Herr	0	(mention_id=1580|references=(entity=(entity_id=entity_0001|fullname=Franz Linden|gender=m)))	(mention_id=1573|references=(entity=(entity_id=6|fullname=Franz|gender=m)))
11938	Linden	0	(mention_id=1580|references=(entity=(entity_id=entity_0001|fullname=Franz Linden|gender=m)))	(mention_id=1573|references=(entity=(entity_id=6|fullname=Franz|gender=m)))
11939	!	0		
11940	«	0		
11941	Der	0		
11942	junge	0		
11943	Mann	0	(mention_id=1581|references=(entity=(entity_id=entity_0001|fullname=Franz Linden|gender=m)))	(mention_id=1574|references=(entity=(entity_id=6|fullname=Franz|gender=m)))
11944	blieb	0		
11945	draußen	0		
11946	,	0		
11947	während	0		
11948	sie	0	(mention_id=1582|references=(entity=(entity_id=entity_0004|fullname=Gertrud Baumhagen|gender=f)))	(mention_id=1575|references=(entity=(entity_id=12|fullname=Gertrud|gender=f)))
11949	hinter	0		
11950	der	0		
11951	Ladentür	0		
11952	verschwand	0		
11953	.	0		
11954	Einen	0		
11955	Moment	0		
11956	wartete	0		
11957	er	0	(mention_id=1583|references=(entity=(entity_id=entity_0001|fullname=Franz Linden|gender=m)))	(mention_id=1576|references=(entity=(entity_id=6|fullname=Franz|gender=m)))
11958	noch	0		
11959	,	0		
11960	dann	0		
11961	ging	0		
11962	er	0	(mention_id=1584|references=(entity=(entity_id=entity_0001|fullname=Franz Linden|gender=m)))	(mention_id=1577|references=(entity=(entity_id=6|fullname=Franz|gender=m)))
11963	weiter	0		
11964	.	0		
11965	Also	0		
11966	das	0		
11967	war	0		
11968	Gertrud	0	(mention_id=1585|references=(entity=(entity_id=entity_0004|fullname=Gertrud Baumhagen|gender=f)))	(mention_id=1578|references=(entity=(entity_id=12|fullname=Gertrud|gender=f)))
11969	Baumhagen	0	(mention_id=1585|references=(entity=(entity_id=entity_0004|fullname=Gertrud Baumhagen|gender=f)))	(mention_id=1578|references=(entity=(entity_id=12|fullname=Gertrud|gender=f)))
11970	!	0		
11971	Es	0		
11972	berührte	0		
11973	ihn	0	(mention_id=1586|references=(entity=(entity_id=entity_0001|fullname=Franz Linden|gender=m)))	(mention_id=1579|references=(entity=(entity_id=6|fullname=Franz|gender=m)))
11974	förmlich	0		
11975	unangenehm	0		
11976	,	0		
11977	daß	0		
11978	sie	0	(mention_id=1587|references=(entity=(entity_id=entity_0004|fullname=Gertrud Baumhagen|gender=f)))	(mention_id=1580|references=(entity=(entity_id=12|fullname=Gertrud|gender=f)))
11979	so	0		
11980	hieß	0		
11981	,	0		
11982	er	0	(mention_id=1588|references=(entity=(entity_id=entity_0001|fullname=Franz Linden|gender=m)))	(mention_id=1581|references=(entity=(entity_id=6|fullname=Franz|gender=m)))
11983	hatte	0		
11984	von	0		
11985	vornherein	0		
11986	ein	0		
11987	Vorurteil	0		
11988	gefaßt	0		
11989	gegen	0		
11990	diesen	0		
11991	Namen	0		
11992	,	0		
11993	er	0		
11994	war	0		
11995	ihm	0	(mention_id=1589|references=(entity=(entity_id=entity_0001|fullname=Franz Linden|gender=m)))	(mention_id=1582|references=(entity=(entity_id=6|fullname=Franz|gender=m)))
11996	gleichbedeutend	0		
11997	mit	0		
11998	kleinstädtischem	0		
11999	Protzentum	0		
12000	.	0		
12001	Die	0		
12002	Unterhaltung	0		
12003	an	0		
12004	der	0		
12005	Wirtstafel	0		
12006	kam	0		
12007	ihm	0	(mention_id=1590|references=(entity=(entity_id=entity_0001|fullname=Franz Linden|gender=m)))	(mention_id=1583|references=(entity=(entity_id=6|fullname=Franz|gender=m)))
12008	in	0		
12009	Erinnerung	0		
12010	.	0		
12011	Er	0	(mention_id=1591|references=(entity=(entity_id=entity_0001|fullname=Franz Linden|gender=m)))	(mention_id=1584|references=(entity=(entity_id=6|fullname=Franz|gender=m)))
12012	hatte	0		
12013	sich	0	(mention_id=1592|references=(entity=(entity_id=entity_0001|fullname=Franz Linden|gender=m)))	(mention_id=1585|references=(entity=(entity_id=6|fullname=Franz|gender=m)))
12014	eine	0		
12015	schnippische	0		
12016	,	0		
12017	helle	0		
12018	Blondine	0	(mention_id=1593|references=(entity=(entity_id=entity_0083|fullname=Blondine|gender=f|specialcase_entity=nonfact)))	(mention_id=1586|references=(entity=(entity_id=89|fullname=hypothetische Blondine|gender=f|specialcase_entity=nonfact)))
12019	vorgestellt	0		
12020	,	0		
12021	die	0	(mention_id=1594|references=(entity=(entity_id=entity_0083|fullname=Blondine|gender=f|specialcase_entity=nonfact)))	(mention_id=1587|references=(entity=(entity_id=89|fullname=hypothetische Blondine|gender=f|specialcase_entity=nonfact)))
12022	den	0		
12023	Vorzug	0		
12024	,	0		
12025	eine	0		(mention_id=1588|references=(entity=(entity_id=89|fullname=hypothetische Blondine|gender=f|specialcase_entity=nonfact)))
12026	Baumhagen	0	(mention_id=1595|references=(entity=(entity_id=entity_0004|fullname=Gertrud Baumhagen|gender=f)))	(mention_id=1589|references=(entity=(entity_id=89|fullname=hypothetische Blondine|gender=f|specialcase_entity=nonfact)))
12027	zu	0		
12028	sein	0		
12029	und	0		
12030	das	0		
12031	reichste	0		
12032	Mädchen	0	(mention_id=1596|references=(entity=(entity_id=entity_0004|fullname=Gertrud Baumhagen|gender=f)))	(mention_id=1590|references=(entity=(entity_id=89|fullname=hypothetische Blondine|gender=f|specialcase_entity=nonfact)))
12033	der	0		
12034	Stadt	0		
12035	,	0		
12036	in	0		
12037	allerhand	0		
12038	vagen	0		
12039	Launen	0		
12040	an	0		
12041	ihren	0	(mention_id=1597|references=(entity=(entity_id=entity_0083|fullname=Blondine|gender=f|specialcase_entity=nonfact)))	(mention_id=1591|references=(entity=(entity_id=89|fullname=hypothetische Blondine|gender=f|specialcase_entity=nonfact)))
12042	Verehrern	0	(mention_id=1598|references=(entity=(entity_id=entity_0143|fullname=Verehrer der Blondine|gender=m)))	(mention_id=1592|references=(entity=(entity_id=91|fullname=hypothetische Verehrer|gender=m|specialcase_entity=nonfact)))
12043	auszulassen	0		
12044	pflegte	0		
12045	.	0		
12046	Nun	0		
12047	fand	0		
12048	er	0	(mention_id=1599|references=(entity=(entity_id=entity_0001|fullname=Franz Linden|gender=m)))	(mention_id=1593|references=(entity=(entity_id=6|fullname=Franz|gender=m)))
12049	das	0		
12050	Trudchen	0	(mention_id=1600|references=(entity=(entity_id=entity_0004|fullname=Gertrud Baumhagen|gender=f)))	(mention_id=1594|references=(entity=(entity_id=12|fullname=Gertrud|gender=f)))
12051	aus	0		
12052	der	0		
12053	Kirche	0		
12054	,	0		
12055	ein	0		
12056	holdes	0		
12057	,	0		
12058	schlankes	0		
12059	Geschöpf	0	(mention_id=1601|references=(entity=(entity_id=entity_0004|fullname=Gertrud Baumhagen|gender=f)))	(mention_id=1595|references=(entity=(entity_id=12|fullname=Gertrud|gender=f)))
12060	,	0		
12061	ein	0		
12062	Mädchen	0	(mention_id=1602|references=(entity=(entity_id=entity_0004|fullname=Gertrud Baumhagen|gender=f)))	(mention_id=1596|references=(entity=(entity_id=12|fullname=Gertrud|gender=f)))
12063	mit	0		
12064	einfachem	0		
12065	,	0		
12066	unverbildetem	0		
12067	Gemüt	0		
12068	,	0		
12069	das	0	(mention_id=1603|references=(entity=(entity_id=entity_0004|fullname=Gertrud Baumhagen|gender=f)))	(mention_id=1597|references=(entity=(entity_id=12|fullname=Gertrud|gender=f)))
12070	keinen	0		
12071	anderen	0		
12072	Stolz	0		
12073	besaß	0		
12074	als	0		
12075	den	0		
12076	eines	0		
12077	edlen	0		
12078	Weibes	0	(mention_id=1604|references=(entity=(entity_id=entity_0004|fullname=Gertrud Baumhagen|gender=f)))	(mention_id=1598|references=(entity=(entity_id=12|fullname=Gertrud|gender=f)))
12079	.	0		
12080	Unwillkürlich	0		
12081	ging	0		
12082	er	0	(mention_id=1605|references=(entity=(entity_id=entity_0001|fullname=Franz Linden|gender=m)))	(mention_id=1599|references=(entity=(entity_id=6|fullname=Franz|gender=m)))
12083	rascher	0		
12084	.	0		
12085	Er	0	(mention_id=1606|references=(entity=(entity_id=entity_0001|fullname=Franz Linden|gender=m)))	(mention_id=1600|references=(entity=(entity_id=6|fullname=Franz|gender=m)))
12086	wollte	0		
12087	der	0		
12088	freundlichen	0		
12089	Aufforderung	0		
12090	,	0		
12091	an	0		
12092	dem	0		
12093	Feste	0		
12094	teilzunehmen	0		
12095	,	0		
12096	nachkommen	0		
12097	.	0		
12098	Aber	0		
12099	am	0		
12100	Eingang	0		
12101	des	0		
12102	Hotels	0		
12103	war	0		
12104	er	0	(mention_id=1607|references=(entity=(entity_id=entity_0001|fullname=Franz Linden|gender=m)))	(mention_id=1601|references=(entity=(entity_id=6|fullname=Franz|gender=m)))
12105	wieder	0		
12106	anderer	0		
12107	Meinung	0		
12108	.	0		
12109	Er	0	(mention_id=1608|references=(entity=(entity_id=entity_0001|fullname=Franz Linden|gender=m)))	(mention_id=1602|references=(entity=(entity_id=6|fullname=Franz|gender=m)))
12110	mochte	0		
12111	sie	0	(mention_id=1609|references=(entity=(entity_id=entity_0004|fullname=Gertrud Baumhagen|gender=f)))	(mention_id=1603|references=(entity=(entity_id=12|fullname=Gertrud|gender=f)))
12112	nicht	0		
12113	als	0		
12114	moderne	0		
12115	Gesellschaftsdame	0	(mention_id=1610|references=(entity=(entity_id=entity_0004|fullname=Gertrud Baumhagen|gender=f)))	(mention_id=1604|references=(entity=(entity_id=12|fullname=Gertrud|gender=f)))
12116	sehen	0		
12117	,	0		
12118	wollte	0		
12119	nicht	0		
12120	das	0		
12121	liebliche	0		
12122	Bild	0		
12123	verwischen	0		
12124	,	0		
12125	das	0		
12126	er	0	(mention_id=1611|references=(entity=(entity_id=entity_0001|fullname=Franz Linden|gender=m)))	(mention_id=1605|references=(entity=(entity_id=6|fullname=Franz|gender=m)))
12127	vorhin	0		
12128	durch	0		
12129	die	0		
12130	kleinen	0		
12131	Fenster	0		
12132	erblickt	0		
12133	in	0		
12134	dem	0		
12135	ärmlichen	0		
12136	Stübchen	0		
12137	.	0		
12138	Er	0	(mention_id=1612|references=(entity=(entity_id=entity_0001|fullname=Franz Linden|gender=m)))	(mention_id=1606|references=(entity=(entity_id=6|fullname=Franz|gender=m)))
12139	hätte	0		
12140	es	0		
12141	auch	0		
12142	nicht	0		
12143	ertragen	0		
12144	,	0		
12145	wenn	0		
12146	sie	0	(mention_id=1613|references=(entity=(entity_id=entity_0004|fullname=Gertrud Baumhagen|gender=f)))	(mention_id=1607|references=(entity=(entity_id=12|fullname=Gertrud|gender=f)))
12147	ihm	0	(mention_id=1614|references=(entity=(entity_id=entity_0001|fullname=Franz Linden|gender=m)))	(mention_id=1608|references=(entity=(entity_id=6|fullname=Franz|gender=m)))
12148	im	0		
12149	kerzenhellen	0		
12150	Ballsaale	0		
12151	mit	0		
12152	jener	0		
12153	Herablassung	0		
12154	entgegengetreten	0		
12155	wäre	0		
12156	,	0		
12157	die	0		
12158	er	0	(mention_id=1615|references=(entity=(entity_id=entity_0001|fullname=Franz Linden|gender=m)))	(mention_id=1609|references=(entity=(entity_id=6|fullname=Franz|gender=m)))
12159	heute	0		
12160	an	0		
12161	ihr	0	(mention_id=1616|references=(entity=(entity_id=entity_0004|fullname=Gertrud Baumhagen|gender=f)))	(mention_id=1610|references=(entity=(entity_id=12|fullname=Gertrud|gender=f)))
12162	tadeln	0		
12163	hörte	0		
12164	.	0		
12165	Er	0	(mention_id=1617|references=(entity=(entity_id=entity_0001|fullname=Franz Linden|gender=m)))	(mention_id=1611|references=(entity=(entity_id=6|fullname=Franz|gender=m)))
12166	beschloß	0		
12167	,	0		
12168	nach	0		
12169	Hause	0		
12170	zu	0		
12171	fahren	0		
12172	.	0		
12173	In	0		
12174	diesen	0		
12175	Gedanken	0		
12176	war	0		
12177	er	0	(mention_id=1618|references=(entity=(entity_id=entity_0001|fullname=Franz Linden|gender=m)))	(mention_id=1612|references=(entity=(entity_id=6|fullname=Franz|gender=m)))
12178	nochmals	0		
12179	die	0		
12180	Straße	0		
12181	zurückgegangen	0		
12182	;	0		
12183	nun	0		
12184	stand	0		
12185	er	0	(mention_id=1619|references=(entity=(entity_id=entity_0001|fullname=Franz Linden|gender=m)))	(mention_id=1613|references=(entity=(entity_id=6|fullname=Franz|gender=m)))
12186	plötzlich	0		
12187	vor	0		
12188	dem	0		
12189	Blumenladen	0		
12190	.	0		
12191	Nach	0		
12192	raschem	0		
12193	Besinnen	0		
12194	trat	0		
12195	er	0	(mention_id=1620|references=(entity=(entity_id=entity_0001|fullname=Franz Linden|gender=m)))	(mention_id=1614|references=(entity=(entity_id=6|fullname=Franz|gender=m)))
12196	ein	0		
12197	und	0		
12198	verlangte	0		
12199	einen	0		
12200	einfachen	0		
12201	Strauß	0		
12202	.	0		
12203	Die	0		
12204	Verkäuferin	0	(mention_id=1621|references=(entity=(entity_id=entity_0079|fullname=Verkäuferin|gender=f)))	(mention_id=1615|references=(entity=(entity_id=71|fullname=die Verkäuferin|gender=f)))
12205	hielt	0		
12206	gerade	0		
12207	ein	0		
12208	wagenradähnliches	0		
12209	Monstrebukett	0		
12210	mit	0		
12211	reicher	0		
12212	Spitzenmanschette	0		
12213	in	0		
12214	der	0		
12215	Hand	0		
12216	,	0		
12217	um	0		
12218	es	0		
12219	einem	0		
12220	Boten	0	(mention_id=1622|references=(entity=(entity_id=entity_0093|fullname=Bote|gender=m)))	(mention_id=1616|references=(entity=(entity_id=43|fullname=der Bote|gender=m)))
12221	zu	0		
12222	übergeben	0		
12223	.	0		
12224	»	0		
12225	Also	0		
12226	an	0		
12227	Fräulein	0	(mention_id=1623|references=(entity=(entity_id=entity_0004|fullname=Gertrud Baumhagen|gender=f)))	(mention_id=1617|references=(entity=(entity_id=12|fullname=Gertrud|gender=f)))
12228	Baumhagen	0	(mention_id=1623|references=(entity=(entity_id=entity_0004|fullname=Gertrud Baumhagen|gender=f)))	(mention_id=1617|references=(entity=(entity_id=12|fullname=Gertrud|gender=f)))
12229	«	0		
12230	,	0		
12231	bestellte	0		
12232	sie	0	(mention_id=1624|references=(entity=(entity_id=entity_0079|fullname=Verkäuferin|gender=f)))	(mention_id=1618|references=(entity=(entity_id=71|fullname=die Verkäuferin|gender=f)))
12233	dem	0		
12234	Ausläufer	0	(mention_id=1625|references=(entity=(entity_id=entity_0093|fullname=Bote|gender=m)))	(mention_id=1619|references=(entity=(entity_id=43|fullname=der Bote|gender=m)))
12235	,	0		
12236	»	0		
12237	hier	0		
12238	die	0		
12239	Karte	0		
12240	.	0		
12241	«	0		
12242	Franz	0	(mention_id=1626|references=(entity=(entity_id=entity_0001|fullname=Franz Linden|gender=m)))	(mention_id=1620|references=(entity=(entity_id=6|fullname=Franz|gender=m)))
12243	Linden	0	(mention_id=1626|references=(entity=(entity_id=entity_0001|fullname=Franz Linden|gender=m)))	(mention_id=1620|references=(entity=(entity_id=6|fullname=Franz|gender=m)))
12244	erblickte	0		
12245	darauf	0		
12246	ein	0		
12247	großes	0		
12248	Wappen	0		
12249	über	0		
12250	dem	0		
12251	Namen	0		
12252	.	0		
12253	Unschlüssig	0		
12254	trat	0		
12255	er	0	(mention_id=1627|references=(entity=(entity_id=entity_0001|fullname=Franz Linden|gender=m)))	(mention_id=1621|references=(entity=(entity_id=6|fullname=Franz|gender=m)))
12256	zurück	0		
12257	.	0		
12258	Da	0		
12259	wandte	0		
12260	sich	0	(mention_id=1628|references=(entity=(entity_id=entity_0079|fullname=Verkäuferin|gender=f)))	(mention_id=1622|references=(entity=(entity_id=71|fullname=die Verkäuferin|gender=f)))
12261	die	0		
12262	Verkäuferin	0	(mention_id=1629|references=(entity=(entity_id=entity_0079|fullname=Verkäuferin|gender=f)))	(mention_id=1623|references=(entity=(entity_id=71|fullname=die Verkäuferin|gender=f)))
12263	zu	0		
12264	ihm	0	(mention_id=1630|references=(entity=(entity_id=entity_0001|fullname=Franz Linden|gender=m)))	(mention_id=1624|references=(entity=(entity_id=6|fullname=Franz|gender=m)))
12265	.	0		
12266	»	0		
12267	Einen	0		
12268	einfachen	0		
12269	Strauß	0		
12270	«	0		
12271	,	0		
12272	wiederholte	0		
12273	er	0	(mention_id=1631|references=(entity=(entity_id=entity_0001|fullname=Franz Linden|gender=m)))	(mention_id=1625|references=(entity=(entity_id=6|fullname=Franz|gender=m)))
12274	nun	0		
12275	doch	0		
12276	.	0		
12277	Es	0		
12278	war	0		
12279	keiner	0		
12280	mehr	0		
12281	vorrätig	0		
12282	,	0		
12283	man	0		
12284	wollte	0		
12285	jedoch	0		
12286	rasch	0		
12287	einen	0		
12288	binden	0		
12289	.	0		
12290	Der	0		
12291	junge	0		
12292	Mann	0	(mention_id=1632|references=(entity=(entity_id=entity_0001|fullname=Franz Linden|gender=m)))	(mention_id=1626|references=(entity=(entity_id=6|fullname=Franz|gender=m)))
12293	wählte	0		
12294	selbst	0		
12295	die	0		
12296	Blumen	0		
12297	aus	0		
12298	dem	0		
12299	mit	0		
12300	nassem	0		
12301	Sand	0		
12302	gefüllten	0		
12303	Zinkkasten	0		
12304	und	0		
12305	reichte	0		
12306	sie	0		
12307	hin	0		
12308	.	0		
12309	Es	0		
12310	mußte	0		
12311	ihm	0	(mention_id=1633|references=(entity=(entity_id=entity_0001|fullname=Franz Linden|gender=m)))	(mention_id=1627|references=(entity=(entity_id=6|fullname=Franz|gender=m)))
12312	eine	0		
12313	angenehme	0		
12314	Beschäftigung	0		
12315	sein	0		
12316	,	0		
12317	denn	0		
12318	er	0	(mention_id=1634|references=(entity=(entity_id=entity_0001|fullname=Franz Linden|gender=m)))	(mention_id=1628|references=(entity=(entity_id=6|fullname=Franz|gender=m)))
12319	nahm	0		
12320	immer	0		
12321	wieder	0		
12322	eine	0		
12323	Rose	0		
12324	zurück	0		
12325	und	0		
12326	gab	0		
12327	dafür	0		
12328	eine	0		
12329	schönere	0		
12330	.	0		
12331	Endlich	0		
12332	war	0		
12333	es	0		
12334	vollendet	0		
12335	,	0		
12336	ein	0		
12337	graziöses	0		
12338	Bukett	0		
12339	aus	0		
12340	weißen	0		
12341	Rosen	0		
12342	,	0		
12343	die	0		
12344	Kelche	0		
12345	zart	0		
12346	rosa	0		
12347	gefärbt	0		
12348	wie	0		
12349	schämiges	0		
12350	Mädchenerröten	0		
12351	;	0		
12352	Frauenhaar	0		
12353	und	0		
12354	zierliche	0		
12355	Farne	0		
12356	dazwischen	0		
12357	.	0		
12358	Er	0	(mention_id=1635|references=(entity=(entity_id=entity_0001|fullname=Franz Linden|gender=m)))	(mention_id=1629|references=(entity=(entity_id=6|fullname=Franz|gender=m)))
12359	betrachtete	0		
12360	es	0		
12361	noch	0		
12362	einmal	0		
12363	,	0		
12364	zahlte	0		
12365	und	0		
12366	ging	0		
12367	zum	0		
12368	Hotel	0		
12369	zurück	0		
12370	.	0		
12371	Dort	0		
12372	legte	0		
12373	er	0	(mention_id=1636|references=(entity=(entity_id=entity_0001|fullname=Franz Linden|gender=m)))	(mention_id=1630|references=(entity=(entity_id=6|fullname=Franz|gender=m)))
12374	die	0		
12375	Blumen	0		
12376	auf	0		
12377	den	0		
12378	Tisch	0		
12379	,	0		
12380	ließ	0		
12381	sich	0	(mention_id=1637|references=(entity=(entity_id=entity_0001|fullname=Franz Linden|gender=m)))	(mention_id=1631|references=(entity=(entity_id=6|fullname=Franz|gender=m)))
12382	vom	0		
12383	Kellner	0	(mention_id=1638|references=(entity=(entity_id=entity_0132|fullname=Kellner|gender=m)))	(mention_id=1632|references=(entity=(entity_id=49|fullname=der Kellner|gender=m)))
12384	Schreibzeug	0		
12385	und	0		
12386	ein	0		
12387	Kuvert	0		
12388	bringen	0		
12389	,	0		
12390	nahm	0		
12391	eine	0		
12392	Visitenkarte	0		
12393	und	0		
12394	schrieb	0		
12395	.	0		
12396	Mitten	0		
12397	darin	0		
12398	hörte	0		
12399	er	0	(mention_id=1639|references=(entity=(entity_id=entity_0001|fullname=Franz Linden|gender=m)))	(mention_id=1633|references=(entity=(entity_id=6|fullname=Franz|gender=m)))
12400	auf	0		
12401	.	0		
12402	Er	0	(mention_id=1640|references=(entity=(entity_id=entity_0001|fullname=Franz Linden|gender=m)))	(mention_id=1634|references=(entity=(entity_id=6|fullname=Franz|gender=m)))
12403	lächelte	0		
12404	,	0		
12405	»	0		
12406	's	0		
12407	ist	0		
12408	ein	0		
12409	Unsinn	0		
12410	«	0		
12411	,	0		
12412	sprach	0		
12413	er	0	(mention_id=1641|references=(entity=(entity_id=entity_0001|fullname=Franz Linden|gender=m)))	(mention_id=1635|references=(entity=(entity_id=6|fullname=Franz|gender=m)))
12414	halblaut	0		
12415	,	0		
12416	»	0		
12417	sie	0	(mention_id=1642|references=(entity=(entity_id=entity_0004|fullname=Gertrud Baumhagen|gender=f)))	(mention_id=1636|references=(entity=(entity_id=12|fullname=Gertrud|gender=f)))
12418	wird	0		
12419	längst	0		
12420	das	0		
12421	große	0		
12422	Bukett	0		
12423	in	0		
12424	der	0		
12425	Hand	0		
12426	halten	0		
12427	.	0		
12428	«	0		
12429	–	0		
12430	Dann	0		
12431	schrieb	0		
12432	er	0	(mention_id=1643|references=(entity=(entity_id=entity_0001|fullname=Franz Linden|gender=m)))	(mention_id=1637|references=(entity=(entity_id=6|fullname=Franz|gender=m)))
12433	weiter	0		
12434	und	0		
12435	überlas	0		
12436	noch	0		
12437	einmal	0		
12438	:	0		
12439	Darf	0		
12440	der	0		
12441	Gevatter	0	(mention_id=1644|references=(entity=(entity_id=entity_0001|fullname=Franz Linden|gender=m)|specialcase_reference=figurative))	(mention_id=1638|references=(entity=(entity_id=6|fullname=Franz|gender=m)))
12442	heut	0		
12443	den	0		
12444	Strauß	0		
12445	dir	0	(mention_id=1645|references=(entity=(entity_id=entity_0004|fullname=Gertrud Baumhagen|gender=f)))	(mention_id=1639|references=(entity=(entity_id=12|fullname=Gertrud|gender=f)))
12446	senden	0		
12447	,	0		
12448	Den	0		
12449	eigentlich	0		
12450	nach	0		
12451	Recht	0		
12452	und	0		
12453	alter	0		
12454	Sitte	0		
12455	Beim	0		
12456	Tauffest	0		
12457	schon	0		
12458	er	0	(mention_id=1646|references=(entity=(entity_id=entity_0001|fullname=Franz Linden|gender=m)))	(mention_id=1640|references=(entity=(entity_id=6|fullname=Franz|gender=m)))
12459	hätte	0		
12460	sollen	0		
12461	spenden	0		
12462	?	0		
12463	Bescheiden	0		
12464	naht	0		
12465	er	0	(mention_id=1647|references=(entity=(entity_id=entity_0001|fullname=Franz Linden|gender=m)))	(mention_id=1641|references=(entity=(entity_id=6|fullname=Franz|gender=m)))
12466	;	0		
12467	seine	0	(mention_id=1648|references=(entity=(entity_id=entity_0001|fullname=Franz Linden|gender=m)))	(mention_id=1642|references=(entity=(entity_id=6|fullname=Franz|gender=m)))
12468	Rosen	0		
12469	wagen	0		
12470	Dir	0	(mention_id=1649|references=(entity=(entity_id=entity_0004|fullname=Gertrud Baumhagen|gender=f)))	(mention_id=1643|references=(entity=(entity_id=12|fullname=Gertrud|gender=f)))
12471	stummen	0		
12472	Gruß	0		
12473	zu	0		
12474	flüstern	0		
12475	und	0		
12476	die	0		
12477	Bitte	0		
12478	,	0		
12479	Du	0	(mention_id=1650|references=(entity=(entity_id=entity_0004|fullname=Gertrud Baumhagen|gender=f)))	(mention_id=1644|references=(entity=(entity_id=12|fullname=Gertrud|gender=f)))
12480	wolltest	0		
12481	sie	0		
12482	an	0		
12483	diesem	0		
12484	Abend	0		
12485	tragen	0		
12486	.	0		
12487	Er	0	(mention_id=1651|references=(entity=(entity_id=entity_0001|fullname=Franz Linden|gender=m)))	(mention_id=1645|references=(entity=(entity_id=6|fullname=Franz|gender=m)))
12488	lächelte	0		
12489	wieder	0		
12490	,	0		
12491	kuvertierte	0		
12492	und	0		
12493	gab	0		
12494	vor	0		
12495	dem	0		
12496	Hotel	0		
12497	Brief	0		
12498	und	0		
12499	Blumen	0		
12500	einem	0		
12501	Dienstmann	0	(mention_id=1652|references=(entity=(entity_id=entity_0116|fullname=Dienstmann|gender=m)))	(mention_id=1646|references=(entity=(entity_id=45|fullname=der Dienstmann|gender=m)))
12502	mit	0		
12503	der	0		
12504	Weisung	0		
12505	,	0		
12506	dem	0		
12507	Fräulein	0	(mention_id=1653|references=(entity=(entity_id=entity_0004|fullname=Gertrud Baumhagen|gender=f)))	(mention_id=1647|references=(entity=(entity_id=12|fullname=Gertrud|gender=f)))
12508	Baumhagen	0	(mention_id=1653|references=(entity=(entity_id=entity_0004|fullname=Gertrud Baumhagen|gender=f)))	(mention_id=1647|references=(entity=(entity_id=12|fullname=Gertrud|gender=f)))
12509	beides	0		
12510	zu	0		
12511	überbringen	0		
12512	.	0		
12513	Und	0		
12514	nun	0		
12515	kam	0		
12516	ihm	0	(mention_id=1654|references=(entity=(entity_id=entity_0001|fullname=Franz Linden|gender=m)))	(mention_id=1648|references=(entity=(entity_id=6|fullname=Franz|gender=m)))
12517	ein	0		
12518	Gedanke	0		
12519	.	0		
12520	–	0		
12521	Um	0		
12522	acht	0		
12523	Uhr	0		
12524	begann	0		
12525	das	0		
12526	Fest	0		
12527	;	0		
12528	in	0		
12529	zehn	0		
12530	Minuten	0		
12531	war	0		
12532	es	0		
12533	so	0		
12534	weit	0		
12535	–	0		
12536	er	0	(mention_id=1655|references=(entity=(entity_id=entity_0001|fullname=Franz Linden|gender=m)))	(mention_id=1649|references=(entity=(entity_id=6|fullname=Franz|gender=m)))
12537	wollte	0		
12538	Trudchen	0	(mention_id=1656|references=(entity=(entity_id=entity_0004|fullname=Gertrud Baumhagen|gender=f)))	(mention_id=1650|references=(entity=(entity_id=12|fullname=Gertrud|gender=f)))
12539	Baumhagen	0	(mention_id=1656|references=(entity=(entity_id=entity_0004|fullname=Gertrud Baumhagen|gender=f)))	(mention_id=1650|references=(entity=(entity_id=12|fullname=Gertrud|gender=f)))
12540	sehen	0		
12541	,	0		
12542	sehen	0		
12543	–	0		
12544	ob	0		
12545	sein	0	(mention_id=1657|references=(entity=(entity_id=entity_0001|fullname=Franz Linden|gender=m)))	(mention_id=1651|references=(entity=(entity_id=6|fullname=Franz|gender=m)))
12546	Strauß	0		
12547	–	0		
12548	–	0		
12549	Unsinn	0		
12550	!	0		
12551	Wie	0		
12552	sollte	0		
12553	sie	0	(mention_id=1658|references=(entity=(entity_id=entity_0004|fullname=Gertrud Baumhagen|gender=f)))	(mention_id=1652|references=(entity=(entity_id=12|fullname=Gertrud|gender=f)))
12554	dazu	0		
12555	kommen	0		
12556	?	0		
12557	Aber	0		
12558	dennoch	0		
12559	,	0		
12560	er	0	(mention_id=1659|references=(entity=(entity_id=entity_0001|fullname=Franz Linden|gender=m)))	(mention_id=1653|references=(entity=(entity_id=6|fullname=Franz|gender=m)))
12561	wollte	0		
12562	warten	0		
12563	.	0		
12564	»	0		
12565	Gut	0		
12566	,	0		
12567	daß	0		
12568	der	0		
12569	Amtsrichter	0	(mention_id=1660|references=(entity=(entity_id=entity_0002|fullname=Richard Weishaupt|gender=m)))	(mention_id=1654|references=(entity=(entity_id=42|fullname=der Amtsrichter|gender=m)))
12570	das	0		
12571	nicht	0		
12572	mit	0		
12573	ansieht	0		
12574	!	0		
12575	«	0		
12576	flüsterte	0		
12577	er	0	(mention_id=1661|references=(entity=(entity_id=entity_0001|fullname=Franz Linden|gender=m)))	(mention_id=1655|references=(entity=(entity_id=6|fullname=Franz|gender=m)))
12578	vor	0		
12579	sich	0	(mention_id=1662|references=(entity=(entity_id=entity_0001|fullname=Franz Linden|gender=m)))	(mention_id=1656|references=(entity=(entity_id=6|fullname=Franz|gender=m)))
12580	hin	0		
12581	.	0		
12582	Es	0		
12583	war	0		
12584	ihm	0	(mention_id=1663|references=(entity=(entity_id=entity_0001|fullname=Franz Linden|gender=m)))	(mention_id=1657|references=(entity=(entity_id=6|fullname=Franz|gender=m)))
12585	zumute	0		
12586	wie	0		
12587	einem	0		
12588	Kinde	0	(mention_id=1664|references=(entity=(entity_id=entity_0001|fullname=Franz Linden|gender=m)))	(mention_id=1658|references=(entity=(entity_id=generic_0025|fullname=ein Kind im Allgemeinen|gender=u|specialcase_entity=generic)))
12589	vor	0		
12590	Weihnachten	0		
12591	,	0		
12592	so	0		
12593	froh	0		
12594	und	0		
12595	so	0		
12596	erwartungsvoll	0		
12597	,	0		
12598	während	0		
12599	er	0	(mention_id=1665|references=(entity=(entity_id=entity_0001|fullname=Franz Linden|gender=m)))	(mention_id=1659|references=(entity=(entity_id=6|fullname=Franz|gender=m)))
12600	an	0		
12601	der	0		
12602	Marktseite	0		
12603	vor	0		
12604	dem	0		
12605	Hotel	0		
12606	auf	0		
12607	und	0		
12608	ab	0		
12609	wanderte	0		
12610	.	0		
12611	Endlich	0		
12612	schlug	0		
12613	es	0		
12614	acht	0		
12615	Uhr	0		
12616	.	0		
12617	Verschiedene	0		
12618	Herren	0	(mention_id=1666|references=(entity=(entity_id=entity_0121|fullname=Herren auf dem Fest|gender=m|specialcase_entity=group)))	(mention_id=1660|references=(entity=(entity_id=65|fullname=die Herren auf dem Ball|gender=m|specialcase_entity=group)))
12619	zu	0		
12620	Fuß	0		
12621	waren	0		
12622	längst	0		
12623	angekommen	0		
12624	,	0		
12625	dann	0		
12626	auch	0		
12627	Damen	0	(mention_id=1667|references=(entity=(entity_id=entity_0114|fullname=Damen auf dem Fest|gender=f|specialcase_entity=group)))	(mention_id=1661|references=(entity=(entity_id=61|fullname=die Damen auf dem Ball|gender=f|specialcase_entity=group)))
12628	,	0		
12629	und	0		
12630	nun	0		
12631	rollte	0		
12632	der	0		
12633	erste	0		
12634	Wagen	0		
12635	heran	0		
12636	,	0		
12637	zierliche	0		
12638	Füßchen	0		
12639	schlüpften	0		
12640	über	0		
12641	das	0		
12642	Trittbrett	0		
12643	und	0		
12644	helle	0		
12645	Seide	0		
12646	rauschte	0		
12647	.	0		
12648	Ein	0		
12649	Gefährt	0		
12650	löste	0		
12651	das	0		
12652	andere	0		
12653	ab	0		
12654	.	0		
12655	Jetzt	0		
12656	eine	0		
12657	elegante	0		
12658	Equipage	0		
12659	mit	0		
12660	prächtigen	0		
12661	Eisenschimmeln	0		
12662	,	0		
12663	eine	0		
12664	leichte	0		
12665	,	0		
12666	reizende	0		
12667	Frauengestalt	0	(mention_id=1668|references=(entity=(entity_id=entity_0006|fullname=Jenny Fredrich, geb. Baumhagen|gender=f)))	(mention_id=1662|references=(entity=(entity_id=16|fullname=Jenny|gender=f)))
12668	im	0		
12669	hellblauen	0		
12670	,	0		
12671	spitzenüberfluteten	0		
12672	Gewande	0		
12673	bog	0		
12674	sich	0		(mention_id=1663|references=(entity=(entity_id=16|fullname=Jenny|gender=f)))
12675	vor	0		
12676	und	0		
12677	silberhelles	0		
12678	Lachen	0		
12679	schallte	0		
12680	in	0		
12681	Lindens	0	(mention_id=1669|references=(entity=(entity_id=entity_0001|fullname=Franz Linden|gender=m)))	(mention_id=1664|references=(entity=(entity_id=6|fullname=Franz|gender=m)))
12682	Ohr	0		
12683	.	0		
12684	»	0		
12685	Frau	0	(mention_id=1670|references=(entity=(entity_id=entity_0006|fullname=Jenny Fredrich, geb. Baumhagen|gender=f)))	(mention_id=1665|references=(entity=(entity_id=16|fullname=Jenny|gender=f)))
12686	Fredrich	0	(mention_id=1670|references=(entity=(entity_id=entity_0006|fullname=Jenny Fredrich, geb. Baumhagen|gender=f)))	(mention_id=1665|references=(entity=(entity_id=16|fullname=Jenny|gender=f)))
12687	!	0		
12688	«	0		
12689	hörte	0		
12690	er	0	(mention_id=1671|references=(entity=(entity_id=entity_0001|fullname=Franz Linden|gender=m)))	(mention_id=1666|references=(entity=(entity_id=6|fullname=Franz|gender=m)))
12691	im	0		
12692	Publikum	0	(mention_id=1672|references=(entity=(entity_id=entity_0080|fullname=Publikum|gender=u|members=entity_0118,entity_0134,entity_0145|all_members_given=True|specialcase_entity=group)))	(mention_id=1667|references=(entity=(entity_id=40|fullname=das Publikum|gender=mf|specialcase_entity=group)))
12693	murmeln	0		
12694	,	0		
12695	das	0	(mention_id=1673|references=(entity=(entity_id=entity_0080|fullname=Publikum|gender=u|members=entity_0118,entity_0134,entity_0145|all_members_given=True|specialcase_entity=group)))	(mention_id=1668|references=(entity=(entity_id=40|fullname=das Publikum|gender=mf|specialcase_entity=group)))
12696	sich	0	(mention_id=1674|references=(entity=(entity_id=entity_0080|fullname=Publikum|gender=u|members=entity_0118,entity_0134,entity_0145|all_members_given=True|specialcase_entity=group)))	(mention_id=1669|references=(entity=(entity_id=40|fullname=das Publikum|gender=mf|specialcase_entity=group)))
12697	schaulustig	0		
12698	hinter	0		
12699	ihm	0	(mention_id=1675|references=(entity=(entity_id=entity_0001|fullname=Franz Linden|gender=m)))	(mention_id=1670|references=(entity=(entity_id=6|fullname=Franz|gender=m)))
12700	aus	0		
12701	soundso	0		
12702	viel	0		
12703	Kindern	0	(mention_id=1676|references=(entity=(entity_id=entity_0134|fullname=Kinder im Publikum|gender=u|specialcase_entity=group)))	(mention_id=1671|references=(entity=(entity_id=40|fullname=das Publikum|gender=mf|specialcase_entity=group)))
12704	,	0		
12705	Weibern	0	(mention_id=1677|references=(entity=(entity_id=entity_0145|fullname=Weiber im Publikum|gender=f|specialcase_entity=group)))	(mention_id=1672|references=(entity=(entity_id=40|fullname=das Publikum|gender=mf|specialcase_entity=group)))
12706	und	0		
12707	Dienstmädchen	0	(mention_id=1678|references=(entity=(entity_id=entity_0118|fullname=Dienstmädchen im Publikum|gender=f|specialcase_entity=group)))	(mention_id=1673|references=(entity=(entity_id=40|fullname=das Publikum|gender=mf|specialcase_entity=group)))
12708	um	0		
12709	die	0		
12710	Hoteltreppe	0		
12711	versammelt	0		
12712	hatte	0		
12713	.	0		
12714	»	0		
12715	Also	0		
12716	ihre	0	(mention_id=1679|references=(entity=(entity_id=entity_0004|fullname=Gertrud Baumhagen|gender=f)))	(mention_id=1674|references=(entity=(entity_id=12|fullname=Gertrud|gender=f)))
12717	Schwester	0	(mention_id=1680|references=(entity=(entity_id=entity_0006|fullname=Jenny Fredrich, geb. Baumhagen|gender=f)))	(mention_id=1675|references=(entity=(entity_id=16|fullname=Jenny|gender=f)))
12718	!	0		
12719	«	0		
12720	Wie	0		
12721	eine	0		
12722	liebliche	0		
12723	Fee	0		(mention_id=1676|references=(entity=(entity_id=16|fullname=Jenny|gender=f)))
12724	schwebte	0		
12725	die	0		
12726	junge	0		
12727	,	0		
12728	blonde	0		
12729	Frau	0	(mention_id=1681|references=(entity=(entity_id=entity_0006|fullname=Jenny Fredrich, geb. Baumhagen|gender=f)))	(mention_id=1677|references=(entity=(entity_id=16|fullname=Jenny|gender=f)))
12730	die	0		
12731	Treppe	0		
12732	empor	0		
12733	,	0		
12734	gefolgt	0		
12735	von	0		
12736	dem	0		
12737	Gatten	0	(mention_id=1682|references=(entity=(entity_id=entity_0007|fullname=Artur Fredrich|gender=m)))	(mention_id=1678|references=(entity=(entity_id=1|fullname=Artur|gender=m)))
12738	im	0		
12739	tadellosen	0		
12740	,	0		
12741	schwarzen	0		
12742	Frack	0		
12743	,	0		
12744	der	0	(mention_id=1683|references=(entity=(entity_id=entity_0007|fullname=Artur Fredrich|gender=m)))	(mention_id=1679|references=(entity=(entity_id=1|fullname=Artur|gender=m)))
12745	ihr	0	(mention_id=1684|references=(entity=(entity_id=entity_0006|fullname=Jenny Fredrich, geb. Baumhagen|gender=f)))	(mention_id=1680|references=(entity=(entity_id=16|fullname=Jenny|gender=f)))
12746	Fächer	0		
12747	und	0		
12748	Bukett	0		
12749	nachtrug	0		
12750	.	0		
12751	Das	0		
12752	Gespann	0		(mention_id=1681|references=(entity=(entity_id=62|fullname=die Equipage|gender=u|specialcase_entity=group)))
12753	rasselte	0		
12754	über	0		
12755	den	0		
12756	Markt	0		
12757	zurück	0		
12758	,	0		
12759	um	0		
12760	in	0		
12761	weniger	0		
12762	als	0		
12763	fünf	0		
12764	Minuten	0		
12765	wiederzukehren	0		
12766	.	0		
12767	–	0		
12768	»	0		
12769	Trudchen	0	(mention_id=1685|references=(entity=(entity_id=entity_0004|fullname=Gertrud Baumhagen|gender=f)))	
12770	!	0		
12771	«	0		
12772	flüsterte	0		
12773	Linden	0	(mention_id=1686|references=(entity=(entity_id=entity_0001|fullname=Franz Linden|gender=m)))	(mention_id=1682|references=(entity=(entity_id=6|fullname=Franz|gender=m)))
12774	und	0		
12775	zog	0		
12776	sich	0	(mention_id=1687|references=(entity=(entity_id=entity_0001|fullname=Franz Linden|gender=m)))	(mention_id=1683|references=(entity=(entity_id=6|fullname=Franz|gender=m)))
12777	unwillkürlich	0		
12778	etwas	0		
12779	mehr	0		
12780	in	0		
12781	den	0		
12782	Schatten	0		
12783	zurück	0		
12784	.	0		
12785	Eine	0		
12786	kleine	0		
12787	volle	0		
12788	Dame	0	(mention_id=1688|references=(entity=(entity_id=entity_0005|fullname=Ottilie Baumhagen|gender=f)))	(mention_id=1684|references=(entity=(entity_id=7|fullname=Frau Baumhagen|gender=f)))
12789	in	0		
12790	lichtgrauer	0		
12791	Toilette	0		
12792	entstieg	0		
12793	dem	0		
12794	Wagen	0		
12795	–	0		
12796	dann	0		
12797	war	0		
12798	sie	0	(mention_id=1689|references=(entity=(entity_id=entity_0004|fullname=Gertrud Baumhagen|gender=f)))	(mention_id=1685|references=(entity=(entity_id=12|fullname=Gertrud|gender=f)))
12799	hinausgeglitten	0		
12800	und	0		
12801	stand	0		
12802	hinter	0		
12803	der	0		
12804	Mutter	0	(mention_id=1690|references=(entity=(entity_id=entity_0005|fullname=Ottilie Baumhagen|gender=f)))	(mention_id=1686|references=(entity=(entity_id=7|fullname=Frau Baumhagen|gender=f)))
12805	,	0		
12806	schlank	0		
12807	und	0		
12808	leicht	0		
12809	,	0		
12810	in	0		
12811	schimmernd	0		
12812	weißem	0		
12813	,	0		
12814	seidenem	0		
12815	Gewand	0		
12816	,	0		
12817	die	0		
12818	schönen	0		
12819	Schultern	0		
12820	leicht	0		
12821	verhüllt	0		
12822	,	0		
12823	und	0		
12824	in	0		
12825	der	0		
12826	Hand	0		
12827	einen	0		
12828	wohlbekannten	0		
12829	Strauß	0		
12830	blasser	0		
12831	Rosen	0		
12832	.	0		
12833	Aber	0		
12834	das	0		
12835	war	0		
12836	nicht	0		
12837	das	0		
12838	Mädchen	0	(mention_id=1691|references=(entity=(entity_id=entity_0004|fullname=Gertrud Baumhagen|gender=f)))	(mention_id=1687|references=(entity=(entity_id=12|fullname=Gertrud|gender=f)))
12839	von	0		
12840	vorhin	0		
12841	!	0		
12842	Der	0		
12843	kleine	0		
12844	Kopf	0		
12845	hatte	0		
12846	sich	0		
12847	etwas	0		
12848	in	0		
12849	den	0		
12850	Nacken	0		
12851	gebogen	0		
12852	,	0		
12853	als	0		
12854	zöge	0		
12855	der	0		
12856	schwere	0		
12857	,	0		
12858	lichtbraune	0		
12859	Haarknoten	0		
12860	ihn	0		
12861	zurück	0		
12862	,	0		
12863	und	0		
12864	ein	0		
12865	Ausdruck	0		
12866	von	0		
12867	stolzer	0		
12868	Kälte	0		
12869	lag	0		
12870	über	0		
12871	dem	0		
12872	klaren	0		
12873	Gesicht	0		
12874	,	0		
12875	den	0		
12876	er	0	(mention_id=1692|references=(entity=(entity_id=entity_0001|fullname=Franz Linden|gender=m)))	
12877	vorhin	0		
12878	nicht	0		
12879	bemerkt	0		
12880	hatte	0		
12881	.	0		
12882	Zwei	0		
12883	Herren	0	(mention_id=1693|references=(entity=(entity_id=entity_0075|fullname=herbeistürzende Herren 2|gender=m)),(entity=(entity_id=entity_0105|fullname=herbeistürzende Herren 1|gender=m)))	(mention_id=1688|references=(entity=(entity_id=65|fullname=die Herren auf dem Ball|gender=m|specialcase_entity=group)))
12884	stürzten	0		
12885	den	0		
12886	Damen	0	(mention_id=1694|references=(entity=(entity_id=entity_0005|fullname=Ottilie Baumhagen|gender=f)),(entity=(entity_id=entity_0004|fullname=Gertrud Baumhagen|gender=f)))	(mention_id=1689|references=(entity=(entity_id=7|fullname=Frau Baumhagen|gender=f)),(entity=(entity_id=12|fullname=Gertrud|gender=f)))
12887	entgegen	0		
12888	.	0		
12889	Der	0		
12890	erste	0	(mention_id=1695|references=(entity=(entity_id=entity_0105|fullname=herbeistürzende Herren 1|gender=m)))	(mention_id=1690|references=(entity=(entity_id=74|fullname=ein Herr|gender=m)))
12891	bot	0		
12892	galant	0		
12893	der	0		
12894	Mutter	0	(mention_id=1696|references=(entity=(entity_id=entity_0005|fullname=Ottilie Baumhagen|gender=f)))	(mention_id=1691|references=(entity=(entity_id=7|fullname=Frau Baumhagen|gender=f)))
12895	den	0		
12896	Arm	0		
12897	,	0		
12898	der	0		
12899	andere	0	(mention_id=1697|references=(entity=(entity_id=entity_0075|fullname=herbeistürzende Herren 2|gender=m)))	(mention_id=1692|references=(entity=(entity_id=80|fullname=ein anderer Herr|gender=m)))
12900	näherte	0		
12901	sich	0	(mention_id=1698|references=(entity=(entity_id=entity_0075|fullname=herbeistürzende Herren 2|gender=m)))	(mention_id=1693|references=(entity=(entity_id=80|fullname=ein anderer Herr|gender=m)))
12902	dem	0		
12903	jungen	0		
12904	Mädchen	0	(mention_id=1699|references=(entity=(entity_id=entity_0004|fullname=Gertrud Baumhagen|gender=f)))	(mention_id=1694|references=(entity=(entity_id=12|fullname=Gertrud|gender=f)))
12905	.	0		
12906	Mit	0		
12907	unnachahmlich	0		
12908	stolzer	0		
12909	Gebärde	0		
12910	dankte	0		
12911	sie	0	(mention_id=1700|references=(entity=(entity_id=entity_0004|fullname=Gertrud Baumhagen|gender=f)))	(mention_id=1695|references=(entity=(entity_id=12|fullname=Gertrud|gender=f)))
12912	,	0		
12913	kaum	0		
12914	die	0		
12915	Fingerspitze	0		
12916	auf	0		
12917	seinen	0	(mention_id=1701|references=(entity=(entity_id=entity_0075|fullname=herbeistürzende Herren 2|gender=m)))	(mention_id=1696|references=(entity=(entity_id=80|fullname=ein anderer Herr|gender=m)))
12918	Arm	0		
12919	legend	0		
12920	;	0		
12921	dann	0		
12922	,	0		
12923	wie	0		
12924	ein	0		
12925	holder	0		
12926	Spuk	0		
12927	,	0		
12928	war	0		
12929	es	0		
12930	verschwunden	0		
12931	,	0		
12932	das	0		
12933	Bild	0		
12934	,	0		
12935	das	0		
12936	er	0	(mention_id=1702|references=(entity=(entity_id=entity_0001|fullname=Franz Linden|gender=m)))	(mention_id=1697|references=(entity=(entity_id=6|fullname=Franz|gender=m)))
12937	mit	0		
12938	durstigen	0		
12939	Augen	0		
12940	umfaßt	0		
12941	hielt	0		
12942	.	0		
12943	Aber	0		
12944	nun	0		
12945	bemächtigte	0		
12946	sich	0		
12947	seiner	0	(mention_id=1703|references=(entity=(entity_id=entity_0001|fullname=Franz Linden|gender=m)))	(mention_id=1698|references=(entity=(entity_id=6|fullname=Franz|gender=m)))
12948	eine	0		
12949	fast	0		
12950	übermütige	0		
12951	Stimmung	0		
12952	.	0		
12953	Einer	0		
12954	dürftig	0		
12955	aussehenden	0		
12956	Frau	0	(mention_id=1704|references=(entity=(entity_id=entity_0094|fullname=dürftig aussehende Mutter|gender=f)))	(mention_id=1699|references=(entity=(entity_id=85|fullname=eine arme Frau|gender=f)))
12957	,	0		
12958	die	0	(mention_id=1705|references=(entity=(entity_id=entity_0094|fullname=dürftig aussehende Mutter|gender=f)))	(mention_id=1700|references=(entity=(entity_id=85|fullname=eine arme Frau|gender=f)))
12959	mit	0		
12960	einem	0		
12961	elenden	0		
12962	Kinde	0	(mention_id=1706|references=(entity=(entity_id=entity_0133|fullname=Kind der dürftig aussehenden Mutter|gender=u)))	(mention_id=1701|references=(entity=(entity_id=81|fullname=ein armes Kind|gender=u)))
12963	im	0		
12964	Arme	0		
12965	gerade	0		
12966	vor	0		
12967	ihm	0	(mention_id=1707|references=(entity=(entity_id=generic_0050|fullname=Frau|gender=u|specialcase_entity=generic)))	(mention_id=1702|references=(entity=(entity_id=6|fullname=Franz|gender=m)))
12968	stand	0		
12969	,	0		
12970	schenkte	0		
12971	er	0	(mention_id=1708|references=(entity=(entity_id=entity_0001|fullname=Franz Linden|gender=m)))	(mention_id=1703|references=(entity=(entity_id=6|fullname=Franz|gender=m)))
12972	ein	0		
12973	Fünfmarkstück	0		
12974	,	0		
12975	und	0		
12976	dem	0		
12977	alten	0		
12978	Sommerfeld	0	(mention_id=1709|references=(entity=(entity_id=entity_0073|fullname=Sommerfeld|gender=m)))	(mention_id=1704|references=(entity=(entity_id=32|fullname=Sommerfeld|gender=m)))
12979	,	0		
12980	seinem	0	(mention_id=1710|references=(entity=(entity_id=entity_0001|fullname=Franz Linden|gender=m)))	(mention_id=1705|references=(entity=(entity_id=6|fullname=Franz|gender=m)))
12981	Kutscher	0	(mention_id=1711|references=(entity=(entity_id=entity_0073|fullname=Sommerfeld|gender=m)))	(mention_id=1706|references=(entity=(entity_id=32|fullname=Sommerfeld|gender=m)))
12982	,	0		
12983	ließ	0		
12984	er	0	(mention_id=1712|references=(entity=(entity_id=entity_0001|fullname=Franz Linden|gender=m)))	(mention_id=1707|references=(entity=(entity_id=6|fullname=Franz|gender=m)))
12985	einen	0		
12986	Pokal	0		
12987	Glühwein	0		
12988	bringen	0		
12989	,	0		
12990	so	0		
12991	groß	0		
12992	,	0		
12993	daß	0		
12994	der	0		
12995	Alte	0	(mention_id=1713|references=(entity=(entity_id=entity_0073|fullname=Sommerfeld|gender=m)))	(mention_id=1708|references=(entity=(entity_id=32|fullname=Sommerfeld|gender=m)))
12996	sichtlich	0		
12997	davor	0		
12998	erschrak	0		
12999	.	0		
13000	»	0		
13001	Wenn	0		
13002	wir	0	(mention_id=1714|references=(entity=(entity_id=entity_0073|fullname=Sommerfeld|gender=m)),(entity=(entity_id=entity_0001|fullname=Franz Linden|gender=m)))	(mention_id=1709|references=(entity=(entity_id=6|fullname=Franz|gender=m)),(entity=(entity_id=32|fullname=Sommerfeld|gender=m)))
13003	man	0		
13004	gut	0		
13005	nach	0		
13006	Haus	0		
13007	kommen	0		
13008	!	0		
13009	«	0		
13010	meinte	0		
13011	er	0	(mention_id=1715|references=(entity=(entity_id=entity_0073|fullname=Sommerfeld|gender=m)))	(mention_id=1710|references=(entity=(entity_id=32|fullname=Sommerfeld|gender=m)))
13012	bedenklich	0		
13013	.	0		
13014	»	0		
13015	Rein	0		
13016	närrisch	0		
13017	!	0		
13018	«	0		
13019	gestand	0		
13020	Linden	0	(mention_id=1716|references=(entity=(entity_id=entity_0001|fullname=Franz Linden|gender=m)))	(mention_id=1711|references=(entity=(entity_id=6|fullname=Franz|gender=m)))
13021	sich	0	(mention_id=1717|references=(entity=(entity_id=entity_0001|fullname=Franz Linden|gender=m)))	(mention_id=1712|references=(entity=(entity_id=6|fullname=Franz|gender=m)))
13022	selbst	0		
13023	.	0		
13024	Und	0		
13025	als	0		
13026	einen	0		
13027	Augenblick	0		
13028	darauf	0		
13029	sein	0	(mention_id=1718|references=(entity=(entity_id=entity_0001|fullname=Franz Linden|gender=m)))	(mention_id=1713|references=(entity=(entity_id=6|fullname=Franz|gender=m)))
13030	Wagen	0		
13031	vorfuhr	0		
13032	und	0		
13033	zugleich	0		
13034	die	0		
13035	Klänge	0		
13036	eines	0		
13037	Straußschen	0		
13038	Walzers	0		
13039	an	0		
13040	sein	0	(mention_id=1719|references=(entity=(entity_id=entity_0001|fullname=Franz Linden|gender=m)))	(mention_id=1714|references=(entity=(entity_id=6|fullname=Franz|gender=m)))
13041	Ohr	0		
13042	schlugen	0		
13043	,	0		
13044	begann	0		
13045	er	0	(mention_id=1720|references=(entity=(entity_id=entity_0001|fullname=Franz Linden|gender=m)))	(mention_id=1715|references=(entity=(entity_id=6|fullname=Franz|gender=m)))
13046	die	0		
13047	Melodie	0		
13048	der	0		
13049	»	0		
13050	Rosen	0		
13051	aus	0		
13052	dem	0		
13053	Süden	0		
13054	«	0		
13055	mitzusingen	0		
13056	.	0		
13057	Dann	0		
13058	rasselte	0		
13059	das	0		
13060	Gefährt	0		
13061	über	0		
13062	den	0		
13063	Marktplatz	0		
13064	auf	0		
13065	die	0		
13066	finstere	0		
13067	Landstraße	0		
13068	hinaus	0		
13069	,	0		
13070	und	0		
13071	rascher	0		
13072	wie	0		
13073	sonst	0		
13074	war	0		
13075	er	0	(mention_id=1721|references=(entity=(entity_id=entity_0001|fullname=Franz Linden|gender=m)))	(mention_id=1716|references=(entity=(entity_id=6|fullname=Franz|gender=m)))
13076	in	0		
13077	seinem	0	(mention_id=1722|references=(entity=(entity_id=entity_0001|fullname=Franz Linden|gender=m)))	(mention_id=1717|references=(entity=(entity_id=6|fullname=Franz|gender=m)))
13078	stillen	0		
13079	Zimmer	0		
13080	daheim	0		
13081	und	0		
13082	tausend	0		
13083	anmutige	0		
13084	Gedanken	0		
13085	mit	0		
13086	ihm	0		
13087	.	0		
