i	token	is_section_start	gold	pred
21107	5.	1		
21108	»	0		
21109	Guten	0		
21110	Tag	0		
21111	,	0		
21112	Onkel	0	(mention_id=2871|references=(entity=(entity_id=entity_0008|fullname=Onkel Heinrich|gender=m)))	(mention_id=2871|references=(entity=(entity_id=33|fullname=Onkel Heinrich|gender=m)))
21113	Heinrich	0	(mention_id=2871|references=(entity=(entity_id=entity_0008|fullname=Onkel Heinrich|gender=m)))	(mention_id=2871|references=(entity=(entity_id=33|fullname=Onkel Heinrich|gender=m)))
21114	!	0		
21115	«	0		
21116	sagte	0		
21117	Trudchen	0	(mention_id=2872|references=(entity=(entity_id=entity_0004|fullname=Gertrud Baumhagen|gender=f)))	(mention_id=2872|references=(entity=(entity_id=39|fullname=Trudchen|gender=f|specialcase_entity=nonfact)))
21118	,	0		
21119	die	0	(mention_id=2873|references=(entity=(entity_id=entity_0004|fullname=Gertrud Baumhagen|gender=f)))	(mention_id=2873|references=(entity=(entity_id=39|fullname=Trudchen|gender=f|specialcase_entity=nonfact)))
21120	im	0		
21121	Erker	0		
21122	am	0		
21123	Nähtischchen	0		
21124	saß	0		
21125	,	0		
21126	und	0		
21127	sie	0	(mention_id=2874|references=(entity=(entity_id=entity_0004|fullname=Gertrud Baumhagen|gender=f)))	(mention_id=2874|references=(entity=(entity_id=39|fullname=Trudchen|gender=f|specialcase_entity=nonfact)))
21128	erhob	0		
21129	sich	0	(mention_id=2875|references=(entity=(entity_id=entity_0004|fullname=Gertrud Baumhagen|gender=f)))	(mention_id=2875|references=(entity=(entity_id=39|fullname=Trudchen|gender=f|specialcase_entity=nonfact)))
21130	und	0		
21131	ging	0		
21132	auf	0		
21133	den	0		
21134	kleinen	0		
21135	,	0		
21136	starken	0		
21137	Herrn	0	(mention_id=2876|references=(entity=(entity_id=entity_0008|fullname=Onkel Heinrich|gender=m)))	(mention_id=2876|references=(entity=(entity_id=33|fullname=Onkel Heinrich|gender=m)))
21138	zu	0		
21139	,	0		
21140	der	0	(mention_id=2877|references=(entity=(entity_id=entity_0008|fullname=Onkel Heinrich|gender=m)))	(mention_id=2877|references=(entity=(entity_id=33|fullname=Onkel Heinrich|gender=m)))
21141	eben	0		
21142	bei	0		
21143	ihr	0	(mention_id=2878|references=(entity=(entity_id=entity_0004|fullname=Gertrud Baumhagen|gender=f)))	(mention_id=2878|references=(entity=(entity_id=39|fullname=Trudchen|gender=f|specialcase_entity=nonfact)))
21144	eintrat	0		
21145	.	0		
21146	»	0		
21147	Es	0		
21148	ist	0		
21149	ein	0		
21150	wahres	0		
21151	Glück	0		
21152	,	0		
21153	daß	0		
21154	wenigstens	0		
21155	eine	0	(mention_id=2879|references=(entity=(entity_id=entity_0004|fullname=Gertrud Baumhagen|gender=f)))	(mention_id=2879|references=(entity=(entity_id=39|fullname=Trudchen|gender=f|specialcase_entity=nonfact)))
21156	von	0		
21157	euch	0	(mention_id=2880|references=(entity=(entity_id=entity_0004|fullname=Gertrud Baumhagen|gender=f)),(entity=(entity_id=entity_0006|fullname=Jenny Fredrich, geb. Baumhagen|gender=f)),(entity=(entity_id=entity_0005|fullname=Ottilie Baumhagen|gender=f)))	(mention_id=2880|references=(entity=(entity_id=39|fullname=Trudchen|gender=f|specialcase_entity=nonfact)))
21158	zu	0		
21159	Hause	0		
21160	ist	0		
21161	«	0		
21162	,	0		
21163	erwiderte	0		
21164	er	0	(mention_id=2881|references=(entity=(entity_id=entity_0008|fullname=Onkel Heinrich|gender=m)))	(mention_id=2881|references=(entity=(entity_id=33|fullname=Onkel Heinrich|gender=m)))
21165	und	0		
21166	putzte	0		
21167	,	0		
21168	nach	0		
21169	einem	0		
21170	kräftigen	0		
21171	Schütteln	0		
21172	von	0		
21173	Trudchens	0	(mention_id=2882|references=(entity=(entity_id=entity_0004|fullname=Gertrud Baumhagen|gender=f)))	(mention_id=2882|references=(entity=(entity_id=39|fullname=Trudchen|gender=f|specialcase_entity=nonfact)))
21174	Händen	0		
21175	,	0		
21176	seine	0	(mention_id=2883|references=(entity=(entity_id=entity_0008|fullname=Onkel Heinrich|gender=m)))	(mention_id=2883|references=(entity=(entity_id=33|fullname=Onkel Heinrich|gender=m)))
21177	Brille	0		
21178	mit	0		
21179	dem	0		
21180	roten	0		
21181	Schnupftuche	0		
21182	.	0		
21183	»	0		
21184	Ob	0		
21185	wohl	0		
21186	von	0		
21187	dem	0		
21188	Weiberzeug	0		
21189	einmal	0		
21190	jemand	0		
21191	daheim	0		
21192	bleiben	0		
21193	kann	0		
21194	außer	0		
21195	dir	0	(mention_id=2884|references=(entity=(entity_id=entity_0004|fullname=Gertrud Baumhagen|gender=f)))	(mention_id=2884|references=(entity=(entity_id=39|fullname=Trudchen|gender=f|specialcase_entity=nonfact)))
21196	!	0		
21197	Frau	0	(mention_id=2885|references=(entity=(entity_id=entity_0006|fullname=Jenny Fredrich, geb. Baumhagen|gender=f)))	(mention_id=2885|references=(entity=(entity_id=11|fullname=Frau Jenny|gender=f)))
21198	Jenny	0	(mention_id=2885|references=(entity=(entity_id=entity_0006|fullname=Jenny Fredrich, geb. Baumhagen|gender=f)))	(mention_id=2885|references=(entity=(entity_id=11|fullname=Frau Jenny|gender=f)))
21199	macht	0		
21200	Besuche	0		
21201	,	0		
21202	Frau	0	(mention_id=2886|references=(entity=(entity_id=entity_0005|fullname=Ottilie Baumhagen|gender=f)))	(mention_id=2886|references=(entity=(entity_id=13|fullname=Frau Ottilie|gender=f)))
21203	Ottilie	0	(mention_id=2886|references=(entity=(entity_id=entity_0005|fullname=Ottilie Baumhagen|gender=f)))	(mention_id=2886|references=(entity=(entity_id=13|fullname=Frau Ottilie|gender=f)))
21204	sind	0		
21205	im	0		
21206	Kaffee	0		
21207	–	0		
21208	man	0		
21209	sieht's	0		
21210	,	0		
21211	hier	0		
21212	fehlt	0		
21213	eine	0		
21214	kräftige	0		
21215	Faust	0		
21216	,	0		
21217	die	0		
21218	den	0		
21219	Zügel	0		
21220	hält	0		
21221	.	0		
21222	«	0		
21223	Trudchen	0	(mention_id=2887|references=(entity=(entity_id=entity_0004|fullname=Gertrud Baumhagen|gender=f)))	(mention_id=2887|references=(entity=(entity_id=39|fullname=Trudchen|gender=f|specialcase_entity=nonfact)))
21224	lächelte	0		
21225	.	0		
21226	»	0		
21227	Onkel	0	(mention_id=2888|references=(entity=(entity_id=entity_0008|fullname=Onkel Heinrich|gender=m)))	(mention_id=2888|references=(entity=(entity_id=33|fullname=Onkel Heinrich|gender=m)))
21228	,	0		
21229	schilt	0		
21230	nicht	0		
21231	und	0		
21232	setze	0		
21233	dich	0	(mention_id=2889|references=(entity=(entity_id=entity_0008|fullname=Onkel Heinrich|gender=m)))	(mention_id=2889|references=(entity=(entity_id=33|fullname=Onkel Heinrich|gender=m)))
21234	«	0		
21235	,	0		
21236	bat	0		
21237	sie	0	(mention_id=2890|references=(entity=(entity_id=entity_0004|fullname=Gertrud Baumhagen|gender=f)))	(mention_id=2890|references=(entity=(entity_id=39|fullname=Trudchen|gender=f|specialcase_entity=nonfact)))
21238	.	0		
21239	»	0		
21240	Mir	0	(mention_id=2891|references=(entity=(entity_id=entity_0004|fullname=Gertrud Baumhagen|gender=f)))	(mention_id=2891|references=(entity=(entity_id=39|fullname=Trudchen|gender=f|specialcase_entity=nonfact)))
21241	kommst	0		
21242	du	0	(mention_id=2892|references=(entity=(entity_id=entity_0008|fullname=Onkel Heinrich|gender=m)))	(mention_id=2892|references=(entity=(entity_id=33|fullname=Onkel Heinrich|gender=m)))
21243	sehr	0		
21244	recht	0		
21245	,	0		
21246	ich	0	(mention_id=2893|references=(entity=(entity_id=entity_0004|fullname=Gertrud Baumhagen|gender=f)))	(mention_id=2893|references=(entity=(entity_id=39|fullname=Trudchen|gender=f|specialcase_entity=nonfact)))
21247	hatte	0		
21248	schon	0		
21249	ein	0		
21250	kleines	0		
21251	Billett	0		
21252	an	0		
21253	dich	0	(mention_id=2894|references=(entity=(entity_id=entity_0008|fullname=Onkel Heinrich|gender=m)))	(mention_id=2894|references=(entity=(entity_id=33|fullname=Onkel Heinrich|gender=m)))
21254	geschrieben	0		
21255	,	0		
21256	darin	0		
21257	ich	0	(mention_id=2895|references=(entity=(entity_id=entity_0004|fullname=Gertrud Baumhagen|gender=f)))	(mention_id=2895|references=(entity=(entity_id=39|fullname=Trudchen|gender=f|specialcase_entity=nonfact)))
21258	dich	0	(mention_id=2896|references=(entity=(entity_id=entity_0008|fullname=Onkel Heinrich|gender=m)))	(mention_id=2896|references=(entity=(entity_id=33|fullname=Onkel Heinrich|gender=m)))
21259	um	0		
21260	eine	0		
21261	Unterredung	0		
21262	bitten	0		
21263	wollte	0		
21264	.	0		
21265	Ich	0	(mention_id=2897|references=(entity=(entity_id=entity_0004|fullname=Gertrud Baumhagen|gender=f)))	(mention_id=2897|references=(entity=(entity_id=39|fullname=Trudchen|gender=f|specialcase_entity=nonfact)))
21266	brauche	0		
21267	deinen	0	(mention_id=2898|references=(entity=(entity_id=entity_0008|fullname=Onkel Heinrich|gender=m)))	(mention_id=2898|references=(entity=(entity_id=33|fullname=Onkel Heinrich|gender=m)))
21268	Rat	0		
21269	.	0		
21270	«	0		
21271	»	0		
21272	Oh	0		
21273	!	0		
21274	Aber	0		
21275	nicht	0		
21276	gleich	0		
21277	,	0		
21278	Kind	0	(mention_id=2899|references=(entity=(entity_id=entity_0004|fullname=Gertrud Baumhagen|gender=f)))	(mention_id=2899|references=(entity=(entity_id=39|fullname=Trudchen|gender=f|specialcase_entity=nonfact)))
21279	,	0		
21280	nicht	0		
21281	gleich	0		
21282	!	0		
21283	Ich	0	(mention_id=2900|references=(entity=(entity_id=entity_0008|fullname=Onkel Heinrich|gender=m)))	(mention_id=2900|references=(entity=(entity_id=33|fullname=Onkel Heinrich|gender=m)))
21284	komme	0		
21285	eben	0		
21286	vom	0		
21287	Tische	0		
21288	«	0		
21289	,	0		
21290	wehrte	0		
21291	er	0	(mention_id=2901|references=(entity=(entity_id=entity_0008|fullname=Onkel Heinrich|gender=m)))	(mention_id=2901|references=(entity=(entity_id=33|fullname=Onkel Heinrich|gender=m)))
21292	ab	0		
21293	,	0		
21294	»	0		
21295	und	0		
21296	nichts	0		
21297	ist	0		
21298	da	0		
21299	gefährlicher	0		
21300	als	0		
21301	angestrengtes	0		
21302	Denken	0		
21303	.	0		
21304	Oh	0		
21305	,	0		
21306	la	0		
21307	la	0		
21308	!	0		
21309	So	0		
21310	ist's	0		
21311	bequem	0		
21312	!	0		
21313	Nun	0		
21314	erzähle	0		
21315	mir	0	(mention_id=2902|references=(entity=(entity_id=entity_0008|fullname=Onkel Heinrich|gender=m)))	(mention_id=2902|references=(entity=(entity_id=39|fullname=Trudchen|gender=f|specialcase_entity=nonfact)))
21316	etwas	0		
21317	Angenehmes	0		
21318	,	0		
21319	Kind	0	(mention_id=2903|references=(entity=(entity_id=entity_0004|fullname=Gertrud Baumhagen|gender=f)))	(mention_id=2903|references=(entity=(entity_id=39|fullname=Trudchen|gender=f|specialcase_entity=nonfact)))
21320	,	0		
21321	von	0		
21322	deinem	0	(mention_id=2904|references=(entity=(entity_id=entity_0004|fullname=Gertrud Baumhagen|gender=f)))	(mention_id=2904|references=(entity=(entity_id=9|fullname=Franz|gender=m)))
21323	Schatz	0	(mention_id=2905|references=(entity=(entity_id=entity_0001|fullname=Franz Linden|gender=m)))	(mention_id=2905|references=(entity=(entity_id=9|fullname=Franz|gender=m)))
21324	;	0		
21325	zum	0		
21326	Beispiel	0		
21327	–	0		
21328	wie	0		
21329	viele	0		
21330	Küsse	0		
21331	hat's	0		
21332	gestern	0		
21333	gegeben	0		
21334	?	0		
21335	Ehrlich	0		
21336	–	0		
21337	Trudchen	0	(mention_id=2906|references=(entity=(entity_id=entity_0004|fullname=Gertrud Baumhagen|gender=f)))	(mention_id=2906|references=(entity=(entity_id=39|fullname=Trudchen|gender=f|specialcase_entity=nonfact)))
21338	!	0		
21339	«	0		
21340	Er	0	(mention_id=2907|references=(entity=(entity_id=entity_0008|fullname=Onkel Heinrich|gender=m)))	(mention_id=2907|references=(entity=(entity_id=33|fullname=Onkel Heinrich|gender=m)))
21341	hatte	0		
21342	sich	0	(mention_id=2908|references=(entity=(entity_id=entity_0008|fullname=Onkel Heinrich|gender=m)))	(mention_id=2908|references=(entity=(entity_id=33|fullname=Onkel Heinrich|gender=m)))
21343	behaglich	0		
21344	in	0		
21345	einen	0		
21346	Lehnstuhl	0		
21347	gestreckt	0		
21348	,	0		
21349	und	0		
21350	die	0		
21351	junge	0		
21352	Nichte	0	(mention_id=2909|references=(entity=(entity_id=entity_0004|fullname=Gertrud Baumhagen|gender=f)))	(mention_id=2909|references=(entity=(entity_id=39|fullname=Trudchen|gender=f|specialcase_entity=nonfact)))
21353	schob	0		
21354	ihm	0	(mention_id=2910|references=(entity=(entity_id=entity_0008|fullname=Onkel Heinrich|gender=m)))	(mention_id=2910|references=(entity=(entity_id=33|fullname=Onkel Heinrich|gender=m)))
21355	ein	0		
21356	Bänkchen	0		
21357	unter	0		
21358	die	0		
21359	Füße	0		
21360	und	0		
21361	legte	0		
21362	ihm	0	(mention_id=2911|references=(entity=(entity_id=entity_0008|fullname=Onkel Heinrich|gender=m)))	(mention_id=2911|references=(entity=(entity_id=33|fullname=Onkel Heinrich|gender=m)))
21363	eine	0		
21364	Decke	0		
21365	über	0		
21366	die	0		
21367	Knie	0		
21368	.	0		
21369	»	0		
21370	Gar	0		
21371	keine	0		
21372	,	0		
21373	Onkel	0	(mention_id=2912|references=(entity=(entity_id=entity_0008|fullname=Onkel Heinrich|gender=m)))	(mention_id=2912|references=(entity=(entity_id=33|fullname=Onkel Heinrich|gender=m)))
21374	«	0		
21375	,	0		
21376	sagte	0		
21377	sie	0	(mention_id=2913|references=(entity=(entity_id=entity_0004|fullname=Gertrud Baumhagen|gender=f)))	(mention_id=2913|references=(entity=(entity_id=39|fullname=Trudchen|gender=f|specialcase_entity=nonfact)))
21378	ernsthaft	0		
21379	,	0		
21380	»	0		
21381	danach	0		
21382	fragt	0		
21383	man	0		
21384	nicht	0		
21385	,	0		
21386	weißt	0		
21387	du	0	(mention_id=2914|references=(entity=(entity_id=entity_0008|fullname=Onkel Heinrich|gender=m)))	(mention_id=2914|references=(entity=(entity_id=33|fullname=Onkel Heinrich|gender=m)))
21388	.	0		
21389	Ich	0	(mention_id=2915|references=(entity=(entity_id=entity_0004|fullname=Gertrud Baumhagen|gender=f)))	(mention_id=2915|references=(entity=(entity_id=39|fullname=Trudchen|gender=f|specialcase_entity=nonfact)))
21390	sehe	0		
21391	Franz	0	(mention_id=2916|references=(entity=(entity_id=entity_0001|fullname=Franz Linden|gender=m)))	(mention_id=2916|references=(entity=(entity_id=9|fullname=Franz|gender=m)))
21392	überhaupt	0		
21393	selten	0		
21394	.	0		
21395	«	0		
21396	Sie	0	(mention_id=2917|references=(entity=(entity_id=entity_0004|fullname=Gertrud Baumhagen|gender=f)))	(mention_id=2917|references=(entity=(entity_id=39|fullname=Trudchen|gender=f|specialcase_entity=nonfact)))
21397	stockte	0		
21398	.	0		
21399	–	0		
21400	»	0		
21401	Mama	0	(mention_id=2918|references=(entity=(entity_id=entity_0005|fullname=Ottilie Baumhagen|gender=f)))	(mention_id=2918|references=(entity=(entity_id=11|fullname=Frau Jenny|gender=f)))
21402	geht	0		
21403	so	0		
21404	viel	0		
21405	aus	0		
21406	,	0		
21407	und	0		
21408	ich	0	(mention_id=2919|references=(entity=(entity_id=entity_0004|fullname=Gertrud Baumhagen|gender=f)))	(mention_id=2919|references=(entity=(entity_id=39|fullname=Trudchen|gender=f|specialcase_entity=nonfact)))
21409	kann	0		
21410	ihn	0	(mention_id=2920|references=(entity=(entity_id=entity_0001|fullname=Franz Linden|gender=m)))	(mention_id=2920|references=(entity=(entity_id=9|fullname=Franz|gender=m)))
21411	doch	0		
21412	nicht	0		
21413	empfangen	0		
21414	,	0		
21415	wenn	0		
21416	sie	0	(mention_id=2921|references=(entity=(entity_id=entity_0005|fullname=Ottilie Baumhagen|gender=f)))	(mention_id=2921|references=(entity=(entity_id=11|fullname=Frau Jenny|gender=f)))
21417	nicht	0		
21418	daheim	0		
21419	ist	0		
21420	.	0		
21421	–	0		
21422	Ach	0		
21423	,	0		
21424	Onkel	0	(mention_id=2922|references=(entity=(entity_id=entity_0008|fullname=Onkel Heinrich|gender=m)))	(mention_id=2922|references=(entity=(entity_id=33|fullname=Onkel Heinrich|gender=m)))
21425	,	0		
21426	das	0		
21427	ist's	0		
21428	ja	0		
21429	,	0		
21430	deshalb	0		
21431	wollte	0		
21432	ich	0	(mention_id=2923|references=(entity=(entity_id=entity_0004|fullname=Gertrud Baumhagen|gender=f)))	(mention_id=2923|references=(entity=(entity_id=39|fullname=Trudchen|gender=f|specialcase_entity=nonfact)))
21433	mit	0		
21434	dir	0	(mention_id=2924|references=(entity=(entity_id=entity_0008|fullname=Onkel Heinrich|gender=m)))	(mention_id=2924|references=(entity=(entity_id=33|fullname=Onkel Heinrich|gender=m)))
21435	sprechen	0		
21436	.	0		
21437	Mama	0	(mention_id=2925|references=(entity=(entity_id=entity_0005|fullname=Ottilie Baumhagen|gender=f)))	(mention_id=2925|references=(entity=(entity_id=11|fullname=Frau Jenny|gender=f)))
21438	«	0		
21439	–	0		
21440	sie	0	(mention_id=2926|references=(entity=(entity_id=entity_0004|fullname=Gertrud Baumhagen|gender=f)))	(mention_id=2926|references=(entity=(entity_id=39|fullname=Trudchen|gender=f|specialcase_entity=nonfact)))
21441	stockte	0		
21442	wieder	0		
21443	–	0		
21444	,	0		
21445	»	0		
21446	Mama	0	(mention_id=2927|references=(entity=(entity_id=entity_0005|fullname=Ottilie Baumhagen|gender=f)))	(mention_id=2927|references=(entity=(entity_id=11|fullname=Frau Jenny|gender=f)))
21447	ängstigt	0		
21448	mich	0	(mention_id=2928|references=(entity=(entity_id=entity_0004|fullname=Gertrud Baumhagen|gender=f)))	(mention_id=2928|references=(entity=(entity_id=39|fullname=Trudchen|gender=f|specialcase_entity=nonfact)))
21449	mit	0		
21450	allerhand	0		
21451	Andeutungen	0		
21452	über	0		
21453	Lindens	0	(mention_id=2929|references=(entity=(entity_id=entity_0001|fullname=Franz Linden|gender=m)))	(mention_id=2929|references=(entity=(entity_id=9|fullname=Franz|gender=m)))
21454	pekuniäre	0		
21455	Lage	0		
21456	.	0		
21457	Du	0	(mention_id=2930|references=(entity=(entity_id=entity_0004|fullname=Gertrud Baumhagen|gender=f)))	(mention_id=2930|references=(entity=(entity_id=33|fullname=Onkel Heinrich|gender=m)))
21458	weißt	0		
21459	,	0		
21460	Onkel	0	(mention_id=2931|references=(entity=(entity_id=entity_0008|fullname=Onkel Heinrich|gender=m)))	(mention_id=2931|references=(entity=(entity_id=33|fullname=Onkel Heinrich|gender=m)))
21461	–	0		
21462	«	0		
21463	»	0		
21464	Und	0		
21465	sie	0	(mention_id=2932|references=(entity=(entity_id=entity_0005|fullname=Ottilie Baumhagen|gender=f)))	(mention_id=2932|references=(entity=(entity_id=11|fullname=Frau Jenny|gender=f)))
21466	versteht	0		
21467	das	0		
21468	aus	0		
21469	dem	0		
21470	Grunde	0		
21471	,	0		
21472	meinst	0		
21473	du	0	(mention_id=2933|references=(entity=(entity_id=entity_0004|fullname=Gertrud Baumhagen|gender=f)))	(mention_id=2933|references=(entity=(entity_id=33|fullname=Onkel Heinrich|gender=m)))
21474	?	0		
21475	«	0		
21476	fragte	0		
21477	der	0		
21478	alte	0		
21479	Herr	0	(mention_id=2934|references=(entity=(entity_id=entity_0008|fullname=Onkel Heinrich|gender=m)))	(mention_id=2934|references=(entity=(entity_id=33|fullname=Onkel Heinrich|gender=m)))
21480	.	0		
21481	»	0		
21482	Nun	0		
21483	natürlich	0		
21484	,	0		
21485	oh	0		
21486	,	0		
21487	la	0		
21488	la	0		
21489	!	0		
21490	«	0		
21491	»	0		
21492	Ja	0		
21493	,	0		
21494	Onkel	0	(mention_id=2935|references=(entity=(entity_id=entity_0008|fullname=Onkel Heinrich|gender=m)))	(mention_id=2935|references=(entity=(entity_id=33|fullname=Onkel Heinrich|gender=m)))
21495	.	0		
21496	Siehst	0		
21497	du	0	(mention_id=2936|references=(entity=(entity_id=entity_0004|fullname=Gertrud Baumhagen|gender=f)))	(mention_id=2936|references=(entity=(entity_id=33|fullname=Onkel Heinrich|gender=m)))
21498	,	0		
21499	vorgestern	0		
21500	fuhr	0		
21501	Mama	0	(mention_id=2937|references=(entity=(entity_id=entity_0005|fullname=Ottilie Baumhagen|gender=f)))	(mention_id=2937|references=(entity=(entity_id=11|fullname=Frau Jenny|gender=f)))
21502	spazieren	0		
21503	mit	0		
21504	Jenny	0	(mention_id=2938|references=(entity=(entity_id=entity_0006|fullname=Jenny Fredrich, geb. Baumhagen|gender=f)))	(mention_id=2938|references=(entity=(entity_id=20|fullname=Jenny|gender=f)))
21505	,	0		
21506	und	0		
21507	als	0		
21508	sie	0	(mention_id=2939|references=(entity=(entity_id=entity_0005|fullname=Ottilie Baumhagen|gender=f)))	(mention_id=2939|references=(entity=(entity_id=11|fullname=Frau Jenny|gender=f)))
21509	zurückkehrte	0		
21510	,	0		
21511	rief	0		
21512	sie	0	(mention_id=2940|references=(entity=(entity_id=entity_0005|fullname=Ottilie Baumhagen|gender=f)))	(mention_id=2940|references=(entity=(entity_id=11|fullname=Frau Jenny|gender=f)))
21513	mich	0	(mention_id=2941|references=(entity=(entity_id=entity_0004|fullname=Gertrud Baumhagen|gender=f)))	(mention_id=2941|references=(entity=(entity_id=39|fullname=Trudchen|gender=f|specialcase_entity=nonfact)))
21514	in	0		
21515	ihr	0	(mention_id=2942|references=(entity=(entity_id=entity_0005|fullname=Ottilie Baumhagen|gender=f)))	(mention_id=2942|references=(entity=(entity_id=11|fullname=Frau Jenny|gender=f)))
21516	Zimmer	0		
21517	,	0		
21518	und	0		
21519	schon	0		
21520	beim	0		
21521	Eintreten	0		
21522	merkte	0		
21523	ich	0	(mention_id=2943|references=(entity=(entity_id=entity_0004|fullname=Gertrud Baumhagen|gender=f)))	(mention_id=2943|references=(entity=(entity_id=39|fullname=Trudchen|gender=f|specialcase_entity=nonfact)))
21524	,	0		
21525	daß	0		
21526	irgend	0		
21527	etwas	0		
21528	vorgegangen	0		
21529	sei	0		
21530	.	0		
21531	–	0		
21532	Denke	0		
21533	dir	0	(mention_id=2944|references=(entity=(entity_id=entity_0008|fullname=Onkel Heinrich|gender=m)))	(mention_id=2944|references=(entity=(entity_id=39|fullname=Trudchen|gender=f|specialcase_entity=nonfact)))
21534	,	0		
21535	Onkel	0	(mention_id=2945|references=(entity=(entity_id=entity_0008|fullname=Onkel Heinrich|gender=m)))	(mention_id=2945|references=(entity=(entity_id=33|fullname=Onkel Heinrich|gender=m)))
21536	,	0		
21537	sie	0	(mention_id=2946|references=(entity=(entity_id=entity_0005|fullname=Ottilie Baumhagen|gender=f)))	(mention_id=2946|references=(entity=(entity_id=11|fullname=Frau Jenny|gender=f)))
21538	war	0		
21539	in	0		
21540	Niendorf	0		
21541	gewesen	0		
21542	,	0		
21543	um	0		
21544	,	0		
21545	wie	0		
21546	Mama	0	(mention_id=2947|references=(entity=(entity_id=entity_0005|fullname=Ottilie Baumhagen|gender=f)))	(mention_id=2947|references=(entity=(entity_id=11|fullname=Frau Jenny|gender=f)))
21547	sich	0	(mention_id=2948|references=(entity=(entity_id=entity_0005|fullname=Ottilie Baumhagen|gender=f)))	(mention_id=2948|references=(entity=(entity_id=11|fullname=Frau Jenny|gender=f)))
21548	ausdrückte	0		
21549	,	0		
21550	den	0		
21551	Ort	0		
21552	zu	0		
21553	sehen	0		
21554	,	0		
21555	wo	0		
21556	ihre	0	(mention_id=2949|references=(entity=(entity_id=entity_0005|fullname=Ottilie Baumhagen|gender=f)))	(mention_id=2949|references=(entity=(entity_id=39|fullname=Trudchen|gender=f|specialcase_entity=nonfact)))
21557	Tochter	0	(mention_id=2950|references=(entity=(entity_id=entity_0004|fullname=Gertrud Baumhagen|gender=f)))	(mention_id=2950|references=(entity=(entity_id=39|fullname=Trudchen|gender=f|specialcase_entity=nonfact)))
21558	sich	0	(mention_id=2951|references=(entity=(entity_id=entity_0004|fullname=Gertrud Baumhagen|gender=f)))	(mention_id=2951|references=(entity=(entity_id=39|fullname=Trudchen|gender=f|specialcase_entity=nonfact)))
21559	zu	0		
21560	begraben	0		
21561	gedächte	0		
21562	.	0		
21563	Es	0		
21564	wäre	0		
21565	ja	0		
21566	empörend	0		
21567	,	0		
21568	sagte	0		
21569	sie	0	(mention_id=2952|references=(entity=(entity_id=entity_0005|fullname=Ottilie Baumhagen|gender=f)))	(mention_id=2952|references=(entity=(entity_id=11|fullname=Frau Jenny|gender=f)))
21570	,	0		
21571	eine	0		
21572	junge	0		
21573	Frau	0	(mention_id=2953|references=(entity=(entity_id=entity_0004|fullname=Gertrud Baumhagen|gender=f)))	(mention_id=2953|references=(entity=(entity_id=39|fullname=Trudchen|gender=f|specialcase_entity=nonfact)))
21574	in	0		
21575	dieses	0		
21576	Bauernhaus	0		
21577	führen	0		
21578	zu	0		
21579	wollen	0		
21580	.	0		
21581	Es	0		
21582	sei	0		
21583	mehr	0		
21584	wie	0		
21585	bescheiden	0		
21586	,	0		
21587	sie	0	(mention_id=2954|references=(entity=(entity_id=entity_0005|fullname=Ottilie Baumhagen|gender=f)))	(mention_id=2954|references=(entity=(entity_id=11|fullname=Frau Jenny|gender=f)))
21588	habe	0		
21589	sich	0	(mention_id=2955|references=(entity=(entity_id=entity_0005|fullname=Ottilie Baumhagen|gender=f)))	(mention_id=2955|references=(entity=(entity_id=11|fullname=Frau Jenny|gender=f)))
21590	gefühlt	0		
21591	wie	0		
21592	auf	0		
21593	einer	0		
21594	Pachtung	0		
21595	dritten	0		
21596	Ranges	0		
21597	.	0		
21598	Linden	0	(mention_id=2956|references=(entity=(entity_id=entity_0001|fullname=Franz Linden|gender=m)))	(mention_id=2956|references=(entity=(entity_id=9|fullname=Franz|gender=m)))
21599	habe	0		
21600	in	0		
21601	einem	0		
21602	Zimmer	0		
21603	gesessen	0		
21604	–	0		
21605	sie	0	(mention_id=2957|references=(entity=(entity_id=entity_0005|fullname=Ottilie Baumhagen|gender=f)))	(mention_id=2957|references=(entity=(entity_id=11|fullname=Frau Jenny|gender=f)))
21606	konnte	0		
21607	die	0		
21608	Decke	0		
21609	mit	0		
21610	der	0		
21611	Hand	0		
21612	erreichen	0		
21613	,	0		
21614	so	0		
21615	niedrig	0		
21616	;	0		
21617	und	0		
21618	alles	0		
21619	schief	0		
21620	und	0		
21621	baufällig	0		
21622	.	0		
21623	Kurz	0		
21624	und	0		
21625	gut	0		
21626	,	0		
21627	ich	0	(mention_id=2958|references=(entity=(entity_id=entity_0004|fullname=Gertrud Baumhagen|gender=f)))	(mention_id=2958|references=(entity=(entity_id=39|fullname=Trudchen|gender=f|specialcase_entity=nonfact)))
21628	dürfe	0		
21629	da	0		
21630	nicht	0		
21631	hinein	0		
21632	,	0		
21633	und	0		
21634	wenn	0		
21635	ich	0	(mention_id=2959|references=(entity=(entity_id=entity_0004|fullname=Gertrud Baumhagen|gender=f)))	(mention_id=2959|references=(entity=(entity_id=39|fullname=Trudchen|gender=f|specialcase_entity=nonfact)))
21636	auf	0		
21637	meiner	0	(mention_id=2960|references=(entity=(entity_id=entity_0004|fullname=Gertrud Baumhagen|gender=f)))	(mention_id=2960|references=(entity=(entity_id=39|fullname=Trudchen|gender=f|specialcase_entity=nonfact)))
21638	Kaprice	0		
21639	bestände	0		
21640	,	0		
21641	Herrn	0	(mention_id=2961|references=(entity=(entity_id=entity_0001|fullname=Franz Linden|gender=m)))	(mention_id=2961|references=(entity=(entity_id=9|fullname=Franz|gender=m)))
21642	Lindens	0	(mention_id=2961|references=(entity=(entity_id=entity_0001|fullname=Franz Linden|gender=m)))	(mention_id=2961|references=(entity=(entity_id=9|fullname=Franz|gender=m)))
21643	Frau	0	(mention_id=2962|references=(entity=(entity_id=entity_0004|fullname=Gertrud Baumhagen|gender=f)))	(mention_id=2962|references=(entity=(entity_id=39|fullname=Trudchen|gender=f|specialcase_entity=nonfact)))
21644	zu	0		
21645	werden	0		
21646	,	0		
21647	so	0		
21648	müsse	0		
21649	sie	0	(mention_id=2963|references=(entity=(entity_id=entity_0005|fullname=Ottilie Baumhagen|gender=f)))	(mention_id=2963|references=(entity=(entity_id=11|fullname=Frau Jenny|gender=f)))
21650	erst	0		
21651	bauen	0		
21652	,	0		
21653	denn	0		
21654	er	0	(mention_id=2964|references=(entity=(entity_id=entity_0001|fullname=Franz Linden|gender=m)))	(mention_id=2964|references=(entity=(entity_id=9|fullname=Franz|gender=m)))
21655	–	0		
21656	er	0	(mention_id=2965|references=(entity=(entity_id=entity_0001|fullname=Franz Linden|gender=m)))	(mention_id=2965|references=(entity=(entity_id=9|fullname=Franz|gender=m)))
21657	–	0		
21658	,	0		
21659	nun	0		
21660	,	0		
21661	er	0	(mention_id=2966|references=(entity=(entity_id=entity_0001|fullname=Franz Linden|gender=m)))	(mention_id=2966|references=(entity=(entity_id=9|fullname=Franz|gender=m)))
21662	habe	0		
21663	es	0		
21664	ja	0		
21665	allerdings	0		
21666	nicht	0		
21667	dazu	0		
21668	.	0		
21669	Und	0		
21670	es	0		
21671	sei	0		
21672	auch	0		
21673	viel	0		
21674	bequemer	0		
21675	,	0		
21676	sich	0	(mention_id=2967|references=(entity=(entity_id=entity_0001|fullname=Franz Linden|gender=m)))	(mention_id=2967|references=(entity=(entity_id=39|fullname=Trudchen|gender=f|specialcase_entity=nonfact)))
21677	von	0		
21678	der	0		
21679	Schwiegermutter	0	(mention_id=2968|references=(entity=(entity_id=entity_0005|fullname=Ottilie Baumhagen|gender=f)))	(mention_id=2968|references=(entity=(entity_id=11|fullname=Frau Jenny|gender=f)))
21680	ein	0		
21681	warmes	0		
21682	Nest	0		
21683	zurechtmachen	0		
21684	zu	0		
21685	lassen	0		
21686	.	0		
21687	Jenny	0	(mention_id=2969|references=(entity=(entity_id=entity_0006|fullname=Jenny Fredrich, geb. Baumhagen|gender=f)))	(mention_id=2969|references=(entity=(entity_id=20|fullname=Jenny|gender=f)))
21688	,	0		
21689	die	0	(mention_id=2970|references=(entity=(entity_id=entity_0006|fullname=Jenny Fredrich, geb. Baumhagen|gender=f)))	(mention_id=2970|references=(entity=(entity_id=20|fullname=Jenny|gender=f)))
21690	bei	0		
21691	dieser	0		
21692	Szene	0		
21693	zugegen	0		
21694	war	0		
21695	,	0		
21696	stimmte	0		
21697	voll	0		
21698	mit	0		
21699	ein	0		
21700	.	0		
21701	–	0		
21702	Ach	0		
21703	Gott	0	(mention_id=2971|references=(entity=(entity_id=entity_0019|fullname=Gott|gender=u|specialcase_entity=nonfact)))	
21704	,	0		
21705	Onkel	0	(mention_id=2972|references=(entity=(entity_id=entity_0008|fullname=Onkel Heinrich|gender=m)))	(mention_id=2971|references=(entity=(entity_id=33|fullname=Onkel Heinrich|gender=m)))
21706	,	0		
21707	er	0	(mention_id=2973|references=(entity=(entity_id=entity_0001|fullname=Franz Linden|gender=m)))	(mention_id=2972|references=(entity=(entity_id=33|fullname=Onkel Heinrich|gender=m)))
21708	tut	0		
21709	mir	0	(mention_id=2974|references=(entity=(entity_id=entity_0004|fullname=Gertrud Baumhagen|gender=f)))	(mention_id=2973|references=(entity=(entity_id=39|fullname=Trudchen|gender=f|specialcase_entity=nonfact)))
21710	so	0		
21711	leid	0		
21712	,	0		
21713	und	0		
21714	alles	0		
21715	meinetwegen	0		
21716	.	0		
21717	«	0		
21718	»	0		
21719	Hat	0		
21720	denn	0		
21721	deine	0	(mention_id=2975|references=(entity=(entity_id=entity_0004|fullname=Gertrud Baumhagen|gender=f)))	(mention_id=2974|references=(entity=(entity_id=11|fullname=Frau Jenny|gender=f)))
21722	Mama	0	(mention_id=2976|references=(entity=(entity_id=entity_0005|fullname=Ottilie Baumhagen|gender=f)))	(mention_id=2975|references=(entity=(entity_id=11|fullname=Frau Jenny|gender=f)))
21723	mit	0		
21724	ihm	0	(mention_id=2977|references=(entity=(entity_id=entity_0001|fullname=Franz Linden|gender=m)))	(mention_id=2976|references=(entity=(entity_id=9|fullname=Franz|gender=m)))
21725	wegen	0		
21726	des	0		
21727	Baues	0		
21728	gesprochen	0		
21729	?	0		
21730	«	0		
21731	fragte	0		
21732	Onkel	0	(mention_id=2978|references=(entity=(entity_id=entity_0008|fullname=Onkel Heinrich|gender=m)))	(mention_id=2977|references=(entity=(entity_id=33|fullname=Onkel Heinrich|gender=m)))
21733	Heinrich	0	(mention_id=2978|references=(entity=(entity_id=entity_0008|fullname=Onkel Heinrich|gender=m)))	(mention_id=2977|references=(entity=(entity_id=33|fullname=Onkel Heinrich|gender=m)))
21734	.	0		
21735	Sie	0	(mention_id=2979|references=(entity=(entity_id=entity_0004|fullname=Gertrud Baumhagen|gender=f)))	(mention_id=2978|references=(entity=(entity_id=39|fullname=Trudchen|gender=f|specialcase_entity=nonfact)))
21736	fuhr	0		
21737	sich	0	(mention_id=2980|references=(entity=(entity_id=entity_0004|fullname=Gertrud Baumhagen|gender=f)))	(mention_id=2979|references=(entity=(entity_id=39|fullname=Trudchen|gender=f|specialcase_entity=nonfact)))
21738	mit	0		
21739	der	0		
21740	Hand	0		
21741	über	0		
21742	die	0		
21743	Stirn	0		
21744	.	0		
21745	»	0		
21746	Ach	0		
21747	Gott	0	(mention_id=2981|references=(entity=(entity_id=entity_0019|fullname=Gott|gender=u|specialcase_entity=nonfact)))	
21748	,	0		
21749	ich	0	(mention_id=2982|references=(entity=(entity_id=entity_0004|fullname=Gertrud Baumhagen|gender=f)))	(mention_id=2980|references=(entity=(entity_id=39|fullname=Trudchen|gender=f|specialcase_entity=nonfact)))
21750	weiß	0		
21751	es	0		
21752	nicht	0		
21753	–	0		
21754	ich	0	(mention_id=2983|references=(entity=(entity_id=entity_0004|fullname=Gertrud Baumhagen|gender=f)))	(mention_id=2981|references=(entity=(entity_id=39|fullname=Trudchen|gender=f|specialcase_entity=nonfact)))
21755	bin	0		
21756	hinausgegangen	0		
21757	,	0		
21758	ohne	0		
21759	zu	0		
21760	antworten	0		
21761	.	0		
21762	Wenn	0		
21763	ich	0	(mention_id=2984|references=(entity=(entity_id=entity_0004|fullname=Gertrud Baumhagen|gender=f)))	(mention_id=2982|references=(entity=(entity_id=39|fullname=Trudchen|gender=f|specialcase_entity=nonfact)))
21764	es	0		
21765	getan	0		
21766	–	0		
21767	so	0		
21768	–	0		
21769	,	0		
21770	wir	0	(mention_id=2985|references=(entity=(entity_id=entity_0004|fullname=Gertrud Baumhagen|gender=f)),(entity=(entity_id=entity_0005|fullname=Ottilie Baumhagen|gender=f)))	(mention_id=2983|references=(entity=(entity_id=39|fullname=Trudchen|gender=f|specialcase_entity=nonfact)),(entity=(entity_id=11|fullname=Frau Jenny|gender=f)))
21771	kämpfen	0		
21772	mit	0		
21773	zu	0		
21774	ungleichen	0		
21775	Waffen	0		
21776	oder	0		
21777	vielmehr	0		
21778	,	0		
21779	ich	0	(mention_id=2986|references=(entity=(entity_id=entity_0004|fullname=Gertrud Baumhagen|gender=f)))	(mention_id=2984|references=(entity=(entity_id=39|fullname=Trudchen|gender=f|specialcase_entity=nonfact)))
21780	darf	0		
21781	meine	0	(mention_id=2987|references=(entity=(entity_id=entity_0004|fullname=Gertrud Baumhagen|gender=f)))	(mention_id=2985|references=(entity=(entity_id=39|fullname=Trudchen|gender=f|specialcase_entity=nonfact)))
21782	Waffen	0		
21783	nicht	0		
21784	gebrauchen	0		
21785	,	0		
21786	sie	0	(mention_id=2988|references=(entity=(entity_id=entity_0005|fullname=Ottilie Baumhagen|gender=f)))	(mention_id=2986|references=(entity=(entity_id=11|fullname=Frau Jenny|gender=f)))
21787	ist	0		
21788	doch	0		
21789	meine	0	(mention_id=2989|references=(entity=(entity_id=entity_0004|fullname=Gertrud Baumhagen|gender=f)))	(mention_id=2987|references=(entity=(entity_id=39|fullname=Trudchen|gender=f|specialcase_entity=nonfact)))
21790	Mutter	0	(mention_id=2990|references=(entity=(entity_id=entity_0005|fullname=Ottilie Baumhagen|gender=f)))	(mention_id=2988|references=(entity=(entity_id=11|fullname=Frau Jenny|gender=f)))
21791	.	0		
21792	«	0		
21793	Die	0		
21794	Augen	0		
21795	des	0		
21796	Onkels	0	(mention_id=2991|references=(entity=(entity_id=entity_0008|fullname=Onkel Heinrich|gender=m)))	(mention_id=2989|references=(entity=(entity_id=33|fullname=Onkel Heinrich|gender=m)))
21797	sahen	0		
21798	sie	0	(mention_id=2992|references=(entity=(entity_id=entity_0004|fullname=Gertrud Baumhagen|gender=f)))	(mention_id=2990|references=(entity=(entity_id=39|fullname=Trudchen|gender=f|specialcase_entity=nonfact)))
21799	mit	0		
21800	unverkennbarem	0		
21801	Mitleid	0		
21802	an	0		
21803	.	0		
21804	Sie	0	(mention_id=2993|references=(entity=(entity_id=entity_0004|fullname=Gertrud Baumhagen|gender=f)))	(mention_id=2991|references=(entity=(entity_id=39|fullname=Trudchen|gender=f|specialcase_entity=nonfact)))
21805	war	0		
21806	so	0		
21807	blaß	0		
21808	,	0		
21809	und	0		
21810	um	0		
21811	den	0		
21812	hübschen	0		
21813	Mund	0		
21814	lag	0		
21815	ein	0		
21816	müder	0		
21817	Zug	0		
21818	.	0		
21819	»	0		
21820	Du	0	(mention_id=2994|references=(entity=(entity_id=entity_0004|fullname=Gertrud Baumhagen|gender=f)))	(mention_id=2992|references=(entity=(entity_id=39|fullname=Trudchen|gender=f|specialcase_entity=nonfact)))
21821	armes	0		
21822	Ding	0	(mention_id=2995|references=(entity=(entity_id=entity_0004|fullname=Gertrud Baumhagen|gender=f)))	(mention_id=2993|references=(entity=(entity_id=39|fullname=Trudchen|gender=f|specialcase_entity=nonfact)))
21823	!	0		
21824	Ja	0		
21825	,	0		
21826	ja	0		
21827	,	0		
21828	den	0		
21829	Brautstand	0		
21830	machen	0		
21831	sie	0	(mention_id=2996|references=(entity=(entity_id=entity_0006|fullname=Jenny Fredrich, geb. Baumhagen|gender=f)),(entity=(entity_id=entity_0005|fullname=Ottilie Baumhagen|gender=f)))	(mention_id=2994|references=(entity=(entity_id=11|fullname=Frau Jenny|gender=f)))
21832	dir	0	(mention_id=2997|references=(entity=(entity_id=entity_0004|fullname=Gertrud Baumhagen|gender=f)))	(mention_id=2995|references=(entity=(entity_id=39|fullname=Trudchen|gender=f|specialcase_entity=nonfact)))
21833	nicht	0		
21834	gerade	0		
21835	zum	0		
21836	Paradiese	0		
21837	«	0		
21838	,	0		
21839	dachte	0		
21840	er	0	(mention_id=2998|references=(entity=(entity_id=entity_0008|fullname=Onkel Heinrich|gender=m)))	(mention_id=2996|references=(entity=(entity_id=33|fullname=Onkel Heinrich|gender=m)))
21841	;	0		
21842	aber	0		
21843	er	0	(mention_id=2999|references=(entity=(entity_id=entity_0008|fullname=Onkel Heinrich|gender=m)))	(mention_id=2997|references=(entity=(entity_id=33|fullname=Onkel Heinrich|gender=m)))
21844	räusperte	0		
21845	sich	0	(mention_id=3000|references=(entity=(entity_id=entity_0008|fullname=Onkel Heinrich|gender=m)))	(mention_id=2998|references=(entity=(entity_id=33|fullname=Onkel Heinrich|gender=m)))
21846	nur	0		
21847	und	0		
21848	schwieg	0		
21849	.	0		
21850	»	0		
21851	Und	0		
21852	was	0		
21853	kann	0		
21854	ich	0	(mention_id=3001|references=(entity=(entity_id=entity_0008|fullname=Onkel Heinrich|gender=m)))	(mention_id=2999|references=(entity=(entity_id=39|fullname=Trudchen|gender=f|specialcase_entity=nonfact)))
21855	dabei	0		
21856	tun	0		
21857	?	0		
21858	«	0		
21859	fragte	0		
21860	er	0	(mention_id=3002|references=(entity=(entity_id=entity_0008|fullname=Onkel Heinrich|gender=m)))	(mention_id=3000|references=(entity=(entity_id=33|fullname=Onkel Heinrich|gender=m)))
21861	nach	0		
21862	einer	0		
21863	Pause	0		
21864	.	0		
21865	»	0		
21866	Das	0		
21867	sollst	0		
21868	du	0	(mention_id=3003|references=(entity=(entity_id=entity_0008|fullname=Onkel Heinrich|gender=m)))	(mention_id=3001|references=(entity=(entity_id=39|fullname=Trudchen|gender=f|specialcase_entity=nonfact)))
21869	gleich	0		
21870	hören	0		
21871	«	0		
21872	,	0		
21873	sprach	0		
21874	Trudchen	0	(mention_id=3004|references=(entity=(entity_id=entity_0004|fullname=Gertrud Baumhagen|gender=f)))	(mention_id=3002|references=(entity=(entity_id=39|fullname=Trudchen|gender=f|specialcase_entity=nonfact)))
21875	.	0		
21876	»	0		
21877	Sieh	0		
21878	,	0		
21879	ich	0	(mention_id=3005|references=(entity=(entity_id=entity_0004|fullname=Gertrud Baumhagen|gender=f)))	(mention_id=3003|references=(entity=(entity_id=39|fullname=Trudchen|gender=f|specialcase_entity=nonfact)))
21880	muß	0		
21881	dich	0	(mention_id=3006|references=(entity=(entity_id=entity_0008|fullname=Onkel Heinrich|gender=m)))	(mention_id=3004|references=(entity=(entity_id=33|fullname=Onkel Heinrich|gender=m)))
21882	schon	0		
21883	quälen	0		
21884	.	0		
21885	Mit	0		
21886	Artur	0	(mention_id=3007|references=(entity=(entity_id=entity_0007|fullname=Artur Fredrich|gender=m)))	(mention_id=3005|references=(entity=(entity_id=1|fullname=Artur|gender=m)))
21887	stehe	0		
21888	ich	0	(mention_id=3008|references=(entity=(entity_id=entity_0004|fullname=Gertrud Baumhagen|gender=f)))	(mention_id=3006|references=(entity=(entity_id=39|fullname=Trudchen|gender=f|specialcase_entity=nonfact)))
21889	mich	0	(mention_id=3009|references=(entity=(entity_id=entity_0004|fullname=Gertrud Baumhagen|gender=f)))	(mention_id=3007|references=(entity=(entity_id=39|fullname=Trudchen|gender=f|specialcase_entity=nonfact)))
21890	keineswegs	0		
21891	so	0		
21892	,	0		
21893	daß	0		
21894	er	0	(mention_id=3010|references=(entity=(entity_id=entity_0007|fullname=Artur Fredrich|gender=m)))	(mention_id=3008|references=(entity=(entity_id=1|fullname=Artur|gender=m)))
21895	mir	0	(mention_id=3011|references=(entity=(entity_id=entity_0004|fullname=Gertrud Baumhagen|gender=f)))	(mention_id=3009|references=(entity=(entity_id=39|fullname=Trudchen|gender=f|specialcase_entity=nonfact)))
21896	hier	0		
21897	raten	0		
21898	könnte	0		
21899	.	0		
21900	Ich	0	(mention_id=3012|references=(entity=(entity_id=entity_0004|fullname=Gertrud Baumhagen|gender=f)))	(mention_id=3010|references=(entity=(entity_id=39|fullname=Trudchen|gender=f|specialcase_entity=nonfact)))
21901	möchte	0		
21902	dich	0	(mention_id=3013|references=(entity=(entity_id=entity_0008|fullname=Onkel Heinrich|gender=m)))	(mention_id=3011|references=(entity=(entity_id=33|fullname=Onkel Heinrich|gender=m)))
21903	bitten	0		
21904	,	0		
21905	Onkel	0	(mention_id=3014|references=(entity=(entity_id=entity_0008|fullname=Onkel Heinrich|gender=m)))	(mention_id=3012|references=(entity=(entity_id=33|fullname=Onkel Heinrich|gender=m)))
21906	,	0		
21907	mit	0		
21908	Franz	0	(mention_id=3015|references=(entity=(entity_id=entity_0001|fullname=Franz Linden|gender=m)))	(mention_id=3013|references=(entity=(entity_id=9|fullname=Franz|gender=m)))
21909	zu	0		
21910	sprechen	0		
21911	.	0		
21912	Ich	0	(mention_id=3016|references=(entity=(entity_id=entity_0004|fullname=Gertrud Baumhagen|gender=f)))	(mention_id=3014|references=(entity=(entity_id=39|fullname=Trudchen|gender=f|specialcase_entity=nonfact)))
21913	will	0		
21914	wissen	0		
21915	,	0		
21916	wie	0		
21917	groß	0		
21918	seine	0	(mention_id=3017|references=(entity=(entity_id=entity_0001|fullname=Franz Linden|gender=m)))	(mention_id=3015|references=(entity=(entity_id=9|fullname=Franz|gender=m)))
21919	pekuniären	0		
21920	Sorgen	0		
21921	sind	0		
21922	,	0		
21923	und	0		
21924	–	0		
21925	«	0		
21926	»	0		
21927	Ei	0		
21928	,	0		
21929	Kind	0	(mention_id=3018|references=(entity=(entity_id=entity_0004|fullname=Gertrud Baumhagen|gender=f)))	(mention_id=3016|references=(entity=(entity_id=39|fullname=Trudchen|gender=f|specialcase_entity=nonfact)))
21930	,	0		
21931	laß	0		
21932	den	0		
21933	Unsinn	0		
21934	!	0		
21935	«	0		
21936	unterbrach	0		
21937	sie	0	(mention_id=3019|references=(entity=(entity_id=entity_0008|fullname=Onkel Heinrich|gender=m)))	(mention_id=3017|references=(entity=(entity_id=39|fullname=Trudchen|gender=f|specialcase_entity=nonfact)))
21938	,	0		
21939	augenscheinlich	0		
21940	peinlich	0		
21941	berührt	0		
21942	,	0		
21943	der	0		
21944	alte	0		
21945	Herr	0	(mention_id=3020|references=(entity=(entity_id=entity_0008|fullname=Onkel Heinrich|gender=m)))	(mention_id=3018|references=(entity=(entity_id=33|fullname=Onkel Heinrich|gender=m)))
21946	.	0		
21947	»	0		
21948	Wozu	0		
21949	mich	0	(mention_id=3021|references=(entity=(entity_id=entity_0008|fullname=Onkel Heinrich|gender=m)))	(mention_id=3019|references=(entity=(entity_id=33|fullname=Onkel Heinrich|gender=m)))
21950	denn	0		
21951	da	0		
21952	hinein	0		
21953	bringen	0		
21954	?	0		
21955	Pekuniäre	0		
21956	Sorgen	0		
21957	!	0		
21958	Was	0		
21959	willst	0		
21960	du	0	(mention_id=3022|references=(entity=(entity_id=entity_0004|fullname=Gertrud Baumhagen|gender=f)))	(mention_id=3020|references=(entity=(entity_id=39|fullname=Trudchen|gender=f|specialcase_entity=nonfact)))
21961	dagegen	0		
21962	tun	0		
21963	?	0		
21964	Vorläufig	0		
21965	geht	0		
21966	dich	0	(mention_id=3023|references=(entity=(entity_id=entity_0004|fullname=Gertrud Baumhagen|gender=f)))	(mention_id=3021|references=(entity=(entity_id=39|fullname=Trudchen|gender=f|specialcase_entity=nonfact)))
21967	das	0		
21968	gar	0		
21969	nichts	0		
21970	an	0		
21971	–	0		
21972	wirst	0		
21973	es	0		
21974	früh	0		
21975	genug	0		
21976	erfahren	0		
21977	.	0		
21978	«	0		
21979	»	0		
21980	Du	0	(mention_id=3024|references=(entity=(entity_id=entity_0004|fullname=Gertrud Baumhagen|gender=f)))	(mention_id=3022|references=(entity=(entity_id=39|fullname=Trudchen|gender=f|specialcase_entity=nonfact)))
21981	meinst	0		
21982	,	0		
21983	weil	0		
21984	wir	0	(mention_id=3025|references=(entity=(entity_id=entity_0004|fullname=Gertrud Baumhagen|gender=f)),(entity=(entity_id=entity_0001|fullname=Franz Linden|gender=m)))	(mention_id=3023|references=(entity=(entity_id=39|fullname=Trudchen|gender=f|specialcase_entity=nonfact)),(entity=(entity_id=9|fullname=Franz|gender=m)))
21985	noch	0		
21986	nicht	0		
21987	Mann	0	(mention_id=3026|references=(entity=(entity_id=entity_0001|fullname=Franz Linden|gender=m)))	(mention_id=3024|references=(entity=(entity_id=9|fullname=Franz|gender=m)))
21988	und	0		
21989	Frau	0	(mention_id=3027|references=(entity=(entity_id=entity_0004|fullname=Gertrud Baumhagen|gender=f)))	(mention_id=3025|references=(entity=(entity_id=39|fullname=Trudchen|gender=f|specialcase_entity=nonfact)))
21990	sind	0		
21991	?	0		
21992	«	0		
21993	fragte	0		
21994	sie	0	(mention_id=3028|references=(entity=(entity_id=entity_0004|fullname=Gertrud Baumhagen|gender=f)))	(mention_id=3026|references=(entity=(entity_id=39|fullname=Trudchen|gender=f|specialcase_entity=nonfact)))
21995	.	0		
21996	»	0		
21997	Na	0		
21998	,	0		
21999	versteht	0		
22000	sich	0		
22001	!	0		
22002	«	0		
22003	nickte	0		
22004	er	0	(mention_id=3029|references=(entity=(entity_id=entity_0008|fullname=Onkel Heinrich|gender=m)))	(mention_id=3027|references=(entity=(entity_id=33|fullname=Onkel Heinrich|gender=m)))
22005	.	0		
22006	»	0		
22007	Oh	0		
22008	,	0		
22009	das	0		
22010	ist	0		
22011	ja	0		
22012	ganz	0		
22013	gleichgültig	0		
22014	,	0		
22015	Onkel	0	(mention_id=3030|references=(entity=(entity_id=entity_0008|fullname=Onkel Heinrich|gender=m)))	(mention_id=3028|references=(entity=(entity_id=33|fullname=Onkel Heinrich|gender=m)))
22016	«	0		
22017	,	0		
22018	sprach	0		
22019	sie	0	(mention_id=3031|references=(entity=(entity_id=entity_0004|fullname=Gertrud Baumhagen|gender=f)))	(mention_id=3029|references=(entity=(entity_id=39|fullname=Trudchen|gender=f|specialcase_entity=nonfact)))
22020	lebhaft	0		
22021	.	0		
22022	»	0		
22023	Von	0		
22024	dem	0		
22025	Moment	0		
22026	an	0		
22027	,	0		
22028	da	0		
22029	wir	0	(mention_id=3032|references=(entity=(entity_id=entity_0004|fullname=Gertrud Baumhagen|gender=f)),(entity=(entity_id=entity_0001|fullname=Franz Linden|gender=m)))	(mention_id=3030|references=(entity=(entity_id=39|fullname=Trudchen|gender=f|specialcase_entity=nonfact)),(entity=(entity_id=9|fullname=Franz|gender=m)))
22030	uns	0	(mention_id=3033|references=(entity=(entity_id=entity_0004|fullname=Gertrud Baumhagen|gender=f)),(entity=(entity_id=entity_0001|fullname=Franz Linden|gender=m)))	(mention_id=3031|references=(entity=(entity_id=39|fullname=Trudchen|gender=f|specialcase_entity=nonfact)),(entity=(entity_id=9|fullname=Franz|gender=m)))
22031	verlobt	0		
22032	haben	0		
22033	,	0		
22034	betrachte	0		
22035	ich	0	(mention_id=3034|references=(entity=(entity_id=entity_0004|fullname=Gertrud Baumhagen|gender=f)))	(mention_id=3032|references=(entity=(entity_id=39|fullname=Trudchen|gender=f|specialcase_entity=nonfact)))
22036	mich	0	(mention_id=3035|references=(entity=(entity_id=entity_0004|fullname=Gertrud Baumhagen|gender=f)))	(mention_id=3033|references=(entity=(entity_id=39|fullname=Trudchen|gender=f|specialcase_entity=nonfact)))
22037	als	0		
22038	zu	0		
22039	ihm	0	(mention_id=3036|references=(entity=(entity_id=entity_0001|fullname=Franz Linden|gender=m)))	(mention_id=3034|references=(entity=(entity_id=9|fullname=Franz|gender=m)))
22040	gehörig	0		
22041	und	0		
22042	was	0		
22043	mein	0	(mention_id=3037|references=(entity=(entity_id=entity_0004|fullname=Gertrud Baumhagen|gender=f)))	(mention_id=3035|references=(entity=(entity_id=39|fullname=Trudchen|gender=f|specialcase_entity=nonfact)))
22044	ist	0		
22045	,	0		
22046	als	0		
22047	das	0		
22048	seine	0	(mention_id=3038|references=(entity=(entity_id=entity_0001|fullname=Franz Linden|gender=m)))	(mention_id=3036|references=(entity=(entity_id=9|fullname=Franz|gender=m)))
22049	.	0		
22050	Warum	0		
22051	soll	0		
22052	ich	0	(mention_id=3039|references=(entity=(entity_id=entity_0004|fullname=Gertrud Baumhagen|gender=f)))	(mention_id=3037|references=(entity=(entity_id=39|fullname=Trudchen|gender=f|specialcase_entity=nonfact)))
22053	ihn	0	(mention_id=3040|references=(entity=(entity_id=entity_0001|fullname=Franz Linden|gender=m)))	(mention_id=3038|references=(entity=(entity_id=9|fullname=Franz|gender=m)))
22054	denn	0		
22055	,	0		
22056	da	0		
22057	ich	0	(mention_id=3041|references=(entity=(entity_id=entity_0004|fullname=Gertrud Baumhagen|gender=f)))	(mention_id=3039|references=(entity=(entity_id=39|fullname=Trudchen|gender=f|specialcase_entity=nonfact)))
22058	bereits	0		
22059	frei	0		
22060	über	0		
22061	einen	0		
22062	Teil	0		
22063	meines	0	(mention_id=3042|references=(entity=(entity_id=entity_0004|fullname=Gertrud Baumhagen|gender=f)))	(mention_id=3040|references=(entity=(entity_id=39|fullname=Trudchen|gender=f|specialcase_entity=nonfact)))
22064	Vermögens	0		
22065	verfüge	0		
22066	,	0		
22067	nicht	0		
22068	aus	0		
22069	einer	0		
22070	vielleicht	0		
22071	sehr	0		
22072	unangenehmen	0		
22073	Lage	0		
22074	reißen	0		
22075	?	0		
22076	«	0		
22077	»	0		
22078	Aber	0		
22079	liebes	0		
22080	Kind	0	(mention_id=3043|references=(entity=(entity_id=entity_0004|fullname=Gertrud Baumhagen|gender=f)))	(mention_id=3041|references=(entity=(entity_id=39|fullname=Trudchen|gender=f|specialcase_entity=nonfact)))
22081	–	0		
22082	«	0		
22083	»	0		
22084	Laß	0		
22085	mich	0	(mention_id=3044|references=(entity=(entity_id=entity_0004|fullname=Gertrud Baumhagen|gender=f)))	(mention_id=3042|references=(entity=(entity_id=39|fullname=Trudchen|gender=f|specialcase_entity=nonfact)))
22086	aussprechen	0		
22087	,	0		
22088	Onkel	0	(mention_id=3045|references=(entity=(entity_id=entity_0008|fullname=Onkel Heinrich|gender=m)))	(mention_id=3043|references=(entity=(entity_id=33|fullname=Onkel Heinrich|gender=m)))
22089	.	0		
22090	Du	0	(mention_id=3046|references=(entity=(entity_id=entity_0008|fullname=Onkel Heinrich|gender=m)))	(mention_id=3044|references=(entity=(entity_id=39|fullname=Trudchen|gender=f|specialcase_entity=nonfact)))
22091	weißt	0		
22092	,	0		
22093	ich	0	(mention_id=3047|references=(entity=(entity_id=entity_0004|fullname=Gertrud Baumhagen|gender=f)))	(mention_id=3045|references=(entity=(entity_id=39|fullname=Trudchen|gender=f|specialcase_entity=nonfact)))
22094	habe	0		
22095	zehntausend	0		
22096	Taler	0		
22097	von	0		
22098	Großmama	0	(mention_id=3048|references=(entity=(entity_id=entity_0186|fullname=Großmama|gender=m)))	
22099	voraus	0		
22100	,	0		
22101	über	0		
22102	die	0		
22103	kein	0		
22104	Mensch	0		
22105	als	0		
22106	ich	0	(mention_id=3049|references=(entity=(entity_id=entity_0004|fullname=Gertrud Baumhagen|gender=f)))	(mention_id=3046|references=(entity=(entity_id=39|fullname=Trudchen|gender=f|specialcase_entity=nonfact)))
22107	bestimmen	0		
22108	darf	0		
22109	,	0		
22110	und	0		
22111	diese	0		
22112	zehntausend	0		
22113	Taler	0		
22114	sollst	0		
22115	du	0	(mention_id=3050|references=(entity=(entity_id=entity_0008|fullname=Onkel Heinrich|gender=m)))	(mention_id=3047|references=(entity=(entity_id=33|fullname=Onkel Heinrich|gender=m)))
22116	Linden	0	(mention_id=3051|references=(entity=(entity_id=entity_0001|fullname=Franz Linden|gender=m)))	(mention_id=3048|references=(entity=(entity_id=9|fullname=Franz|gender=m)))
22117	auszahlen	0		
22118	.	0		
22119	–	0		
22120	Ich	0	(mention_id=3052|references=(entity=(entity_id=entity_0004|fullname=Gertrud Baumhagen|gender=f)))	(mention_id=3049|references=(entity=(entity_id=39|fullname=Trudchen|gender=f|specialcase_entity=nonfact)))
22121	glaube	0		
22122	,	0		
22123	er	0	(mention_id=3053|references=(entity=(entity_id=entity_0001|fullname=Franz Linden|gender=m)))	(mention_id=3050|references=(entity=(entity_id=9|fullname=Franz|gender=m)))
22124	muß	0		
22125	notwendig	0		
22126	bauen	0		
22127	,	0		
22128	es	0		
22129	mag	0		
22130	an	0		
22131	diesem	0		
22132	und	0		
22133	jenem	0	(mention_id=3054|references=(entity=(entity_id=entity_0001|fullname=Franz Linden|gender=m)))	
22134	fehlen	0		
22135	draußen	0		
22136	,	0		
22137	es	0		
22138	ängstigt	0		
22139	und	0		
22140	quält	0		
22141	ihn	0	(mention_id=3055|references=(entity=(entity_id=entity_0001|fullname=Franz Linden|gender=m)))	(mention_id=3051|references=(entity=(entity_id=9|fullname=Franz|gender=m)))
22142	–	0		
22143	tue	0		
22144	mir	0	(mention_id=3056|references=(entity=(entity_id=entity_0004|fullname=Gertrud Baumhagen|gender=f)))	(mention_id=3052|references=(entity=(entity_id=39|fullname=Trudchen|gender=f|specialcase_entity=nonfact)))
22145	die	0		
22146	Liebe	0		
22147	,	0		
22148	Onkel	0	(mention_id=3057|references=(entity=(entity_id=entity_0008|fullname=Onkel Heinrich|gender=m)))	(mention_id=3053|references=(entity=(entity_id=33|fullname=Onkel Heinrich|gender=m)))
22149	.	0		
22150	Sieh	0		
22151	,	0		
22152	ich	0	(mention_id=3058|references=(entity=(entity_id=entity_0004|fullname=Gertrud Baumhagen|gender=f)))	(mention_id=3054|references=(entity=(entity_id=39|fullname=Trudchen|gender=f|specialcase_entity=nonfact)))
22153	kann	0		
22154	mit	0		
22155	ihm	0	(mention_id=3059|references=(entity=(entity_id=entity_0001|fullname=Franz Linden|gender=m)))	(mention_id=3055|references=(entity=(entity_id=9|fullname=Franz|gender=m)))
22156	dergleichen	0		
22157	nicht	0		
22158	reden	0		
22159	.	0		
22160	«	0		
22161	»	0		
22162	Ich	0	(mention_id=3060|references=(entity=(entity_id=entity_0008|fullname=Onkel Heinrich|gender=m)))	(mention_id=3056|references=(entity=(entity_id=33|fullname=Onkel Heinrich|gender=m)))
22163	werde	0		
22164	mich	0	(mention_id=3061|references=(entity=(entity_id=entity_0008|fullname=Onkel Heinrich|gender=m)))	(mention_id=3057|references=(entity=(entity_id=33|fullname=Onkel Heinrich|gender=m)))
22165	hüten	0		
22166	,	0		
22167	Jungfer	0	(mention_id=3062|references=(entity=(entity_id=entity_0004|fullname=Gertrud Baumhagen|gender=f)))	(mention_id=3058|references=(entity=(entity_id=39|fullname=Trudchen|gender=f|specialcase_entity=nonfact)))
22168	Trudchen	0	(mention_id=3062|references=(entity=(entity_id=entity_0004|fullname=Gertrud Baumhagen|gender=f)))	(mention_id=3058|references=(entity=(entity_id=39|fullname=Trudchen|gender=f|specialcase_entity=nonfact)))
22169	!	0		
22170	«	0		
22171	»	0		
22172	Warum	0		
22173	?	0		
22174	«	0		
22175	»	0		
22176	Weil	0		
22177	er	0	(mention_id=3063|references=(entity=(entity_id=entity_0001|fullname=Franz Linden|gender=m)))	(mention_id=3059|references=(entity=(entity_id=9|fullname=Franz|gender=m)))
22178	es	0		
22179	am	0		
22180	Ende	0		
22181	nehmen	0		
22182	würde	0		
22183	–	0		
22184	oder	0		
22185	er	0	(mention_id=3064|references=(entity=(entity_id=entity_0001|fullname=Franz Linden|gender=m)))	(mention_id=3060|references=(entity=(entity_id=9|fullname=Franz|gender=m)))
22186	kommt	0		
22187	mir	0	(mention_id=3065|references=(entity=(entity_id=entity_0008|fullname=Onkel Heinrich|gender=m)))	(mention_id=3061|references=(entity=(entity_id=33|fullname=Onkel Heinrich|gender=m)))
22188	vielleicht	0		
22189	grob	0		
22190	.	0		
22191	Danke	0		
22192	ergebenst	0		
22193	!	0		
22194	«	0		
22195	»	0		
22196	Er	0	(mention_id=3066|references=(entity=(entity_id=entity_0001|fullname=Franz Linden|gender=m)))	(mention_id=3062|references=(entity=(entity_id=9|fullname=Franz|gender=m)))
22197	soll	0		
22198	es	0		
22199	auch	0		
22200	nehmen	0		
22201	,	0		
22202	Onkel	0	(mention_id=3067|references=(entity=(entity_id=entity_0008|fullname=Onkel Heinrich|gender=m)))	(mention_id=3063|references=(entity=(entity_id=33|fullname=Onkel Heinrich|gender=m)))
22203	!	0		
22204	«	0		
22205	Er	0	(mention_id=3068|references=(entity=(entity_id=entity_0008|fullname=Onkel Heinrich|gender=m)))	(mention_id=3064|references=(entity=(entity_id=9|fullname=Franz|gender=m)))
22206	schwieg	0		
22207	.	0		
22208	»	0		
22209	Wann	0		
22210	wollt	0		
22211	ihr	0	(mention_id=3069|references=(entity=(entity_id=entity_0004|fullname=Gertrud Baumhagen|gender=f)),(entity=(entity_id=entity_0001|fullname=Franz Linden|gender=m)))	(mention_id=3065|references=(entity=(entity_id=39|fullname=Trudchen|gender=f|specialcase_entity=nonfact)))
22212	denn	0		
22213	heiraten	0		
22214	,	0		
22215	Kind	0	(mention_id=3070|references=(entity=(entity_id=entity_0004|fullname=Gertrud Baumhagen|gender=f)))	(mention_id=3066|references=(entity=(entity_id=39|fullname=Trudchen|gender=f|specialcase_entity=nonfact)))
22216	?	0		
22217	«	0		
22218	fragte	0		
22219	er	0	(mention_id=3071|references=(entity=(entity_id=entity_0008|fullname=Onkel Heinrich|gender=m)))	(mention_id=3067|references=(entity=(entity_id=33|fullname=Onkel Heinrich|gender=m)))
22220	endlich	0		
22221	.	0		
22222	In	0		
22223	Trudchens	0	(mention_id=3072|references=(entity=(entity_id=entity_0004|fullname=Gertrud Baumhagen|gender=f)))	(mention_id=3068|references=(entity=(entity_id=39|fullname=Trudchen|gender=f|specialcase_entity=nonfact)))
22224	Gesicht	0		
22225	stieg	0		
22226	wieder	0		
22227	die	0		
22228	rosige	0		
22229	Glut	0		
22230	.	0		
22231	»	0		
22232	Mama	0	(mention_id=3073|references=(entity=(entity_id=entity_0005|fullname=Ottilie Baumhagen|gender=f)))	(mention_id=3069|references=(entity=(entity_id=11|fullname=Frau Jenny|gender=f)))
22233	hat	0		
22234	sich	0	(mention_id=3074|references=(entity=(entity_id=entity_0005|fullname=Ottilie Baumhagen|gender=f)))	(mention_id=3070|references=(entity=(entity_id=11|fullname=Frau Jenny|gender=f)))
22235	noch	0		
22236	nicht	0		
22237	darüber	0		
22238	ausgesprochen	0		
22239	,	0		
22240	Onkel	0	(mention_id=3075|references=(entity=(entity_id=entity_0008|fullname=Onkel Heinrich|gender=m)))	(mention_id=3071|references=(entity=(entity_id=33|fullname=Onkel Heinrich|gender=m)))
22241	.	0		
22242	Franz	0	(mention_id=3076|references=(entity=(entity_id=entity_0001|fullname=Franz Linden|gender=m)))	(mention_id=3072|references=(entity=(entity_id=9|fullname=Franz|gender=m)))
22243	hofft	0		
22244	im	0		
22245	April	0		
22246	,	0		
22247	und	0		
22248	–	0		
22249	eben	0		
22250	mein	0	(mention_id=3077|references=(entity=(entity_id=entity_0004|fullname=Gertrud Baumhagen|gender=f)))	(mention_id=3073|references=(entity=(entity_id=39|fullname=Trudchen|gender=f|specialcase_entity=nonfact)))
22251	Empfang	0		
22252	soll	0		
22253	ihm	0	(mention_id=3078|references=(entity=(entity_id=entity_0001|fullname=Franz Linden|gender=m)))	(mention_id=3074|references=(entity=(entity_id=9|fullname=Franz|gender=m)))
22254	doch	0		
22255	keine	0		
22256	Sorgen	0		
22257	machen	0		
22258	.	0		
22259	«	0		
22260	»	0		
22261	Schön	0		
22262	!	0		
22263	Schön	0		
22264	!	0		
22265	So	0		
22266	lange	0		
22267	kann	0		
22268	er	0	(mention_id=3079|references=(entity=(entity_id=entity_0001|fullname=Franz Linden|gender=m)))	(mention_id=3075|references=(entity=(entity_id=33|fullname=Onkel Heinrich|gender=m)))
22269	ja	0		
22270	warten	0		
22271	«	0		
22272	,	0		
22273	meinte	0		
22274	der	0		
22275	alte	0		
22276	Herr	0	(mention_id=3080|references=(entity=(entity_id=entity_0008|fullname=Onkel Heinrich|gender=m)))	(mention_id=3076|references=(entity=(entity_id=33|fullname=Onkel Heinrich|gender=m)))
22277	.	0		
22278	Sie	0	(mention_id=3081|references=(entity=(entity_id=entity_0004|fullname=Gertrud Baumhagen|gender=f)))	(mention_id=3077|references=(entity=(entity_id=39|fullname=Trudchen|gender=f|specialcase_entity=nonfact)))
22279	sah	0		
22280	ihn	0	(mention_id=3082|references=(entity=(entity_id=entity_0008|fullname=Onkel Heinrich|gender=m)))	(mention_id=3078|references=(entity=(entity_id=33|fullname=Onkel Heinrich|gender=m)))
22281	enttäuscht	0		
22282	an	0		
22283	,	0		
22284	aber	0		
22285	sie	0	(mention_id=3083|references=(entity=(entity_id=entity_0004|fullname=Gertrud Baumhagen|gender=f)))	(mention_id=3079|references=(entity=(entity_id=39|fullname=Trudchen|gender=f|specialcase_entity=nonfact)))
22286	antwortete	0		
22287	nicht	0		
22288	.	0		
22289	»	0		
22290	Ich	0	(mention_id=3084|references=(entity=(entity_id=entity_0008|fullname=Onkel Heinrich|gender=m)))	(mention_id=3080|references=(entity=(entity_id=33|fullname=Onkel Heinrich|gender=m)))
22291	will	0		
22292	dir	0	(mention_id=3085|references=(entity=(entity_id=entity_0004|fullname=Gertrud Baumhagen|gender=f)))	(mention_id=3081|references=(entity=(entity_id=39|fullname=Trudchen|gender=f|specialcase_entity=nonfact)))
22293	doch	0		
22294	nichts	0		
22295	zuleide	0		
22296	tun	0		
22297	,	0		
22298	Kleine	0	(mention_id=3086|references=(entity=(entity_id=entity_0004|fullname=Gertrud Baumhagen|gender=f)))	(mention_id=3082|references=(entity=(entity_id=39|fullname=Trudchen|gender=f|specialcase_entity=nonfact)))
22299	«	0		
22300	,	0		
22301	fuhr	0		
22302	er	0	(mention_id=3087|references=(entity=(entity_id=entity_0008|fullname=Onkel Heinrich|gender=m)))	(mention_id=3083|references=(entity=(entity_id=33|fullname=Onkel Heinrich|gender=m)))
22303	fort	0		
22304	,	0		
22305	den	0		
22306	traurigen	0		
22307	Blick	0		
22308	wohl	0		
22309	verstehend	0		
22310	,	0		
22311	»	0		
22312	ich	0	(mention_id=3088|references=(entity=(entity_id=entity_0008|fullname=Onkel Heinrich|gender=m)))	(mention_id=3084|references=(entity=(entity_id=33|fullname=Onkel Heinrich|gender=m)))
22313	will	0		
22314	nur	0		
22315	korrekt	0		
22316	in	0		
22317	Geschäftssachen	0		
22318	handeln	0		
22319	.	0		
22320	Schau	0		
22321	,	0		
22322	wenn	0		
22323	du	0	(mention_id=3089|references=(entity=(entity_id=entity_0004|fullname=Gertrud Baumhagen|gender=f)))	(mention_id=3085|references=(entity=(entity_id=39|fullname=Trudchen|gender=f|specialcase_entity=nonfact)))
22324	auf	0		
22325	dein	0	(mention_id=3090|references=(entity=(entity_id=entity_0004|fullname=Gertrud Baumhagen|gender=f)))	(mention_id=3086|references=(entity=(entity_id=39|fullname=Trudchen|gender=f|specialcase_entity=nonfact)))
22326	Vorhaben	0		
22327	versessen	0		
22328	bist	0		
22329	,	0		
22330	so	0		
22331	verbastelt	0		
22332	und	0		
22333	verbaut	0		
22334	und	0		
22335	verjuxt	0		
22336	ihr	0	(mention_id=3091|references=(entity=(entity_id=entity_0004|fullname=Gertrud Baumhagen|gender=f)),(entity=(entity_id=entity_0001|fullname=Franz Linden|gender=m)))	(mention_id=3087|references=(entity=(entity_id=39|fullname=Trudchen|gender=f|specialcase_entity=nonfact)),(entity=(entity_id=9|fullname=Franz|gender=m)))
22337	ein	0		
22338	schönes	0		
22339	Kapital	0		
22340	–	0		
22341	um	0		
22342	euch	0	(mention_id=3092|references=(entity=(entity_id=entity_0004|fullname=Gertrud Baumhagen|gender=f)),(entity=(entity_id=entity_0001|fullname=Franz Linden|gender=m)))	(mention_id=3088|references=(entity=(entity_id=39|fullname=Trudchen|gender=f|specialcase_entity=nonfact)),(entity=(entity_id=9|fullname=Franz|gender=m)))
22343	das	0		
22344	Nest	0		
22345	so	0		
22346	recht	0		
22347	behaglich	0		
22348	und	0		
22349	warm	0		
22350	einzurichten	0		
22351	.	0		
22352	Amantes	0		
22353	amentes	0		
22354	–	0		
22355	das	0		
22356	heißt	0		
22357	in	0		
22358	unser	0	(mention_id=3093|references=(entity=(entity_id=entity_0008|fullname=Onkel Heinrich|gender=m)))	(mention_id=3089|references=(entity=(entity_id=33|fullname=Onkel Heinrich|gender=m)))
22359	geliebtes	0		
22360	Deutsch	0		
22361	übertragen	0		
22362	:	0		
22363	›	0		
22364	Verliebt	0		
22365	–	0		
22366	verdreht	0		
22367	‹	0		
22368	.	0		
22369	Und	0		
22370	wenn	0		
22371	Gott	0	(mention_id=3094|references=(entity=(entity_id=entity_0019|fullname=Gott|gender=u|specialcase_entity=nonfact)))	(mention_id=3090|references=(entity=(entity_id=14|fullname=Gott|gender=u|specialcase_entity=nonfact)))
22372	den	0		
22373	Schaden	0		
22374	besieht	0		
22375	,	0		
22376	bist	0		
22377	du	0	(mention_id=3095|references=(entity=(entity_id=entity_0004|fullname=Gertrud Baumhagen|gender=f)))	(mention_id=3091|references=(entity=(entity_id=39|fullname=Trudchen|gender=f|specialcase_entity=nonfact)))
22378	in	0		
22379	deinem	0	(mention_id=3096|references=(entity=(entity_id=entity_0004|fullname=Gertrud Baumhagen|gender=f)))	(mention_id=3092|references=(entity=(entity_id=39|fullname=Trudchen|gender=f|specialcase_entity=nonfact)))
22380	eigenen	0		
22381	Fett	0		
22382	gebacken	0		
22383	worden	0		
22384	–	0		
22385	ha	0		
22386	,	0		
22387	ha	0		
22388	!	0		
22389	«	0		
22390	Trudchen	0	(mention_id=3097|references=(entity=(entity_id=entity_0004|fullname=Gertrud Baumhagen|gender=f)))	(mention_id=3093|references=(entity=(entity_id=39|fullname=Trudchen|gender=f|specialcase_entity=nonfact)))
22391	veränderte	0		
22392	keine	0		
22393	Miene	0		
22394	,	0		
22395	es	0		
22396	lag	0		
22397	ein	0		
22398	tiefschmerzlicher	0		
22399	Zug	0		
22400	um	0		
22401	ihren	0	(mention_id=3098|references=(entity=(entity_id=entity_0004|fullname=Gertrud Baumhagen|gender=f)))	(mention_id=3094|references=(entity=(entity_id=39|fullname=Trudchen|gender=f|specialcase_entity=nonfact)))
22402	Mund	0		
22403	.	0		
22404	Auch	0		
22405	er	0	(mention_id=3099|references=(entity=(entity_id=entity_0008|fullname=Onkel Heinrich|gender=m)))	(mention_id=3095|references=(entity=(entity_id=33|fullname=Onkel Heinrich|gender=m)))
22406	sprach	0		
22407	so	0		
22408	!	0		
22409	Wie	0		
22410	oft	0		
22411	hörte	0		
22412	sie	0	(mention_id=3100|references=(entity=(entity_id=entity_0004|fullname=Gertrud Baumhagen|gender=f)))	(mention_id=3096|references=(entity=(entity_id=39|fullname=Trudchen|gender=f|specialcase_entity=nonfact)))
22413	derartiges	0		
22414	jetzt	0		
22415	.	0		
22416	Selbst	0		
22417	an	0		
22418	dem	0		
22419	einzigen	0		
22420	Geschenk	0		
22421	,	0		
22422	das	0		
22423	Linden	0	(mention_id=3101|references=(entity=(entity_id=entity_0001|fullname=Franz Linden|gender=m)))	(mention_id=3097|references=(entity=(entity_id=9|fullname=Franz|gender=m)))
22424	ihr	0	(mention_id=3102|references=(entity=(entity_id=entity_0004|fullname=Gertrud Baumhagen|gender=f)))	(mention_id=3098|references=(entity=(entity_id=39|fullname=Trudchen|gender=f|specialcase_entity=nonfact)))
22425	gemacht	0		
22426	,	0		
22427	hatte	0		
22428	man	0		
22429	ihr	0	(mention_id=3103|references=(entity=(entity_id=entity_0004|fullname=Gertrud Baumhagen|gender=f)))	(mention_id=3099|references=(entity=(entity_id=39|fullname=Trudchen|gender=f|specialcase_entity=nonfact)))
22430	durch	0		
22431	eine	0		
22432	ähnliche	0		
22433	verletzende	0		
22434	Redensart	0		
22435	die	0		
22436	Freude	0		
22437	verdorben	0		
22438	.	0		
22439	»	0		
22440	Ei	0		
22441	,	0		
22442	sieh	0		
22443	doch	0		
22444	nicht	0		
22445	so	0		
22446	trostlos	0		
22447	aus	0		
22448	,	0		
22449	Kleine	0	(mention_id=3104|references=(entity=(entity_id=entity_0004|fullname=Gertrud Baumhagen|gender=f)))	(mention_id=3100|references=(entity=(entity_id=39|fullname=Trudchen|gender=f|specialcase_entity=nonfact)))
22450	«	0		
22451	,	0		
22452	gähnte	0		
22453	der	0		
22454	alte	0		
22455	Herr	0	(mention_id=3105|references=(entity=(entity_id=entity_0008|fullname=Onkel Heinrich|gender=m)))	(mention_id=3101|references=(entity=(entity_id=33|fullname=Onkel Heinrich|gender=m)))
22456	,	0		
22457	»	0		
22458	was	0		
22459	habe	0		
22460	ich	0	(mention_id=3106|references=(entity=(entity_id=entity_0008|fullname=Onkel Heinrich|gender=m)))	(mention_id=3102|references=(entity=(entity_id=33|fullname=Onkel Heinrich|gender=m)))
22461	denn	0		
22462	gesagt	0		
22463	?	0		
22464	Wir	0	(mention_id=3107|references=(entity=(entity_id=entity_0178|fullname=Männer|gender=m)))	(mention_id=3103|references=(entity=(entity_id=generic_0001|fullname=Männer im Allgemeinen|gender=u|specialcase_entity=generic)))
22465	Männer	0	(mention_id=3108|references=(entity=(entity_id=entity_0178|fullname=Männer|gender=m)))	(mention_id=3104|references=(entity=(entity_id=generic_0002|fullname=Männer im Allgemeinen|gender=u|specialcase_entity=generic)))
22466	,	0		
22467	glaube	0		
22468	es	0		
22469	mir	0	(mention_id=3109|references=(entity=(entity_id=entity_0008|fullname=Onkel Heinrich|gender=m)))	(mention_id=3105|references=(entity=(entity_id=33|fullname=Onkel Heinrich|gender=m)))
22470	,	0		
22471	sind	0		
22472	alle	0		
22473	miteinander	0		
22474	Egoisten	0	(mention_id=3110|references=(entity=(entity_id=entity_0178|fullname=Männer|gender=m)))	(mention_id=3106|references=(entity=(entity_id=generic_0004|fullname=Egoisten im Allgemeinen|gender=u|specialcase_entity=generic)))
22475	–	0		
22476	warum	0		
22477	willst	0		
22478	denn	0		
22479	du	0	(mention_id=3111|references=(entity=(entity_id=entity_0004|fullname=Gertrud Baumhagen|gender=f)))	(mention_id=3107|references=(entity=(entity_id=39|fullname=Trudchen|gender=f|specialcase_entity=nonfact)))
22480	deinen	0	(mention_id=3112|references=(entity=(entity_id=entity_0004|fullname=Gertrud Baumhagen|gender=f)))	(mention_id=3108|references=(entity=(entity_id=9|fullname=Franz|gender=m)))
22481	Zukünftigen	0	(mention_id=3113|references=(entity=(entity_id=entity_0001|fullname=Franz Linden|gender=m)))	(mention_id=3109|references=(entity=(entity_id=9|fullname=Franz|gender=m)))
22482	noch	0		
22483	darin	0		
22484	bestärken	0		
22485	und	0		
22486	ihm	0	(mention_id=3114|references=(entity=(entity_id=entity_0001|fullname=Franz Linden|gender=m)))	(mention_id=3110|references=(entity=(entity_id=9|fullname=Franz|gender=m)))
22487	schon	0		
22488	von	0		
22489	vornherein	0		
22490	die	0		
22491	gebratenen	0		
22492	Tauben	0		
22493	in	0		
22494	den	0		
22495	Mund	0		
22496	fliegen	0		
22497	lassen	0		
22498	?	0		
22499	Halte	0		
22500	ihn	0	(mention_id=3115|references=(entity=(entity_id=entity_0001|fullname=Franz Linden|gender=m)))	(mention_id=3111|references=(entity=(entity_id=9|fullname=Franz|gender=m)))
22501	knapp	0		
22502	,	0		
22503	Trudchen	0	(mention_id=3116|references=(entity=(entity_id=entity_0004|fullname=Gertrud Baumhagen|gender=f)))	(mention_id=3112|references=(entity=(entity_id=39|fullname=Trudchen|gender=f|specialcase_entity=nonfact)))
22504	,	0		
22505	das	0		
22506	ist	0		
22507	das	0		
22508	einzig	0		
22509	richtige	0		
22510	.	0		
22511	Er	0	(mention_id=3117|references=(entity=(entity_id=entity_0001|fullname=Franz Linden|gender=m)))	(mention_id=3113|references=(entity=(entity_id=9|fullname=Franz|gender=m)))
22512	darf	0		
22513	weiter	0		
22514	nichts	0		
22515	sein	0		
22516	als	0		
22517	der	0		
22518	Prinz-Gemahl	0	(mention_id=3118|references=(entity=(entity_id=entity_0001|fullname=Franz Linden|gender=m)|specialcase_reference=figurative))	(mention_id=3114|references=(entity=(entity_id=9|fullname=Franz|gender=m)))
22519	–	0		
22520	die	0		
22521	Regierung	0		
22522	behältst	0		
22523	du	0	(mention_id=3119|references=(entity=(entity_id=entity_0004|fullname=Gertrud Baumhagen|gender=f)))	(mention_id=3115|references=(entity=(entity_id=39|fullname=Trudchen|gender=f|specialcase_entity=nonfact)))
22524	in	0		
22525	deinen	0	(mention_id=3120|references=(entity=(entity_id=entity_0004|fullname=Gertrud Baumhagen|gender=f)))	(mention_id=3116|references=(entity=(entity_id=39|fullname=Trudchen|gender=f|specialcase_entity=nonfact)))
22526	kleinen	0		
22527	Fäusten	0		
22528	.	0		
22529	Alle	0		
22530	Wetter	0		
22531	,	0		
22532	und	0		
22533	ich	0	(mention_id=3121|references=(entity=(entity_id=entity_0008|fullname=Onkel Heinrich|gender=m)))	(mention_id=3117|references=(entity=(entity_id=33|fullname=Onkel Heinrich|gender=m)))
22534	glaube	0		
22535	,	0		
22536	regieren	0		
22537	kannst	0		
22538	du	0	(mention_id=3122|references=(entity=(entity_id=entity_0004|fullname=Gertrud Baumhagen|gender=f)))	(mention_id=3118|references=(entity=(entity_id=39|fullname=Trudchen|gender=f|specialcase_entity=nonfact)))
22539	.	0		
22540	«	0		
22541	»	0		
22542	Onkel	0	(mention_id=3123|references=(entity=(entity_id=entity_0008|fullname=Onkel Heinrich|gender=m)))	(mention_id=3119|references=(entity=(entity_id=33|fullname=Onkel Heinrich|gender=m)))
22543	!	0		
22544	«	0		
22545	sagte	0		
22546	das	0		
22547	schöne	0		
22548	Mädchen	0	(mention_id=3124|references=(entity=(entity_id=entity_0004|fullname=Gertrud Baumhagen|gender=f)))	(mention_id=3120|references=(entity=(entity_id=39|fullname=Trudchen|gender=f|specialcase_entity=nonfact)))
22549	weich	0		
22550	und	0		
22551	trat	0		
22552	vor	0		
22553	ihn	0	(mention_id=3125|references=(entity=(entity_id=entity_0008|fullname=Onkel Heinrich|gender=m)))	(mention_id=3121|references=(entity=(entity_id=33|fullname=Onkel Heinrich|gender=m)))
22554	hin	0		
22555	.	0		
22556	»	0		
22557	Onkel	0	(mention_id=3126|references=(entity=(entity_id=entity_0008|fullname=Onkel Heinrich|gender=m)))	(mention_id=3122|references=(entity=(entity_id=33|fullname=Onkel Heinrich|gender=m)))
22558	,	0		
22559	du	0	(mention_id=3127|references=(entity=(entity_id=entity_0008|fullname=Onkel Heinrich|gender=m)))	(mention_id=3123|references=(entity=(entity_id=39|fullname=Trudchen|gender=f|specialcase_entity=nonfact)))
22560	bist	0		
22561	ja	0		
22562	ein	0		
22563	Heuchler	0	(mention_id=3128|references=(entity=(entity_id=entity_0008|fullname=Onkel Heinrich|gender=m)))	(mention_id=3124|references=(entity=(entity_id=33|fullname=Onkel Heinrich|gender=m)))
22564	,	0		
22565	du	0	(mention_id=3129|references=(entity=(entity_id=entity_0008|fullname=Onkel Heinrich|gender=m)))	(mention_id=3125|references=(entity=(entity_id=39|fullname=Trudchen|gender=f|specialcase_entity=nonfact)))
22566	redest	0		
22567	von	0		
22568	Dingen	0		
22569	,	0		
22570	an	0		
22571	die	0		
22572	du	0	(mention_id=3130|references=(entity=(entity_id=entity_0008|fullname=Onkel Heinrich|gender=m)))	(mention_id=3126|references=(entity=(entity_id=33|fullname=Onkel Heinrich|gender=m)))
22573	selbst	0		
22574	nicht	0		
22575	glaubst	0		
22576	.	0		
22577	Egoisten	0	(mention_id=3131|references=(entity=(entity_id=entity_0178|fullname=Männer|gender=m)))	(mention_id=3127|references=(entity=(entity_id=generic_0005|fullname=Egoisten im Allgemeinen|gender=u|specialcase_entity=generic)))
22578	seid	0		
22579	ihr	0	(mention_id=3132|references=(entity=(entity_id=entity_0178|fullname=Männer|gender=m)))	(mention_id=3128|references=(entity=(entity_id=generic_0003|fullname=Männer im Allgemeinen|gender=u|specialcase_entity=generic)))
22580	alle	0		
22581	?	0		
22582	Und	0		
22583	ich	0	(mention_id=3133|references=(entity=(entity_id=entity_0004|fullname=Gertrud Baumhagen|gender=f)))	(mention_id=3129|references=(entity=(entity_id=33|fullname=Onkel Heinrich|gender=m)))
22584	kenne	0		
22585	keinen	0		
22586	Menschen	0	(mention_id=3134|references=(entity=(entity_id=generic_0025|fullname=Menschen|gender=u|specialcase_entity=generic)))	(mention_id=3130|references=(entity=(entity_id=generic_0006|fullname=Menschen im Allgemeinen|gender=u|specialcase_entity=generic)))
22587	,	0		
22588	der	0	(mention_id=3135|references=(entity=(entity_id=entity_0008|fullname=Onkel Heinrich|gender=m)))	(mention_id=3131|references=(entity=(entity_id=33|fullname=Onkel Heinrich|gender=m)))
22589	weniger	0		
22590	Anlage	0		
22591	dazu	0		
22592	hat	0		
22593	als	0		
22594	du	0	(mention_id=3136|references=(entity=(entity_id=entity_0008|fullname=Onkel Heinrich|gender=m)))	(mention_id=3132|references=(entity=(entity_id=33|fullname=Onkel Heinrich|gender=m)))
22595	.	0		
22596	«	0		
22597	»	0		
22598	Wahrhaftig	0		
22599	,	0		
22600	Kind	0	(mention_id=3137|references=(entity=(entity_id=entity_0004|fullname=Gertrud Baumhagen|gender=f)))	(mention_id=3133|references=(entity=(entity_id=39|fullname=Trudchen|gender=f|specialcase_entity=nonfact)))
22601	!	0		
22602	«	0		
22603	beteuerte	0		
22604	er	0	(mention_id=3138|references=(entity=(entity_id=entity_0008|fullname=Onkel Heinrich|gender=m)))	(mention_id=3134|references=(entity=(entity_id=33|fullname=Onkel Heinrich|gender=m)))
22605	lachend	0		
22606	.	0		
22607	»	0		
22608	Ein	0		
22609	Egoist	0		(mention_id=3135|references=(entity=(entity_id=generic_0007|fullname=Egoist im Allgemeinen|gender=u|specialcase_entity=generic)))
22610	bin	0		
22611	ich	0	(mention_id=3139|references=(entity=(entity_id=entity_0008|fullname=Onkel Heinrich|gender=m)))	(mention_id=3136|references=(entity=(entity_id=33|fullname=Onkel Heinrich|gender=m)))
22612	vom	0		
22613	reinsten	0		
22614	Wasser	0		
22615	.	0		
22616	«	0		
22617	»	0		
22618	So	0		
22619	?	0		
22620	Wer	0		
22621	gibt	0		
22622	denn	0		
22623	am	0		
22624	meisten	0		
22625	den	0		
22626	Bedürftigen	0	(mention_id=3140|references=(entity=(entity_id=entity_0185|fullname=Bedürftige|gender=u|specialcase_entity=group)))	(mention_id=3137|references=(entity=(entity_id=generic_0008|fullname=Bedürftige im Allgemeinen|gender=u|specialcase_entity=generic)))
22627	in	0		
22628	der	0		
22629	Stadt	0		
22630	?	0		
22631	Wer	0		
22632	unterhält	0		
22633	denn	0		
22634	eine	0		
22635	ganze	0		
22636	arme	0		
22637	Lehrerfamilie	0	(mention_id=3141|references=(entity=(entity_id=entity_0183|fullname=Lehrerfamilie|gender=mf|members=entity_0176,entity_0177,entity_0181,entity_0190|all_members_given=True|specialcase_entity=group)))	(mention_id=3138|references=(entity=(entity_id=generic_0009|fullname=Lehrerfamilie im Allgemeinen|gender=u|specialcase_entity=generic)))
22638	in	0		
22639	Wohnung	0		
22640	,	0		
22641	Kleidung	0		
22642	,	0		
22643	Essen	0		
22644	und	0		
22645	Trinken	0		
22646	?	0		
22647	Nun	0		
22648	,	0		
22649	wer	0		
22650	,	0		
22651	Onkel	0	(mention_id=3142|references=(entity=(entity_id=entity_0008|fullname=Onkel Heinrich|gender=m)))	(mention_id=3139|references=(entity=(entity_id=33|fullname=Onkel Heinrich|gender=m)))
22652	?	0		
22653	«	0		
22654	»	0		
22655	Alles	0		
22656	Egoismus	0		
22657	,	0		
22658	nichts	0		
22659	als	0		
22660	Egoismus	0		
22661	!	0		
22662	«	0		
22663	rief	0		
22664	er	0	(mention_id=3143|references=(entity=(entity_id=entity_0008|fullname=Onkel Heinrich|gender=m)))	(mention_id=3140|references=(entity=(entity_id=33|fullname=Onkel Heinrich|gender=m)))
22665	mit	0		
22666	erhobener	0		
22667	Stimme	0		
22668	.	0		
22669	»	0		
22670	Beweisen	0		
22671	,	0		
22672	logisch	0		
22673	beweisen	0		
22674	,	0		
22675	Onkel	0	(mention_id=3144|references=(entity=(entity_id=entity_0008|fullname=Onkel Heinrich|gender=m)))	(mention_id=3141|references=(entity=(entity_id=33|fullname=Onkel Heinrich|gender=m)))
22676	!	0		
22677	«	0		
22678	»	0		
22679	Na	0		
22680	,	0		
22681	nichts	0		
22682	leichter	0		
22683	,	0		
22684	Trudchen	0	(mention_id=3145|references=(entity=(entity_id=entity_0004|fullname=Gertrud Baumhagen|gender=f)))	(mention_id=3142|references=(entity=(entity_id=39|fullname=Trudchen|gender=f|specialcase_entity=nonfact)))
22685	.	0		
22686	Du	0	(mention_id=3146|references=(entity=(entity_id=entity_0004|fullname=Gertrud Baumhagen|gender=f)))	(mention_id=3143|references=(entity=(entity_id=39|fullname=Trudchen|gender=f|specialcase_entity=nonfact)))
22687	kennst	0		
22688	ja	0		
22689	die	0		
22690	Geschichte	0		
22691	,	0		
22692	wie	0		
22693	ich	0	(mention_id=3147|references=(entity=(entity_id=entity_0008|fullname=Onkel Heinrich|gender=m)))	(mention_id=3144|references=(entity=(entity_id=33|fullname=Onkel Heinrich|gender=m)))
22694	meinen	0	(mention_id=3148|references=(entity=(entity_id=entity_0008|fullname=Onkel Heinrich|gender=m)))	(mention_id=3145|references=(entity=(entity_id=33|fullname=Onkel Heinrich|gender=m)))
22695	Krampf	0		
22696	in	0		
22697	das	0		
22698	Bein	0		
22699	bekam	0		
22700	und	0		
22701	mich	0	(mention_id=3149|references=(entity=(entity_id=entity_0008|fullname=Onkel Heinrich|gender=m)))	(mention_id=3146|references=(entity=(entity_id=33|fullname=Onkel Heinrich|gender=m)))
22702	in	0		
22703	das	0		
22704	erste	0		
22705	beste	0		
22706	Haus	0		
22707	auf	0		
22708	der	0		
22709	Steinstraße	0		
22710	schleppte	0		
22711	und	0		
22712	da	0		
22713	auf	0		
22714	den	0		
22715	ersten	0		
22716	besten	0		
22717	Stuhl	0		
22718	hinsank	0		
22719	.	0		
22720	–	0		
22721	Ich	0	(mention_id=3150|references=(entity=(entity_id=entity_0008|fullname=Onkel Heinrich|gender=m)))	(mention_id=3147|references=(entity=(entity_id=33|fullname=Onkel Heinrich|gender=m)))
22722	wollte	0		
22723	gerade	0		
22724	zum	0		
22725	Diner	0		
22726	,	0		
22727	hatte	0		
22728	mir	0	(mention_id=3151|references=(entity=(entity_id=entity_0008|fullname=Onkel Heinrich|gender=m)))	(mention_id=3148|references=(entity=(entity_id=33|fullname=Onkel Heinrich|gender=m)))
22729	Gustav	0	(mention_id=3152|references=(entity=(entity_id=entity_0179|fullname=Gustav Seyfried|gender=m)))	(mention_id=3149|references=(entity=(entity_id=15|fullname=Gustav Seyfried|gender=m)))
22730	Seyfried	0	(mention_id=3152|references=(entity=(entity_id=entity_0179|fullname=Gustav Seyfried|gender=m)))	(mention_id=3149|references=(entity=(entity_id=15|fullname=Gustav Seyfried|gender=m)))
22731	und	0		
22732	August	0	(mention_id=3153|references=(entity=(entity_id=entity_0180|fullname=August Seemann|gender=m)))	(mention_id=3150|references=(entity=(entity_id=2|fullname=August Seemann|gender=m)))
22733	Seemann	0	(mention_id=3153|references=(entity=(entity_id=entity_0180|fullname=August Seemann|gender=m)))	(mention_id=3150|references=(entity=(entity_id=2|fullname=August Seemann|gender=m)))
22734	eingeladen	0		
22735	–	0		
22736	na	0		
22737	,	0		
22738	du	0	(mention_id=3154|references=(entity=(entity_id=entity_0004|fullname=Gertrud Baumhagen|gender=f)))	(mention_id=3151|references=(entity=(entity_id=39|fullname=Trudchen|gender=f|specialcase_entity=nonfact)))
22739	weißt	0		
22740	ja	0		
22741	,	0		
22742	die	0		
22743	alten	0		
22744	Jungen	0	(mention_id=3155|references=(entity=(entity_id=entity_0179|fullname=Gustav Seyfried|gender=m)),(entity=(entity_id=entity_0180|fullname=August Seemann|gender=m)))	(mention_id=3152|references=(entity=(entity_id=15|fullname=Gustav Seyfried|gender=m)),(entity=(entity_id=2|fullname=August Seemann|gender=m)))
22745	haben	0		
22746	in	0		
22747	Paris	0		
22748	und	0		
22749	London	0		
22750	gegessen	0		
22751	.	0		
22752	Also	0		
22753	,	0		
22754	da	0		
22755	aß	0		
22756	ich	0	(mention_id=3156|references=(entity=(entity_id=entity_0008|fullname=Onkel Heinrich|gender=m)))	(mention_id=3153|references=(entity=(entity_id=33|fullname=Onkel Heinrich|gender=m)))
22757	in	0		
22758	der	0		
22759	niedrigen	0		
22760	Stube	0		
22761	,	0		
22762	die	0		
22763	Leute	0	(mention_id=3157|references=(entity=(entity_id=entity_0183|fullname=Lehrerfamilie|gender=mf|members=entity_0176,entity_0177,entity_0181,entity_0190|all_members_given=True|specialcase_entity=group)))	(mention_id=3154|references=(entity=(entity_id=generic_0010|fullname=Leute im Allgemeinen|gender=u|specialcase_entity=generic)))
22764	waren	0		
22765	beim	0		
22766	Mittagsbrot	0		
22767	,	0		
22768	und	0		
22769	eine	0		
22770	Schüssel	0		
22771	dünner	0		
22772	Kartoffelsuppe	0		
22773	stand	0		
22774	auf	0		
22775	dem	0		
22776	Tische	0		
22777	,	0		
22778	die	0		
22779	kaum	0		
22780	für	0		
22781	den	0		
22782	Mann	0	(mention_id=3158|references=(entity=(entity_id=entity_0176|fullname=Sprachlehrer|gender=m)))	(mention_id=3155|references=(entity=(entity_id=generic_0011|fullname=Lehrer im Allgemeinen|gender=u|specialcase_entity=generic)))
22783	genügt	0		
22784	hätte	0		
22785	.	0		
22786	Sieben	0		
22787	Kinder	0	(mention_id=3159|references=(entity=(entity_id=entity_0184|fullname=Kinder der Lehrerfamilie|gender=u)))	(mention_id=3156|references=(entity=(entity_id=generic_0015|fullname=Kinder im Allgemeinen|gender=u|specialcase_entity=generic)))
22788	–	0		
22789	ich	0	(mention_id=3160|references=(entity=(entity_id=entity_0008|fullname=Onkel Heinrich|gender=m)))	(mention_id=3157|references=(entity=(entity_id=33|fullname=Onkel Heinrich|gender=m)))
22790	sage	0		
22791	sieben	0		
22792	Kinder	0		(mention_id=3158|references=(entity=(entity_id=generic_0016|fullname=Kinder im Allgemeinen|gender=u|specialcase_entity=generic)))
22793	,	0		
22794	Trudchen	0	(mention_id=3161|references=(entity=(entity_id=entity_0004|fullname=Gertrud Baumhagen|gender=f)))	(mention_id=3159|references=(entity=(entity_id=39|fullname=Trudchen|gender=f|specialcase_entity=nonfact)))
22795	–	0		
22796	rings	0		
22797	herum	0		
22798	,	0		
22799	und	0		
22800	die	0		
22801	Mutter	0	(mention_id=3162|references=(entity=(entity_id=entity_0177|fullname=Frau Lehrerin|gender=f)))	(mention_id=3160|references=(entity=(entity_id=generic_0022|fullname=Lehrerin im Allgemeinen|gender=u|specialcase_entity=generic)))
22802	kellte	0		
22803	gerade	0		
22804	auf	0		
22805	.	0		
22806	Beim	0		
22807	Jüngsten	0	(mention_id=3163|references=(entity=(entity_id=entity_0190|fullname=Jüngstes Kind der Lehrerfamilie|gender=u)))	(mention_id=3161|references=(entity=(entity_id=generic_0017|fullname=Kinder im Allgemeinen|gender=u|specialcase_entity=generic)))
22808	fing	0		
22809	sie	0	(mention_id=3164|references=(entity=(entity_id=entity_0177|fullname=Frau Lehrerin|gender=f)))	(mention_id=3162|references=(entity=(entity_id=generic_0023|fullname=Lehrerin im Allgemeinen|gender=u|specialcase_entity=generic)))
22810	an	0		
22811	.	0		
22812	Der	0		
22813	Älteste	0	(mention_id=3165|references=(entity=(entity_id=entity_0181|fullname=Ältestes Kind der Lehrerfamilie|gender=u)))	(mention_id=3163|references=(entity=(entity_id=generic_0018|fullname=Kinder im Allgemeinen|gender=u|specialcase_entity=generic)))
22814	,	0		
22815	ein	0		
22816	Bursche	0	(mention_id=3166|references=(entity=(entity_id=entity_0181|fullname=Ältestes Kind der Lehrerfamilie|gender=u)))	(mention_id=3164|references=(entity=(entity_id=generic_0019|fullname=Kinder im Allgemeinen|gender=u|specialcase_entity=generic)))
22817	von	0		
22818	vierzehn	0		
22819	Jahren	0		
22820	,	0		
22821	bekam	0		
22822	das	0		
22823	letzte	0		
22824	aus	0		
22825	der	0		
22826	Schüssel	0		
22827	.	0		
22828	Es	0		
22829	war	0		
22830	nicht	0		
22831	viel	0		
22832	mehr	0		
22833	darin	0		
22834	,	0		
22835	und	0		
22836	ich	0	(mention_id=3167|references=(entity=(entity_id=entity_0008|fullname=Onkel Heinrich|gender=m)))	(mention_id=3165|references=(entity=(entity_id=33|fullname=Onkel Heinrich|gender=m)))
22837	werde	0		
22838	nie	0		
22839	den	0		
22840	Blick	0		
22841	aus	0		
22842	diesen	0		
22843	eingefallenen	0		
22844	,	0		
22845	hungrigen	0		
22846	Augen	0		
22847	vergessen	0		
22848	,	0		
22849	mit	0		
22850	denen	0		
22851	er	0	(mention_id=3168|references=(entity=(entity_id=entity_0181|fullname=Ältestes Kind der Lehrerfamilie|gender=u)))	(mention_id=3166|references=(entity=(entity_id=generic_0020|fullname=Kinder im Allgemeinen|gender=u|specialcase_entity=generic)))
22852	den	0		
22853	leeren	0		
22854	Napf	0		
22855	anschaute	0		
22856	.	0		
22857	Es	0		
22858	wurde	0		
22859	mir	0	(mention_id=3169|references=(entity=(entity_id=entity_0008|fullname=Onkel Heinrich|gender=m)))	(mention_id=3167|references=(entity=(entity_id=33|fullname=Onkel Heinrich|gender=m)))
22860	da	0		
22861	so	0		
22862	wunderlich	0		
22863	mit	0		
22864	einem	0		
22865	Male	0		
22866	.	0		
22867	Ich	0	(mention_id=3170|references=(entity=(entity_id=entity_0008|fullname=Onkel Heinrich|gender=m)))	(mention_id=3168|references=(entity=(entity_id=33|fullname=Onkel Heinrich|gender=m)))
22868	fragte	0		
22869	beiläufig	0		
22870	,	0		
22871	was	0		
22872	der	0		
22873	Mann	0	(mention_id=3171|references=(entity=(entity_id=entity_0176|fullname=Sprachlehrer|gender=m)))	(mention_id=3169|references=(entity=(entity_id=generic_0012|fullname=Lehrer im Allgemeinen|gender=u|specialcase_entity=generic)))
22874	für	0		
22875	ein	0		
22876	Gewerbe	0		
22877	treibe	0		
22878	?	0		
22879	–	0		
22880	Sprachlehrer	0	(mention_id=3172|references=(entity=(entity_id=entity_0176|fullname=Sprachlehrer|gender=m)))	(mention_id=3170|references=(entity=(entity_id=generic_0024|fullname=Sprachlehrer im Allgemeinen|gender=u|specialcase_entity=generic)))
22881	,	0		
22882	die	0		
22883	Stunde	0		
22884	fünfzig	0		
22885	Pfennig	0		
22886	!	0		
22887	Eine	0		
22888	feste	0		
22889	Anstellung	0		
22890	konnte	0		
22891	er	0	(mention_id=3173|references=(entity=(entity_id=entity_0176|fullname=Sprachlehrer|gender=m)))	(mention_id=3171|references=(entity=(entity_id=generic_0013|fullname=Lehrer im Allgemeinen|gender=u|specialcase_entity=generic)))
22892	krankheitshalber	0		
22893	nicht	0		
22894	annehmen	0		
22895	,	0		
22896	bekam	0		
22897	sie	0	(mention_id=3174|references=(entity=(entity_id=entity_0176|fullname=Sprachlehrer|gender=m)))	
22898	auch	0		
22899	nicht	0		
22900	!	0		
22901	–	0		
22902	Heiliger	0		
22903	Gott	0	(mention_id=3175|references=(entity=(entity_id=entity_0019|fullname=Gott|gender=u|specialcase_entity=nonfact)))	
22904	,	0		
22905	Trudchen	0	(mention_id=3176|references=(entity=(entity_id=entity_0004|fullname=Gertrud Baumhagen|gender=f)))	(mention_id=3172|references=(entity=(entity_id=39|fullname=Trudchen|gender=f|specialcase_entity=nonfact)))
22906	,	0		
22907	durchschnittlich	0		
22908	täglich	0		
22909	zwei	0		
22910	Stunden	0		
22911	,	0		
22912	macht	0		
22913	eine	0		
22914	Mark	0		
22915	–	0		
22916	dazu	0		
22917	sieben	0		
22918	Kinder	0	(mention_id=3177|references=(entity=(entity_id=entity_0184|fullname=Kinder der Lehrerfamilie|gender=u)))	(mention_id=3173|references=(entity=(entity_id=generic_0021|fullname=Kinder im Allgemeinen|gender=u|specialcase_entity=generic)))
22919	!	0		
22920	Na	0		
22921	,	0		
22922	siehst	0		
22923	du	0	(mention_id=3178|references=(entity=(entity_id=entity_0004|fullname=Gertrud Baumhagen|gender=f)))	(mention_id=3174|references=(entity=(entity_id=39|fullname=Trudchen|gender=f|specialcase_entity=nonfact)))
22924	,	0		
22925	wir	0	(mention_id=3179|references=(entity=(entity_id=entity_0008|fullname=Onkel Heinrich|gender=m)),(entity=(entity_id=entity_0179|fullname=Gustav Seyfried|gender=m)),(entity=(entity_id=entity_0180|fullname=August Seemann|gender=m)))	(mention_id=3175|references=(entity=(entity_id=33|fullname=Onkel Heinrich|gender=m)))
22926	hatten	0		
22927	den	0		
22928	Mittag	0		
22929	Austern	0		
22930	vor	0		
22931	der	0		
22932	Suppe	0		
22933	,	0		
22934	sie	0		
22935	waren	0		
22936	gerade	0		
22937	recht	0		
22938	teuer	0		
22939	und	0		
22940	ich	0	(mention_id=3180|references=(entity=(entity_id=entity_0008|fullname=Onkel Heinrich|gender=m)))	(mention_id=3176|references=(entity=(entity_id=33|fullname=Onkel Heinrich|gender=m)))
22941	rechnete	0		
22942	aus	0		
22943	,	0		
22944	daß	0		
22945	ein	0		
22946	solch	0		
22947	glattes	0		
22948	,	0		
22949	delikates	0		
22950	Dingelchen	0		
22951	just	0		
22952	so	0		
22953	viel	0		
22954	kostete	0		
22955	,	0		
22956	wie	0		
22957	eine	0		
22958	englische	0		
22959	Stunde	0		
22960	,	0		
22961	in	0		
22962	der	0		
22963	der	0		
22964	Mann	0	(mention_id=3181|references=(entity=(entity_id=entity_0176|fullname=Sprachlehrer|gender=m)))	(mention_id=3177|references=(entity=(entity_id=generic_0025|fullname=Sprachlehrer im Allgemeinen|gender=u|specialcase_entity=generic)))
22965	seinen	0	(mention_id=3182|references=(entity=(entity_id=entity_0176|fullname=Sprachlehrer|gender=m)))	(mention_id=3178|references=(entity=(entity_id=generic_0026|fullname=Sprachlehrer im Allgemeinen|gender=u|specialcase_entity=generic)))
22966	kranken	0		
22967	Hals	0		
22968	heiser	0		
22969	sprach	0		
22970	.	0		
22971	Sie	0		
22972	wollten	0		
22973	mir	0	(mention_id=3183|references=(entity=(entity_id=entity_0008|fullname=Onkel Heinrich|gender=m)))	(mention_id=3179|references=(entity=(entity_id=33|fullname=Onkel Heinrich|gender=m)))
22974	trotz	0		
22975	ihrer	0		
22976	Schlüpfrigkeit	0		
22977	nicht	0		
22978	durch	0		
22979	die	0		
22980	Kehle	0		
22981	gleiten	0		
22982	,	0		
22983	ich	0	(mention_id=3184|references=(entity=(entity_id=entity_0008|fullname=Onkel Heinrich|gender=m)))	(mention_id=3180|references=(entity=(entity_id=33|fullname=Onkel Heinrich|gender=m)))
22984	konnte	0		
22985	es	0		
22986	nicht	0		
22987	über	0		
22988	ein	0		
22989	halbes	0		
22990	Dutzend	0		
22991	heute	0		
22992	bringen	0		
22993	,	0		
22994	und	0		
22995	das	0		
22996	war	0		
22997	mir	0	(mention_id=3185|references=(entity=(entity_id=entity_0008|fullname=Onkel Heinrich|gender=m)))	(mention_id=3181|references=(entity=(entity_id=33|fullname=Onkel Heinrich|gender=m)))
22998	doch	0		
22999	mehr	0		
23000	wie	0		
23001	unangenehm	0		
23002	.	0		
23003	Bei	0		
23004	jedem	0		
23005	Gang	0		
23006	dieselbe	0		
23007	Geschichte	0		
23008	,	0		
23009	und	0		
23010	wenn	0		
23011	der	0		
23012	Louis	0	(mention_id=3186|references=(entity=(entity_id=entity_0191|fullname=Louis|gender=m)))	(mention_id=3182|references=(entity=(entity_id=29|fullname=Louis|gender=m)))
23013	einen	0		
23014	Champagnerpfropfen	0		
23015	knallen	0		
23016	ließ	0		
23017	,	0		
23018	war's	0		
23019	jedesmal	0		
23020	,	0		
23021	als	0		
23022	flöge	0		
23023	er	0		
23024	mir	0	(mention_id=3187|references=(entity=(entity_id=entity_0008|fullname=Onkel Heinrich|gender=m)))	(mention_id=3183|references=(entity=(entity_id=33|fullname=Onkel Heinrich|gender=m)))
23025	direkt	0		
23026	auf	0		
23027	den	0		
23028	Magen	0		
23029	.	0		
23030	Ich	0	(mention_id=3188|references=(entity=(entity_id=entity_0008|fullname=Onkel Heinrich|gender=m)))	(mention_id=3184|references=(entity=(entity_id=33|fullname=Onkel Heinrich|gender=m)))
23031	habe	0		
23032	nie	0		
23033	ein	0		
23034	ungemütlicheres	0		
23035	Diner	0		
23036	erlebt	0		
23037	.	0		
23038	Hinterher	0		
23039	empfand	0		
23040	ich	0	(mention_id=3189|references=(entity=(entity_id=entity_0008|fullname=Onkel Heinrich|gender=m)))	(mention_id=3185|references=(entity=(entity_id=33|fullname=Onkel Heinrich|gender=m)))
23041	Übelbehagen	0		
23042	und	0		
23043	mußte	0		
23044	Natron	0		
23045	nehmen	0		
23046	.	0		
23047	›	0		
23048	Hol's	0		
23049	der	0		
23050	Henker	0	(mention_id=3190|references=(entity=(entity_id=entity_0044|fullname=Henker|gender=m|specialcase_entity=nonfact)))	(mention_id=3186|references=(entity=(entity_id=18|fullname=Henker|gender=u|specialcase_entity=nonfact)))
23051	!	0		
23052	‹	0		
23053	dachte	0		
23054	ich	0	(mention_id=3191|references=(entity=(entity_id=entity_0008|fullname=Onkel Heinrich|gender=m)))	(mention_id=3187|references=(entity=(entity_id=33|fullname=Onkel Heinrich|gender=m)))
23055	,	0		
23056	›	0		
23057	das	0		
23058	könnte	0		
23059	dir	0	(mention_id=3192|references=(entity=(entity_id=entity_0008|fullname=Onkel Heinrich|gender=m)))	(mention_id=3188|references=(entity=(entity_id=33|fullname=Onkel Heinrich|gender=m)))
23060	noch	0		
23061	öfter	0		
23062	so	0		
23063	gehen	0		
23064	‹	0		
23065	und	0		
23066	–	0		
23067	du	0	(mention_id=3193|references=(entity=(entity_id=entity_0004|fullname=Gertrud Baumhagen|gender=f)))	(mention_id=3189|references=(entity=(entity_id=39|fullname=Trudchen|gender=f|specialcase_entity=nonfact)))
23068	weißt	0		
23069	,	0		
23070	Kind	0	(mention_id=3194|references=(entity=(entity_id=entity_0004|fullname=Gertrud Baumhagen|gender=f)))	(mention_id=3190|references=(entity=(entity_id=39|fullname=Trudchen|gender=f|specialcase_entity=nonfact)))
23071	,	0		
23072	ein	0		
23073	gutes	0		
23074	Mittagessen	0		
23075	ist	0		
23076	das	0		
23077	reellste	0		
23078	Vergnügen	0		
23079	auf	0		
23080	der	0		
23081	Welt	0		
23082	für	0		
23083	unsereinen	0	(mention_id=3195|references=(entity=(entity_id=entity_0008|fullname=Onkel Heinrich|gender=m)))	(mention_id=3191|references=(entity=(entity_id=33|fullname=Onkel Heinrich|gender=m)))
23084	.	0		
23085	Also	0		
23086	,	0		
23087	mir	0	(mention_id=3196|references=(entity=(entity_id=entity_0008|fullname=Onkel Heinrich|gender=m)))	(mention_id=3192|references=(entity=(entity_id=33|fullname=Onkel Heinrich|gender=m)))
23088	blieb	0		
23089	nur	0		
23090	übrig	0		
23091	,	0		
23092	sollten	0		
23093	mir	0	(mention_id=3197|references=(entity=(entity_id=entity_0008|fullname=Onkel Heinrich|gender=m)))	(mention_id=3193|references=(entity=(entity_id=33|fullname=Onkel Heinrich|gender=m)))
23094	die	0		
23095	Austern	0		
23096	wieder	0		
23097	schmecken	0		
23098	,	0		
23099	mich	0	(mention_id=3198|references=(entity=(entity_id=entity_0008|fullname=Onkel Heinrich|gender=m)))	(mention_id=3194|references=(entity=(entity_id=33|fullname=Onkel Heinrich|gender=m)))
23100	durch	0		
23101	den	0		
23102	Gedanken	0		
23103	zu	0		
23104	beruhigen	0		
23105	,	0		
23106	daß	0		
23107	die	0		
23108	Kauwerkzeuge	0		
23109	der	0		
23110	sieben	0		
23111	hungrigen	0		
23112	Krabben	0		
23113	ebenfalls	0		
23114	um	0		
23115	Mittag	0		
23116	herum	0		
23117	ihre	0		
23118	ordentliche	0		
23119	Beschäftigung	0		
23120	fänden	0		
23121	.	0		
23122	Ich	0	(mention_id=3199|references=(entity=(entity_id=entity_0008|fullname=Onkel Heinrich|gender=m)))	(mention_id=3195|references=(entity=(entity_id=33|fullname=Onkel Heinrich|gender=m)))
23123	schickte	0		
23124	also	0		
23125	die	0		
23126	Hammeln	0	(mention_id=3200|references=(entity=(entity_id=entity_0175|fullname=Hammeln  |gender=f)))	
23127	zur	0		
23128	Frau	0	(mention_id=3201|references=(entity=(entity_id=entity_0177|fullname=Frau Lehrerin|gender=f)))	(mention_id=3196|references=(entity=(entity_id=12|fullname=Frau Lehrerin|gender=f)))
23129	Lehrerin	0	(mention_id=3201|references=(entity=(entity_id=entity_0177|fullname=Frau Lehrerin|gender=f)))	(mention_id=3196|references=(entity=(entity_id=12|fullname=Frau Lehrerin|gender=f)))
23130	und	0		
23131	ließ	0		
23132	sie	0	(mention_id=3202|references=(entity=(entity_id=entity_0177|fullname=Frau Lehrerin|gender=f)))	(mention_id=3197|references=(entity=(entity_id=12|fullname=Frau Lehrerin|gender=f)))
23133	fragen	0		
23134	,	0		
23135	wieviel	0		
23136	Wirtschaftsgeld	0		
23137	sie	0	(mention_id=3203|references=(entity=(entity_id=entity_0177|fullname=Frau Lehrerin|gender=f)))	(mention_id=3198|references=(entity=(entity_id=12|fullname=Frau Lehrerin|gender=f)))
23138	wohl	0		
23139	monatlich	0		
23140	haben	0		
23141	müsse	0		
23142	,	0		
23143	um	0		
23144	alle	0		
23145	sieben	0		
23146	und	0		
23147	sich	0	(mention_id=3204|references=(entity=(entity_id=entity_0177|fullname=Frau Lehrerin|gender=f)))	(mention_id=3199|references=(entity=(entity_id=12|fullname=Frau Lehrerin|gender=f)))
23148	dazu	0		
23149	und	0		
23150	den	0		
23151	Mann	0	(mention_id=3205|references=(entity=(entity_id=entity_0176|fullname=Sprachlehrer|gender=m)))	(mention_id=3200|references=(entity=(entity_id=generic_0014|fullname=Lehrer im Allgemeinen|gender=u|specialcase_entity=generic)))
23152	ordentlich	0		
23153	satt	0		
23154	zu	0		
23155	machen	0		
23156	!	0		
23157	Du	0	(mention_id=3206|references=(entity=(entity_id=entity_0004|fullname=Gertrud Baumhagen|gender=f)))	(mention_id=3201|references=(entity=(entity_id=39|fullname=Trudchen|gender=f|specialcase_entity=nonfact)))
23158	lieber	0		
23159	Gott	0	(mention_id=3207|references=(entity=(entity_id=entity_0019|fullname=Gott|gender=u|specialcase_entity=nonfact)))	(mention_id=3202|references=(entity=(entity_id=14|fullname=Gott|gender=u|specialcase_entity=nonfact)))
23160	,	0		
23161	es	0		
23162	war	0		
23163	am	0		
23164	Ende	0		
23165	doch	0		
23166	nicht	0		
23167	so	0		
23168	riesig	0		
23169	;	0		
23170	und	0		
23171	so	0		
23172	zahle	0		
23173	ich	0	(mention_id=3208|references=(entity=(entity_id=entity_0008|fullname=Onkel Heinrich|gender=m)))	(mention_id=3203|references=(entity=(entity_id=33|fullname=Onkel Heinrich|gender=m)))
23174	Wirtschaftsgeld	0		
23175	,	0		
23176	und	0		
23177	es	0		
23178	schmeckt	0		
23179	mir	0	(mention_id=3209|references=(entity=(entity_id=entity_0008|fullname=Onkel Heinrich|gender=m)))	(mention_id=3204|references=(entity=(entity_id=33|fullname=Onkel Heinrich|gender=m)))
23180	nun	0		
23181	wieder	0		
23182	im	0		
23183	›	0		
23184	Deutschen	0		
23185	Hause	0		
23186	‹	0		
23187	.	0		
23188	Jetzt	0		
23189	beweise	0		
23190	mir	0	(mention_id=3210|references=(entity=(entity_id=entity_0008|fullname=Onkel Heinrich|gender=m)))	(mention_id=3205|references=(entity=(entity_id=33|fullname=Onkel Heinrich|gender=m)))
23191	,	0		
23192	daß	0		
23193	das	0		
23194	nicht	0		
23195	vollendeter	0		
23196	Egoismus	0		
23197	ist	0		
23198	.	0		
23199	«	0		
23200	»	0		
23201	Ei	0		
23202	natürlich	0		
23203	,	0		
23204	Onkelchen	0	(mention_id=3211|references=(entity=(entity_id=entity_0008|fullname=Onkel Heinrich|gender=m)))	(mention_id=3206|references=(entity=(entity_id=33|fullname=Onkel Heinrich|gender=m)))
23205	«	0		
23206	,	0		
23207	sagte	0		
23208	das	0		
23209	Mädchen	0	(mention_id=3212|references=(entity=(entity_id=entity_0004|fullname=Gertrud Baumhagen|gender=f)))	(mention_id=3207|references=(entity=(entity_id=39|fullname=Trudchen|gender=f|specialcase_entity=nonfact)))
23210	mit	0		
23211	leuchtenden	0		
23212	Augen	0		
23213	.	0		
23214	»	0		
23215	Solche	0		
23216	Art	0		
23217	Egoismus	0		
23218	lasse	0		
23219	ich	0	(mention_id=3213|references=(entity=(entity_id=entity_0004|fullname=Gertrud Baumhagen|gender=f)))	(mention_id=3208|references=(entity=(entity_id=33|fullname=Onkel Heinrich|gender=m)))
23220	mir	0	(mention_id=3214|references=(entity=(entity_id=entity_0004|fullname=Gertrud Baumhagen|gender=f)))	(mention_id=3209|references=(entity=(entity_id=39|fullname=Trudchen|gender=f|specialcase_entity=nonfact)))
23221	gefallen	0		
23222	.	0		
23223	«	0		
23224	»	0		
23225	's	0		
23226	ist	0		
23227	alles	0		
23228	eins	0		
23229	,	0		
23230	Trudchen	0	(mention_id=3215|references=(entity=(entity_id=entity_0004|fullname=Gertrud Baumhagen|gender=f)))	(mention_id=3210|references=(entity=(entity_id=39|fullname=Trudchen|gender=f|specialcase_entity=nonfact)))
23231	.	0		
23232	Die	0		
23233	Hammeln	0	(mention_id=3216|references=(entity=(entity_id=entity_0175|fullname=Hammeln  |gender=f)))	
23234	schicke	0		
23235	ich	0	(mention_id=3217|references=(entity=(entity_id=entity_0008|fullname=Onkel Heinrich|gender=m)))	(mention_id=3211|references=(entity=(entity_id=33|fullname=Onkel Heinrich|gender=m)))
23236	jetzt	0		
23237	auch	0		
23238	aus	0		
23239	Egoismus	0		
23240	in	0		
23241	den	0		
23242	Ruhestand	0		
23243	.	0		
23244	Sie	0	(mention_id=3218|references=(entity=(entity_id=entity_0175|fullname=Hammeln  |gender=f)))	(mention_id=3212|references=(entity=(entity_id=12|fullname=Frau Lehrerin|gender=f)))
23245	wird	0		
23246	so	0		
23247	dick	0		
23248	und	0		
23249	breit	0		
23250	,	0		
23251	daß	0		
23252	sie	0	(mention_id=3219|references=(entity=(entity_id=entity_0175|fullname=Hammeln  |gender=f)))	(mention_id=3213|references=(entity=(entity_id=12|fullname=Frau Lehrerin|gender=f)))
23253	nicht	0		
23254	mehr	0		
23255	durch	0		
23256	die	0		
23257	Tür	0		
23258	kommen	0		
23259	kann	0		
23260	mit	0		
23261	dem	0		
23262	Kaffeebrett	0		
23263	.	0		
23264	Ich	0	(mention_id=3220|references=(entity=(entity_id=entity_0008|fullname=Onkel Heinrich|gender=m)))	(mention_id=3214|references=(entity=(entity_id=33|fullname=Onkel Heinrich|gender=m)))
23265	frage	0		
23266	dich	0	(mention_id=3221|references=(entity=(entity_id=entity_0004|fullname=Gertrud Baumhagen|gender=f)))	(mention_id=3215|references=(entity=(entity_id=39|fullname=Trudchen|gender=f|specialcase_entity=nonfact)))
23267	nun	0		
23268	,	0		
23269	soll	0		
23270	ich	0	(mention_id=3222|references=(entity=(entity_id=entity_0008|fullname=Onkel Heinrich|gender=m)))	(mention_id=3216|references=(entity=(entity_id=33|fullname=Onkel Heinrich|gender=m)))
23271	mir	0	(mention_id=3223|references=(entity=(entity_id=entity_0008|fullname=Onkel Heinrich|gender=m)))	(mention_id=3217|references=(entity=(entity_id=33|fullname=Onkel Heinrich|gender=m)))
23272	,	0		
23273	der	0		
23274	alten	0		
23275	asthmatischen	0		
23276	Person	0	(mention_id=3224|references=(entity=(entity_id=entity_0175|fullname=Hammeln  |gender=f)))	(mention_id=3218|references=(entity=(entity_id=33|fullname=Onkel Heinrich|gender=m)))
23277	wegen	0		
23278	,	0		
23279	noch	0		
23280	einen	0		
23281	Diener	0	(mention_id=3225|references=(entity=(entity_id=entity_0182|fullname=Diener für Hammeln|gender=m|specialcase_entity=nonfact)))	(mention_id=3219|references=(entity=(entity_id=generic_0027|fullname=Diener im Allgemeinen|gender=u|specialcase_entity=generic)))
23282	halten	0		
23283	,	0		
23284	der	0	(mention_id=3226|references=(entity=(entity_id=entity_0182|fullname=Diener für Hammeln|gender=m|specialcase_entity=nonfact)))	(mention_id=3220|references=(entity=(entity_id=generic_0028|fullname=Diener im Allgemeinen|gender=u|specialcase_entity=generic)))
23285	ihr	0	(mention_id=3227|references=(entity=(entity_id=entity_0175|fullname=Hammeln  |gender=f)))	(mention_id=3221|references=(entity=(entity_id=12|fullname=Frau Lehrerin|gender=f)))
23286	beide	0		
23287	Flügeltüren	0		
23288	öffnet	0		
23289	?	0		
23290	Das	0		
23291	wäre	0		
23292	mir	0	(mention_id=3228|references=(entity=(entity_id=entity_0008|fullname=Onkel Heinrich|gender=m)))	(mention_id=3222|references=(entity=(entity_id=33|fullname=Onkel Heinrich|gender=m)))
23293	schön	0		
23294	!	0		
23295	Heute	0		
23296	früh	0		
23297	habe	0		
23298	ich	0	(mention_id=3229|references=(entity=(entity_id=entity_0008|fullname=Onkel Heinrich|gender=m)))	(mention_id=3223|references=(entity=(entity_id=33|fullname=Onkel Heinrich|gender=m)))
23299	ihr	0	(mention_id=3230|references=(entity=(entity_id=entity_0175|fullname=Hammeln  |gender=f)))	(mention_id=3224|references=(entity=(entity_id=12|fullname=Frau Lehrerin|gender=f)))
23300	gesagt	0		
23301	:	0		
23302	›	0		
23303	Hammeln	0	(mention_id=3231|references=(entity=(entity_id=entity_0175|fullname=Hammeln  |gender=f)))	(mention_id=3225|references=(entity=(entity_id=17|fullname=Hammeln|gender=f)))
23304	,	0		
23305	du	0	(mention_id=3232|references=(entity=(entity_id=entity_0175|fullname=Hammeln  |gender=f)))	(mention_id=3226|references=(entity=(entity_id=39|fullname=Trudchen|gender=f|specialcase_entity=nonfact)))
23306	kannst	0		
23307	Ostern	0		
23308	gehen	0		
23309	,	0		
23310	ich	0	(mention_id=3233|references=(entity=(entity_id=entity_0008|fullname=Onkel Heinrich|gender=m)))	(mention_id=3227|references=(entity=(entity_id=33|fullname=Onkel Heinrich|gender=m)))
23311	werde	0		
23312	dir	0	(mention_id=3234|references=(entity=(entity_id=entity_0175|fullname=Hammeln  |gender=f)))	(mention_id=3228|references=(entity=(entity_id=17|fullname=Hammeln|gender=f)))
23313	dein	0	(mention_id=3235|references=(entity=(entity_id=entity_0175|fullname=Hammeln  |gender=f)))	(mention_id=3229|references=(entity=(entity_id=17|fullname=Hammeln|gender=f)))
23314	Gehalt	0		
23315	als	0		
23316	Pension	0		
23317	fortzahlen	0		
23318	–	0		
23319	abgemacht	0		
23320	.	0		
23321	‹	0		
23322	Sie	0	(mention_id=3236|references=(entity=(entity_id=entity_0175|fullname=Hammeln  |gender=f)))	(mention_id=3230|references=(entity=(entity_id=17|fullname=Hammeln|gender=f)))
23323	freute	0		
23324	sich	0	(mention_id=3237|references=(entity=(entity_id=entity_0175|fullname=Hammeln  |gender=f)))	(mention_id=3231|references=(entity=(entity_id=17|fullname=Hammeln|gender=f)))
23325	wie	0		
23326	unsinnig	0		
23327	,	0		
23328	daß	0		
23329	sie	0	(mention_id=3238|references=(entity=(entity_id=entity_0175|fullname=Hammeln  |gender=f)))	(mention_id=3232|references=(entity=(entity_id=17|fullname=Hammeln|gender=f)))
23330	nun	0		
23331	zu	0		
23332	ihrer	0	(mention_id=3239|references=(entity=(entity_id=entity_0175|fullname=Hammeln  |gender=f)))	(mention_id=3233|references=(entity=(entity_id=17|fullname=Hammeln|gender=f)))
23333	Tochter	0	(mention_id=3240|references=(entity=(entity_id=entity_0188|fullname=Hammelns Tochter|gender=f)))	(mention_id=3234|references=(entity=(entity_id=38|fullname=Tochter von Hammeln|gender=f|specialcase_entity=nonfact)))
23334	ziehen	0		
23335	kann	0		
23336	.	0		
23337	«	0		
23338	»	0		
23339	Onkelchen	0	(mention_id=3241|references=(entity=(entity_id=entity_0008|fullname=Onkel Heinrich|gender=m)))	(mention_id=3235|references=(entity=(entity_id=33|fullname=Onkel Heinrich|gender=m)))
23340	,	0		
23341	ich	0	(mention_id=3242|references=(entity=(entity_id=entity_0004|fullname=Gertrud Baumhagen|gender=f)))	(mention_id=3236|references=(entity=(entity_id=39|fullname=Trudchen|gender=f|specialcase_entity=nonfact)))
23342	weiß	0		
23343	,	0		
23344	an	0		
23345	wen	0		
23346	ich	0	(mention_id=3243|references=(entity=(entity_id=entity_0004|fullname=Gertrud Baumhagen|gender=f)))	(mention_id=3237|references=(entity=(entity_id=39|fullname=Trudchen|gender=f|specialcase_entity=nonfact)))
23347	mich	0	(mention_id=3244|references=(entity=(entity_id=entity_0004|fullname=Gertrud Baumhagen|gender=f)))	(mention_id=3238|references=(entity=(entity_id=39|fullname=Trudchen|gender=f|specialcase_entity=nonfact)))
23348	gewendet	0		
23349	habe	0		
23350	,	0		
23351	ich	0	(mention_id=3245|references=(entity=(entity_id=entity_0004|fullname=Gertrud Baumhagen|gender=f)))	(mention_id=3239|references=(entity=(entity_id=39|fullname=Trudchen|gender=f|specialcase_entity=nonfact)))
23352	darf	0		
23353	mich	0	(mention_id=3246|references=(entity=(entity_id=entity_0004|fullname=Gertrud Baumhagen|gender=f)))	(mention_id=3240|references=(entity=(entity_id=39|fullname=Trudchen|gender=f|specialcase_entity=nonfact)))
23354	auf	0		
23355	dich	0	(mention_id=3247|references=(entity=(entity_id=entity_0008|fullname=Onkel Heinrich|gender=m)))	(mention_id=3241|references=(entity=(entity_id=33|fullname=Onkel Heinrich|gender=m)))
23356	verlassen	0		
23357	«	0		
23358	,	0		
23359	schmeichelte	0		
23360	Trudchen	0	(mention_id=3248|references=(entity=(entity_id=entity_0004|fullname=Gertrud Baumhagen|gender=f)))	(mention_id=3242|references=(entity=(entity_id=39|fullname=Trudchen|gender=f|specialcase_entity=nonfact)))
23361	.	0		
23362	»	0		
23363	Nicht	0		
23364	wahr	0		
23365	,	0		
23366	du	0	(mention_id=3249|references=(entity=(entity_id=entity_0008|fullname=Onkel Heinrich|gender=m)))	(mention_id=3243|references=(entity=(entity_id=39|fullname=Trudchen|gender=f|specialcase_entity=nonfact)))
23367	sprichst	0		
23368	mit	0		
23369	Franz	0	(mention_id=3250|references=(entity=(entity_id=entity_0001|fullname=Franz Linden|gender=m)))	(mention_id=3244|references=(entity=(entity_id=9|fullname=Franz|gender=m)))
23370	?	0		
23371	«	0		
23372	»	0		
23373	Na	0		
23374	ja	0		
23375	,	0		
23376	ja	0		
23377	;	0		
23378	werde	0		
23379	nur	0		
23380	nicht	0		
23381	so	0		
23382	rot	0		
23383	.	0		
23384	Siehst	0		
23385	du	0	(mention_id=3251|references=(entity=(entity_id=entity_0004|fullname=Gertrud Baumhagen|gender=f)))	(mention_id=3245|references=(entity=(entity_id=39|fullname=Trudchen|gender=f|specialcase_entity=nonfact)))
23386	,	0		
23387	nun	0		
23388	hast	0		
23389	du	0	(mention_id=3252|references=(entity=(entity_id=entity_0004|fullname=Gertrud Baumhagen|gender=f)))	(mention_id=3246|references=(entity=(entity_id=39|fullname=Trudchen|gender=f|specialcase_entity=nonfact)))
23390	mir	0	(mention_id=3253|references=(entity=(entity_id=entity_0008|fullname=Onkel Heinrich|gender=m)))	(mention_id=3247|references=(entity=(entity_id=39|fullname=Trudchen|gender=f|specialcase_entity=nonfact)))
23391	mit	0		
23392	all	0		
23393	deinen	0	(mention_id=3254|references=(entity=(entity_id=entity_0004|fullname=Gertrud Baumhagen|gender=f)))	(mention_id=3248|references=(entity=(entity_id=39|fullname=Trudchen|gender=f|specialcase_entity=nonfact)))
23394	Reden	0		
23395	den	0		
23396	Nachtisch	0		
23397	verdorben	0		
23398	.	0		
23399	Wann	0		
23400	kommt	0		
23401	denn	0		
23402	Serenissima	0	(mention_id=3255|references=(entity=(entity_id=entity_0005|fullname=Ottilie Baumhagen|gender=f)))	(mention_id=3249|references=(entity=(entity_id=35|fullname=Serenissima|gender=f)))
23403	nach	0		
23404	Hause	0		
23405	?	0		
23406	«	0		
23407	»	0		
23408	Ich	0	(mention_id=3256|references=(entity=(entity_id=entity_0004|fullname=Gertrud Baumhagen|gender=f)))	(mention_id=3250|references=(entity=(entity_id=39|fullname=Trudchen|gender=f|specialcase_entity=nonfact)))
23409	weiß	0		
23410	es	0		
23411	nicht	0		
23412	,	0		
23413	Onkelchen	0	(mention_id=3257|references=(entity=(entity_id=entity_0008|fullname=Onkel Heinrich|gender=m)))	(mention_id=3251|references=(entity=(entity_id=33|fullname=Onkel Heinrich|gender=m)))
23414	«	0		
23415	,	0		
23416	erwiderte	0		
23417	das	0		
23418	junge	0		
23419	Mädchen	0	(mention_id=3258|references=(entity=(entity_id=entity_0004|fullname=Gertrud Baumhagen|gender=f)))	(mention_id=3252|references=(entity=(entity_id=39|fullname=Trudchen|gender=f|specialcase_entity=nonfact)))
23420	.	0		
23421	»	0		
23422	Na	0		
23423	ja	0		
23424	,	0		
23425	diese	0		
23426	Klatschkaffees	0		
23427	sind	0		
23428	zu	0		
23429	unberechenbar	0		
23430	.	0		
23431	Also	0		
23432	,	0		
23433	da	0		
23434	seht	0		
23435	ihr	0	(mention_id=3259|references=(entity=(entity_id=entity_0004|fullname=Gertrud Baumhagen|gender=f)),(entity=(entity_id=entity_0001|fullname=Franz Linden|gender=m)))	(mention_id=3253|references=(entity=(entity_id=39|fullname=Trudchen|gender=f|specialcase_entity=nonfact)),(entity=(entity_id=9|fullname=Franz|gender=m)))
23436	beiden	0		
23437	Liebesleute	0	(mention_id=3260|references=(entity=(entity_id=entity_0004|fullname=Gertrud Baumhagen|gender=f)),(entity=(entity_id=entity_0001|fullname=Franz Linden|gender=m)))	(mention_id=3254|references=(entity=(entity_id=39|fullname=Trudchen|gender=f|specialcase_entity=nonfact)),(entity=(entity_id=9|fullname=Franz|gender=m)))
23438	euch	0	(mention_id=3261|references=(entity=(entity_id=entity_0004|fullname=Gertrud Baumhagen|gender=f)),(entity=(entity_id=entity_0001|fullname=Franz Linden|gender=m)))	(mention_id=3255|references=(entity=(entity_id=39|fullname=Trudchen|gender=f|specialcase_entity=nonfact)),(entity=(entity_id=9|fullname=Franz|gender=m)))
23439	wohl	0		
23440	nur	0		
23441	bei	0		
23442	großen	0		
23443	Festivitäten	0		
23444	,	0		
23445	wie	0		
23446	Romeo	0		(mention_id=3256|references=(entity=(entity_id=34|fullname=Romeo|gender=m)))
23447	und	0		
23448	Julia	0		(mention_id=3257|references=(entity=(entity_id=21|fullname=Julia|gender=f)))
23449	,	0		
23450	am	0		
23451	dritten	0		
23452	Ort	0		
23453	,	0		
23454	oder	0		
23455	wenn	0		
23456	gerade	0		
23457	hier	0		
23458	bei	0		
23459	euch	0	(mention_id=3262|references=(entity=(entity_id=entity_0010|fullname=Familie Baumhagen|gender=mf|members=entity_0004,entity_0005,entity_0006,entity_0007,entity_0008,entity_0009,entity_0015|all_members_given=True|specialcase_entity=group)))	(mention_id=3258|references=(entity=(entity_id=39|fullname=Trudchen|gender=f|specialcase_entity=nonfact)),(entity=(entity_id=9|fullname=Franz|gender=m)))
23460	Gäste	0	(mention_id=3263|references=(entity=(entity_id=entity_0187|fullname=Gäste|gender=u)))	(mention_id=3259|references=(entity=(entity_id=generic_0029|fullname=Gäste im Allgemeinen|gender=u|specialcase_entity=generic)))
23461	sind	0		
23462	?	0		
23463	«	0		
23464	Trudchen	0	(mention_id=3264|references=(entity=(entity_id=entity_0004|fullname=Gertrud Baumhagen|gender=f)))	(mention_id=3260|references=(entity=(entity_id=39|fullname=Trudchen|gender=f|specialcase_entity=nonfact)))
23465	nickte	0		
23466	still	0		
23467	mit	0		
23468	dem	0		
23469	Kopfe	0		
23470	.	0		
23471	»	0		
23472	Es	0		
23473	ist	0		
23474	die	0		
23475	Möglichkeit	0		
23476	!	0		
23477	«	0		
23478	räsonierte	0		
23479	der	0		
23480	kleine	0		
23481	Herr	0	(mention_id=3265|references=(entity=(entity_id=entity_0008|fullname=Onkel Heinrich|gender=m)))	(mention_id=3261|references=(entity=(entity_id=33|fullname=Onkel Heinrich|gender=m)))
23482	und	0		
23483	stand	0		
23484	auf	0		
23485	.	0		
23486	»	0		
23487	Als	0		
23488	ob's	0		
23489	nicht	0		
23490	die	0		
23491	einzige	0		
23492	glückliche	0		
23493	Zeit	0		
23494	ist	0		
23495	im	0		
23496	Leben	0		
23497	,	0		
23498	der	0		
23499	Brautstand	0		
23500	.	0		
23501	Nachher	0		
23502	kommt	0		
23503	nämlich	0		
23504	die	0		
23505	reine	0		
23506	Prosa	0		
23507	,	0		
23508	mein	0	(mention_id=3266|references=(entity=(entity_id=entity_0008|fullname=Onkel Heinrich|gender=m)))	(mention_id=3262|references=(entity=(entity_id=39|fullname=Trudchen|gender=f|specialcase_entity=nonfact)))
23509	Kind	0	(mention_id=3267|references=(entity=(entity_id=entity_0004|fullname=Gertrud Baumhagen|gender=f)))	(mention_id=3263|references=(entity=(entity_id=39|fullname=Trudchen|gender=f|specialcase_entity=nonfact)))
23510	.	0		
23511	Und	0		
23512	das	0		
23513	verkümmern	0		
23514	sie	0	(mention_id=3268|references=(entity=(entity_id=entity_0005|fullname=Ottilie Baumhagen|gender=f)),(entity=(entity_id=entity_0006|fullname=Jenny Fredrich, geb. Baumhagen|gender=f)))	(mention_id=3264|references=(entity=(entity_id=39|fullname=Trudchen|gender=f|specialcase_entity=nonfact)))
23515	dir	0	(mention_id=3269|references=(entity=(entity_id=entity_0004|fullname=Gertrud Baumhagen|gender=f)))	(mention_id=3265|references=(entity=(entity_id=39|fullname=Trudchen|gender=f|specialcase_entity=nonfact)))
23516	nun	0		
23517	so	0		
23518	–	0		
23519	na	0		
23520	,	0		
23521	warte	0		
23522	!	0		
23523	Ich	0	(mention_id=3270|references=(entity=(entity_id=entity_0008|fullname=Onkel Heinrich|gender=m)))	(mention_id=3266|references=(entity=(entity_id=33|fullname=Onkel Heinrich|gender=m)))
23524	muß	0		
23525	aber	0		
23526	jetzt	0		
23527	zum	0		
23528	L'hombre	0		
23529	.	0		
23530	Heute	0		
23531	abend	0		
23532	werde	0		
23533	ich	0	(mention_id=3271|references=(entity=(entity_id=entity_0008|fullname=Onkel Heinrich|gender=m)))	(mention_id=3267|references=(entity=(entity_id=33|fullname=Onkel Heinrich|gender=m)))
23534	einmal	0		
23535	nachschauen	0		
23536	bei	0		
23537	deiner	0	(mention_id=3272|references=(entity=(entity_id=entity_0004|fullname=Gertrud Baumhagen|gender=f)))	(mention_id=3268|references=(entity=(entity_id=11|fullname=Frau Jenny|gender=f)))
23538	Frau	0	(mention_id=3273|references=(entity=(entity_id=entity_0005|fullname=Ottilie Baumhagen|gender=f)))	(mention_id=3269|references=(entity=(entity_id=11|fullname=Frau Jenny|gender=f)))
23539	Mama	0	(mention_id=3273|references=(entity=(entity_id=entity_0005|fullname=Ottilie Baumhagen|gender=f)))	(mention_id=3269|references=(entity=(entity_id=11|fullname=Frau Jenny|gender=f)))
23540	.	0		
23541	Lebe	0		
23542	wohl	0		
23543	,	0		
23544	grüße	0		
23545	ihn	0	(mention_id=3274|references=(entity=(entity_id=entity_0001|fullname=Franz Linden|gender=m)))	(mention_id=3270|references=(entity=(entity_id=9|fullname=Franz|gender=m)))
23546	,	0		
23547	wenn	0		
23548	du	0	(mention_id=3275|references=(entity=(entity_id=entity_0004|fullname=Gertrud Baumhagen|gender=f)))	(mention_id=3271|references=(entity=(entity_id=39|fullname=Trudchen|gender=f|specialcase_entity=nonfact)))
23549	schreibst	0		
23550	.	0		
23551	«	0		
23552	»	0		
23553	Adieu	0		
23554	,	0		
23555	Onkelchen	0	(mention_id=3276|references=(entity=(entity_id=entity_0008|fullname=Onkel Heinrich|gender=m)))	(mention_id=3272|references=(entity=(entity_id=33|fullname=Onkel Heinrich|gender=m)))
23556	;	0		
23557	vergiß	0		
23558	nicht	0		
23559	,	0		
23560	daß	0		
23561	ich	0	(mention_id=3277|references=(entity=(entity_id=entity_0004|fullname=Gertrud Baumhagen|gender=f)))	(mention_id=3273|references=(entity=(entity_id=39|fullname=Trudchen|gender=f|specialcase_entity=nonfact)))
23562	mich	0	(mention_id=3278|references=(entity=(entity_id=entity_0004|fullname=Gertrud Baumhagen|gender=f)))	(mention_id=3274|references=(entity=(entity_id=39|fullname=Trudchen|gender=f|specialcase_entity=nonfact)))
23563	auf	0		
23564	deinen	0	(mention_id=3279|references=(entity=(entity_id=entity_0008|fullname=Onkel Heinrich|gender=m)))	(mention_id=3275|references=(entity=(entity_id=33|fullname=Onkel Heinrich|gender=m)))
23565	Egoismus	0		
23566	verlasse	0		
23567	.	0		
23568	«	0		
23569	Und	0		
23570	als	0		
23571	der	0		
23572	alte	0		
23573	Herr	0	(mention_id=3280|references=(entity=(entity_id=entity_0008|fullname=Onkel Heinrich|gender=m)))	(mention_id=3276|references=(entity=(entity_id=33|fullname=Onkel Heinrich|gender=m)))
23574	die	0		
23575	Zimmertür	0		
23576	hinter	0		
23577	sich	0	(mention_id=3281|references=(entity=(entity_id=entity_0008|fullname=Onkel Heinrich|gender=m)))	(mention_id=3277|references=(entity=(entity_id=33|fullname=Onkel Heinrich|gender=m)))
23578	geschlossen	0		
23579	hatte	0		
23580	,	0		
23581	setzte	0		
23582	sie	0	(mention_id=3282|references=(entity=(entity_id=entity_0004|fullname=Gertrud Baumhagen|gender=f)))	(mention_id=3278|references=(entity=(entity_id=39|fullname=Trudchen|gender=f|specialcase_entity=nonfact)))
23583	sich	0	(mention_id=3283|references=(entity=(entity_id=entity_0004|fullname=Gertrud Baumhagen|gender=f)))	(mention_id=3279|references=(entity=(entity_id=39|fullname=Trudchen|gender=f|specialcase_entity=nonfact)))
23584	wieder	0		
23585	an	0		
23586	den	0		
23587	Schreibtisch	0		
23588	,	0		
23589	nahm	0		
23590	einen	0		
23591	Brief	0		
23592	aus	0		
23593	einem	0		
23594	der	0		
23595	Fächer	0		
23596	und	0		
23597	begann	0		
23598	zu	0		
23599	lesen	0		
23600	.	0		
23601	Der	0		
23602	letzte	0		
23603	Brief	0		
23604	von	0		
23605	ihm	0	(mention_id=3284|references=(entity=(entity_id=entity_0001|fullname=Franz Linden|gender=m)))	(mention_id=3280|references=(entity=(entity_id=9|fullname=Franz|gender=m)))
23606	,	0		
23607	heute	0		
23608	früh	0		
23609	,	0		
23610	und	0		
23611	es	0		
23612	waren	0		
23613	Verse	0		
23614	:	0		
23615	»	0		
23616	Soll	0		
23617	ich's	0		(mention_id=3281|references=(entity=(entity_id=9|fullname=Franz|gender=m)))
23618	Dir	0	(mention_id=3285|references=(entity=(entity_id=entity_0004|fullname=Gertrud Baumhagen|gender=f)))	(mention_id=3282|references=(entity=(entity_id=39|fullname=Trudchen|gender=f|specialcase_entity=nonfact)))
23619	sagen	0		
23620	,	0		
23621	was	0		
23622	Sehnsucht	0		
23623	ist	0		
23624	?	0		
23625	Kann's	0		
23626	nicht	0		
23627	mit	0		
23628	Worten	0		
23629	erklären	0		
23630	;	0		
23631	Unruhe	0		
23632	ist	0		
23633	es	0		
23634	zu	0		
23635	jeder	0		
23636	Frist	0		
23637	,	0		
23638	Glück	0		
23639	,	0		
23640	was	0		
23641	nur	0		
23642	Du	0	(mention_id=3286|references=(entity=(entity_id=entity_0004|fullname=Gertrud Baumhagen|gender=f)))	(mention_id=3283|references=(entity=(entity_id=39|fullname=Trudchen|gender=f|specialcase_entity=nonfact)))
23643	kannst	0		
23644	gewähren	0		
23645	.	0		
23646	Weiß	0		
23647	im	0		
23648	Städtchen	0		
23649	,	0		
23650	am	0		
23651	Marktesplatz	0		
23652	,	0		
23653	Stattlich	0		
23654	ein	0		
23655	Erkerlein	0		
23656	blinken	0		
23657	,	0		
23658	Weiß	0		
23659	es	0		
23660	,	0		
23661	darinnen	0		
23662	stehet	0		
23663	mein	0	(mention_id=3287|references=(entity=(entity_id=entity_0001|fullname=Franz Linden|gender=m)))	(mention_id=3284|references=(entity=(entity_id=9|fullname=Franz|gender=m)))
23664	Schatz	0	(mention_id=3288|references=(entity=(entity_id=entity_0004|fullname=Gertrud Baumhagen|gender=f)))	(mention_id=3285|references=(entity=(entity_id=39|fullname=Trudchen|gender=f|specialcase_entity=nonfact)))
23665	,	0		
23666	Siehet	0		
23667	die	0		
23668	Sonne	0		
23669	versinken	0		
23670	;	0		
23671	Weiß	0		
23672	,	0		
23673	daß	0		
23674	zwei	0		
23675	Augen	0		
23676	,	0		
23677	so	0		
23678	groß	0		
23679	und	0		
23680	blau	0		
23681	,	0		
23682	Fragend	0		
23683	gen	0		
23684	Westen	0		
23685	blicken	0		
23686	,	0		
23687	Ob	0		
23688	nicht	0		
23689	von	0		
23690	dort	0		
23691	,	0		
23692	geliebte	0		
23693	Frau	0	(mention_id=3289|references=(entity=(entity_id=entity_0004|fullname=Gertrud Baumhagen|gender=f)))	(mention_id=3286|references=(entity=(entity_id=39|fullname=Trudchen|gender=f|specialcase_entity=nonfact)))
23694	,	0		
23695	Zwei	0		
23696	Lippen	0		
23697	Dir	0	(mention_id=3290|references=(entity=(entity_id=entity_0004|fullname=Gertrud Baumhagen|gender=f)))	(mention_id=3287|references=(entity=(entity_id=39|fullname=Trudchen|gender=f|specialcase_entity=nonfact)))
23698	Botschaft	0		
23699	schicken	0		
23700	?	0		
23701	Tickt	0		
23702	mir	0	(mention_id=3291|references=(entity=(entity_id=entity_0001|fullname=Franz Linden|gender=m)))	(mention_id=3288|references=(entity=(entity_id=9|fullname=Franz|gender=m)))
23703	im	0		
23704	stillen	0		
23705	Zimmer	0		
23706	die	0		
23707	Uhr	0		
23708	,	0		
23709	Tauwind	0		
23710	klopft	0		
23711	an	0		
23712	die	0		
23713	Scheiben	0		
23714	.	0		
23715	Draußen	0		
23716	verrinnet	0		
23717	des	0		
23718	Winters	0		
23719	Spur	0		
23720	,	0		
23721	Knospen	0		
23722	schwellen	0		
23723	und	0		
23724	treiben	0		
23725	.	0		
23726	Langsam	0		
23727	siehet	0		
23728	,	0		
23729	wer	0		
23730	einsam	0		
23731	ist	0		
23732	,	0		
23733	Stunde	0		
23734	auf	0		
23735	Stunde	0		
23736	werden	0		
23737	;	0		
23738	–	0		
23739	Eins	0		
23740	nur	0		
23741	ist	0		
23742	Trost	0		
23743	mir	0	(mention_id=3292|references=(entity=(entity_id=entity_0001|fullname=Franz Linden|gender=m)))	(mention_id=3289|references=(entity=(entity_id=9|fullname=Franz|gender=m)))
23744	,	0		
23745	daß	0		
23746	treu	0		
23747	Du	0	(mention_id=3293|references=(entity=(entity_id=entity_0004|fullname=Gertrud Baumhagen|gender=f)))	(mention_id=3290|references=(entity=(entity_id=39|fullname=Trudchen|gender=f|specialcase_entity=nonfact)))
23748	bist	0		
23749	;	0		
23750	Frühling	0		
23751	muß	0		
23752	es	0		
23753	ja	0		
23754	werden	0		
23755	!	0		
23756	Eines	0		
23757	ist	0		
23758	Trost	0		
23759	,	0		
23760	daß	0		
23761	in	0		
23762	Ewigkeit	0		
23763	,	0		
23764	Wenn	0		
23765	zwei	0	(mention_id=3294|references=(entity=(entity_id=entity_0004|fullname=Gertrud Baumhagen|gender=f)),(entity=(entity_id=entity_0001|fullname=Franz Linden|gender=m)))	(mention_id=3291|references=(entity=(entity_id=9|fullname=Franz|gender=m)),(entity=(entity_id=39|fullname=Trudchen|gender=f|specialcase_entity=nonfact)))
23766	sich	0	(mention_id=3295|references=(entity=(entity_id=entity_0004|fullname=Gertrud Baumhagen|gender=f)),(entity=(entity_id=entity_0001|fullname=Franz Linden|gender=m)))	
23767	in	0		
23768	Liebe	0		
23769	gehören	0		
23770	,	0		
23771	Menschenzungen	0		
23772	und	0		
23773	Menschenneid	0		
23774	Nicht	0		
23775	können	0		
23776	solch	0		
23777	Bündnis	0		
23778	stören	0		
23779	.	0		
23780	«	0		
23781	Wie	0		
23782	sie	0	(mention_id=3296|references=(entity=(entity_id=entity_0004|fullname=Gertrud Baumhagen|gender=f)))	(mention_id=3292|references=(entity=(entity_id=39|fullname=Trudchen|gender=f|specialcase_entity=nonfact)))
23783	diese	0		
23784	Verse	0		
23785	freuten	0		
23786	in	0		
23787	ihrer	0	(mention_id=3297|references=(entity=(entity_id=entity_0004|fullname=Gertrud Baumhagen|gender=f)))	(mention_id=3293|references=(entity=(entity_id=39|fullname=Trudchen|gender=f|specialcase_entity=nonfact)))
23788	Traurigkeit	0		
23789	!	0		
23790	Nichts	0		
23791	in	0		
23792	der	0		
23793	Welt	0		
23794	konnte	0		
23795	sie	0	(mention_id=3298|references=(entity=(entity_id=entity_0004|fullname=Gertrud Baumhagen|gender=f)))	(mention_id=3294|references=(entity=(entity_id=39|fullname=Trudchen|gender=f|specialcase_entity=nonfact)))
23796	trennen	0		
23797	!	0		
23798	Ein	0		
23799	Glück	0		
23800	und	0		
23801	eine	0		
23802	Not	0		
23803	!	0		
23804	–	0		
23805	Tausendfach	0		
23806	wollte	0		
23807	sie	0	(mention_id=3299|references=(entity=(entity_id=entity_0004|fullname=Gertrud Baumhagen|gender=f)))	(mention_id=3295|references=(entity=(entity_id=39|fullname=Trudchen|gender=f|specialcase_entity=nonfact)))
23808	ihm	0	(mention_id=3300|references=(entity=(entity_id=entity_0001|fullname=Franz Linden|gender=m)))	(mention_id=3296|references=(entity=(entity_id=9|fullname=Franz|gender=m)))
23809	mit	0		
23810	Liebe	0		
23811	vergelten	0		
23812	für	0		
23813	alles	0		
23814	,	0		
23815	was	0		
23816	er	0	(mention_id=3301|references=(entity=(entity_id=entity_0001|fullname=Franz Linden|gender=m)))	(mention_id=3297|references=(entity=(entity_id=9|fullname=Franz|gender=m)))
23817	jetzt	0		
23818	um	0		
23819	ihrethalben	0		(mention_id=3298|references=(entity=(entity_id=39|fullname=Trudchen|gender=f|specialcase_entity=nonfact)))
23820	erdulden	0		
23821	mußte	0		
23822	.	0		
23823	Mit	0		
23824	tausend	0		
23825	guten	0		
23826	,	0		
23827	innigen	0		
23828	Worten	0		
23829	versuchte	0		
23830	sie	0	(mention_id=3302|references=(entity=(entity_id=entity_0004|fullname=Gertrud Baumhagen|gender=f)))	(mention_id=3299|references=(entity=(entity_id=39|fullname=Trudchen|gender=f|specialcase_entity=nonfact)))
23831	jene	0		
23832	Mißachtung	0		
23833	vergessen	0		
23834	zu	0		
23835	machen	0		
23836	,	0		
23837	die	0		
23838	man	0		
23839	ihm	0	(mention_id=3303|references=(entity=(entity_id=entity_0001|fullname=Franz Linden|gender=m)))	(mention_id=3300|references=(entity=(entity_id=9|fullname=Franz|gender=m)))
23840	,	0		
23841	dem	0		
23842	kecken	0		
23843	Eindringling	0	(mention_id=3304|references=(entity=(entity_id=entity_0001|fullname=Franz Linden|gender=m)))	(mention_id=3301|references=(entity=(entity_id=9|fullname=Franz|gender=m)))
23844	,	0		
23845	gegenüber	0		
23846	kaum	0		
23847	verbarg	0		
23848	.	0		
23849	Sein	0	(mention_id=3305|references=(entity=(entity_id=entity_0001|fullname=Franz Linden|gender=m)))	(mention_id=3302|references=(entity=(entity_id=9|fullname=Franz|gender=m)))
23850	Mannesstolz	0		
23851	mußte	0		
23852	unendlich	0		
23853	leiden	0		
23854	.	0		
23855	Mehr	0		
23856	als	0		
23857	einmal	0		
23858	war	0		
23859	ihm	0	(mention_id=3306|references=(entity=(entity_id=entity_0001|fullname=Franz Linden|gender=m)))	(mention_id=3303|references=(entity=(entity_id=9|fullname=Franz|gender=m)))
23860	jäh	0		
23861	das	0		
23862	Blut	0		
23863	in	0		
23864	die	0		
23865	Stirn	0		
23866	geschossen	0		
23867	,	0		
23868	und	0		
23869	mehr	0		
23870	als	0		
23871	einmal	0		
23872	hatte	0		
23873	er	0	(mention_id=3307|references=(entity=(entity_id=entity_0001|fullname=Franz Linden|gender=m)))	(mention_id=3304|references=(entity=(entity_id=9|fullname=Franz|gender=m)))
23874	sich	0	(mention_id=3308|references=(entity=(entity_id=entity_0001|fullname=Franz Linden|gender=m)))	(mention_id=3305|references=(entity=(entity_id=9|fullname=Franz|gender=m)))
23875	vorzeitig	0		
23876	verabschiedet	0		
23877	,	0		
23878	als	0		
23879	könne	0		
23880	er	0	(mention_id=3309|references=(entity=(entity_id=entity_0001|fullname=Franz Linden|gender=m)))	(mention_id=3306|references=(entity=(entity_id=9|fullname=Franz|gender=m)))
23881	nicht	0		
23882	ruhig	0		
23883	bleiben	0		
23884	und	0		
23885	suche	0		
23886	,	0		
23887	des	0		
23888	lieben	0		
23889	Friedens	0		
23890	wegen	0		
23891	,	0		
23892	sein	0	(mention_id=3310|references=(entity=(entity_id=entity_0001|fullname=Franz Linden|gender=m)))	(mention_id=3307|references=(entity=(entity_id=9|fullname=Franz|gender=m)))
23893	Heil	0		
23894	in	0		
23895	der	0		
23896	Flucht	0		
23897	.	0		
23898	»	0		
23899	Ich	0	(mention_id=3311|references=(entity=(entity_id=entity_0001|fullname=Franz Linden|gender=m)))	(mention_id=3308|references=(entity=(entity_id=9|fullname=Franz|gender=m)))
23900	wollte	0		
23901	,	0		
23902	ich	0	(mention_id=3312|references=(entity=(entity_id=entity_0001|fullname=Franz Linden|gender=m)))	(mention_id=3309|references=(entity=(entity_id=9|fullname=Franz|gender=m)))
23903	hätte	0		
23904	dich	0	(mention_id=3313|references=(entity=(entity_id=entity_0004|fullname=Gertrud Baumhagen|gender=f)))	(mention_id=3310|references=(entity=(entity_id=39|fullname=Trudchen|gender=f|specialcase_entity=nonfact)))
23905	erst	0		
23906	in	0		
23907	Niendorf	0		
23908	,	0		
23909	Trudchen	0	(mention_id=3314|references=(entity=(entity_id=entity_0004|fullname=Gertrud Baumhagen|gender=f)))	(mention_id=3311|references=(entity=(entity_id=39|fullname=Trudchen|gender=f|specialcase_entity=nonfact)))
23910	«	0		
23911	,	0		
23912	sagte	0		
23913	er	0	(mention_id=3315|references=(entity=(entity_id=entity_0001|fullname=Franz Linden|gender=m)))	(mention_id=3312|references=(entity=(entity_id=9|fullname=Franz|gender=m)))
23914	noch	0		
23915	beim	0		
23916	letzten	0		
23917	Abschied	0		
23918	,	0		
23919	»	0		
23920	ich	0	(mention_id=3316|references=(entity=(entity_id=entity_0001|fullname=Franz Linden|gender=m)))	(mention_id=3313|references=(entity=(entity_id=9|fullname=Franz|gender=m)))
23921	ertrage	0		
23922	es	0		
23923	schlecht	0		
23924	,	0		
23925	für	0		
23926	deine	0	(mention_id=3317|references=(entity=(entity_id=entity_0004|fullname=Gertrud Baumhagen|gender=f)))	(mention_id=3314|references=(entity=(entity_id=11|fullname=Frau Jenny|gender=f)))
23927	Mutter	0	(mention_id=3318|references=(entity=(entity_id=entity_0005|fullname=Ottilie Baumhagen|gender=f)))	(mention_id=3315|references=(entity=(entity_id=11|fullname=Frau Jenny|gender=f)))
23928	Luft	0		
23929	zu	0		
23930	sein	0		
23931	.	0		
23932	«	0		
23933	Und	0		
23934	sie	0	(mention_id=3319|references=(entity=(entity_id=entity_0004|fullname=Gertrud Baumhagen|gender=f)))	(mention_id=3316|references=(entity=(entity_id=39|fullname=Trudchen|gender=f|specialcase_entity=nonfact)))
23935	hatte	0		
23936	sich	0	(mention_id=3320|references=(entity=(entity_id=entity_0004|fullname=Gertrud Baumhagen|gender=f)))	(mention_id=3317|references=(entity=(entity_id=39|fullname=Trudchen|gender=f|specialcase_entity=nonfact)))
23937	an	0		
23938	ihn	0	(mention_id=3321|references=(entity=(entity_id=entity_0001|fullname=Franz Linden|gender=m)))	(mention_id=3318|references=(entity=(entity_id=9|fullname=Franz|gender=m)))
23939	geschmiegt	0		
23940	,	0		
23941	zitternd	0		
23942	vor	0		
23943	Erregung	0		
23944	.	0		
23945	»	0		
23946	Mama	0	(mention_id=3322|references=(entity=(entity_id=entity_0005|fullname=Ottilie Baumhagen|gender=f)))	(mention_id=3319|references=(entity=(entity_id=11|fullname=Frau Jenny|gender=f)))
23947	meint	0		
23948	es	0		
23949	nicht	0		
23950	so	0		
23951	böse	0		
23952	,	0		
23953	Franz	0	(mention_id=3323|references=(entity=(entity_id=entity_0001|fullname=Franz Linden|gender=m)))	(mention_id=3320|references=(entity=(entity_id=9|fullname=Franz|gender=m)))
23954	«	0		
23955	,	0		
23956	sagte	0		
23957	ihr	0	(mention_id=3324|references=(entity=(entity_id=entity_0004|fullname=Gertrud Baumhagen|gender=f)))	(mention_id=3321|references=(entity=(entity_id=39|fullname=Trudchen|gender=f|specialcase_entity=nonfact)))
23958	Mund	0		
23959	,	0		
23960	aber	0		
23961	das	0		
23962	Herz	0		
23963	wußte	0		
23964	es	0		
23965	anders	0		
23966	.	0		
23967	Und	0		
23968	da	0		
23969	hatte	0		
23970	er	0	(mention_id=3325|references=(entity=(entity_id=entity_0001|fullname=Franz Linden|gender=m)))	(mention_id=3322|references=(entity=(entity_id=9|fullname=Franz|gender=m)))
23971	sie	0	(mention_id=3326|references=(entity=(entity_id=entity_0004|fullname=Gertrud Baumhagen|gender=f)))	(mention_id=3323|references=(entity=(entity_id=39|fullname=Trudchen|gender=f|specialcase_entity=nonfact)))
23972	heftig	0		
23973	an	0		
23974	sich	0	(mention_id=3327|references=(entity=(entity_id=entity_0001|fullname=Franz Linden|gender=m)))	(mention_id=3324|references=(entity=(entity_id=39|fullname=Trudchen|gender=f|specialcase_entity=nonfact)))
23975	gepreßt	0		
23976	:	0		
23977	»	0		
23978	Wenn	0		
23979	ich	0	(mention_id=3328|references=(entity=(entity_id=entity_0001|fullname=Franz Linden|gender=m)))	(mention_id=3325|references=(entity=(entity_id=9|fullname=Franz|gender=m)))
23980	dich	0	(mention_id=3329|references=(entity=(entity_id=entity_0004|fullname=Gertrud Baumhagen|gender=f)))	(mention_id=3326|references=(entity=(entity_id=39|fullname=Trudchen|gender=f|specialcase_entity=nonfact)))
23981	nicht	0		
23982	so	0		
23983	liebhätte	0		
23984	,	0		
23985	Mädchen	0	(mention_id=3330|references=(entity=(entity_id=entity_0004|fullname=Gertrud Baumhagen|gender=f)))	(mention_id=3327|references=(entity=(entity_id=39|fullname=Trudchen|gender=f|specialcase_entity=nonfact)))
23986	!	0		
23987	«	0		
23988	»	0		
23989	Aber	0		
23990	es	0		
23991	muß	0		
23992	ja	0		
23993	Frühling	0		
23994	werden	0		
23995	,	0		
23996	Franz	0	(mention_id=3331|references=(entity=(entity_id=entity_0001|fullname=Franz Linden|gender=m)))	(mention_id=3328|references=(entity=(entity_id=9|fullname=Franz|gender=m)))
23997	!	0		
23998	«	0		
23999	Und	0		
24000	heute	0		
24001	war	0		
24002	das	0		
24003	Gedicht	0		
24004	gekommen	0		
24005	mit	0		
24006	einem	0		
24007	Veilchenstrauß	0		
24008	.	0		
24009	Sie	0	(mention_id=3332|references=(entity=(entity_id=entity_0004|fullname=Gertrud Baumhagen|gender=f)))	(mention_id=3329|references=(entity=(entity_id=39|fullname=Trudchen|gender=f|specialcase_entity=nonfact)))
24010	schrak	0		
24011	empor	0		
24012	,	0		
24013	sie	0	(mention_id=3333|references=(entity=(entity_id=entity_0004|fullname=Gertrud Baumhagen|gender=f)))	(mention_id=3330|references=(entity=(entity_id=39|fullname=Trudchen|gender=f|specialcase_entity=nonfact)))
24014	hörte	0		
24015	Jennys	0	(mention_id=3334|references=(entity=(entity_id=entity_0006|fullname=Jenny Fredrich, geb. Baumhagen|gender=f)))	(mention_id=3331|references=(entity=(entity_id=20|fullname=Jenny|gender=f)))
24016	Stimme	0		
24017	,	0		
24018	und	0		
24019	gleich	0		
24020	darauf	0		
24021	trat	0		
24022	die	0		
24023	Schwester	0	(mention_id=3335|references=(entity=(entity_id=entity_0006|fullname=Jenny Fredrich, geb. Baumhagen|gender=f)))	(mention_id=3332|references=(entity=(entity_id=20|fullname=Jenny|gender=f)))
24024	ein	0		
24025	,	0		
24026	aufgeregt	0		
24027	und	0		
24028	ärgerlich	0		
24029	.	0		
24030	»	0		
24031	Ich	0	(mention_id=3336|references=(entity=(entity_id=entity_0006|fullname=Jenny Fredrich, geb. Baumhagen|gender=f)))	(mention_id=3333|references=(entity=(entity_id=20|fullname=Jenny|gender=f)))
24032	muß	0		
24033	mich	0	(mention_id=3337|references=(entity=(entity_id=entity_0006|fullname=Jenny Fredrich, geb. Baumhagen|gender=f)))	(mention_id=3334|references=(entity=(entity_id=20|fullname=Jenny|gender=f)))
24034	bei	0		
24035	dir	0	(mention_id=3338|references=(entity=(entity_id=entity_0004|fullname=Gertrud Baumhagen|gender=f)))	(mention_id=3335|references=(entity=(entity_id=39|fullname=Trudchen|gender=f|specialcase_entity=nonfact)))
24036	erholen	0		
24037	,	0		
24038	Trudchen	0	(mention_id=3339|references=(entity=(entity_id=entity_0004|fullname=Gertrud Baumhagen|gender=f)))	(mention_id=3336|references=(entity=(entity_id=39|fullname=Trudchen|gender=f|specialcase_entity=nonfact)))
24039	«	0		
24040	,	0		
24041	sagte	0		
24042	sie	0	(mention_id=3340|references=(entity=(entity_id=entity_0006|fullname=Jenny Fredrich, geb. Baumhagen|gender=f)))	(mention_id=3337|references=(entity=(entity_id=20|fullname=Jenny|gender=f)))
24043	;	0		
24044	»	0		
24045	Linden	0	(mention_id=3341|references=(entity=(entity_id=entity_0001|fullname=Franz Linden|gender=m)))	(mention_id=3338|references=(entity=(entity_id=9|fullname=Franz|gender=m)))
24046	ist	0		
24047	nicht	0		
24048	hier	0		
24049	?	0		
24050	Gott	0	(mention_id=3342|references=(entity=(entity_id=entity_0019|fullname=Gott|gender=u|specialcase_entity=nonfact)))	
24051	sei	0		
24052	Dank	0		
24053	!	0		
24054	Unten	0		
24055	kann	0		
24056	ich	0	(mention_id=3343|references=(entity=(entity_id=entity_0006|fullname=Jenny Fredrich, geb. Baumhagen|gender=f)))	(mention_id=3339|references=(entity=(entity_id=20|fullname=Jenny|gender=f)))
24057	es	0		
24058	nicht	0		
24059	aushalten	0		
24060	,	0		
24061	der	0		
24062	Kleine	0	(mention_id=3344|references=(entity=(entity_id=entity_0020|fullname=Walterchen Fredrich|gender=m)))	(mention_id=3340|references=(entity=(entity_id=40|fullname=der kleine Junge|gender=u|specialcase_entity=nonfact)))
24063	ist	0		
24064	so	0		
24065	unruhig	0		
24066	und	0		
24067	schreit	0		
24068	und	0		
24069	weint	0		
24070	.	0		
24071	Der	0		
24072	Doktor	0	(mention_id=3345|references=(entity=(entity_id=entity_0120|fullname=Doktor|gender=m)))	(mention_id=3341|references=(entity=(entity_id=generic_0030|fullname=Doktor|gender=u|specialcase_entity=generic)))
24073	sagte	0		
24074	,	0		
24075	er	0	(mention_id=3346|references=(entity=(entity_id=entity_0020|fullname=Walterchen Fredrich|gender=m)))	(mention_id=3342|references=(entity=(entity_id=40|fullname=der kleine Junge|gender=u|specialcase_entity=nonfact)))
24076	soll	0		
24077	ins	0		
24078	Bett	0		
24079	.	0		
24080	Ich	0	(mention_id=3347|references=(entity=(entity_id=entity_0006|fullname=Jenny Fredrich, geb. Baumhagen|gender=f)))	(mention_id=3343|references=(entity=(entity_id=20|fullname=Jenny|gender=f)))
24081	habe	0		
24082	ihn	0	(mention_id=3348|references=(entity=(entity_id=entity_0020|fullname=Walterchen Fredrich|gender=m)))	(mention_id=3344|references=(entity=(entity_id=40|fullname=der kleine Junge|gender=u|specialcase_entity=nonfact)))
24083	nun	0		
24084	hineinstecken	0		
24085	lassen	0		
24086	.	0		
24087	Lieber	0		
24088	Gott	0		
24089	,	0		
24090	man	0		
24091	kommt	0		
24092	aus	0		
24093	der	0		
24094	Angst	0		
24095	und	0		
24096	Unruhe	0		
24097	gar	0		
24098	nicht	0		
24099	heraus	0		
24100	!	0		
24101	«	0		
24102	Trudchen	0	(mention_id=3349|references=(entity=(entity_id=entity_0004|fullname=Gertrud Baumhagen|gender=f)))	(mention_id=3345|references=(entity=(entity_id=39|fullname=Trudchen|gender=f|specialcase_entity=nonfact)))
24103	horchte	0		
24104	erschreckt	0		
24105	auf	0		
24106	.	0		
24107	Nun	0		
24108	,	0		
24109	wenigstens	0		
24110	ist	0		
24111	er	0	(mention_id=3350|references=(entity=(entity_id=entity_0020|fullname=Walterchen Fredrich|gender=m)))	(mention_id=3346|references=(entity=(entity_id=40|fullname=der kleine Junge|gender=u|specialcase_entity=nonfact)))
24112	in	0		
24113	guter	0		
24114	Pflege	0		
24115	bei	0		
24116	Karoline	0	(mention_id=3351|references=(entity=(entity_id=entity_0070|fullname=Karoline|gender=f)))	(mention_id=3347|references=(entity=(entity_id=22|fullname=Karoline|gender=f)))
24117	,	0		
24118	dachte	0		
24119	sie	0	(mention_id=3352|references=(entity=(entity_id=entity_0004|fullname=Gertrud Baumhagen|gender=f)))	(mention_id=3348|references=(entity=(entity_id=39|fullname=Trudchen|gender=f|specialcase_entity=nonfact)))
24120	.	0		
24121	»	0		
24122	Werdet	0		
24123	ihr	0	(mention_id=3353|references=(entity=(entity_id=entity_0004|fullname=Gertrud Baumhagen|gender=f)),(entity=(entity_id=entity_0001|fullname=Franz Linden|gender=m)))	(mention_id=3349|references=(entity=(entity_id=39|fullname=Trudchen|gender=f|specialcase_entity=nonfact)))
24124	denn	0		
24125	den	0		
24126	Maskenball	0		
24127	mitmachen	0		
24128	,	0		
24129	du	0	(mention_id=3354|references=(entity=(entity_id=entity_0004|fullname=Gertrud Baumhagen|gender=f)))	(mention_id=3350|references=(entity=(entity_id=39|fullname=Trudchen|gender=f|specialcase_entity=nonfact)))
24130	und	0		
24131	Linden	0	(mention_id=3355|references=(entity=(entity_id=entity_0001|fullname=Franz Linden|gender=m)))	(mention_id=3351|references=(entity=(entity_id=9|fullname=Franz|gender=m)))
24132	?	0		
24133	«	0		
24134	fragte	0		
24135	die	0		
24136	junge	0		
24137	Frau	0	(mention_id=3356|references=(entity=(entity_id=entity_0006|fullname=Jenny Fredrich, geb. Baumhagen|gender=f)))	(mention_id=3352|references=(entity=(entity_id=20|fullname=Jenny|gender=f)))
24138	.	0		
24139	»	0		
24140	Nein	0		
24141	!	0		
24142	«	0		
24143	sagte	0		
24144	das	0		
24145	Mädchen	0	(mention_id=3357|references=(entity=(entity_id=entity_0004|fullname=Gertrud Baumhagen|gender=f)))	(mention_id=3353|references=(entity=(entity_id=39|fullname=Trudchen|gender=f|specialcase_entity=nonfact)))
24146	und	0		
24147	packte	0		
24148	ihre	0	(mention_id=3358|references=(entity=(entity_id=entity_0004|fullname=Gertrud Baumhagen|gender=f)))	(mention_id=3354|references=(entity=(entity_id=39|fullname=Trudchen|gender=f|specialcase_entity=nonfact)))
24149	Briefe	0		
24150	fort	0		
24151	.	0		
24152	»	0		
24153	Warum	0		
24154	nicht	0		
24155	?	0		
24156	«	0		
24157	»	0		
24158	Was	0		
24159	hätten	0		
24160	wir	0	(mention_id=3359|references=(entity=(entity_id=entity_0004|fullname=Gertrud Baumhagen|gender=f)),(entity=(entity_id=entity_0001|fullname=Franz Linden|gender=m)))	(mention_id=3355|references=(entity=(entity_id=39|fullname=Trudchen|gender=f|specialcase_entity=nonfact)),(entity=(entity_id=9|fullname=Franz|gender=m)))
24161	davon	0		
24162	?	0		
24163	Ich	0	(mention_id=3360|references=(entity=(entity_id=entity_0004|fullname=Gertrud Baumhagen|gender=f)))	(mention_id=3356|references=(entity=(entity_id=39|fullname=Trudchen|gender=f|specialcase_entity=nonfact)))
24164	tanze	0		
24165	nicht	0		
24166	gern	0		
24167	;	0		
24168	du	0	(mention_id=3361|references=(entity=(entity_id=entity_0006|fullname=Jenny Fredrich, geb. Baumhagen|gender=f)))	(mention_id=3357|references=(entity=(entity_id=20|fullname=Jenny|gender=f)))
24169	weißt	0		
24170	es	0		
24171	ja	0		
24172	,	0		
24173	Jenny	0	(mention_id=3362|references=(entity=(entity_id=entity_0006|fullname=Jenny Fredrich, geb. Baumhagen|gender=f)))	(mention_id=3358|references=(entity=(entity_id=20|fullname=Jenny|gender=f)))
24174	.	0		
24175	«	0		
24176	»	0		
24177	War	0		
24178	Onkel	0	(mention_id=3363|references=(entity=(entity_id=entity_0008|fullname=Onkel Heinrich|gender=m)))	(mention_id=3359|references=(entity=(entity_id=33|fullname=Onkel Heinrich|gender=m)))
24179	Heinrich	0	(mention_id=3363|references=(entity=(entity_id=entity_0008|fullname=Onkel Heinrich|gender=m)))	(mention_id=3359|references=(entity=(entity_id=33|fullname=Onkel Heinrich|gender=m)))
24180	hier	0		
24181	?	0		
24182	«	0		
24183	»	0		
24184	Ja	0		
24185	,	0		
24186	Jenny	0	(mention_id=3364|references=(entity=(entity_id=entity_0006|fullname=Jenny Fredrich, geb. Baumhagen|gender=f)))	(mention_id=3360|references=(entity=(entity_id=20|fullname=Jenny|gender=f)))
24187	.	0		
24188	–	0		
24189	Ist	0		
24190	es	0		
24191	denn	0		
24192	ängstlich	0		
24193	mit	0		
24194	dem	0		
24195	Kleinen	0	(mention_id=3365|references=(entity=(entity_id=entity_0020|fullname=Walterchen Fredrich|gender=m)))	(mention_id=3361|references=(entity=(entity_id=40|fullname=der kleine Junge|gender=u|specialcase_entity=nonfact)))
24196	?	0		
24197	«	0		
24198	»	0		
24199	I	0		
24200	bewahre	0		
24201	!	0		
24202	Ein	0		
24203	bißchen	0		
24204	Fieber	0		
24205	.	0		
24206	Wir	0	(mention_id=3366|references=(entity=(entity_id=entity_0006|fullname=Jenny Fredrich, geb. Baumhagen|gender=f)),(entity=(entity_id=entity_0007|fullname=Artur Fredrich|gender=m)))	(mention_id=3362|references=(entity=(entity_id=20|fullname=Jenny|gender=f)),(entity=(entity_id=9|fullname=Franz|gender=m)))
24207	wollten	0		
24208	heute	0		
24209	abend	0		
24210	noch	0		
24211	zu	0		
24212	Dressels	0		(mention_id=3363|references=(entity=(entity_id=6|fullname=Dressels|gender=u|specialcase_entity=group)))
24213	.	0		
24214	Artur	0	(mention_id=3367|references=(entity=(entity_id=entity_0007|fullname=Artur Fredrich|gender=m)))	(mention_id=3364|references=(entity=(entity_id=1|fullname=Artur|gender=m)))
24215	hat	0		
24216	Kostümbilder	0		
24217	für	0		
24218	unsere	0	(mention_id=3368|references=(entity=(entity_id=entity_0006|fullname=Jenny Fredrich, geb. Baumhagen|gender=f)),(entity=(entity_id=entity_0007|fullname=Artur Fredrich|gender=m)))	(mention_id=3365|references=(entity=(entity_id=20|fullname=Jenny|gender=f)),(entity=(entity_id=9|fullname=Franz|gender=m)))
24219	Quadrille	0		
24220	aus	0		
24221	Berlin	0		
24222	kommen	0		
24223	lassen	0		
24224	.	0		
24225	Aber	0		
24226	das	0		
24227	interessiert	0		
24228	dich	0	(mention_id=3369|references=(entity=(entity_id=entity_0004|fullname=Gertrud Baumhagen|gender=f)))	(mention_id=3366|references=(entity=(entity_id=39|fullname=Trudchen|gender=f|specialcase_entity=nonfact)))
24229	doch	0		
24230	nicht	0		
24231	,	0		
24232	du	0	(mention_id=3370|references=(entity=(entity_id=entity_0004|fullname=Gertrud Baumhagen|gender=f)))	(mention_id=3367|references=(entity=(entity_id=39|fullname=Trudchen|gender=f|specialcase_entity=nonfact)))
24233	wirst	0		
24234	dich	0	(mention_id=3371|references=(entity=(entity_id=entity_0004|fullname=Gertrud Baumhagen|gender=f)))	(mention_id=3368|references=(entity=(entity_id=39|fullname=Trudchen|gender=f|specialcase_entity=nonfact)))
24235	wohl	0		
24236	später	0		
24237	ganz	0		
24238	in	0		
24239	dein	0	(mention_id=3372|references=(entity=(entity_id=entity_0004|fullname=Gertrud Baumhagen|gender=f)))	(mention_id=3369|references=(entity=(entity_id=39|fullname=Trudchen|gender=f|specialcase_entity=nonfact)))
24240	Niendorf	0		
24241	vergraben	0		
24242	?	0		
24243	Neulich	0		
24244	sagte	0		
24245	noch	0		
24246	der	0		
24247	Landrat	0	(mention_id=3373|references=(entity=(entity_id=entity_0189|fullname=Landrat|gender=m)))	(mention_id=3370|references=(entity=(entity_id=generic_0031|fullname=Landrat|gender=u|specialcase_entity=generic)))
24248	zu	0		
24249	Artur	0	(mention_id=3374|references=(entity=(entity_id=entity_0007|fullname=Artur Fredrich|gender=m)))	(mention_id=3371|references=(entity=(entity_id=1|fullname=Artur|gender=m)))
24250	:	0		
24251	›	0		
24252	Ihre	0	(mention_id=3375|references=(entity=(entity_id=entity_0007|fullname=Artur Fredrich|gender=m)))	(mention_id=3372|references=(entity=(entity_id=20|fullname=Jenny|gender=f)))
24253	Schwägerin	0	(mention_id=3376|references=(entity=(entity_id=entity_0004|fullname=Gertrud Baumhagen|gender=f)))	(mention_id=3373|references=(entity=(entity_id=20|fullname=Jenny|gender=f)))
24254	kommt	0		
24255	auch	0		
24256	nicht	0		
24257	an	0		
24258	den	0		
24259	richtigen	0		
24260	Platz	0		
24261	.	0		
24262	Sie	0	(mention_id=3377|references=(entity=(entity_id=entity_0004|fullname=Gertrud Baumhagen|gender=f)))	(mention_id=3374|references=(entity=(entity_id=20|fullname=Jenny|gender=f)))
24263	hätte	0		
24264	einen	0		
24265	Mann	0	(mention_id=3378|references=(entity=(entity_id=entity_0192|fullname=potenzieller Mann in bessrer Stellung|gender=m|specialcase_entity=nonfact)))	(mention_id=3375|references=(entity=(entity_id=generic_0032|fullname=Mann im Allgemeinen|gender=u|specialcase_entity=generic)))
24266	heiraten	0		
24267	sollen	0		
24268	in	0		
24269	einer	0		
24270	Stellung	0		
24271	,	0		
24272	wo	0		
24273	sie	0	(mention_id=3379|references=(entity=(entity_id=entity_0004|fullname=Gertrud Baumhagen|gender=f)))	(mention_id=3376|references=(entity=(entity_id=20|fullname=Jenny|gender=f)))
24274	repräsentieren	0		
24275	muß	0		
24276	.	0		
24277	‹	0		
24278	Du	0	(mention_id=3380|references=(entity=(entity_id=entity_0004|fullname=Gertrud Baumhagen|gender=f)))	(mention_id=3377|references=(entity=(entity_id=39|fullname=Trudchen|gender=f|specialcase_entity=nonfact)))
24279	wärst	0		
24280	eine	0		
24281	Zierde	0		
24282	für	0		
24283	jeden	0		
24284	Salon	0		
24285	;	0		
24286	nun	0		
24287	gehst	0		
24288	du	0	(mention_id=3381|references=(entity=(entity_id=entity_0004|fullname=Gertrud Baumhagen|gender=f)))	(mention_id=3378|references=(entity=(entity_id=39|fullname=Trudchen|gender=f|specialcase_entity=nonfact)))
24289	in	0		
24290	die	0		
24291	Niendorfer	0		
24292	Kuhställe	0		
24293	.	0		
24294	«	0		
24295	»	0		
24296	Und	0		
24297	wie	0		
24298	ich	0		(mention_id=3379|references=(entity=(entity_id=39|fullname=Trudchen|gender=f|specialcase_entity=nonfact)))
24299	mich	0	(mention_id=3382|references=(entity=(entity_id=entity_0004|fullname=Gertrud Baumhagen|gender=f)))	(mention_id=3380|references=(entity=(entity_id=39|fullname=Trudchen|gender=f|specialcase_entity=nonfact)))
24300	darauf	0		
24301	freue	0		
24302	!	0		
24303	«	0		
24304	sagte	0		
24305	Trudchen	0	(mention_id=3383|references=(entity=(entity_id=entity_0004|fullname=Gertrud Baumhagen|gender=f)))	(mention_id=3381|references=(entity=(entity_id=39|fullname=Trudchen|gender=f|specialcase_entity=nonfact)))
24306	,	0		
24307	und	0		
24308	ihre	0	(mention_id=3384|references=(entity=(entity_id=entity_0004|fullname=Gertrud Baumhagen|gender=f)))	(mention_id=3382|references=(entity=(entity_id=39|fullname=Trudchen|gender=f|specialcase_entity=nonfact)))
24309	Augen	0		
24310	leuchteten	0		
24311	.	0		
24312	»	0		
24313	Frau	0	(mention_id=3385|references=(entity=(entity_id=entity_0006|fullname=Jenny Fredrich, geb. Baumhagen|gender=f)))	(mention_id=3383|references=(entity=(entity_id=10|fullname=Frau Fredrich|gender=f)))
24314	Fredrich	0	(mention_id=3385|references=(entity=(entity_id=entity_0006|fullname=Jenny Fredrich, geb. Baumhagen|gender=f)))	(mention_id=3383|references=(entity=(entity_id=10|fullname=Frau Fredrich|gender=f)))
24315	!	0		
24316	«	0		
24317	rief	0		
24318	jetzt	0		
24319	ängstlich	0		
24320	das	0		
24321	hübsche	0		
24322	Stubenmädchen	0	(mention_id=3386|references=(entity=(entity_id=entity_0070|fullname=Karoline|gender=f)))	(mention_id=3384|references=(entity=(entity_id=37|fullname=Stubenmädchen|gender=f)))
24323	,	0		
24324	»	0		
24325	kommen	0		
24326	Sie	0	(mention_id=3387|references=(entity=(entity_id=entity_0006|fullname=Jenny Fredrich, geb. Baumhagen|gender=f)))	(mention_id=3385|references=(entity=(entity_id=10|fullname=Frau Fredrich|gender=f)))
24327	doch	0		
24328	nur	0		
24329	herunter	0		
24330	,	0		
24331	der	0		
24332	Kleine	0	(mention_id=3388|references=(entity=(entity_id=entity_0020|fullname=Walterchen Fredrich|gender=m)))	(mention_id=3386|references=(entity=(entity_id=40|fullname=der kleine Junge|gender=u|specialcase_entity=nonfact)))
24333	wird	0		
24334	so	0		
24335	unruhig	0		
24336	und	0		
24337	heiß	0		
24338	.	0		
24339	«	0		
24340	Jenny	0	(mention_id=3389|references=(entity=(entity_id=entity_0006|fullname=Jenny Fredrich, geb. Baumhagen|gender=f)))	(mention_id=3387|references=(entity=(entity_id=20|fullname=Jenny|gender=f)))
24341	nickte	0		
24342	,	0		
24343	besah	0		
24344	sich	0	(mention_id=3390|references=(entity=(entity_id=entity_0006|fullname=Jenny Fredrich, geb. Baumhagen|gender=f)))	(mention_id=3388|references=(entity=(entity_id=20|fullname=Jenny|gender=f)))
24345	noch	0		
24346	in	0		
24347	aller	0		
24348	Eile	0		
24349	eine	0		
24350	angefangene	0		
24351	Stickerei	0		
24352	und	0		
24353	ging	0		
24354	aus	0		
24355	dem	0		
24356	Zimmer	0		
24357	.	0		
24358	Als	0		
24359	Trudchen	0	(mention_id=3391|references=(entity=(entity_id=entity_0004|fullname=Gertrud Baumhagen|gender=f)))	(mention_id=3389|references=(entity=(entity_id=39|fullname=Trudchen|gender=f|specialcase_entity=nonfact)))
24360	nach	0		
24361	einer	0		
24362	Weile	0		
24363	folgte	0		
24364	,	0		
24365	erhielt	0		
24366	sie	0	(mention_id=3392|references=(entity=(entity_id=entity_0004|fullname=Gertrud Baumhagen|gender=f)))	(mention_id=3390|references=(entity=(entity_id=39|fullname=Trudchen|gender=f|specialcase_entity=nonfact)))
24367	den	0		
24368	Bescheid	0		
24369	,	0		
24370	es	0		
24371	sei	0		
24372	nicht	0		
24373	schlimm	0		
24374	mit	0		
24375	dem	0		
24376	Kleinen	0	(mention_id=3393|references=(entity=(entity_id=entity_0020|fullname=Walterchen Fredrich|gender=m)))	(mention_id=3391|references=(entity=(entity_id=40|fullname=der kleine Junge|gender=u|specialcase_entity=nonfact)))
24377	.	0		
24378	Herr	0	(mention_id=3394|references=(entity=(entity_id=entity_0007|fullname=Artur Fredrich|gender=m)))	(mention_id=3392|references=(entity=(entity_id=19|fullname=Herr Fredrich|gender=m)))
24379	und	0		
24380	Frau	0	(mention_id=3395|references=(entity=(entity_id=entity_0006|fullname=Jenny Fredrich, geb. Baumhagen|gender=f)))	(mention_id=3393|references=(entity=(entity_id=10|fullname=Frau Fredrich|gender=f)))
24381	Fredrich	0	(mention_id=3395|references=(entity=(entity_id=entity_0006|fullname=Jenny Fredrich, geb. Baumhagen|gender=f)))	(mention_id=3393|references=(entity=(entity_id=10|fullname=Frau Fredrich|gender=f)))
24382	machten	0		
24383	schon	0		
24384	Toilette	0		
24385	für	0		
24386	den	0		
24387	Abend	0		
24388	.	0		
24389	Und	0		
24390	so	0		
24391	stieg	0		
24392	sie	0	(mention_id=3396|references=(entity=(entity_id=entity_0004|fullname=Gertrud Baumhagen|gender=f)))	(mention_id=3394|references=(entity=(entity_id=39|fullname=Trudchen|gender=f|specialcase_entity=nonfact)))
24393	wieder	0		
24394	hinauf	0		
24395	in	0		
24396	ihr	0	(mention_id=3397|references=(entity=(entity_id=entity_0004|fullname=Gertrud Baumhagen|gender=f)))	
24397	einsames	0		
24398	Stübchen	0		
24399	.	0		
