i	token	is_section_start	gold	pred
52913	Sechzehntes	1		
52914	Kapitel	0		
52915	.	0		
52916	Das	0		
52917	Frühmahl	0		
52918	bei	0		
52919	Armbrusters	0	(mention_id=8177|references=(entity=(entity_id=entity_0007|fullname=Familie Armbruster|gender=mf|members=entity_0001,entity_0003,entity_0004,entity_0005,entity_0008,entity_0016,entity_0017|all_members_given=True|specialcase_entity=group)))	(mention_id=8229|references=(entity=(entity_id=4|fullname=Familie Armbruster|gender=mf|specialcase_entity=group)))
52920	verlief	0		
52921	am	0		
52922	nächsten	0		
52923	Morgen	0		
52924	stiller	0		
52925	als	0		
52926	sonst	0		
52927	.	0		
52928	Christoph	0	(mention_id=8178|references=(entity=(entity_id=entity_0001|fullname=Christoph Armbruster|gender=m)))	(mention_id=8230|references=(entity=(entity_id=2|fullname=Christoph|gender=m)))
52929	sowohl	0		
52930	wie	0		
52931	Madlen	0	(mention_id=8179|references=(entity=(entity_id=entity_0003|fullname=Magdalene Armbruster|gender=f)))	(mention_id=8231|references=(entity=(entity_id=15|fullname=Madlen|gender=f)))
52932	saßen	0		
52933	da	0		
52934	,	0		
52935	als	0		
52936	hätten	0		
52937	sie	0	(mention_id=8180|references=(entity=(entity_id=entity_0001|fullname=Christoph Armbruster|gender=m)),(entity=(entity_id=entity_0003|fullname=Magdalene Armbruster|gender=f)))	(mention_id=8232|references=(entity=(entity_id=2|fullname=Christoph|gender=m)),(entity=(entity_id=15|fullname=Madlen|gender=f)))
52938	über	0		
52939	Nacht	0		
52940	das	0		
52941	Reden	0		
52942	verlernt	0		
52943	,	0		
52944	und	0		
52945	die	0		
52946	Mädchen	0	(mention_id=8181|references=(entity=(entity_id=entity_0004|fullname=Ammerie Armbruster|gender=f)),(entity=(entity_id=entity_0002|fullname=Gontrud Hegewald|gender=f)))	(mention_id=8233|references=(entity=(entity_id=17|fullname=Mädchen|gender=f|specialcase_entity=group)))
52947	tauschten	0		
52948	mehrmals	0		
52949	einen	0		
52950	verwunderten	0		
52951	Blick	0		
52952	,	0		
52953	mit	0		
52954	dem	0		
52955	eins	0	(mention_id=8182|references=(entity=(entity_id=entity_0004|fullname=Ammerie Armbruster|gender=f)),(entity=(entity_id=entity_0002|fullname=Gontrud Hegewald|gender=f)))	(mention_id=8234|references=(entity=(entity_id=17|fullname=Mädchen|gender=f|specialcase_entity=group)))
52956	das	0		
52957	andere	0	(mention_id=8183|references=(entity=(entity_id=entity_0004|fullname=Ammerie Armbruster|gender=f)),(entity=(entity_id=entity_0002|fullname=Gontrud Hegewald|gender=f)))	(mention_id=8235|references=(entity=(entity_id=17|fullname=Mädchen|gender=f|specialcase_entity=group)))
52958	fragte	0		
52959	:	0		
52960	was	0		
52961	haben	0		
52962	denn	0		
52963	nur	0		
52964	die	0		
52965	Eltern	0	(mention_id=8184|references=(entity=(entity_id=entity_0001|fullname=Christoph Armbruster|gender=m)),(entity=(entity_id=entity_0003|fullname=Magdalene Armbruster|gender=f)))	(mention_id=8236|references=(entity=(entity_id=2|fullname=Christoph|gender=m)),(entity=(entity_id=15|fullname=Madlen|gender=f)))
52966	,	0		
52967	daß	0		
52968	sie	0	(mention_id=8185|references=(entity=(entity_id=entity_0001|fullname=Christoph Armbruster|gender=m)),(entity=(entity_id=entity_0003|fullname=Magdalene Armbruster|gender=f)))	(mention_id=8237|references=(entity=(entity_id=2|fullname=Christoph|gender=m)),(entity=(entity_id=15|fullname=Madlen|gender=f)))
52969	so	0		
52970	ernst	0		
52971	und	0		
52972	rückhaltig	0		
52973	sind	0		
52974	?	0		
52975	jedes	0	(mention_id=8186|references=(entity=(entity_id=entity_0004|fullname=Ammerie Armbruster|gender=f)),(entity=(entity_id=entity_0002|fullname=Gontrud Hegewald|gender=f)))	(mention_id=8238|references=(entity=(entity_id=17|fullname=Mädchen|gender=f|specialcase_entity=group)))
52976	dachte	0		
52977	:	0		
52978	es	0		
52979	muß	0		
52980	ihnen	0	(mention_id=8187|references=(entity=(entity_id=entity_0001|fullname=Christoph Armbruster|gender=m)),(entity=(entity_id=entity_0003|fullname=Magdalene Armbruster|gender=f)))	(mention_id=8239|references=(entity=(entity_id=2|fullname=Christoph|gender=m)),(entity=(entity_id=15|fullname=Madlen|gender=f)))
52981	etwas	0		
52982	im	0		
52983	Kopfe	0		
52984	liegen	0		
52985	,	0		
52986	was	0		
52987	wir	0	(mention_id=8188|references=(entity=(entity_id=entity_0004|fullname=Ammerie Armbruster|gender=f)),(entity=(entity_id=entity_0002|fullname=Gontrud Hegewald|gender=f)))	(mention_id=8240|references=(entity=(entity_id=17|fullname=Mädchen|gender=f|specialcase_entity=group)))
52988	nicht	0		
52989	wissen	0		
52990	und	0		
52991	vielleicht	0		
52992	nicht	0		
52993	wissen	0		
52994	sollen	0		
52995	.	0		
52996	Mit	0		
52997	dieser	0		
52998	Annahme	0		
52999	täuschten	0		
53000	sie	0	(mention_id=8189|references=(entity=(entity_id=entity_0004|fullname=Ammerie Armbruster|gender=f)),(entity=(entity_id=entity_0002|fullname=Gontrud Hegewald|gender=f)))	(mention_id=8241|references=(entity=(entity_id=17|fullname=Mädchen|gender=f|specialcase_entity=group)))
53001	sich	0	(mention_id=8190|references=(entity=(entity_id=entity_0004|fullname=Ammerie Armbruster|gender=f)),(entity=(entity_id=entity_0002|fullname=Gontrud Hegewald|gender=f)))	(mention_id=8242|references=(entity=(entity_id=17|fullname=Mädchen|gender=f|specialcase_entity=group)))
53002	nicht	0		
53003	,	0		
53004	aber	0		
53005	schwerer	0		
53006	als	0		
53007	im	0		
53008	Kopfe	0		
53009	lag	0		
53010	es	0		
53011	den	0		
53012	beiden	0		
53013	Alten	0	(mention_id=8191|references=(entity=(entity_id=entity_0001|fullname=Christoph Armbruster|gender=m)),(entity=(entity_id=entity_0003|fullname=Magdalene Armbruster|gender=f)))	(mention_id=8243|references=(entity=(entity_id=2|fullname=Christoph|gender=m)),(entity=(entity_id=15|fullname=Madlen|gender=f)))
53014	im	0		
53015	Herzen	0		
53016	,	0		
53017	was	0		
53018	sie	0	(mention_id=8192|references=(entity=(entity_id=entity_0001|fullname=Christoph Armbruster|gender=m)),(entity=(entity_id=entity_0003|fullname=Magdalene Armbruster|gender=f)))	(mention_id=8244|references=(entity=(entity_id=2|fullname=Christoph|gender=m)),(entity=(entity_id=15|fullname=Madlen|gender=f)))
53019	heut	0		
53020	so	0		
53021	schweigsam	0		
53022	machte	0		
53023	.	0		
53024	Der	0		
53025	Bürgermeister	0	(mention_id=8193|references=(entity=(entity_id=entity_0001|fullname=Christoph Armbruster|gender=m)))	(mention_id=8245|references=(entity=(entity_id=2|fullname=Christoph|gender=m)))
53026	hatte	0		
53027	seiner	0	(mention_id=8194|references=(entity=(entity_id=entity_0001|fullname=Christoph Armbruster|gender=m)))	(mention_id=8246|references=(entity=(entity_id=2|fullname=Christoph|gender=m)))
53028	Frau	0	(mention_id=8195|references=(entity=(entity_id=entity_0003|fullname=Magdalene Armbruster|gender=f)))	(mention_id=8247|references=(entity=(entity_id=15|fullname=Madlen|gender=f)))
53029	gestern	0		
53030	nachmittag	0		
53031	seine	0	(mention_id=8196|references=(entity=(entity_id=entity_0001|fullname=Christoph Armbruster|gender=m)))	(mention_id=8248|references=(entity=(entity_id=2|fullname=Christoph|gender=m)))
53032	Unterredung	0		
53033	mit	0		
53034	dem	0		
53035	Freiherrn	0	(mention_id=8197|references=(entity=(entity_id=entity_0018|fullname=Reichsfreiherr Dietrich von Remchingen|gender=m)))	(mention_id=8249|references=(entity=(entity_id=9|fullname=Freiherr von Remchingen|gender=m)))
53036	mitgeteilt	0		
53037	,	0		
53038	und	0		
53039	danach	0		
53040	waren	0		
53041	beide	0	(mention_id=8198|references=(entity=(entity_id=entity_0001|fullname=Christoph Armbruster|gender=m)),(entity=(entity_id=entity_0003|fullname=Magdalene Armbruster|gender=f)))	(mention_id=8250|references=(entity=(entity_id=2|fullname=Christoph|gender=m)),(entity=(entity_id=15|fullname=Madlen|gender=f)))
53042	übereingekommen	0		
53043	,	0		
53044	ihrer	0	(mention_id=8199|references=(entity=(entity_id=entity_0001|fullname=Christoph Armbruster|gender=m)),(entity=(entity_id=entity_0003|fullname=Magdalene Armbruster|gender=f)))	(mention_id=8251|references=(entity=(entity_id=2|fullname=Christoph|gender=m)),(entity=(entity_id=15|fullname=Madlen|gender=f)))
53045	Pflegetochter	0	(mention_id=8200|references=(entity=(entity_id=entity_0002|fullname=Gontrud Hegewald|gender=f)))	(mention_id=8252|references=(entity=(entity_id=20|fullname=Trudi|gender=f)))
53046	nun	0		
53047	doch	0		
53048	endlich	0		
53049	zu	0		
53050	sagen	0		
53051	,	0		
53052	was	0		
53053	sie	0	(mention_id=8201|references=(entity=(entity_id=entity_0002|fullname=Gontrud Hegewald|gender=f)))	(mention_id=8253|references=(entity=(entity_id=20|fullname=Trudi|gender=f)))
53054	so	0		
53055	nahe	0		
53056	anging	0		
53057	,	0		
53058	denn	0		
53059	jetzt	0		
53060	konnte	0		
53061	jeden	0		
53062	Tag	0		
53063	der	0		
53064	Faut	0	(mention_id=8202|references=(entity=(entity_id=entity_0172|fullname=Hühner-und Außenfaut Lippert Wallmann|gender=m)))	(mention_id=8254|references=(entity=(entity_id=5|fullname=Faut|gender=m)))
53065	auf	0		
53066	dem	0		
53067	Abtshof	0		
53068	erscheinen	0		
53069	.	0		
53070	Darauf	0		
53071	mußte	0		
53072	sie	0	(mention_id=8203|references=(entity=(entity_id=entity_0002|fullname=Gontrud Hegewald|gender=f)))	(mention_id=8255|references=(entity=(entity_id=20|fullname=Trudi|gender=f)))
53073	vorbereitet	0		
53074	sein	0		
53075	.	0		
53076	Dann	0		
53077	hatten	0		
53078	sie	0	(mention_id=8204|references=(entity=(entity_id=entity_0001|fullname=Christoph Armbruster|gender=m)),(entity=(entity_id=entity_0003|fullname=Magdalene Armbruster|gender=f)))	(mention_id=8256|references=(entity=(entity_id=2|fullname=Christoph|gender=m)),(entity=(entity_id=15|fullname=Madlen|gender=f)))
53079	beratschlagt	0		
53080	,	0		
53081	wer	0	(mention_id=8205|references=(entity=(entity_id=entity_0001|fullname=Christoph Armbruster|gender=m)),(entity=(entity_id=entity_0003|fullname=Magdalene Armbruster|gender=f)))	(mention_id=8257|references=(entity=(entity_id=2|fullname=Christoph|gender=m)),(entity=(entity_id=15|fullname=Madlen|gender=f)))
53082	von	0		
53083	ihnen	0	(mention_id=8206|references=(entity=(entity_id=entity_0001|fullname=Christoph Armbruster|gender=m)),(entity=(entity_id=entity_0003|fullname=Magdalene Armbruster|gender=f)))	(mention_id=8258|references=(entity=(entity_id=2|fullname=Christoph|gender=m)),(entity=(entity_id=15|fullname=Madlen|gender=f)))
53084	die	0		
53085	heikle	0		
53086	Aufgabe	0		
53087	übernehmen	0		
53088	sollte	0		
53089	,	0		
53090	Trudi	0	(mention_id=8207|references=(entity=(entity_id=entity_0002|fullname=Gontrud Hegewald|gender=f)))	(mention_id=8259|references=(entity=(entity_id=20|fullname=Trudi|gender=f)))
53091	einzuweihen	0		
53092	,	0		
53093	ob	0		
53094	Madlen	0	(mention_id=8208|references=(entity=(entity_id=entity_0003|fullname=Magdalene Armbruster|gender=f)))	(mention_id=8260|references=(entity=(entity_id=15|fullname=Madlen|gender=f)))
53095	unter	0		
53096	vier	0		
53097	Augen	0		
53098	oder	0		
53099	Christoph	0	(mention_id=8209|references=(entity=(entity_id=entity_0001|fullname=Christoph Armbruster|gender=m)))	(mention_id=8261|references=(entity=(entity_id=2|fullname=Christoph|gender=m)))
53100	im	0		
53101	Beisammensein	0		
53102	aller	0		
53103	vier	0	(mention_id=8210|references=(entity=(entity_id=entity_0001|fullname=Christoph Armbruster|gender=m)),(entity=(entity_id=entity_0003|fullname=Magdalene Armbruster|gender=f)),(entity=(entity_id=entity_0004|fullname=Ammerie Armbruster|gender=f)),(entity=(entity_id=entity_0002|fullname=Gontrud Hegewald|gender=f)))	(mention_id=8262|references=(entity=(entity_id=2|fullname=Christoph|gender=m)),(entity=(entity_id=15|fullname=Madlen|gender=f)),(entity=(entity_id=20|fullname=Trudi|gender=f)),(entity=(entity_id=1|fullname=Ammerie|gender=f)))
53104	.	0		
53105	Sie	0	(mention_id=8211|references=(entity=(entity_id=entity_0001|fullname=Christoph Armbruster|gender=m)),(entity=(entity_id=entity_0003|fullname=Magdalene Armbruster|gender=f)))	(mention_id=8263|references=(entity=(entity_id=2|fullname=Christoph|gender=m)),(entity=(entity_id=15|fullname=Madlen|gender=f)))
53106	hatten	0		
53107	sich	0	(mention_id=8212|references=(entity=(entity_id=entity_0001|fullname=Christoph Armbruster|gender=m)),(entity=(entity_id=entity_0003|fullname=Magdalene Armbruster|gender=f)))	(mention_id=8264|references=(entity=(entity_id=2|fullname=Christoph|gender=m)),(entity=(entity_id=15|fullname=Madlen|gender=f)))
53108	für	0		
53109	letzteres	0		
53110	entschieden	0		
53111	und	0		
53112	beschlossen	0		
53113	,	0		
53114	daß	0		
53115	Christoph	0	(mention_id=8213|references=(entity=(entity_id=entity_0001|fullname=Christoph Armbruster|gender=m)))	(mention_id=8265|references=(entity=(entity_id=2|fullname=Christoph|gender=m)))
53116	ihr	0	(mention_id=8214|references=(entity=(entity_id=entity_0002|fullname=Gontrud Hegewald|gender=f)))	(mention_id=8266|references=(entity=(entity_id=20|fullname=Trudi|gender=f)))
53117	die	0		
53118	Sachlage	0		
53119	so	0		
53120	darstellen	0		
53121	sollte	0		
53122	,	0		
53123	als	0		
53124	handelte	0		
53125	es	0		
53126	sich	0		
53127	um	0		
53128	nichts	0		
53129	besonders	0		
53130	Wichtiges	0		
53131	.	0		
53132	So	0		
53133	blieb	0		
53134	er	0	(mention_id=8215|references=(entity=(entity_id=entity_0001|fullname=Christoph Armbruster|gender=m)))	(mention_id=8267|references=(entity=(entity_id=2|fullname=Christoph|gender=m)))
53135	denn	0		
53136	nach	0		
53137	Beendigung	0		
53138	des	0		
53139	Morgenimbisses	0		
53140	gegen	0		
53141	seine	0	(mention_id=8216|references=(entity=(entity_id=entity_0001|fullname=Christoph Armbruster|gender=m)))	(mention_id=8268|references=(entity=(entity_id=2|fullname=Christoph|gender=m)))
53142	Gewohnheit	0		
53143	noch	0		
53144	am	0		
53145	Tische	0		
53146	sitzen	0		
53147	und	0		
53148	fing	0		
53149	wie	0		
53150	ganz	0		
53151	beiläufig	0		
53152	an	0		
53153	:	0		
53154	»	0		
53155	Nun	0		
53156	kann	0		
53157	ich	0	(mention_id=8217|references=(entity=(entity_id=entity_0001|fullname=Christoph Armbruster|gender=m)))	(mention_id=8269|references=(entity=(entity_id=2|fullname=Christoph|gender=m)))
53158	euch	0	(mention_id=8218|references=(entity=(entity_id=entity_0004|fullname=Ammerie Armbruster|gender=f)),(entity=(entity_id=entity_0002|fullname=Gontrud Hegewald|gender=f)))	(mention_id=8270|references=(entity=(entity_id=20|fullname=Trudi|gender=f)),(entity=(entity_id=1|fullname=Ammerie|gender=f)))
53159	auch	0		
53160	erzählen	0		
53161	,	0		
53162	was	0		
53163	gestern	0		
53164	mein	0	(mention_id=8219|references=(entity=(entity_id=entity_0001|fullname=Christoph Armbruster|gender=m)))	(mention_id=8271|references=(entity=(entity_id=2|fullname=Christoph|gender=m)))
53165	alter	0		
53166	Freund	0	(mention_id=8220|references=(entity=(entity_id=entity_0018|fullname=Reichsfreiherr Dietrich von Remchingen|gender=m)))	(mention_id=8272|references=(entity=(entity_id=9|fullname=Freiherr von Remchingen|gender=m)))
53167	,	0		
53168	der	0		
53169	Reichsfreiherr	0	(mention_id=8221|references=(entity=(entity_id=entity_0018|fullname=Reichsfreiherr Dietrich von Remchingen|gender=m)))	(mention_id=8273|references=(entity=(entity_id=9|fullname=Freiherr von Remchingen|gender=m)))
53170	,	0		
53171	von	0		
53172	mir	0	(mention_id=8222|references=(entity=(entity_id=entity_0001|fullname=Christoph Armbruster|gender=m)))	(mention_id=8274|references=(entity=(entity_id=2|fullname=Christoph|gender=m)))
53173	gewollt	0		
53174	hat	0		
53175	.	0		
53176	Es	0		
53177	betrifft	0		
53178	dich	0	(mention_id=8223|references=(entity=(entity_id=entity_0002|fullname=Gontrud Hegewald|gender=f)))	(mention_id=8275|references=(entity=(entity_id=20|fullname=Trudi|gender=f)))
53179	,	0		
53180	liebe	0		
53181	Trudi	0	(mention_id=8224|references=(entity=(entity_id=entity_0002|fullname=Gontrud Hegewald|gender=f)))	(mention_id=8276|references=(entity=(entity_id=20|fullname=Trudi|gender=f)))
53182	.	0		
53183	Unser	0	(mention_id=8225|references=(entity=(entity_id=entity_0001|fullname=Christoph Armbruster|gender=m)))	(mention_id=8277|references=(entity=(entity_id=19|fullname=Pfalzgraf|gender=m)))
53184	Pfalzgraf	0	(mention_id=8226|references=(entity=(entity_id=entity_0047|fullname=Kurfürst Karl Ludwig|gender=m)))	(mention_id=8278|references=(entity=(entity_id=19|fullname=Pfalzgraf|gender=m)))
53185	hat	0		
53186	das	0		
53187	Wiederinkrafttreten	0		
53188	eines	0		
53189	alten	0		
53190	,	0		
53191	verschollenen	0		
53192	Rechtes	0		
53193	,	0		
53194	des	0		
53195	Wildfangrechtes	0		
53196	,	0		
53197	anbefohlen	0		
53198	,	0		
53199	wonach	0		
53200	jeder	0		
53201	Fremde	0	(mention_id=8227|references=(entity=(entity_id=generic_0219|fullname=Wildfang|gender=u|specialcase_entity=generic)))	(mention_id=8279|references=(entity=(entity_id=generic_0001|fullname=Fremder im Allgemeinen|gender=u|specialcase_entity=generic)))
53202	,	0		
53203	der	0	(mention_id=8228|references=(entity=(entity_id=generic_0220|fullname=Wildfang|gender=u|specialcase_entity=generic)))	(mention_id=8280|references=(entity=(entity_id=generic_0002|fullname=Fremder im Allgemeinen|gender=u|specialcase_entity=generic)))
53204	in	0		
53205	die	0		
53206	Pfalz	0		
53207	einwandert	0		
53208	und	0		
53209	sich	0	(mention_id=8229|references=(entity=(entity_id=generic_0221|fullname=Wildfang|gender=u|specialcase_entity=generic)))	(mention_id=8281|references=(entity=(entity_id=generic_0003|fullname=Fremder im Allgemeinen|gender=u|specialcase_entity=generic)))
53210	ein	0		
53211	Jahr	0		
53212	lang	0		
53213	hier	0		
53214	aufhält	0		
53215	,	0		
53216	ihm	0	(mention_id=8230|references=(entity=(entity_id=entity_0047|fullname=Kurfürst Karl Ludwig|gender=m)))	(mention_id=8282|references=(entity=(entity_id=19|fullname=Pfalzgraf|gender=m)))
53217	oder	0		
53218	einem	0	(mention_id=8231|references=(entity=(entity_id=entity_0047|fullname=Kurfürst Karl Ludwig|gender=m)))	
53219	seiner	0	(mention_id=8232|references=(entity=(entity_id=entity_0047|fullname=Kurfürst Karl Ludwig|gender=m)))	(mention_id=8283|references=(entity=(entity_id=19|fullname=Pfalzgraf|gender=m)))
53220	Vögte	0	(mention_id=8233|references=(entity=(entity_id=entity_0213|fullname=Vögte des Pfalzgrafen|gender=m|specialcase_entity=group)))	(mention_id=8284|references=(entity=(entity_id=23|fullname=Vögte des Pfalzgrafen|gender=m|specialcase_entity=group)))
53221	hörig	0		
53222	und	0		
53223	leibeigen	0		
53224	werden	0		
53225	soll	0		
53226	.	0		
53227	Nächstens	0		
53228	wird	0		
53229	es	0		
53230	ein	0		
53231	Jahr	0		
53232	,	0		
53233	daß	0		
53234	du	0	(mention_id=8234|references=(entity=(entity_id=entity_0002|fullname=Gontrud Hegewald|gender=f)))	(mention_id=8285|references=(entity=(entity_id=20|fullname=Trudi|gender=f)))
53235	bei	0		
53236	uns	0	(mention_id=8235|references=(entity=(entity_id=entity_0001|fullname=Christoph Armbruster|gender=m)),(entity=(entity_id=entity_0003|fullname=Magdalene Armbruster|gender=f)))	(mention_id=8286|references=(entity=(entity_id=2|fullname=Christoph|gender=m)),(entity=(entity_id=15|fullname=Madlen|gender=f)))
53237	bist	0		
53238	;	0		
53239	dann	0		
53240	wird	0		
53241	dir	0	(mention_id=8236|references=(entity=(entity_id=entity_0002|fullname=Gontrud Hegewald|gender=f)))	(mention_id=8287|references=(entity=(entity_id=20|fullname=Trudi|gender=f)))
53242	der	0		
53243	Faut	0	(mention_id=8237|references=(entity=(entity_id=entity_0172|fullname=Hühner-und Außenfaut Lippert Wallmann|gender=m)))	(mention_id=8288|references=(entity=(entity_id=5|fullname=Faut|gender=m)))
53244	seine	0	(mention_id=8238|references=(entity=(entity_id=entity_0172|fullname=Hühner-und Außenfaut Lippert Wallmann|gender=m)))	(mention_id=8289|references=(entity=(entity_id=5|fullname=Faut|gender=m)))
53245	Hand	0		
53246	entgegenstrecken	0		
53247	und	0		
53248	dich	0	(mention_id=8239|references=(entity=(entity_id=entity_0002|fullname=Gontrud Hegewald|gender=f)))	(mention_id=8290|references=(entity=(entity_id=20|fullname=Trudi|gender=f)))
53249	als	0		
53250	Hörige	0	(mention_id=8240|references=(entity=(entity_id=entity_0002|fullname=Gontrud Hegewald|gender=f)))	(mention_id=8291|references=(entity=(entity_id=20|fullname=Trudi|gender=f)))
53251	des	0		
53252	Freiherrn	0	(mention_id=8241|references=(entity=(entity_id=entity_0018|fullname=Reichsfreiherr Dietrich von Remchingen|gender=m)))	(mention_id=8292|references=(entity=(entity_id=9|fullname=Freiherr von Remchingen|gender=m)))
53253	von	0	(mention_id=8241|references=(entity=(entity_id=entity_0018|fullname=Reichsfreiherr Dietrich von Remchingen|gender=m)))	(mention_id=8292|references=(entity=(entity_id=9|fullname=Freiherr von Remchingen|gender=m)))
53254	Remchingen	0	(mention_id=8241|references=(entity=(entity_id=entity_0018|fullname=Reichsfreiherr Dietrich von Remchingen|gender=m)))	(mention_id=8292|references=(entity=(entity_id=9|fullname=Freiherr von Remchingen|gender=m)))
53255	in	0		
53256	der	0		
53257	Pfalz	0		
53258	willkommen	0		
53259	heißen	0		
53260	.	0		
53261	«	0		
53262	Die	0		
53263	Eröffnung	0		
53264	schien	0		
53265	keinen	0		
53266	tiefen	0		
53267	Eindruck	0		
53268	auf	0		
53269	Trudi	0	(mention_id=8242|references=(entity=(entity_id=entity_0002|fullname=Gontrud Hegewald|gender=f)))	(mention_id=8293|references=(entity=(entity_id=20|fullname=Trudi|gender=f)))
53270	zu	0		
53271	machen	0		
53272	.	0		
53273	»	0		
53274	So	0		
53275	?	0		
53276	«	0		
53277	sagte	0		
53278	sie	0	(mention_id=8243|references=(entity=(entity_id=entity_0002|fullname=Gontrud Hegewald|gender=f)))	(mention_id=8294|references=(entity=(entity_id=20|fullname=Trudi|gender=f)))
53279	gelassen	0		
53280	,	0		
53281	»	0		
53282	das	0		
53283	ist	0		
53284	ja	0		
53285	ein	0		
53286	merkwürdiges	0		
53287	Recht	0		
53288	.	0		
53289	Da	0		
53290	ich	0	(mention_id=8244|references=(entity=(entity_id=entity_0002|fullname=Gontrud Hegewald|gender=f)))	(mention_id=8295|references=(entity=(entity_id=20|fullname=Trudi|gender=f)))
53291	aber	0		
53292	als	0		
53293	Heimatlose	0	(mention_id=8245|references=(entity=(entity_id=entity_0002|fullname=Gontrud Hegewald|gender=f)))	(mention_id=8296|references=(entity=(entity_id=20|fullname=Trudi|gender=f)))
53294	dank	0		
53295	eurer	0	(mention_id=8246|references=(entity=(entity_id=entity_0001|fullname=Christoph Armbruster|gender=m)),(entity=(entity_id=entity_0003|fullname=Magdalene Armbruster|gender=f)))	(mention_id=8297|references=(entity=(entity_id=2|fullname=Christoph|gender=m)),(entity=(entity_id=15|fullname=Madlen|gender=f)))
53296	Liebe	0		
53297	und	0		
53298	Güte	0		
53299	hier	0		
53300	in	0		
53301	der	0		
53302	Pfalz	0		
53303	zu	0		
53304	Gaste	0		
53305	bin	0		
53306	,	0		
53307	muß	0		
53308	ich	0	(mention_id=8247|references=(entity=(entity_id=entity_0002|fullname=Gontrud Hegewald|gender=f)))	(mention_id=8298|references=(entity=(entity_id=20|fullname=Trudi|gender=f)))
53309	mich	0	(mention_id=8248|references=(entity=(entity_id=entity_0002|fullname=Gontrud Hegewald|gender=f)))	(mention_id=8299|references=(entity=(entity_id=20|fullname=Trudi|gender=f)))
53310	auch	0		
53311	des	0		
53312	Landes	0		
53313	Brauch	0		
53314	und	0		
53315	Ordnung	0		
53316	fügen	0		
53317	,	0		
53318	und	0		
53319	was	0		
53320	ist	0		
53321	denn	0		
53322	da	0		
53323	schlimmes	0		
53324	dabei	0		
53325	?	0		
53326	Meine	0	(mention_id=8249|references=(entity=(entity_id=entity_0002|fullname=Gontrud Hegewald|gender=f)))	(mention_id=8300|references=(entity=(entity_id=20|fullname=Trudi|gender=f)))
53327	Eltern	0	(mention_id=8250|references=(entity=(entity_id=entity_0032|fullname=Hilde Scheithauer|gender=f)),(entity=(entity_id=entity_0035|fullname=Hegewald|gender=m)))	(mention_id=8301|references=(entity=(entity_id=21|fullname=Trudis Eltern|gender=mf|specialcase_entity=group)))
53328	waren	0		
53329	als	0		
53330	Altarleute	0	(mention_id=8251|references=(entity=(entity_id=entity_0035|fullname=Hegewald|gender=m)),(entity=(entity_id=entity_0032|fullname=Hilde Scheithauer|gender=f)))	(mention_id=8302|references=(entity=(entity_id=21|fullname=Trudis Eltern|gender=mf|specialcase_entity=group)))
53331	des	0		
53332	Klosters	0		
53333	Bronnbach	0		
53334	auch	0		
53335	Hörige	0	(mention_id=8252|references=(entity=(entity_id=entity_0035|fullname=Hegewald|gender=m)),(entity=(entity_id=entity_0032|fullname=Hilde Scheithauer|gender=f)))	(mention_id=8303|references=(entity=(entity_id=21|fullname=Trudis Eltern|gender=mf|specialcase_entity=group)))
53336	,	0		
53337	und	0		
53338	das	0		
53339	hat	0		
53340	ihr	0	(mention_id=8253|references=(entity=(entity_id=entity_0035|fullname=Hegewald|gender=m)),(entity=(entity_id=entity_0032|fullname=Hilde Scheithauer|gender=f)))	(mention_id=8304|references=(entity=(entity_id=21|fullname=Trudis Eltern|gender=mf|specialcase_entity=group)))
53341	Glück	0		
53342	in	0		
53343	keiner	0		
53344	Weise	0		
53345	beeinträchtigt	0		
53346	.	0		
53347	Der	0		
53348	Vater	0	(mention_id=8254|references=(entity=(entity_id=entity_0035|fullname=Hegewald|gender=m)))	(mention_id=8305|references=(entity=(entity_id=22|fullname=Trudis Vater|gender=m)))
53349	mußte	0		
53350	jede	0		
53351	Woche	0		
53352	einen	0		
53353	Tag	0		
53354	Frondienst	0		
53355	tun	0		
53356	,	0		
53357	und	0		
53358	das	0		
53359	kann	0		
53360	ich	0	(mention_id=8255|references=(entity=(entity_id=entity_0002|fullname=Gontrud Hegewald|gender=f)))	(mention_id=8306|references=(entity=(entity_id=20|fullname=Trudi|gender=f)))
53361	auch	0		
53362	.	0		
53363	Ob	0		
53364	ich	0	(mention_id=8256|references=(entity=(entity_id=entity_0002|fullname=Gontrud Hegewald|gender=f)))	(mention_id=8307|references=(entity=(entity_id=20|fullname=Trudi|gender=f)))
53365	nun	0		
53366	in	0		
53367	eurem	0	(mention_id=8257|references=(entity=(entity_id=entity_0001|fullname=Christoph Armbruster|gender=m)),(entity=(entity_id=entity_0003|fullname=Magdalene Armbruster|gender=f)))	(mention_id=8308|references=(entity=(entity_id=2|fullname=Christoph|gender=m)),(entity=(entity_id=15|fullname=Madlen|gender=f)))
53368	oder	0		
53369	in	0		
53370	einem	0		
53371	freiherrlichen	0		
53372	Wingert	0		
53373	arbeite	0		
53374	,	0		
53375	macht	0		
53376	ja	0		
53377	weiter	0		
53378	nichts	0		
53379	aus	0		
53380	,	0		
53381	als	0		
53382	daß	0		
53383	ihr	0	(mention_id=8258|references=(entity=(entity_id=entity_0001|fullname=Christoph Armbruster|gender=m)),(entity=(entity_id=entity_0003|fullname=Magdalene Armbruster|gender=f)))	(mention_id=8309|references=(entity=(entity_id=2|fullname=Christoph|gender=m)),(entity=(entity_id=15|fullname=Madlen|gender=f)))
53384	dann	0		
53385	meine	0	(mention_id=8259|references=(entity=(entity_id=entity_0002|fullname=Gontrud Hegewald|gender=f)))	(mention_id=8310|references=(entity=(entity_id=20|fullname=Trudi|gender=f)))
53386	geringen	0		
53387	Leistungen	0		
53388	für	0		
53389	den	0		
53390	Tag	0		
53391	entbehren	0		
53392	müßt	0		
53393	.	0		
53394	Aber	0		
53395	der	0		
53396	Freiherr	0	(mention_id=8260|references=(entity=(entity_id=entity_0018|fullname=Reichsfreiherr Dietrich von Remchingen|gender=m)))	(mention_id=8311|references=(entity=(entity_id=9|fullname=Freiherr von Remchingen|gender=m)))
53397	hat	0		
53398	mir	0	(mention_id=8261|references=(entity=(entity_id=entity_0002|fullname=Gontrud Hegewald|gender=f)))	(mention_id=8312|references=(entity=(entity_id=20|fullname=Trudi|gender=f)))
53399	ja	0		
53400	gestern	0		
53401	versprochen	0		
53402	,	0		
53403	mir	0	(mention_id=8262|references=(entity=(entity_id=entity_0002|fullname=Gontrud Hegewald|gender=f)))	(mention_id=8313|references=(entity=(entity_id=20|fullname=Trudi|gender=f)))
53404	zu	0		
53405	helfen	0		
53406	,	0		
53407	wie	0		
53408	und	0		
53409	wo	0		
53410	er	0	(mention_id=8263|references=(entity=(entity_id=entity_0018|fullname=Reichsfreiherr Dietrich von Remchingen|gender=m)))	(mention_id=8314|references=(entity=(entity_id=9|fullname=Freiherr von Remchingen|gender=m)))
53411	nur	0		
53412	könnte	0		
53413	;	0		
53414	vielleicht	0		
53415	kann	0		
53416	er	0	(mention_id=8264|references=(entity=(entity_id=entity_0018|fullname=Reichsfreiherr Dietrich von Remchingen|gender=m)))	(mention_id=8315|references=(entity=(entity_id=9|fullname=Freiherr von Remchingen|gender=m)))
53417	mich	0	(mention_id=8265|references=(entity=(entity_id=entity_0002|fullname=Gontrud Hegewald|gender=f)))	(mention_id=8316|references=(entity=(entity_id=20|fullname=Trudi|gender=f)))
53418	von	0		
53419	dem	0		
53420	Wildfangrecht	0		
53421	frei	0		
53422	machen	0		
53423	.	0		
53424	«	0		
53425	»	0		
53426	Nein	0		
53427	,	0		
53428	das	0		
53429	kann	0		
53430	er	0	(mention_id=8266|references=(entity=(entity_id=entity_0018|fullname=Reichsfreiherr Dietrich von Remchingen|gender=m)))	(mention_id=8317|references=(entity=(entity_id=9|fullname=Freiherr von Remchingen|gender=m)))
53431	leider	0		
53432	nicht	0		
53433	;	0		
53434	sonst	0		
53435	würd	0		
53436	er's	0	(mention_id=8267|references=(entity=(entity_id=entity_0018|fullname=Reichsfreiherr Dietrich von Remchingen|gender=m)))	(mention_id=8318|references=(entity=(entity_id=9|fullname=Freiherr von Remchingen|gender=m)))
53437	gern	0		
53438	tun	0		
53439	,	0		
53440	«	0		
53441	erwiderte	0		
53442	Christoph	0	(mention_id=8268|references=(entity=(entity_id=entity_0001|fullname=Christoph Armbruster|gender=m)))	(mention_id=8319|references=(entity=(entity_id=2|fullname=Christoph|gender=m)))
53443	.	0		
53444	Trudi	0	(mention_id=8269|references=(entity=(entity_id=entity_0002|fullname=Gontrud Hegewald|gender=f)))	(mention_id=8320|references=(entity=(entity_id=20|fullname=Trudi|gender=f)))
53445	fragte	0		
53446	kleinlaut	0		
53447	:	0		
53448	»	0		
53449	Aber	0		
53450	er	0	(mention_id=8270|references=(entity=(entity_id=entity_0018|fullname=Reichsfreiherr Dietrich von Remchingen|gender=m)))	(mention_id=8321|references=(entity=(entity_id=9|fullname=Freiherr von Remchingen|gender=m)))
53451	wird	0		
53452	mich	0	(mention_id=8271|references=(entity=(entity_id=entity_0002|fullname=Gontrud Hegewald|gender=f)))	(mention_id=8322|references=(entity=(entity_id=20|fullname=Trudi|gender=f)))
53453	doch	0		
53454	nicht	0		
53455	von	0		
53456	euch	0	(mention_id=8272|references=(entity=(entity_id=entity_0001|fullname=Christoph Armbruster|gender=m)),(entity=(entity_id=entity_0003|fullname=Magdalene Armbruster|gender=f)))	(mention_id=8323|references=(entity=(entity_id=2|fullname=Christoph|gender=m)),(entity=(entity_id=15|fullname=Madlen|gender=f)))
53457	wegnehmen	0		
53458	und	0		
53459	auf	0		
53460	seine	0	(mention_id=8273|references=(entity=(entity_id=entity_0018|fullname=Reichsfreiherr Dietrich von Remchingen|gender=m)))	(mention_id=8324|references=(entity=(entity_id=9|fullname=Freiherr von Remchingen|gender=m)))
53461	Burg	0		
53462	bringen	0		
53463	lassen	0		
53464	?	0		
53465	das	0		
53466	wäre	0		
53467	mir	0	(mention_id=8274|references=(entity=(entity_id=entity_0002|fullname=Gontrud Hegewald|gender=f)))	(mention_id=8325|references=(entity=(entity_id=20|fullname=Trudi|gender=f)))
53468	schrecklich	0		
53469	.	0		
53470	«	0		
53471	»	0		
53472	Das	0		
53473	glaube	0		
53474	ich	0	(mention_id=8275|references=(entity=(entity_id=entity_0001|fullname=Christoph Armbruster|gender=m)))	(mention_id=8326|references=(entity=(entity_id=2|fullname=Christoph|gender=m)))
53475	nicht	0		
53476	;	0		
53477	in	0		
53478	diesem	0		
53479	Punkt	0		
53480	wird	0		
53481	er	0	(mention_id=8276|references=(entity=(entity_id=entity_0018|fullname=Reichsfreiherr Dietrich von Remchingen|gender=m)))	(mention_id=8327|references=(entity=(entity_id=9|fullname=Freiherr von Remchingen|gender=m)))
53482	sich	0	(mention_id=8277|references=(entity=(entity_id=entity_0018|fullname=Reichsfreiherr Dietrich von Remchingen|gender=m)))	(mention_id=8328|references=(entity=(entity_id=9|fullname=Freiherr von Remchingen|gender=m)))
53483	gewiß	0		
53484	wohlwollend	0		
53485	und	0		
53486	gnädig	0		
53487	zeigen	0		
53488	,	0		
53489	«	0		
53490	meinte	0		
53491	der	0		
53492	Bürgermeister	0	(mention_id=8278|references=(entity=(entity_id=entity_0001|fullname=Christoph Armbruster|gender=m)))	(mention_id=8329|references=(entity=(entity_id=2|fullname=Christoph|gender=m)))
53493	.	0		
53494	»	0		
53495	Nun	0		
53496	,	0		
53497	dann	0		
53498	wäre	0		
53499	ja	0		
53500	alles	0		
53501	glatt	0		
53502	und	0		
53503	eben	0		
53504	,	0		
53505	wenn	0		
53506	ihr	0	(mention_id=8279|references=(entity=(entity_id=entity_0001|fullname=Christoph Armbruster|gender=m)),(entity=(entity_id=entity_0003|fullname=Magdalene Armbruster|gender=f)))	(mention_id=8330|references=(entity=(entity_id=2|fullname=Christoph|gender=m)),(entity=(entity_id=15|fullname=Madlen|gender=f)))
53507	mich	0	(mention_id=8280|references=(entity=(entity_id=entity_0002|fullname=Gontrud Hegewald|gender=f)))	(mention_id=8331|references=(entity=(entity_id=20|fullname=Trudi|gender=f)))
53508	trotzdem	0		
53509	bei	0		
53510	euch	0	(mention_id=8281|references=(entity=(entity_id=entity_0001|fullname=Christoph Armbruster|gender=m)),(entity=(entity_id=entity_0003|fullname=Magdalene Armbruster|gender=f)))	(mention_id=8332|references=(entity=(entity_id=2|fullname=Christoph|gender=m)),(entity=(entity_id=15|fullname=Madlen|gender=f)))
53511	behalten	0		
53512	wollt	0		
53513	,	0		
53514	«	0		
53515	sprach	0		
53516	Trudi	0	(mention_id=8282|references=(entity=(entity_id=entity_0002|fullname=Gontrud Hegewald|gender=f)))	(mention_id=8333|references=(entity=(entity_id=20|fullname=Trudi|gender=f)))
53517	.	0		
53518	»	0		
53519	Nur	0		
53520	,	0		
53521	«	0		
53522	setzte	0		
53523	sie	0	(mention_id=8283|references=(entity=(entity_id=entity_0002|fullname=Gontrud Hegewald|gender=f)))	(mention_id=8334|references=(entity=(entity_id=20|fullname=Trudi|gender=f)))
53524	traurig	0		
53525	hinzu	0		
53526	,	0		
53527	»	0		
53528	ich	0	(mention_id=8284|references=(entity=(entity_id=entity_0002|fullname=Gontrud Hegewald|gender=f)))	(mention_id=8335|references=(entity=(entity_id=20|fullname=Trudi|gender=f)))
53529	–	0		
53530	ich	0	(mention_id=8285|references=(entity=(entity_id=entity_0002|fullname=Gontrud Hegewald|gender=f)))	(mention_id=8336|references=(entity=(entity_id=20|fullname=Trudi|gender=f)))
53531	muß	0		
53532	mich	0	(mention_id=8286|references=(entity=(entity_id=entity_0002|fullname=Gontrud Hegewald|gender=f)))	(mention_id=8337|references=(entity=(entity_id=20|fullname=Trudi|gender=f)))
53533	vor	0		
53534	euch	0	(mention_id=8287|references=(entity=(entity_id=entity_0001|fullname=Christoph Armbruster|gender=m)),(entity=(entity_id=entity_0003|fullname=Magdalene Armbruster|gender=f)))	(mention_id=8338|references=(entity=(entity_id=2|fullname=Christoph|gender=m)),(entity=(entity_id=15|fullname=Madlen|gender=f)))
53535	schämen	0		
53536	,	0		
53537	denn	0		
53538	–	0		
53539	ich	0	(mention_id=8288|references=(entity=(entity_id=entity_0002|fullname=Gontrud Hegewald|gender=f)))	(mention_id=8339|references=(entity=(entity_id=20|fullname=Trudi|gender=f)))
53540	bringe	0		
53541	euch	0	(mention_id=8289|references=(entity=(entity_id=entity_0001|fullname=Christoph Armbruster|gender=m)),(entity=(entity_id=entity_0003|fullname=Magdalene Armbruster|gender=f)))	(mention_id=8340|references=(entity=(entity_id=2|fullname=Christoph|gender=m)),(entity=(entity_id=15|fullname=Madlen|gender=f)))
53542	damit	0		
53543	Unehre	0		
53544	ins	0		
53545	Haus	0		
53546	.	0		
53547	«	0		
53548	»	0		
53549	Aber	0		
53550	Trudi	0	(mention_id=8290|references=(entity=(entity_id=entity_0002|fullname=Gontrud Hegewald|gender=f)))	(mention_id=8341|references=(entity=(entity_id=20|fullname=Trudi|gender=f)))
53551	!	0		
53552	–	0		
53553	Unehre	0		
53554	!	0		
53555	«	0		
53556	sagte	0		
53557	Madlen	0	(mention_id=8291|references=(entity=(entity_id=entity_0003|fullname=Magdalene Armbruster|gender=f)))	(mention_id=8342|references=(entity=(entity_id=15|fullname=Madlen|gender=f)))
53558	.	0		
53559	»	0		
53560	Sind	0		
53561	denn	0		
53562	deine	0	(mention_id=8292|references=(entity=(entity_id=entity_0002|fullname=Gontrud Hegewald|gender=f)))	(mention_id=8343|references=(entity=(entity_id=20|fullname=Trudi|gender=f)))
53563	Eltern	0	(mention_id=8293|references=(entity=(entity_id=entity_0032|fullname=Hilde Scheithauer|gender=f)),(entity=(entity_id=entity_0035|fullname=Hegewald|gender=m)))	(mention_id=8344|references=(entity=(entity_id=21|fullname=Trudis Eltern|gender=mf|specialcase_entity=group)))
53564	in	0		
53565	Unehre	0		
53566	geraten	0		
53567	,	0		
53568	weil	0		
53569	sie	0	(mention_id=8294|references=(entity=(entity_id=entity_0035|fullname=Hegewald|gender=m)),(entity=(entity_id=entity_0032|fullname=Hilde Scheithauer|gender=f)))	(mention_id=8345|references=(entity=(entity_id=21|fullname=Trudis Eltern|gender=mf|specialcase_entity=group)))
53570	Altarleute	0	(mention_id=8295|references=(entity=(entity_id=entity_0035|fullname=Hegewald|gender=m)),(entity=(entity_id=entity_0032|fullname=Hilde Scheithauer|gender=f)))	(mention_id=8346|references=(entity=(entity_id=21|fullname=Trudis Eltern|gender=mf|specialcase_entity=group)))
53571	des	0		
53572	Klosters	0		
53573	waren	0		
53574	?	0		
53575	«	0		
53576	»	0		
53577	Nein	0		
53578	,	0		
53579	sie	0	(mention_id=8296|references=(entity=(entity_id=entity_0035|fullname=Hegewald|gender=m)),(entity=(entity_id=entity_0032|fullname=Hilde Scheithauer|gender=f)))	(mention_id=8347|references=(entity=(entity_id=21|fullname=Trudis Eltern|gender=mf|specialcase_entity=group)))
53580	waren	0		
53581	von	0		
53582	allen	0	(mention_id=8297|references=(entity=(entity_id=generic_0296|fullname=generic_0088|gender=u|specialcase_entity=generic)))	
53583	,	0		
53584	die	0	(mention_id=8298|references=(entity=(entity_id=generic_0297|fullname=generic_0089|gender=u|specialcase_entity=generic)))	(mention_id=8348|references=(entity=(entity_id=25|fullname=alle die Trudis Eltern kannten|gender=mf|specialcase_entity=group)))
53585	sie	0	(mention_id=8299|references=(entity=(entity_id=generic_0298|fullname=generic_0090|gender=u|specialcase_entity=generic)))	(mention_id=8349|references=(entity=(entity_id=21|fullname=Trudis Eltern|gender=mf|specialcase_entity=group)))
53586	kannten	0		
53587	,	0		
53588	hoch	0		
53589	geachtet	0		
53590	.	0		
53591	«	0		
53592	»	0		
53593	Nun	0		
53594	also	0		
53595	!	0		
53596	Du	0	(mention_id=8300|references=(entity=(entity_id=entity_0002|fullname=Gontrud Hegewald|gender=f)))	(mention_id=8350|references=(entity=(entity_id=20|fullname=Trudi|gender=f)))
53597	bist	0		
53598	und	0		
53599	bleibst	0		
53600	unsere	0	(mention_id=8301|references=(entity=(entity_id=entity_0001|fullname=Christoph Armbruster|gender=m)),(entity=(entity_id=entity_0003|fullname=Magdalene Armbruster|gender=f)))	(mention_id=8351|references=(entity=(entity_id=2|fullname=Christoph|gender=m)),(entity=(entity_id=15|fullname=Madlen|gender=f)))
53601	liebe	0		
53602	Tochter	0	(mention_id=8302|references=(entity=(entity_id=entity_0002|fullname=Gontrud Hegewald|gender=f)))	(mention_id=8352|references=(entity=(entity_id=20|fullname=Trudi|gender=f)))
53603	,	0		
53604	wenn	0		
53605	du	0	(mention_id=8303|references=(entity=(entity_id=entity_0002|fullname=Gontrud Hegewald|gender=f)))	(mention_id=8353|references=(entity=(entity_id=20|fullname=Trudi|gender=f)))
53606	auch	0		
53607	dem	0		
53608	Gesetze	0		
53609	nach	0		
53610	ein	0		
53611	Wildfang	0	(mention_id=8304|references=(entity=(entity_id=entity_0002|fullname=Gontrud Hegewald|gender=f)))	(mention_id=8354|references=(entity=(entity_id=20|fullname=Trudi|gender=f)))
53612	werden	0		
53613	oder	0		
53614	nur	0		
53615	so	0		
53616	heißen	0		
53617	mußt	0		
53618	,	0		
53619	«	0		
53620	suchte	0		
53621	Madlen	0	(mention_id=8305|references=(entity=(entity_id=entity_0003|fullname=Magdalene Armbruster|gender=f)))	(mention_id=8355|references=(entity=(entity_id=15|fullname=Madlen|gender=f)))
53622	sie	0	(mention_id=8306|references=(entity=(entity_id=entity_0002|fullname=Gontrud Hegewald|gender=f)))	(mention_id=8356|references=(entity=(entity_id=20|fullname=Trudi|gender=f)))
53623	zu	0		
53624	beruhigen	0		
53625	,	0		
53626	was	0		
53627	ihr	0	(mention_id=8307|references=(entity=(entity_id=entity_0003|fullname=Magdalene Armbruster|gender=f)))	(mention_id=8357|references=(entity=(entity_id=15|fullname=Madlen|gender=f)))
53628	auch	0		
53629	vollständig	0		
53630	gelang	0		
53631	.	0		
53632	So	0		
53633	war	0		
53634	die	0		
53635	Aufklärung	0		
53636	Trudis	0	(mention_id=8308|references=(entity=(entity_id=entity_0002|fullname=Gontrud Hegewald|gender=f)))	(mention_id=8358|references=(entity=(entity_id=20|fullname=Trudi|gender=f)))
53637	,	0		
53638	mit	0		
53639	der	0		(mention_id=8359|references=(entity=(entity_id=2|fullname=Christoph|gender=m)))
53640	Christoph	0	(mention_id=8309|references=(entity=(entity_id=entity_0001|fullname=Christoph Armbruster|gender=m)))	(mention_id=8360|references=(entity=(entity_id=2|fullname=Christoph|gender=m)))
53641	so	0		
53642	lange	0		
53643	gezögert	0		
53644	und	0		
53645	vor	0		
53646	der	0		
53647	er	0	(mention_id=8310|references=(entity=(entity_id=entity_0001|fullname=Christoph Armbruster|gender=m)))	(mention_id=8361|references=(entity=(entity_id=2|fullname=Christoph|gender=m)))
53648	sich	0	(mention_id=8311|references=(entity=(entity_id=entity_0001|fullname=Christoph Armbruster|gender=m)))	(mention_id=8362|references=(entity=(entity_id=2|fullname=Christoph|gender=m)))
53649	mitsamt	0		
53650	Madlen	0	(mention_id=8312|references=(entity=(entity_id=entity_0003|fullname=Magdalene Armbruster|gender=f)))	(mention_id=8363|references=(entity=(entity_id=15|fullname=Madlen|gender=f)))
53651	so	0		
53652	sehr	0		
53653	gefürchtet	0		
53654	hatte	0		
53655	,	0		
53656	über	0		
53657	Erwarten	0		
53658	leicht	0		
53659	und	0		
53660	glimpflich	0		
53661	vonstatten	0		
53662	gegangen	0		
53663	,	0		
53664	und	0		
53665	das	0		
53666	Ehepaar	0	(mention_id=8313|references=(entity=(entity_id=entity_0001|fullname=Christoph Armbruster|gender=m)),(entity=(entity_id=entity_0003|fullname=Magdalene Armbruster|gender=f)))	(mention_id=8364|references=(entity=(entity_id=2|fullname=Christoph|gender=m)),(entity=(entity_id=15|fullname=Madlen|gender=f)))
53667	war	0		
53668	froh	0		
53669	,	0		
53670	daß	0		
53671	Trudi	0	(mention_id=8314|references=(entity=(entity_id=entity_0002|fullname=Gontrud Hegewald|gender=f)))	(mention_id=8365|references=(entity=(entity_id=20|fullname=Trudi|gender=f)))
53672	die	0		
53673	Sache	0		
53674	so	0		
53675	ruhig	0		
53676	und	0		
53677	gleichmütig	0		
53678	auffaßte	0		
53679	.	0		
53680	Ammerie	0	(mention_id=8315|references=(entity=(entity_id=entity_0004|fullname=Ammerie Armbruster|gender=f)))	(mention_id=8366|references=(entity=(entity_id=1|fullname=Ammerie|gender=f)))
53681	hatte	0		
53682	den	0		
53683	Erörterungen	0		
53684	bis	0		
53685	jetzt	0		
53686	still	0		
53687	zugehört	0		
53688	,	0		
53689	hatte	0		
53690	mit	0		
53691	großen	0		
53692	,	0		
53693	bangen	0		
53694	Augen	0		
53695	immer	0		
53696	von	0		
53697	einem	0	(mention_id=8316|references=(entity=(entity_id=entity_0001|fullname=Christoph Armbruster|gender=m)),(entity=(entity_id=entity_0003|fullname=Magdalene Armbruster|gender=f)),(entity=(entity_id=entity_0002|fullname=Gontrud Hegewald|gender=f)))	(mention_id=8367|references=(entity=(entity_id=2|fullname=Christoph|gender=m)))
53698	zum	0		
53699	andern	0		
53700	,	0		
53701	auf	0		
53702	ihren	0	(mention_id=8317|references=(entity=(entity_id=entity_0004|fullname=Ammerie Armbruster|gender=f)))	(mention_id=8368|references=(entity=(entity_id=1|fullname=Ammerie|gender=f)))
53703	Vater	0	(mention_id=8318|references=(entity=(entity_id=entity_0001|fullname=Christoph Armbruster|gender=m)))	(mention_id=8369|references=(entity=(entity_id=2|fullname=Christoph|gender=m)))
53704	,	0		
53705	ihre	0	(mention_id=8319|references=(entity=(entity_id=entity_0004|fullname=Ammerie Armbruster|gender=f)))	(mention_id=8370|references=(entity=(entity_id=1|fullname=Ammerie|gender=f)))
53706	Mutter	0	(mention_id=8320|references=(entity=(entity_id=entity_0003|fullname=Magdalene Armbruster|gender=f)))	(mention_id=8371|references=(entity=(entity_id=15|fullname=Madlen|gender=f)))
53707	und	0		
53708	Trudi	0	(mention_id=8321|references=(entity=(entity_id=entity_0002|fullname=Gontrud Hegewald|gender=f)))	(mention_id=8372|references=(entity=(entity_id=20|fullname=Trudi|gender=f)))
53709	geblickt	0		
53710	und	0		
53711	dabei	0		
53712	nur	0		
53713	einen	0		
53714	Gedanken	0		
53715	gehabt	0		
53716	,	0		
53717	dem	0		
53718	sie	0	(mention_id=8322|references=(entity=(entity_id=entity_0004|fullname=Ammerie Armbruster|gender=f)))	(mention_id=8373|references=(entity=(entity_id=1|fullname=Ammerie|gender=f)))
53719	nun	0		
53720	,	0		
53721	als	0		
53722	die	0		
53723	anderen	0	(mention_id=8323|references=(entity=(entity_id=entity_0001|fullname=Christoph Armbruster|gender=m)),(entity=(entity_id=entity_0003|fullname=Magdalene Armbruster|gender=f)),(entity=(entity_id=entity_0002|fullname=Gontrud Hegewald|gender=f)))	(mention_id=8374|references=(entity=(entity_id=2|fullname=Christoph|gender=m)),(entity=(entity_id=15|fullname=Madlen|gender=f)),(entity=(entity_id=20|fullname=Trudi|gender=f)))
53724	schwiegen	0		
53725	,	0		
53726	mit	0		
53727	den	0		
53728	Worten	0		
53729	Ausdruck	0		
53730	verlieh	0		
53731	:	0		
53732	»	0		
53733	Was	0		
53734	wird	0		
53735	Franz	0	(mention_id=8324|references=(entity=(entity_id=entity_0009|fullname=Franz Gersbacher|gender=m)))	(mention_id=8375|references=(entity=(entity_id=7|fullname=Franz|gender=m)))
53736	sagen	0		
53737	,	0		
53738	wenn	0		
53739	er	0	(mention_id=8325|references=(entity=(entity_id=entity_0009|fullname=Franz Gersbacher|gender=m)))	(mention_id=8376|references=(entity=(entity_id=7|fullname=Franz|gender=m)))
53740	das	0		
53741	erfährt	0		
53742	?	0		
53743	«	0		
53744	Da	0		
53745	zuckte	0		
53746	Trudi	0	(mention_id=8326|references=(entity=(entity_id=entity_0002|fullname=Gontrud Hegewald|gender=f)))	(mention_id=8377|references=(entity=(entity_id=20|fullname=Trudi|gender=f)))
53747	zusammenschreckend	0		
53748	auf	0		
53749	und	0		
53750	erbleichte	0		
53751	.	0		
53752	Die	0		
53753	beiden	0		
53754	Alten	0	(mention_id=8327|references=(entity=(entity_id=entity_0001|fullname=Christoph Armbruster|gender=m)),(entity=(entity_id=entity_0003|fullname=Magdalene Armbruster|gender=f)))	(mention_id=8378|references=(entity=(entity_id=2|fullname=Christoph|gender=m)),(entity=(entity_id=15|fullname=Madlen|gender=f)))
53755	sahen	0		
53756	sich	0	(mention_id=8328|references=(entity=(entity_id=entity_0001|fullname=Christoph Armbruster|gender=m)),(entity=(entity_id=entity_0003|fullname=Magdalene Armbruster|gender=f)))	(mention_id=8379|references=(entity=(entity_id=2|fullname=Christoph|gender=m)),(entity=(entity_id=15|fullname=Madlen|gender=f)))
53757	betroffen	0		
53758	an	0		
53759	,	0		
53760	und	0		
53761	von	0		
53762	keinem	0		
53763	erfolgte	0		
53764	sogleich	0		
53765	eine	0		
53766	Antwort	0		
53767	.	0		
53768	Es	0		
53769	war	0		
53770	Ammerie	0	(mention_id=8329|references=(entity=(entity_id=entity_0004|fullname=Ammerie Armbruster|gender=f)))	(mention_id=8381|references=(entity=(entity_id=1|fullname=Ammerie|gender=f)))
53771	aus	0		
53772	ihrem	0	(mention_id=8330|references=(entity=(entity_id=entity_0004|fullname=Ammerie Armbruster|gender=f)))	(mention_id=8382|references=(entity=(entity_id=1|fullname=Ammerie|gender=f)))
53773	warmen	0		
53774	,	0		
53775	teilnahmsvollen	0		
53776	Herzen	0		
53777	unwillkürlich	0		
53778	herausgefahren	0		
53779	,	0		
53780	und	0		
53781	sich	0	(mention_id=8331|references=(entity=(entity_id=entity_0004|fullname=Ammerie Armbruster|gender=f)))	(mention_id=8383|references=(entity=(entity_id=1|fullname=Ammerie|gender=f)))
53782	sofort	0		
53783	inne	0		
53784	werdend	0		
53785	,	0		
53786	welcherlei	0		
53787	Empfindungen	0		
53788	sie	0	(mention_id=8332|references=(entity=(entity_id=entity_0004|fullname=Ammerie Armbruster|gender=f)))	(mention_id=8384|references=(entity=(entity_id=1|fullname=Ammerie|gender=f)))
53789	mit	0		
53790	der	0		
53791	vorschnellen	0		
53792	Frage	0		
53793	geweckt	0		
53794	hatte	0		
53795	,	0		
53796	wollte	0		
53797	sie	0	(mention_id=8333|references=(entity=(entity_id=entity_0004|fullname=Ammerie Armbruster|gender=f)))	(mention_id=8385|references=(entity=(entity_id=1|fullname=Ammerie|gender=f)))
53798	ihre	0	(mention_id=8334|references=(entity=(entity_id=entity_0004|fullname=Ammerie Armbruster|gender=f)))	(mention_id=8386|references=(entity=(entity_id=1|fullname=Ammerie|gender=f)))
53799	Unvorsichtigkeit	0		
53800	gern	0		
53801	wieder	0		
53802	gut	0		
53803	machen	0		
53804	,	0		
53805	gab	0		
53806	sich	0	(mention_id=8335|references=(entity=(entity_id=entity_0004|fullname=Ammerie Armbruster|gender=f)))	(mention_id=8387|references=(entity=(entity_id=1|fullname=Ammerie|gender=f)))
53807	die	0		
53808	Antwort	0		
53809	darauf	0		
53810	selbst	0		
53811	und	0		
53812	sprach	0		
53813	:	0		
53814	»	0		
53815	Ach	0		
53816	,	0		
53817	ich	0	(mention_id=8336|references=(entity=(entity_id=entity_0004|fullname=Ammerie Armbruster|gender=f)))	(mention_id=8388|references=(entity=(entity_id=1|fullname=Ammerie|gender=f)))
53818	weiß	0		
53819	schon	0		
53820	,	0		
53821	weiß	0		
53822	ganz	0		
53823	genau	0		
53824	,	0		
53825	was	0		
53826	Franz	0	(mention_id=8337|references=(entity=(entity_id=entity_0009|fullname=Franz Gersbacher|gender=m)))	(mention_id=8389|references=(entity=(entity_id=7|fullname=Franz|gender=m)))
53827	sagen	0		
53828	wird	0		
53829	,	0		
53830	Trudi	0	(mention_id=8338|references=(entity=(entity_id=entity_0002|fullname=Gontrud Hegewald|gender=f)))	(mention_id=8390|references=(entity=(entity_id=20|fullname=Trudi|gender=f)))
53831	.	0		
53832	Er	0	(mention_id=8339|references=(entity=(entity_id=entity_0009|fullname=Franz Gersbacher|gender=m)))	(mention_id=8391|references=(entity=(entity_id=7|fullname=Franz|gender=m)))
53833	wird	0		
53834	dich	0	(mention_id=8340|references=(entity=(entity_id=entity_0002|fullname=Gontrud Hegewald|gender=f)))	(mention_id=8392|references=(entity=(entity_id=20|fullname=Trudi|gender=f)))
53835	mit	0		
53836	den	0		
53837	altbeliebten	0		
53838	pfälzer	0		
53839	Redensarten	0		
53840	anlachen	0		
53841	,	0		
53842	mit	0		
53843	denen	0		
53844	er	0	(mention_id=8341|references=(entity=(entity_id=entity_0009|fullname=Franz Gersbacher|gender=m)))	(mention_id=8393|references=(entity=(entity_id=7|fullname=Franz|gender=m)))
53845	dich	0	(mention_id=8342|references=(entity=(entity_id=entity_0002|fullname=Gontrud Hegewald|gender=f)))	(mention_id=8394|references=(entity=(entity_id=20|fullname=Trudi|gender=f)))
53846	in	0		
53847	der	0		
53848	letzten	0		
53849	Spinnstube	0		
53850	hier	0		
53851	über	0		
53852	das	0		
53853	Weinverschütten	0		
53854	tröstete	0		
53855	:	0		
53856	Kehr'	0		
53857	dich	0	(mention_id=8343|references=(entity=(entity_id=entity_0002|fullname=Gontrud Hegewald|gender=f)))	(mention_id=8395|references=(entity=(entity_id=20|fullname=Trudi|gender=f)))
53858	nicht	0		
53859	dran	0		
53860	!	0		
53861	Mach'	0		
53862	dir	0	(mention_id=8344|references=(entity=(entity_id=entity_0002|fullname=Gontrud Hegewald|gender=f)))	(mention_id=8396|references=(entity=(entity_id=20|fullname=Trudi|gender=f)))
53863	nichts	0		
53864	draus	0		
53865	!	0		
53866	Denn	0		
53867	der	0	(mention_id=8345|references=(entity=(entity_id=entity_0009|fullname=Franz Gersbacher|gender=m)))	(mention_id=8397|references=(entity=(entity_id=7|fullname=Franz|gender=m)))
53868	bleibt	0		
53869	dir	0	(mention_id=8346|references=(entity=(entity_id=entity_0002|fullname=Gontrud Hegewald|gender=f)))	(mention_id=8398|references=(entity=(entity_id=20|fullname=Trudi|gender=f)))
53870	treu	0		
53871	und	0		
53872	läßt	0		
53873	dich	0	(mention_id=8347|references=(entity=(entity_id=entity_0002|fullname=Gontrud Hegewald|gender=f)))	(mention_id=8399|references=(entity=(entity_id=20|fullname=Trudi|gender=f)))
53874	nicht	0		
53875	sitzen	0		
53876	,	0		
53877	darauf	0		
53878	will	0		
53879	ich	0	(mention_id=8348|references=(entity=(entity_id=entity_0004|fullname=Ammerie Armbruster|gender=f)))	(mention_id=8400|references=(entity=(entity_id=1|fullname=Ammerie|gender=f)))
53880	schwören	0		
53881	,	0		
53882	drauf	0		
53883	wetten	0		
53884	,	0		
53885	drauf	0		
53886	Gift	0		
53887	nehmen	0		
53888	!	0		
53889	«	0		
53890	»	0		
53891	Aber	0		
53892	Ammerie	0	(mention_id=8349|references=(entity=(entity_id=entity_0004|fullname=Ammerie Armbruster|gender=f)))	(mention_id=8401|references=(entity=(entity_id=1|fullname=Ammerie|gender=f)))
53893	!	0		
53894	«	0		
53895	rief	0		
53896	Trudi	0	(mention_id=8350|references=(entity=(entity_id=entity_0002|fullname=Gontrud Hegewald|gender=f)))	(mention_id=8402|references=(entity=(entity_id=20|fullname=Trudi|gender=f)))
53897	in	0		
53898	größter	0		
53899	Verlegenheit	0		
53900	.	0		
53901	»	0		
53902	Du	0	(mention_id=8351|references=(entity=(entity_id=entity_0004|fullname=Ammerie Armbruster|gender=f)))	(mention_id=8403|references=(entity=(entity_id=20|fullname=Trudi|gender=f)))
53903	denkst	0		
53904	wohl	0		
53905	,	0		
53906	die	0		
53907	Eltern	0	(mention_id=8352|references=(entity=(entity_id=entity_0001|fullname=Christoph Armbruster|gender=m)),(entity=(entity_id=entity_0003|fullname=Magdalene Armbruster|gender=f)))	(mention_id=8404|references=(entity=(entity_id=2|fullname=Christoph|gender=m)),(entity=(entity_id=15|fullname=Madlen|gender=f)))
53908	wissen	0		
53909	immer	0		
53910	noch	0		
53911	nichts	0		
53912	?	0		
53913	frag	0		
53914	sie	0	(mention_id=8353|references=(entity=(entity_id=entity_0001|fullname=Christoph Armbruster|gender=m)),(entity=(entity_id=entity_0003|fullname=Magdalene Armbruster|gender=f)))	(mention_id=8405|references=(entity=(entity_id=2|fullname=Christoph|gender=m)),(entity=(entity_id=15|fullname=Madlen|gender=f)))
53915	mal	0		
53916	!	0		
53917	«	0		
53918	schnurrte	0		
53919	Ammerie	0	(mention_id=8354|references=(entity=(entity_id=entity_0004|fullname=Ammerie Armbruster|gender=f)))	(mention_id=8406|references=(entity=(entity_id=1|fullname=Ammerie|gender=f)))
53920	munter	0		
53921	drauf	0		
53922	los	0		
53923	.	0		
53924	»	0		
53925	Dann	0		
53926	wirst	0		
53927	du	0	(mention_id=8355|references=(entity=(entity_id=entity_0002|fullname=Gontrud Hegewald|gender=f)))	(mention_id=8407|references=(entity=(entity_id=20|fullname=Trudi|gender=f)))
53928	auch	0		
53929	hören	0		
53930	,	0		
53931	daß	0		
53932	sie	0	(mention_id=8356|references=(entity=(entity_id=entity_0001|fullname=Christoph Armbruster|gender=m)),(entity=(entity_id=entity_0003|fullname=Magdalene Armbruster|gender=f)))	(mention_id=8408|references=(entity=(entity_id=2|fullname=Christoph|gender=m)),(entity=(entity_id=15|fullname=Madlen|gender=f)))
53933	ganz	0		
53934	meiner	0	(mention_id=8357|references=(entity=(entity_id=entity_0004|fullname=Ammerie Armbruster|gender=f)))	(mention_id=8409|references=(entity=(entity_id=1|fullname=Ammerie|gender=f)))
53935	Meinung	0		
53936	sind	0		
53937	und	0		
53938	–	0		
53939	«	0		
53940	»	0		
53941	Damit	0		
53942	hast	0		
53943	du	0	(mention_id=8358|references=(entity=(entity_id=entity_0004|fullname=Ammerie Armbruster|gender=f)))	(mention_id=8410|references=(entity=(entity_id=1|fullname=Ammerie|gender=f)))
53944	ausnahmsweise	0		
53945	einmal	0		
53946	recht	0		
53947	,	0		
53948	du	0	(mention_id=8359|references=(entity=(entity_id=entity_0004|fullname=Ammerie Armbruster|gender=f)))	(mention_id=8411|references=(entity=(entity_id=1|fullname=Ammerie|gender=f)))
53949	dummer	0		
53950	Grashupf	0	(mention_id=8360|references=(entity=(entity_id=entity_0004|fullname=Ammerie Armbruster|gender=f)))	(mention_id=8412|references=(entity=(entity_id=1|fullname=Ammerie|gender=f)))
53951	!	0		
53952	«	0		
53953	unterbrach	0		
53954	Christoph	0	(mention_id=8361|references=(entity=(entity_id=entity_0001|fullname=Christoph Armbruster|gender=m)))	(mention_id=8413|references=(entity=(entity_id=2|fullname=Christoph|gender=m)))
53955	die	0		
53956	Schwatzhaftigkeit	0		
53957	seiner	0	(mention_id=8362|references=(entity=(entity_id=entity_0001|fullname=Christoph Armbruster|gender=m)))	(mention_id=8414|references=(entity=(entity_id=2|fullname=Christoph|gender=m)))
53958	Jüngsten	0	(mention_id=8363|references=(entity=(entity_id=entity_0004|fullname=Ammerie Armbruster|gender=f)))	(mention_id=8415|references=(entity=(entity_id=1|fullname=Ammerie|gender=f)))
53959	.	0		
53960	»	0		
53961	Der	0		
53962	Franz	0	(mention_id=8364|references=(entity=(entity_id=entity_0009|fullname=Franz Gersbacher|gender=m)))	(mention_id=8416|references=(entity=(entity_id=7|fullname=Franz|gender=m)))
53963	ist	0		
53964	ein	0		
53965	kreuzbraver	0		
53966	Bursch	0	(mention_id=8365|references=(entity=(entity_id=entity_0009|fullname=Franz Gersbacher|gender=m)))	(mention_id=8417|references=(entity=(entity_id=7|fullname=Franz|gender=m)))
53967	,	0		
53968	und	0		
53969	wenn	0		
53970	er	0	(mention_id=8366|references=(entity=(entity_id=entity_0009|fullname=Franz Gersbacher|gender=m)))	(mention_id=8418|references=(entity=(entity_id=7|fullname=Franz|gender=m)))
53971	Trudi	0	(mention_id=8367|references=(entity=(entity_id=entity_0002|fullname=Gontrud Hegewald|gender=f)))	(mention_id=8419|references=(entity=(entity_id=20|fullname=Trudi|gender=f)))
53972	sein	0	(mention_id=8368|references=(entity=(entity_id=entity_0009|fullname=Franz Gersbacher|gender=m)))	(mention_id=8420|references=(entity=(entity_id=7|fullname=Franz|gender=m)))
53973	Wort	0		
53974	gegeben	0		
53975	hat	0		
53976	,	0		
53977	so	0		
53978	hält	0		
53979	er's	0		(mention_id=8421|references=(entity=(entity_id=7|fullname=Franz|gender=m)))
53980	auch	0		
53981	.	0		
53982	«	0		
53983	Er	0	(mention_id=8369|references=(entity=(entity_id=entity_0001|fullname=Christoph Armbruster|gender=m)))	(mention_id=8422|references=(entity=(entity_id=2|fullname=Christoph|gender=m)))
53984	kannte	0		
53985	Florian	0	(mention_id=8370|references=(entity=(entity_id=entity_0012|fullname=Florian Gersbacher|gender=m)))	(mention_id=8423|references=(entity=(entity_id=6|fullname=Florian Gersbacher|gender=m)))
53986	Gersbachers	0	(mention_id=8370|references=(entity=(entity_id=entity_0012|fullname=Florian Gersbacher|gender=m)))	(mention_id=8423|references=(entity=(entity_id=6|fullname=Florian Gersbacher|gender=m)))
53987	strenge	0		
53988	Ansicht	0		
53989	in	0		
53990	dieser	0		
53991	Beziehung	0		
53992	,	0		
53993	hegte	0		
53994	nicht	0		
53995	die	0		
53996	geringste	0		
53997	Hoffnung	0		
53998	auf	0		
53999	dessen	0	(mention_id=8371|references=(entity=(entity_id=entity_0012|fullname=Florian Gersbacher|gender=m)))	(mention_id=8424|references=(entity=(entity_id=6|fullname=Florian Gersbacher|gender=m)))
54000	Nachgiebigkeit	0		
54001	,	0		
54002	wollte	0		
54003	jedoch	0		
54004	Trudi	0	(mention_id=8372|references=(entity=(entity_id=entity_0002|fullname=Gontrud Hegewald|gender=f)))	(mention_id=8425|references=(entity=(entity_id=20|fullname=Trudi|gender=f)))
54005	nach	0		
54006	der	0		
54007	Verkündigung	0		
54008	ihrer	0	(mention_id=8373|references=(entity=(entity_id=entity_0002|fullname=Gontrud Hegewald|gender=f)))	(mention_id=8426|references=(entity=(entity_id=20|fullname=Trudi|gender=f)))
54009	Hörigkeit	0		
54010	nicht	0		
54011	auch	0		
54012	noch	0		
54013	den	0		
54014	Glauben	0		
54015	an	0		
54016	ein	0		
54017	künftiges	0		
54018	Liebesglück	0		
54019	nehmen	0		
54020	.	0		
54021	Trudi	0	(mention_id=8374|references=(entity=(entity_id=entity_0002|fullname=Gontrud Hegewald|gender=f)))	(mention_id=8427|references=(entity=(entity_id=20|fullname=Trudi|gender=f)))
54022	aber	0		
54023	schlug	0		
54024	sich	0	(mention_id=8375|references=(entity=(entity_id=entity_0002|fullname=Gontrud Hegewald|gender=f)))	(mention_id=8428|references=(entity=(entity_id=20|fullname=Trudi|gender=f)))
54025	die	0		
54026	Hände	0		
54027	vor	0		
54028	das	0		
54029	Gesicht	0		
54030	und	0		
54031	schluchzte	0		
54032	:	0		
54033	»	0		
54034	Er	0	(mention_id=8376|references=(entity=(entity_id=entity_0009|fullname=Franz Gersbacher|gender=m)))	(mention_id=8429|references=(entity=(entity_id=7|fullname=Franz|gender=m)))
54035	kann	0		
54036	doch	0		
54037	keine	0		
54038	Hörige	0	(mention_id=8377|references=(entity=(entity_id=entity_0002|fullname=Gontrud Hegewald|gender=f)))	(mention_id=8430|references=(entity=(entity_id=20|fullname=Trudi|gender=f)))
54039	heiraten	0		
54040	!	0		
54041	«	0		
54042	Madlen	0	(mention_id=8378|references=(entity=(entity_id=entity_0003|fullname=Magdalene Armbruster|gender=f)))	(mention_id=8431|references=(entity=(entity_id=15|fullname=Madlen|gender=f)))
54043	,	0		
54044	die	0	(mention_id=8379|references=(entity=(entity_id=entity_0003|fullname=Magdalene Armbruster|gender=f)))	(mention_id=8432|references=(entity=(entity_id=15|fullname=Madlen|gender=f)))
54045	neben	0		
54046	ihr	0	(mention_id=8380|references=(entity=(entity_id=entity_0002|fullname=Gontrud Hegewald|gender=f)))	(mention_id=8433|references=(entity=(entity_id=20|fullname=Trudi|gender=f)))
54047	saß	0		
54048	,	0		
54049	legte	0		
54050	den	0		
54051	Arm	0		
54052	um	0		
54053	ihre	0	(mention_id=8381|references=(entity=(entity_id=entity_0003|fullname=Magdalene Armbruster|gender=f)))	(mention_id=8434|references=(entity=(entity_id=15|fullname=Madlen|gender=f)))
54054	Schultern	0		
54055	und	0		
54056	sprach	0		
54057	:	0		
54058	»	0		
54059	Sei	0		
54060	getrost	0		
54061	,	0		
54062	mein	0	(mention_id=8382|references=(entity=(entity_id=entity_0003|fullname=Magdalene Armbruster|gender=f)))	(mention_id=8435|references=(entity=(entity_id=15|fullname=Madlen|gender=f)))
54063	Kind	0	(mention_id=8383|references=(entity=(entity_id=entity_0002|fullname=Gontrud Hegewald|gender=f)))	(mention_id=8436|references=(entity=(entity_id=20|fullname=Trudi|gender=f)))
54064	!	0		
54065	Wahre	0		
54066	Liebe	0		
54067	überwindet	0		
54068	alles	0		
54069	im	0		
54070	Leben	0		
54071	,	0		
54072	was	0		
54073	immer	0		
54074	es	0		
54075	den	0		
54076	Menschen	0	(mention_id=8384|references=(entity=(entity_id=generic_0299|fullname=generic_0091|gender=u|specialcase_entity=generic)))	(mention_id=8437|references=(entity=(entity_id=generic_0004|fullname=Menschen im Allgemeinen|gender=u|specialcase_entity=generic)))
54077	auch	0		
54078	bringen	0		
54079	mag.	0		
54080	«	0		
54081	»	0		
54082	Wohlgesprochen	0		
54083	,	0		
54084	Madlen	0	(mention_id=8385|references=(entity=(entity_id=entity_0003|fullname=Magdalene Armbruster|gender=f)))	(mention_id=8438|references=(entity=(entity_id=15|fullname=Madlen|gender=f)))
54085	!	0		
54086	«	0		
54087	fiel	0		
54088	Christoph	0	(mention_id=8386|references=(entity=(entity_id=entity_0001|fullname=Christoph Armbruster|gender=m)))	(mention_id=8439|references=(entity=(entity_id=2|fullname=Christoph|gender=m)))
54089	ein	0		
54090	.	0		
54091	»	0		
54092	Auch	0		
54093	Dieter	0	(mention_id=8387|references=(entity=(entity_id=entity_0018|fullname=Reichsfreiherr Dietrich von Remchingen|gender=m)))	(mention_id=8440|references=(entity=(entity_id=3|fullname=Dieter|gender=m)))
54094	hat	0		
54095	gestern	0		
54096	einen	0		
54097	guten	0		
54098	Ausspruch	0		
54099	zu	0		
54100	mir	0	(mention_id=8388|references=(entity=(entity_id=entity_0001|fullname=Christoph Armbruster|gender=m)))	(mention_id=8441|references=(entity=(entity_id=2|fullname=Christoph|gender=m)))
54101	getan	0		
54102	.	0		
54103	Er	0	(mention_id=8389|references=(entity=(entity_id=entity_0018|fullname=Reichsfreiherr Dietrich von Remchingen|gender=m)))	(mention_id=8442|references=(entity=(entity_id=3|fullname=Dieter|gender=m)))
54104	sagte	0		
54105	:	0		
54106	Bis	0		
54107	ins	0		
54108	Herz	0		
54109	hinein	0		
54110	soll	0		
54111	das	0		
54112	Wildfangrecht	0		
54113	nicht	0		
54114	greifen	0		
54115	,	0		
54116	das	0		
54117	laß	0		
54118	ich	0	(mention_id=8390|references=(entity=(entity_id=entity_0018|fullname=Reichsfreiherr Dietrich von Remchingen|gender=m)))	(mention_id=8443|references=(entity=(entity_id=3|fullname=Dieter|gender=m)))
54119	nicht	0		
54120	zu	0		
54121	.	0		
54122	Und	0		
54123	zu	0		
54124	dir	0	(mention_id=8391|references=(entity=(entity_id=entity_0002|fullname=Gontrud Hegewald|gender=f)))	(mention_id=8444|references=(entity=(entity_id=20|fullname=Trudi|gender=f)))
54125	selber	0		
54126	,	0		
54127	Trudi	0	(mention_id=8392|references=(entity=(entity_id=entity_0002|fullname=Gontrud Hegewald|gender=f)))	(mention_id=8445|references=(entity=(entity_id=20|fullname=Trudi|gender=f)))
54128	,	0		
54129	hat	0		
54130	er	0	(mention_id=8393|references=(entity=(entity_id=entity_0018|fullname=Reichsfreiherr Dietrich von Remchingen|gender=m)))	(mention_id=8446|references=(entity=(entity_id=3|fullname=Dieter|gender=m)))
54131	gesagt	0		
54132	,	0		
54133	du	0	(mention_id=8394|references=(entity=(entity_id=entity_0002|fullname=Gontrud Hegewald|gender=f)))	(mention_id=8447|references=(entity=(entity_id=20|fullname=Trudi|gender=f)))
54134	könntest	0		
54135	auf	0		
54136	ihn	0	(mention_id=8395|references=(entity=(entity_id=entity_0018|fullname=Reichsfreiherr Dietrich von Remchingen|gender=m)))	(mention_id=8448|references=(entity=(entity_id=3|fullname=Dieter|gender=m)))
54137	bauen	0		
54138	.	0		
54139	Und	0		
54140	Remchingen	0	(mention_id=8396|references=(entity=(entity_id=entity_0018|fullname=Reichsfreiherr Dietrich von Remchingen|gender=m)))	(mention_id=8449|references=(entity=(entity_id=9|fullname=Freiherr von Remchingen|gender=m)))
54141	ist	0		
54142	nicht	0		
54143	ein	0		
54144	Mann	0	(mention_id=8397|references=(entity=(entity_id=entity_0018|fullname=Reichsfreiherr Dietrich von Remchingen|gender=m)))	(mention_id=8450|references=(entity=(entity_id=9|fullname=Freiherr von Remchingen|gender=m)))
54145	,	0		
54146	der	0	(mention_id=8398|references=(entity=(entity_id=entity_0018|fullname=Reichsfreiherr Dietrich von Remchingen|gender=m)))	(mention_id=8451|references=(entity=(entity_id=9|fullname=Freiherr von Remchingen|gender=m)))
54147	unbedacht	0		
54148	und	0		
54149	leichtsinnig	0		
54150	ins	0		
54151	Gelag	0		
54152	hinein	0		
54153	redet	0		
54154	.	0		
54155	«	0		
54156	Danach	0		
54157	erhob	0		
54158	er	0	(mention_id=8399|references=(entity=(entity_id=entity_0001|fullname=Christoph Armbruster|gender=m)))	(mention_id=8452|references=(entity=(entity_id=2|fullname=Christoph|gender=m)))
54159	sich	0	(mention_id=8400|references=(entity=(entity_id=entity_0001|fullname=Christoph Armbruster|gender=m)))	(mention_id=8453|references=(entity=(entity_id=2|fullname=Christoph|gender=m)))
54160	und	0		
54161	begab	0		
54162	sich	0	(mention_id=8401|references=(entity=(entity_id=entity_0001|fullname=Christoph Armbruster|gender=m)))	(mention_id=8454|references=(entity=(entity_id=2|fullname=Christoph|gender=m)))
54163	in	0		
54164	seine	0	(mention_id=8402|references=(entity=(entity_id=entity_0001|fullname=Christoph Armbruster|gender=m)))	(mention_id=8455|references=(entity=(entity_id=2|fullname=Christoph|gender=m)))
54165	Amtsstube	0		
54166	.	0		
54167	Auch	0		
54168	Madlen	0	(mention_id=8403|references=(entity=(entity_id=entity_0003|fullname=Magdalene Armbruster|gender=f)))	(mention_id=8456|references=(entity=(entity_id=15|fullname=Madlen|gender=f)))
54169	verließ	0		
54170	das	0		
54171	Zimmer	0		
54172	,	0		
54173	um	0		
54174	nach	0		
54175	ihrer	0	(mention_id=8404|references=(entity=(entity_id=entity_0003|fullname=Magdalene Armbruster|gender=f)))	(mention_id=8457|references=(entity=(entity_id=15|fullname=Madlen|gender=f)))
54176	Wirtschaft	0		
54177	zu	0		
54178	sehen	0		
54179	,	0		
54180	und	0		
54181	die	0		
54182	beiden	0		
54183	Mädchen	0	(mention_id=8405|references=(entity=(entity_id=entity_0004|fullname=Ammerie Armbruster|gender=f)),(entity=(entity_id=entity_0002|fullname=Gontrud Hegewald|gender=f)))	(mention_id=8458|references=(entity=(entity_id=17|fullname=Mädchen|gender=f|specialcase_entity=group)))
54184	machten	0		
54185	sich	0	(mention_id=8406|references=(entity=(entity_id=entity_0004|fullname=Ammerie Armbruster|gender=f)),(entity=(entity_id=entity_0002|fullname=Gontrud Hegewald|gender=f)))	(mention_id=8459|references=(entity=(entity_id=17|fullname=Mädchen|gender=f|specialcase_entity=group)))
54186	daran	0		
54187	,	0		
54188	den	0		
54189	Frühstückstisch	0		
54190	abzuräumen	0		
54191	.	0		
54192	Sie	0	(mention_id=8407|references=(entity=(entity_id=entity_0004|fullname=Ammerie Armbruster|gender=f)),(entity=(entity_id=entity_0002|fullname=Gontrud Hegewald|gender=f)))	(mention_id=8460|references=(entity=(entity_id=17|fullname=Mädchen|gender=f|specialcase_entity=group)))
54193	besorgten	0		
54194	dies	0		
54195	schweigend	0		
54196	.	0		
54197	Ammerie	0	(mention_id=8408|references=(entity=(entity_id=entity_0004|fullname=Ammerie Armbruster|gender=f)))	(mention_id=8461|references=(entity=(entity_id=1|fullname=Ammerie|gender=f)))
54198	warf	0		
54199	zuweilen	0		
54200	einen	0		
54201	verstohlenen	0		
54202	Blick	0		
54203	auf	0		
54204	Trudi	0	(mention_id=8409|references=(entity=(entity_id=entity_0002|fullname=Gontrud Hegewald|gender=f)))	(mention_id=8462|references=(entity=(entity_id=20|fullname=Trudi|gender=f)))
54205	,	0		
54206	weil	0		
54207	sie	0	(mention_id=8410|references=(entity=(entity_id=entity_0004|fullname=Ammerie Armbruster|gender=f)))	(mention_id=8463|references=(entity=(entity_id=1|fullname=Ammerie|gender=f)))
54208	diese	0	(mention_id=8411|references=(entity=(entity_id=entity_0002|fullname=Gontrud Hegewald|gender=f)))	(mention_id=8464|references=(entity=(entity_id=20|fullname=Trudi|gender=f)))
54209	leise	0		
54210	seufzen	0		
54211	hörte	0		
54212	.	0		
54213	Sie	0	(mention_id=8412|references=(entity=(entity_id=entity_0004|fullname=Ammerie Armbruster|gender=f)))	(mention_id=8465|references=(entity=(entity_id=1|fullname=Ammerie|gender=f)))
54214	wollte	0		
54215	ihr	0	(mention_id=8413|references=(entity=(entity_id=entity_0002|fullname=Gontrud Hegewald|gender=f)))	(mention_id=8466|references=(entity=(entity_id=20|fullname=Trudi|gender=f)))
54216	um	0		
54217	den	0		
54218	Hals	0		
54219	fallen	0		
54220	und	0		
54221	sie	0	(mention_id=8414|references=(entity=(entity_id=entity_0002|fullname=Gontrud Hegewald|gender=f)))	(mention_id=8467|references=(entity=(entity_id=20|fullname=Trudi|gender=f)))
54222	um	0		
54223	Verzeihung	0		
54224	bitten	0		
54225	,	0		
54226	aber	0		
54227	sie	0	(mention_id=8415|references=(entity=(entity_id=entity_0004|fullname=Ammerie Armbruster|gender=f)))	(mention_id=8468|references=(entity=(entity_id=1|fullname=Ammerie|gender=f)))
54228	hatte	0		
54229	ja	0		
54230	nichts	0		
54231	Böses	0		
54232	getan	0		
54233	.	0		
54234	Die	0		
54235	Frage	0		
54236	nach	0		
54237	Franzens	0	(mention_id=8416|references=(entity=(entity_id=entity_0009|fullname=Franz Gersbacher|gender=m)))	(mention_id=8469|references=(entity=(entity_id=7|fullname=Franz|gender=m)))
54238	Verhalten	0		
54239	lag	0		
54240	doch	0		
54241	jetzt	0		
54242	so	0		
54243	nahe	0		
54244	,	0		
54245	daß	0		
54246	sie	0		
54247	sich	0		
54248	jedem	0	(mention_id=8417|references=(entity=(entity_id=entity_0007|fullname=Familie Armbruster|gender=mf|members=entity_0001,entity_0003,entity_0004,entity_0005,entity_0008,entity_0016,entity_0017|all_members_given=True|specialcase_entity=group)))	(mention_id=8470|references=(entity=(entity_id=generic_0005|fullname=jedes Familienmitglied|gender=u|specialcase_entity=generic)))
54249	in	0		
54250	der	0		
54251	Familie	0	(mention_id=8418|references=(entity=(entity_id=entity_0007|fullname=Familie Armbruster|gender=mf|members=entity_0001,entity_0003,entity_0004,entity_0005,entity_0008,entity_0016,entity_0017|all_members_given=True|specialcase_entity=group)))	(mention_id=8471|references=(entity=(entity_id=4|fullname=Familie Armbruster|gender=mf|specialcase_entity=group)))
54252	aufdrängen	0		
54253	mußte	0		
54254	.	0		
54255	Ammerie	0	(mention_id=8419|references=(entity=(entity_id=entity_0004|fullname=Ammerie Armbruster|gender=f)))	(mention_id=8472|references=(entity=(entity_id=1|fullname=Ammerie|gender=f)))
54256	war	0		
54257	es	0		
54258	auch	0		
54259	keineswegs	0		
54260	so	0		
54261	außer	0		
54262	allem	0		
54263	Zweifel	0		
54264	,	0		
54265	was	0		
54266	er	0	(mention_id=8420|references=(entity=(entity_id=entity_0009|fullname=Franz Gersbacher|gender=m)))	(mention_id=8473|references=(entity=(entity_id=7|fullname=Franz|gender=m)))
54267	zu	0		
54268	Trudis	0	(mention_id=8421|references=(entity=(entity_id=entity_0002|fullname=Gontrud Hegewald|gender=f)))	(mention_id=8474|references=(entity=(entity_id=20|fullname=Trudi|gender=f)))
54269	Hörigkeit	0		
54270	sagen	0		
54271	und	0		
54272	ob	0		
54273	er	0	(mention_id=8422|references=(entity=(entity_id=entity_0009|fullname=Franz Gersbacher|gender=m)))	(mention_id=8475|references=(entity=(entity_id=7|fullname=Franz|gender=m)))
54274	sich	0	(mention_id=8423|references=(entity=(entity_id=entity_0009|fullname=Franz Gersbacher|gender=m)))	(mention_id=8476|references=(entity=(entity_id=7|fullname=Franz|gender=m)))
54275	wirklich	0		
54276	selber	0		
54277	nicht	0		
54278	daran	0		
54279	kehren	0		
54280	würde	0		
54281	,	0		
54282	wie	0		
54283	er	0	(mention_id=8424|references=(entity=(entity_id=entity_0009|fullname=Franz Gersbacher|gender=m)))	(mention_id=8477|references=(entity=(entity_id=7|fullname=Franz|gender=m)))
54284	es	0		
54285	damals	0		
54286	Trudi	0	(mention_id=8425|references=(entity=(entity_id=entity_0002|fullname=Gontrud Hegewald|gender=f)))	(mention_id=8478|references=(entity=(entity_id=20|fullname=Trudi|gender=f)))
54287	bei	0		
54288	Lutzens	0	(mention_id=8426|references=(entity=(entity_id=entity_0014|fullname=Lutz Hebenstreit|gender=m)))	(mention_id=8479|references=(entity=(entity_id=14|fullname=Lutz Hebenstreit|gender=m)))
54289	Prophezeiung	0		
54290	geraten	0		
54291	hatte	0		
54292	.	0		
54293	Zwar	0		
54294	traute	0		
54295	sie	0	(mention_id=8427|references=(entity=(entity_id=entity_0004|fullname=Ammerie Armbruster|gender=f)))	(mention_id=8480|references=(entity=(entity_id=1|fullname=Ammerie|gender=f)))
54296	seiner	0	(mention_id=8428|references=(entity=(entity_id=entity_0009|fullname=Franz Gersbacher|gender=m)))	(mention_id=8481|references=(entity=(entity_id=7|fullname=Franz|gender=m)))
54297	Liebe	0		
54298	genug	0		
54299	Stetigkeit	0		
54300	zu	0		
54301	,	0		
54302	um	0		
54303	unlöslich	0		
54304	an	0		
54305	Trudi	0	(mention_id=8429|references=(entity=(entity_id=entity_0002|fullname=Gontrud Hegewald|gender=f)))	(mention_id=8482|references=(entity=(entity_id=20|fullname=Trudi|gender=f)))
54306	zu	0		
54307	hangen	0		
54308	,	0		
54309	allein	0		
54310	es	0		
54311	griffen	0		
54312	ihres	0	(mention_id=8430|references=(entity=(entity_id=entity_0004|fullname=Ammerie Armbruster|gender=f)))	(mention_id=8483|references=(entity=(entity_id=1|fullname=Ammerie|gender=f)))
54313	Erachtens	0		
54314	auch	0		
54315	nicht	0		
54316	abzuweisende	0		
54317	Verstandesgründe	0		
54318	und	0		
54319	Zukunftssorgen	0		
54320	in	0		
54321	den	0		
54322	Abschluß	0		
54323	dieser	0		
54324	Verbindung	0		
54325	sehr	0		
54326	mitbestimmend	0		
54327	ein	0		
54328	.	0		
54329	Durfte	0		
54330	die	0		
54331	Frau	0	(mention_id=8431|references=(entity=(entity_id=entity_0002|fullname=Gontrud Hegewald|gender=f)))	(mention_id=8484|references=(entity=(entity_id=20|fullname=Trudi|gender=f)))
54332	,	0		
54333	die	0	(mention_id=8432|references=(entity=(entity_id=entity_0002|fullname=Gontrud Hegewald|gender=f)))	(mention_id=8485|references=(entity=(entity_id=20|fullname=Trudi|gender=f)))
54334	später	0		
54335	einmal	0		
54336	als	0		
54337	Bäuerin	0	(mention_id=8433|references=(entity=(entity_id=entity_0002|fullname=Gontrud Hegewald|gender=f)))	(mention_id=8486|references=(entity=(entity_id=20|fullname=Trudi|gender=f)))
54338	auf	0		
54339	dem	0		
54340	großen	0		
54341	Gersbacherhofe	0		
54342	gebieten	0		
54343	sollte	0		
54344	,	0		
54345	eine	0		
54346	Hörige	0		(mention_id=8487|references=(entity=(entity_id=20|fullname=Trudi|gender=f)))
54347	sein	0		
54348	?	0		
54349	und	0		
54350	wenn	0		
54351	,	0		
54352	wie	0		
54353	doch	0		
54354	zu	0		
54355	hoffen	0		
54356	,	0		
54357	der	0		
54358	Storch	0		
54359	dem	0		
54360	jungen	0		
54361	Paare	0	(mention_id=8434|references=(entity=(entity_id=entity_0009|fullname=Franz Gersbacher|gender=m)),(entity=(entity_id=entity_0002|fullname=Gontrud Hegewald|gender=f)))	(mention_id=8488|references=(entity=(entity_id=7|fullname=Franz|gender=m)),(entity=(entity_id=20|fullname=Trudi|gender=f)))
54362	Kinder	0	(mention_id=8435|references=(entity=(entity_id=entity_0209|fullname=Kinder von Franz und Trudi|gender=u|specialcase_entity=group,nonfact)))	(mention_id=8489|references=(entity=(entity_id=12|fullname=Kinder von Franz und Trudi|gender=mf|specialcase_entity=nonfact,group)))
54363	brächte	0		
54364	,	0		
54365	waren	0		
54366	die	0	(mention_id=8436|references=(entity=(entity_id=entity_0209|fullname=Kinder von Franz und Trudi|gender=u|specialcase_entity=group,nonfact)))	(mention_id=8490|references=(entity=(entity_id=12|fullname=Kinder von Franz und Trudi|gender=mf|specialcase_entity=nonfact,group)))
54367	halb	0		
54368	frei	0		
54369	und	0		
54370	halb	0		
54371	unfrei	0		
54372	?	0		
54373	Mit	0		
54374	solchen	0		
54375	weitschichtigen	0		
54376	Betrachtungen	0		
54377	zerbrach	0		
54378	sich	0	(mention_id=8437|references=(entity=(entity_id=entity_0004|fullname=Ammerie Armbruster|gender=f)))	(mention_id=8491|references=(entity=(entity_id=1|fullname=Ammerie|gender=f)))
54379	Ammerie	0	(mention_id=8438|references=(entity=(entity_id=entity_0004|fullname=Ammerie Armbruster|gender=f)))	(mention_id=8492|references=(entity=(entity_id=1|fullname=Ammerie|gender=f)))
54380	ihren	0	(mention_id=8439|references=(entity=(entity_id=entity_0004|fullname=Ammerie Armbruster|gender=f)))	(mention_id=8493|references=(entity=(entity_id=1|fullname=Ammerie|gender=f)))
54381	achtzehnjährigen	0		
54382	Brausekopf	0		
54383	,	0		
54384	als	0		
54385	ob	0		
54386	sie	0	(mention_id=8440|references=(entity=(entity_id=entity_0004|fullname=Ammerie Armbruster|gender=f)))	(mention_id=8494|references=(entity=(entity_id=1|fullname=Ammerie|gender=f)))
54387	auf	0		
54388	die	0		
54389	Erledigung	0		
54390	dieser	0		
54391	noch	0		
54392	in	0		
54393	der	0		
54394	Ferne	0		
54395	schwebenden	0		
54396	Dinge	0		
54397	einen	0		
54398	maßgebenden	0		
54399	Einfluß	0		
54400	hätte	0		
54401	.	0		
54402	Da	0		
54403	nun	0		
54404	alles	0		
54405	Schwanken	0		
54406	und	0		
54407	Zaudern	0		
54408	ihrem	0	(mention_id=8441|references=(entity=(entity_id=entity_0004|fullname=Ammerie Armbruster|gender=f)))	(mention_id=8495|references=(entity=(entity_id=1|fullname=Ammerie|gender=f)))
54409	lebhaften	0		
54410	und	0		
54411	resoluten	0		
54412	Wesen	0		
54413	durchaus	0		
54414	zuwider	0		
54415	war	0		
54416	,	0		
54417	wollte	0		
54418	sie	0	(mention_id=8442|references=(entity=(entity_id=entity_0004|fullname=Ammerie Armbruster|gender=f)))	(mention_id=8496|references=(entity=(entity_id=1|fullname=Ammerie|gender=f)))
54419	noch	0		
54420	heute	0		
54421	der	0		
54422	Ungewißheit	0		
54423	ein	0		
54424	Ende	0		
54425	machen	0		
54426	,	0		
54427	und	0		
54428	dazu	0		
54429	gab	0		
54430	es	0		
54431	nur	0		
54432	ein	0		
54433	Mittel	0		
54434	,	0		
54435	–	0		
54436	Franz	0	(mention_id=8443|references=(entity=(entity_id=entity_0009|fullname=Franz Gersbacher|gender=m)))	(mention_id=8497|references=(entity=(entity_id=7|fullname=Franz|gender=m)))
54437	mußte	0		
54438	heran	0		
54439	.	0		
54440	Ohne	0		
54441	Aufschub	0		
54442	und	0		
54443	ohne	0		
54444	Trudi	0	(mention_id=8444|references=(entity=(entity_id=entity_0002|fullname=Gontrud Hegewald|gender=f)))	(mention_id=8498|references=(entity=(entity_id=20|fullname=Trudi|gender=f)))
54445	etwas	0		
54446	davon	0		
54447	zu	0		
54448	sagen	0		
54449	stahl	0		
54450	sich	0	(mention_id=8445|references=(entity=(entity_id=entity_0004|fullname=Ammerie Armbruster|gender=f)))	(mention_id=8499|references=(entity=(entity_id=1|fullname=Ammerie|gender=f)))
54451	Ammerie	0	(mention_id=8446|references=(entity=(entity_id=entity_0004|fullname=Ammerie Armbruster|gender=f)))	(mention_id=8500|references=(entity=(entity_id=1|fullname=Ammerie|gender=f)))
54452	aus	0		
54453	dem	0		
54454	Hause	0		
54455	und	0		
54456	lief	0		
54457	schnurstracks	0		
54458	nach	0		
54459	dem	0		
54460	Gersbacherhofe	0		
54461	,	0		
54462	wo	0		
54463	sie	0	(mention_id=8447|references=(entity=(entity_id=entity_0004|fullname=Ammerie Armbruster|gender=f)))	(mention_id=8501|references=(entity=(entity_id=1|fullname=Ammerie|gender=f)))
54464	Franz	0	(mention_id=8448|references=(entity=(entity_id=entity_0009|fullname=Franz Gersbacher|gender=m)))	(mention_id=8502|references=(entity=(entity_id=7|fullname=Franz|gender=m)))
54465	zu	0		
54466	sprechen	0		
54467	verlangte	0		
54468	.	0		
54469	Der	0	(mention_id=8449|references=(entity=(entity_id=entity_0009|fullname=Franz Gersbacher|gender=m)))	(mention_id=8503|references=(entity=(entity_id=7|fullname=Franz|gender=m)))
54470	war	0		
54471	auf	0		
54472	Arbeit	0		
54473	im	0		
54474	Wingert	0		
54475	.	0		
54476	Also	0		
54477	nun	0		
54478	dahin	0		
54479	trotz	0		
54480	des	0		
54481	ziemlich	0		
54482	weiten	0		
54483	Weges	0		
54484	.	0		
54485	Dort	0		
54486	traf	0		
54487	sie	0	(mention_id=8450|references=(entity=(entity_id=entity_0004|fullname=Ammerie Armbruster|gender=f)))	(mention_id=8504|references=(entity=(entity_id=1|fullname=Ammerie|gender=f)))
54488	ihn	0	(mention_id=8451|references=(entity=(entity_id=entity_0009|fullname=Franz Gersbacher|gender=m)))	(mention_id=8505|references=(entity=(entity_id=7|fullname=Franz|gender=m)))
54489	.	0		
54490	»	0		
54491	Franz	0	(mention_id=8452|references=(entity=(entity_id=entity_0009|fullname=Franz Gersbacher|gender=m)))	(mention_id=8506|references=(entity=(entity_id=7|fullname=Franz|gender=m)))
54492	,	0		
54493	du	0	(mention_id=8453|references=(entity=(entity_id=entity_0009|fullname=Franz Gersbacher|gender=m)))	(mention_id=8507|references=(entity=(entity_id=7|fullname=Franz|gender=m)))
54494	mußt	0		
54495	gleich	0		
54496	zu	0		
54497	uns	0	(mention_id=8454|references=(entity=(entity_id=entity_0007|fullname=Familie Armbruster|gender=mf|members=entity_0001,entity_0003,entity_0004,entity_0005,entity_0008,entity_0016,entity_0017|all_members_given=True|specialcase_entity=group)))	(mention_id=8508|references=(entity=(entity_id=4|fullname=Familie Armbruster|gender=mf|specialcase_entity=group)))
54498	kommen	0		
54499	;	0		
54500	Trudi	0	(mention_id=8455|references=(entity=(entity_id=entity_0002|fullname=Gontrud Hegewald|gender=f)))	(mention_id=8509|references=(entity=(entity_id=20|fullname=Trudi|gender=f)))
54501	will	0		
54502	dich	0	(mention_id=8456|references=(entity=(entity_id=entity_0009|fullname=Franz Gersbacher|gender=m)))	(mention_id=8510|references=(entity=(entity_id=7|fullname=Franz|gender=m)))
54503	sprechen	0		
54504	,	0		
54505	«	0		
54506	stieß	0		
54507	sie	0	(mention_id=8457|references=(entity=(entity_id=entity_0004|fullname=Ammerie Armbruster|gender=f)))	(mention_id=8511|references=(entity=(entity_id=1|fullname=Ammerie|gender=f)))
54508	atemlos	0		
54509	vom	0		
54510	raschen	0		
54511	Gehen	0		
54512	heraus	0		
54513	.	0		
54514	»	0		
54515	Was	0		
54516	ist	0		
54517	denn	0		
54518	?	0		
54519	«	0		
54520	fragte	0		
54521	Franz	0	(mention_id=8458|references=(entity=(entity_id=entity_0009|fullname=Franz Gersbacher|gender=m)))	(mention_id=8512|references=(entity=(entity_id=7|fullname=Franz|gender=m)))
54522	erschrocken	0		
54523	,	0		
54524	»	0		
54525	ist	0		
54526	Trudi	0	(mention_id=8459|references=(entity=(entity_id=entity_0002|fullname=Gontrud Hegewald|gender=f)))	(mention_id=8513|references=(entity=(entity_id=20|fullname=Trudi|gender=f)))
54527	krank	0		
54528	?	0		
54529	«	0		
54530	»	0		
54531	Sie	0	(mention_id=8460|references=(entity=(entity_id=entity_0002|fullname=Gontrud Hegewald|gender=f)))	(mention_id=8514|references=(entity=(entity_id=20|fullname=Trudi|gender=f)))
54532	denkt	0		
54533	nicht	0		
54534	dran	0		
54535	,	0		
54536	ist	0		
54537	putzmunter	0		
54538	,	0		
54539	hat	0		
54540	dich	0	(mention_id=8461|references=(entity=(entity_id=entity_0009|fullname=Franz Gersbacher|gender=m)))	(mention_id=8515|references=(entity=(entity_id=7|fullname=Franz|gender=m)))
54541	lieb	0		
54542	,	0		
54543	sehnt	0		
54544	sich	0	(mention_id=8462|references=(entity=(entity_id=entity_0002|fullname=Gontrud Hegewald|gender=f)))	(mention_id=8516|references=(entity=(entity_id=20|fullname=Trudi|gender=f)))
54545	nach	0		
54546	dir	0	(mention_id=8463|references=(entity=(entity_id=entity_0009|fullname=Franz Gersbacher|gender=m)))	(mention_id=8517|references=(entity=(entity_id=7|fullname=Franz|gender=m)))
54547	,	0		
54548	will	0		
54549	dich	0	(mention_id=8464|references=(entity=(entity_id=entity_0009|fullname=Franz Gersbacher|gender=m)))	(mention_id=8518|references=(entity=(entity_id=7|fullname=Franz|gender=m)))
54550	sehen	0		
54551	,	0		
54552	dich	0	(mention_id=8465|references=(entity=(entity_id=entity_0009|fullname=Franz Gersbacher|gender=m)))	(mention_id=8519|references=(entity=(entity_id=7|fullname=Franz|gender=m)))
54553	sprechen	0		
54554	,	0		
54555	dich	0	(mention_id=8466|references=(entity=(entity_id=entity_0009|fullname=Franz Gersbacher|gender=m)))	(mention_id=8520|references=(entity=(entity_id=7|fullname=Franz|gender=m)))
54556	küssen	0		
54557	,	0		
54558	was	0		
54559	weiß	0		
54560	ich	0	(mention_id=8467|references=(entity=(entity_id=entity_0004|fullname=Ammerie Armbruster|gender=f)))	(mention_id=8521|references=(entity=(entity_id=1|fullname=Ammerie|gender=f)))
54561	,	0		
54562	was	0		
54563	sie	0	(mention_id=8468|references=(entity=(entity_id=entity_0002|fullname=Gontrud Hegewald|gender=f)))	(mention_id=8522|references=(entity=(entity_id=20|fullname=Trudi|gender=f)))
54564	alles	0		
54565	will	0		
54566	!	0		
54567	komm	0		
54568	nur	0		
54569	,	0		
54570	komm	0		
54571	schnell	0		
54572	mit	0		
54573	!	0		
54574	«	0		
54575	sprudelte	0		
54576	die	0		
54577	Erregte	0		(mention_id=8523|references=(entity=(entity_id=1|fullname=Ammerie|gender=f)))
54578	hastig	0		
54579	auf	0		
54580	ihn	0	(mention_id=8469|references=(entity=(entity_id=entity_0009|fullname=Franz Gersbacher|gender=m)))	(mention_id=8524|references=(entity=(entity_id=7|fullname=Franz|gender=m)))
54581	ein	0		
54582	.	0		
54583	»	0		
54584	Aber	0		
54585	hat	0		
54586	denn	0		
54587	das	0		
54588	solche	0		
54589	Eile	0		
54590	?	0		
54591	«	0		
54592	fragte	0		
54593	Franz	0	(mention_id=8470|references=(entity=(entity_id=entity_0009|fullname=Franz Gersbacher|gender=m)))	(mention_id=8525|references=(entity=(entity_id=7|fullname=Franz|gender=m)))
54594	noch	0		
54595	einmal	0		
54596	.	0		
54597	»	0		
54598	Nein	0		
54599	,	0		
54600	das	0		
54601	nicht	0		
54602	,	0		
54603	«	0		
54604	erwiderte	0		
54605	Ammerie	0	(mention_id=8471|references=(entity=(entity_id=entity_0004|fullname=Ammerie Armbruster|gender=f)))	(mention_id=8526|references=(entity=(entity_id=1|fullname=Ammerie|gender=f)))
54606	.	0		
54607	»	0		
54608	Nun	0		
54609	,	0		
54610	so	0		
54611	komm'	0		
54612	ich	0	(mention_id=8472|references=(entity=(entity_id=entity_0009|fullname=Franz Gersbacher|gender=m)))	(mention_id=8527|references=(entity=(entity_id=7|fullname=Franz|gender=m)))
54613	heut	0		
54614	nachmittag	0		
54615	,	0		
54616	jetzt	0		
54617	kann	0		
54618	ich	0	(mention_id=8473|references=(entity=(entity_id=entity_0009|fullname=Franz Gersbacher|gender=m)))	(mention_id=8528|references=(entity=(entity_id=7|fullname=Franz|gender=m)))
54619	hier	0		
54620	nicht	0		
54621	fort	0		
54622	,	0		
54623	«	0		
54624	sagte	0		
54625	Franz.	0		(mention_id=8529|references=(entity=(entity_id=7|fullname=Franz|gender=m)))
54626	»	0		
54627	Ist's	0		
54628	auch	0		
54629	sicher	0		
54630	?	0		
54631	«	0		
54632	»	0		
54633	Ja	0		
54634	!	0		
54635	«	0		
54636	»	0		
54637	Gut	0		
54638	!	0		
54639	«	0		
54640	und	0		
54641	weg	0		
54642	war	0		
54643	sie	0	(mention_id=8474|references=(entity=(entity_id=entity_0004|fullname=Ammerie Armbruster|gender=f)))	(mention_id=8530|references=(entity=(entity_id=1|fullname=Ammerie|gender=f)))
54644	.	0		
54645	–	0		
54646	Trudi	0	(mention_id=8475|references=(entity=(entity_id=entity_0002|fullname=Gontrud Hegewald|gender=f)))	(mention_id=8531|references=(entity=(entity_id=20|fullname=Trudi|gender=f)))
54647	war	0		
54648	es	0		
54649	sehr	0		
54650	lieb	0		
54651	,	0		
54652	den	0		
54653	Vormittag	0		
54654	allein	0		
54655	zu	0		
54656	sein	0		
54657	,	0		
54658	um	0		
54659	ungestört	0		
54660	über	0		
54661	ihre	0	(mention_id=8476|references=(entity=(entity_id=entity_0002|fullname=Gontrud Hegewald|gender=f)))	(mention_id=8532|references=(entity=(entity_id=20|fullname=Trudi|gender=f)))
54662	Zukunft	0		
54663	nachdenken	0		
54664	zu	0		
54665	können	0		
54666	.	0		
54667	Das	0		
54668	tat	0		
54669	sie	0	(mention_id=8477|references=(entity=(entity_id=entity_0002|fullname=Gontrud Hegewald|gender=f)))	(mention_id=8533|references=(entity=(entity_id=20|fullname=Trudi|gender=f)))
54670	nun	0		
54671	auch	0		
54672	,	0		
54673	und	0		
54674	dabei	0		
54675	kam	0		
54676	ihr	0	(mention_id=8478|references=(entity=(entity_id=entity_0002|fullname=Gontrud Hegewald|gender=f)))	(mention_id=8534|references=(entity=(entity_id=20|fullname=Trudi|gender=f)))
54677	das	0		
54678	Lästige	0		
54679	und	0		
54680	Kränkende	0		
54681	,	0		
54682	das	0		
54683	ihr	0	(mention_id=8479|references=(entity=(entity_id=entity_0002|fullname=Gontrud Hegewald|gender=f)))	(mention_id=8535|references=(entity=(entity_id=20|fullname=Trudi|gender=f)))
54684	die	0		
54685	Wandlung	0		
54686	in	0		
54687	ihrem	0	(mention_id=8480|references=(entity=(entity_id=entity_0002|fullname=Gontrud Hegewald|gender=f)))	(mention_id=8536|references=(entity=(entity_id=20|fullname=Trudi|gender=f)))
54688	Dasein	0		
54689	aufzwang	0		
54690	,	0		
54691	zum	0		
54692	Bewußtsein	0		
54693	.	0		
54694	Nicht	0		
54695	die	0		
54696	Arbeit	0		
54697	,	0		
54698	die	0		
54699	man	0		
54700	ihr	0	(mention_id=8481|references=(entity=(entity_id=entity_0002|fullname=Gontrud Hegewald|gender=f)))	(mention_id=8537|references=(entity=(entity_id=20|fullname=Trudi|gender=f)))
54701	zumuten	0		
54702	könnte	0		
54703	,	0		
54704	scheute	0		
54705	sie	0	(mention_id=8482|references=(entity=(entity_id=entity_0002|fullname=Gontrud Hegewald|gender=f)))	(mention_id=8538|references=(entity=(entity_id=20|fullname=Trudi|gender=f)))
54706	.	0		
54707	Mehr	0		
54708	fürchtete	0		
54709	sie	0	(mention_id=8483|references=(entity=(entity_id=entity_0002|fullname=Gontrud Hegewald|gender=f)))	(mention_id=8539|references=(entity=(entity_id=20|fullname=Trudi|gender=f)))
54710	sich	0	(mention_id=8484|references=(entity=(entity_id=entity_0002|fullname=Gontrud Hegewald|gender=f)))	(mention_id=8540|references=(entity=(entity_id=20|fullname=Trudi|gender=f)))
54711	vor	0		
54712	ihrer	0	(mention_id=8485|references=(entity=(entity_id=entity_0002|fullname=Gontrud Hegewald|gender=f)))	(mention_id=8541|references=(entity=(entity_id=20|fullname=Trudi|gender=f)))
54713	möglichen	0		
54714	Einsperrung	0		
54715	in	0		
54716	die	0		
54717	Burg	0		
54718	,	0		
54719	wo	0		
54720	sie	0	(mention_id=8486|references=(entity=(entity_id=entity_0002|fullname=Gontrud Hegewald|gender=f)))	(mention_id=8542|references=(entity=(entity_id=20|fullname=Trudi|gender=f)))
54721	dann	0		
54722	den	0		
54723	Nachstellungen	0		
54724	des	0		
54725	Junkers	0	(mention_id=8487|references=(entity=(entity_id=entity_0029|fullname=Junker Ulrich von Remchingen|gender=m)))	(mention_id=8543|references=(entity=(entity_id=11|fullname=Junker|gender=m)))
54726	ausgesetzt	0		
54727	sein	0		
54728	würde	0		
54729	.	0		
54730	Aber	0		
54731	auch	0		
54732	dieses	0		
54733	Fährnis	0		
54734	war	0		
54735	es	0		
54736	nicht	0		
54737	,	0		
54738	was	0		
54739	ihr	0	(mention_id=8488|references=(entity=(entity_id=entity_0002|fullname=Gontrud Hegewald|gender=f)))	(mention_id=8544|references=(entity=(entity_id=20|fullname=Trudi|gender=f)))
54740	die	0		
54741	meisten	0		
54742	Sorgen	0		
54743	verursachte	0		
54744	.	0		
54745	Das	0		
54746	war	0		
54747	etwas	0		
54748	anderes	0		
54749	,	0		
54750	tiefer	0		
54751	Eindringendes	0		
54752	.	0		
54753	Sie	0	(mention_id=8489|references=(entity=(entity_id=entity_0002|fullname=Gontrud Hegewald|gender=f)))	(mention_id=8545|references=(entity=(entity_id=20|fullname=Trudi|gender=f)))
54754	sollte	0		
54755	ihre	0	(mention_id=8490|references=(entity=(entity_id=entity_0002|fullname=Gontrud Hegewald|gender=f)))	(mention_id=8546|references=(entity=(entity_id=20|fullname=Trudi|gender=f)))
54756	Freiheit	0		
54757	verlieren	0		
54758	,	0		
54759	sich	0	(mention_id=8491|references=(entity=(entity_id=entity_0002|fullname=Gontrud Hegewald|gender=f)))	(mention_id=8547|references=(entity=(entity_id=20|fullname=Trudi|gender=f)))
54760	unter	0		
54761	das	0		
54762	Joch	0		
54763	der	0		
54764	Abhängigkeit	0		
54765	beugen	0		
54766	und	0		
54767	,	0		
54768	wenn	0		
54769	sie	0	(mention_id=8492|references=(entity=(entity_id=entity_0002|fullname=Gontrud Hegewald|gender=f)))	(mention_id=8548|references=(entity=(entity_id=20|fullname=Trudi|gender=f)))
54770	nicht	0		
54771	als	0		
54772	Dienende	0	(mention_id=8493|references=(entity=(entity_id=entity_0002|fullname=Gontrud Hegewald|gender=f)))	(mention_id=8549|references=(entity=(entity_id=20|fullname=Trudi|gender=f)))
54773	auf	0		
54774	die	0		
54775	Burg	0		
54776	geholt	0		
54777	wurde	0		
54778	,	0		
54779	im	0		
54780	Hause	0		
54781	des	0		
54782	Bürgermeisters	0	(mention_id=8494|references=(entity=(entity_id=entity_0001|fullname=Christoph Armbruster|gender=m)))	(mention_id=8550|references=(entity=(entity_id=2|fullname=Christoph|gender=m)))
54783	unter	0		
54784	Verhältnissen	0		
54785	weiterleben	0		
54786	,	0		
54787	in	0		
54788	denen	0		
54789	sie	0	(mention_id=8495|references=(entity=(entity_id=entity_0002|fullname=Gontrud Hegewald|gender=f)))	(mention_id=8551|references=(entity=(entity_id=20|fullname=Trudi|gender=f)))
54790	fortan	0		
54791	nicht	0		
54792	mehr	0		
54793	eine	0		
54794	den	0		
54795	Familiengliedern	0	(mention_id=8496|references=(entity=(entity_id=entity_0210|fullname=Familienmitglieder|gender=u)))	(mention_id=8552|references=(entity=(entity_id=4|fullname=Familie Armbruster|gender=mf|specialcase_entity=group)))
54796	Gleichstehende	0		(mention_id=8553|references=(entity=(entity_id=20|fullname=Trudi|gender=f)))
54797	war	0		
54798	,	0		
54799	sondern	0		
54800	sich	0	(mention_id=8497|references=(entity=(entity_id=entity_0002|fullname=Gontrud Hegewald|gender=f)))	(mention_id=8554|references=(entity=(entity_id=20|fullname=Trudi|gender=f)))
54801	noch	0		
54802	eine	0		
54803	Stufe	0		
54804	unter	0		
54805	den	0		
54806	Knechten	0	(mention_id=8498|references=(entity=(entity_id=generic_0300|fullname=Knechte|gender=u|specialcase_entity=generic)))	(mention_id=8555|references=(entity=(entity_id=13|fullname=Knechte im Haus des Bürgermeisters|gender=m|specialcase_entity=group)))
54807	und	0		
54808	Mägden	0	(mention_id=8499|references=(entity=(entity_id=generic_0301|fullname=Mägde|gender=u|specialcase_entity=generic)))	(mention_id=8556|references=(entity=(entity_id=18|fullname=Mägde im Haus des Bürgermeisters|gender=f|specialcase_entity=group)))
54809	fühlen	0		
54810	mußte	0		
54811	.	0		
54812	Wohl	0		
54813	hatte	0		
54814	sie's	0		(mention_id=8557|references=(entity=(entity_id=20|fullname=Trudi|gender=f)))
54815	dankbar	0		
54816	empfunden	0		
54817	,	0		
54818	mit	0		
54819	welcher	0		
54820	Behutsamkeit	0		
54821	die	0		
54822	beiden	0		
54823	Armbrusters	0	(mention_id=8500|references=(entity=(entity_id=entity_0001|fullname=Christoph Armbruster|gender=m)),(entity=(entity_id=entity_0003|fullname=Magdalene Armbruster|gender=f)))	(mention_id=8558|references=(entity=(entity_id=2|fullname=Christoph|gender=m)),(entity=(entity_id=15|fullname=Madlen|gender=f)))
54824	,	0		
54825	Mann	0	(mention_id=8501|references=(entity=(entity_id=entity_0001|fullname=Christoph Armbruster|gender=m)))	(mention_id=8559|references=(entity=(entity_id=2|fullname=Christoph|gender=m)))
54826	und	0		
54827	Frau	0	(mention_id=8502|references=(entity=(entity_id=entity_0003|fullname=Magdalene Armbruster|gender=f)))	(mention_id=8560|references=(entity=(entity_id=15|fullname=Madlen|gender=f)))
54828	,	0		
54829	sich	0	(mention_id=8503|references=(entity=(entity_id=entity_0001|fullname=Christoph Armbruster|gender=m)),(entity=(entity_id=entity_0003|fullname=Magdalene Armbruster|gender=f)))	(mention_id=8561|references=(entity=(entity_id=2|fullname=Christoph|gender=m)),(entity=(entity_id=15|fullname=Madlen|gender=f)))
54830	bemüht	0		
54831	hatten	0		
54832	,	0		
54833	ihr	0	(mention_id=8504|references=(entity=(entity_id=entity_0002|fullname=Gontrud Hegewald|gender=f)))	(mention_id=8562|references=(entity=(entity_id=20|fullname=Trudi|gender=f)))
54834	die	0		
54835	Veränderung	0		
54836	leicht	0		
54837	und	0		
54838	erträglich	0		
54839	darzustellen	0		
54840	.	0		
54841	Aber	0		
54842	das	0		
54843	half	0		
54844	ihr	0	(mention_id=8505|references=(entity=(entity_id=entity_0002|fullname=Gontrud Hegewald|gender=f)))	(mention_id=8563|references=(entity=(entity_id=20|fullname=Trudi|gender=f)))
54845	nicht	0		
54846	über	0		
54847	die	0		
54848	Bitternis	0		
54849	ihrer	0	(mention_id=8506|references=(entity=(entity_id=entity_0002|fullname=Gontrud Hegewald|gender=f)))	(mention_id=8564|references=(entity=(entity_id=20|fullname=Trudi|gender=f)))
54850	künftigen	0		
54851	untergeordneten	0		
54852	Stellung	0		
54853	hinweg	0		
54854	,	0		
54855	in	0		
54856	deren	0		
54857	Abschätzung	0		
54858	die	0		
54859	Wachenheimer	0	(mention_id=8507|references=(entity=(entity_id=entity_0019|fullname=Wachenheimer|gender=mf|members=entity_0007,entity_0013,entity_0014,entity_0026|all_members_given=False|specialcase_entity=group)))	(mention_id=8565|references=(entity=(entity_id=24|fullname=Wachenheimer|gender=mf|specialcase_entity=group)))
54860	,	0		
54861	die	0		
54862	einen	0	(mention_id=8508|references=(entity=(entity_id=entity_0019|fullname=Wachenheimer|gender=mf|members=entity_0007,entity_0013,entity_0014,entity_0026|all_members_given=False|specialcase_entity=group)))	(mention_id=8566|references=(entity=(entity_id=24|fullname=Wachenheimer|gender=mf|specialcase_entity=group)))
54863	mitleidig	0		
54864	,	0		
54865	die	0		
54866	anderen	0	(mention_id=8509|references=(entity=(entity_id=entity_0019|fullname=Wachenheimer|gender=mf|members=entity_0007,entity_0013,entity_0014,entity_0026|all_members_given=False|specialcase_entity=group)))	(mention_id=8567|references=(entity=(entity_id=24|fullname=Wachenheimer|gender=mf|specialcase_entity=group)))
54867	schadenfroh	0		
54868	,	0		
54869	auf	0		
54870	sie	0	(mention_id=8510|references=(entity=(entity_id=entity_0002|fullname=Gontrud Hegewald|gender=f)))	(mention_id=8568|references=(entity=(entity_id=20|fullname=Trudi|gender=f)))
54871	herabsehen	0		
54872	würden	0		
54873	,	0		
54874	und	0		
54875	das	0		
54876	noch	0		
54877	vielleicht	0		
54878	zum	0		
54879	rücksichtsvoll	0		
54880	ihr	0	(mention_id=8511|references=(entity=(entity_id=entity_0002|fullname=Gontrud Hegewald|gender=f)))	(mention_id=8569|references=(entity=(entity_id=20|fullname=Trudi|gender=f)))
54881	verschwiegenen	0		
54882	Verdruß	0		
54883	der	0		
54884	lieben	0		
54885	,	0		
54886	guten	0		
54887	Alten	0	(mention_id=8512|references=(entity=(entity_id=entity_0001|fullname=Christoph Armbruster|gender=m)),(entity=(entity_id=entity_0003|fullname=Magdalene Armbruster|gender=f)))	(mention_id=8570|references=(entity=(entity_id=2|fullname=Christoph|gender=m)),(entity=(entity_id=15|fullname=Madlen|gender=f)))
54888	.	0		
54889	Gerade	0		
54890	diese	0		
54891	Erwägung	0		
54892	,	0		
54893	in	0		
54894	welche	0		
54895	mißliche	0		
54896	Lage	0		
54897	ihre	0	(mention_id=8513|references=(entity=(entity_id=entity_0002|fullname=Gontrud Hegewald|gender=f)))	(mention_id=8571|references=(entity=(entity_id=20|fullname=Trudi|gender=f)))
54898	Verwandten	0	(mention_id=8514|references=(entity=(entity_id=entity_0001|fullname=Christoph Armbruster|gender=m)),(entity=(entity_id=entity_0003|fullname=Magdalene Armbruster|gender=f)),(entity=(entity_id=entity_0004|fullname=Ammerie Armbruster|gender=f)))	(mention_id=8572|references=(entity=(entity_id=2|fullname=Christoph|gender=m)),(entity=(entity_id=15|fullname=Madlen|gender=f)))
54899	durch	0		
54900	sie	0	(mention_id=8515|references=(entity=(entity_id=entity_0002|fullname=Gontrud Hegewald|gender=f)))	(mention_id=8573|references=(entity=(entity_id=20|fullname=Trudi|gender=f)))
54901	gerieten	0		
54902	,	0		
54903	drückte	0		
54904	sie	0	(mention_id=8516|references=(entity=(entity_id=entity_0002|fullname=Gontrud Hegewald|gender=f)))	(mention_id=8574|references=(entity=(entity_id=20|fullname=Trudi|gender=f)))
54905	fast	0		
54906	schwerer	0		
54907	als	0		
54908	ihre	0	(mention_id=8517|references=(entity=(entity_id=entity_0002|fullname=Gontrud Hegewald|gender=f)))	(mention_id=8575|references=(entity=(entity_id=20|fullname=Trudi|gender=f)))
54909	eigene	0		
54910	Erniedrigung	0		
54911	.	0		
54912	Einen	0		
54913	Augenblick	0		
54914	dachte	0		
54915	sie	0	(mention_id=8518|references=(entity=(entity_id=entity_0002|fullname=Gontrud Hegewald|gender=f)))	(mention_id=8576|references=(entity=(entity_id=20|fullname=Trudi|gender=f)))
54916	an	0		
54917	Flucht	0		
54918	;	0		
54919	aber	0		
54920	wohin	0		
54921	?	0		
54922	überall	0		
54923	in	0		
54924	der	0		
54925	Pfalz	0		
54926	würde	0		
54927	man	0		
54928	sie	0	(mention_id=8519|references=(entity=(entity_id=entity_0002|fullname=Gontrud Hegewald|gender=f)))	(mention_id=8577|references=(entity=(entity_id=20|fullname=Trudi|gender=f)))
54929	ergreifen	0		
54930	und	0		
54931	in	0		
54932	die	0		
54933	Fesseln	0		
54934	des	0		
54935	Wildfangrechtes	0		
54936	schlagen	0		
54937	.	0		
54938	Ihr	0	(mention_id=8520|references=(entity=(entity_id=entity_0002|fullname=Gontrud Hegewald|gender=f)))	(mention_id=8578|references=(entity=(entity_id=20|fullname=Trudi|gender=f)))
54939	fiel	0		
54940	Lutz	0	(mention_id=8521|references=(entity=(entity_id=entity_0014|fullname=Lutz Hebenstreit|gender=m)))	(mention_id=8579|references=(entity=(entity_id=14|fullname=Lutz Hebenstreit|gender=m)))
54941	Hebenstreits	0	(mention_id=8521|references=(entity=(entity_id=entity_0014|fullname=Lutz Hebenstreit|gender=m)))	(mention_id=8579|references=(entity=(entity_id=14|fullname=Lutz Hebenstreit|gender=m)))
54942	düstere	0		
54943	Prophezeiung	0		
54944	wieder	0		
54945	ein	0		
54946	,	0		
54947	mit	0		
54948	der	0		
54949	er	0	(mention_id=8522|references=(entity=(entity_id=entity_0014|fullname=Lutz Hebenstreit|gender=m)))	(mention_id=8580|references=(entity=(entity_id=14|fullname=Lutz Hebenstreit|gender=m)))
54950	also	0		
54951	doch	0		
54952	recht	0		
54953	behalten	0		
54954	sollte	0		
54955	,	0		
54956	denn	0		
54957	das	0		
54958	Unheil	0		
54959	war	0		
54960	ja	0		
54961	nun	0		
54962	eingetroffen	0		
54963	.	0		
54964	Hörig	0		
54965	und	0		
54966	leibeigen	0		
54967	!	0		
54968	hörig	0		
54969	und	0		
54970	leibeigen	0		
54971	!	0		
54972	das	0		
54973	ging	0		
54974	ihr	0	(mention_id=8523|references=(entity=(entity_id=entity_0002|fullname=Gontrud Hegewald|gender=f)))	(mention_id=8581|references=(entity=(entity_id=20|fullname=Trudi|gender=f)))
54975	beständig	0		
54976	im	0		
54977	Kopfe	0		
54978	hin	0		
54979	und	0		
54980	her	0		
54981	wie	0		
54982	das	0		
54983	ruhelose	0		
54984	Ticktack	0		
54985	des	0		
54986	Pendelschwunges	0		
54987	einer	0		
54988	Uhr	0		
54989	.	0		
54990	Und	0		
54991	mitten	0		
54992	in	0		
54993	diesen	0		
54994	Kampf	0		
54995	,	0		
54996	der	0		
54997	sie	0	(mention_id=8524|references=(entity=(entity_id=entity_0002|fullname=Gontrud Hegewald|gender=f)))	(mention_id=8582|references=(entity=(entity_id=20|fullname=Trudi|gender=f)))
54998	durchwogte	0		
54999	,	0		
55000	trat	0		
55001	nun	0		
55002	noch	0		
55003	die	0		
55004	folternde	0		
55005	Frage	0		
55006	:	0		
55007	was	0		
55008	wird	0		
55009	Franz	0	(mention_id=8525|references=(entity=(entity_id=entity_0009|fullname=Franz Gersbacher|gender=m)))	(mention_id=8583|references=(entity=(entity_id=7|fullname=Franz|gender=m)))
55010	tun	0		
55011	?	0		
55012	wird	0		
55013	er	0	(mention_id=8526|references=(entity=(entity_id=entity_0009|fullname=Franz Gersbacher|gender=m)))	(mention_id=8584|references=(entity=(entity_id=7|fullname=Franz|gender=m)))
55014	sich	0	(mention_id=8527|references=(entity=(entity_id=entity_0009|fullname=Franz Gersbacher|gender=m)))	(mention_id=8585|references=(entity=(entity_id=7|fullname=Franz|gender=m)))
55015	von	0		
55016	ihr	0	(mention_id=8528|references=(entity=(entity_id=entity_0002|fullname=Gontrud Hegewald|gender=f)))	(mention_id=8586|references=(entity=(entity_id=20|fullname=Trudi|gender=f)))
55017	lossagen	0		
55018	oder	0		
55019	an	0		
55020	ihr	0	(mention_id=8529|references=(entity=(entity_id=entity_0002|fullname=Gontrud Hegewald|gender=f)))	(mention_id=8587|references=(entity=(entity_id=20|fullname=Trudi|gender=f)))
55021	festhalten	0		
55022	?	0		
55023	Der	0		
55024	Entscheidung	0		
55025	hierüber	0		
55026	sah	0		
55027	sie	0	(mention_id=8530|references=(entity=(entity_id=entity_0002|fullname=Gontrud Hegewald|gender=f)))	(mention_id=8588|references=(entity=(entity_id=20|fullname=Trudi|gender=f)))
55028	wie	0		
55029	einem	0		
55030	Richterspruch	0		
55031	über	0		
55032	Leben	0		
55033	und	0		
55034	Tod	0		
55035	entgegen	0		
55036	.	0		
55037	–	0		
55038	Nachmittags	0		
55039	kam	0		
55040	Franz.	0		(mention_id=8589|references=(entity=(entity_id=7|fullname=Franz|gender=m)))
55041	Auf	0		
55042	dem	0		
55043	Hofe	0		
55044	begegnete	0		
55045	ihm	0	(mention_id=8531|references=(entity=(entity_id=entity_0009|fullname=Franz Gersbacher|gender=m)))	(mention_id=8590|references=(entity=(entity_id=7|fullname=Franz|gender=m)))
55046	der	0		
55047	Bürgermeister	0	(mention_id=8532|references=(entity=(entity_id=entity_0001|fullname=Christoph Armbruster|gender=m)))	(mention_id=8591|references=(entity=(entity_id=2|fullname=Christoph|gender=m)))
55048	,	0		
55049	den	0	(mention_id=8533|references=(entity=(entity_id=entity_0001|fullname=Christoph Armbruster|gender=m)))	(mention_id=8592|references=(entity=(entity_id=2|fullname=Christoph|gender=m)))
55050	er	0	(mention_id=8534|references=(entity=(entity_id=entity_0009|fullname=Franz Gersbacher|gender=m)))	(mention_id=8593|references=(entity=(entity_id=7|fullname=Franz|gender=m)))
55051	auszuforschen	0		
55052	suchte	0		
55053	:	0		
55054	»	0		
55055	Ist	0		
55056	etwas	0		
55057	vorgefallen	0		
55058	,	0		
55059	Onkel	0	(mention_id=8535|references=(entity=(entity_id=entity_0001|fullname=Christoph Armbruster|gender=m)))	(mention_id=8594|references=(entity=(entity_id=2|fullname=Christoph|gender=m)))
55060	?	0		
55061	Trudi	0	(mention_id=8536|references=(entity=(entity_id=entity_0002|fullname=Gontrud Hegewald|gender=f)))	(mention_id=8595|references=(entity=(entity_id=20|fullname=Trudi|gender=f)))
55062	will	0		
55063	mich	0	(mention_id=8537|references=(entity=(entity_id=entity_0009|fullname=Franz Gersbacher|gender=m)))	(mention_id=8596|references=(entity=(entity_id=7|fullname=Franz|gender=m)))
55064	sprechen	0		
55065	.	0		
55066	«	0		
55067	»	0		
55068	Trudi	0	(mention_id=8538|references=(entity=(entity_id=entity_0002|fullname=Gontrud Hegewald|gender=f)))	(mention_id=8597|references=(entity=(entity_id=20|fullname=Trudi|gender=f)))
55069	will	0		
55070	dich	0	(mention_id=8539|references=(entity=(entity_id=entity_0009|fullname=Franz Gersbacher|gender=m)))	(mention_id=8598|references=(entity=(entity_id=7|fullname=Franz|gender=m)))
55071	sprechen	0		
55072	?	0		
55073	wer	0		
55074	hat	0		
55075	dir	0	(mention_id=8540|references=(entity=(entity_id=entity_0009|fullname=Franz Gersbacher|gender=m)))	(mention_id=8599|references=(entity=(entity_id=7|fullname=Franz|gender=m)))
55076	das	0		
55077	zugetragen	0		
55078	?	0		
55079	«	0		
55080	»	0		
55081	Ammerie	0	(mention_id=8541|references=(entity=(entity_id=entity_0004|fullname=Ammerie Armbruster|gender=f)))	(mention_id=8600|references=(entity=(entity_id=1|fullname=Ammerie|gender=f)))
55082	.	0		
55083	«	0		
55084	»	0		
55085	Natürlich	0		
55086	,	0		
55087	Ammerie	0	(mention_id=8542|references=(entity=(entity_id=entity_0004|fullname=Ammerie Armbruster|gender=f)))	(mention_id=8601|references=(entity=(entity_id=1|fullname=Ammerie|gender=f)))
55088	!	0		
55089	«	0		
55090	lächelte	0		
55091	Christoph	0	(mention_id=8543|references=(entity=(entity_id=entity_0001|fullname=Christoph Armbruster|gender=m)))	(mention_id=8602|references=(entity=(entity_id=2|fullname=Christoph|gender=m)))
55092	und	0		
55093	sagte	0		
55094	ernst	0		
55095	hinzu	0		
55096	:	0		
55097	»	0		
55098	So	0		
55099	geh	0		
55100	nur	0		
55101	hinein	0		
55102	zu	0		
55103	Trudi	0	(mention_id=8544|references=(entity=(entity_id=entity_0002|fullname=Gontrud Hegewald|gender=f)))	(mention_id=8603|references=(entity=(entity_id=20|fullname=Trudi|gender=f)))
55104	.	0		
55105	Magst'	0		
55106	s	0		
55107	von	0		
55108	ihr	0	(mention_id=8545|references=(entity=(entity_id=entity_0002|fullname=Gontrud Hegewald|gender=f)))	(mention_id=8604|references=(entity=(entity_id=20|fullname=Trudi|gender=f)))
55109	selber	0		
55110	hören	0		
55111	,	0		
55112	was	0		
55113	sie	0	(mention_id=8546|references=(entity=(entity_id=entity_0002|fullname=Gontrud Hegewald|gender=f)))	(mention_id=8605|references=(entity=(entity_id=20|fullname=Trudi|gender=f)))
55114	dir	0	(mention_id=8547|references=(entity=(entity_id=entity_0009|fullname=Franz Gersbacher|gender=m)))	(mention_id=8606|references=(entity=(entity_id=7|fullname=Franz|gender=m)))
55115	mitzuteilen	0		
55116	hat	0		
55117	.	0		
55118	«	0		
55119	Er	0	(mention_id=8548|references=(entity=(entity_id=entity_0001|fullname=Christoph Armbruster|gender=m)))	(mention_id=8607|references=(entity=(entity_id=2|fullname=Christoph|gender=m)))
55120	weiß	0		
55121	noch	0		
55122	nichts	0		
55123	,	0		
55124	sagte	0		
55125	sich	0	(mention_id=8549|references=(entity=(entity_id=entity_0001|fullname=Christoph Armbruster|gender=m)))	(mention_id=8608|references=(entity=(entity_id=2|fullname=Christoph|gender=m)))
55126	Christoph	0	(mention_id=8550|references=(entity=(entity_id=entity_0001|fullname=Christoph Armbruster|gender=m)))	(mention_id=8609|references=(entity=(entity_id=2|fullname=Christoph|gender=m)))
55127	,	0		
55128	als	0		
55129	Franz	0	(mention_id=8551|references=(entity=(entity_id=entity_0009|fullname=Franz Gersbacher|gender=m)))	(mention_id=8610|references=(entity=(entity_id=7|fullname=Franz|gender=m)))
55130	ins	0		
55131	Haus	0		
55132	getreten	0		
55133	war	0		
55134	.	0		
55135	Das	0		
55136	wird	0		
55137	eine	0		
55138	traurige	0		
55139	Auseinandersetzung	0		
55140	werden	0		
55141	;	0		
55142	soll	0		
55143	mich	0	(mention_id=8552|references=(entity=(entity_id=entity_0001|fullname=Christoph Armbruster|gender=m)))	(mention_id=8611|references=(entity=(entity_id=2|fullname=Christoph|gender=m)))
55144	wundern	0		
55145	,	0		
55146	womit	0		
55147	sie	0		
55148	enden	0		
55149	wird	0		
55150	.	0		
55151	Ammerie	0	(mention_id=8553|references=(entity=(entity_id=entity_0004|fullname=Ammerie Armbruster|gender=f)))	(mention_id=8612|references=(entity=(entity_id=1|fullname=Ammerie|gender=f)))
55152	hatte	0		
55153	,	0		
55154	hinter	0		
55155	dem	0		
55156	Vorhang	0		
55157	eines	0		
55158	Fensters	0		
55159	versteckt	0		
55160	,	0		
55161	Franzens	0	(mention_id=8554|references=(entity=(entity_id=entity_0009|fullname=Franz Gersbacher|gender=m)))	(mention_id=8613|references=(entity=(entity_id=7|fullname=Franz|gender=m)))
55162	Ankunft	0		
55163	erlauert	0		
55164	,	0		
55165	und	0		
55166	eine	0		
55167	Gänsehaut	0		
55168	überlief	0		
55169	sie	0	(mention_id=8555|references=(entity=(entity_id=entity_0004|fullname=Ammerie Armbruster|gender=f)))	(mention_id=8614|references=(entity=(entity_id=1|fullname=Ammerie|gender=f)))
55170	,	0		
55171	als	0		
55172	sie	0	(mention_id=8556|references=(entity=(entity_id=entity_0004|fullname=Ammerie Armbruster|gender=f)))	(mention_id=8615|references=(entity=(entity_id=1|fullname=Ammerie|gender=f)))
55173	ihn	0	(mention_id=8557|references=(entity=(entity_id=entity_0009|fullname=Franz Gersbacher|gender=m)))	(mention_id=8616|references=(entity=(entity_id=7|fullname=Franz|gender=m)))
55174	im	0		
55175	Gespräch	0		
55176	mit	0		
55177	ihrem	0	(mention_id=8558|references=(entity=(entity_id=entity_0004|fullname=Ammerie Armbruster|gender=f)))	(mention_id=8617|references=(entity=(entity_id=1|fullname=Ammerie|gender=f)))
55178	Vater	0	(mention_id=8559|references=(entity=(entity_id=entity_0001|fullname=Christoph Armbruster|gender=m)))	(mention_id=8618|references=(entity=(entity_id=2|fullname=Christoph|gender=m)))
55179	sah	0		
55180	,	0		
55181	wobei	0		
55182	es	0		
55183	doch	0		
55184	herauskommen	0		
55185	mußte	0		
55186	,	0		
55187	daß	0		
55188	sie	0	(mention_id=8560|references=(entity=(entity_id=entity_0004|fullname=Ammerie Armbruster|gender=f)))	(mention_id=8619|references=(entity=(entity_id=1|fullname=Ammerie|gender=f)))
55189	ihn	0	(mention_id=8561|references=(entity=(entity_id=entity_0009|fullname=Franz Gersbacher|gender=m)))	(mention_id=8620|references=(entity=(entity_id=7|fullname=Franz|gender=m)))
55190	heimlich	0		
55191	und	0		
55192	ohne	0		
55193	Auftrag	0		
55194	hergelockt	0		
55195	hatte	0		
55196	.	0		
55197	Sie	0	(mention_id=8562|references=(entity=(entity_id=entity_0004|fullname=Ammerie Armbruster|gender=f)))	(mention_id=8621|references=(entity=(entity_id=1|fullname=Ammerie|gender=f)))
55198	hütete	0		
55199	sich	0	(mention_id=8563|references=(entity=(entity_id=entity_0004|fullname=Ammerie Armbruster|gender=f)))	(mention_id=8622|references=(entity=(entity_id=1|fullname=Ammerie|gender=f)))
55200	wohl	0		
55201	,	0		
55202	mit	0		
55203	ihm	0	(mention_id=8564|references=(entity=(entity_id=entity_0009|fullname=Franz Gersbacher|gender=m)))	(mention_id=8623|references=(entity=(entity_id=7|fullname=Franz|gender=m)))
55204	zu	0		
55205	Trudi	0	(mention_id=8565|references=(entity=(entity_id=entity_0002|fullname=Gontrud Hegewald|gender=f)))	(mention_id=8624|references=(entity=(entity_id=20|fullname=Trudi|gender=f)))
55206	ins	0		
55207	Zimmer	0		
55208	zu	0		
55209	gehen	0		
55210	und	0		
55211	wagte	0		
55212	auch	0		
55213	nicht	0		
55214	,	0		
55215	am	0		
55216	Schlüsselloch	0		
55217	zu	0		
55218	horchen	0		
55219	.	0		
55220	Aber	0		
55221	sie	0	(mention_id=8566|references=(entity=(entity_id=entity_0004|fullname=Ammerie Armbruster|gender=f)))	(mention_id=8625|references=(entity=(entity_id=1|fullname=Ammerie|gender=f)))
55222	bereute	0		
55223	ihren	0	(mention_id=8567|references=(entity=(entity_id=entity_0004|fullname=Ammerie Armbruster|gender=f)))	(mention_id=8626|references=(entity=(entity_id=1|fullname=Ammerie|gender=f)))
55224	Anschlag	0		
55225	nicht	0		
55226	,	0		
55227	denn	0		
55228	Trudi	0	(mention_id=8568|references=(entity=(entity_id=entity_0002|fullname=Gontrud Hegewald|gender=f)))	(mention_id=8627|references=(entity=(entity_id=20|fullname=Trudi|gender=f)))
55229	mußte	0		
55230	Klarheit	0		
55231	haben	0		
55232	,	0		
55233	und	0		
55234	die	0		
55235	konnte	0		
55236	ihr	0	(mention_id=8569|references=(entity=(entity_id=entity_0002|fullname=Gontrud Hegewald|gender=f)))	(mention_id=8628|references=(entity=(entity_id=20|fullname=Trudi|gender=f)))
55237	nach	0		
55238	Ammeries	0	(mention_id=8570|references=(entity=(entity_id=entity_0004|fullname=Ammerie Armbruster|gender=f)))	(mention_id=8629|references=(entity=(entity_id=1|fullname=Ammerie|gender=f)))
55239	heiligster	0		
55240	Überzeugung	0		
55241	niemand	0		
55242	so	0		
55243	schnell	0		
55244	und	0		
55245	sicher	0		
55246	wie	0		
55247	sie	0	(mention_id=8571|references=(entity=(entity_id=entity_0004|fullname=Ammerie Armbruster|gender=f)))	(mention_id=8630|references=(entity=(entity_id=1|fullname=Ammerie|gender=f)))
55248	verschaffen	0		
55249	,	0		
55250	indem	0		
55251	sie	0	(mention_id=8572|references=(entity=(entity_id=entity_0004|fullname=Ammerie Armbruster|gender=f)))	(mention_id=8631|references=(entity=(entity_id=1|fullname=Ammerie|gender=f)))
55252	ihr	0	(mention_id=8573|references=(entity=(entity_id=entity_0002|fullname=Gontrud Hegewald|gender=f)))	(mention_id=8632|references=(entity=(entity_id=20|fullname=Trudi|gender=f)))
55253	den	0		
55254	Franz	0	(mention_id=8574|references=(entity=(entity_id=entity_0009|fullname=Franz Gersbacher|gender=m)))	(mention_id=8633|references=(entity=(entity_id=7|fullname=Franz|gender=m)))
55255	zu	0		
55256	hochnotpeinlicher	0		
55257	Vernehmung	0		
55258	zur	0		
55259	Stelle	0		
55260	lieferte	0		
55261	.	0		
55262	Sie	0	(mention_id=8575|references=(entity=(entity_id=entity_0004|fullname=Ammerie Armbruster|gender=f)))	(mention_id=8634|references=(entity=(entity_id=1|fullname=Ammerie|gender=f)))
55263	war	0		
55264	also	0		
55265	sehr	0		
55266	zufrieden	0		
55267	mit	0		
55268	sich	0	(mention_id=8576|references=(entity=(entity_id=entity_0004|fullname=Ammerie Armbruster|gender=f)))	(mention_id=8635|references=(entity=(entity_id=1|fullname=Ammerie|gender=f)))
55269	und	0		
55270	tat	0		
55271	sich	0	(mention_id=8577|references=(entity=(entity_id=entity_0004|fullname=Ammerie Armbruster|gender=f)))	(mention_id=8636|references=(entity=(entity_id=1|fullname=Ammerie|gender=f)))
55272	auf	0		
55273	ihre	0	(mention_id=8578|references=(entity=(entity_id=entity_0004|fullname=Ammerie Armbruster|gender=f)))	(mention_id=8637|references=(entity=(entity_id=1|fullname=Ammerie|gender=f)))
55274	findige	0		
55275	Eingebung	0		
55276	und	0		
55277	rasche	0		
55278	Entschlossenheit	0		
55279	viel	0		
55280	zugute	0		
55281	.	0		
55282	Franz	0	(mention_id=8579|references=(entity=(entity_id=entity_0009|fullname=Franz Gersbacher|gender=m)))	(mention_id=8638|references=(entity=(entity_id=7|fullname=Franz|gender=m)))
55283	schien	0		
55284	die	0		
55285	Sache	0		
55286	nicht	0		
55287	recht	0		
55288	geheuer	0		
55289	.	0		
55290	Trudi	0	(mention_id=8580|references=(entity=(entity_id=entity_0002|fullname=Gontrud Hegewald|gender=f)))	(mention_id=8639|references=(entity=(entity_id=20|fullname=Trudi|gender=f)))
55291	mußte	0		
55292	ihm	0	(mention_id=8581|references=(entity=(entity_id=entity_0009|fullname=Franz Gersbacher|gender=m)))	(mention_id=8640|references=(entity=(entity_id=7|fullname=Franz|gender=m)))
55293	doch	0		
55294	etwas	0		
55295	Wichtiges	0		
55296	mitzuteilen	0		
55297	haben	0		
55298	,	0		
55299	worüber	0		
55300	Onkel	0	(mention_id=8582|references=(entity=(entity_id=entity_0001|fullname=Christoph Armbruster|gender=m)))	(mention_id=8641|references=(entity=(entity_id=2|fullname=Christoph|gender=m)))
55301	Christoph	0	(mention_id=8582|references=(entity=(entity_id=entity_0001|fullname=Christoph Armbruster|gender=m)))	(mention_id=8641|references=(entity=(entity_id=2|fullname=Christoph|gender=m)))
55302	nicht	0		
55303	mit	0		
55304	der	0		
55305	Sprache	0		
55306	heraus	0		
55307	gewollt	0		
55308	hatte	0		
55309	.	0		
55310	Beklommenen	0		
55311	Herzens	0		
55312	stieg	0		
55313	er	0	(mention_id=8583|references=(entity=(entity_id=entity_0009|fullname=Franz Gersbacher|gender=m)))	(mention_id=8642|references=(entity=(entity_id=7|fullname=Franz|gender=m)))
55314	die	0		
55315	Treppe	0		
55316	hinan	0		
55317	und	0		
55318	klopfte	0		
55319	an	0		
55320	die	0		
55321	ihm	0	(mention_id=8584|references=(entity=(entity_id=entity_0009|fullname=Franz Gersbacher|gender=m)))	(mention_id=8643|references=(entity=(entity_id=7|fullname=Franz|gender=m)))
55322	wohlbekannte	0		
55323	Zimmertür	0		
55324	der	0		
55325	beiden	0		
55326	Mädchen	0	(mention_id=8585|references=(entity=(entity_id=entity_0004|fullname=Ammerie Armbruster|gender=f)),(entity=(entity_id=entity_0002|fullname=Gontrud Hegewald|gender=f)))	(mention_id=8644|references=(entity=(entity_id=17|fullname=Mädchen|gender=f|specialcase_entity=group)))
55327	.	0		
55328	Trudis	0	(mention_id=8586|references=(entity=(entity_id=entity_0002|fullname=Gontrud Hegewald|gender=f)))	(mention_id=8645|references=(entity=(entity_id=20|fullname=Trudi|gender=f)))
55329	Stimme	0		
55330	war	0		
55331	es	0		
55332	,	0		
55333	die	0		
55334	ihn	0	(mention_id=8587|references=(entity=(entity_id=entity_0009|fullname=Franz Gersbacher|gender=m)))	(mention_id=8646|references=(entity=(entity_id=7|fullname=Franz|gender=m)))
55335	eintreten	0		
55336	hieß	0		
55337	.	0		
55338	Die	0		
55339	dort	0		
55340	einsam	0		
55341	Sitzende	0		(mention_id=8647|references=(entity=(entity_id=20|fullname=Trudi|gender=f)))
55342	fuhr	0		
55343	erschrocken	0		
55344	auf	0		
55345	,	0		
55346	als	0		
55347	sie	0	(mention_id=8588|references=(entity=(entity_id=entity_0002|fullname=Gontrud Hegewald|gender=f)))	(mention_id=8648|references=(entity=(entity_id=20|fullname=Trudi|gender=f)))
55348	ihn	0	(mention_id=8589|references=(entity=(entity_id=entity_0009|fullname=Franz Gersbacher|gender=m)))	(mention_id=8649|references=(entity=(entity_id=7|fullname=Franz|gender=m)))
55349	so	0		
55350	völlig	0		
55351	überraschend	0		
55352	vor	0		
55353	sich	0	(mention_id=8590|references=(entity=(entity_id=entity_0002|fullname=Gontrud Hegewald|gender=f)))	(mention_id=8650|references=(entity=(entity_id=7|fullname=Franz|gender=m)))
55354	sah	0		
55355	.	0		
55356	Zögernden	0		
55357	Schrittes	0		
55358	kam	0		
55359	sie	0	(mention_id=8591|references=(entity=(entity_id=entity_0002|fullname=Gontrud Hegewald|gender=f)))	(mention_id=8651|references=(entity=(entity_id=20|fullname=Trudi|gender=f)))
55360	ihm	0	(mention_id=8592|references=(entity=(entity_id=entity_0009|fullname=Franz Gersbacher|gender=m)))	(mention_id=8652|references=(entity=(entity_id=7|fullname=Franz|gender=m)))
55361	entgegen	0		
55362	und	0		
55363	suchte	0		
55364	in	0		
55365	seinen	0	(mention_id=8593|references=(entity=(entity_id=entity_0009|fullname=Franz Gersbacher|gender=m)))	(mention_id=8653|references=(entity=(entity_id=7|fullname=Franz|gender=m)))
55366	Augen	0		
55367	zu	0		
55368	lesen	0		
55369	,	0		
55370	was	0		
55371	ihn	0	(mention_id=8594|references=(entity=(entity_id=entity_0009|fullname=Franz Gersbacher|gender=m)))	(mention_id=8654|references=(entity=(entity_id=7|fullname=Franz|gender=m)))
55372	hergeführt	0		
55373	haben	0		
55374	möchte	0		
55375	.	0		
55376	Ebenso	0		
55377	wie	0		
55378	er	0	(mention_id=8595|references=(entity=(entity_id=entity_0009|fullname=Franz Gersbacher|gender=m)))	(mention_id=8655|references=(entity=(entity_id=7|fullname=Franz|gender=m)))
55379	war	0		
55380	sie	0	(mention_id=8596|references=(entity=(entity_id=entity_0002|fullname=Gontrud Hegewald|gender=f)))	(mention_id=8656|references=(entity=(entity_id=20|fullname=Trudi|gender=f)))
55381	auf	0		
55382	eine	0		
55383	trübselige	0		
55384	Nachricht	0		
55385	gefaßt	0		
55386	.	0		
55387	Er	0	(mention_id=8597|references=(entity=(entity_id=entity_0009|fullname=Franz Gersbacher|gender=m)))	(mention_id=8657|references=(entity=(entity_id=7|fullname=Franz|gender=m)))
55388	umfing	0		
55389	sie	0	(mention_id=8598|references=(entity=(entity_id=entity_0002|fullname=Gontrud Hegewald|gender=f)))	(mention_id=8658|references=(entity=(entity_id=20|fullname=Trudi|gender=f)))
55390	traut	0		
55391	und	0		
55392	innig	0		
55393	und	0		
55394	begann	0		
55395	:	0		
55396	»	0		
55397	Du	0	(mention_id=8599|references=(entity=(entity_id=entity_0002|fullname=Gontrud Hegewald|gender=f)))	(mention_id=8659|references=(entity=(entity_id=20|fullname=Trudi|gender=f)))
55398	wünschtest	0		
55399	mich	0	(mention_id=8600|references=(entity=(entity_id=entity_0009|fullname=Franz Gersbacher|gender=m)))	(mention_id=8660|references=(entity=(entity_id=7|fullname=Franz|gender=m)))
55400	zu	0		
55401	sprechen	0		
55402	,	0		
55403	Liebste	0	(mention_id=8601|references=(entity=(entity_id=entity_0002|fullname=Gontrud Hegewald|gender=f)))	(mention_id=8661|references=(entity=(entity_id=20|fullname=Trudi|gender=f)))
55404	?	0		
55405	«	0		
55406	»	0		
55407	Das	0		
55408	zwar	0		
55409	nicht	0		
55410	,	0		
55411	«	0		
55412	erwiderte	0		
55413	sie	0	(mention_id=8602|references=(entity=(entity_id=entity_0002|fullname=Gontrud Hegewald|gender=f)))	(mention_id=8662|references=(entity=(entity_id=20|fullname=Trudi|gender=f)))
55414	,	0		
55415	den	0		
55416	Zusammenhang	0		
55417	sofort	0		
55418	erratend	0		
55419	,	0		
55420	»	0		
55421	aber	0		
55422	ich	0	(mention_id=8603|references=(entity=(entity_id=entity_0002|fullname=Gontrud Hegewald|gender=f)))	(mention_id=8663|references=(entity=(entity_id=20|fullname=Trudi|gender=f)))
55423	freue	0		
55424	mich	0	(mention_id=8604|references=(entity=(entity_id=entity_0002|fullname=Gontrud Hegewald|gender=f)))	(mention_id=8664|references=(entity=(entity_id=20|fullname=Trudi|gender=f)))
55425	,	0		
55426	daß	0		
55427	du	0	(mention_id=8605|references=(entity=(entity_id=entity_0009|fullname=Franz Gersbacher|gender=m)))	(mention_id=8665|references=(entity=(entity_id=7|fullname=Franz|gender=m)))
55428	gekommen	0		
55429	bist	0		
55430	,	0		
55431	denn	0		
55432	ich	0	(mention_id=8606|references=(entity=(entity_id=entity_0002|fullname=Gontrud Hegewald|gender=f)))	(mention_id=8666|references=(entity=(entity_id=20|fullname=Trudi|gender=f)))
55433	habe	0		
55434	allerdings	0		
55435	mit	0		
55436	dir	0	(mention_id=8607|references=(entity=(entity_id=entity_0009|fullname=Franz Gersbacher|gender=m)))	(mention_id=8667|references=(entity=(entity_id=7|fullname=Franz|gender=m)))
55437	zu	0		
55438	reden	0		
55439	.	0		
55440	Bitte	0		
55441	,	0		
55442	nimm	0		
55443	Platz	0		
55444	.	0		
55445	«	0		
55446	Als	0		
55447	beide	0	(mention_id=8608|references=(entity=(entity_id=entity_0009|fullname=Franz Gersbacher|gender=m)),(entity=(entity_id=entity_0002|fullname=Gontrud Hegewald|gender=f)))	(mention_id=8668|references=(entity=(entity_id=7|fullname=Franz|gender=m)),(entity=(entity_id=20|fullname=Trudi|gender=f)))
55448	saßen	0		
55449	,	0		
55450	offenbarte	0		
55451	Trudi	0	(mention_id=8609|references=(entity=(entity_id=entity_0002|fullname=Gontrud Hegewald|gender=f)))	(mention_id=8669|references=(entity=(entity_id=20|fullname=Trudi|gender=f)))
55452	dem	0		
55453	Geliebten	0	(mention_id=8610|references=(entity=(entity_id=entity_0009|fullname=Franz Gersbacher|gender=m)))	(mention_id=8670|references=(entity=(entity_id=7|fullname=Franz|gender=m)))
55454	,	0		
55455	nicht	0		
55456	mit	0		
55457	Seelenruhe	0		
55458	,	0		
55459	aber	0		
55460	doch	0		
55461	mit	0		
55462	Seelenstärke	0		
55463	,	0		
55464	das	0		
55465	sie	0	(mention_id=8611|references=(entity=(entity_id=entity_0002|fullname=Gontrud Hegewald|gender=f)))	(mention_id=8671|references=(entity=(entity_id=20|fullname=Trudi|gender=f)))
55466	unentrinnbar	0		
55467	treffende	0		
55468	Los	0		
55469	,	0		
55470	hörig	0		
55471	und	0		
55472	leibeigen	0		
55473	werden	0		
55474	zu	0		
55475	müssen	0		
55476	.	0		
55477	Franz	0	(mention_id=8612|references=(entity=(entity_id=entity_0009|fullname=Franz Gersbacher|gender=m)))	(mention_id=8672|references=(entity=(entity_id=7|fullname=Franz|gender=m)))
55478	hatte	0		
55479	von	0		
55480	einem	0		
55481	Wildfangrechte	0		
55482	noch	0		
55483	niemals	0		
55484	etwas	0		
55485	gehört	0		
55486	,	0		
55487	wollte	0		
55488	Trudi	0	(mention_id=8613|references=(entity=(entity_id=entity_0002|fullname=Gontrud Hegewald|gender=f)))	(mention_id=8673|references=(entity=(entity_id=20|fullname=Trudi|gender=f)))
55489	kaum	0		
55490	Glauben	0		
55491	schenken	0		
55492	und	0		
55493	war	0		
55494	geneigt	0		
55495	,	0		
55496	das	0		
55497	alles	0		
55498	für	0		
55499	einen	0		
55500	unbegreiflichen	0		
55501	Irrtum	0		
55502	zu	0		
55503	halten	0		
55504	.	0		
55505	Fragen	0		
55506	auf	0		
55507	Fragen	0		
55508	stellte	0		
55509	er	0	(mention_id=8614|references=(entity=(entity_id=entity_0009|fullname=Franz Gersbacher|gender=m)))	(mention_id=8674|references=(entity=(entity_id=7|fullname=Franz|gender=m)))
55510	an	0		
55511	sie	0	(mention_id=8615|references=(entity=(entity_id=entity_0002|fullname=Gontrud Hegewald|gender=f)))	(mention_id=8675|references=(entity=(entity_id=20|fullname=Trudi|gender=f)))
55512	,	0		
55513	aber	0		
55514	ihre	0	(mention_id=8616|references=(entity=(entity_id=entity_0002|fullname=Gontrud Hegewald|gender=f)))	(mention_id=8676|references=(entity=(entity_id=20|fullname=Trudi|gender=f)))
55515	Antworten	0		
55516	liefen	0		
55517	immer	0		
55518	auf	0		
55519	das	0		
55520	gleiche	0		
55521	hinaus	0		
55522	:	0		
55523	es	0		
55524	ist	0		
55525	so	0		
55526	,	0		
55527	und	0		
55528	nichts	0		
55529	ist	0		
55530	daran	0		
55531	zu	0		
55532	ändern	0		
55533	.	0		
55534	Da	0		
55535	stand	0		
55536	er	0	(mention_id=8617|references=(entity=(entity_id=entity_0009|fullname=Franz Gersbacher|gender=m)))	(mention_id=8677|references=(entity=(entity_id=7|fullname=Franz|gender=m)))
55537	auf	0		
55538	.	0		
55539	Langsam	0		
55540	und	0		
55541	bestimmt	0		
55542	wie	0		
55543	einer	0	(mention_id=8618|references=(entity=(entity_id=entity_0009|fullname=Franz Gersbacher|gender=m)))	(mention_id=8678|references=(entity=(entity_id=7|fullname=Franz|gender=m)))
55544	,	0		
55545	der	0	(mention_id=8619|references=(entity=(entity_id=entity_0009|fullname=Franz Gersbacher|gender=m)))	(mention_id=8679|references=(entity=(entity_id=7|fullname=Franz|gender=m)))
55546	weiß	0		
55547	,	0		
55548	was	0		
55549	er	0	(mention_id=8620|references=(entity=(entity_id=entity_0009|fullname=Franz Gersbacher|gender=m)))	(mention_id=8680|references=(entity=(entity_id=7|fullname=Franz|gender=m)))
55550	will	0		
55551	,	0		
55552	und	0		
55553	seinen	0	(mention_id=8621|references=(entity=(entity_id=entity_0009|fullname=Franz Gersbacher|gender=m)))	(mention_id=8681|references=(entity=(entity_id=7|fullname=Franz|gender=m)))
55554	Entschluß	0		
55555	gefaßt	0		
55556	hat	0		
55557	,	0		
55558	sprach	0		
55559	er	0	(mention_id=8622|references=(entity=(entity_id=entity_0009|fullname=Franz Gersbacher|gender=m)))	(mention_id=8682|references=(entity=(entity_id=7|fullname=Franz|gender=m)))
55560	:	0		
55561	»	0		
55562	Wenn	0		
55563	dem	0		
55564	so	0		
55565	ist	0		
55566	,	0		
55567	so	0		
55568	zieh	0		
55569	ich	0	(mention_id=8623|references=(entity=(entity_id=entity_0009|fullname=Franz Gersbacher|gender=m)))	(mention_id=8683|references=(entity=(entity_id=7|fullname=Franz|gender=m)))
55570	mit	0		
55571	dir	0	(mention_id=8624|references=(entity=(entity_id=entity_0002|fullname=Gontrud Hegewald|gender=f)))	(mention_id=8684|references=(entity=(entity_id=20|fullname=Trudi|gender=f)))
55572	fort	0		
55573	,	0		
55574	in	0		
55575	ein	0		
55576	anderes	0		
55577	Land	0		
55578	,	0		
55579	wo	0		
55580	dieses	0		
55581	verwünschte	0		
55582	Recht	0		
55583	keine	0		
55584	Geltung	0		
55585	hat	0		
55586	.	0		
55587	«	0		
55588	Auch	0		
55589	Trudi	0	(mention_id=8625|references=(entity=(entity_id=entity_0002|fullname=Gontrud Hegewald|gender=f)))	(mention_id=8685|references=(entity=(entity_id=20|fullname=Trudi|gender=f)))
55590	erhob	0		
55591	sich	0	(mention_id=8626|references=(entity=(entity_id=entity_0002|fullname=Gontrud Hegewald|gender=f)))	(mention_id=8686|references=(entity=(entity_id=20|fullname=Trudi|gender=f)))
55592	.	0		
55593	Ein	0		
55594	traumhaft	0		
55595	seliges	0		
55596	Gefühl	0		
55597	durchrieselte	0		
55598	sie	0	(mention_id=8627|references=(entity=(entity_id=entity_0002|fullname=Gontrud Hegewald|gender=f)))	(mention_id=8687|references=(entity=(entity_id=20|fullname=Trudi|gender=f)))
55599	.	0		
55600	Er	0	(mention_id=8628|references=(entity=(entity_id=entity_0009|fullname=Franz Gersbacher|gender=m)))	(mention_id=8688|references=(entity=(entity_id=7|fullname=Franz|gender=m)))
55601	wollte	0		
55602	fortziehen	0		
55603	mit	0		
55604	ihr	0	(mention_id=8629|references=(entity=(entity_id=entity_0002|fullname=Gontrud Hegewald|gender=f)))	(mention_id=8689|references=(entity=(entity_id=20|fullname=Trudi|gender=f)))
55605	,	0		
55606	mit	0		
55607	ihr	0	(mention_id=8630|references=(entity=(entity_id=entity_0002|fullname=Gontrud Hegewald|gender=f)))	(mention_id=8690|references=(entity=(entity_id=20|fullname=Trudi|gender=f)))
55608	!	0		
55609	Dennoch	0		
55610	sagte	0		
55611	sie	0	(mention_id=8631|references=(entity=(entity_id=entity_0002|fullname=Gontrud Hegewald|gender=f)))	(mention_id=8691|references=(entity=(entity_id=20|fullname=Trudi|gender=f)))
55612	unsicher	0		
55613	noch	0		
55614	und	0		
55615	schüchtern	0		
55616	:	0		
55617	»	0		
55618	Du	0	(mention_id=8632|references=(entity=(entity_id=entity_0002|fullname=Gontrud Hegewald|gender=f)))	(mention_id=8692|references=(entity=(entity_id=7|fullname=Franz|gender=m)))
55619	kannst	0		
55620	doch	0		
55621	um	0		
55622	meinetwillen	0		(mention_id=8693|references=(entity=(entity_id=20|fullname=Trudi|gender=f)))
55623	nicht	0		
55624	Heimat	0		
55625	,	0		
55626	Eltern	0	(mention_id=8633|references=(entity=(entity_id=entity_0011|fullname=Agnete Gersbacher|gender=f)))(mention_id=8634|references=(entity=(entity_id=entity_0012|fullname=Florian Gersbacher|gender=m)))	(mention_id=8694|references=(entity=(entity_id=8|fullname=Franzens Eltern|gender=mf|specialcase_entity=group)))
55627	,	0	(mention_id=8634|references=(entity=(entity_id=entity_0012|fullname=Florian Gersbacher|gender=m)))	
55628	Haus	0		
55629	und	0		
55630	Hof	0		
55631	verlassen	0		
55632	.	0		
55633	«	0		
55634	»	0		
55635	Alles	0		
55636	in	0		
55637	der	0		
55638	Welt	0		
55639	verlaß	0		
55640	ich	0	(mention_id=8635|references=(entity=(entity_id=entity_0009|fullname=Franz Gersbacher|gender=m)))	(mention_id=8695|references=(entity=(entity_id=7|fullname=Franz|gender=m)))
55641	um	0		
55642	deinetwillen	0		(mention_id=8696|references=(entity=(entity_id=20|fullname=Trudi|gender=f)))
55643	,	0		
55644	nur	0		
55645	dich	0	(mention_id=8636|references=(entity=(entity_id=entity_0002|fullname=Gontrud Hegewald|gender=f)))	(mention_id=8697|references=(entity=(entity_id=20|fullname=Trudi|gender=f)))
55646	selber	0		
55647	nicht	0		
55648	!	0		
55649	«	0		
55650	rief	0		
55651	er	0	(mention_id=8637|references=(entity=(entity_id=entity_0009|fullname=Franz Gersbacher|gender=m)))	(mention_id=8698|references=(entity=(entity_id=7|fullname=Franz|gender=m)))
55652	und	0		
55653	umschlang	0		
55654	die	0		
55655	Geliebte	0	(mention_id=8638|references=(entity=(entity_id=entity_0002|fullname=Gontrud Hegewald|gender=f)))	(mention_id=8699|references=(entity=(entity_id=20|fullname=Trudi|gender=f)))
55656	so	0		
55657	fest	0		
55658	,	0		
55659	als	0		
55660	wäre	0		
55661	schon	0		
55662	jemand	0	(mention_id=8639|references=(entity=(entity_id=generic_0302|fullname=generic_0092|gender=u|specialcase_entity=generic)))	
55663	da	0		
55664	,	0		
55665	der	0	(mention_id=8640|references=(entity=(entity_id=generic_0303|fullname=generic_0093|gender=u|specialcase_entity=generic)))	(mention_id=8700|references=(entity=(entity_id=27|fullname=jemand|gender=u|specialcase_entity=nonfact)))
55666	sie	0	(mention_id=8641|references=(entity=(entity_id=entity_0002|fullname=Gontrud Hegewald|gender=f)))	(mention_id=8701|references=(entity=(entity_id=20|fullname=Trudi|gender=f)))
55667	ihm	0	(mention_id=8642|references=(entity=(entity_id=entity_0009|fullname=Franz Gersbacher|gender=m)))	(mention_id=8702|references=(entity=(entity_id=7|fullname=Franz|gender=m)))
55668	entreißen	0		
55669	wollte	0		
55670	.	0		
55671	»	0		
55672	Franz	0	(mention_id=8643|references=(entity=(entity_id=entity_0009|fullname=Franz Gersbacher|gender=m)))	(mention_id=8703|references=(entity=(entity_id=7|fullname=Franz|gender=m)))
55673	,	0		
55674	mein	0	(mention_id=8644|references=(entity=(entity_id=entity_0002|fullname=Gontrud Hegewald|gender=f)))	(mention_id=8704|references=(entity=(entity_id=20|fullname=Trudi|gender=f)))
55675	Franz	0	(mention_id=8645|references=(entity=(entity_id=entity_0009|fullname=Franz Gersbacher|gender=m)))	(mention_id=8705|references=(entity=(entity_id=7|fullname=Franz|gender=m)))
55676	!	0		
55677	das	0		
55678	ist	0		
55679	mir	0	(mention_id=8646|references=(entity=(entity_id=entity_0002|fullname=Gontrud Hegewald|gender=f)))	(mention_id=8706|references=(entity=(entity_id=20|fullname=Trudi|gender=f)))
55680	Himmelsbotschaft	0		
55681	!	0		
55682	«	0		
55683	jubelte	0		
55684	sie	0	(mention_id=8647|references=(entity=(entity_id=entity_0002|fullname=Gontrud Hegewald|gender=f)))	(mention_id=8707|references=(entity=(entity_id=20|fullname=Trudi|gender=f)))
55685	mit	0		
55686	strahlenden	0		
55687	Augen	0		
55688	.	0		
55689	»	0		
55690	Aber	0		
55691	Franz	0	(mention_id=8648|references=(entity=(entity_id=entity_0009|fullname=Franz Gersbacher|gender=m)))	(mention_id=8708|references=(entity=(entity_id=7|fullname=Franz|gender=m)))
55692	,	0		
55693	besinne	0		
55694	dich	0	(mention_id=8649|references=(entity=(entity_id=entity_0009|fullname=Franz Gersbacher|gender=m)))	(mention_id=8709|references=(entity=(entity_id=7|fullname=Franz|gender=m)))
55695	doch	0		
55696	:	0		
55697	warum	0		
55698	denn	0		
55699	fortgehen	0		
55700	?	0		
55701	wir	0	(mention_id=8650|references=(entity=(entity_id=entity_0009|fullname=Franz Gersbacher|gender=m)),(entity=(entity_id=entity_0002|fullname=Gontrud Hegewald|gender=f)))	(mention_id=8710|references=(entity=(entity_id=7|fullname=Franz|gender=m)),(entity=(entity_id=20|fullname=Trudi|gender=f)))
55702	können	0		
55703	ja	0		
55704	auch	0		
55705	hier	0		
55706	bleiben	0		
55707	;	0		
55708	meine	0	(mention_id=8651|references=(entity=(entity_id=entity_0002|fullname=Gontrud Hegewald|gender=f)))	(mention_id=8711|references=(entity=(entity_id=20|fullname=Trudi|gender=f)))
55709	Hörigkeit	0		(mention_id=8712|references=(entity=(entity_id=20|fullname=Trudi|gender=f)))
55710	hat	0		
55711	nicht	0		
55712	viel	0		
55713	auf	0		
55714	sich	0		
55715	und	0		
55716	soll	0		
55717	uns	0	(mention_id=8652|references=(entity=(entity_id=entity_0009|fullname=Franz Gersbacher|gender=m)),(entity=(entity_id=entity_0002|fullname=Gontrud Hegewald|gender=f)))	(mention_id=8713|references=(entity=(entity_id=7|fullname=Franz|gender=m)),(entity=(entity_id=20|fullname=Trudi|gender=f)))
55718	nicht	0		
55719	hindern	0		
55720	,	0		
55721	uns	0	(mention_id=8653|references=(entity=(entity_id=entity_0009|fullname=Franz Gersbacher|gender=m)),(entity=(entity_id=entity_0002|fullname=Gontrud Hegewald|gender=f)))	(mention_id=8714|references=(entity=(entity_id=7|fullname=Franz|gender=m)),(entity=(entity_id=20|fullname=Trudi|gender=f)))
55722	lieb	0		
55723	zu	0		
55724	haben	0		
55725	und	0		
55726	miteinander	0		
55727	glücklich	0		
55728	zu	0		
55729	sein	0		
55730	.	0		
55731	«	0		
55732	Er	0	(mention_id=8654|references=(entity=(entity_id=entity_0009|fullname=Franz Gersbacher|gender=m)))	(mention_id=8715|references=(entity=(entity_id=7|fullname=Franz|gender=m)))
55733	machte	0		
55734	sich	0	(mention_id=8655|references=(entity=(entity_id=entity_0009|fullname=Franz Gersbacher|gender=m)))	(mention_id=8716|references=(entity=(entity_id=7|fullname=Franz|gender=m)))
55735	von	0		
55736	ihr	0	(mention_id=8656|references=(entity=(entity_id=entity_0002|fullname=Gontrud Hegewald|gender=f)))	(mention_id=8717|references=(entity=(entity_id=20|fullname=Trudi|gender=f)))
55737	los	0		
55738	,	0		
55739	trat	0		
55740	einen	0		
55741	Schritt	0		
55742	zurück	0		
55743	und	0		
55744	sprach	0		
55745	mit	0		
55746	dumpfem	0		
55747	Ton	0		
55748	,	0		
55749	der	0		
55750	ihm	0	(mention_id=8657|references=(entity=(entity_id=entity_0009|fullname=Franz Gersbacher|gender=m)))	(mention_id=8718|references=(entity=(entity_id=7|fullname=Franz|gender=m)))
55751	aus	0		
55752	schwerem	0		
55753	Herzen	0		
55754	kam	0		
55755	:	0		
55756	»	0		
55757	Hier	0		
55758	bleiben	0		
55759	können	0		
55760	wir	0	(mention_id=8658|references=(entity=(entity_id=entity_0009|fullname=Franz Gersbacher|gender=m)),(entity=(entity_id=entity_0002|fullname=Gontrud Hegewald|gender=f)))	(mention_id=8719|references=(entity=(entity_id=7|fullname=Franz|gender=m)),(entity=(entity_id=20|fullname=Trudi|gender=f)))
55761	nicht	0		
55762	;	0		
55763	mein	0	(mention_id=8659|references=(entity=(entity_id=entity_0009|fullname=Franz Gersbacher|gender=m)))	(mention_id=8720|references=(entity=(entity_id=7|fullname=Franz|gender=m)))
55764	Vater	0	(mention_id=8660|references=(entity=(entity_id=entity_0012|fullname=Florian Gersbacher|gender=m)))	(mention_id=8721|references=(entity=(entity_id=6|fullname=Florian Gersbacher|gender=m)))
55765	duldet	0		
55766	keine	0		
55767	Hörige	0	(mention_id=8661|references=(entity=(entity_id=entity_0002|fullname=Gontrud Hegewald|gender=f)))	(mention_id=8722|references=(entity=(entity_id=20|fullname=Trudi|gender=f)))
55768	auf	0		
55769	dem	0		
55770	Gersbacherhofe	0		
55771	.	0		
55772	«	0		
55773	Trudi	0	(mention_id=8662|references=(entity=(entity_id=entity_0002|fullname=Gontrud Hegewald|gender=f)))	(mention_id=8723|references=(entity=(entity_id=20|fullname=Trudi|gender=f)))
55774	erbebte	0		
55775	;	0		
55776	die	0		
55777	Arme	0		
55778	hingen	0		
55779	ihr	0	(mention_id=8663|references=(entity=(entity_id=entity_0002|fullname=Gontrud Hegewald|gender=f)))	(mention_id=8724|references=(entity=(entity_id=20|fullname=Trudi|gender=f)))
55780	schlaff	0		
55781	am	0		
55782	Leibe	0		
55783	nieder	0		
55784	,	0		
55785	und	0		
55786	wie	0		
55787	gelähmt	0		
55788	flüsterte	0		
55789	sie	0	(mention_id=8664|references=(entity=(entity_id=entity_0002|fullname=Gontrud Hegewald|gender=f)))	(mention_id=8725|references=(entity=(entity_id=20|fullname=Trudi|gender=f)))
55790	:	0		
55791	»	0		
55792	Ich	0	(mention_id=8665|references=(entity=(entity_id=entity_0002|fullname=Gontrud Hegewald|gender=f)))	(mention_id=8726|references=(entity=(entity_id=20|fullname=Trudi|gender=f)))
55793	hab's	0		
55794	ihnen	0	(mention_id=8666|references=(entity=(entity_id=entity_0001|fullname=Christoph Armbruster|gender=m)),(entity=(entity_id=entity_0003|fullname=Magdalene Armbruster|gender=f)))	(mention_id=8727|references=(entity=(entity_id=8|fullname=Franzens Eltern|gender=mf|specialcase_entity=group)))
55795	doch	0		
55796	vorausgesagt	0		
55797	.	0		
55798	Wir	0	(mention_id=8667|references=(entity=(entity_id=entity_0009|fullname=Franz Gersbacher|gender=m)),(entity=(entity_id=entity_0002|fullname=Gontrud Hegewald|gender=f)))	(mention_id=8728|references=(entity=(entity_id=7|fullname=Franz|gender=m)),(entity=(entity_id=20|fullname=Trudi|gender=f)))
55799	müssen	0		
55800	scheiden	0		
55801	,	0		
55802	Franz	0	(mention_id=8668|references=(entity=(entity_id=entity_0009|fullname=Franz Gersbacher|gender=m)))	(mention_id=8729|references=(entity=(entity_id=7|fullname=Franz|gender=m)))
55803	!	0		
55804	scheiden	0		
55805	für	0		
55806	immer	0		
55807	.	0		
55808	«	0		
55809	Stolz	0		
55810	hob	0		
55811	er	0	(mention_id=8669|references=(entity=(entity_id=entity_0009|fullname=Franz Gersbacher|gender=m)))	(mention_id=8730|references=(entity=(entity_id=7|fullname=Franz|gender=m)))
55812	den	0		
55813	Kopf	0		
55814	.	0		
55815	»	0		
55816	Scheiden	0		
55817	?	0		
55818	wer	0		
55819	spricht	0		
55820	von	0		
55821	Scheiden	0		
55822	?	0		
55823	Wir	0	(mention_id=8670|references=(entity=(entity_id=entity_0009|fullname=Franz Gersbacher|gender=m)),(entity=(entity_id=entity_0002|fullname=Gontrud Hegewald|gender=f)))	(mention_id=8731|references=(entity=(entity_id=7|fullname=Franz|gender=m)),(entity=(entity_id=20|fullname=Trudi|gender=f)))
55824	bleiben	0		
55825	zusammen	0		
55826	,	0		
55827	hier	0		
55828	oder	0		
55829	dort	0		
55830	,	0		
55831	wo	0		
55832	es	0		
55833	auch	0		
55834	sei	0		
55835	.	0		
55836	Können	0		
55837	wir	0	(mention_id=8671|references=(entity=(entity_id=entity_0009|fullname=Franz Gersbacher|gender=m)),(entity=(entity_id=entity_0002|fullname=Gontrud Hegewald|gender=f)))	(mention_id=8732|references=(entity=(entity_id=7|fullname=Franz|gender=m)),(entity=(entity_id=20|fullname=Trudi|gender=f)))
55838	uns	0	(mention_id=8672|references=(entity=(entity_id=entity_0009|fullname=Franz Gersbacher|gender=m)),(entity=(entity_id=entity_0002|fullname=Gontrud Hegewald|gender=f)))	(mention_id=8733|references=(entity=(entity_id=7|fullname=Franz|gender=m)),(entity=(entity_id=20|fullname=Trudi|gender=f)))
55839	in	0		
55840	Wachenheim	0		
55841	den	0		
55842	Herd	0		
55843	nicht	0		
55844	bauen	0		
55845	,	0		
55846	so	0		
55847	gibt's	0		
55848	auch	0		
55849	anderswo	0		
55850	Steine	0		
55851	,	0		
55852	und	0		
55853	Stroh	0		
55854	zum	0		
55855	Dache	0		
55856	finden	0		
55857	wir	0	(mention_id=8673|references=(entity=(entity_id=entity_0009|fullname=Franz Gersbacher|gender=m)),(entity=(entity_id=entity_0002|fullname=Gontrud Hegewald|gender=f)))	(mention_id=8734|references=(entity=(entity_id=7|fullname=Franz|gender=m)),(entity=(entity_id=20|fullname=Trudi|gender=f)))
55858	überall	0		
55859	.	0		
55860	Wir	0	(mention_id=8674|references=(entity=(entity_id=entity_0009|fullname=Franz Gersbacher|gender=m)),(entity=(entity_id=entity_0002|fullname=Gontrud Hegewald|gender=f)))	(mention_id=8735|references=(entity=(entity_id=7|fullname=Franz|gender=m)),(entity=(entity_id=20|fullname=Trudi|gender=f)))
55861	haben	0		
55862	ja	0		
55863	jeder	0	(mention_id=8675|references=(entity=(entity_id=entity_0009|fullname=Franz Gersbacher|gender=m)),(entity=(entity_id=entity_0002|fullname=Gontrud Hegewald|gender=f)))	
55864	ein	0		
55865	Paar	0		
55866	gesunde	0		
55867	Arme	0		
55868	;	0		
55869	nicht	0		
55870	wahr	0		
55871	,	0		
55872	mein	0	(mention_id=8676|references=(entity=(entity_id=entity_0009|fullname=Franz Gersbacher|gender=m)))	(mention_id=8736|references=(entity=(entity_id=7|fullname=Franz|gender=m)))
55873	Herzenslieb	0	(mention_id=8677|references=(entity=(entity_id=entity_0002|fullname=Gontrud Hegewald|gender=f)))	(mention_id=8737|references=(entity=(entity_id=20|fullname=Trudi|gender=f)))
55874	?	0		
55875	«	0		
55876	Sie	0	(mention_id=8678|references=(entity=(entity_id=entity_0002|fullname=Gontrud Hegewald|gender=f)))	(mention_id=8738|references=(entity=(entity_id=20|fullname=Trudi|gender=f)))
55877	drückte	0		
55878	ihm	0	(mention_id=8679|references=(entity=(entity_id=entity_0009|fullname=Franz Gersbacher|gender=m)))	(mention_id=8739|references=(entity=(entity_id=7|fullname=Franz|gender=m)))
55879	die	0		
55880	Hand	0		
55881	,	0		
55882	daß	0		
55883	er	0	(mention_id=8680|references=(entity=(entity_id=entity_0009|fullname=Franz Gersbacher|gender=m)))	(mention_id=8740|references=(entity=(entity_id=7|fullname=Franz|gender=m)))
55884	ihre	0	(mention_id=8681|references=(entity=(entity_id=entity_0002|fullname=Gontrud Hegewald|gender=f)))	(mention_id=8741|references=(entity=(entity_id=20|fullname=Trudi|gender=f)))
55885	Kraft	0		
55886	fühlte	0		
55887	.	0		
55888	Er	0	(mention_id=8682|references=(entity=(entity_id=entity_0009|fullname=Franz Gersbacher|gender=m)))	(mention_id=8742|references=(entity=(entity_id=7|fullname=Franz|gender=m)))
55889	zog	0		
55890	sie	0	(mention_id=8683|references=(entity=(entity_id=entity_0002|fullname=Gontrud Hegewald|gender=f)))	
55891	wieder	0		
55892	an	0		
55893	sich	0	(mention_id=8684|references=(entity=(entity_id=entity_0009|fullname=Franz Gersbacher|gender=m)))	(mention_id=8743|references=(entity=(entity_id=7|fullname=Franz|gender=m)))
55894	und	0		
55895	küßte	0		
55896	sie	0	(mention_id=8685|references=(entity=(entity_id=entity_0002|fullname=Gontrud Hegewald|gender=f)))	
55897	lange	0		
55898	,	0		
55899	lange	0		
55900	auf	0		
55901	den	0		
55902	zuckenden	0		
55903	Mund	0		
55904	.	0		
55905	Das	0		
55906	war	0		
55907	wie	0		
55908	ein	0		
55909	stummer	0		
55910	Treuschwur	0		
55911	,	0		
55912	der	0		
55913	keines	0		
55914	Wortes	0		
55915	mehr	0		
55916	bedurfte	0		
55917	.	0		
55918	»	0		
55919	Ich	0	(mention_id=8686|references=(entity=(entity_id=entity_0009|fullname=Franz Gersbacher|gender=m)))	(mention_id=8744|references=(entity=(entity_id=7|fullname=Franz|gender=m)))
55920	gehe	0		
55921	jetzt	0		
55922	,	0		
55923	um	0		
55924	mit	0		
55925	meinem	0	(mention_id=8687|references=(entity=(entity_id=entity_0009|fullname=Franz Gersbacher|gender=m)))	(mention_id=8745|references=(entity=(entity_id=7|fullname=Franz|gender=m)))
55926	Vater	0	(mention_id=8688|references=(entity=(entity_id=entity_0012|fullname=Florian Gersbacher|gender=m)))	(mention_id=8746|references=(entity=(entity_id=6|fullname=Florian Gersbacher|gender=m)))
55927	zu	0		
55928	reden	0		
55929	,	0		
55930	«	0		
55931	sagte	0		
55932	er	0	(mention_id=8689|references=(entity=(entity_id=entity_0009|fullname=Franz Gersbacher|gender=m)))	(mention_id=8747|references=(entity=(entity_id=7|fullname=Franz|gender=m)))
55933	,	0		
55934	»	0		
55935	tu	0		
55936	den	0		
55937	Deinigen	0	(mention_id=8690|references=(entity=(entity_id=entity_0001|fullname=Christoph Armbruster|gender=m)),(entity=(entity_id=entity_0003|fullname=Magdalene Armbruster|gender=f)),(entity=(entity_id=entity_0004|fullname=Ammerie Armbruster|gender=f)))	(mention_id=8748|references=(entity=(entity_id=4|fullname=Familie Armbruster|gender=mf|specialcase_entity=group)))
55938	kund	0		
55939	,	0		
55940	was	0		
55941	wir	0	(mention_id=8691|references=(entity=(entity_id=entity_0009|fullname=Franz Gersbacher|gender=m)),(entity=(entity_id=entity_0002|fullname=Gontrud Hegewald|gender=f)))	(mention_id=8749|references=(entity=(entity_id=7|fullname=Franz|gender=m)),(entity=(entity_id=20|fullname=Trudi|gender=f)))
55942	uns	0	(mention_id=8692|references=(entity=(entity_id=entity_0009|fullname=Franz Gersbacher|gender=m)),(entity=(entity_id=entity_0002|fullname=Gontrud Hegewald|gender=f)))	(mention_id=8750|references=(entity=(entity_id=7|fullname=Franz|gender=m)),(entity=(entity_id=20|fullname=Trudi|gender=f)))
55943	gelobt	0		
55944	haben	0		
55945	.	0		
55946	«	0		
55947	Noch	0		
55948	ein	0		
55949	kurzer	0		
55950	,	0		
55951	stürmischer	0		
55952	Abschied	0		
55953	,	0		
55954	dann	0		
55955	ging	0		
55956	er	0	(mention_id=8693|references=(entity=(entity_id=entity_0009|fullname=Franz Gersbacher|gender=m)))	(mention_id=8751|references=(entity=(entity_id=7|fullname=Franz|gender=m)))
55957	festen	0		
55958	,	0		
55959	dröhnenden	0		
55960	Schrittes	0		
55961	hinaus	0		
55962	.	0		
55963	–	0		
55964	Das	0		
55965	war	0		
55966	nun	0		
55967	das	0		
55968	Ende	0		
55969	vom	0		
55970	Liede	0		
55971	,	0		
55972	das	0		
55973	traurige	0		
55974	Nachspiel	0		
55975	zu	0		
55976	dem	0		
55977	freudigen	0		
55978	Einklang	0		
55979	zweier	0		
55980	Herzen	0		
55981	,	0		
55982	die	0		
55983	untrennbar	0		
55984	aneinander	0		
55985	festhalten	0		
55986	wollten	0		
55987	.	0		
55988	Das	0		
55989	Bekenntnis	0		
55990	Franzens	0	(mention_id=8694|references=(entity=(entity_id=entity_0009|fullname=Franz Gersbacher|gender=m)))	(mention_id=8752|references=(entity=(entity_id=7|fullname=Franz|gender=m)))
55991	von	0		
55992	dem	0		
55993	bestimmt	0		
55994	zu	0		
55995	erwartenden	0		
55996	,	0		
55997	heftigen	0		
55998	Widerspruch	0		
55999	seines	0	(mention_id=8695|references=(entity=(entity_id=entity_0012|fullname=Florian Gersbacher|gender=m)))	(mention_id=8753|references=(entity=(entity_id=7|fullname=Franz|gender=m)))
56000	Vaters	0	(mention_id=8696|references=(entity=(entity_id=entity_0012|fullname=Florian Gersbacher|gender=m)))	(mention_id=8754|references=(entity=(entity_id=6|fullname=Florian Gersbacher|gender=m)))
56001	fiel	0		
56002	auf	0		
56003	Trudis	0	(mention_id=8697|references=(entity=(entity_id=entity_0002|fullname=Gontrud Hegewald|gender=f)))	(mention_id=8755|references=(entity=(entity_id=20|fullname=Trudi|gender=f)))
56004	kaum	0		
56005	wieder	0		
56006	aufgelebte	0		
56007	Hoffnung	0		
56008	wie	0		
56009	ein	0		
56010	scharfer	0		
56011	Nachtfrost	0		
56012	im	0		
56013	Frühling	0		
56014	auf	0		
56015	die	0		
56016	Reben	0		
56017	,	0		
56018	der	0		
56019	ihnen	0		
56020	erbarmungslos	0		
56021	die	0		
56022	zarten	0		
56023	Knospen	0		
56024	tötet	0		
56025	.	0		
56026	–	0		
56027	Jetzt	0		
56028	steckte	0		
56029	Ammerie	0	(mention_id=8698|references=(entity=(entity_id=entity_0004|fullname=Ammerie Armbruster|gender=f)))	(mention_id=8756|references=(entity=(entity_id=1|fullname=Ammerie|gender=f)))
56030	den	0		
56031	Kopf	0		
56032	zur	0		
56033	Tür	0		
56034	herein	0		
56035	und	0		
56036	fragte	0		
56037	vergnügt	0		
56038	:	0		
56039	»	0		
56040	Na	0		
56041	,	0		
56042	hab'	0		
56043	ich's	0	(mention_id=8699|references=(entity=(entity_id=entity_0004|fullname=Ammerie Armbruster|gender=f)))	(mention_id=8757|references=(entity=(entity_id=1|fullname=Ammerie|gender=f)))
56044	recht	0		
56045	gemacht	0		
56046	?	0		
56047	Aber	0		
56048	du	0	(mention_id=8700|references=(entity=(entity_id=entity_0002|fullname=Gontrud Hegewald|gender=f)))	(mention_id=8758|references=(entity=(entity_id=20|fullname=Trudi|gender=f)))
56049	weinst	0		
56050	ja	0		
56051	!	0		
56052	Trudi	0	(mention_id=8701|references=(entity=(entity_id=entity_0002|fullname=Gontrud Hegewald|gender=f)))	(mention_id=8759|references=(entity=(entity_id=20|fullname=Trudi|gender=f)))
56053	!	0		
56054	was	0		
56055	ist	0		
56056	denn	0		
56057	?	0		
56058	«	0		
56059	rief	0		
56060	sie	0	(mention_id=8702|references=(entity=(entity_id=entity_0004|fullname=Ammerie Armbruster|gender=f)))	(mention_id=8760|references=(entity=(entity_id=1|fullname=Ammerie|gender=f)))
56061	und	0		
56062	warf	0		
56063	sich	0	(mention_id=8703|references=(entity=(entity_id=entity_0004|fullname=Ammerie Armbruster|gender=f)))	(mention_id=8761|references=(entity=(entity_id=1|fullname=Ammerie|gender=f)))
56064	über	0		
56065	die	0		
56066	Freundin	0	(mention_id=8704|references=(entity=(entity_id=entity_0002|fullname=Gontrud Hegewald|gender=f)))	(mention_id=8762|references=(entity=(entity_id=20|fullname=Trudi|gender=f)))
56067	her	0		
56068	.	0		
56069	»	0		
56070	Sprich	0		
56071	doch	0		
56072	!	0		
56073	läßt	0		
56074	Franz	0	(mention_id=8705|references=(entity=(entity_id=entity_0009|fullname=Franz Gersbacher|gender=m)))	(mention_id=8763|references=(entity=(entity_id=7|fullname=Franz|gender=m)))
56075	dich	0	(mention_id=8706|references=(entity=(entity_id=entity_0002|fullname=Gontrud Hegewald|gender=f)))	(mention_id=8764|references=(entity=(entity_id=20|fullname=Trudi|gender=f)))
56076	im	0		
56077	Stich	0		
56078	?	0		
56079	«	0		
56080	»	0		
56081	Nein	0		
56082	,	0		
56083	er	0	(mention_id=8707|references=(entity=(entity_id=entity_0009|fullname=Franz Gersbacher|gender=m)))	(mention_id=8765|references=(entity=(entity_id=7|fullname=Franz|gender=m)))
56084	bleibt	0		
56085	mir	0	(mention_id=8708|references=(entity=(entity_id=entity_0002|fullname=Gontrud Hegewald|gender=f)))	(mention_id=8766|references=(entity=(entity_id=20|fullname=Trudi|gender=f)))
56086	treu	0		
56087	.	0		
56088	«	0		
56089	»	0		
56090	Siehst	0		
56091	du	0	(mention_id=8709|references=(entity=(entity_id=entity_0002|fullname=Gontrud Hegewald|gender=f)))	(mention_id=8767|references=(entity=(entity_id=1|fullname=Ammerie|gender=f)))
56092	?	0		
56093	ich	0	(mention_id=8710|references=(entity=(entity_id=entity_0004|fullname=Ammerie Armbruster|gender=f)))	(mention_id=8768|references=(entity=(entity_id=1|fullname=Ammerie|gender=f)))
56094	wußte	0		
56095	es	0		
56096	ja	0		
56097	.	0		
56098	Aber	0		
56099	–	0		
56100	?	0		
56101	«	0		
56102	»	0		
56103	Aber	0		
56104	sein	0	(mention_id=8711|references=(entity=(entity_id=entity_0009|fullname=Franz Gersbacher|gender=m)))	(mention_id=8769|references=(entity=(entity_id=7|fullname=Franz|gender=m)))
56105	Vater	0	(mention_id=8712|references=(entity=(entity_id=entity_0012|fullname=Florian Gersbacher|gender=m)))	(mention_id=8770|references=(entity=(entity_id=6|fullname=Florian Gersbacher|gender=m)))
56106	leidet	0		
56107	nicht	0		
56108	–	0		
56109	«	0		
56110	Tränen	0		
56111	erstickten	0		
56112	ihre	0	(mention_id=8713|references=(entity=(entity_id=entity_0002|fullname=Gontrud Hegewald|gender=f)))	(mention_id=8771|references=(entity=(entity_id=20|fullname=Trudi|gender=f)))
56113	Stimme	0		
56114	.	0		
56115	»	0		
56116	Sein	0	(mention_id=8714|references=(entity=(entity_id=entity_0009|fullname=Franz Gersbacher|gender=m)))	(mention_id=8772|references=(entity=(entity_id=7|fullname=Franz|gender=m)))
56117	Vater	0	(mention_id=8715|references=(entity=(entity_id=entity_0012|fullname=Florian Gersbacher|gender=m)))	(mention_id=8773|references=(entity=(entity_id=6|fullname=Florian Gersbacher|gender=m)))
56118	!	0		
56119	wenn's	0		
56120	weiter	0		
56121	nichts	0		
56122	ist	0		
56123	!	0		
56124	Den	0		
56125	Alten	0	(mention_id=8716|references=(entity=(entity_id=entity_0012|fullname=Florian Gersbacher|gender=m)))	(mention_id=8774|references=(entity=(entity_id=6|fullname=Florian Gersbacher|gender=m)))
56126	wollen	0		
56127	wir	0	(mention_id=8717|references=(entity=(entity_id=entity_0004|fullname=Ammerie Armbruster|gender=f)),(entity=(entity_id=entity_0002|fullname=Gontrud Hegewald|gender=f)))	(mention_id=8775|references=(entity=(entity_id=1|fullname=Ammerie|gender=f)))
56128	schon	0		
56129	zur	0		
56130	Vernunft	0		
56131	bringen	0		
56132	,	0		
56133	den	0	(mention_id=8718|references=(entity=(entity_id=entity_0012|fullname=Florian Gersbacher|gender=m)))	(mention_id=8776|references=(entity=(entity_id=6|fullname=Florian Gersbacher|gender=m)))
56134	krieg'	0		
56135	ich	0	(mention_id=8719|references=(entity=(entity_id=entity_0004|fullname=Ammerie Armbruster|gender=f)))	(mention_id=8777|references=(entity=(entity_id=1|fullname=Ammerie|gender=f)))
56136	auch	0		
56137	noch	0		
56138	herum	0		
56139	und	0		
56140	mach'	0		
56141	ihm	0	(mention_id=8720|references=(entity=(entity_id=entity_0012|fullname=Florian Gersbacher|gender=m)))	(mention_id=8778|references=(entity=(entity_id=6|fullname=Florian Gersbacher|gender=m)))
56142	die	0		
56143	Hölle	0		
56144	heiß	0		
56145	wie	0		
56146	der	0		
56147	Deibel	0	(mention_id=8721|references=(entity=(entity_id=entity_0041|fullname=Teufel|gender=m|specialcase_entity=nonfact)))	
56148	einer	0		
56149	armen	0		
56150	Seele	0	(mention_id=8722|references=(entity=(entity_id=generic_0304|fullname=generic_0094|gender=u|specialcase_entity=generic)))	
56151	,	0		
56152	«	0		
56153	sprach	0		
56154	mit	0		
56155	beneidenswertem	0		
56156	Selbstvertrauen	0		
56157	die	0		
56158	in	0		
56159	keiner	0		
56160	Lage	0		
56161	um	0		
56162	einen	0		
56163	trutzigen	0		
56164	Scherz	0		
56165	verlegene	0		
56166	junge	0		
56167	Bürgermeisterstochter	0	(mention_id=8723|references=(entity=(entity_id=entity_0004|fullname=Ammerie Armbruster|gender=f)))	(mention_id=8779|references=(entity=(entity_id=1|fullname=Ammerie|gender=f)))
56168	.	0		
56169	Sie	0	(mention_id=8724|references=(entity=(entity_id=entity_0004|fullname=Ammerie Armbruster|gender=f)))	(mention_id=8780|references=(entity=(entity_id=1|fullname=Ammerie|gender=f)))
56170	hockte	0		
56171	sich	0	(mention_id=8725|references=(entity=(entity_id=entity_0004|fullname=Ammerie Armbruster|gender=f)))	(mention_id=8781|references=(entity=(entity_id=1|fullname=Ammerie|gender=f)))
56172	vor	0		
56173	Trudi	0	(mention_id=8726|references=(entity=(entity_id=entity_0002|fullname=Gontrud Hegewald|gender=f)))	(mention_id=8782|references=(entity=(entity_id=20|fullname=Trudi|gender=f)))
56174	nieder	0		
56175	,	0		
56176	streichelte	0		
56177	ihr	0	(mention_id=8727|references=(entity=(entity_id=entity_0002|fullname=Gontrud Hegewald|gender=f)))	(mention_id=8783|references=(entity=(entity_id=20|fullname=Trudi|gender=f)))
56178	die	0		
56179	feuchten	0		
56180	Wangen	0		
56181	und	0		
56182	redete	0		
56183	ermutigend	0		
56184	so	0		
56185	lange	0		
56186	auf	0		
56187	sie	0	(mention_id=8728|references=(entity=(entity_id=entity_0002|fullname=Gontrud Hegewald|gender=f)))	(mention_id=8784|references=(entity=(entity_id=20|fullname=Trudi|gender=f)))
56188	ein	0		
56189	,	0		
56190	bis	0		
56191	die	0		
56192	Verzagte	0	(mention_id=8729|references=(entity=(entity_id=entity_0002|fullname=Gontrud Hegewald|gender=f)))	(mention_id=8785|references=(entity=(entity_id=20|fullname=Trudi|gender=f)))
56193	ihren	0	(mention_id=8730|references=(entity=(entity_id=entity_0004|fullname=Ammerie Armbruster|gender=f)))	(mention_id=8786|references=(entity=(entity_id=20|fullname=Trudi|gender=f)))
56194	beruhigenden	0		
56195	Vorstellungen	0		
56196	wieder	0		
56197	zugänglich	0		
56198	wurde	0		
56199	.	0		
