i	token	is_section_start	gold	pred
89617	Achtzehntes	1		
89618	Kapitel	0		
89619	Das	0		
89620	Bedeutendste	0		
89621	jedoch	0		
89622	,	0		
89623	was	0		
89624	die	0		
89625	Freunde	0	(mention_id=11955|references=(entity=(entity_id=entity_0002|fullname=Charlotte|gender=f)),(entity=(entity_id=entity_0001|fullname=Eduard|gender=m)),(entity=(entity_id=entity_0003|fullname=Hauptmann|gender=m|possible_identity_with=entity_0374)),(entity=(entity_id=entity_0021|fullname=Mittler|gender=m)))	(mention_id=12024|references=(entity=(entity_id=12|fullname=Freunde|gender=mf|specialcase_entity=group)))
89626	mit	0		
89627	stiller	0		
89628	Aufmerksamkeit	0		
89629	beobachteten	0		
89630	,	0		
89631	war	0		
89632	,	0		
89633	daß	0		
89634	Ottilie	0	(mention_id=11956|references=(entity=(entity_id=entity_0006|fullname=Ottilie|gender=f)))	(mention_id=12025|references=(entity=(entity_id=40|fullname=Ottilie|gender=f)))
89635	den	0		
89636	Koffer	0		
89637	zum	0		
89638	erstenmal	0		
89639	ausgepackt	0		
89640	und	0		
89641	daraus	0		
89642	verschiedenes	0		
89643	gewählt	0		
89644	und	0		
89645	abgeschnitten	0		
89646	hatte	0		
89647	,	0		
89648	was	0		
89649	zu	0		
89650	einem	0		
89651	einzigen	0		
89652	,	0		
89653	aber	0		
89654	ganzen	0		
89655	und	0		
89656	vollen	0		
89657	Anzug	0		
89658	hinreichte	0		
89659	.	0		
89660	Als	0		
89661	sie	0	(mention_id=11957|references=(entity=(entity_id=entity_0006|fullname=Ottilie|gender=f)))	(mention_id=12026|references=(entity=(entity_id=40|fullname=Ottilie|gender=f)))
89662	das	0		
89663	übrige	0		
89664	mit	0		
89665	Beihülfe	0		
89666	Nannys	0	(mention_id=11958|references=(entity=(entity_id=entity_0183|fullname=Nanny|gender=f)))	(mention_id=12027|references=(entity=(entity_id=37|fullname=Nanny|gender=f)))
89667	wieder	0		
89668	einpacken	0		
89669	wollte	0		
89670	,	0		
89671	konnte	0		
89672	sie	0	(mention_id=11959|references=(entity=(entity_id=entity_0006|fullname=Ottilie|gender=f)))	(mention_id=12028|references=(entity=(entity_id=40|fullname=Ottilie|gender=f)))
89673	kaum	0		
89674	damit	0		
89675	zustande	0		
89676	kommen	0		
89677	;	0		
89678	der	0		
89679	Raum	0		
89680	war	0		
89681	übervoll	0		
89682	,	0		
89683	obgleich	0		
89684	schon	0		
89685	ein	0		
89686	Teil	0		
89687	herausgenommen	0		
89688	war	0		
89689	.	0		
89690	Das	0		
89691	junge	0		
89692	habgierige	0		
89693	Mädchen	0	(mention_id=11960|references=(entity=(entity_id=entity_0183|fullname=Nanny|gender=f)))	(mention_id=12029|references=(entity=(entity_id=37|fullname=Nanny|gender=f)))
89694	konnte	0		
89695	sich	0	(mention_id=11961|references=(entity=(entity_id=entity_0183|fullname=Nanny|gender=f)))	(mention_id=12030|references=(entity=(entity_id=37|fullname=Nanny|gender=f)))
89696	nicht	0		
89697	satt	0		
89698	sehen	0		
89699	,	0		
89700	besonders	0		
89701	da	0		
89702	sie	0	(mention_id=11962|references=(entity=(entity_id=entity_0183|fullname=Nanny|gender=f)))	(mention_id=12031|references=(entity=(entity_id=37|fullname=Nanny|gender=f)))
89703	auch	0		
89704	für	0		
89705	alle	0		
89706	kleineren	0		
89707	Stücke	0		
89708	des	0		
89709	Anzugs	0		
89710	gesorgt	0		
89711	fand	0		
89712	.	0		
89713	Schuhe	0		
89714	,	0		
89715	Strümpfe	0		
89716	,	0		
89717	Strumpfbänder	0		
89718	mit	0		
89719	Devisen	0		
89720	,	0		
89721	Handschuhe	0		
89722	und	0		
89723	so	0		
89724	manches	0		
89725	andere	0		
89726	war	0		
89727	noch	0		
89728	übrig	0		
89729	.	0		
89730	Sie	0	(mention_id=11963|references=(entity=(entity_id=entity_0183|fullname=Nanny|gender=f)))	(mention_id=12032|references=(entity=(entity_id=37|fullname=Nanny|gender=f)))
89731	bat	0		
89732	Ottilien	0	(mention_id=11964|references=(entity=(entity_id=entity_0006|fullname=Ottilie|gender=f)))	(mention_id=12033|references=(entity=(entity_id=40|fullname=Ottilie|gender=f)))
89733	,	0		
89734	ihr	0	(mention_id=11965|references=(entity=(entity_id=entity_0183|fullname=Nanny|gender=f)))	(mention_id=12034|references=(entity=(entity_id=37|fullname=Nanny|gender=f)))
89735	nur	0		
89736	etwas	0		
89737	davon	0		
89738	zu	0		
89739	schenken	0		
89740	.	0		
89741	Diese	0	(mention_id=11966|references=(entity=(entity_id=entity_0006|fullname=Ottilie|gender=f)))	(mention_id=12035|references=(entity=(entity_id=40|fullname=Ottilie|gender=f)))
89742	verweigerte	0		
89743	es	0		
89744	,	0		
89745	zog	0		
89746	aber	0		
89747	sogleich	0		
89748	die	0		
89749	Schublade	0		
89750	einer	0		
89751	Kommode	0		
89752	heraus	0		
89753	und	0		
89754	ließ	0		
89755	das	0		
89756	Kind	0	(mention_id=11967|references=(entity=(entity_id=entity_0183|fullname=Nanny|gender=f)))	(mention_id=12036|references=(entity=(entity_id=37|fullname=Nanny|gender=f)))
89757	wählen	0		
89758	,	0		
89759	das	0	(mention_id=11968|references=(entity=(entity_id=entity_0183|fullname=Nanny|gender=f)))	(mention_id=12037|references=(entity=(entity_id=37|fullname=Nanny|gender=f)))
89760	hastig	0		
89761	und	0		
89762	ungeschickt	0		
89763	zugriff	0		
89764	und	0		
89765	mit	0		
89766	der	0		
89767	Beute	0		
89768	gleich	0		
89769	davonlief	0		
89770	,	0		
89771	um	0		
89772	den	0		
89773	übrigen	0		
89774	Hausgenossen	0	(mention_id=11969|references=(entity=(entity_id=entity_0465|fullname=übrige Hausgenossen|gender=u|specialcase_entity=group)))	(mention_id=12038|references=(entity=(entity_id=20|fullname=Hausgenossen|gender=mf|specialcase_entity=group)))
89775	ihr	0	(mention_id=11970|references=(entity=(entity_id=entity_0183|fullname=Nanny|gender=f)))	(mention_id=12039|references=(entity=(entity_id=37|fullname=Nanny|gender=f)))
89776	Glück	0		
89777	zu	0		
89778	verkünden	0		
89779	und	0		
89780	vorzuzeigen	0		
89781	.	0		
89782	Zuletzt	0		
89783	gelang	0		
89784	es	0		
89785	Ottilien	0	(mention_id=11971|references=(entity=(entity_id=entity_0006|fullname=Ottilie|gender=f)))	(mention_id=12040|references=(entity=(entity_id=40|fullname=Ottilie|gender=f)))
89786	,	0		
89787	alles	0		
89788	sorgfältig	0		
89789	wieder	0		
89790	einzuschichten	0		
89791	;	0		
89792	sie	0	(mention_id=11972|references=(entity=(entity_id=entity_0006|fullname=Ottilie|gender=f)))	(mention_id=12041|references=(entity=(entity_id=40|fullname=Ottilie|gender=f)))
89793	öffnete	0		
89794	hierauf	0		
89795	ein	0		
89796	verborgenes	0		
89797	Fach	0		
89798	,	0		
89799	das	0		
89800	im	0		
89801	Deckel	0		
89802	angebracht	0		
89803	war	0		
89804	.	0		
89805	Dort	0		
89806	hatte	0		
89807	sie	0	(mention_id=11973|references=(entity=(entity_id=entity_0006|fullname=Ottilie|gender=f)))	(mention_id=12042|references=(entity=(entity_id=40|fullname=Ottilie|gender=f)))
89808	kleine	0		
89809	Zettelchen	0		
89810	und	0		
89811	Briefe	0		
89812	Eduards	0	(mention_id=11974|references=(entity=(entity_id=entity_0001|fullname=Eduard|gender=m)))	(mention_id=12043|references=(entity=(entity_id=8|fullname=Eduard|gender=m)))
89813	,	0		
89814	mancherlei	0		
89815	aufgetrocknete	0		
89816	Blumenerinnerungen	0		
89817	früherer	0		
89818	Spaziergänge	0		
89819	,	0		
89820	eine	0		
89821	Locke	0		
89822	ihres	0	(mention_id=11975|references=(entity=(entity_id=entity_0006|fullname=Ottilie|gender=f)))	(mention_id=12044|references=(entity=(entity_id=40|fullname=Ottilie|gender=f)))
89823	Geliebten	0	(mention_id=11976|references=(entity=(entity_id=entity_0001|fullname=Eduard|gender=m)))	(mention_id=12045|references=(entity=(entity_id=8|fullname=Eduard|gender=m)))
89824	und	0		
89825	was	0		
89826	sonst	0		
89827	noch	0		
89828	verborgen	0		
89829	.	0		
89830	Noch	0		
89831	eins	0		
89832	fügte	0		
89833	sie	0	(mention_id=11977|references=(entity=(entity_id=entity_0006|fullname=Ottilie|gender=f)))	(mention_id=12046|references=(entity=(entity_id=40|fullname=Ottilie|gender=f)))
89834	hinzu	0		
89835	–	0		
89836	es	0		
89837	war	0		
89838	das	0		
89839	Porträt	0		
89840	ihres	0	(mention_id=11978|references=(entity=(entity_id=entity_0006|fullname=Ottilie|gender=f)))	(mention_id=12047|references=(entity=(entity_id=40|fullname=Ottilie|gender=f)))
89841	Vaters-	0		(mention_id=12048|references=(entity=(entity_id=41|fullname=Ottilies Vater|gender=m)))
89842	und	0		
89843	verschloß	0		
89844	das	0		
89845	Ganze	0		
89846	,	0		
89847	worauf	0		
89848	sie	0	(mention_id=11979|references=(entity=(entity_id=entity_0006|fullname=Ottilie|gender=f)))	(mention_id=12049|references=(entity=(entity_id=40|fullname=Ottilie|gender=f)))
89849	den	0		
89850	zarten	0		
89851	Schlüssel	0		
89852	an	0		
89853	dem	0		
89854	goldnen	0		
89855	Kettchen	0		
89856	wieder	0		
89857	um	0		
89858	den	0		
89859	Hals	0		
89860	an	0		
89861	ihre	0	(mention_id=11980|references=(entity=(entity_id=entity_0006|fullname=Ottilie|gender=f)))	(mention_id=12050|references=(entity=(entity_id=40|fullname=Ottilie|gender=f)))
89862	Brust	0		
89863	hing	0		
89864	.	0		
89865	Mancherlei	0		
89866	Hoffnungen	0		
89867	waren	0		
89868	indes	0		
89869	in	0		
89870	dem	0		
89871	Herzen	0		
89872	der	0		
89873	Freunde	0	(mention_id=11981|references=(entity=(entity_id=entity_0002|fullname=Charlotte|gender=f)),(entity=(entity_id=entity_0001|fullname=Eduard|gender=m)),(entity=(entity_id=entity_0003|fullname=Hauptmann|gender=m|possible_identity_with=entity_0374)),(entity=(entity_id=entity_0021|fullname=Mittler|gender=m)))	(mention_id=12051|references=(entity=(entity_id=12|fullname=Freunde|gender=mf|specialcase_entity=group)))
89874	rege	0		
89875	geworden	0		
89876	.	0		
89877	Charlotte	0	(mention_id=11982|references=(entity=(entity_id=entity_0002|fullname=Charlotte|gender=f)))	(mention_id=12052|references=(entity=(entity_id=7|fullname=Charlotte|gender=f)))
89878	war	0		
89879	überzeugt	0		
89880	,	0		
89881	Ottilie	0	(mention_id=11983|references=(entity=(entity_id=entity_0006|fullname=Ottilie|gender=f)))	(mention_id=12053|references=(entity=(entity_id=40|fullname=Ottilie|gender=f)))
89882	werde	0		
89883	auf	0		
89884	jenen	0		
89885	Tag	0		
89886	wieder	0		
89887	zu	0		
89888	sprechen	0		
89889	anfangen	0		
89890	;	0		
89891	denn	0		
89892	sie	0	(mention_id=11984|references=(entity=(entity_id=entity_0006|fullname=Ottilie|gender=f)))	(mention_id=12054|references=(entity=(entity_id=40|fullname=Ottilie|gender=f)))
89893	hatte	0		
89894	bisher	0		
89895	eine	0		
89896	heimliche	0		
89897	Geschäftigkeit	0		
89898	bewiesen	0		
89899	,	0		
89900	eine	0		
89901	Art	0		
89902	von	0		
89903	heiterer	0		
89904	Selbstzufriedenheit	0		
89905	,	0		
89906	ein	0		
89907	Lächeln	0		
89908	,	0		
89909	wie	0		
89910	es	0		
89911	demjenigen	0	(mention_id=11985|references=(entity=(entity_id=generic_1177|fullname=Jemand der Geliebten Gutes bringt|gender=u|specialcase_entity=generic)))	
89912	auf	0		
89913	dem	0		
89914	Gesichte	0		
89915	schwebt	0		
89916	,	0		
89917	der	0	(mention_id=11986|references=(entity=(entity_id=generic_1178|fullname=Jemand der Geliebten Gutes bringt|gender=u|specialcase_entity=generic)))	
89918	Geliebten	0	(mention_id=11987|references=(entity=(entity_id=generic_1179|fullname=Geliebte von Jemand|gender=u|specialcase_entity=generic)))	(mention_id=12055|references=(entity=(entity_id=8|fullname=Eduard|gender=m)))
89919	etwas	0		
89920	Gutes	0		
89921	und	0		
89922	Erfreuliches	0		
89923	verbirgt	0		
89924	.	0		
89925	Niemand	0		
89926	wußte	0		
89927	,	0		
89928	daß	0		
89929	Ottilie	0	(mention_id=11988|references=(entity=(entity_id=entity_0006|fullname=Ottilie|gender=f)))	(mention_id=12056|references=(entity=(entity_id=40|fullname=Ottilie|gender=f)))
89930	gar	0		
89931	manche	0		
89932	Stunde	0		
89933	in	0		
89934	großer	0		
89935	Schwachheit	0		
89936	hinbrachte	0		
89937	,	0		
89938	aus	0		
89939	der	0		
89940	sie	0	(mention_id=11989|references=(entity=(entity_id=entity_0006|fullname=Ottilie|gender=f)))	(mention_id=12057|references=(entity=(entity_id=40|fullname=Ottilie|gender=f)))
89941	sich	0	(mention_id=11990|references=(entity=(entity_id=entity_0006|fullname=Ottilie|gender=f)))	(mention_id=12058|references=(entity=(entity_id=40|fullname=Ottilie|gender=f)))
89942	nur	0		
89943	für	0		
89944	die	0		
89945	Zeiten	0		
89946	,	0		
89947	wo	0		
89948	sie	0	(mention_id=11991|references=(entity=(entity_id=entity_0006|fullname=Ottilie|gender=f)))	(mention_id=12059|references=(entity=(entity_id=40|fullname=Ottilie|gender=f)))
89949	erschien	0		
89950	,	0		
89951	durch	0		
89952	Geisteskraft	0		
89953	emporhielt	0		
89954	.	0		
89955	Mittler	0	(mention_id=11992|references=(entity=(entity_id=entity_0021|fullname=Mittler|gender=m)))	(mention_id=12060|references=(entity=(entity_id=32|fullname=Mittler|gender=m)))
89956	hatte	0		
89957	sich	0	(mention_id=11993|references=(entity=(entity_id=entity_0021|fullname=Mittler|gender=m)))	(mention_id=12061|references=(entity=(entity_id=32|fullname=Mittler|gender=m)))
89958	diese	0		
89959	Zeit	0		
89960	öfters	0		
89961	sehen	0		
89962	lassen	0		
89963	und	0		
89964	war	0		
89965	länger	0		
89966	geblieben	0		
89967	als	0		
89968	sonst	0		
89969	gewöhnlich	0		
89970	.	0		
89971	Der	0		
89972	hartnäckige	0		
89973	Mann	0	(mention_id=11994|references=(entity=(entity_id=entity_0021|fullname=Mittler|gender=m)))	(mention_id=12062|references=(entity=(entity_id=32|fullname=Mittler|gender=m)))
89974	wußte	0		
89975	nur	0		
89976	zu	0		
89977	wohl	0		
89978	,	0		
89979	daß	0		
89980	es	0		
89981	einen	0		
89982	gewissen	0		
89983	Moment	0		
89984	gibt	0		
89985	,	0		
89986	wo	0		
89987	allein	0		
89988	das	0		
89989	Eisen	0		
89990	zu	0		
89991	schmieden	0		
89992	ist	0		
89993	.	0		
89994	Ottiliens	0	(mention_id=11995|references=(entity=(entity_id=entity_0006|fullname=Ottilie|gender=f)))	(mention_id=12063|references=(entity=(entity_id=40|fullname=Ottilie|gender=f)))
89995	Schweigen	0		
89996	sowie	0		
89997	ihre	0	(mention_id=11996|references=(entity=(entity_id=entity_0006|fullname=Ottilie|gender=f)))	(mention_id=12064|references=(entity=(entity_id=40|fullname=Ottilie|gender=f)))
89998	Weigerung	0		
89999	legte	0		
90000	er	0	(mention_id=11997|references=(entity=(entity_id=entity_0021|fullname=Mittler|gender=m)))	(mention_id=12065|references=(entity=(entity_id=32|fullname=Mittler|gender=m)))
90001	zu	0		
90002	seinen	0	(mention_id=11998|references=(entity=(entity_id=entity_0021|fullname=Mittler|gender=m)))	(mention_id=12066|references=(entity=(entity_id=32|fullname=Mittler|gender=m)))
90003	Gunsten	0		
90004	aus	0		
90005	.	0		
90006	Es	0		
90007	war	0		
90008	bisher	0		
90009	kein	0		
90010	Schritt	0		
90011	zu	0		
90012	Scheidung	0		
90013	der	0		
90014	Gatten	0	(mention_id=11999|references=(entity=(entity_id=entity_0002|fullname=Charlotte|gender=f)),(entity=(entity_id=entity_0001|fullname=Eduard|gender=m)))	(mention_id=12067|references=(entity=(entity_id=8|fullname=Eduard|gender=m)),(entity=(entity_id=7|fullname=Charlotte|gender=f)))
90015	geschehen	0		
90016	;	0		
90017	er	0	(mention_id=12000|references=(entity=(entity_id=entity_0021|fullname=Mittler|gender=m)))	(mention_id=12068|references=(entity=(entity_id=32|fullname=Mittler|gender=m)))
90018	hoffte	0		
90019	das	0		
90020	Schicksal	0		
90021	des	0		
90022	guten	0		
90023	Mädchens	0	(mention_id=12001|references=(entity=(entity_id=entity_0006|fullname=Ottilie|gender=f)))	(mention_id=12069|references=(entity=(entity_id=40|fullname=Ottilie|gender=f)))
90024	auf	0		
90025	irgendeine	0		
90026	andere	0		
90027	günstige	0		
90028	Weise	0		
90029	zu	0		
90030	bestimmen	0		
90031	;	0		
90032	er	0	(mention_id=12002|references=(entity=(entity_id=entity_0021|fullname=Mittler|gender=m)))	(mention_id=12070|references=(entity=(entity_id=32|fullname=Mittler|gender=m)))
90033	horchte	0		
90034	,	0		
90035	er	0	(mention_id=12003|references=(entity=(entity_id=entity_0021|fullname=Mittler|gender=m)))	(mention_id=12071|references=(entity=(entity_id=32|fullname=Mittler|gender=m)))
90036	gab	0		
90037	nach	0		
90038	,	0		
90039	er	0	(mention_id=12004|references=(entity=(entity_id=entity_0021|fullname=Mittler|gender=m)))	(mention_id=12072|references=(entity=(entity_id=32|fullname=Mittler|gender=m)))
90040	gab	0		
90041	zu	0		
90042	verstehen	0		
90043	und	0		
90044	führte	0		
90045	sich	0	(mention_id=12005|references=(entity=(entity_id=entity_0021|fullname=Mittler|gender=m)))	(mention_id=12073|references=(entity=(entity_id=32|fullname=Mittler|gender=m)))
90046	nach	0		
90047	seiner	0	(mention_id=12006|references=(entity=(entity_id=entity_0021|fullname=Mittler|gender=m)))	(mention_id=12074|references=(entity=(entity_id=32|fullname=Mittler|gender=m)))
90048	Weise	0		
90049	klug	0		
90050	genug	0		
90051	auf	0		
90052	.	0		
90053	Allein	0		
90054	überwältigt	0		
90055	war	0		
90056	er	0	(mention_id=12007|references=(entity=(entity_id=entity_0021|fullname=Mittler|gender=m)))	(mention_id=12075|references=(entity=(entity_id=32|fullname=Mittler|gender=m)))
90057	stets	0		
90058	,	0		
90059	sobald	0		
90060	er	0	(mention_id=12008|references=(entity=(entity_id=entity_0021|fullname=Mittler|gender=m)))	(mention_id=12076|references=(entity=(entity_id=32|fullname=Mittler|gender=m)))
90061	Anlaß	0		
90062	fand	0		
90063	,	0		
90064	sein	0	(mention_id=12009|references=(entity=(entity_id=entity_0021|fullname=Mittler|gender=m)))	(mention_id=12077|references=(entity=(entity_id=32|fullname=Mittler|gender=m)))
90065	Räsonnement	0		
90066	über	0		
90067	Materien	0		
90068	zu	0		
90069	äußern	0		
90070	,	0		
90071	denen	0		
90072	er	0	(mention_id=12010|references=(entity=(entity_id=entity_0021|fullname=Mittler|gender=m)))	(mention_id=12078|references=(entity=(entity_id=32|fullname=Mittler|gender=m)))
90073	eine	0		
90074	große	0		
90075	Wichtigkeit	0		
90076	beilegte	0		
90077	.	0		
90078	Er	0	(mention_id=12011|references=(entity=(entity_id=entity_0021|fullname=Mittler|gender=m)))	(mention_id=12079|references=(entity=(entity_id=32|fullname=Mittler|gender=m)))
90079	lebte	0		
90080	viel	0		
90081	in	0		
90082	sich	0	(mention_id=12012|references=(entity=(entity_id=entity_0021|fullname=Mittler|gender=m)))	(mention_id=12080|references=(entity=(entity_id=32|fullname=Mittler|gender=m)))
90083	,	0		
90084	und	0		
90085	wenn	0		
90086	er	0	(mention_id=12013|references=(entity=(entity_id=entity_0021|fullname=Mittler|gender=m)))	(mention_id=12081|references=(entity=(entity_id=32|fullname=Mittler|gender=m)))
90087	mit	0		
90088	andern	0		(mention_id=12082|references=(entity=(entity_id=generic_0001|fullname=andere Menschen im Allgemeinen|gender=u|specialcase_entity=generic)))
90089	war	0		
90090	,	0		
90091	so	0		
90092	verhielt	0		
90093	er	0	(mention_id=12014|references=(entity=(entity_id=entity_0021|fullname=Mittler|gender=m)))	(mention_id=12083|references=(entity=(entity_id=32|fullname=Mittler|gender=m)))
90094	sich	0	(mention_id=12015|references=(entity=(entity_id=entity_0021|fullname=Mittler|gender=m)))	(mention_id=12084|references=(entity=(entity_id=32|fullname=Mittler|gender=m)))
90095	gewöhnlich	0		
90096	nur	0		
90097	handelnd	0		
90098	gegen	0		
90099	sie	0		(mention_id=12085|references=(entity=(entity_id=generic_0002|fullname=andere Menschen im Allgemeinen|gender=u|specialcase_entity=generic)))
90100	.	0		
90101	Brach	0		
90102	nun	0		
90103	einmal	0		
90104	unter	0		
90105	Freunden	0	(mention_id=12016|references=(entity=(entity_id=entity_0457|fullname=Freunde von Mittler|gender=u|specialcase_entity=group)))	(mention_id=12086|references=(entity=(entity_id=12|fullname=Freunde|gender=mf|specialcase_entity=group)))
90106	seine	0	(mention_id=12017|references=(entity=(entity_id=entity_0021|fullname=Mittler|gender=m)))	(mention_id=12087|references=(entity=(entity_id=32|fullname=Mittler|gender=m)))
90107	Rede	0		
90108	los	0		
90109	,	0		
90110	wie	0		
90111	wir	0	(mention_id=12018|references=(entity=(entity_id=entity_0016|fullname=Erzählinstanz|gender=u)),(entity=(entity_id=entity_0195|fullname=Leser|gender=u)))	(mention_id=12088|references=(entity=(entity_id=10|fullname=Erzähler|gender=u)),(entity=(entity_id=26|fullname=Leser|gender=u)))
90112	schon	0		
90113	öfter	0		
90114	gesehen	0		
90115	haben	0		
90116	,	0		
90117	so	0		
90118	rollte	0		
90119	sie	0		
90120	ohne	0		
90121	Rücksicht	0		
90122	fort	0		
90123	,	0		
90124	verletzte	0		
90125	oder	0		
90126	heilte	0		
90127	,	0		
90128	nutzte	0		
90129	oder	0		
90130	schadete	0		
90131	,	0		
90132	wie	0		
90133	es	0		
90134	sich	0		
90135	gerade	0		
90136	fügen	0		
90137	mochte	0		
90138	.	0		
90139	Den	0		
90140	Abend	0		
90141	vor	0		
90142	Eduards	0	(mention_id=12019|references=(entity=(entity_id=entity_0001|fullname=Eduard|gender=m)))	(mention_id=12089|references=(entity=(entity_id=8|fullname=Eduard|gender=m)))
90143	Geburtstage	0		
90144	saßen	0		
90145	Charlotte	0	(mention_id=12020|references=(entity=(entity_id=entity_0002|fullname=Charlotte|gender=f)))	(mention_id=12090|references=(entity=(entity_id=7|fullname=Charlotte|gender=f)))
90146	und	0		
90147	der	0		
90148	Major	0	(mention_id=12021|references=(entity=(entity_id=entity_0003|fullname=Hauptmann|gender=m|possible_identity_with=entity_0374)))	(mention_id=12091|references=(entity=(entity_id=27|fullname=Major|gender=m)))
90149	Eduarden	0	(mention_id=12022|references=(entity=(entity_id=entity_0001|fullname=Eduard|gender=m)))	(mention_id=12092|references=(entity=(entity_id=8|fullname=Eduard|gender=m)))
90150	,	0		
90151	der	0	(mention_id=12023|references=(entity=(entity_id=entity_0001|fullname=Eduard|gender=m)))	(mention_id=12093|references=(entity=(entity_id=8|fullname=Eduard|gender=m)))
90152	ausgeritten	0		
90153	war	0		
90154	,	0		
90155	erwartend	0		
90156	beisammen	0		
90157	;	0		
90158	Mittler	0	(mention_id=12024|references=(entity=(entity_id=entity_0021|fullname=Mittler|gender=m)))	(mention_id=12094|references=(entity=(entity_id=32|fullname=Mittler|gender=m)))
90159	ging	0		
90160	im	0		
90161	Zimmer	0		
90162	auf	0		
90163	und	0		
90164	ab	0		
90165	;	0		
90166	Ottilie	0	(mention_id=12025|references=(entity=(entity_id=entity_0006|fullname=Ottilie|gender=f)))	(mention_id=12095|references=(entity=(entity_id=40|fullname=Ottilie|gender=f)))
90167	war	0		
90168	auf	0		
90169	dem	0		
90170	ihrigen	0	(mention_id=12026|references=(entity=(entity_id=entity_0006|fullname=Ottilie|gender=f)))	(mention_id=12096|references=(entity=(entity_id=40|fullname=Ottilie|gender=f)))
90171	geblieben	0		
90172	,	0		
90173	den	0		
90174	morgenden	0		
90175	Schmuck	0		
90176	auseinanderlegend	0		
90177	und	0		
90178	ihrem	0	(mention_id=12027|references=(entity=(entity_id=entity_0006|fullname=Ottilie|gender=f)))	(mention_id=12097|references=(entity=(entity_id=40|fullname=Ottilie|gender=f)))
90179	Mädchen	0	(mention_id=12028|references=(entity=(entity_id=entity_0183|fullname=Nanny|gender=f)))	(mention_id=12098|references=(entity=(entity_id=37|fullname=Nanny|gender=f)))
90180	manches	0		
90181	andeutend	0		
90182	,	0		
90183	welches	0		(mention_id=12099|references=(entity=(entity_id=37|fullname=Nanny|gender=f)))
90184	sie	0	(mention_id=12029|references=(entity=(entity_id=entity_0183|fullname=Nanny|gender=f)))	(mention_id=12100|references=(entity=(entity_id=37|fullname=Nanny|gender=f)))
90185	vollkommen	0		
90186	verstand	0		
90187	und	0		
90188	die	0		
90189	stummen	0		
90190	Anordnungen	0		
90191	geschickt	0		
90192	befolgte	0		
90193	.	0		
90194	Mittler	0	(mention_id=12030|references=(entity=(entity_id=entity_0021|fullname=Mittler|gender=m)))	(mention_id=12101|references=(entity=(entity_id=32|fullname=Mittler|gender=m)))
90195	war	0		
90196	gerade	0		
90197	auf	0		
90198	eine	0		
90199	seiner	0	(mention_id=12031|references=(entity=(entity_id=entity_0021|fullname=Mittler|gender=m)))	(mention_id=12102|references=(entity=(entity_id=32|fullname=Mittler|gender=m)))
90200	Lieblingsmaterien	0		
90201	gekommen	0		
90202	.	0		
90203	Er	0	(mention_id=12032|references=(entity=(entity_id=entity_0021|fullname=Mittler|gender=m)))	(mention_id=12103|references=(entity=(entity_id=32|fullname=Mittler|gender=m)))
90204	pflegte	0		
90205	gern	0		
90206	zu	0		
90207	behaupten	0		
90208	,	0		
90209	daß	0		
90210	sowohl	0		
90211	bei	0		
90212	der	0		
90213	Erziehung	0		
90214	der	0		
90215	Kinder	0	(mention_id=12033|references=(entity=(entity_id=generic_1180|fullname=Kinder allgemein|gender=u|specialcase_entity=generic)))	(mention_id=12104|references=(entity=(entity_id=generic_0010|fullname=Kinder im Allgemeinen|gender=u|specialcase_entity=generic)))
90216	als	0		
90217	bei	0		
90218	der	0		
90219	Leitung	0		
90220	der	0		
90221	Völker	0	(mention_id=12034|references=(entity=(entity_id=generic_1184|fullname=Völker|gender=u|specialcase_entity=generic)))	(mention_id=12105|references=(entity=(entity_id=generic_0017|fullname=Völker im Allgemeinen|gender=u|specialcase_entity=generic)))
90222	nichts	0		
90223	ungeschickter	0		
90224	und	0		
90225	barbarischer	0		
90226	sei	0		
90227	als	0		
90228	Verbote	0		
90229	,	0		
90230	als	0		
90231	verbietende	0		
90232	Gesetze	0		
90233	und	0		
90234	Anordnungen	0		
90235	.	0		
90236	»	0		
90237	Der	0		
90238	Mensch	0	(mention_id=12035|references=(entity=(entity_id=generic_1185|fullname=Mensch allgemein|gender=u|specialcase_entity=generic)))	(mention_id=12106|references=(entity=(entity_id=generic_0019|fullname=Mensch im Allgemeinen|gender=u|specialcase_entity=generic)))
90239	ist	0		
90240	von	0		
90241	Hause	0		
90242	aus	0		
90243	tätig	0		
90244	,	0		
90245	«	0		
90246	sagte	0		
90247	er	0	(mention_id=12036|references=(entity=(entity_id=entity_0021|fullname=Mittler|gender=m)))	(mention_id=12107|references=(entity=(entity_id=32|fullname=Mittler|gender=m)))
90248	;	0		
90249	»	0		
90250	und	0		
90251	wenn	0		
90252	man	0		
90253	ihm	0	(mention_id=12037|references=(entity=(entity_id=generic_1186|fullname=Mensch allgemein|gender=u|specialcase_entity=generic)))	(mention_id=12108|references=(entity=(entity_id=generic_0020|fullname=Mensch im Allgemeinen|gender=u|specialcase_entity=generic)))
90254	zu	0		
90255	gebieten	0		
90256	versteht	0		
90257	,	0		
90258	so	0		
90259	fährt	0		
90260	er	0	(mention_id=12038|references=(entity=(entity_id=generic_1187|fullname=Mensch allgemein|gender=u|specialcase_entity=generic)))	(mention_id=12109|references=(entity=(entity_id=generic_0021|fullname=Mensch im Allgemeinen|gender=u|specialcase_entity=generic)))
90261	gleich	0		
90262	dahinter	0		
90263	her	0		
90264	,	0		
90265	handelt	0		
90266	und	0		
90267	richtet	0		
90268	aus	0		
90269	.	0		
90270	Ich	0	(mention_id=12039|references=(entity=(entity_id=entity_0021|fullname=Mittler|gender=m)))	(mention_id=12110|references=(entity=(entity_id=32|fullname=Mittler|gender=m)))
90271	für	0		
90272	meine	0	(mention_id=12040|references=(entity=(entity_id=entity_0021|fullname=Mittler|gender=m)))	(mention_id=12111|references=(entity=(entity_id=32|fullname=Mittler|gender=m)))
90273	Person	0		(mention_id=12112|references=(entity=(entity_id=32|fullname=Mittler|gender=m)))
90274	mag	0		
90275	lieber	0		
90276	in	0		
90277	meinem	0	(mention_id=12041|references=(entity=(entity_id=entity_0021|fullname=Mittler|gender=m)))	(mention_id=12113|references=(entity=(entity_id=32|fullname=Mittler|gender=m)))
90278	Kreise	0		
90279	Fehler	0		
90280	und	0		
90281	Gebrechen	0		
90282	so	0		
90283	lange	0		
90284	dulden	0		
90285	,	0		
90286	bis	0		
90287	ich	0	(mention_id=12042|references=(entity=(entity_id=entity_0021|fullname=Mittler|gender=m)))	(mention_id=12114|references=(entity=(entity_id=32|fullname=Mittler|gender=m)))
90288	die	0		
90289	entgegengesetzte	0		
90290	Tugend	0		
90291	gebieten	0		
90292	kann	0		
90293	,	0		
90294	als	0		
90295	daß	0		
90296	ich	0	(mention_id=12043|references=(entity=(entity_id=entity_0021|fullname=Mittler|gender=m)))	(mention_id=12115|references=(entity=(entity_id=32|fullname=Mittler|gender=m)))
90297	den	0		
90298	Fehler	0		
90299	los	0		
90300	würde	0		
90301	und	0		
90302	nichts	0		
90303	Rechtes	0		
90304	an	0		
90305	seiner	0		
90306	Stelle	0		
90307	sähe	0		
90308	.	0		
90309	Der	0		
90310	Mensch	0	(mention_id=12044|references=(entity=(entity_id=generic_1188|fullname=Mensch allgemein|gender=u|specialcase_entity=generic)))	(mention_id=12116|references=(entity=(entity_id=generic_0022|fullname=Mensch im Allgemeinen|gender=u|specialcase_entity=generic)))
90311	tut	0		
90312	recht	0		
90313	gern	0		
90314	das	0		
90315	Gute	0		
90316	,	0		
90317	das	0		
90318	Zweckmäßige	0		
90319	,	0		
90320	wenn	0		
90321	er	0	(mention_id=12045|references=(entity=(entity_id=generic_1189|fullname=Mensch allgemein|gender=u|specialcase_entity=generic)))	(mention_id=12117|references=(entity=(entity_id=generic_0023|fullname=Mensch im Allgemeinen|gender=u|specialcase_entity=generic)))
90322	nur	0		
90323	dazu	0		
90324	kommen	0		
90325	kann	0		
90326	;	0		
90327	er	0	(mention_id=12046|references=(entity=(entity_id=generic_1190|fullname=Mensch allgemein|gender=u|specialcase_entity=generic)))	(mention_id=12118|references=(entity=(entity_id=generic_0024|fullname=Mensch im Allgemeinen|gender=u|specialcase_entity=generic)))
90328	tut	0		
90329	es	0		
90330	,	0		
90331	damit	0		
90332	er	0	(mention_id=12047|references=(entity=(entity_id=generic_1191|fullname=Mensch allgemein|gender=u|specialcase_entity=generic)))	(mention_id=12119|references=(entity=(entity_id=generic_0025|fullname=Mensch im Allgemeinen|gender=u|specialcase_entity=generic)))
90333	was	0		
90334	zu	0		
90335	tun	0		
90336	hat	0		
90337	,	0		
90338	und	0		
90339	sinnt	0		
90340	darüber	0		
90341	nicht	0		
90342	weiter	0		
90343	nach	0		
90344	als	0		
90345	über	0		
90346	alberne	0		
90347	Streiche	0		
90348	,	0		
90349	die	0		
90350	er	0	(mention_id=12048|references=(entity=(entity_id=generic_1192|fullname=Menschen allgemein|gender=u|specialcase_entity=generic)))	(mention_id=12120|references=(entity=(entity_id=generic_0026|fullname=Mensch im Allgemeinen|gender=u|specialcase_entity=generic)))
90351	aus	0		
90352	Müßiggang	0		
90353	und	0		
90354	langer	0		
90355	Weile	0		
90356	vornimmt	0		
90357	.	0		
90358	Wie	0		
90359	verdrießlich	0		
90360	ist	0		
90361	mirs	0	(mention_id=12049|references=(entity=(entity_id=entity_0021|fullname=Mittler|gender=m)))	(mention_id=12121|references=(entity=(entity_id=32|fullname=Mittler|gender=m)))
90362	oft	0		
90363	,	0		
90364	mit	0		
90365	anzuhören	0		
90366	,	0		
90367	wie	0		
90368	man	0		
90369	die	0		
90370	Zehn	0		
90371	Gebote	0		
90372	in	0		
90373	der	0		
90374	Kinderlehre	0		
90375	wiederholen	0		
90376	läßt	0		
90377	.	0		
90378	Das	0		
90379	vierte	0		
90380	ist	0		
90381	noch	0		
90382	ein	0		
90383	ganz	0		
90384	hübsches	0		
90385	,	0		
90386	vernünftiges	0		
90387	,	0		
90388	gebietendes	0		
90389	Gebot	0		
90390	.	0		
90391	›	0		
90392	Du	0	(mention_id=12050|references=(entity=(entity_id=generic_1193|fullname=Von Geboten angesprochener|gender=u|specialcase_entity=generic)))	(mention_id=12122|references=(entity=(entity_id=generic_0027|fullname=Mensch im Allgemeinen|gender=u|specialcase_entity=generic)))
90393	sollst	0		
90394	Vater	0	(mention_id=12051|references=(entity=(entity_id=generic_1206|fullname=Vater|gender=u|specialcase_entity=generic)))	(mention_id=12123|references=(entity=(entity_id=generic_0048|fullname=Vater im Allgemeinen|gender=u|specialcase_entity=generic)))
90395	und	0		
90396	Mutter	0	(mention_id=12052|references=(entity=(entity_id=generic_1207|fullname=Mutter|gender=u|specialcase_entity=generic)))	(mention_id=12124|references=(entity=(entity_id=generic_0049|fullname=Mutter im Allgemeinen|gender=u|specialcase_entity=generic)))
90397	ehren	0		
90398	.	0		
90399	‹	0		
90400	Wenn	0		
90401	sich	0		(mention_id=12125|references=(entity=(entity_id=generic_0011|fullname=Kinder im Allgemeinen|gender=u|specialcase_entity=generic)))
90402	das	0		
90403	die	0		
90404	Kinder	0	(mention_id=12053|references=(entity=(entity_id=generic_1181|fullname=Kinder allgemein|gender=u|specialcase_entity=generic)))	(mention_id=12126|references=(entity=(entity_id=generic_0012|fullname=Kinder im Allgemeinen|gender=u|specialcase_entity=generic)))
90405	recht	0		
90406	in	0		
90407	den	0		
90408	Sinn	0		
90409	schreiben	0		
90410	,	0		
90411	so	0		
90412	haben	0		
90413	sie	0	(mention_id=12054|references=(entity=(entity_id=generic_1182|fullname=Kinder allgemein|gender=u|specialcase_entity=generic)))	(mention_id=12127|references=(entity=(entity_id=generic_0013|fullname=Kinder im Allgemeinen|gender=u|specialcase_entity=generic)))
90414	den	0		
90415	ganzen	0		
90416	Tag	0		
90417	daran	0		
90418	auszuüben	0		
90419	.	0		
90420	Nun	0		
90421	aber	0		
90422	das	0		
90423	fünfte	0		
90424	,	0		
90425	was	0		
90426	soll	0		
90427	man	0		
90428	dazu	0		
90429	sagen	0		
90430	?	0		
90431	›	0		
90432	Du	0	(mention_id=12055|references=(entity=(entity_id=generic_1194|fullname=Von Geboten angesprochener|gender=u|specialcase_entity=generic)))	(mention_id=12128|references=(entity=(entity_id=generic_0028|fullname=Mensch im Allgemeinen|gender=u|specialcase_entity=generic)))
90433	sollst	0		
90434	nicht	0		
90435	töten	0		
90436	.	0		
90437	‹	0		
90438	Als	0		
90439	wenn	0		
90440	irgendein	0		
90441	Mensch	0	(mention_id=12056|references=(entity=(entity_id=generic_1208|fullname=irgendein Mensch|gender=u|specialcase_entity=generic)))	(mention_id=12129|references=(entity=(entity_id=generic_0029|fullname=Mensch im Allgemeinen|gender=u|specialcase_entity=generic)))
90442	im	0		
90443	mindesten	0		
90444	Lust	0		
90445	hätte	0		
90446	,	0		
90447	den	0		
90448	andern	0	(mention_id=12057|references=(entity=(entity_id=generic_1209|fullname=anderer Mensch|gender=u|specialcase_entity=generic)))	(mention_id=12130|references=(entity=(entity_id=generic_0003|fullname=andere Menschen im Allgemeinen|gender=u|specialcase_entity=generic)))
90449	totzuschlagen	0		
90450	!	0		
90451	Man	0	(mention_id=12058|references=(entity=(entity_id=generic_1213|fullname=Mensch allgemein 2|gender=u|specialcase_entity=generic)))	
90452	haßt	0		
90453	einen	0	(mention_id=12059|references=(entity=(entity_id=generic_1219|fullname=Jemand den man hasst|gender=u|specialcase_entity=generic)))	(mention_id=12131|references=(entity=(entity_id=generic_0030|fullname=Mensch im Allgemeinen|gender=u|specialcase_entity=generic)))
90454	,	0		
90455	man	0	(mention_id=12060|references=(entity=(entity_id=generic_1214|fullname=Mensch allgemein 2|gender=u|specialcase_entity=generic)))	(mention_id=12132|references=(entity=(entity_id=generic_0031|fullname=Mensch im Allgemeinen|gender=u|specialcase_entity=generic)))
90456	erzürnt	0		
90457	sich	0	(mention_id=12061|references=(entity=(entity_id=generic_1215|fullname=Mensch allgemein 2|gender=u|specialcase_entity=generic)))	(mention_id=12133|references=(entity=(entity_id=generic_0032|fullname=Mensch im Allgemeinen|gender=u|specialcase_entity=generic)))
90458	,	0		
90459	man	0	(mention_id=12062|references=(entity=(entity_id=generic_1216|fullname=Mensch allgemein 2|gender=u|specialcase_entity=generic)))	(mention_id=12134|references=(entity=(entity_id=generic_0033|fullname=Mensch im Allgemeinen|gender=u|specialcase_entity=generic)))
90460	übereilt	0		
90461	sich	0	(mention_id=12063|references=(entity=(entity_id=generic_1217|fullname=Mensch allgemein 2|gender=u|specialcase_entity=generic)))	(mention_id=12135|references=(entity=(entity_id=generic_0034|fullname=Mensch im Allgemeinen|gender=u|specialcase_entity=generic)))
90462	,	0		
90463	und	0		
90464	in	0		
90465	Gefolg	0		
90466	von	0		
90467	dem	0		
90468	und	0		
90469	manchem	0		
90470	andern	0		
90471	kann	0		
90472	es	0		
90473	wohl	0		
90474	kommen	0		
90475	,	0		
90476	daß	0		
90477	man	0		
90478	gelegentlich	0		
90479	einen	0	(mention_id=12064|references=(entity=(entity_id=generic_1220|fullname=Jemand den man hasst|gender=u|specialcase_entity=generic)))	(mention_id=12136|references=(entity=(entity_id=generic_0035|fullname=Mensch im Allgemeinen|gender=u|specialcase_entity=generic)))
90480	totschlägt	0		
90481	.	0		
90482	Aber	0		
90483	ist	0		
90484	es	0		
90485	nicht	0		
90486	eine	0		
90487	barbarische	0		
90488	Anstalt	0		
90489	,	0		
90490	den	0		
90491	Kindern	0	(mention_id=12065|references=(entity=(entity_id=generic_1183|fullname=Kinder allgemein|gender=u|specialcase_entity=generic)))	(mention_id=12137|references=(entity=(entity_id=generic_0014|fullname=Kinder im Allgemeinen|gender=u|specialcase_entity=generic)))
90492	Mord	0		
90493	und	0		
90494	Totschlag	0		
90495	zu	0		
90496	verbieten	0		
90497	?	0		
90498	Wenn	0		
90499	es	0		
90500	hieße	0		
90501	:	0		
90502	›	0		
90503	Sorge	0		
90504	für	0		
90505	des	0		
90506	andern	0		(mention_id=12138|references=(entity=(entity_id=generic_0004|fullname=andere Menschen im Allgemeinen|gender=u|specialcase_entity=generic)))
90507	Leben	0		
90508	,	0		
90509	entferne	0		
90510	,	0		
90511	was	0		
90512	ihm	0	(mention_id=12066|references=(entity=(entity_id=generic_1210|fullname=anderer Mensch|gender=u|specialcase_entity=generic)))	(mention_id=12139|references=(entity=(entity_id=generic_0005|fullname=andere Menschen im Allgemeinen|gender=u|specialcase_entity=generic)))
90513	schädlich	0		
90514	sein	0		
90515	kann	0		
90516	,	0		
90517	rette	0		
90518	ihn	0	(mention_id=12067|references=(entity=(entity_id=generic_1211|fullname=anderer Mensch|gender=u|specialcase_entity=generic)))	(mention_id=12140|references=(entity=(entity_id=generic_0006|fullname=andere Menschen im Allgemeinen|gender=u|specialcase_entity=generic)))
90519	mit	0		
90520	deiner	0	(mention_id=12068|references=(entity=(entity_id=generic_1195|fullname=Von Geboten angesprochener|gender=u|specialcase_entity=generic)))	(mention_id=12141|references=(entity=(entity_id=generic_0036|fullname=Mensch im Allgemeinen|gender=u|specialcase_entity=generic)))
90521	eigenen	0		
90522	Gefahr	0		
90523	;	0		
90524	wenn	0		
90525	du	0	(mention_id=12069|references=(entity=(entity_id=generic_1196|fullname=Von Geboten angesprochener|gender=u|specialcase_entity=generic)))	(mention_id=12142|references=(entity=(entity_id=generic_0037|fullname=Mensch im Allgemeinen|gender=u|specialcase_entity=generic)))
90526	ihn	0	(mention_id=12070|references=(entity=(entity_id=generic_1212|fullname=anderer Mensch|gender=u|specialcase_entity=generic)))	(mention_id=12143|references=(entity=(entity_id=generic_0007|fullname=andere Menschen im Allgemeinen|gender=u|specialcase_entity=generic)))
90527	beschädigst	0		
90528	,	0		
90529	denke	0		
90530	,	0		
90531	daß	0		
90532	du	0	(mention_id=12071|references=(entity=(entity_id=generic_1197|fullname=Von Geboten angesprochener|gender=u|specialcase_entity=generic)))	(mention_id=12144|references=(entity=(entity_id=generic_0038|fullname=Mensch im Allgemeinen|gender=u|specialcase_entity=generic)))
90533	dich	0	(mention_id=12072|references=(entity=(entity_id=generic_1218|fullname=Mensch allgemein 2|gender=u|specialcase_entity=generic)))	(mention_id=12145|references=(entity=(entity_id=generic_0039|fullname=Mensch im Allgemeinen|gender=u|specialcase_entity=generic)))
90534	selbst	0		
90535	beschädigst	0		
90536	‹	0		
90537	:	0		
90538	das	0		
90539	sind	0		
90540	Gebote	0		
90541	,	0		
90542	wie	0		
90543	sie	0		
90544	unter	0		
90545	gebildeten	0		
90546	,	0		
90547	vernünftigen	0		
90548	Völkern	0	(mention_id=12073|references=(entity=(entity_id=generic_1221|fullname=gebildete vernünftige Völker|gender=u|specialcase_entity=generic)))	(mention_id=12146|references=(entity=(entity_id=generic_0018|fullname=Völker im Allgemeinen|gender=u|specialcase_entity=generic)))
90549	statthaben	0		
90550	und	0		
90551	die	0		
90552	man	0		
90553	bei	0		
90554	der	0		
90555	Katechismuslehre	0		
90556	nur	0		
90557	kümmerlich	0		
90558	in	0		
90559	dem	0		
90560	›	0		
90561	Was	0		
90562	ist	0		
90563	das	0		
90564	?	0		
90565	‹	0		
90566	nachschleppt	0		
90567	.	0		
90568	Und	0		
90569	nun	0		
90570	gar	0		
90571	das	0		
90572	sechste	0		
90573	,	0		
90574	das	0		
90575	finde	0		
90576	ich	0	(mention_id=12074|references=(entity=(entity_id=entity_0021|fullname=Mittler|gender=m)))	(mention_id=12147|references=(entity=(entity_id=32|fullname=Mittler|gender=m)))
90577	ganz	0		
90578	abscheulich	0		
90579	!	0		
90580	Was	0		
90581	?	0		
90582	Die	0		
90583	Neugierde	0		
90584	vorahnender	0		
90585	Kinder	0	(mention_id=12075|references=(entity=(entity_id=generic_1222|fullname=vorahnende Kinder allgemein|gender=u|specialcase_entity=generic)))	(mention_id=12148|references=(entity=(entity_id=generic_0015|fullname=Kinder im Allgemeinen|gender=u|specialcase_entity=generic)))
90586	auf	0		
90587	gefährliche	0		
90588	Mysterien	0		
90589	reizen	0		
90590	,	0		
90591	ihre	0	(mention_id=12076|references=(entity=(entity_id=generic_1223|fullname=vorahnende Kinder allgemein|gender=u|specialcase_entity=generic)))	(mention_id=12149|references=(entity=(entity_id=generic_0016|fullname=Kinder im Allgemeinen|gender=u|specialcase_entity=generic)))
90592	Einbildungskraft	0		
90593	zu	0		
90594	wunderlichen	0		
90595	Bildern	0		
90596	und	0		
90597	Vorstellungen	0		
90598	aufregen	0		
90599	,	0		
90600	die	0		
90601	gerade	0		
90602	das	0		
90603	,	0		
90604	was	0		
90605	man	0		
90606	entfernen	0		
90607	will	0		
90608	,	0		
90609	mit	0		
90610	Gewalt	0		
90611	heranbringen	0		
90612	!	0		
90613	Weit	0		
90614	besser	0		
90615	wäre	0		
90616	es	0		
90617	,	0		
90618	daß	0		
90619	dergleichen	0		
90620	von	0		
90621	einem	0		
90622	heimlichen	0		
90623	Gericht	0		
90624	willkürlich	0		
90625	bestraft	0		
90626	würde	0		
90627	,	0		
90628	als	0		
90629	daß	0		
90630	man	0		
90631	vor	0		
90632	Kirch	0		
90633	und	0		
90634	Gemeinde	0	(mention_id=12077|references=(entity=(entity_id=generic_1224|fullname=Gemeinde|gender=u|specialcase_entity=generic)))	(mention_id=12150|references=(entity=(entity_id=generic_0050|fullname=Gemeinde im Allgemeinen|gender=u|specialcase_entity=generic)))
90635	davon	0		
90636	plappern	0		
90637	läßt	0		
90638	.	0		
90639	«	0		
90640	In	0		
90641	dem	0		
90642	Augenblick	0		
90643	trat	0		
90644	Ottilie	0	(mention_id=12078|references=(entity=(entity_id=entity_0006|fullname=Ottilie|gender=f)))	(mention_id=12151|references=(entity=(entity_id=40|fullname=Ottilie|gender=f)))
90645	herein	0		
90646	.	0		
90647	»	0		
90648	›	0		
90649	Du	0	(mention_id=12079|references=(entity=(entity_id=generic_1198|fullname=Von Geboten angesprochener|gender=u|specialcase_entity=generic)))	(mention_id=12152|references=(entity=(entity_id=generic_0040|fullname=Mensch im Allgemeinen|gender=u|specialcase_entity=generic)))
90650	sollst	0		
90651	nicht	0		
90652	ehebrechen	0		
90653	‹	0		
90654	,	0		
90655	«	0		
90656	fuhr	0		
90657	Mittler	0	(mention_id=12080|references=(entity=(entity_id=entity_0021|fullname=Mittler|gender=m)))	(mention_id=12153|references=(entity=(entity_id=32|fullname=Mittler|gender=m)))
90658	fort	0		
90659	.	0		
90660	»	0		
90661	Wie	0		
90662	grob	0		
90663	,	0		
90664	wie	0		
90665	unanständig	0		
90666	!	0		
90667	Klänge	0		
90668	es	0		
90669	nicht	0		
90670	ganz	0		
90671	anders	0		
90672	,	0		
90673	wenn	0		
90674	es	0		
90675	hieße	0		
90676	:	0		
90677	›	0		
90678	Du	0	(mention_id=12081|references=(entity=(entity_id=generic_1199|fullname=Von Geboten angesprochener|gender=u|specialcase_entity=generic)))	(mention_id=12154|references=(entity=(entity_id=generic_0041|fullname=Mensch im Allgemeinen|gender=u|specialcase_entity=generic)))
90679	sollst	0		
90680	Ehrfurcht	0		
90681	haben	0		
90682	vor	0		
90683	der	0		
90684	ehelichen	0		
90685	Verbindung	0		
90686	;	0		
90687	wo	0		
90688	du	0	(mention_id=12082|references=(entity=(entity_id=generic_1200|fullname=Von Geboten angesprochener|gender=u|specialcase_entity=generic)))	(mention_id=12155|references=(entity=(entity_id=generic_0042|fullname=Mensch im Allgemeinen|gender=u|specialcase_entity=generic)))
90689	Gatten	0	(mention_id=12083|references=(entity=(entity_id=generic_1225|fullname=Ehepaare allgemein|gender=u|specialcase_entity=generic)))	(mention_id=12156|references=(entity=(entity_id=generic_0051|fullname=Gatten im Allgemeinen|gender=u|specialcase_entity=generic)))
90690	siehst	0		
90691	,	0		
90692	die	0	(mention_id=12084|references=(entity=(entity_id=generic_1226|fullname=Ehepaare allgemein|gender=u|specialcase_entity=generic)))	(mention_id=12157|references=(entity=(entity_id=generic_0052|fullname=Gatten im Allgemeinen|gender=u|specialcase_entity=generic)))
90693	sich	0	(mention_id=12085|references=(entity=(entity_id=generic_1227|fullname=Ehepaare allgemein|gender=u|specialcase_entity=generic)))	(mention_id=12158|references=(entity=(entity_id=generic_0053|fullname=Gatten im Allgemeinen|gender=u|specialcase_entity=generic)))
90694	lieben	0		
90695	,	0		
90696	sollst	0		
90697	du	0	(mention_id=12086|references=(entity=(entity_id=generic_1201|fullname=Von Geboten angesprochener|gender=u|specialcase_entity=generic)))	(mention_id=12159|references=(entity=(entity_id=generic_0043|fullname=Mensch im Allgemeinen|gender=u|specialcase_entity=generic)))
90698	dich	0	(mention_id=12087|references=(entity=(entity_id=generic_1202|fullname=Von Geboten angesprochener|gender=u|specialcase_entity=generic)))	(mention_id=12160|references=(entity=(entity_id=generic_0044|fullname=Mensch im Allgemeinen|gender=u|specialcase_entity=generic)))
90699	darüber	0		
90700	freuen	0		
90701	und	0		
90702	teil	0		
90703	daran	0		
90704	nehmen	0		
90705	wie	0		
90706	an	0		
90707	dem	0		
90708	Glück	0		
90709	eines	0		
90710	heitern	0		
90711	Tages	0		
90712	.	0		
90713	Sollte	0		
90714	sich	0		
90715	irgend	0		
90716	in	0		
90717	ihrem	0	(mention_id=12088|references=(entity=(entity_id=generic_1228|fullname=Ehepaare allgemein|gender=u|specialcase_entity=generic)))	(mention_id=12161|references=(entity=(entity_id=generic_0054|fullname=Gatten im Allgemeinen|gender=u|specialcase_entity=generic)))
90718	Verhältnis	0		
90719	etwas	0		
90720	trüben	0		
90721	,	0		
90722	so	0		
90723	sollst	0		
90724	du	0	(mention_id=12089|references=(entity=(entity_id=generic_1203|fullname=Von Geboten angesprochener|gender=u|specialcase_entity=generic)))	(mention_id=12162|references=(entity=(entity_id=generic_0045|fullname=Mensch im Allgemeinen|gender=u|specialcase_entity=generic)))
90725	suchen	0		
90726	,	0		
90727	es	0		
90728	aufzuklären	0		
90729	;	0		
90730	du	0	(mention_id=12090|references=(entity=(entity_id=generic_1204|fullname=Von Geboten angesprochener|gender=u|specialcase_entity=generic)))	(mention_id=12163|references=(entity=(entity_id=generic_0046|fullname=Mensch im Allgemeinen|gender=u|specialcase_entity=generic)))
90731	sollst	0		
90732	suchen	0		
90733	,	0		
90734	sie	0	(mention_id=12091|references=(entity=(entity_id=generic_1229|fullname=Ehepaare allgemein|gender=u|specialcase_entity=generic)))	(mention_id=12164|references=(entity=(entity_id=generic_0055|fullname=Gatten im Allgemeinen|gender=u|specialcase_entity=generic)))
90735	zu	0		
90736	begütigen	0		
90737	,	0		
90738	sie	0	(mention_id=12092|references=(entity=(entity_id=generic_1230|fullname=Ehepaare allgemein|gender=u|specialcase_entity=generic)))	(mention_id=12165|references=(entity=(entity_id=generic_0056|fullname=Gatten im Allgemeinen|gender=u|specialcase_entity=generic)))
90739	zu	0		
90740	besänftigen	0		
90741	,	0		
90742	ihnen	0	(mention_id=12093|references=(entity=(entity_id=generic_1231|fullname=Ehepaare allgemein|gender=u|specialcase_entity=generic)))	(mention_id=12166|references=(entity=(entity_id=generic_0057|fullname=Gatten im Allgemeinen|gender=u|specialcase_entity=generic)))
90743	ihre	0	(mention_id=12094|references=(entity=(entity_id=generic_1232|fullname=Ehepaare allgemein|gender=u|specialcase_entity=generic)))	(mention_id=12167|references=(entity=(entity_id=generic_0058|fullname=Gatten im Allgemeinen|gender=u|specialcase_entity=generic)))
90744	wechselseitigen	0		
90745	Vorteile	0		
90746	deutlich	0		
90747	zu	0		
90748	machen	0		
90749	,	0		
90750	und	0		
90751	mit	0		
90752	schöner	0		
90753	Uneigennützigkeit	0		
90754	das	0		
90755	Wohl	0		
90756	der	0		
90757	andern	0	(mention_id=12095|references=(entity=(entity_id=generic_1234|fullname=Andere Personen|gender=u|specialcase_entity=generic)))	(mention_id=12168|references=(entity=(entity_id=generic_0008|fullname=andere Menschen im Allgemeinen|gender=u|specialcase_entity=generic)))
90758	fördern	0		
90759	,	0		
90760	indem	0		
90761	du	0	(mention_id=12096|references=(entity=(entity_id=generic_1205|fullname=Von Geboten angesprochener|gender=u|specialcase_entity=generic)))	(mention_id=12169|references=(entity=(entity_id=generic_0047|fullname=Mensch im Allgemeinen|gender=u|specialcase_entity=generic)))
90762	ihnen	0	(mention_id=12097|references=(entity=(entity_id=generic_1233|fullname=Ehepaare allgemein|gender=u|specialcase_entity=generic)))	(mention_id=12170|references=(entity=(entity_id=generic_0059|fullname=Gatten im Allgemeinen|gender=u|specialcase_entity=generic)))
90763	fühlbar	0		
90764	machst	0		
90765	,	0		
90766	was	0		
90767	für	0		
90768	ein	0		
90769	Glück	0		
90770	aus	0		
90771	jeder	0		
90772	Pflicht	0		
90773	und	0		
90774	besonders	0		
90775	aus	0		
90776	dieser	0		
90777	entspringt	0		
90778	,	0		
90779	welche	0		
90780	Mann	0	(mention_id=12098|references=(entity=(entity_id=generic_1235|fullname=Mann allgemein|gender=u|specialcase_entity=generic)))	(mention_id=12171|references=(entity=(entity_id=generic_0060|fullname=Mann im Allgemeinen|gender=u|specialcase_entity=generic)))
90781	und	0		
90782	Weib	0	(mention_id=12099|references=(entity=(entity_id=generic_1236|fullname=Weib allgemein|gender=u|specialcase_entity=generic)))	(mention_id=12172|references=(entity=(entity_id=generic_0061|fullname=Weib im Allgemeinen|gender=u|specialcase_entity=generic)))
90783	unauflöslich	0		
90784	verbindet	0		
90785	‹	0		
90786	?	0		
90787	«	0		
90788	Charlotte	0	(mention_id=12100|references=(entity=(entity_id=entity_0002|fullname=Charlotte|gender=f)))	(mention_id=12173|references=(entity=(entity_id=7|fullname=Charlotte|gender=f)))
90789	saß	0		
90790	wie	0		
90791	auf	0		
90792	Kohlen	0		
90793	,	0		
90794	und	0		
90795	der	0		
90796	Zustand	0		
90797	war	0		
90798	ihr	0	(mention_id=12101|references=(entity=(entity_id=entity_0002|fullname=Charlotte|gender=f)))	(mention_id=12174|references=(entity=(entity_id=7|fullname=Charlotte|gender=f)))
90799	um	0		
90800	so	0		
90801	ängstlicher	0		
90802	,	0		
90803	als	0		
90804	sie	0	(mention_id=12102|references=(entity=(entity_id=entity_0002|fullname=Charlotte|gender=f)))	(mention_id=12175|references=(entity=(entity_id=7|fullname=Charlotte|gender=f)))
90805	überzeugt	0		
90806	war	0		
90807	,	0		
90808	daß	0		
90809	Mittler	0	(mention_id=12103|references=(entity=(entity_id=entity_0021|fullname=Mittler|gender=m)))	(mention_id=12176|references=(entity=(entity_id=32|fullname=Mittler|gender=m)))
90810	nicht	0		
90811	wußte	0		
90812	,	0		
90813	was	0		
90814	und	0		
90815	wo	0		
90816	ers	0	(mention_id=12104|references=(entity=(entity_id=entity_0021|fullname=Mittler|gender=m)))	(mention_id=12177|references=(entity=(entity_id=32|fullname=Mittler|gender=m)))
90817	sagte	0		
90818	,	0		
90819	und	0		
90820	ehe	0		
90821	sie	0	(mention_id=12105|references=(entity=(entity_id=entity_0002|fullname=Charlotte|gender=f)))	(mention_id=12178|references=(entity=(entity_id=7|fullname=Charlotte|gender=f)))
90822	ihn	0	(mention_id=12106|references=(entity=(entity_id=entity_0021|fullname=Mittler|gender=m)))	(mention_id=12179|references=(entity=(entity_id=32|fullname=Mittler|gender=m)))
90823	noch	0		
90824	unterbrechen	0		
90825	konnte	0		
90826	,	0		
90827	sah	0		
90828	sie	0	(mention_id=12107|references=(entity=(entity_id=entity_0002|fullname=Charlotte|gender=f)))	(mention_id=12180|references=(entity=(entity_id=7|fullname=Charlotte|gender=f)))
90829	schon	0		
90830	Ottilien	0	(mention_id=12108|references=(entity=(entity_id=entity_0006|fullname=Ottilie|gender=f)))	(mention_id=12181|references=(entity=(entity_id=40|fullname=Ottilie|gender=f)))
90831	,	0		
90832	deren	0	(mention_id=12109|references=(entity=(entity_id=entity_0006|fullname=Ottilie|gender=f)))	(mention_id=12182|references=(entity=(entity_id=40|fullname=Ottilie|gender=f)))
90833	Gestalt	0		
90834	sich	0		
90835	verwandelt	0		
90836	hatte	0		
90837	,	0		
90838	aus	0		
90839	dem	0		
90840	Zimmer	0		
90841	gehen	0		
90842	.	0		
90843	»	0		
90844	Sie	0	(mention_id=12110|references=(entity=(entity_id=entity_0006|fullname=Ottilie|gender=f)))	(mention_id=12183|references=(entity=(entity_id=7|fullname=Charlotte|gender=f)))
90845	erlassen	0		
90846	uns	0	(mention_id=12111|references=(entity=(entity_id=entity_0002|fullname=Charlotte|gender=f)),(entity=(entity_id=entity_0021|fullname=Mittler|gender=m)))	(mention_id=12184|references=(entity=(entity_id=7|fullname=Charlotte|gender=f)),(entity=(entity_id=27|fullname=Major|gender=m)),(entity=(entity_id=32|fullname=Mittler|gender=m)))
90847	wohl	0		
90848	das	0		
90849	siebente	0		
90850	Gebot	0		
90851	,	0		
90852	«	0		
90853	sagte	0		
90854	Charlotte	0	(mention_id=12112|references=(entity=(entity_id=entity_0002|fullname=Charlotte|gender=f)))	(mention_id=12185|references=(entity=(entity_id=7|fullname=Charlotte|gender=f)))
90855	mit	0		
90856	erzwungenem	0		
90857	Lächeln	0		
90858	.	0		
90859	»	0		
90860	Alle	0		
90861	die	0		
90862	übrigen	0		
90863	,	0		
90864	«	0		
90865	versetzte	0		
90866	Mittler	0	(mention_id=12113|references=(entity=(entity_id=entity_0021|fullname=Mittler|gender=m)))	(mention_id=12186|references=(entity=(entity_id=32|fullname=Mittler|gender=m)))
90867	,	0		
90868	»	0		
90869	wenn	0		
90870	ich	0	(mention_id=12114|references=(entity=(entity_id=entity_0021|fullname=Mittler|gender=m)))	(mention_id=12187|references=(entity=(entity_id=32|fullname=Mittler|gender=m)))
90871	nur	0		
90872	das	0		
90873	rette	0		
90874	,	0		
90875	worauf	0		
90876	die	0		
90877	andern	0		
90878	beruhen	0		
90879	.	0		
90880	«	0		
90881	Mit	0		
90882	entsetzlichem	0		
90883	Schrei	0		
90884	hereinstürzend	0		
90885	rief	0		
90886	Nanny	0	(mention_id=12115|references=(entity=(entity_id=entity_0183|fullname=Nanny|gender=f)))	(mention_id=12188|references=(entity=(entity_id=37|fullname=Nanny|gender=f)))
90887	:	0		
90888	»	0		
90889	Sie	0	(mention_id=12116|references=(entity=(entity_id=entity_0006|fullname=Ottilie|gender=f)))	(mention_id=12189|references=(entity=(entity_id=37|fullname=Nanny|gender=f)))
90890	stirbt	0		
90891	!	0		
90892	Das	0		
90893	Fräulein	0	(mention_id=12117|references=(entity=(entity_id=entity_0006|fullname=Ottilie|gender=f)))	(mention_id=12190|references=(entity=(entity_id=40|fullname=Ottilie|gender=f)))
90894	stirbt	0		
90895	!	0		
90896	Kommen	0		
90897	Sie	0	(mention_id=12118|references=(entity=(entity_id=entity_0002|fullname=Charlotte|gender=f)),(entity=(entity_id=entity_0021|fullname=Mittler|gender=m)))	(mention_id=12191|references=(entity=(entity_id=37|fullname=Nanny|gender=f)))
90898	!	0		
90899	Kommen	0		
90900	Sie	0	(mention_id=12119|references=(entity=(entity_id=entity_0002|fullname=Charlotte|gender=f)),(entity=(entity_id=entity_0021|fullname=Mittler|gender=m)))	(mention_id=12192|references=(entity=(entity_id=37|fullname=Nanny|gender=f)))
90901	!	0		
90902	«	0		
90903	Als	0		
90904	Ottilie	0	(mention_id=12120|references=(entity=(entity_id=entity_0006|fullname=Ottilie|gender=f)))	(mention_id=12193|references=(entity=(entity_id=40|fullname=Ottilie|gender=f)))
90905	nach	0		
90906	ihrem	0	(mention_id=12121|references=(entity=(entity_id=entity_0006|fullname=Ottilie|gender=f)))	(mention_id=12194|references=(entity=(entity_id=40|fullname=Ottilie|gender=f)))
90907	Zimmer	0		
90908	schwankend	0		
90909	zurückgekommen	0		
90910	war	0		
90911	,	0		
90912	lag	0		
90913	der	0		
90914	morgende	0		
90915	Schmuck	0		
90916	auf	0		
90917	mehreren	0		
90918	Stühlen	0		
90919	völlig	0		
90920	ausgebreitet	0		
90921	,	0		
90922	und	0		
90923	das	0		
90924	Mädchen	0	(mention_id=12122|references=(entity=(entity_id=entity_0183|fullname=Nanny|gender=f)))	(mention_id=12195|references=(entity=(entity_id=37|fullname=Nanny|gender=f)))
90925	,	0		
90926	das	0	(mention_id=12123|references=(entity=(entity_id=entity_0183|fullname=Nanny|gender=f)))	(mention_id=12196|references=(entity=(entity_id=37|fullname=Nanny|gender=f)))
90927	betrachtend	0		
90928	und	0		
90929	bewundernd	0		
90930	daran	0		
90931	hin	0		
90932	und	0		
90933	her	0		
90934	ging	0		
90935	,	0		
90936	rief	0		
90937	jubelnd	0		
90938	aus	0		
90939	:	0		
90940	»	0		
90941	Sehen	0		
90942	Sie	0	(mention_id=12124|references=(entity=(entity_id=entity_0183|fullname=Nanny|gender=f)))	(mention_id=12197|references=(entity=(entity_id=37|fullname=Nanny|gender=f)))
90943	nur	0		
90944	,	0		
90945	liebstes	0		
90946	Fräulein	0	(mention_id=12125|references=(entity=(entity_id=entity_0006|fullname=Ottilie|gender=f)))	(mention_id=12198|references=(entity=(entity_id=40|fullname=Ottilie|gender=f)))
90947	,	0		
90948	das	0		
90949	ist	0		
90950	ein	0		
90951	Brautschmuck	0		
90952	,	0		
90953	ganz	0		
90954	Ihrer	0	(mention_id=12126|references=(entity=(entity_id=entity_0006|fullname=Ottilie|gender=f)))	(mention_id=12199|references=(entity=(entity_id=40|fullname=Ottilie|gender=f)))
90955	wert	0		
90956	!	0		
90957	«	0		
90958	Ottilie	0	(mention_id=12127|references=(entity=(entity_id=entity_0006|fullname=Ottilie|gender=f)))	(mention_id=12200|references=(entity=(entity_id=40|fullname=Ottilie|gender=f)))
90959	vernahm	0		
90960	diese	0		
90961	Worte	0		
90962	und	0		
90963	sank	0		
90964	auf	0		
90965	den	0		
90966	Sofa	0		
90967	.	0		
90968	Nanny	0	(mention_id=12128|references=(entity=(entity_id=entity_0183|fullname=Nanny|gender=f)))	(mention_id=12201|references=(entity=(entity_id=37|fullname=Nanny|gender=f)))
90969	sieht	0		
90970	ihre	0	(mention_id=12129|references=(entity=(entity_id=entity_0183|fullname=Nanny|gender=f)))	(mention_id=12202|references=(entity=(entity_id=37|fullname=Nanny|gender=f)))
90971	Herrin	0	(mention_id=12130|references=(entity=(entity_id=entity_0006|fullname=Ottilie|gender=f)))	(mention_id=12203|references=(entity=(entity_id=40|fullname=Ottilie|gender=f)))
90972	erblassen	0		
90973	,	0		
90974	erstarren	0		
90975	;	0		
90976	sie	0	(mention_id=12131|references=(entity=(entity_id=entity_0183|fullname=Nanny|gender=f)))	(mention_id=12204|references=(entity=(entity_id=37|fullname=Nanny|gender=f)))
90977	läuft	0		
90978	zu	0		
90979	Charlotten	0	(mention_id=12132|references=(entity=(entity_id=entity_0002|fullname=Charlotte|gender=f)))	(mention_id=12205|references=(entity=(entity_id=7|fullname=Charlotte|gender=f)))
90980	;	0		
90981	man	0		
90982	kommt	0		
90983	.	0		
90984	Der	0		
90985	ärztliche	0		
90986	Hausfreund	0	(mention_id=12133|references=(entity=(entity_id=entity_0443|fullname=Arzt|gender=m)))	(mention_id=12206|references=(entity=(entity_id=3|fullname=Arzt|gender=m)))
90987	eilt	0		
90988	herbei	0		
90989	;	0		
90990	es	0		
90991	scheint	0		
90992	ihm	0	(mention_id=12134|references=(entity=(entity_id=entity_0443|fullname=Arzt|gender=m)))	(mention_id=12207|references=(entity=(entity_id=3|fullname=Arzt|gender=m)))
90993	nur	0		
90994	eine	0		
90995	Erschöpfung	0		
90996	.	0		
90997	Er	0	(mention_id=12135|references=(entity=(entity_id=entity_0443|fullname=Arzt|gender=m)))	(mention_id=12208|references=(entity=(entity_id=3|fullname=Arzt|gender=m)))
90998	läßt	0		
90999	etwas	0		
91000	Kraftbrühe	0		
91001	bringen	0		
91002	;	0		
91003	Ottilie	0	(mention_id=12136|references=(entity=(entity_id=entity_0006|fullname=Ottilie|gender=f)))	(mention_id=12209|references=(entity=(entity_id=40|fullname=Ottilie|gender=f)))
91004	weist	0		
91005	sie	0		(mention_id=12210|references=(entity=(entity_id=40|fullname=Ottilie|gender=f)))
91006	mit	0		
91007	Abscheu	0		
91008	weg	0		
91009	,	0		
91010	ja	0		
91011	sie	0	(mention_id=12137|references=(entity=(entity_id=entity_0006|fullname=Ottilie|gender=f)))	(mention_id=12211|references=(entity=(entity_id=40|fullname=Ottilie|gender=f)))
91012	fällt	0		
91013	fast	0		
91014	in	0		
91015	Zuckungen	0		
91016	,	0		
91017	als	0		
91018	man	0		
91019	die	0		
91020	Tasse	0		
91021	dem	0		
91022	Munde	0		
91023	nähert	0		
91024	.	0		
91025	Er	0	(mention_id=12138|references=(entity=(entity_id=entity_0443|fullname=Arzt|gender=m)))	(mention_id=12212|references=(entity=(entity_id=3|fullname=Arzt|gender=m)))
91026	fragt	0		
91027	mit	0		
91028	Ernst	0		
91029	und	0		
91030	Hast	0		
91031	,	0		
91032	wie	0		
91033	es	0		
91034	ihm	0	(mention_id=12139|references=(entity=(entity_id=entity_0443|fullname=Arzt|gender=m)))	(mention_id=12213|references=(entity=(entity_id=3|fullname=Arzt|gender=m)))
91035	der	0		
91036	Umstand	0		
91037	eingab	0		
91038	,	0		
91039	was	0		
91040	Ottilie	0	(mention_id=12140|references=(entity=(entity_id=entity_0006|fullname=Ottilie|gender=f)))	(mention_id=12214|references=(entity=(entity_id=40|fullname=Ottilie|gender=f)))
91041	heute	0		
91042	genossen	0		
91043	habe	0		
91044	.	0		
91045	Das	0		
91046	Mädchen	0	(mention_id=12141|references=(entity=(entity_id=entity_0183|fullname=Nanny|gender=f)))	(mention_id=12215|references=(entity=(entity_id=37|fullname=Nanny|gender=f)))
91047	stockt	0		
91048	;	0		
91049	er	0	(mention_id=12142|references=(entity=(entity_id=entity_0443|fullname=Arzt|gender=m)))	(mention_id=12216|references=(entity=(entity_id=3|fullname=Arzt|gender=m)))
91050	wiederholt	0		
91051	seine	0	(mention_id=12143|references=(entity=(entity_id=entity_0443|fullname=Arzt|gender=m)))	(mention_id=12217|references=(entity=(entity_id=3|fullname=Arzt|gender=m)))
91052	Frage	0		
91053	;	0		
91054	das	0		
91055	Mädchen	0	(mention_id=12144|references=(entity=(entity_id=entity_0183|fullname=Nanny|gender=f)))	(mention_id=12218|references=(entity=(entity_id=37|fullname=Nanny|gender=f)))
91056	bekennt	0		
91057	,	0		
91058	Ottilie	0	(mention_id=12145|references=(entity=(entity_id=entity_0006|fullname=Ottilie|gender=f)))	(mention_id=12219|references=(entity=(entity_id=40|fullname=Ottilie|gender=f)))
91059	habe	0		
91060	nichts	0		
91061	genossen	0		
91062	.	0		
91063	Nanny	0	(mention_id=12146|references=(entity=(entity_id=entity_0183|fullname=Nanny|gender=f)))	(mention_id=12220|references=(entity=(entity_id=37|fullname=Nanny|gender=f)))
91064	scheint	0		
91065	ihm	0	(mention_id=12147|references=(entity=(entity_id=entity_0443|fullname=Arzt|gender=m)))	(mention_id=12221|references=(entity=(entity_id=3|fullname=Arzt|gender=m)))
91066	ängstlicher	0		
91067	als	0		
91068	billig	0		
91069	.	0		
91070	Er	0	(mention_id=12148|references=(entity=(entity_id=entity_0443|fullname=Arzt|gender=m)))	(mention_id=12222|references=(entity=(entity_id=3|fullname=Arzt|gender=m)))
91071	reißt	0		
91072	sie	0	(mention_id=12149|references=(entity=(entity_id=entity_0183|fullname=Nanny|gender=f)))	(mention_id=12223|references=(entity=(entity_id=37|fullname=Nanny|gender=f)))
91073	in	0		
91074	ein	0		
91075	Nebenzimmer	0		
91076	,	0		
91077	Charlotte	0	(mention_id=12150|references=(entity=(entity_id=entity_0002|fullname=Charlotte|gender=f)))	(mention_id=12224|references=(entity=(entity_id=7|fullname=Charlotte|gender=f)))
91078	folgt	0		
91079	,	0		
91080	das	0		
91081	Mädchen	0	(mention_id=12151|references=(entity=(entity_id=entity_0183|fullname=Nanny|gender=f)))	(mention_id=12225|references=(entity=(entity_id=37|fullname=Nanny|gender=f)))
91082	wirft	0		
91083	sich	0	(mention_id=12152|references=(entity=(entity_id=entity_0183|fullname=Nanny|gender=f)))	(mention_id=12226|references=(entity=(entity_id=37|fullname=Nanny|gender=f)))
91084	auf	0		
91085	die	0		
91086	Kniee	0		
91087	,	0		
91088	sie	0	(mention_id=12153|references=(entity=(entity_id=entity_0183|fullname=Nanny|gender=f)))	(mention_id=12227|references=(entity=(entity_id=37|fullname=Nanny|gender=f)))
91089	gesteht	0		
91090	,	0		
91091	daß	0		
91092	Ottilie	0	(mention_id=12154|references=(entity=(entity_id=entity_0006|fullname=Ottilie|gender=f)))	(mention_id=12228|references=(entity=(entity_id=40|fullname=Ottilie|gender=f)))
91093	schon	0		
91094	lange	0		
91095	so	0		
91096	gut	0		
91097	wie	0		
91098	nichts	0		
91099	genieße	0		
91100	.	0		
91101	Auf	0		
91102	Andringen	0		
91103	Ottiliens	0	(mention_id=12155|references=(entity=(entity_id=entity_0006|fullname=Ottilie|gender=f)))	(mention_id=12229|references=(entity=(entity_id=40|fullname=Ottilie|gender=f)))
91104	habe	0		
91105	sie	0	(mention_id=12156|references=(entity=(entity_id=entity_0183|fullname=Nanny|gender=f)))	(mention_id=12230|references=(entity=(entity_id=37|fullname=Nanny|gender=f)))
91106	die	0		
91107	Speisen	0		
91108	an	0		
91109	ihrer	0	(mention_id=12157|references=(entity=(entity_id=entity_0183|fullname=Nanny|gender=f)))	(mention_id=12231|references=(entity=(entity_id=40|fullname=Ottilie|gender=f)))
91110	Statt	0		
91111	genossen	0		
91112	;	0		
91113	verschwiegen	0		
91114	habe	0		
91115	sie	0	(mention_id=12158|references=(entity=(entity_id=entity_0183|fullname=Nanny|gender=f)))	(mention_id=12232|references=(entity=(entity_id=37|fullname=Nanny|gender=f)))
91116	es	0		
91117	wegen	0		
91118	bittender	0		
91119	und	0		
91120	drohender	0		
91121	Gebärden	0		
91122	ihrer	0	(mention_id=12159|references=(entity=(entity_id=entity_0183|fullname=Nanny|gender=f)))	(mention_id=12233|references=(entity=(entity_id=37|fullname=Nanny|gender=f)))
91123	Gebieterin	0	(mention_id=12160|references=(entity=(entity_id=entity_0006|fullname=Ottilie|gender=f)))	(mention_id=12234|references=(entity=(entity_id=40|fullname=Ottilie|gender=f)))
91124	,	0		
91125	und	0		
91126	auch	0		
91127	,	0		
91128	setzte	0		
91129	sie	0	(mention_id=12161|references=(entity=(entity_id=entity_0183|fullname=Nanny|gender=f)))	(mention_id=12235|references=(entity=(entity_id=37|fullname=Nanny|gender=f)))
91130	unschuldig	0		
91131	hinzu	0		
91132	,	0		
91133	weil	0		
91134	es	0		
91135	ihr	0	(mention_id=12162|references=(entity=(entity_id=entity_0183|fullname=Nanny|gender=f)))	(mention_id=12236|references=(entity=(entity_id=37|fullname=Nanny|gender=f)))
91136	gar	0		
91137	so	0		
91138	gut	0		
91139	geschmeckt	0		
91140	.	0		
91141	Der	0		
91142	Major	0	(mention_id=12163|references=(entity=(entity_id=entity_0003|fullname=Hauptmann|gender=m|possible_identity_with=entity_0374)))	(mention_id=12237|references=(entity=(entity_id=27|fullname=Major|gender=m)))
91143	und	0		
91144	Mittler	0	(mention_id=12164|references=(entity=(entity_id=entity_0021|fullname=Mittler|gender=m)))	(mention_id=12238|references=(entity=(entity_id=32|fullname=Mittler|gender=m)))
91145	kamen	0		
91146	heran	0		
91147	;	0		
91148	sie	0	(mention_id=12165|references=(entity=(entity_id=entity_0003|fullname=Hauptmann|gender=m|possible_identity_with=entity_0374)),(entity=(entity_id=entity_0021|fullname=Mittler|gender=m)))	(mention_id=12239|references=(entity=(entity_id=27|fullname=Major|gender=m)),(entity=(entity_id=32|fullname=Mittler|gender=m)))
91149	fanden	0		
91150	Charlotten	0	(mention_id=12166|references=(entity=(entity_id=entity_0002|fullname=Charlotte|gender=f)))	(mention_id=12240|references=(entity=(entity_id=7|fullname=Charlotte|gender=f)))
91151	tätig	0		
91152	in	0		
91153	Gesellschaft	0		
91154	des	0		
91155	Arztes	0	(mention_id=12167|references=(entity=(entity_id=entity_0443|fullname=Arzt|gender=m)))	(mention_id=12241|references=(entity=(entity_id=3|fullname=Arzt|gender=m)))
91156	.	0		
91157	Das	0		
91158	bleiche	0		
91159	himmlische	0		
91160	Kind	0	(mention_id=12168|references=(entity=(entity_id=entity_0006|fullname=Ottilie|gender=f)))	(mention_id=12242|references=(entity=(entity_id=40|fullname=Ottilie|gender=f)))
91161	saß	0		
91162	,	0		
91163	sich	0	(mention_id=12169|references=(entity=(entity_id=entity_0006|fullname=Ottilie|gender=f)))	(mention_id=12243|references=(entity=(entity_id=40|fullname=Ottilie|gender=f)))
91164	selbst	0		
91165	bewußt	0		
91166	,	0		
91167	wie	0		
91168	es	0	(mention_id=12170|references=(entity=(entity_id=entity_0006|fullname=Ottilie|gender=f)))	
91169	schien	0		
91170	,	0		
91171	in	0		
91172	der	0		
91173	Ecke	0		
91174	des	0		
91175	Sofas	0		
91176	.	0		
91177	Man	0		
91178	bittet	0		
91179	sie	0	(mention_id=12171|references=(entity=(entity_id=entity_0006|fullname=Ottilie|gender=f)))	(mention_id=12244|references=(entity=(entity_id=40|fullname=Ottilie|gender=f)))
91180	,	0		
91181	sich	0	(mention_id=12172|references=(entity=(entity_id=entity_0006|fullname=Ottilie|gender=f)))	(mention_id=12245|references=(entity=(entity_id=40|fullname=Ottilie|gender=f)))
91182	niederzulegen	0		
91183	;	0		
91184	sie	0	(mention_id=12173|references=(entity=(entity_id=entity_0006|fullname=Ottilie|gender=f)))	(mention_id=12246|references=(entity=(entity_id=40|fullname=Ottilie|gender=f)))
91185	verweigerts	0		
91186	,	0		
91187	winkt	0		
91188	aber	0		
91189	,	0		
91190	daß	0		
91191	man	0		
91192	das	0		
91193	Köfferchen	0		
91194	herbeibringe	0		
91195	.	0		
91196	Sie	0	(mention_id=12174|references=(entity=(entity_id=entity_0006|fullname=Ottilie|gender=f)))	(mention_id=12247|references=(entity=(entity_id=40|fullname=Ottilie|gender=f)))
91197	setzt	0		
91198	ihre	0	(mention_id=12175|references=(entity=(entity_id=entity_0006|fullname=Ottilie|gender=f)))	(mention_id=12248|references=(entity=(entity_id=40|fullname=Ottilie|gender=f)))
91199	Füße	0		
91200	darauf	0		
91201	und	0		
91202	findet	0		
91203	sich	0	(mention_id=12176|references=(entity=(entity_id=entity_0006|fullname=Ottilie|gender=f)))	(mention_id=12249|references=(entity=(entity_id=40|fullname=Ottilie|gender=f)))
91204	in	0		
91205	einer	0		
91206	halb	0		
91207	liegenden	0		
91208	,	0		
91209	bequemen	0		
91210	Stellung	0		
91211	.	0		
91212	Sie	0	(mention_id=12177|references=(entity=(entity_id=entity_0006|fullname=Ottilie|gender=f)))	(mention_id=12250|references=(entity=(entity_id=40|fullname=Ottilie|gender=f)))
91213	scheint	0		
91214	Abschied	0		
91215	nehmen	0		
91216	zu	0		
91217	wollen	0		
91218	,	0		
91219	ihre	0	(mention_id=12178|references=(entity=(entity_id=entity_0006|fullname=Ottilie|gender=f)))	(mention_id=12251|references=(entity=(entity_id=40|fullname=Ottilie|gender=f)))
91220	Gebärden	0		
91221	drücken	0		
91222	den	0		
91223	Umstehenden	0	(mention_id=12179|references=(entity=(entity_id=entity_0462|fullname=Umstehende|gender=u|specialcase_entity=group)))	(mention_id=12252|references=(entity=(entity_id=44|fullname=Umstehende|gender=mf|specialcase_entity=group)))
91224	die	0		
91225	zarteste	0		
91226	Anhänglichkeit	0		
91227	aus	0		
91228	,	0		
91229	Liebe	0		
91230	,	0		
91231	Dankbarkeit	0		
91232	,	0		
91233	Abbitte	0		
91234	und	0		
91235	das	0		
91236	herzlichste	0		
91237	Lebewohl	0		
91238	.	0		
91239	Eduard	0	(mention_id=12180|references=(entity=(entity_id=entity_0001|fullname=Eduard|gender=m)))	(mention_id=12253|references=(entity=(entity_id=8|fullname=Eduard|gender=m)))
91240	,	0		
91241	der	0	(mention_id=12181|references=(entity=(entity_id=entity_0001|fullname=Eduard|gender=m)))	(mention_id=12254|references=(entity=(entity_id=8|fullname=Eduard|gender=m)))
91242	vom	0		
91243	Pferde	0		
91244	steigt	0		
91245	,	0		
91246	vernimmt	0		
91247	den	0		
91248	Zustand	0		
91249	,	0		
91250	er	0	(mention_id=12182|references=(entity=(entity_id=entity_0001|fullname=Eduard|gender=m)))	(mention_id=12255|references=(entity=(entity_id=8|fullname=Eduard|gender=m)))
91251	stürzt	0		
91252	in	0		
91253	das	0		
91254	Zimmer	0		
91255	,	0		
91256	er	0	(mention_id=12183|references=(entity=(entity_id=entity_0001|fullname=Eduard|gender=m)))	(mention_id=12256|references=(entity=(entity_id=8|fullname=Eduard|gender=m)))
91257	wirft	0		
91258	sich	0	(mention_id=12184|references=(entity=(entity_id=entity_0001|fullname=Eduard|gender=m)))	(mention_id=12257|references=(entity=(entity_id=8|fullname=Eduard|gender=m)))
91259	an	0		
91260	ihre	0	(mention_id=12185|references=(entity=(entity_id=entity_0006|fullname=Ottilie|gender=f)))	(mention_id=12258|references=(entity=(entity_id=40|fullname=Ottilie|gender=f)))
91261	Seite	0		
91262	nieder	0		
91263	,	0		
91264	faßt	0		
91265	ihre	0	(mention_id=12186|references=(entity=(entity_id=entity_0006|fullname=Ottilie|gender=f)))	(mention_id=12259|references=(entity=(entity_id=40|fullname=Ottilie|gender=f)))
91266	Hand	0		
91267	und	0		
91268	überschwemmt	0		
91269	sie	0	(mention_id=12187|references=(entity=(entity_id=entity_0006|fullname=Ottilie|gender=f)))	(mention_id=12260|references=(entity=(entity_id=40|fullname=Ottilie|gender=f)))
91270	mit	0		
91271	stummen	0		
91272	Tränen	0		
91273	.	0		
91274	So	0		
91275	bleibt	0		
91276	er	0	(mention_id=12188|references=(entity=(entity_id=entity_0001|fullname=Eduard|gender=m)))	(mention_id=12261|references=(entity=(entity_id=8|fullname=Eduard|gender=m)))
91277	lange	0		
91278	.	0		
91279	Endlich	0		
91280	ruft	0		
91281	er	0	(mention_id=12189|references=(entity=(entity_id=entity_0001|fullname=Eduard|gender=m)))	(mention_id=12262|references=(entity=(entity_id=8|fullname=Eduard|gender=m)))
91282	aus	0		
91283	:	0		
91284	»	0		
91285	Soll	0		
91286	ich	0	(mention_id=12190|references=(entity=(entity_id=entity_0001|fullname=Eduard|gender=m)))	(mention_id=12263|references=(entity=(entity_id=8|fullname=Eduard|gender=m)))
91287	deine	0	(mention_id=12191|references=(entity=(entity_id=entity_0006|fullname=Ottilie|gender=f)))	(mention_id=12264|references=(entity=(entity_id=40|fullname=Ottilie|gender=f)))
91288	Stimme	0		
91289	nicht	0		
91290	wieder	0		
91291	hören	0		
91292	?	0		
91293	Wirst	0		
91294	du	0	(mention_id=12192|references=(entity=(entity_id=entity_0006|fullname=Ottilie|gender=f)))	(mention_id=12265|references=(entity=(entity_id=40|fullname=Ottilie|gender=f)))
91295	nicht	0		
91296	mit	0		
91297	einem	0		
91298	Wort	0		
91299	für	0		
91300	mich	0	(mention_id=12193|references=(entity=(entity_id=entity_0001|fullname=Eduard|gender=m)))	(mention_id=12266|references=(entity=(entity_id=8|fullname=Eduard|gender=m)))
91301	ins	0		
91302	Leben	0		
91303	zurückkehren	0		
91304	?	0		
91305	Gut	0		
91306	,	0		
91307	gut	0		
91308	!	0		
91309	ich	0	(mention_id=12194|references=(entity=(entity_id=entity_0001|fullname=Eduard|gender=m)))	(mention_id=12267|references=(entity=(entity_id=8|fullname=Eduard|gender=m)))
91310	folge	0		
91311	dir	0	(mention_id=12195|references=(entity=(entity_id=entity_0006|fullname=Ottilie|gender=f)))	(mention_id=12268|references=(entity=(entity_id=40|fullname=Ottilie|gender=f)))
91312	hinüber	0		
91313	;	0		
91314	da	0		
91315	wer	0		
91316	den	0		
91317	wir	0	(mention_id=12196|references=(entity=(entity_id=entity_0001|fullname=Eduard|gender=m)),(entity=(entity_id=entity_0006|fullname=Ottilie|gender=f)))	(mention_id=12269|references=(entity=(entity_id=8|fullname=Eduard|gender=m)),(entity=(entity_id=40|fullname=Ottilie|gender=f)))
91318	mit	0		
91319	andern	0		
91320	Sprachen	0		
91321	reden	0		
91322	!	0		
91323	«	0		
91324	Sie	0	(mention_id=12197|references=(entity=(entity_id=entity_0006|fullname=Ottilie|gender=f)))	(mention_id=12270|references=(entity=(entity_id=40|fullname=Ottilie|gender=f)))
91325	drückt	0		
91326	ihm	0	(mention_id=12198|references=(entity=(entity_id=entity_0001|fullname=Eduard|gender=m)))	(mention_id=12271|references=(entity=(entity_id=8|fullname=Eduard|gender=m)))
91327	kräftig	0		
91328	die	0		
91329	Hand	0		
91330	,	0		
91331	sie	0	(mention_id=12199|references=(entity=(entity_id=entity_0006|fullname=Ottilie|gender=f)))	(mention_id=12272|references=(entity=(entity_id=40|fullname=Ottilie|gender=f)))
91332	blickt	0		
91333	ihn	0	(mention_id=12200|references=(entity=(entity_id=entity_0001|fullname=Eduard|gender=m)))	(mention_id=12273|references=(entity=(entity_id=8|fullname=Eduard|gender=m)))
91334	lebevoll	0		
91335	und	0		
91336	liebevoll	0		
91337	an	0		
91338	,	0		
91339	und	0		
91340	nach	0		
91341	einem	0		
91342	tiefen	0		
91343	Atemzug	0		
91344	,	0		
91345	nach	0		
91346	einer	0		
91347	himmlischen	0		
91348	,	0		
91349	stummen	0		
91350	Bewegung	0		
91351	der	0		
91352	Lippen	0		
91353	:	0		
91354	»	0		
91355	Versprich	0		
91356	mir	0	(mention_id=12201|references=(entity=(entity_id=entity_0001|fullname=Eduard|gender=m)))	(mention_id=12274|references=(entity=(entity_id=8|fullname=Eduard|gender=m)))
91357	zu	0		
91358	leben	0		
91359	!	0		
91360	«	0		
91361	ruft	0		
91362	sie	0	(mention_id=12202|references=(entity=(entity_id=entity_0006|fullname=Ottilie|gender=f)))	(mention_id=12275|references=(entity=(entity_id=40|fullname=Ottilie|gender=f)))
91363	aus	0		
91364	,	0		
91365	mit	0		
91366	holder	0		
91367	,	0		
91368	zärtlicher	0		
91369	Anstrengung	0		
91370	;	0		
91371	doch	0		
91372	gleich	0		
91373	sinkt	0		
91374	sie	0	(mention_id=12203|references=(entity=(entity_id=entity_0006|fullname=Ottilie|gender=f)))	(mention_id=12276|references=(entity=(entity_id=40|fullname=Ottilie|gender=f)))
91375	zurück	0		
91376	.	0		
91377	»	0		
91378	Ich	0	(mention_id=12204|references=(entity=(entity_id=entity_0001|fullname=Eduard|gender=m)))	(mention_id=12277|references=(entity=(entity_id=8|fullname=Eduard|gender=m)))
91379	versprech	0		
91380	es	0		
91381	!	0		
91382	«	0		
91383	rief	0		
91384	er	0	(mention_id=12205|references=(entity=(entity_id=entity_0001|fullname=Eduard|gender=m)))	(mention_id=12278|references=(entity=(entity_id=8|fullname=Eduard|gender=m)))
91385	ihr	0	(mention_id=12206|references=(entity=(entity_id=entity_0006|fullname=Ottilie|gender=f)))	(mention_id=12279|references=(entity=(entity_id=40|fullname=Ottilie|gender=f)))
91386	entgegen	0		
91387	,	0		
91388	doch	0		
91389	rief	0		
91390	er	0	(mention_id=12207|references=(entity=(entity_id=entity_0001|fullname=Eduard|gender=m)))	(mention_id=12280|references=(entity=(entity_id=8|fullname=Eduard|gender=m)))
91391	es	0		
91392	ihr	0	(mention_id=12208|references=(entity=(entity_id=entity_0006|fullname=Ottilie|gender=f)))	(mention_id=12281|references=(entity=(entity_id=40|fullname=Ottilie|gender=f)))
91393	nur	0		
91394	nach	0		
91395	;	0		
91396	sie	0	(mention_id=12209|references=(entity=(entity_id=entity_0006|fullname=Ottilie|gender=f)))	(mention_id=12282|references=(entity=(entity_id=40|fullname=Ottilie|gender=f)))
91397	war	0		
91398	schon	0		
91399	abgeschieden	0		
91400	.	0		
91401	Nach	0		
91402	einer	0		
91403	tränenvollen	0		
91404	Nacht	0		
91405	fiel	0		
91406	die	0		
91407	Sorge	0		
91408	,	0		
91409	die	0		
91410	geliebten	0		
91411	Reste	0		
91412	zu	0		
91413	bestatten	0		
91414	,	0		
91415	Charlotten	0	(mention_id=12210|references=(entity=(entity_id=entity_0002|fullname=Charlotte|gender=f)))	(mention_id=12283|references=(entity=(entity_id=7|fullname=Charlotte|gender=f)))
91416	anheim	0		
91417	.	0		
91418	Der	0		
91419	Major	0	(mention_id=12211|references=(entity=(entity_id=entity_0003|fullname=Hauptmann|gender=m|possible_identity_with=entity_0374)))	(mention_id=12284|references=(entity=(entity_id=27|fullname=Major|gender=m)))
91420	und	0		
91421	Mittler	0	(mention_id=12212|references=(entity=(entity_id=entity_0021|fullname=Mittler|gender=m)))	(mention_id=12285|references=(entity=(entity_id=32|fullname=Mittler|gender=m)))
91422	standen	0		
91423	ihr	0	(mention_id=12213|references=(entity=(entity_id=entity_0002|fullname=Charlotte|gender=f)))	(mention_id=12286|references=(entity=(entity_id=7|fullname=Charlotte|gender=f)))
91424	bei	0		
91425	.	0		
91426	Eduards	0	(mention_id=12214|references=(entity=(entity_id=entity_0001|fullname=Eduard|gender=m)))	(mention_id=12287|references=(entity=(entity_id=8|fullname=Eduard|gender=m)))
91427	Zustand	0		
91428	war	0		
91429	zu	0		
91430	bejammern	0		
91431	.	0		
91432	Wie	0		
91433	er	0	(mention_id=12215|references=(entity=(entity_id=entity_0001|fullname=Eduard|gender=m)))	(mention_id=12288|references=(entity=(entity_id=8|fullname=Eduard|gender=m)))
91434	sich	0	(mention_id=12216|references=(entity=(entity_id=entity_0001|fullname=Eduard|gender=m)))	(mention_id=12289|references=(entity=(entity_id=8|fullname=Eduard|gender=m)))
91435	aus	0		
91436	seiner	0	(mention_id=12217|references=(entity=(entity_id=entity_0001|fullname=Eduard|gender=m)))	(mention_id=12290|references=(entity=(entity_id=8|fullname=Eduard|gender=m)))
91437	Verzweiflung	0		
91438	nur	0		
91439	hervorheben	0		
91440	und	0		
91441	einigermaßen	0		
91442	besinnen	0		
91443	konnte	0		
91444	,	0		
91445	bestand	0		
91446	er	0	(mention_id=12218|references=(entity=(entity_id=entity_0001|fullname=Eduard|gender=m)))	(mention_id=12291|references=(entity=(entity_id=8|fullname=Eduard|gender=m)))
91447	darauf	0		
91448	,	0		
91449	Ottilie	0	(mention_id=12219|references=(entity=(entity_id=entity_0006|fullname=Ottilie|gender=f)))	(mention_id=12292|references=(entity=(entity_id=40|fullname=Ottilie|gender=f)))
91450	sollte	0		
91451	nicht	0		
91452	aus	0		
91453	dem	0		
91454	Schlosse	0		
91455	gebracht	0		
91456	,	0		
91457	sie	0	(mention_id=12220|references=(entity=(entity_id=entity_0006|fullname=Ottilie|gender=f)))	(mention_id=12293|references=(entity=(entity_id=40|fullname=Ottilie|gender=f)))
91458	sollte	0		
91459	gewartet	0		
91460	,	0		
91461	gepflegt	0		
91462	,	0		
91463	als	0		
91464	eine	0		
91465	Lebende	0		(mention_id=12294|references=(entity=(entity_id=40|fullname=Ottilie|gender=f)))
91466	behandelt	0		
91467	werden	0		
91468	;	0		
91469	denn	0		
91470	sie	0	(mention_id=12221|references=(entity=(entity_id=entity_0006|fullname=Ottilie|gender=f)))	(mention_id=12295|references=(entity=(entity_id=40|fullname=Ottilie|gender=f)))
91471	sei	0		
91472	nicht	0		
91473	tot	0		
91474	,	0		
91475	sie	0	(mention_id=12222|references=(entity=(entity_id=entity_0006|fullname=Ottilie|gender=f)))	(mention_id=12296|references=(entity=(entity_id=40|fullname=Ottilie|gender=f)))
91476	könne	0		
91477	nicht	0		
91478	tot	0		
91479	sein	0		
91480	.	0		
91481	Man	0	(mention_id=12223|references=(entity=(entity_id=entity_0002|fullname=Charlotte|gender=f)),(entity=(entity_id=entity_0003|fullname=Hauptmann|gender=m|possible_identity_with=entity_0374)),(entity=(entity_id=entity_0021|fullname=Mittler|gender=m)))	
91482	tat	0		
91483	ihm	0	(mention_id=12224|references=(entity=(entity_id=entity_0001|fullname=Eduard|gender=m)))	(mention_id=12297|references=(entity=(entity_id=8|fullname=Eduard|gender=m)))
91484	seinen	0	(mention_id=12225|references=(entity=(entity_id=entity_0001|fullname=Eduard|gender=m)))	(mention_id=12298|references=(entity=(entity_id=8|fullname=Eduard|gender=m)))
91485	Willen	0		
91486	,	0		
91487	insofern	0		
91488	man	0		
91489	wenigstens	0		
91490	das	0		
91491	unterließ	0		
91492	,	0		
91493	was	0		
91494	er	0	(mention_id=12226|references=(entity=(entity_id=entity_0001|fullname=Eduard|gender=m)))	(mention_id=12299|references=(entity=(entity_id=8|fullname=Eduard|gender=m)))
91495	verboten	0		
91496	hatte	0		
91497	.	0		
91498	Er	0	(mention_id=12227|references=(entity=(entity_id=entity_0001|fullname=Eduard|gender=m)))	(mention_id=12300|references=(entity=(entity_id=8|fullname=Eduard|gender=m)))
91499	verlangte	0		
91500	nicht	0		
91501	,	0		
91502	sie	0	(mention_id=12228|references=(entity=(entity_id=entity_0006|fullname=Ottilie|gender=f)))	(mention_id=12301|references=(entity=(entity_id=40|fullname=Ottilie|gender=f)))
91503	zu	0		
91504	sehen	0		
91505	.	0		
91506	Noch	0		
91507	ein	0		
91508	anderer	0		
91509	Schreck	0		
91510	ergriff	0		
91511	,	0		
91512	noch	0		
91513	eine	0		
91514	andere	0		
91515	Sorge	0		
91516	beschäftigte	0		
91517	die	0		
91518	Freunde	0	(mention_id=12229|references=(entity=(entity_id=entity_0021|fullname=Mittler|gender=m)),(entity=(entity_id=entity_0002|fullname=Charlotte|gender=f)),(entity=(entity_id=entity_0003|fullname=Hauptmann|gender=m|possible_identity_with=entity_0374)))	(mention_id=12302|references=(entity=(entity_id=12|fullname=Freunde|gender=mf|specialcase_entity=group)))
91519	.	0		
91520	Nanny	0	(mention_id=12230|references=(entity=(entity_id=entity_0183|fullname=Nanny|gender=f)))	(mention_id=12303|references=(entity=(entity_id=37|fullname=Nanny|gender=f)))
91521	,	0		
91522	von	0		
91523	dem	0		
91524	Arzt	0	(mention_id=12231|references=(entity=(entity_id=entity_0443|fullname=Arzt|gender=m)))	(mention_id=12304|references=(entity=(entity_id=3|fullname=Arzt|gender=m)))
91525	heftig	0		
91526	gescholten	0		
91527	,	0		
91528	durch	0		
91529	Drohungen	0		
91530	zum	0		
91531	Bekenntnis	0		
91532	genötigt	0		
91533	und	0		
91534	nach	0		
91535	dem	0		
91536	Bekenntnis	0		
91537	mit	0		
91538	Vorwürfen	0		
91539	überhäuft	0		
91540	,	0		
91541	war	0		
91542	entflohen	0		
91543	.	0		
91544	Nach	0		
91545	langem	0		
91546	Suchen	0		
91547	fand	0		
91548	man	0		
91549	sie	0	(mention_id=12232|references=(entity=(entity_id=entity_0183|fullname=Nanny|gender=f)))	(mention_id=12305|references=(entity=(entity_id=37|fullname=Nanny|gender=f)))
91550	wieder	0		
91551	,	0		
91552	sie	0	(mention_id=12233|references=(entity=(entity_id=entity_0183|fullname=Nanny|gender=f)))	(mention_id=12306|references=(entity=(entity_id=37|fullname=Nanny|gender=f)))
91553	schien	0		
91554	außer	0		
91555	sich	0	(mention_id=12234|references=(entity=(entity_id=entity_0183|fullname=Nanny|gender=f)))	(mention_id=12307|references=(entity=(entity_id=37|fullname=Nanny|gender=f)))
91556	zu	0		
91557	sein	0		
91558	.	0		
91559	Ihre	0	(mention_id=12235|references=(entity=(entity_id=entity_0183|fullname=Nanny|gender=f)))	(mention_id=12308|references=(entity=(entity_id=37|fullname=Nanny|gender=f)))
91560	Eltern	0	(mention_id=12236|references=(entity=(entity_id=entity_0412|fullname=Nannys Eltern|gender=mf|specialcase_entity=group)))	(mention_id=12309|references=(entity=(entity_id=38|fullname=Nannys Eltern|gender=mf|specialcase_entity=group)))
91561	nahmen	0		
91562	sie	0	(mention_id=12237|references=(entity=(entity_id=entity_0183|fullname=Nanny|gender=f)))	(mention_id=12310|references=(entity=(entity_id=37|fullname=Nanny|gender=f)))
91563	zu	0		
91564	sich	0	(mention_id=12238|references=(entity=(entity_id=entity_0412|fullname=Nannys Eltern|gender=mf|specialcase_entity=group)))	(mention_id=12311|references=(entity=(entity_id=38|fullname=Nannys Eltern|gender=mf|specialcase_entity=group)))
91565	.	0		
91566	Die	0		
91567	beste	0		
91568	Begegnung	0		
91569	schien	0		
91570	nicht	0		
91571	anzuschlagen	0		
91572	,	0		
91573	man	0		
91574	mußte	0		
91575	sie	0	(mention_id=12239|references=(entity=(entity_id=entity_0183|fullname=Nanny|gender=f)))	(mention_id=12312|references=(entity=(entity_id=37|fullname=Nanny|gender=f)))
91576	einsperren	0		
91577	,	0		
91578	weil	0		
91579	sie	0	(mention_id=12240|references=(entity=(entity_id=entity_0183|fullname=Nanny|gender=f)))	(mention_id=12313|references=(entity=(entity_id=37|fullname=Nanny|gender=f)))
91580	wieder	0		
91581	zu	0		
91582	entfliehen	0		
91583	drohte	0		
91584	.	0		
91585	Stufenweise	0		
91586	gelang	0		
91587	es	0		
91588	,	0		
91589	Eduarden	0	(mention_id=12241|references=(entity=(entity_id=entity_0001|fullname=Eduard|gender=m)))	(mention_id=12314|references=(entity=(entity_id=8|fullname=Eduard|gender=m)))
91590	der	0		
91591	heftigsten	0		
91592	Verzweiflung	0		
91593	zu	0		
91594	entreißen	0		
91595	,	0		
91596	aber	0		
91597	nur	0		
91598	zu	0		
91599	seinem	0	(mention_id=12242|references=(entity=(entity_id=entity_0001|fullname=Eduard|gender=m)))	(mention_id=12315|references=(entity=(entity_id=8|fullname=Eduard|gender=m)))
91600	Unglück	0		
91601	;	0		
91602	denn	0		
91603	es	0		
91604	ward	0		
91605	ihm	0	(mention_id=12243|references=(entity=(entity_id=entity_0001|fullname=Eduard|gender=m)))	(mention_id=12316|references=(entity=(entity_id=8|fullname=Eduard|gender=m)))
91606	deutlich	0		
91607	,	0		
91608	es	0		
91609	ward	0		
91610	ihm	0	(mention_id=12244|references=(entity=(entity_id=entity_0001|fullname=Eduard|gender=m)))	(mention_id=12317|references=(entity=(entity_id=8|fullname=Eduard|gender=m)))
91611	gewiß	0		
91612	,	0		
91613	daß	0		
91614	er	0	(mention_id=12245|references=(entity=(entity_id=entity_0001|fullname=Eduard|gender=m)))	(mention_id=12318|references=(entity=(entity_id=8|fullname=Eduard|gender=m)))
91615	das	0		
91616	Glück	0		
91617	seines	0	(mention_id=12246|references=(entity=(entity_id=entity_0001|fullname=Eduard|gender=m)))	(mention_id=12319|references=(entity=(entity_id=8|fullname=Eduard|gender=m)))
91618	Lebens	0		
91619	für	0		
91620	immer	0		
91621	verloren	0		
91622	habe	0		
91623	.	0		
91624	Man	0	(mention_id=12247|references=(entity=(entity_id=entity_0002|fullname=Charlotte|gender=f)),(entity=(entity_id=entity_0021|fullname=Mittler|gender=m)),(entity=(entity_id=entity_0003|fullname=Hauptmann|gender=m|possible_identity_with=entity_0374)))	
91625	wagte	0		
91626	es	0		
91627	ihm	0	(mention_id=12248|references=(entity=(entity_id=entity_0001|fullname=Eduard|gender=m)))	(mention_id=12320|references=(entity=(entity_id=8|fullname=Eduard|gender=m)))
91628	vorzustellen	0		
91629	,	0		
91630	daß	0		
91631	Ottilie	0	(mention_id=12249|references=(entity=(entity_id=entity_0006|fullname=Ottilie|gender=f)))	(mention_id=12321|references=(entity=(entity_id=40|fullname=Ottilie|gender=f)))
91632	,	0		
91633	in	0		
91634	jener	0		
91635	Kapelle	0		
91636	beigesetzt	0		
91637	,	0		
91638	noch	0		
91639	immer	0		
91640	unter	0		
91641	den	0		
91642	Lebendigen	0	(mention_id=12250|references=(entity=(entity_id=generic_1237|fullname=Lebendige|gender=u|specialcase_entity=generic)))	(mention_id=12322|references=(entity=(entity_id=40|fullname=Ottilie|gender=f)))
91643	bleiben	0		
91644	und	0		
91645	einer	0		
91646	freundlichen	0		
91647	,	0		
91648	stillen	0		
91649	Wohnung	0		
91650	nicht	0		
91651	entbehren	0		
91652	würde	0		
91653	.	0		
91654	Es	0		
91655	fiel	0		
91656	schwer	0		
91657	,	0		
91658	seine	0	(mention_id=12251|references=(entity=(entity_id=entity_0001|fullname=Eduard|gender=m)))	(mention_id=12323|references=(entity=(entity_id=8|fullname=Eduard|gender=m)))
91659	Einwilligung	0		
91660	zu	0		
91661	erhalten	0		
91662	,	0		
91663	und	0		
91664	nur	0		
91665	unter	0		
91666	der	0		
91667	Bedingung	0		
91668	,	0		
91669	daß	0		
91670	sie	0	(mention_id=12252|references=(entity=(entity_id=entity_0006|fullname=Ottilie|gender=f)))	(mention_id=12324|references=(entity=(entity_id=40|fullname=Ottilie|gender=f)))
91671	im	0		
91672	offenen	0		
91673	Sarge	0		
91674	hinausgetragen	0		
91675	und	0		
91676	in	0		
91677	dem	0		
91678	Gewölbe	0		
91679	allenfalls	0		
91680	nur	0		
91681	mit	0		
91682	einem	0		
91683	Glasdeckel	0		
91684	zugedeckt	0		
91685	und	0		
91686	eine	0		
91687	immerbrennende	0		
91688	Lampe	0		
91689	gestiftet	0		
91690	werden	0		
91691	sollte	0		
91692	,	0		
91693	ließ	0		
91694	er	0	(mention_id=12253|references=(entity=(entity_id=entity_0001|fullname=Eduard|gender=m)))	(mention_id=12325|references=(entity=(entity_id=8|fullname=Eduard|gender=m)))
91695	sichs	0	(mention_id=12254|references=(entity=(entity_id=entity_0001|fullname=Eduard|gender=m)))	(mention_id=12326|references=(entity=(entity_id=8|fullname=Eduard|gender=m)))
91696	zuletzt	0		
91697	gefallen	0		
91698	und	0		
91699	schien	0		
91700	sich	0	(mention_id=12255|references=(entity=(entity_id=entity_0001|fullname=Eduard|gender=m)))	(mention_id=12327|references=(entity=(entity_id=8|fullname=Eduard|gender=m)))
91701	in	0		
91702	alles	0		
91703	ergeben	0		
91704	zu	0		
91705	haben	0		
91706	.	0		
91707	Man	0		
91708	kleidete	0		
91709	den	0		
91710	holden	0		
91711	Körper	0	(mention_id=12256|references=(entity=(entity_id=entity_0006|fullname=Ottilie|gender=f)|specialcase_reference=part))	
91712	in	0		
91713	jenen	0		
91714	Schmuck	0		
91715	,	0		
91716	den	0		
91717	sie	0	(mention_id=12257|references=(entity=(entity_id=entity_0006|fullname=Ottilie|gender=f)))	(mention_id=12328|references=(entity=(entity_id=40|fullname=Ottilie|gender=f)))
91718	sich	0	(mention_id=12258|references=(entity=(entity_id=entity_0006|fullname=Ottilie|gender=f)))	(mention_id=12329|references=(entity=(entity_id=40|fullname=Ottilie|gender=f)))
91719	selbst	0		
91720	vorbereitet	0		
91721	hatte	0		
91722	;	0		
91723	man	0		
91724	setzte	0		
91725	ihr	0	(mention_id=12259|references=(entity=(entity_id=entity_0006|fullname=Ottilie|gender=f)))	(mention_id=12330|references=(entity=(entity_id=40|fullname=Ottilie|gender=f)))
91726	einen	0		
91727	Kranz	0		
91728	von	0		
91729	Asterblumen	0		
91730	auf	0		
91731	das	0		
91732	Haupt	0		
91733	,	0		
91734	die	0		
91735	wie	0		
91736	traurige	0		
91737	Gestirne	0		
91738	ahnungsvoll	0		
91739	glänzten	0		
91740	.	0		
91741	Die	0		
91742	Bahre	0		
91743	,	0		
91744	die	0		
91745	Kirche	0		
91746	,	0		
91747	die	0		
91748	Kapelle	0		
91749	zu	0		
91750	schmücken	0		
91751	,	0		
91752	wurden	0		
91753	alle	0		
91754	Gärten	0		
91755	ihres	0		
91756	Schmucks	0		
91757	beraubt	0		
91758	.	0		
91759	Sie	0		
91760	lagen	0		
91761	verödet	0		
91762	,	0		
91763	als	0		
91764	wenn	0		
91765	bereits	0		
91766	der	0		
91767	Winter	0		
91768	alle	0		
91769	Freude	0		
91770	aus	0		
91771	den	0		
91772	Beeten	0		
91773	weggetilgt	0		
91774	hätte	0		
91775	.	0		
91776	Beim	0		
91777	frühsten	0		
91778	Morgen	0		
91779	wurde	0		
91780	sie	0	(mention_id=12260|references=(entity=(entity_id=entity_0006|fullname=Ottilie|gender=f)))	(mention_id=12331|references=(entity=(entity_id=40|fullname=Ottilie|gender=f)))
91781	im	0		
91782	offnen	0		
91783	Sarge	0		
91784	aus	0		
91785	dem	0		
91786	Schloß	0		
91787	getragen	0		
91788	,	0		
91789	und	0		
91790	die	0		
91791	aufgehende	0		
91792	Sonne	0		
91793	rötete	0		
91794	nochmals	0		
91795	das	0		
91796	himmlische	0		
91797	Gesicht	0		
91798	.	0		
91799	Die	0		
91800	Begleitenden	0	(mention_id=12261|references=(entity=(entity_id=entity_0444|fullname=Begleitende bei Beerdigung|gender=u|specialcase_entity=group)))	(mention_id=12332|references=(entity=(entity_id=4|fullname=Begleitende|gender=mf|specialcase_entity=group)))
91801	drängten	0		
91802	sich	0	(mention_id=12262|references=(entity=(entity_id=entity_0444|fullname=Begleitende bei Beerdigung|gender=u|specialcase_entity=group)))	(mention_id=12333|references=(entity=(entity_id=4|fullname=Begleitende|gender=mf|specialcase_entity=group)))
91803	um	0		
91804	die	0		
91805	Träger	0	(mention_id=12263|references=(entity=(entity_id=entity_0450|fullname=Träger|gender=m|specialcase_entity=group)))	(mention_id=12334|references=(entity=(entity_id=43|fullname=Träger|gender=m|specialcase_entity=group)))
91806	,	0		
91807	niemand	0		
91808	wollte	0		
91809	vorausgehn	0		
91810	,	0		
91811	niemand	0		
91812	folgen	0		
91813	,	0		
91814	jedermann	0	(mention_id=12264|references=(entity=(entity_id=entity_0444|fullname=Begleitende bei Beerdigung|gender=u|specialcase_entity=group)))	
91815	sie	0	(mention_id=12265|references=(entity=(entity_id=entity_0006|fullname=Ottilie|gender=f)))	(mention_id=12335|references=(entity=(entity_id=40|fullname=Ottilie|gender=f)))
91816	umgeben	0		
91817	,	0		
91818	jedermann	0	(mention_id=12266|references=(entity=(entity_id=entity_0444|fullname=Begleitende bei Beerdigung|gender=u|specialcase_entity=group)))	
91819	noch	0		
91820	zum	0		
91821	letztenmale	0		
91822	ihre	0	(mention_id=12267|references=(entity=(entity_id=entity_0006|fullname=Ottilie|gender=f)))	(mention_id=12336|references=(entity=(entity_id=40|fullname=Ottilie|gender=f)))
91823	Gegenwart	0		
91824	genießen	0		
91825	.	0		
91826	Knaben	0	(mention_id=12268|references=(entity=(entity_id=entity_0448|fullname=Knaben|gender=m|specialcase_entity=group)))	(mention_id=12337|references=(entity=(entity_id=25|fullname=Knaben|gender=m|specialcase_entity=group)))
91827	,	0		
91828	Männer	0	(mention_id=12269|references=(entity=(entity_id=entity_0449|fullname=Männer|gender=m|specialcase_entity=group)))	(mention_id=12338|references=(entity=(entity_id=35|fullname=Männer|gender=m|specialcase_entity=group)))
91829	und	0		
91830	Frauen	0	(mention_id=12270|references=(entity=(entity_id=entity_0460|fullname=Frauen|gender=f|specialcase_entity=group)))	(mention_id=12339|references=(entity=(entity_id=11|fullname=Frauen|gender=f|specialcase_entity=group)))
91831	,	0		
91832	keins	0	(mention_id=12271|references=(entity=(entity_id=entity_0448|fullname=Knaben|gender=m|specialcase_entity=group)),(entity=(entity_id=entity_0449|fullname=Männer|gender=m|specialcase_entity=group)),(entity=(entity_id=entity_0460|fullname=Frauen|gender=f|specialcase_entity=group)))	
91833	blieb	0		
91834	ungerührt	0		
91835	.	0		
91836	Untröstlich	0		
91837	waren	0		
91838	die	0		
91839	Mädchen	0	(mention_id=12272|references=(entity=(entity_id=entity_0447|fullname=Mädchen|gender=f|specialcase_entity=group)))	(mention_id=12340|references=(entity=(entity_id=34|fullname=Mädchen|gender=f|specialcase_entity=group)))
91840	,	0		
91841	die	0	(mention_id=12273|references=(entity=(entity_id=entity_0447|fullname=Mädchen|gender=f|specialcase_entity=group)))	(mention_id=12341|references=(entity=(entity_id=34|fullname=Mädchen|gender=f|specialcase_entity=group)))
91842	ihren	0	(mention_id=12273|references=(entity=(entity_id=entity_0447|fullname=Mädchen|gender=f|specialcase_entity=group)))	(mention_id=12342|references=(entity=(entity_id=34|fullname=Mädchen|gender=f|specialcase_entity=group)))
91843	Verlust	0		
91844	am	0		
91845	unmittelbarsten	0		
91846	empfanden	0		
91847	.	0		
91848	Nanny	0	(mention_id=12274|references=(entity=(entity_id=entity_0183|fullname=Nanny|gender=f)))	(mention_id=12343|references=(entity=(entity_id=37|fullname=Nanny|gender=f)))
91849	fehlte	0		
91850	.	0		
91851	Man	0		
91852	hatte	0		
91853	sie	0	(mention_id=12275|references=(entity=(entity_id=entity_0183|fullname=Nanny|gender=f)))	(mention_id=12344|references=(entity=(entity_id=37|fullname=Nanny|gender=f)))
91854	zurückgehalten	0		
91855	,	0		
91856	oder	0		
91857	vielmehr	0		
91858	man	0		
91859	hatte	0		
91860	ihr	0	(mention_id=12276|references=(entity=(entity_id=entity_0183|fullname=Nanny|gender=f)))	(mention_id=12345|references=(entity=(entity_id=37|fullname=Nanny|gender=f)))
91861	den	0		
91862	Tag	0		
91863	und	0		
91864	die	0		
91865	Stunde	0		
91866	des	0		
91867	Begräbnisses	0		
91868	verheimlicht	0		
91869	.	0		
91870	Man	0		
91871	bewachte	0		
91872	sie	0	(mention_id=12277|references=(entity=(entity_id=entity_0183|fullname=Nanny|gender=f)))	(mention_id=12346|references=(entity=(entity_id=37|fullname=Nanny|gender=f)))
91873	bei	0		
91874	ihren	0	(mention_id=12278|references=(entity=(entity_id=entity_0183|fullname=Nanny|gender=f)))	(mention_id=12347|references=(entity=(entity_id=37|fullname=Nanny|gender=f)))
91875	Eltern	0	(mention_id=12279|references=(entity=(entity_id=entity_0412|fullname=Nannys Eltern|gender=mf|specialcase_entity=group)))	(mention_id=12348|references=(entity=(entity_id=38|fullname=Nannys Eltern|gender=mf|specialcase_entity=group)))
91876	in	0		
91877	einer	0		
91878	Kammer	0		
91879	,	0		
91880	die	0		
91881	nach	0		
91882	dem	0		
91883	Garten	0		
91884	ging	0		
91885	.	0		
91886	Als	0		
91887	sie	0	(mention_id=12280|references=(entity=(entity_id=entity_0183|fullname=Nanny|gender=f)))	(mention_id=12349|references=(entity=(entity_id=37|fullname=Nanny|gender=f)))
91888	aber	0		
91889	die	0		
91890	Glocken	0		
91891	läuten	0		
91892	hörte	0		
91893	,	0		
91894	ward	0		
91895	sie	0	(mention_id=12281|references=(entity=(entity_id=entity_0183|fullname=Nanny|gender=f)))	(mention_id=12350|references=(entity=(entity_id=37|fullname=Nanny|gender=f)))
91896	nur	0		
91897	allzubald	0		
91898	inne	0		
91899	,	0		
91900	was	0		
91901	vorging	0		
91902	,	0		
91903	und	0		
91904	da	0		
91905	ihre	0	(mention_id=12282|references=(entity=(entity_id=entity_0183|fullname=Nanny|gender=f)))	(mention_id=12351|references=(entity=(entity_id=37|fullname=Nanny|gender=f)))
91906	Wächterin	0	(mention_id=12283|references=(entity=(entity_id=entity_0451|fullname=Nannys Wächterin|gender=f)))	(mention_id=12352|references=(entity=(entity_id=49|fullname=Wächterin|gender=f)))
91907	aus	0		
91908	Neugierde	0		
91909	,	0		
91910	den	0		
91911	Zug	0		
91912	zu	0		
91913	sehen	0		
91914	,	0		
91915	sie	0	(mention_id=12284|references=(entity=(entity_id=entity_0451|fullname=Nannys Wächterin|gender=f)))	(mention_id=12353|references=(entity=(entity_id=49|fullname=Wächterin|gender=f)))
91916	verließ	0		
91917	,	0		
91918	entkam	0		
91919	sie	0	(mention_id=12285|references=(entity=(entity_id=entity_0183|fullname=Nanny|gender=f)))	(mention_id=12354|references=(entity=(entity_id=37|fullname=Nanny|gender=f)))
91920	zum	0		
91921	Fenster	0		
91922	hinaus	0		
91923	auf	0		
91924	einen	0		
91925	Gang	0		
91926	und	0		
91927	von	0		
91928	da	0		
91929	,	0		
91930	weil	0		
91931	sie	0	(mention_id=12286|references=(entity=(entity_id=entity_0183|fullname=Nanny|gender=f)))	(mention_id=12355|references=(entity=(entity_id=37|fullname=Nanny|gender=f)))
91932	alle	0		
91933	Türen	0		
91934	verschlossen	0		
91935	fand	0		
91936	,	0		
91937	auf	0		
91938	den	0		
91939	Oberboden	0		
91940	.	0		
91941	Eben	0		
91942	schwankte	0		
91943	der	0		
91944	Zug	0		
91945	den	0		
91946	reinlichen	0		
91947	,	0		
91948	mit	0		
91949	Blättern	0		
91950	bestreuten	0		
91951	Weg	0		
91952	durchs	0		
91953	Dorf	0		
91954	hin	0		
91955	.	0		
91956	Nanny	0	(mention_id=12287|references=(entity=(entity_id=entity_0183|fullname=Nanny|gender=f)))	(mention_id=12356|references=(entity=(entity_id=37|fullname=Nanny|gender=f)))
91957	sah	0		
91958	ihre	0	(mention_id=12288|references=(entity=(entity_id=entity_0183|fullname=Nanny|gender=f)))	(mention_id=12357|references=(entity=(entity_id=37|fullname=Nanny|gender=f)))
91959	Gebieterin	0	(mention_id=12289|references=(entity=(entity_id=entity_0006|fullname=Ottilie|gender=f)))	(mention_id=12358|references=(entity=(entity_id=40|fullname=Ottilie|gender=f)))
91960	deutlich	0		
91961	unter	0		
91962	sich	0	(mention_id=12290|references=(entity=(entity_id=entity_0183|fullname=Nanny|gender=f)))	(mention_id=12359|references=(entity=(entity_id=37|fullname=Nanny|gender=f)))
91963	,	0		
91964	deutlicher	0		
91965	,	0		
91966	vollständiger	0		
91967	,	0		
91968	schöner	0		
91969	als	0		
91970	alle	0	(mention_id=12291|references=(entity=(entity_id=entity_0444|fullname=Begleitende bei Beerdigung|gender=u|specialcase_entity=group)))	
91971	,	0		
91972	die	0	(mention_id=12292|references=(entity=(entity_id=entity_0444|fullname=Begleitende bei Beerdigung|gender=u|specialcase_entity=group)))	(mention_id=12360|references=(entity=(entity_id=4|fullname=Begleitende|gender=mf|specialcase_entity=group)))
91973	dem	0		
91974	Zuge	0		
91975	folgten	0		
91976	.	0		
91977	Überirdisch	0		
91978	,	0		
91979	wie	0		
91980	auf	0		
91981	Wolken	0		
91982	oder	0		
91983	Wogen	0		
91984	getragen	0		
91985	,	0		
91986	schien	0		
91987	sie	0	(mention_id=12293|references=(entity=(entity_id=entity_0006|fullname=Ottilie|gender=f)))	(mention_id=12361|references=(entity=(entity_id=40|fullname=Ottilie|gender=f)))
91988	ihrer	0	(mention_id=12294|references=(entity=(entity_id=entity_0006|fullname=Ottilie|gender=f)))	(mention_id=12362|references=(entity=(entity_id=40|fullname=Ottilie|gender=f)))
91989	Dienerin	0	(mention_id=12295|references=(entity=(entity_id=entity_0183|fullname=Nanny|gender=f)))	(mention_id=12363|references=(entity=(entity_id=37|fullname=Nanny|gender=f)))
91990	zu	0		
91991	winken	0		
91992	,	0		
91993	und	0		
91994	diese	0	(mention_id=12296|references=(entity=(entity_id=entity_0183|fullname=Nanny|gender=f)))	(mention_id=12364|references=(entity=(entity_id=37|fullname=Nanny|gender=f)))
91995	,	0		
91996	verworren	0		
91997	,	0		
91998	schwankend	0		
91999	,	0		
92000	taumelnd	0		
92001	,	0		
92002	stürzte	0		
92003	hinab	0		
92004	.	0		
92005	Auseinander	0		
92006	fahr	0		
92007	die	0		
92008	Menge	0	(mention_id=12297|references=(entity=(entity_id=entity_0444|fullname=Begleitende bei Beerdigung|gender=u|specialcase_entity=group)))	(mention_id=12365|references=(entity=(entity_id=29|fullname=Menge|gender=mf|specialcase_entity=group)))
92009	mit	0		
92010	einem	0		
92011	entsetzlichen	0		
92012	Schrei	0		
92013	nach	0		
92014	allen	0		
92015	Seiten	0		
92016	.	0		
92017	Vom	0		
92018	Drängen	0		
92019	und	0		
92020	Getümmel	0		
92021	waren	0		
92022	die	0		
92023	Träger	0	(mention_id=12298|references=(entity=(entity_id=entity_0450|fullname=Träger|gender=m|specialcase_entity=group)))	(mention_id=12366|references=(entity=(entity_id=43|fullname=Träger|gender=m|specialcase_entity=group)))
92024	genötigt	0		
92025	,	0		
92026	die	0		
92027	Bahre	0		
92028	niederzusetzen	0		
92029	.	0		
92030	Das	0		
92031	Kind	0	(mention_id=12299|references=(entity=(entity_id=entity_0183|fullname=Nanny|gender=f)))	(mention_id=12367|references=(entity=(entity_id=37|fullname=Nanny|gender=f)))
92032	lag	0		
92033	ganz	0		
92034	nahe	0		
92035	daran	0		
92036	;	0		
92037	es	0	(mention_id=12300|references=(entity=(entity_id=entity_0183|fullname=Nanny|gender=f)))	(mention_id=12368|references=(entity=(entity_id=37|fullname=Nanny|gender=f)))
92038	schien	0		
92039	an	0		
92040	allen	0		
92041	Gliedern	0		
92042	zerschmettert	0		
92043	.	0		
92044	Man	0		
92045	hob	0		
92046	es	0	(mention_id=12301|references=(entity=(entity_id=entity_0183|fullname=Nanny|gender=f)))	(mention_id=12369|references=(entity=(entity_id=37|fullname=Nanny|gender=f)))
92047	auf	0		
92048	,	0		
92049	und	0		
92050	zu	0		
92051	fällig	0		
92052	oder	0		
92053	aus	0		
92054	besonderer	0		
92055	Fügung	0		
92056	lehnte	0		
92057	man	0		(mention_id=12370|references=(entity=(entity_id=29|fullname=Menge|gender=mf|specialcase_entity=group)))
92058	es	0	(mention_id=12302|references=(entity=(entity_id=entity_0183|fullname=Nanny|gender=f)))	(mention_id=12371|references=(entity=(entity_id=37|fullname=Nanny|gender=f)))
92059	über	0		
92060	die	0		
92061	Leiche	0		
92062	,	0		
92063	ja	0		
92064	es	0	(mention_id=12303|references=(entity=(entity_id=entity_0183|fullname=Nanny|gender=f)))	(mention_id=12372|references=(entity=(entity_id=37|fullname=Nanny|gender=f)))
92065	schien	0		
92066	selbst	0		
92067	noch	0		
92068	mit	0		
92069	dem	0		
92070	letzten	0		
92071	Lebensrest	0	(mention_id=12304|references=(entity=(entity_id=entity_0183|fullname=Nanny|gender=f)))	
92072	seine	0	(mention_id=12305|references=(entity=(entity_id=entity_0183|fullname=Nanny|gender=f)))	(mention_id=12373|references=(entity=(entity_id=37|fullname=Nanny|gender=f)))
92073	geliebte	0		
92074	Herrin	0	(mention_id=12306|references=(entity=(entity_id=entity_0006|fullname=Ottilie|gender=f)))	(mention_id=12374|references=(entity=(entity_id=40|fullname=Ottilie|gender=f)))
92075	erreichen	0		
92076	zu	0		
92077	wollen	0		
92078	.	0		
92079	Kaum	0		
92080	aber	0		
92081	hatten	0		
92082	ihre	0	(mention_id=12307|references=(entity=(entity_id=entity_0183|fullname=Nanny|gender=f)))	(mention_id=12375|references=(entity=(entity_id=37|fullname=Nanny|gender=f)))
92083	schlotternden	0		
92084	Glieder	0		
92085	Ottiliens	0	(mention_id=12308|references=(entity=(entity_id=entity_0006|fullname=Ottilie|gender=f)))	(mention_id=12376|references=(entity=(entity_id=40|fullname=Ottilie|gender=f)))
92086	Gewand	0		
92087	,	0		
92088	ihre	0	(mention_id=12309|references=(entity=(entity_id=entity_0183|fullname=Nanny|gender=f)))	(mention_id=12377|references=(entity=(entity_id=37|fullname=Nanny|gender=f)))
92089	kraftlosen	0		
92090	Finger	0		
92091	Ottiliens	0	(mention_id=12310|references=(entity=(entity_id=entity_0006|fullname=Ottilie|gender=f)))	(mention_id=12378|references=(entity=(entity_id=40|fullname=Ottilie|gender=f)))
92092	gefaltete	0		
92093	Hände	0		
92094	berührt	0		
92095	,	0		
92096	als	0		
92097	das	0		
92098	Mädchen	0	(mention_id=12311|references=(entity=(entity_id=entity_0183|fullname=Nanny|gender=f)))	(mention_id=12379|references=(entity=(entity_id=37|fullname=Nanny|gender=f)))
92099	aufsprang	0		
92100	,	0		
92101	Arme	0		
92102	und	0		
92103	Augen	0		
92104	zuerst	0		
92105	gen	0		
92106	Himmel	0		
92107	erhob	0		
92108	,	0		
92109	dann	0		
92110	auf	0		
92111	die	0		
92112	Kniee	0		
92113	vor	0		
92114	dem	0		
92115	Sarge	0		
92116	niederstürzte	0		
92117	und	0		
92118	andächtig	0		
92119	entzückt	0		
92120	zu	0		
92121	der	0		
92122	Herrin	0	(mention_id=12312|references=(entity=(entity_id=entity_0006|fullname=Ottilie|gender=f)))	(mention_id=12380|references=(entity=(entity_id=40|fullname=Ottilie|gender=f)))
92123	hinaufstaunte	0		
92124	.	0		
92125	Endlich	0		
92126	sprang	0		
92127	sie	0	(mention_id=12313|references=(entity=(entity_id=entity_0183|fullname=Nanny|gender=f)))	(mention_id=12381|references=(entity=(entity_id=37|fullname=Nanny|gender=f)))
92128	wie	0		
92129	begeistert	0		
92130	auf	0		
92131	und	0		
92132	rief	0		
92133	mit	0		
92134	heiliger	0		
92135	Freude	0		
92136	:	0		
92137	»	0		
92138	Ja	0		
92139	,	0		
92140	sie	0	(mention_id=12314|references=(entity=(entity_id=entity_0006|fullname=Ottilie|gender=f)))	(mention_id=12382|references=(entity=(entity_id=40|fullname=Ottilie|gender=f)))
92141	hat	0		
92142	mir	0	(mention_id=12315|references=(entity=(entity_id=entity_0183|fullname=Nanny|gender=f)))	(mention_id=12383|references=(entity=(entity_id=37|fullname=Nanny|gender=f)))
92143	vergeben	0		
92144	!	0		
92145	Was	0		
92146	mir	0	(mention_id=12316|references=(entity=(entity_id=entity_0183|fullname=Nanny|gender=f)))	(mention_id=12384|references=(entity=(entity_id=37|fullname=Nanny|gender=f)))
92147	kein	0		
92148	Mensch	0		
92149	,	0		
92150	was	0		
92151	ich	0	(mention_id=12317|references=(entity=(entity_id=entity_0183|fullname=Nanny|gender=f)))	(mention_id=12385|references=(entity=(entity_id=37|fullname=Nanny|gender=f)))
92152	mir	0	(mention_id=12318|references=(entity=(entity_id=entity_0183|fullname=Nanny|gender=f)))	(mention_id=12386|references=(entity=(entity_id=37|fullname=Nanny|gender=f)))
92153	selbst	0		
92154	nicht	0		
92155	vergeben	0		
92156	konnte	0		
92157	,	0		
92158	vergibt	0		
92159	mir	0	(mention_id=12319|references=(entity=(entity_id=entity_0183|fullname=Nanny|gender=f)))	(mention_id=12387|references=(entity=(entity_id=37|fullname=Nanny|gender=f)))
92160	Gott	0	(mention_id=12320|references=(entity=(entity_id=entity_0070|fullname=Gott|gender=u)))	(mention_id=12388|references=(entity=(entity_id=19|fullname=Gott|gender=m|specialcase_entity=nonfact)))
92161	durch	0		
92162	ihren	0	(mention_id=12321|references=(entity=(entity_id=entity_0006|fullname=Ottilie|gender=f)))	(mention_id=12389|references=(entity=(entity_id=40|fullname=Ottilie|gender=f)))
92163	Blick	0		
92164	,	0		
92165	ihre	0	(mention_id=12322|references=(entity=(entity_id=entity_0006|fullname=Ottilie|gender=f)))	(mention_id=12390|references=(entity=(entity_id=40|fullname=Ottilie|gender=f)))
92166	Gebärde	0		
92167	,	0		
92168	ihren	0	(mention_id=12323|references=(entity=(entity_id=entity_0006|fullname=Ottilie|gender=f)))	(mention_id=12391|references=(entity=(entity_id=40|fullname=Ottilie|gender=f)))
92169	Mund	0		
92170	.	0		
92171	Nun	0		
92172	ruht	0		
92173	sie	0	(mention_id=12324|references=(entity=(entity_id=entity_0006|fullname=Ottilie|gender=f)))	(mention_id=12392|references=(entity=(entity_id=40|fullname=Ottilie|gender=f)))
92174	wieder	0		
92175	so	0		
92176	still	0		
92177	und	0		
92178	sanft	0		
92179	;	0		
92180	aber	0		
92181	ihr	0	(mention_id=12325|references=(entity=(entity_id=entity_0444|fullname=Begleitende bei Beerdigung|gender=u|specialcase_entity=group)))	(mention_id=12393|references=(entity=(entity_id=29|fullname=Menge|gender=mf|specialcase_entity=group)))
92182	habt	0		
92183	gesehen	0		
92184	,	0		
92185	wie	0		
92186	sie	0	(mention_id=12326|references=(entity=(entity_id=entity_0006|fullname=Ottilie|gender=f)))	(mention_id=12394|references=(entity=(entity_id=40|fullname=Ottilie|gender=f)))
92187	sich	0	(mention_id=12327|references=(entity=(entity_id=entity_0006|fullname=Ottilie|gender=f)))	(mention_id=12395|references=(entity=(entity_id=40|fullname=Ottilie|gender=f)))
92188	aufrichtete	0		
92189	und	0		
92190	mit	0		
92191	entfalteten	0		
92192	Händen	0		
92193	mich	0	(mention_id=12328|references=(entity=(entity_id=entity_0183|fullname=Nanny|gender=f)))	(mention_id=12396|references=(entity=(entity_id=37|fullname=Nanny|gender=f)))
92194	segnete	0		
92195	,	0		
92196	wie	0		
92197	sie	0	(mention_id=12329|references=(entity=(entity_id=entity_0006|fullname=Ottilie|gender=f)))	(mention_id=12397|references=(entity=(entity_id=40|fullname=Ottilie|gender=f)))
92198	mich	0	(mention_id=12330|references=(entity=(entity_id=entity_0183|fullname=Nanny|gender=f)))	(mention_id=12398|references=(entity=(entity_id=37|fullname=Nanny|gender=f)))
92199	freundlich	0		
92200	anblickte	0		
92201	!	0		
92202	Ihr	0	(mention_id=12331|references=(entity=(entity_id=entity_0444|fullname=Begleitende bei Beerdigung|gender=u|specialcase_entity=group)))	(mention_id=12399|references=(entity=(entity_id=29|fullname=Menge|gender=mf|specialcase_entity=group)))
92203	habt	0		
92204	es	0		
92205	alle	0	(mention_id=12332|references=(entity=(entity_id=entity_0444|fullname=Begleitende bei Beerdigung|gender=u|specialcase_entity=group)))	(mention_id=12400|references=(entity=(entity_id=29|fullname=Menge|gender=mf|specialcase_entity=group)))
92206	gehört	0		
92207	,	0		
92208	ihr	0	(mention_id=12333|references=(entity=(entity_id=entity_0444|fullname=Begleitende bei Beerdigung|gender=u|specialcase_entity=group)))	(mention_id=12401|references=(entity=(entity_id=29|fullname=Menge|gender=mf|specialcase_entity=group)))
92209	seid	0		
92210	Zeugen	0	(mention_id=12334|references=(entity=(entity_id=entity_0444|fullname=Begleitende bei Beerdigung|gender=u|specialcase_entity=group)))	(mention_id=12402|references=(entity=(entity_id=29|fullname=Menge|gender=mf|specialcase_entity=group)))
92211	,	0		
92212	daß	0		
92213	sie	0	(mention_id=12335|references=(entity=(entity_id=entity_0006|fullname=Ottilie|gender=f)))	(mention_id=12403|references=(entity=(entity_id=40|fullname=Ottilie|gender=f)))
92214	zu	0		
92215	mir	0	(mention_id=12336|references=(entity=(entity_id=entity_0183|fullname=Nanny|gender=f)))	(mention_id=12404|references=(entity=(entity_id=37|fullname=Nanny|gender=f)))
92216	sagte	0		
92217	:	0		
92218	›	0		
92219	Dir	0	(mention_id=12337|references=(entity=(entity_id=entity_0183|fullname=Nanny|gender=f)))	(mention_id=12405|references=(entity=(entity_id=37|fullname=Nanny|gender=f)))
92220	ist	0		
92221	vergeben	0		
92222	!	0		
92223	‹	0		
92224	Ich	0	(mention_id=12338|references=(entity=(entity_id=entity_0183|fullname=Nanny|gender=f)))	(mention_id=12406|references=(entity=(entity_id=37|fullname=Nanny|gender=f)))
92225	bin	0		
92226	nun	0		
92227	keine	0		
92228	Mörderin	0	(mention_id=12339|references=(entity=(entity_id=entity_0183|fullname=Nanny|gender=f)))	(mention_id=12407|references=(entity=(entity_id=37|fullname=Nanny|gender=f)))
92229	mehr	0		
92230	unter	0		
92231	euch	0	(mention_id=12340|references=(entity=(entity_id=entity_0444|fullname=Begleitende bei Beerdigung|gender=u|specialcase_entity=group)))	(mention_id=12408|references=(entity=(entity_id=29|fullname=Menge|gender=mf|specialcase_entity=group)))
92232	,	0		
92233	sie	0	(mention_id=12341|references=(entity=(entity_id=entity_0006|fullname=Ottilie|gender=f)))	(mention_id=12409|references=(entity=(entity_id=40|fullname=Ottilie|gender=f)))
92234	hat	0		
92235	mir	0	(mention_id=12342|references=(entity=(entity_id=entity_0183|fullname=Nanny|gender=f)))	(mention_id=12410|references=(entity=(entity_id=37|fullname=Nanny|gender=f)))
92236	verziehen	0		
92237	,	0		
92238	Gott	0	(mention_id=12343|references=(entity=(entity_id=entity_0070|fullname=Gott|gender=u)))	(mention_id=12411|references=(entity=(entity_id=19|fullname=Gott|gender=m|specialcase_entity=nonfact)))
92239	hat	0		
92240	mir	0	(mention_id=12344|references=(entity=(entity_id=entity_0183|fullname=Nanny|gender=f)))	(mention_id=12412|references=(entity=(entity_id=37|fullname=Nanny|gender=f)))
92241	verziehen	0		
92242	,	0		
92243	und	0		
92244	niemand	0		
92245	kann	0		
92246	mir	0	(mention_id=12345|references=(entity=(entity_id=entity_0183|fullname=Nanny|gender=f)))	(mention_id=12413|references=(entity=(entity_id=37|fullname=Nanny|gender=f)))
92247	mehr	0		
92248	etwas	0		
92249	anhaben	0		
92250	.	0		
92251	«	0		
92252	Umhergedrängt	0		
92253	stand	0		
92254	die	0		
92255	Menge	0	(mention_id=12346|references=(entity=(entity_id=entity_0444|fullname=Begleitende bei Beerdigung|gender=u|specialcase_entity=group)))	(mention_id=12414|references=(entity=(entity_id=29|fullname=Menge|gender=mf|specialcase_entity=group)))
92256	;	0		
92257	sie	0	(mention_id=12347|references=(entity=(entity_id=entity_0444|fullname=Begleitende bei Beerdigung|gender=u|specialcase_entity=group)))	(mention_id=12415|references=(entity=(entity_id=29|fullname=Menge|gender=mf|specialcase_entity=group)))
92258	waren	0		
92259	erstaunt	0		
92260	,	0		
92261	sie	0	(mention_id=12348|references=(entity=(entity_id=entity_0444|fullname=Begleitende bei Beerdigung|gender=u|specialcase_entity=group)))	(mention_id=12416|references=(entity=(entity_id=29|fullname=Menge|gender=mf|specialcase_entity=group)))
92262	horchten	0		
92263	und	0		
92264	sahen	0		
92265	hin	0		
92266	und	0		
92267	wider	0		
92268	,	0		
92269	und	0		
92270	kaum	0		
92271	wußte	0		
92272	jemand	0	(mention_id=12349|references=(entity=(entity_id=entity_0444|fullname=Begleitende bei Beerdigung|gender=u|specialcase_entity=group)))	
92273	,	0		
92274	was	0		
92275	er	0		(mention_id=12417|references=(entity=(entity_id=29|fullname=Menge|gender=mf|specialcase_entity=group)))
92276	beginnen	0		
92277	sollte	0		
92278	.	0		
92279	»	0		
92280	Tragt	0		
92281	sie	0	(mention_id=12350|references=(entity=(entity_id=entity_0006|fullname=Ottilie|gender=f)))	(mention_id=12418|references=(entity=(entity_id=40|fullname=Ottilie|gender=f)))
92282	nun	0		
92283	zur	0		
92284	Ruhe	0		
92285	!	0		
92286	«	0		
92287	sagte	0		
92288	das	0		
92289	Mädchen	0	(mention_id=12351|references=(entity=(entity_id=entity_0183|fullname=Nanny|gender=f)))	(mention_id=12419|references=(entity=(entity_id=37|fullname=Nanny|gender=f)))
92290	;	0		
92291	»	0		
92292	sie	0	(mention_id=12352|references=(entity=(entity_id=entity_0006|fullname=Ottilie|gender=f)))	(mention_id=12420|references=(entity=(entity_id=40|fullname=Ottilie|gender=f)))
92293	hat	0		
92294	das	0		
92295	Ihrige	0	(mention_id=12353|references=(entity=(entity_id=entity_0006|fullname=Ottilie|gender=f)))	(mention_id=12421|references=(entity=(entity_id=40|fullname=Ottilie|gender=f)))
92296	getan	0		
92297	und	0		
92298	gelitten	0		
92299	und	0		
92300	kann	0		
92301	nicht	0		
92302	mehr	0		
92303	unter	0		
92304	uns	0	(mention_id=12354|references=(entity=(entity_id=entity_0183|fullname=Nanny|gender=f)),(entity=(entity_id=entity_0444|fullname=Begleitende bei Beerdigung|gender=u|specialcase_entity=group)))	(mention_id=12422|references=(entity=(entity_id=29|fullname=Menge|gender=mf|specialcase_entity=group)))
92305	wohnen	0		
92306	.	0		
92307	«	0		
92308	Die	0		
92309	Bahre	0		
92310	bewegte	0		
92311	sich	0		
92312	weiter	0		
92313	,	0		
92314	Nanny	0	(mention_id=12355|references=(entity=(entity_id=entity_0183|fullname=Nanny|gender=f)))	(mention_id=12423|references=(entity=(entity_id=37|fullname=Nanny|gender=f)))
92315	folgte	0		
92316	zuerst	0		
92317	,	0		
92318	und	0		
92319	man	0	(mention_id=12356|references=(entity=(entity_id=entity_0444|fullname=Begleitende bei Beerdigung|gender=u|specialcase_entity=group)))	
92320	gelangte	0		
92321	zur	0		
92322	Kirche	0		
92323	,	0		
92324	zur	0		
92325	Kapelle	0		
92326	.	0		
92327	So	0		
92328	stand	0		
92329	nun	0		
92330	der	0		
92331	Sarg	0		
92332	Ottiliens	0	(mention_id=12357|references=(entity=(entity_id=entity_0006|fullname=Ottilie|gender=f)))	(mention_id=12424|references=(entity=(entity_id=40|fullname=Ottilie|gender=f)))
92333	,	0		
92334	zu	0		
92335	ihren	0	(mention_id=12358|references=(entity=(entity_id=entity_0006|fullname=Ottilie|gender=f)))	(mention_id=12425|references=(entity=(entity_id=40|fullname=Ottilie|gender=f)))
92336	Häupten	0		
92337	der	0		
92338	Sarg	0		
92339	des	0		
92340	Kindes	0	(mention_id=12359|references=(entity=(entity_id=entity_0199|fullname=Otto|gender=m)))	(mention_id=12426|references=(entity=(entity_id=22|fullname=Kind|gender=u|specialcase_entity=nonfact)))
92341	,	0		
92342	zu	0		
92343	ihren	0	(mention_id=12360|references=(entity=(entity_id=entity_0006|fullname=Ottilie|gender=f)))	(mention_id=12427|references=(entity=(entity_id=40|fullname=Ottilie|gender=f)))
92344	Füßen	0		
92345	das	0		
92346	Köfferchen	0		
92347	,	0		
92348	in	0		
92349	ein	0		
92350	starkes	0		
92351	eichenes	0		
92352	Behältnis	0		
92353	eingeschlossen	0		
92354	.	0		
92355	Man	0		
92356	hatte	0		
92357	für	0		
92358	eine	0		
92359	Wächterin	0	(mention_id=12361|references=(entity=(entity_id=entity_0453|fullname=Grab-Wächterin|gender=f)))	(mention_id=12428|references=(entity=(entity_id=49|fullname=Wächterin|gender=f)))
92360	gesorgt	0		
92361	,	0		
92362	welche	0	(mention_id=12362|references=(entity=(entity_id=entity_0453|fullname=Grab-Wächterin|gender=f)))	(mention_id=12429|references=(entity=(entity_id=49|fullname=Wächterin|gender=f)))
92363	in	0		
92364	der	0		
92365	ersten	0		
92366	Zeit	0		
92367	des	0		
92368	Leichnams	0		
92369	wahrnehmen	0		
92370	sollte	0		
92371	,	0		
92372	der	0		
92373	unter	0		
92374	seiner	0		
92375	Glasdecke	0		
92376	gar	0		
92377	liebenswürdig	0		
92378	dalag	0		
92379	.	0		
92380	Aber	0		
92381	Nanny	0	(mention_id=12363|references=(entity=(entity_id=entity_0183|fullname=Nanny|gender=f)))	(mention_id=12430|references=(entity=(entity_id=37|fullname=Nanny|gender=f)))
92382	wollte	0		
92383	sich	0	(mention_id=12364|references=(entity=(entity_id=entity_0183|fullname=Nanny|gender=f)))	(mention_id=12431|references=(entity=(entity_id=37|fullname=Nanny|gender=f)))
92384	dieses	0		
92385	Amt	0		
92386	nicht	0		
92387	nehmen	0		
92388	lassen	0		
92389	;	0		
92390	sie	0	(mention_id=12365|references=(entity=(entity_id=entity_0183|fullname=Nanny|gender=f)))	(mention_id=12432|references=(entity=(entity_id=37|fullname=Nanny|gender=f)))
92391	wollte	0		
92392	allein	0		
92393	,	0		
92394	ohne	0		
92395	Gesellin	0	(mention_id=12366|references=(entity=(entity_id=entity_0455|fullname=Gesellin für Nanny|gender=f|specialcase_entity=nonfact)))	(mention_id=12433|references=(entity=(entity_id=17|fullname=Gesellin|gender=f|specialcase_entity=nonfact)))
92396	bleiben	0		
92397	und	0		
92398	der	0		
92399	zum	0		
92400	erstenmal	0		
92401	angezündeten	0		
92402	Lampe	0		
92403	fleißig	0		
92404	warten	0		
92405	.	0		
92406	Sie	0	(mention_id=12367|references=(entity=(entity_id=entity_0183|fullname=Nanny|gender=f)))	(mention_id=12434|references=(entity=(entity_id=37|fullname=Nanny|gender=f)))
92407	verlangte	0		
92408	dies	0		
92409	so	0		
92410	eifrig	0		
92411	und	0		
92412	hartnäckig	0		
92413	,	0		
92414	daß	0		
92415	man	0		
92416	ihr	0	(mention_id=12368|references=(entity=(entity_id=entity_0183|fullname=Nanny|gender=f)))	(mention_id=12435|references=(entity=(entity_id=37|fullname=Nanny|gender=f)))
92417	nachgab	0		
92418	,	0		
92419	um	0		
92420	ein	0		
92421	größeres	0		
92422	Gemütsübel	0		
92423	,	0		
92424	das	0		
92425	sich	0		
92426	befürchten	0		
92427	ließ	0		
92428	,	0		
92429	zu	0		
92430	verhüten	0		
92431	.	0		
92432	Aber	0		
92433	sie	0	(mention_id=12369|references=(entity=(entity_id=entity_0183|fullname=Nanny|gender=f)))	(mention_id=12436|references=(entity=(entity_id=37|fullname=Nanny|gender=f)))
92434	blieb	0		
92435	nicht	0		
92436	lange	0		
92437	allein	0		
92438	;	0		
92439	denn	0		
92440	gleich	0		
92441	mit	0		
92442	sinkender	0		
92443	Nacht	0		
92444	,	0		
92445	als	0		
92446	das	0		
92447	schwebende	0		
92448	Licht	0		
92449	,	0		
92450	sein	0		
92451	volles	0		
92452	Recht	0		
92453	ausübend	0		
92454	,	0		
92455	einen	0		
92456	helleren	0		
92457	Schein	0		
92458	verbreitete	0		
92459	,	0		
92460	öffnete	0		
92461	sich	0		
92462	die	0		
92463	Türe	0		
92464	,	0		
92465	und	0		
92466	es	0		
92467	trat	0		
92468	der	0		
92469	Architekt	0	(mention_id=12370|references=(entity=(entity_id=entity_0147|fullname=Architekt|gender=m)))	(mention_id=12437|references=(entity=(entity_id=2|fullname=Architekt|gender=m)))
92470	in	0		
92471	die	0		
92472	Kapelle	0		
92473	,	0		
92474	deren	0		
92475	fromm	0		
92476	verzierte	0		
92477	Wände	0		
92478	bei	0		
92479	so	0		
92480	mildem	0		
92481	Schimmer	0		
92482	altertümlicher	0		
92483	und	0		
92484	ahnungsvoller	0		
92485	,	0		
92486	als	0		
92487	er	0	(mention_id=12371|references=(entity=(entity_id=entity_0147|fullname=Architekt|gender=m)))	(mention_id=12438|references=(entity=(entity_id=2|fullname=Architekt|gender=m)))
92488	je	0		
92489	hätte	0		
92490	glauben	0		
92491	können	0		
92492	,	0		
92493	ihm	0	(mention_id=12372|references=(entity=(entity_id=entity_0147|fullname=Architekt|gender=m)))	(mention_id=12439|references=(entity=(entity_id=2|fullname=Architekt|gender=m)))
92494	entgegendrangen	0		
92495	.	0		
92496	Nanny	0	(mention_id=12373|references=(entity=(entity_id=entity_0183|fullname=Nanny|gender=f)))	(mention_id=12440|references=(entity=(entity_id=37|fullname=Nanny|gender=f)))
92497	saß	0		
92498	an	0		
92499	der	0		
92500	einen	0		
92501	Seite	0		
92502	des	0		
92503	Sarges	0		
92504	.	0		
92505	Sie	0	(mention_id=12374|references=(entity=(entity_id=entity_0183|fullname=Nanny|gender=f)))	(mention_id=12441|references=(entity=(entity_id=37|fullname=Nanny|gender=f)))
92506	erkannte	0		
92507	ihn	0	(mention_id=12375|references=(entity=(entity_id=entity_0147|fullname=Architekt|gender=m)))	(mention_id=12442|references=(entity=(entity_id=2|fullname=Architekt|gender=m)))
92508	gleich	0		
92509	;	0		
92510	aber	0		
92511	schweigend	0		
92512	deutete	0		
92513	sie	0	(mention_id=12376|references=(entity=(entity_id=entity_0183|fullname=Nanny|gender=f)))	(mention_id=12443|references=(entity=(entity_id=37|fullname=Nanny|gender=f)))
92514	auf	0		
92515	die	0		
92516	verblichene	0		
92517	Herrin	0	(mention_id=12377|references=(entity=(entity_id=entity_0006|fullname=Ottilie|gender=f)))	(mention_id=12444|references=(entity=(entity_id=40|fullname=Ottilie|gender=f)))
92518	.	0		
92519	Und	0		
92520	so	0		
92521	stand	0		
92522	er	0	(mention_id=12378|references=(entity=(entity_id=entity_0147|fullname=Architekt|gender=m)))	(mention_id=12445|references=(entity=(entity_id=2|fullname=Architekt|gender=m)))
92523	auf	0		
92524	der	0		
92525	andern	0		
92526	Seite	0		
92527	,	0		
92528	in	0		
92529	jugendlicher	0		
92530	Kraft	0		
92531	und	0		
92532	Anmut	0		
92533	,	0		
92534	auf	0		
92535	sich	0	(mention_id=12379|references=(entity=(entity_id=entity_0147|fullname=Architekt|gender=m)))	(mention_id=12446|references=(entity=(entity_id=2|fullname=Architekt|gender=m)))
92536	selbst	0		
92537	zurückgewiesen	0		
92538	,	0		
92539	starr	0		
92540	,	0		
92541	in	0		
92542	sich	0	(mention_id=12380|references=(entity=(entity_id=entity_0147|fullname=Architekt|gender=m)))	(mention_id=12447|references=(entity=(entity_id=2|fullname=Architekt|gender=m)))
92543	gekehrt	0		
92544	,	0		
92545	mit	0		
92546	niedergesenkten	0		
92547	Armen	0		
92548	,	0		
92549	gefalteten	0		
92550	,	0		
92551	mitleidig	0		
92552	gerungenen	0		
92553	Händen	0		
92554	,	0		
92555	Haupt	0		
92556	und	0		
92557	Blick	0		
92558	nach	0		
92559	der	0		
92560	Entseelten	0	(mention_id=12381|references=(entity=(entity_id=entity_0006|fullname=Ottilie|gender=f)))	(mention_id=12448|references=(entity=(entity_id=40|fullname=Ottilie|gender=f)))
92561	hingeneigt	0		
92562	.	0		
92563	Schon	0		
92564	einmal	0		
92565	hatte	0		
92566	er	0	(mention_id=12382|references=(entity=(entity_id=entity_0147|fullname=Architekt|gender=m)))	(mention_id=12449|references=(entity=(entity_id=2|fullname=Architekt|gender=m)))
92567	so	0		
92568	vor	0		
92569	Belisar	0	(mention_id=12383|references=(entity=(entity_id=entity_0293|fullname=Belisar|gender=m|borderline_entity=lebendes,Gemälde)))	(mention_id=12450|references=(entity=(entity_id=5|fullname=Belisar|gender=m|specialcase_entity=nonfact)))
92570	gestanden	0		
92571	.	0		
92572	Unwillkürlich	0		
92573	geriet	0		
92574	er	0	(mention_id=12384|references=(entity=(entity_id=entity_0147|fullname=Architekt|gender=m)))	(mention_id=12451|references=(entity=(entity_id=2|fullname=Architekt|gender=m)))
92575	jetzt	0		
92576	in	0		
92577	die	0		
92578	gleiche	0		
92579	Stellung	0		
92580	;	0		
92581	und	0		
92582	wie	0		
92583	natürlich	0		
92584	war	0		
92585	sie	0		
92586	auch	0		
92587	diesmal	0		
92588	!	0		
92589	Auch	0		
92590	hier	0		
92591	war	0		
92592	etwas	0		
92593	unschätzbar	0		
92594	Würdiges	0	(mention_id=12385|references=(entity=(entity_id=entity_0006|fullname=Ottilie|gender=f)))	
92595	von	0		
92596	seiner	0	(mention_id=12386|references=(entity=(entity_id=entity_0147|fullname=Architekt|gender=m)))	(mention_id=12452|references=(entity=(entity_id=2|fullname=Architekt|gender=m)))
92597	Höhe	0		
92598	herabgestürzt	0		
92599	;	0		
92600	und	0		
92601	wenn	0		
92602	dort	0		
92603	Tapferkeit	0		
92604	,	0		
92605	Klugheit	0		
92606	,	0		
92607	Macht	0		
92608	,	0		
92609	Rang	0		
92610	und	0		
92611	Vermögen	0		
92612	in	0		
92613	einem	0		
92614	Manne	0	(mention_id=12387|references=(entity=(entity_id=entity_0293|fullname=Belisar|gender=m|borderline_entity=lebendes,Gemälde)))	(mention_id=12453|references=(entity=(entity_id=5|fullname=Belisar|gender=m|specialcase_entity=nonfact)))
92615	als	0		
92616	unwiederbringlich	0		
92617	verloren	0		
92618	bedauert	0		
92619	wurden	0		
92620	,	0		
92621	wenn	0		
92622	Eigenschaften	0		
92623	,	0		
92624	die	0		
92625	der	0		
92626	Nation	0	(mention_id=12388|references=(entity=(entity_id=generic_1238|fullname=Nation|gender=u|specialcase_entity=generic)))	(mention_id=12454|references=(entity=(entity_id=generic_0062|fullname=Nation im Allgemeinen|gender=u|specialcase_entity=generic)))
92627	,	0		
92628	dem	0		
92629	Fürsten	0	(mention_id=12389|references=(entity=(entity_id=generic_1239|fullname=Fürst|gender=u|specialcase_entity=generic)))	(mention_id=12455|references=(entity=(entity_id=generic_0063|fullname=Fürst im Allgemeinen|gender=u|specialcase_entity=generic)))
92630	in	0		
92631	entscheidenden	0		
92632	Momenten	0		
92633	unentbehrlich	0		
92634	sind	0		
92635	,	0		
92636	nicht	0		
92637	geschätzt	0		
92638	,	0		
92639	vielmehr	0		
92640	verworfen	0		
92641	und	0		
92642	ausgestoßen	0		
92643	worden	0		
92644	,	0		
92645	so	0		
92646	waren	0		
92647	hier	0		
92648	soviel	0		
92649	andere	0		
92650	stille	0		
92651	Tugenden	0		
92652	,	0		
92653	von	0		
92654	der	0		
92655	Natur	0		
92656	erst	0		
92657	kurz	0		
92658	aus	0		
92659	ihren	0		
92660	gehaltreichen	0		
92661	Tiefen	0		
92662	hervorgerufen	0		
92663	,	0		
92664	durch	0		
92665	ihre	0		
92666	gleichgültige	0		
92667	Hand	0		
92668	schnell	0		
92669	wieder	0		
92670	ausgetilgt	0		
92671	,	0		
92672	seltene	0		
92673	,	0		
92674	schöne	0		
92675	,	0		
92676	liebenswürdige	0		
92677	Tugenden	0		
92678	,	0		
92679	deren	0		
92680	friedliche	0		
92681	Einwirkung	0		
92682	die	0		
92683	bedürftige	0		
92684	Welt	0		
92685	zu	0		
92686	jeder	0		
92687	Zeit	0		
92688	mit	0		
92689	wonnevollem	0		
92690	Genügen	0		
92691	umfängt	0		
92692	und	0		
92693	mit	0		
92694	sehnsüchtiger	0		
92695	Trauer	0		
92696	vermißt	0		
92697	.	0		
92698	Der	0		
92699	Jüngling	0	(mention_id=12390|references=(entity=(entity_id=entity_0147|fullname=Architekt|gender=m)))	(mention_id=12456|references=(entity=(entity_id=2|fullname=Architekt|gender=m)))
92700	schwieg	0		
92701	,	0		
92702	auch	0		
92703	das	0		
92704	Mädchen	0	(mention_id=12391|references=(entity=(entity_id=entity_0183|fullname=Nanny|gender=f)))	(mention_id=12457|references=(entity=(entity_id=37|fullname=Nanny|gender=f)))
92705	eine	0		
92706	Zeitlang	0		
92707	;	0		
92708	als	0		
92709	sie	0	(mention_id=12392|references=(entity=(entity_id=entity_0183|fullname=Nanny|gender=f)))	(mention_id=12458|references=(entity=(entity_id=37|fullname=Nanny|gender=f)))
92710	ihm	0	(mention_id=12393|references=(entity=(entity_id=entity_0147|fullname=Architekt|gender=m)))	(mention_id=12459|references=(entity=(entity_id=2|fullname=Architekt|gender=m)))
92711	aber	0		
92712	die	0		
92713	Tränen	0		
92714	häufig	0		
92715	aus	0		
92716	dem	0		
92717	Auge	0		
92718	quellen	0		
92719	sah	0		
92720	,	0		
92721	als	0		
92722	er	0	(mention_id=12394|references=(entity=(entity_id=entity_0147|fullname=Architekt|gender=m)))	(mention_id=12460|references=(entity=(entity_id=2|fullname=Architekt|gender=m)))
92723	sich	0		(mention_id=12461|references=(entity=(entity_id=2|fullname=Architekt|gender=m)))
92724	im	0		
92725	Schmerz	0		
92726	ganz	0		
92727	aufzulösen	0		
92728	schien	0		
92729	,	0		
92730	sprach	0		
92731	sie	0	(mention_id=12395|references=(entity=(entity_id=entity_0183|fullname=Nanny|gender=f)))	(mention_id=12462|references=(entity=(entity_id=37|fullname=Nanny|gender=f)))
92732	mit	0		
92733	so	0		
92734	viel	0		
92735	Wahrheit	0		
92736	und	0		
92737	Kraft	0		
92738	,	0		
92739	mit	0		
92740	so	0		
92741	viel	0		
92742	Wohlwollen	0		
92743	und	0		
92744	Sicherheit	0		
92745	ihm	0	(mention_id=12396|references=(entity=(entity_id=entity_0147|fullname=Architekt|gender=m)))	(mention_id=12463|references=(entity=(entity_id=2|fullname=Architekt|gender=m)))
92746	zu	0		
92747	,	0		
92748	daß	0		
92749	er	0	(mention_id=12397|references=(entity=(entity_id=entity_0147|fullname=Architekt|gender=m)))	(mention_id=12464|references=(entity=(entity_id=2|fullname=Architekt|gender=m)))
92750	,	0		
92751	über	0		
92752	den	0		
92753	Fluß	0		
92754	ihrer	0	(mention_id=12398|references=(entity=(entity_id=entity_0183|fullname=Nanny|gender=f)))	(mention_id=12465|references=(entity=(entity_id=37|fullname=Nanny|gender=f)))
92755	Rede	0		
92756	erstaunt	0		
92757	,	0		
92758	sich	0	(mention_id=12399|references=(entity=(entity_id=entity_0147|fullname=Architekt|gender=m)))	(mention_id=12466|references=(entity=(entity_id=2|fullname=Architekt|gender=m)))
92759	zu	0		
92760	fassen	0		
92761	vermochte	0		
92762	und	0		
92763	seine	0	(mention_id=12400|references=(entity=(entity_id=entity_0147|fullname=Architekt|gender=m)))	(mention_id=12467|references=(entity=(entity_id=2|fullname=Architekt|gender=m)))
92764	schöne	0		
92765	Freundin	0	(mention_id=12401|references=(entity=(entity_id=entity_0006|fullname=Ottilie|gender=f)))	(mention_id=12468|references=(entity=(entity_id=40|fullname=Ottilie|gender=f)))
92766	ihm	0	(mention_id=12402|references=(entity=(entity_id=entity_0147|fullname=Architekt|gender=m)))	(mention_id=12469|references=(entity=(entity_id=2|fullname=Architekt|gender=m)))
92767	in	0		
92768	einer	0		
92769	höhern	0		
92770	Region	0		
92771	lebend	0		
92772	und	0		
92773	wirkend	0		
92774	vorschwebte	0		
92775	.	0		
92776	Seine	0	(mention_id=12403|references=(entity=(entity_id=entity_0147|fullname=Architekt|gender=m)))	(mention_id=12470|references=(entity=(entity_id=2|fullname=Architekt|gender=m)))
92777	Tränen	0		
92778	trockneten	0		
92779	,	0		
92780	seine	0	(mention_id=12404|references=(entity=(entity_id=entity_0147|fullname=Architekt|gender=m)))	(mention_id=12471|references=(entity=(entity_id=2|fullname=Architekt|gender=m)))
92781	Schmerzen	0		
92782	linderten	0		
92783	sich	0		
92784	,	0		
92785	knieend	0		
92786	nahm	0		
92787	er	0	(mention_id=12405|references=(entity=(entity_id=entity_0147|fullname=Architekt|gender=m)))	(mention_id=12472|references=(entity=(entity_id=2|fullname=Architekt|gender=m)))
92788	von	0		
92789	Ottilien	0	(mention_id=12406|references=(entity=(entity_id=entity_0006|fullname=Ottilie|gender=f)))	(mention_id=12473|references=(entity=(entity_id=40|fullname=Ottilie|gender=f)))
92790	,	0		
92791	mit	0		
92792	einem	0		
92793	herzlichen	0		
92794	Händedruck	0		
92795	von	0		
92796	Nanny	0	(mention_id=12407|references=(entity=(entity_id=entity_0183|fullname=Nanny|gender=f)))	(mention_id=12474|references=(entity=(entity_id=37|fullname=Nanny|gender=f)))
92797	Abschied	0		
92798	,	0		
92799	und	0		
92800	noch	0		
92801	in	0		
92802	der	0		
92803	Nacht	0		
92804	ritt	0		
92805	er	0	(mention_id=12408|references=(entity=(entity_id=entity_0147|fullname=Architekt|gender=m)))	(mention_id=12475|references=(entity=(entity_id=2|fullname=Architekt|gender=m)))
92806	vom	0		
92807	Orte	0		
92808	weg	0		
92809	,	0		
92810	ohne	0		
92811	jemand	0		(mention_id=12476|references=(entity=(entity_id=generic_0064|fullname=jemand|gender=u|specialcase_entity=generic)))
92812	weiter	0		
92813	gesehen	0		
92814	zu	0		
92815	haben	0		
92816	.	0		
92817	Der	0		
92818	Wundarzt	0	(mention_id=12409|references=(entity=(entity_id=entity_0443|fullname=Arzt|gender=m)))	(mention_id=12477|references=(entity=(entity_id=3|fullname=Arzt|gender=m)))
92819	war	0		
92820	die	0		
92821	Nacht	0		
92822	über	0		
92823	ohne	0		
92824	des	0		
92825	Mädchens	0	(mention_id=12410|references=(entity=(entity_id=entity_0183|fullname=Nanny|gender=f)))	(mention_id=12478|references=(entity=(entity_id=37|fullname=Nanny|gender=f)))
92826	Wissen	0		
92827	in	0		
92828	der	0		
92829	Kirche	0		
92830	geblieben	0		
92831	und	0		
92832	fand	0		
92833	,	0		
92834	als	0		
92835	er	0	(mention_id=12411|references=(entity=(entity_id=entity_0443|fullname=Arzt|gender=m)))	(mention_id=12479|references=(entity=(entity_id=3|fullname=Arzt|gender=m)))
92836	sie	0	(mention_id=12412|references=(entity=(entity_id=entity_0183|fullname=Nanny|gender=f)))	(mention_id=12480|references=(entity=(entity_id=37|fullname=Nanny|gender=f)))
92837	des	0		
92838	Morgens	0		
92839	besuchte	0		
92840	,	0		
92841	sie	0	(mention_id=12413|references=(entity=(entity_id=entity_0183|fullname=Nanny|gender=f)))	(mention_id=12481|references=(entity=(entity_id=37|fullname=Nanny|gender=f)))
92842	heiter	0		
92843	und	0		
92844	getrosten	0		
92845	Mutes	0		
92846	.	0		
92847	Er	0	(mention_id=12414|references=(entity=(entity_id=entity_0443|fullname=Arzt|gender=m)))	(mention_id=12482|references=(entity=(entity_id=3|fullname=Arzt|gender=m)))
92848	war	0		
92849	auf	0		
92850	mancherlei	0		
92851	Verirrungen	0		
92852	gefaßt	0		
92853	;	0		
92854	er	0	(mention_id=12415|references=(entity=(entity_id=entity_0443|fullname=Arzt|gender=m)))	(mention_id=12483|references=(entity=(entity_id=3|fullname=Arzt|gender=m)))
92855	dachte	0		
92856	schon	0		
92857	,	0		
92858	sie	0	(mention_id=12416|references=(entity=(entity_id=entity_0183|fullname=Nanny|gender=f)))	(mention_id=12484|references=(entity=(entity_id=37|fullname=Nanny|gender=f)))
92859	werde	0		
92860	ihm	0	(mention_id=12417|references=(entity=(entity_id=entity_0443|fullname=Arzt|gender=m)))	(mention_id=12485|references=(entity=(entity_id=3|fullname=Arzt|gender=m)))
92861	von	0		
92862	nächtlichen	0		
92863	Unterredungen	0		
92864	mit	0		
92865	Ottilien	0	(mention_id=12418|references=(entity=(entity_id=entity_0006|fullname=Ottilie|gender=f)))	(mention_id=12486|references=(entity=(entity_id=40|fullname=Ottilie|gender=f)))
92866	und	0		
92867	von	0		
92868	andern	0		
92869	solchen	0		
92870	Erscheinungen	0		
92871	sprechen	0		
92872	,	0		
92873	aber	0		
92874	sie	0	(mention_id=12419|references=(entity=(entity_id=entity_0183|fullname=Nanny|gender=f)))	(mention_id=12487|references=(entity=(entity_id=37|fullname=Nanny|gender=f)))
92875	war	0		
92876	natürlich	0		
92877	,	0		
92878	ruhig	0		
92879	und	0		
92880	sich	0	(mention_id=12420|references=(entity=(entity_id=entity_0183|fullname=Nanny|gender=f)))	(mention_id=12488|references=(entity=(entity_id=37|fullname=Nanny|gender=f)))
92881	völlig	0		
92882	selbstbewußt	0		
92883	.	0		
92884	Sie	0	(mention_id=12421|references=(entity=(entity_id=entity_0183|fullname=Nanny|gender=f)))	(mention_id=12489|references=(entity=(entity_id=37|fullname=Nanny|gender=f)))
92885	erinnerte	0		
92886	sich	0	(mention_id=12422|references=(entity=(entity_id=entity_0183|fullname=Nanny|gender=f)))	(mention_id=12490|references=(entity=(entity_id=37|fullname=Nanny|gender=f)))
92887	vollkommen	0		
92888	aller	0		
92889	früheren	0		
92890	Zeiten	0		
92891	,	0		
92892	aller	0		
92893	Zustände	0		
92894	mit	0		
92895	großer	0		
92896	Genauigkeit	0		
92897	,	0		
92898	und	0		
92899	nichts	0		
92900	in	0		
92901	ihren	0	(mention_id=12423|references=(entity=(entity_id=entity_0183|fullname=Nanny|gender=f)))	(mention_id=12491|references=(entity=(entity_id=37|fullname=Nanny|gender=f)))
92902	Reden	0		
92903	schritt	0		
92904	aus	0		
92905	dem	0		
92906	gewöhnlichen	0		
92907	Gange	0		
92908	des	0		
92909	Wahren	0		
92910	und	0		
92911	Wirklichen	0		
92912	heraus	0		
92913	als	0		
92914	nur	0		
92915	die	0		
92916	Begebenheit	0		
92917	beim	0		
92918	Leichenbegängnis	0		
92919	,	0		
92920	die	0		
92921	sie	0	(mention_id=12424|references=(entity=(entity_id=entity_0183|fullname=Nanny|gender=f)))	(mention_id=12492|references=(entity=(entity_id=37|fullname=Nanny|gender=f)))
92922	mit	0		
92923	Freudigkeit	0		
92924	oft	0		
92925	wiederholte	0		
92926	:	0		
92927	wie	0		
92928	Ottilie	0	(mention_id=12425|references=(entity=(entity_id=entity_0006|fullname=Ottilie|gender=f)))	(mention_id=12493|references=(entity=(entity_id=40|fullname=Ottilie|gender=f)))
92929	sich	0	(mention_id=12426|references=(entity=(entity_id=entity_0006|fullname=Ottilie|gender=f)))	(mention_id=12494|references=(entity=(entity_id=40|fullname=Ottilie|gender=f)))
92930	aufgerichtet	0		
92931	,	0		
92932	sie	0	(mention_id=12427|references=(entity=(entity_id=entity_0006|fullname=Ottilie|gender=f)))	(mention_id=12495|references=(entity=(entity_id=40|fullname=Ottilie|gender=f)))
92933	gesegnet	0		
92934	,	0		
92935	ihr	0	(mention_id=12428|references=(entity=(entity_id=entity_0183|fullname=Nanny|gender=f)))	(mention_id=12496|references=(entity=(entity_id=37|fullname=Nanny|gender=f)))
92936	verziehen	0		
92937	und	0		
92938	sie	0	(mention_id=12429|references=(entity=(entity_id=entity_0006|fullname=Ottilie|gender=f)))	(mention_id=12497|references=(entity=(entity_id=40|fullname=Ottilie|gender=f)))
92939	dadurch	0		
92940	für	0		
92941	immer	0		
92942	beruhigt	0		
92943	habe	0		
92944	.	0		
92945	Der	0		
92946	fortdauernd	0		
92947	schöne	0		
92948	,	0		
92949	mehr	0		
92950	schlaf-	0		
92951	als	0		
92952	todähnliche	0		
92953	Zustand	0		
92954	Ottiliens	0	(mention_id=12430|references=(entity=(entity_id=entity_0006|fullname=Ottilie|gender=f)))	(mention_id=12498|references=(entity=(entity_id=40|fullname=Ottilie|gender=f)))
92955	zog	0		
92956	mehrere	0		
92957	Menschen	0	(mention_id=12431|references=(entity=(entity_id=entity_0445|fullname=Besucher der Kapelle|gender=u|specialcase_entity=group)))	(mention_id=12499|references=(entity=(entity_id=31|fullname=Menschen|gender=mf|specialcase_entity=group)))
92958	herbei	0		
92959	.	0		
92960	Die	0		
92961	Bewohner	0	(mention_id=12432|references=(entity=(entity_id=entity_0459|fullname=Bewohner|gender=u|specialcase_entity=group)))	(mention_id=12500|references=(entity=(entity_id=6|fullname=Bewohner|gender=mf|specialcase_entity=group)))
92962	und	0		
92963	Anwohner	0	(mention_id=12433|references=(entity=(entity_id=entity_0458|fullname=Anwohner|gender=u|specialcase_entity=group)))	(mention_id=12501|references=(entity=(entity_id=1|fullname=Anwohner|gender=mf|specialcase_entity=group)))
92964	wollten	0		
92965	sie	0	(mention_id=12434|references=(entity=(entity_id=entity_0006|fullname=Ottilie|gender=f)))	(mention_id=12502|references=(entity=(entity_id=40|fullname=Ottilie|gender=f)))
92966	noch	0		
92967	sehen	0		
92968	,	0		
92969	und	0		
92970	jeder	0	(mention_id=12435|references=(entity=(entity_id=entity_0445|fullname=Besucher der Kapelle|gender=u|specialcase_entity=group)))	(mention_id=12503|references=(entity=(entity_id=generic_0065|fullname=jeder Anwohner|gender=u|specialcase_entity=generic)))
92971	mochte	0		
92972	gern	0		
92973	aus	0		
92974	Nannys	0	(mention_id=12436|references=(entity=(entity_id=entity_0183|fullname=Nanny|gender=f)))	(mention_id=12504|references=(entity=(entity_id=37|fullname=Nanny|gender=f)))
92975	Munde	0		
92976	das	0		
92977	Unglaubliche	0		
92978	hören	0		
92979	;	0		
92980	manche	0	(mention_id=12437|references=(entity=(entity_id=entity_0456|fullname=Manche Besucher der Kapelle|gender=u|specialcase_entity=group)))	(mention_id=12505|references=(entity=(entity_id=54|fullname=manche Anwohner|gender=mf|specialcase_entity=group)))
92981	,	0		
92982	um	0		
92983	darüber	0		
92984	zu	0		
92985	spotten	0		
92986	,	0		
92987	die	0		
92988	meisten	0	(mention_id=12438|references=(entity=(entity_id=entity_0463|fullname=die meisten Besucher der Kapelle|gender=u|specialcase_entity=group)))	(mention_id=12506|references=(entity=(entity_id=51|fullname=die meisten Anwohner|gender=mf|specialcase_entity=group)))
92989	,	0		
92990	um	0		
92991	daran	0		
92992	zu	0		
92993	zweifeln	0		
92994	,	0		
92995	und	0		
92996	wenige	0	(mention_id=12439|references=(entity=(entity_id=entity_0454|fullname=Wenige Besucher der Kapelle|gender=u|specialcase_entity=group)))	(mention_id=12507|references=(entity=(entity_id=56|fullname=wenige Anwohner|gender=mf|specialcase_entity=group)))
92997	,	0		
92998	um	0		
92999	sich	0	(mention_id=12440|references=(entity=(entity_id=entity_0454|fullname=Wenige Besucher der Kapelle|gender=u|specialcase_entity=group)))	(mention_id=12508|references=(entity=(entity_id=56|fullname=wenige Anwohner|gender=mf|specialcase_entity=group)))
93000	glaubend	0		
93001	dagegen	0		
93002	zu	0		
93003	verhalten	0		
93004	.	0		
93005	Jedes	0		
93006	Bedürfnis	0		
93007	,	0		
93008	dessen	0		
93009	wirkliche	0		
93010	Befriedigung	0		
93011	versagt	0		
93012	ist	0		
93013	,	0		
93014	nötigt	0		
93015	zum	0		
93016	Glauben	0		
93017	.	0		
93018	Die	0		
93019	vor	0		
93020	den	0		
93021	Augen	0		
93022	aller	0		
93023	Welt	0		(mention_id=12509|references=(entity=(entity_id=generic_0066|fullname=Welt im Allgemeinen|gender=u|specialcase_entity=generic)))
93024	zerschmetterte	0		
93025	Nanny	0	(mention_id=12441|references=(entity=(entity_id=entity_0183|fullname=Nanny|gender=f)))	(mention_id=12510|references=(entity=(entity_id=37|fullname=Nanny|gender=f)))
93026	war	0		
93027	durch	0		
93028	Berührung	0		
93029	des	0		
93030	frommen	0		
93031	Körpers	0	(mention_id=12442|references=(entity=(entity_id=entity_0006|fullname=Ottilie|gender=f)|specialcase_reference=part))	
93032	wieder	0		
93033	gesund	0		
93034	geworden	0		
93035	;	0		
93036	warum	0		
93037	sollte	0		
93038	nicht	0		
93039	auch	0		
93040	ein	0		
93041	ähnliches	0		
93042	Glück	0		
93043	hier	0		
93044	andern	0	(mention_id=12443|references=(entity=(entity_id=entity_0445|fullname=Besucher der Kapelle|gender=u|specialcase_entity=group)))	(mention_id=12511|references=(entity=(entity_id=generic_0009|fullname=andere Menschen im Allgemeinen|gender=u|specialcase_entity=generic)))
93045	bereitet	0		
93046	sein	0		
93047	?	0		
93048	Zärtliche	0		
93049	Mütter	0	(mention_id=12444|references=(entity=(entity_id=entity_0446|fullname=Mütter die Kapelle besuchen|gender=f|specialcase_entity=group)))	(mention_id=12512|references=(entity=(entity_id=36|fullname=Mütter|gender=f|specialcase_entity=group)))
93050	brachten	0		
93051	zuerst	0		
93052	heimlich	0		
93053	ihre	0	(mention_id=12445|references=(entity=(entity_id=entity_0446|fullname=Mütter die Kapelle besuchen|gender=f|specialcase_entity=group)))	(mention_id=12513|references=(entity=(entity_id=36|fullname=Mütter|gender=f|specialcase_entity=group)))
93054	Kinder	0	(mention_id=12446|references=(entity=(entity_id=entity_0452|fullname=Kinder von Müttern die Kapelle besuchen|gender=u|specialcase_entity=group)))	(mention_id=12514|references=(entity=(entity_id=23|fullname=Kinder|gender=mf|specialcase_entity=group)))
93055	,	0		
93056	die	0	(mention_id=12447|references=(entity=(entity_id=entity_0452|fullname=Kinder von Müttern die Kapelle besuchen|gender=u|specialcase_entity=group)))	(mention_id=12515|references=(entity=(entity_id=23|fullname=Kinder|gender=mf|specialcase_entity=group)))
93057	von	0		
93058	irgendeinem	0		
93059	Übel	0		
93060	behaftet	0		
93061	waren	0		
93062	,	0		
93063	und	0		
93064	sie	0	(mention_id=12448|references=(entity=(entity_id=entity_0446|fullname=Mütter die Kapelle besuchen|gender=f|specialcase_entity=group)))	(mention_id=12516|references=(entity=(entity_id=36|fullname=Mütter|gender=f|specialcase_entity=group)))
93065	glaubten	0		
93066	eine	0		
93067	plötzliche	0		
93068	Besserung	0		
93069	zu	0		
93070	spüren	0		
93071	.	0		
93072	Das	0		
93073	Zutrauen	0		
93074	vermehrte	0		
93075	sich	0		
93076	,	0		
93077	und	0		
93078	zuletzt	0		
93079	war	0		
93080	niemand	0		
93081	so	0		
93082	alt	0		
93083	und	0		
93084	so	0		
93085	schwach	0		
93086	,	0		
93087	der	0	(mention_id=12449|references=(entity=(entity_id=entity_0445|fullname=Besucher der Kapelle|gender=u|specialcase_entity=group)))	(mention_id=12517|references=(entity=(entity_id=generic_0067|fullname=niemand|gender=u|specialcase_entity=generic)))
93088	sich	0	(mention_id=12450|references=(entity=(entity_id=entity_0445|fullname=Besucher der Kapelle|gender=u|specialcase_entity=group)))	
93089	nicht	0		
93090	an	0		
93091	dieser	0		
93092	Stelle	0		
93093	eine	0		
93094	Erquickung	0		
93095	und	0		
93096	Erleichterung	0		
93097	gesucht	0		
93098	hätte	0		
93099	.	0		
93100	Der	0		
93101	Zudrang	0		
93102	wuchs	0		
93103	,	0		
93104	und	0		
93105	man	0		
93106	sah	0		
93107	sich	0	(mention_id=12451|references=(entity=(entity_id=entity_0002|fullname=Charlotte|gender=f)))	
93108	genötigt	0		
93109	,	0		
93110	die	0		
93111	Kapelle	0		
93112	,	0		
93113	ja	0		
93114	außer	0		
93115	den	0		
93116	Stunden	0		
93117	des	0		
93118	Gottesdienstes	0		
93119	die	0		
93120	Kirche	0		
93121	zu	0		
93122	verschließen	0		
93123	.	0		
93124	Eduard	0	(mention_id=12452|references=(entity=(entity_id=entity_0001|fullname=Eduard|gender=m)))	(mention_id=12518|references=(entity=(entity_id=8|fullname=Eduard|gender=m)))
93125	wagte	0		
93126	sich	0	(mention_id=12453|references=(entity=(entity_id=entity_0001|fullname=Eduard|gender=m)))	(mention_id=12519|references=(entity=(entity_id=8|fullname=Eduard|gender=m)))
93127	nicht	0		
93128	wieder	0		
93129	zu	0		
93130	der	0		
93131	Abgeschiedenen	0	(mention_id=12454|references=(entity=(entity_id=entity_0006|fullname=Ottilie|gender=f)))	(mention_id=12520|references=(entity=(entity_id=40|fullname=Ottilie|gender=f)))
93132	.	0		
93133	Er	0	(mention_id=12455|references=(entity=(entity_id=entity_0001|fullname=Eduard|gender=m)))	(mention_id=12521|references=(entity=(entity_id=8|fullname=Eduard|gender=m)))
93134	lebte	0		
93135	nur	0		
93136	vor	0		
93137	sich	0	(mention_id=12456|references=(entity=(entity_id=entity_0001|fullname=Eduard|gender=m)))	(mention_id=12522|references=(entity=(entity_id=8|fullname=Eduard|gender=m)))
93138	hin	0		
93139	,	0		
93140	er	0	(mention_id=12457|references=(entity=(entity_id=entity_0001|fullname=Eduard|gender=m)))	(mention_id=12523|references=(entity=(entity_id=8|fullname=Eduard|gender=m)))
93141	schien	0		
93142	keine	0		
93143	Träne	0		
93144	mehr	0		
93145	zu	0		
93146	haben	0		
93147	,	0		
93148	keines	0		
93149	Schmerzes	0		
93150	weiter	0		
93151	fähig	0		
93152	zu	0		
93153	sein	0		
93154	.	0		
93155	Seine	0	(mention_id=12458|references=(entity=(entity_id=entity_0001|fullname=Eduard|gender=m)))	(mention_id=12524|references=(entity=(entity_id=8|fullname=Eduard|gender=m)))
93156	Teilnahme	0		
93157	an	0		
93158	der	0		
93159	Unterhaltung	0		
93160	,	0		
93161	sein	0	(mention_id=12459|references=(entity=(entity_id=entity_0001|fullname=Eduard|gender=m)))	(mention_id=12525|references=(entity=(entity_id=8|fullname=Eduard|gender=m)))
93162	Genuß	0		
93163	von	0		
93164	Speis	0		
93165	und	0		
93166	Trank	0		
93167	vermindert	0		
93168	sich	0		
93169	mit	0		
93170	jedem	0		
93171	Tage	0		
93172	.	0		
93173	Nur	0		
93174	noch	0		
93175	einige	0		
93176	Erquickung	0		
93177	scheint	0		
93178	er	0	(mention_id=12460|references=(entity=(entity_id=entity_0001|fullname=Eduard|gender=m)))	(mention_id=12526|references=(entity=(entity_id=8|fullname=Eduard|gender=m)))
93179	aus	0		
93180	dem	0		
93181	Glase	0		
93182	zu	0		
93183	schlürfen	0		
93184	,	0		
93185	das	0		
93186	ihm	0	(mention_id=12461|references=(entity=(entity_id=entity_0001|fullname=Eduard|gender=m)))	(mention_id=12527|references=(entity=(entity_id=8|fullname=Eduard|gender=m)))
93187	freilich	0		
93188	kein	0		
93189	wahrhafter	0		
93190	Prophet	0		
93191	gewesen	0		
93192	.	0		
93193	Er	0	(mention_id=12462|references=(entity=(entity_id=entity_0001|fullname=Eduard|gender=m)))	(mention_id=12528|references=(entity=(entity_id=8|fullname=Eduard|gender=m)))
93194	betrachtet	0		
93195	noch	0		
93196	immer	0		
93197	gern	0		
93198	die	0		
93199	verschlungenen	0		
93200	Namenszüge	0		
93201	,	0		
93202	und	0		
93203	sein	0	(mention_id=12463|references=(entity=(entity_id=entity_0001|fullname=Eduard|gender=m)))	(mention_id=12529|references=(entity=(entity_id=8|fullname=Eduard|gender=m)))
93204	ernstheiterer	0		
93205	Blick	0		
93206	dabei	0		
93207	scheint	0		
93208	anzudeuten	0		
93209	,	0		
93210	daß	0		
93211	er	0	(mention_id=12464|references=(entity=(entity_id=entity_0001|fullname=Eduard|gender=m)))	(mention_id=12530|references=(entity=(entity_id=8|fullname=Eduard|gender=m)))
93212	auch	0		
93213	jetzt	0		
93214	noch	0		
93215	auf	0		
93216	eine	0		
93217	Vereinigung	0		
93218	hoffe	0		
93219	.	0		
93220	Und	0		
93221	wie	0		
93222	den	0		
93223	Glücklichen	0	(mention_id=12465|references=(entity=(entity_id=generic_1240|fullname=Glückliche|gender=u|specialcase_entity=generic)))	(mention_id=12531|references=(entity=(entity_id=generic_0068|fullname=Glückliche im Allgemeinen|gender=u|specialcase_entity=generic)))
93224	jeder	0		
93225	Nebenumstand	0		
93226	zu	0		
93227	begünstigen	0		
93228	,	0		
93229	jedes	0		
93230	Ungefähr	0		
93231	mit	0		
93232	emporzuheben	0		
93233	scheint	0		
93234	,	0		
93235	so	0		
93236	mögen	0		
93237	sich	0		
93238	auch	0		
93239	gern	0		
93240	die	0		
93241	kleinsten	0		
93242	Vorfälle	0		
93243	zur	0		
93244	Kränkung	0		
93245	,	0		
93246	zum	0		
93247	Verderben	0		
93248	des	0		
93249	Unglücklichen	0	(mention_id=12466|references=(entity=(entity_id=generic_1241|fullname=Unglückliche|gender=u|specialcase_entity=generic)))	
93250	vereinigen	0		
93251	.	0		
93252	Denn	0		
93253	eines	0		
93254	Tages	0		
93255	,	0		
93256	als	0		
93257	Eduard	0	(mention_id=12467|references=(entity=(entity_id=entity_0001|fullname=Eduard|gender=m)))	(mention_id=12532|references=(entity=(entity_id=8|fullname=Eduard|gender=m)))
93258	das	0		
93259	geliebte	0		
93260	Glas	0		
93261	zum	0		
93262	Munde	0		
93263	brachte	0		
93264	,	0		
93265	entfernte	0		
93266	er	0	(mention_id=12468|references=(entity=(entity_id=entity_0001|fullname=Eduard|gender=m)))	(mention_id=12533|references=(entity=(entity_id=8|fullname=Eduard|gender=m)))
93267	es	0		
93268	mit	0		
93269	Entsetzen	0		
93270	wieder	0		
93271	;	0		
93272	es	0		
93273	war	0		
93274	dasselbe	0		
93275	und	0		
93276	nicht	0		
93277	dasselbe	0		
93278	;	0		
93279	er	0	(mention_id=12469|references=(entity=(entity_id=entity_0001|fullname=Eduard|gender=m)))	(mention_id=12534|references=(entity=(entity_id=8|fullname=Eduard|gender=m)))
93280	vermißt	0		
93281	ein	0		
93282	kleines	0		
93283	Kennzeichen	0		
93284	.	0		
93285	Man	0		
93286	dringt	0		
93287	in	0		
93288	den	0		
93289	Kammerdiener	0	(mention_id=12470|references=(entity=(entity_id=entity_0144|fullname=Eduards Kammerdiener|gender=m)))	(mention_id=12535|references=(entity=(entity_id=21|fullname=Kammerdiener|gender=m)))
93290	,	0		
93291	und	0		
93292	dieser	0	(mention_id=12471|references=(entity=(entity_id=entity_0144|fullname=Eduards Kammerdiener|gender=m)))	(mention_id=12536|references=(entity=(entity_id=21|fullname=Kammerdiener|gender=m)))
93293	muß	0		
93294	gestehen	0		
93295	,	0		
93296	das	0		
93297	echte	0		
93298	Glas	0		
93299	sei	0		
93300	unlängst	0		
93301	zerbrochen	0		
93302	und	0		
93303	ein	0		
93304	gleiches	0		
93305	,	0		
93306	auch	0		
93307	aus	0		
93308	Eduards	0	(mention_id=12472|references=(entity=(entity_id=entity_0001|fullname=Eduard|gender=m)))	(mention_id=12537|references=(entity=(entity_id=8|fullname=Eduard|gender=m)))
93309	Jugendzeit	0		
93310	,	0		
93311	untergeschoben	0		
93312	worden	0		
93313	.	0		
93314	Eduard	0	(mention_id=12473|references=(entity=(entity_id=entity_0001|fullname=Eduard|gender=m)))	(mention_id=12538|references=(entity=(entity_id=8|fullname=Eduard|gender=m)))
93315	kann	0		
93316	nicht	0		
93317	zürnen	0		
93318	,	0		
93319	sein	0	(mention_id=12474|references=(entity=(entity_id=entity_0001|fullname=Eduard|gender=m)))	(mention_id=12539|references=(entity=(entity_id=8|fullname=Eduard|gender=m)))
93320	Schicksal	0		
93321	ist	0		
93322	ausgesprochen	0		
93323	durch	0		
93324	die	0		
93325	Tat	0		
93326	;	0		
93327	wie	0		
93328	soll	0		
93329	ihn	0	(mention_id=12475|references=(entity=(entity_id=entity_0001|fullname=Eduard|gender=m)))	(mention_id=12540|references=(entity=(entity_id=8|fullname=Eduard|gender=m)))
93330	das	0		
93331	Gleichnis	0		
93332	rühren	0		
93333	?	0		
93334	Aber	0		
93335	doch	0		
93336	drückt	0		
93337	es	0		
93338	ihn	0	(mention_id=12476|references=(entity=(entity_id=entity_0001|fullname=Eduard|gender=m)))	(mention_id=12541|references=(entity=(entity_id=8|fullname=Eduard|gender=m)))
93339	tief	0		
93340	.	0		
93341	Der	0		
93342	Trank	0		
93343	scheint	0		
93344	ihm	0	(mention_id=12477|references=(entity=(entity_id=entity_0001|fullname=Eduard|gender=m)))	(mention_id=12542|references=(entity=(entity_id=8|fullname=Eduard|gender=m)))
93345	von	0		
93346	nun	0		
93347	an	0		
93348	zu	0		
93349	widerstehen	0		
93350	;	0		
93351	er	0	(mention_id=12478|references=(entity=(entity_id=entity_0001|fullname=Eduard|gender=m)))	(mention_id=12543|references=(entity=(entity_id=8|fullname=Eduard|gender=m)))
93352	scheint	0		
93353	sich	0	(mention_id=12479|references=(entity=(entity_id=entity_0001|fullname=Eduard|gender=m)))	(mention_id=12544|references=(entity=(entity_id=8|fullname=Eduard|gender=m)))
93354	mit	0		
93355	Vorsatz	0		
93356	der	0		
93357	Speise	0		
93358	,	0		
93359	des	0		
93360	Gesprächs	0		
93361	zu	0		
93362	enthalten	0		
93363	.	0		
93364	Aber	0		
93365	von	0		
93366	Zeit	0		
93367	zu	0		
93368	Zeit	0		
93369	überfällt	0		
93370	ihn	0	(mention_id=12480|references=(entity=(entity_id=entity_0001|fullname=Eduard|gender=m)))	(mention_id=12545|references=(entity=(entity_id=8|fullname=Eduard|gender=m)))
93371	eine	0		
93372	Unruhe	0		
93373	.	0		
93374	Er	0	(mention_id=12481|references=(entity=(entity_id=entity_0001|fullname=Eduard|gender=m)))	(mention_id=12546|references=(entity=(entity_id=8|fullname=Eduard|gender=m)))
93375	verlangt	0		
93376	wieder	0		
93377	etwas	0		
93378	zu	0		
93379	genießen	0		
93380	,	0		
93381	er	0	(mention_id=12482|references=(entity=(entity_id=entity_0001|fullname=Eduard|gender=m)))	(mention_id=12547|references=(entity=(entity_id=8|fullname=Eduard|gender=m)))
93382	fängt	0		
93383	wieder	0		
93384	an	0		
93385	zu	0		
93386	sprechen	0		
93387	.	0		
93388	»	0		
93389	Ach	0		
93390	!	0		
93391	«	0		
93392	sagte	0		
93393	er	0	(mention_id=12483|references=(entity=(entity_id=entity_0001|fullname=Eduard|gender=m)))	(mention_id=12548|references=(entity=(entity_id=8|fullname=Eduard|gender=m)))
93394	einmal	0		
93395	zu	0		
93396	dem	0		
93397	Major	0	(mention_id=12484|references=(entity=(entity_id=entity_0003|fullname=Hauptmann|gender=m|possible_identity_with=entity_0374)))	(mention_id=12549|references=(entity=(entity_id=27|fullname=Major|gender=m)))
93398	,	0		
93399	der	0	(mention_id=12485|references=(entity=(entity_id=entity_0003|fullname=Hauptmann|gender=m|possible_identity_with=entity_0374)))	(mention_id=12550|references=(entity=(entity_id=27|fullname=Major|gender=m)))
93400	ihm	0	(mention_id=12486|references=(entity=(entity_id=entity_0001|fullname=Eduard|gender=m)))	(mention_id=12551|references=(entity=(entity_id=8|fullname=Eduard|gender=m)))
93401	wenig	0		
93402	von	0		
93403	der	0		
93404	Seite	0		
93405	kam	0		
93406	,	0		
93407	»	0		
93408	was	0		
93409	bin	0		
93410	ich	0	(mention_id=12487|references=(entity=(entity_id=entity_0001|fullname=Eduard|gender=m)))	(mention_id=12552|references=(entity=(entity_id=8|fullname=Eduard|gender=m)))
93411	unglücklich	0		
93412	,	0		
93413	daß	0		
93414	mein	0	(mention_id=12488|references=(entity=(entity_id=entity_0001|fullname=Eduard|gender=m)))	(mention_id=12553|references=(entity=(entity_id=8|fullname=Eduard|gender=m)))
93415	ganzes	0		
93416	Bestreben	0		
93417	nur	0		
93418	immer	0		
93419	eine	0		
93420	Nachahmung	0		
93421	,	0		
93422	ein	0		
93423	falsches	0		
93424	Bemühen	0		
93425	bleibt	0		
93426	!	0		
93427	Was	0		
93428	ihr	0		
93429	Seligkeit	0		
93430	gewesen	0		
93431	,	0		
93432	wird	0		
93433	mir	0	(mention_id=12489|references=(entity=(entity_id=entity_0001|fullname=Eduard|gender=m)))	(mention_id=12554|references=(entity=(entity_id=8|fullname=Eduard|gender=m)))
93434	Pein	0		
93435	;	0		
93436	und	0		
93437	doch	0		
93438	,	0		
93439	um	0		
93440	dieser	0		
93441	Seligkeit	0		
93442	willen	0		
93443	bin	0		
93444	ich	0	(mention_id=12490|references=(entity=(entity_id=entity_0001|fullname=Eduard|gender=m)))	(mention_id=12555|references=(entity=(entity_id=8|fullname=Eduard|gender=m)))
93445	genötigt	0		
93446	,	0		
93447	diese	0		
93448	Pein	0		
93449	zu	0		
93450	übernehmen	0		
93451	.	0		
93452	Ich	0	(mention_id=12491|references=(entity=(entity_id=entity_0001|fullname=Eduard|gender=m)))	(mention_id=12556|references=(entity=(entity_id=8|fullname=Eduard|gender=m)))
93453	muß	0		
93454	ihr	0		
93455	nach	0		
93456	,	0		
93457	auf	0		
93458	diesem	0		
93459	Wege	0		
93460	nach	0		
93461	;	0		
93462	aber	0		
93463	meine	0	(mention_id=12492|references=(entity=(entity_id=entity_0001|fullname=Eduard|gender=m)))	(mention_id=12557|references=(entity=(entity_id=8|fullname=Eduard|gender=m)))
93464	Natur	0		
93465	hält	0		
93466	mich	0	(mention_id=12493|references=(entity=(entity_id=entity_0001|fullname=Eduard|gender=m)))	(mention_id=12558|references=(entity=(entity_id=8|fullname=Eduard|gender=m)))
93467	zurück	0		
93468	und	0		
93469	mein	0	(mention_id=12494|references=(entity=(entity_id=entity_0001|fullname=Eduard|gender=m)))	(mention_id=12559|references=(entity=(entity_id=8|fullname=Eduard|gender=m)))
93470	Versprechen	0		
93471	.	0		
93472	Es	0		
93473	ist	0		
93474	eine	0		
93475	schreckliche	0		
93476	Aufgabe	0		
93477	,	0		
93478	das	0		
93479	Unnachahmliche	0		
93480	nachzuahmen	0		
93481	.	0		
93482	Ich	0	(mention_id=12495|references=(entity=(entity_id=entity_0001|fullname=Eduard|gender=m)))	(mention_id=12560|references=(entity=(entity_id=8|fullname=Eduard|gender=m)))
93483	fühle	0		
93484	wohl	0		
93485	,	0		
93486	Bester	0	(mention_id=12496|references=(entity=(entity_id=entity_0003|fullname=Hauptmann|gender=m|possible_identity_with=entity_0374)))	(mention_id=12561|references=(entity=(entity_id=27|fullname=Major|gender=m)))
93487	,	0		
93488	es	0		
93489	gehört	0		
93490	Genie	0		
93491	zu	0		
93492	allem	0		
93493	,	0		
93494	auch	0		
93495	zum	0		
93496	Märtyrertum	0		
93497	.	0		
93498	«	0		
93499	Was	0		
93500	sollen	0		
93501	wir	0	(mention_id=12497|references=(entity=(entity_id=entity_0016|fullname=Erzählinstanz|gender=u)),(entity=(entity_id=entity_0195|fullname=Leser|gender=u)))	(mention_id=12562|references=(entity=(entity_id=10|fullname=Erzähler|gender=u)),(entity=(entity_id=26|fullname=Leser|gender=u)))
93502	bei	0		
93503	diesem	0		
93504	hoffnungslosen	0		
93505	Zustande	0		
93506	der	0		
93507	ehegattlichen	0		
93508	,	0		
93509	freundschaftlichen	0		
93510	,	0		
93511	ärztlichen	0		
93512	Bemühungen	0		
93513	gedenken	0		
93514	,	0		
93515	in	0		
93516	welchen	0		
93517	sich	0		(mention_id=12563|references=(entity=(entity_id=9|fullname=Eduards Angehörige|gender=mf|specialcase_entity=group)))
93518	Eduards	0	(mention_id=12498|references=(entity=(entity_id=entity_0001|fullname=Eduard|gender=m)))	(mention_id=12564|references=(entity=(entity_id=8|fullname=Eduard|gender=m)))
93519	Angehörige	0	(mention_id=12499|references=(entity=(entity_id=entity_0002|fullname=Charlotte|gender=f)),(entity=(entity_id=entity_0021|fullname=Mittler|gender=m)),(entity=(entity_id=entity_0003|fullname=Hauptmann|gender=m|possible_identity_with=entity_0374)))	(mention_id=12565|references=(entity=(entity_id=9|fullname=Eduards Angehörige|gender=mf|specialcase_entity=group)))
93520	eine	0		
93521	Zeitlang	0		
93522	hin	0		
93523	und	0		
93524	her	0		
93525	wogten	0		
93526	?	0		
93527	Endlich	0		
93528	fand	0		
93529	man	0		
93530	ihn	0	(mention_id=12500|references=(entity=(entity_id=entity_0001|fullname=Eduard|gender=m)))	(mention_id=12566|references=(entity=(entity_id=8|fullname=Eduard|gender=m)))
93531	tot	0		
93532	.	0		
93533	Mittler	0	(mention_id=12501|references=(entity=(entity_id=entity_0021|fullname=Mittler|gender=m)))	(mention_id=12567|references=(entity=(entity_id=32|fullname=Mittler|gender=m)))
93534	machte	0		
93535	zuerst	0		
93536	diese	0		
93537	traurige	0		
93538	Entdeckung	0		
93539	.	0		
93540	Er	0	(mention_id=12502|references=(entity=(entity_id=entity_0021|fullname=Mittler|gender=m)))	(mention_id=12568|references=(entity=(entity_id=32|fullname=Mittler|gender=m)))
93541	berief	0		
93542	den	0		
93543	Arzt	0	(mention_id=12503|references=(entity=(entity_id=entity_0443|fullname=Arzt|gender=m)))	(mention_id=12569|references=(entity=(entity_id=3|fullname=Arzt|gender=m)))
93544	und	0		
93545	beobachtete	0		
93546	,	0		
93547	nach	0		
93548	seiner	0	(mention_id=12504|references=(entity=(entity_id=entity_0021|fullname=Mittler|gender=m)))	(mention_id=12570|references=(entity=(entity_id=32|fullname=Mittler|gender=m)))
93549	gewöhnlichen	0		
93550	Fassung	0		
93551	,	0		
93552	genau	0		
93553	die	0		
93554	Umstände	0		
93555	,	0		
93556	in	0		
93557	denen	0		
93558	man	0		
93559	den	0		
93560	Verblichenen	0	(mention_id=12505|references=(entity=(entity_id=entity_0001|fullname=Eduard|gender=m)))	(mention_id=12571|references=(entity=(entity_id=8|fullname=Eduard|gender=m)))
93561	angetroffen	0		
93562	hatte	0		
93563	.	0		
93564	Charlotte	0	(mention_id=12506|references=(entity=(entity_id=entity_0002|fullname=Charlotte|gender=f)))	(mention_id=12572|references=(entity=(entity_id=7|fullname=Charlotte|gender=f)))
93565	stürzte	0		
93566	herbei	0		
93567	;	0		
93568	ein	0		
93569	Verdacht	0		
93570	des	0		
93571	Selbstmordes	0		
93572	regte	0		
93573	sich	0		
93574	in	0		
93575	ihr	0	(mention_id=12507|references=(entity=(entity_id=entity_0002|fullname=Charlotte|gender=f)))	(mention_id=12573|references=(entity=(entity_id=7|fullname=Charlotte|gender=f)))
93576	;	0		
93577	sie	0	(mention_id=12508|references=(entity=(entity_id=entity_0002|fullname=Charlotte|gender=f)))	(mention_id=12574|references=(entity=(entity_id=7|fullname=Charlotte|gender=f)))
93578	wollte	0		
93579	sich	0	(mention_id=12509|references=(entity=(entity_id=entity_0002|fullname=Charlotte|gender=f)))	(mention_id=12575|references=(entity=(entity_id=7|fullname=Charlotte|gender=f)))
93580	,	0		
93581	sie	0	(mention_id=12510|references=(entity=(entity_id=entity_0002|fullname=Charlotte|gender=f)))	(mention_id=12576|references=(entity=(entity_id=7|fullname=Charlotte|gender=f)))
93582	wollte	0		
93583	die	0		
93584	andern	0	(mention_id=12511|references=(entity=(entity_id=entity_0021|fullname=Mittler|gender=m)),(entity=(entity_id=entity_0003|fullname=Hauptmann|gender=m|possible_identity_with=entity_0374)))	(mention_id=12577|references=(entity=(entity_id=9|fullname=Eduards Angehörige|gender=mf|specialcase_entity=group)))
93585	einer	0		
93586	unverzeihlichen	0		
93587	Unvorsichtigkeit	0		
93588	anklagen	0		
93589	.	0		
93590	Doch	0		
93591	der	0		
93592	Arzt	0	(mention_id=12512|references=(entity=(entity_id=entity_0443|fullname=Arzt|gender=m)))	(mention_id=12578|references=(entity=(entity_id=3|fullname=Arzt|gender=m)))
93593	aus	0		
93594	natürlichen	0		
93595	und	0		
93596	Mittler	0	(mention_id=12513|references=(entity=(entity_id=entity_0021|fullname=Mittler|gender=m)))	(mention_id=12579|references=(entity=(entity_id=32|fullname=Mittler|gender=m)))
93597	aus	0		
93598	sittlichen	0		
93599	Gründen	0		
93600	wußten	0		
93601	sie	0	(mention_id=12514|references=(entity=(entity_id=entity_0002|fullname=Charlotte|gender=f)))	(mention_id=12580|references=(entity=(entity_id=7|fullname=Charlotte|gender=f)))
93602	bald	0		
93603	vom	0		
93604	Gegenteil	0		
93605	zu	0		
93606	überzeugen	0		
93607	.	0		
93608	Ganz	0		
93609	deutlich	0		
93610	war	0		
93611	Eduard	0	(mention_id=12515|references=(entity=(entity_id=entity_0001|fullname=Eduard|gender=m)))	(mention_id=12581|references=(entity=(entity_id=8|fullname=Eduard|gender=m)))
93612	von	0		
93613	seinem	0	(mention_id=12516|references=(entity=(entity_id=entity_0001|fullname=Eduard|gender=m)))	(mention_id=12582|references=(entity=(entity_id=8|fullname=Eduard|gender=m)))
93614	Ende	0		
93615	überrascht	0		
93616	worden	0		
93617	.	0		
93618	Er	0	(mention_id=12517|references=(entity=(entity_id=entity_0001|fullname=Eduard|gender=m)))	(mention_id=12583|references=(entity=(entity_id=8|fullname=Eduard|gender=m)))
93619	hatte	0		
93620	,	0		
93621	was	0		
93622	er	0	(mention_id=12518|references=(entity=(entity_id=entity_0001|fullname=Eduard|gender=m)))	(mention_id=12584|references=(entity=(entity_id=8|fullname=Eduard|gender=m)))
93623	bisher	0		
93624	sorgfältig	0		
93625	zu	0		
93626	verbergen	0		
93627	pflegte	0		
93628	,	0		
93629	das	0		
93630	ihm	0	(mention_id=12519|references=(entity=(entity_id=entity_0001|fullname=Eduard|gender=m)))	(mention_id=12585|references=(entity=(entity_id=8|fullname=Eduard|gender=m)))
93631	von	0		
93632	Ottilien	0	(mention_id=12520|references=(entity=(entity_id=entity_0006|fullname=Ottilie|gender=f)))	(mention_id=12586|references=(entity=(entity_id=40|fullname=Ottilie|gender=f)))
93633	Übriggebliebene	0		
93634	in	0		
93635	einem	0		
93636	stillen	0		
93637	Augenblick	0		
93638	vor	0		
93639	sich	0	(mention_id=12521|references=(entity=(entity_id=entity_0001|fullname=Eduard|gender=m)))	(mention_id=12587|references=(entity=(entity_id=8|fullname=Eduard|gender=m)))
93640	aus	0		
93641	einem	0		
93642	Kästchen	0		
93643	,	0		
93644	aus	0		
93645	einer	0		
93646	Brieftasche	0		
93647	ausgebreitet	0		
93648	:	0		
93649	eine	0		
93650	Locke	0		
93651	,	0		
93652	Blumen	0		
93653	,	0		
93654	in	0		
93655	glücklicher	0		
93656	Stunde	0		
93657	gepflückt	0		
93658	,	0		
93659	alle	0		
93660	Blättchen	0		
93661	,	0		
93662	die	0		
93663	sie	0	(mention_id=12522|references=(entity=(entity_id=entity_0006|fullname=Ottilie|gender=f)))	(mention_id=12588|references=(entity=(entity_id=40|fullname=Ottilie|gender=f)))
93664	ihm	0	(mention_id=12523|references=(entity=(entity_id=entity_0001|fullname=Eduard|gender=m)))	(mention_id=12589|references=(entity=(entity_id=8|fullname=Eduard|gender=m)))
93665	geschrieben	0		
93666	,	0		
93667	von	0		
93668	jenem	0		
93669	ersten	0		
93670	an	0		
93671	,	0		
93672	das	0		
93673	ihm	0	(mention_id=12524|references=(entity=(entity_id=entity_0001|fullname=Eduard|gender=m)))	(mention_id=12590|references=(entity=(entity_id=8|fullname=Eduard|gender=m)))
93674	seine	0	(mention_id=12525|references=(entity=(entity_id=entity_0001|fullname=Eduard|gender=m)))	(mention_id=12591|references=(entity=(entity_id=8|fullname=Eduard|gender=m)))
93675	Gattin	0	(mention_id=12526|references=(entity=(entity_id=entity_0002|fullname=Charlotte|gender=f)))	(mention_id=12592|references=(entity=(entity_id=7|fullname=Charlotte|gender=f)))
93676	so	0		
93677	zufällig	0		
93678	ahnungsreich	0		
93679	übergeben	0		
93680	hatte	0		
93681	.	0		
93682	Das	0		
93683	alles	0		
93684	konnte	0		
93685	er	0	(mention_id=12527|references=(entity=(entity_id=entity_0001|fullname=Eduard|gender=m)))	(mention_id=12593|references=(entity=(entity_id=8|fullname=Eduard|gender=m)))
93686	nicht	0		
93687	einer	0		
93688	ungefähren	0		
93689	Entdeckung	0		
93690	mit	0		
93691	Willen	0		
93692	preisgeben	0		
93693	.	0		
93694	Und	0		
93695	so	0		
93696	lag	0		
93697	denn	0		
93698	auch	0		
93699	dieses	0		
93700	vor	0		
93701	kurzem	0		
93702	zu	0		
93703	unendlicher	0		
93704	Bewegung	0		
93705	aufgeregte	0		
93706	Herz	0		
93707	in	0		
93708	unstörbarer	0		
93709	Ruhe	0		
93710	;	0		
93711	und	0		
93712	wie	0		
93713	er	0	(mention_id=12528|references=(entity=(entity_id=entity_0001|fullname=Eduard|gender=m)))	(mention_id=12594|references=(entity=(entity_id=8|fullname=Eduard|gender=m)))
93714	in	0		
93715	Gedanken	0		
93716	an	0		
93717	die	0		
93718	Heilige	0	(mention_id=12529|references=(entity=(entity_id=entity_0006|fullname=Ottilie|gender=f)))	(mention_id=12595|references=(entity=(entity_id=40|fullname=Ottilie|gender=f)))
93719	eingeschlafen	0		
93720	war	0		
93721	,	0		
93722	so	0		
93723	konnte	0		
93724	man	0		
93725	wohl	0		
93726	ihn	0	(mention_id=12530|references=(entity=(entity_id=entity_0001|fullname=Eduard|gender=m)))	(mention_id=12596|references=(entity=(entity_id=8|fullname=Eduard|gender=m)))
93727	selig	0		
93728	nennen	0		
93729	.	0		
93730	Charlotte	0	(mention_id=12531|references=(entity=(entity_id=entity_0002|fullname=Charlotte|gender=f)))	(mention_id=12597|references=(entity=(entity_id=7|fullname=Charlotte|gender=f)))
93731	gab	0		
93732	ihm	0	(mention_id=12532|references=(entity=(entity_id=entity_0001|fullname=Eduard|gender=m)))	(mention_id=12598|references=(entity=(entity_id=8|fullname=Eduard|gender=m)))
93733	seinen	0	(mention_id=12533|references=(entity=(entity_id=entity_0001|fullname=Eduard|gender=m)))	(mention_id=12599|references=(entity=(entity_id=8|fullname=Eduard|gender=m)))
93734	Platz	0		
93735	neben	0		
93736	Ottilien	0	(mention_id=12534|references=(entity=(entity_id=entity_0006|fullname=Ottilie|gender=f)))	(mention_id=12600|references=(entity=(entity_id=40|fullname=Ottilie|gender=f)))
93737	und	0		
93738	verordnete	0		
93739	,	0		
93740	daß	0		
93741	niemand	0		
93742	weiter	0		
93743	in	0		
93744	diesem	0		
93745	Gewölbe	0		
93746	beigesetzt	0		
93747	werde	0		
93748	.	0		
93749	Unter	0		
93750	dieser	0		
93751	Bedingung	0		
93752	machte	0		
93753	sie	0	(mention_id=12535|references=(entity=(entity_id=entity_0002|fullname=Charlotte|gender=f)))	(mention_id=12601|references=(entity=(entity_id=7|fullname=Charlotte|gender=f)))
93754	für	0		
93755	Kirche	0		
93756	und	0		
93757	Schule	0		
93758	,	0		
93759	für	0		
93760	den	0		
93761	Geistlichen	0	(mention_id=12536|references=(entity=(entity_id=entity_0464|fullname=neuer Geistlicher|gender=m)))	(mention_id=12602|references=(entity=(entity_id=15|fullname=Geistlicher|gender=m)))
93762	und	0		
93763	den	0		
93764	Schullehrer	0	(mention_id=12537|references=(entity=(entity_id=entity_0461|fullname=Schullehrer|gender=m)))	(mention_id=12603|references=(entity=(entity_id=42|fullname=Schullehrer|gender=m)))
93765	ansehnliche	0		
93766	Stiftungen	0		
93767	.	0		
93768	So	0		
93769	ruhen	0		
93770	die	0		
93771	Liebenden	0	(mention_id=12538|references=(entity=(entity_id=entity_0001|fullname=Eduard|gender=m)),(entity=(entity_id=entity_0006|fullname=Ottilie|gender=f)))	(mention_id=12604|references=(entity=(entity_id=8|fullname=Eduard|gender=m)),(entity=(entity_id=40|fullname=Ottilie|gender=f)))
93772	nebeneinander	0		
93773	.	0		
93774	Friede	0		
93775	schwebt	0		
93776	über	0		
93777	ihrer	0	(mention_id=12539|references=(entity=(entity_id=entity_0001|fullname=Eduard|gender=m)),(entity=(entity_id=entity_0006|fullname=Ottilie|gender=f)))	(mention_id=12605|references=(entity=(entity_id=8|fullname=Eduard|gender=m)),(entity=(entity_id=40|fullname=Ottilie|gender=f)))
93778	Stätte	0		
93779	,	0		
93780	heitere	0		
93781	,	0		
93782	verwandte	0		
93783	Engelsbilder	0		
93784	schauen	0		
93785	vom	0		
93786	Gewölbe	0		
93787	auf	0		
93788	sie	0	(mention_id=12540|references=(entity=(entity_id=entity_0001|fullname=Eduard|gender=m)),(entity=(entity_id=entity_0006|fullname=Ottilie|gender=f)))	(mention_id=12606|references=(entity=(entity_id=8|fullname=Eduard|gender=m)),(entity=(entity_id=40|fullname=Ottilie|gender=f)))
93789	herab	0		
93790	,	0		
93791	und	0		
93792	welch	0		
93793	ein	0		
93794	freundlicher	0		
93795	Augenblick	0		
93796	wird	0		
93797	es	0		
93798	sein	0		
93799	,	0		
93800	wenn	0		
93801	sie	0	(mention_id=12541|references=(entity=(entity_id=entity_0001|fullname=Eduard|gender=m)),(entity=(entity_id=entity_0006|fullname=Ottilie|gender=f)))	(mention_id=12607|references=(entity=(entity_id=8|fullname=Eduard|gender=m)),(entity=(entity_id=40|fullname=Ottilie|gender=f)))
93802	dereinst	0		
93803	wieder	0		
93804	zusammen	0		
93805	erwachen	0		
93806	.	0		
