i	token	is_section_start	gold	pred
78758	eignes	0		
78759	Lorgnon	0		
78760	vor	0		
78761	und	0		
78762	fixirte	0		
78763	ihn	0	(mention_id=9285|references=(entity=(entity_id=entity_0522|fullname=Elfter Jüngling|gender=m)))	
78764	eben	0		
78765	so	0		
78766	.	0		
78767	Da	0		
78768	erröthete	0		
78769	der	0		
78770	Junge	0	(mention_id=9286|references=(entity=(entity_id=entity_0522|fullname=Elfter Jüngling|gender=m)))	(mention_id=9204|references=(entity=(entity_id=69|fullname=der Junge|gender=m)))
78771	,	0		
78772	ließ	0		
78773	sein	0	(mention_id=9287|references=(entity=(entity_id=entity_0522|fullname=Elfter Jüngling|gender=m)))	(mention_id=9205|references=(entity=(entity_id=69|fullname=der Junge|gender=m)))
78774	Lorgnon	0		
78775	fallen	0		
78776	und	0		
78777	ging	0		
78778	.	0		
78779	Moorfeld	0	(mention_id=9288|references=(entity=(entity_id=entity_0001|fullname=Dr. Moorfeld|gender=m)))	(mention_id=9206|references=(entity=(entity_id=34|fullname=Moorfeld|gender=m)))
78780	und	0		
78781	Bennet	0	(mention_id=9289|references=(entity=(entity_id=entity_0055|fullname=Mr. Bennet|gender=m)))	(mention_id=9207|references=(entity=(entity_id=5|fullname=Bennet|gender=m)))
78782	lächelten	0		
78783	sich	0	(mention_id=9290|references=(entity=(entity_id=entity_0001|fullname=Dr. Moorfeld|gender=m)),(entity=(entity_id=entity_0055|fullname=Mr. Bennet|gender=m)))	(mention_id=9208|references=(entity=(entity_id=34|fullname=Moorfeld|gender=m)),(entity=(entity_id=5|fullname=Bennet|gender=m)))
78784	zu	0		
78785	.	0		
78786	Nach	0		
78787	und	0		
78788	nach	0		
78789	fand	0		
78790	sich	0	(mention_id=9291|references=(entity=(entity_id=entity_0519|fullname=Gesellschaft bei Bennet|gender=mf|specialcase_entity=group)))	
78791	zahlreichere	0		
78792	Gesellschaft	0	(mention_id=9292|references=(entity=(entity_id=entity_0519|fullname=Gesellschaft bei Bennet|gender=mf|specialcase_entity=group)))	(mention_id=9209|references=(entity=(entity_id=108|fullname=die Gesellschaft|gender=u|specialcase_entity=group)))
78793	ein	0		
78794	.	0		
78795	Im	0		
78796	Laufe	0		
78797	einer	0		
78798	Stunde	0		
78799	war	0		
78800	schon	0		
78801	so	0		
78802	viel	0		
78803	„	0		
78804	Welt	0		
78805	“	0		
78806	da	0		
78807	,	0		
78808	daß	0		
78809	die	0		
78810	Dandies	0	(mention_id=9293|references=(entity=(entity_id=entity_0506|fullname=Jünglinge|gender=m|possible_identity_with=entity_0099|members=entity_0539,entity_0545,entity_0567,entity_0573,entity_0579,entity_0580,entity_0583,entity_0584,entity_0606,entity_0613,entity_0617,entity_0619|all_members_given=False|specialcase_entity=group)))	
78811	on	0		
78812	short	0		
78813	allowance	0		
78814	sich	0		
78815	erträglich	0		
78816	genug	0		
78817	darin	0		
78818	verloren	0		
78819	.	0		
78820	Zwar	0		
78821	blieb	0		
78822	das	0		
78823	Publikum	0	(mention_id=9294|references=(entity=(entity_id=entity_0519|fullname=Gesellschaft bei Bennet|gender=mf|specialcase_entity=group)))	(mention_id=9210|references=(entity=(entity_id=50|fullname=das Publikum|gender=u|specialcase_entity=group)))
78824	noch	0		
78825	immer	0		
78826	gemischt	0		
78827	,	0		
78828	wie	0		
78829	Moorfeld	0	(mention_id=9295|references=(entity=(entity_id=entity_0001|fullname=Dr. Moorfeld|gender=m)))	(mention_id=9211|references=(entity=(entity_id=34|fullname=Moorfeld|gender=m)))
78830	im	0		
78831	Kommen	0		
78832	und	0		
78833	Gehen	0		
78834	dieser	0		
78835	Menschen	0	(mention_id=9296|references=(entity=(entity_id=entity_0519|fullname=Gesellschaft bei Bennet|gender=mf|specialcase_entity=group)))	(mention_id=9212|references=(entity=(entity_id=generic_0001|fullname=Menschen im Allgemeinen|gender=u|specialcase_entity=generic)))
78836	überhaupt	0		
78837	einen	0		
78838	erstaunlichen	0		
78839	Grad	0		
78840	von	0		
78841	republikanischer	0		
78842	Sittenfreiheit	0		
78843	wahrnahm	0		
78844	;	0		
78845	auch	0		
78846	bedauerte	0		
78847	Mr.	0	(mention_id=9297|references=(entity=(entity_id=entity_0055|fullname=Mr. Bennet|gender=m)))	(mention_id=9213|references=(entity=(entity_id=5|fullname=Bennet|gender=m)))
78848	Bennet	0	(mention_id=9297|references=(entity=(entity_id=entity_0055|fullname=Mr. Bennet|gender=m)))	(mention_id=9213|references=(entity=(entity_id=5|fullname=Bennet|gender=m)))
78849	wiederholt	0		
78850	,	0		
78851	daß	0		
78852	er	0	(mention_id=9298|references=(entity=(entity_id=entity_0055|fullname=Mr. Bennet|gender=m)))	(mention_id=9214|references=(entity=(entity_id=5|fullname=Bennet|gender=m)))
78853	Moorfelden	0	(mention_id=9299|references=(entity=(entity_id=entity_0001|fullname=Dr. Moorfeld|gender=m)))	(mention_id=9215|references=(entity=(entity_id=34|fullname=Moorfeld|gender=m)))
78854	nicht	0		
78855	vorgestern	0		
78856	auf	0		
78857	New-Jersey	0		
78858	bei	0		
78859	sich	0	(mention_id=9300|references=(entity=(entity_id=entity_0055|fullname=Mr. Bennet|gender=m)))	(mention_id=9216|references=(entity=(entity_id=5|fullname=Bennet|gender=m)))
78860	gesehen	0		
78861	,	0		
78862	die	0		
78863	Elite	0	(mention_id=9301|references=(entity=(entity_id=entity_0563|fullname=Gesellschaftselite|gender=u|specialcase_entity=group)))	(mention_id=9217|references=(entity=(entity_id=98|fullname=die Elite der Gesellschaft|gender=u|specialcase_entity=group)))
78864	der	0		
78865	Gesellschaft	0		(mention_id=9218|references=(entity=(entity_id=98|fullname=die Elite der Gesellschaft|gender=u|specialcase_entity=group)))
78866	wohne	0		
78867	jetzt	0		
78868	draußen	0		
78869	,	0		
78870	und	0		
78871	der	0		
78872	heutige	0		
78873	Rout	0		
78874	sei	0		
78875	mehr	0		
78876	eine	0		
78877	Förmlichkeit	0		
78878	gegen	0		
78879	die	0		
78880	Stadt	0		
78881	,	0		
78882	gewissermaßen	0		
78883	eine	0		
78884	Beobachtung	0		
78885	der	0		
78886	demokratischen	0		
78887	dehors	0		
78888	;	0		
78889	doch	0		
78890	zweifle	0		
78891	er	0	(mention_id=9302|references=(entity=(entity_id=entity_0055|fullname=Mr. Bennet|gender=m)))	(mention_id=9219|references=(entity=(entity_id=5|fullname=Bennet|gender=m)))
78892	nicht	0		
78893	,	0		
78894	es	0		
78895	werde	0		
78896	sich	0	(mention_id=9303|references=(entity=(entity_id=entity_0055|fullname=Mr. Bennet|gender=m)))	
78897	noch	0		
78898	immer	0		
78899	eine	0		
78900	kleine	0		
78901	Geistes-Gemeinde	0	(mention_id=9304|references=(entity=(entity_id=entity_0554|fullname=GeistesGemeinde|gender=u|specialcase_entity=group)))	(mention_id=9220|references=(entity=(entity_id=107|fullname=die GeistesGemeinde|gender=u|specialcase_entity=group)))
78902	für's	0		
78903	Estaminet	0		
78904	zusammenfinden	0		
78905	,	0		
78906	an	0		
78907	die	0	(mention_id=9305|references=(entity=(entity_id=entity_0554|fullname=GeistesGemeinde|gender=u|specialcase_entity=group)))	
78908	halte	0		
78909	man	0		
78910	sich	0	(mention_id=9306|references=(entity=(entity_id=entity_0001|fullname=Dr. Moorfeld|gender=m)),(entity=(entity_id=entity_0055|fullname=Mr. Bennet|gender=m)))	
78911	dann	0		
78912	und	0		
78913	lasse	0		
78914	den	0		
78915	Mob	0		
78916	laufen	0		
78917	.	0		
78918	In	0		
78919	der	0		
78920	That	0		
78921	erschienen	0		
78922	bald	0		
78923	darauf	0		
78924	einige	0	(mention_id=9307|references=(entity=(entity_id=entity_0557|fullname=einige Häupter|gender=u|specialcase_entity=group)))	(mention_id=9221|references=(entity=(entity_id=23|fullname=Häupter|gender=u|specialcase_entity=group)))
78925	von	0		
78926	den	0		
78927	Häuptern	0	(mention_id=9308|references=(entity=(entity_id=generic_3641|fullname=Häupter|gender=u|specialcase_entity=generic)))	(mention_id=9222|references=(entity=(entity_id=23|fullname=Häupter|gender=u|specialcase_entity=group)))
78928	,	0		
78929	auf	0		
78930	welchen	0		(mention_id=9223|references=(entity=(entity_id=23|fullname=Häupter|gender=u|specialcase_entity=group)))
78931	ein	0		
78932	dem	0		
78933	Europäer	0	(mention_id=9309|references=(entity=(entity_id=entity_0001|fullname=Dr. Moorfeld|gender=m)))	(mention_id=9224|references=(entity=(entity_id=generic_0006|fullname=Europäer im Allgemeinen|gender=u|specialcase_entity=generic)))
78934	mehr	0		
78935	oder	0		
78936	minder	0		
78937	bekannter	0		
78938	Name	0		
78939	ruhte	0		
78940	.	0		
78941	Die	0		
78942	erste	0		(mention_id=9225|references=(entity=(entity_id=161|fullname=die erste Gestalt|gender=m|specialcase_entity=nonfact)))
78943	dieser	0		
78944	Gestalten	0	(mention_id=9310|references=(entity=(entity_id=entity_0557|fullname=einige Häupter|gender=u|specialcase_entity=group)))	(mention_id=9226|references=(entity=(entity_id=161|fullname=die erste Gestalt|gender=m|specialcase_entity=nonfact)))
78945	war	0		
78946	ein	0		
78947	Mann	0	(mention_id=9311|references=(entity=(entity_id=entity_0508|fullname=Doctor Channing|gender=m)))	(mention_id=9227|references=(entity=(entity_id=161|fullname=die erste Gestalt|gender=m|specialcase_entity=nonfact)))
78948	von	0		
78949	majestätischer	0		
78950	Hoch-Statur	0		
78951	,	0		
78952	stark	0		
78953	gewölbter	0		
78954	Brust	0		
78955	und	0		
78956	noch	0		
78957	ausgebildeterem	0		
78958	Abdominal	0		
78959	System	0		
78960	,	0		
78961	das	0		
78962	plastisch-viereckige	0		
78963	Haupt	0		
78964	bis	0		
78965	an	0		
78966	den	0		
78967	Scheitel	0		
78968	kahl	0		
78969	,	0		
78970	im	0		
78971	Nacken	0		
78972	aber	0		
78973	mit	0		
78974	einer	0		
78975	derben	0		
78976	Fülle	0		
78977	herabfallender	0		
78978	Locken	0		
78979	beschwert	0		
78980	,	0		
78981	was	0		
78982	ein	0		
78983	seltsamer	0		
78984	Anblick	0		
78985	war	0		
78986	und	0		
78987	einen	0		
78988	Ausdruck	0		
78989	von	0		
78990	unzerbrechlicher	0		
78991	Manneskraft	0		
78992	gab	0		
78993	.	0		
78994	Das	0		
78995	Erhabene	0		
78996	war	0		
78997	vorherrschend	0		
78998	in	0		
78999	diesem	0		
79000	Bilde	0		
79001	,	0		
79002	wenngleich	0		
79003	nicht	0		
79004	alleinherrschend	0		
79005	,	0		
79006	denn	0		
79007	seine	0	(mention_id=9312|references=(entity=(entity_id=entity_0508|fullname=Doctor Channing|gender=m)))	(mention_id=9228|references=(entity=(entity_id=161|fullname=die erste Gestalt|gender=m|specialcase_entity=nonfact)))
79008	Augen	0		
79009	waren	0		
79010	klein	0		
79011	und	0		
79012	die	0		
79013	etwas	0		
79014	hervortretende	0		
79015	Unterlippe	0		
79016	,	0		
79017	so	0		
79018	wie	0		
79019	das	0		
79020	weiche	0		
79021	schwellende	0		
79022	Kinn	0		
79023	verriethen	0		
79024	,	0		
79025	daß	0		
79026	der	0		
79027	Mann	0	(mention_id=9313|references=(entity=(entity_id=entity_0508|fullname=Doctor Channing|gender=m)))	(mention_id=9229|references=(entity=(entity_id=161|fullname=die erste Gestalt|gender=m|specialcase_entity=nonfact)))
79028	den	0		
79029	gutschmeckenden	0		
79030	Dingen	0		
79031	dieser	0		
79032	Welt	0		
79033	nicht	0		
79034	allzu	0		
79035	ungerecht	0		
79036	begegnete	0		
79037	.	0		
79038	Es	0		
79039	war	0		
79040	Doctor	0	(mention_id=9314|references=(entity=(entity_id=entity_0508|fullname=Doctor Channing|gender=m)))	(mention_id=9230|references=(entity=(entity_id=8|fullname=Channing|gender=m)))
79041	Channing	0	(mention_id=9314|references=(entity=(entity_id=entity_0508|fullname=Doctor Channing|gender=m)))	(mention_id=9230|references=(entity=(entity_id=8|fullname=Channing|gender=m)))
79042	,	0		
79043	der	0		
79044	erste	0		
79045	Prosaist	0	(mention_id=9315|references=(entity=(entity_id=entity_0508|fullname=Doctor Channing|gender=m)))	(mention_id=9231|references=(entity=(entity_id=8|fullname=Channing|gender=m)))
79046	Amerika's	0		
79047	,	0		
79048	nach	0		
79049	der	0		
79050	Stimme	0		
79051	des	0		
79052	Landes	0		
79053	—	0		
79054	Amerika's	0		
79055	Cato	0	(mention_id=9316|references=(entity=(entity_id=entity_0508|fullname=Doctor Channing|gender=m)))	(mention_id=9232|references=(entity=(entity_id=8|fullname=Channing|gender=m)))
79056	!	0		
79057	wie	0		
79058	Mr.	0	(mention_id=9317|references=(entity=(entity_id=entity_0055|fullname=Mr. Bennet|gender=m)))	(mention_id=9233|references=(entity=(entity_id=5|fullname=Bennet|gender=m)))
79059	Bennet	0	(mention_id=9317|references=(entity=(entity_id=entity_0055|fullname=Mr. Bennet|gender=m)))	(mention_id=9233|references=(entity=(entity_id=5|fullname=Bennet|gender=m)))
79060	Moorfelden	0	(mention_id=9318|references=(entity=(entity_id=entity_0001|fullname=Dr. Moorfeld|gender=m)))	(mention_id=9234|references=(entity=(entity_id=34|fullname=Moorfeld|gender=m)))
79061	zuflüsterte	0		
79062	,	0		
79063	die	0		
79064	öffentliche	0		
79065	Vorstellung	0		
79066	mit	0		
79067	einer	0		
79068	geheimen	0		
79069	ergänzend	0		
79070	.	0		
79071	Diesem	0		
79072	Mann	0	(mention_id=9319|references=(entity=(entity_id=entity_0508|fullname=Doctor Channing|gender=m)))	(mention_id=9235|references=(entity=(entity_id=8|fullname=Channing|gender=m)))
79073	auf	0		
79074	dem	0		
79075	Fuße	0		
79076	folgte	0		
79077	sein	0	(mention_id=9320|references=(entity=(entity_id=entity_0508|fullname=Doctor Channing|gender=m)))	(mention_id=9236|references=(entity=(entity_id=8|fullname=Channing|gender=m)))
79078	directestes	0		
79079	Gegenstück	0	(mention_id=9321|references=(entity=(entity_id=entity_0514|fullname=Doctor Griswold|gender=m)))	(mention_id=9237|references=(entity=(entity_id=9|fullname=Channings Gegenstück|gender=m)))
79080	.	0		
79081	Es	0		(mention_id=9238|references=(entity=(entity_id=9|fullname=Channings Gegenstück|gender=m)))
79082	war	0		
79083	ein	0		
79084	hageres	0		
79085	,	0		
79086	fast	0		
79087	gebrechliches	0		
79088	Männchen	0	(mention_id=9322|references=(entity=(entity_id=entity_0514|fullname=Doctor Griswold|gender=m)))	(mention_id=9239|references=(entity=(entity_id=9|fullname=Channings Gegenstück|gender=m)))
79089	,	0		
79090	dessen	0	(mention_id=9323|references=(entity=(entity_id=entity_0514|fullname=Doctor Griswold|gender=m)))	(mention_id=9240|references=(entity=(entity_id=9|fullname=Channings Gegenstück|gender=m)))
79091	graue	0		
79092	Augen	0		
79093	schüchtern	0		
79094	wie	0		
79095	die	0		
79096	eines	0		
79097	Schulmädchens	0	(mention_id=9324|references=(entity=(entity_id=entity_0514|fullname=Doctor Griswold|gender=m)))	(mention_id=9241|references=(entity=(entity_id=generic_0010|fullname=ein Schulmädchen im Allgemeinen|gender=u|specialcase_entity=generic)))
79098	blickten	0		
79099	,	0		
79100	indeß	0		
79101	sein	0	(mention_id=9325|references=(entity=(entity_id=entity_0514|fullname=Doctor Griswold|gender=m)))	(mention_id=9242|references=(entity=(entity_id=9|fullname=Channings Gegenstück|gender=m)))
79102	kleines	0		
79103	fleischloses	0		
79104	Köpfchen	0		
79105	auf	0		
79106	die	0		
79107	Seite	0		
79108	neigte	0		
79109	,	0		
79110	als	0		
79111	ob	0		
79112	es	0		
79113	ihm	0	(mention_id=9326|references=(entity=(entity_id=entity_0514|fullname=Doctor Griswold|gender=m)))	(mention_id=9243|references=(entity=(entity_id=9|fullname=Channings Gegenstück|gender=m)))
79114	durch	0		
79115	zu	0		
79116	viel	0		
79117	Lernen	0		
79118	beschwert	0		
79119	wäre	0		
79120	.	0		
79121	Er	0	(mention_id=9327|references=(entity=(entity_id=entity_0514|fullname=Doctor Griswold|gender=m)))	(mention_id=9244|references=(entity=(entity_id=9|fullname=Channings Gegenstück|gender=m)))
79122	war	0		
79123	nicht	0		
79124	alt	0		
79125	,	0		
79126	sah	0		
79127	aber	0		
79128	aus	0		
79129	als	0		
79130	ob	0		
79131	er	0	(mention_id=9328|references=(entity=(entity_id=entity_0514|fullname=Doctor Griswold|gender=m)))	(mention_id=9245|references=(entity=(entity_id=9|fullname=Channings Gegenstück|gender=m)))
79132	nie	0		
79133	eine	0		
79134	Jugend	0		
79135	gehabt	0		
79136	hätte	0		
79137	und	0		
79138	die	0		
79139	Knabenjahre	0		
79140	wie	0		
79141	ein	0		
79142	nothwendiges	0		
79143	Uebel	0		
79144	so	0		
79145	schnell	0		
79146	als	0		
79147	möglich	0		
79148	passirt	0		
79149	wäre	0		
79150	.	0		
79151	Mr.	0	(mention_id=9329|references=(entity=(entity_id=entity_0055|fullname=Mr. Bennet|gender=m)))	(mention_id=9246|references=(entity=(entity_id=5|fullname=Bennet|gender=m)))
79152	Bennet	0	(mention_id=9329|references=(entity=(entity_id=entity_0055|fullname=Mr. Bennet|gender=m)))	(mention_id=9246|references=(entity=(entity_id=5|fullname=Bennet|gender=m)))
79153	begrüßte	0		
79154	ihn	0	(mention_id=9330|references=(entity=(entity_id=entity_0514|fullname=Doctor Griswold|gender=m)))	(mention_id=9247|references=(entity=(entity_id=9|fullname=Channings Gegenstück|gender=m)))
79155	mit	0		
79156	tiefer	0		
79157	Hochachtung	0		
79158	und	0		
79159	stellte	0		
79160	ihn	0	(mention_id=9331|references=(entity=(entity_id=entity_0514|fullname=Doctor Griswold|gender=m)))	(mention_id=9248|references=(entity=(entity_id=9|fullname=Channings Gegenstück|gender=m)))
79161	als	0		
79162	Doctor	0	(mention_id=9332|references=(entity=(entity_id=entity_0514|fullname=Doctor Griswold|gender=m)))	(mention_id=9249|references=(entity=(entity_id=20|fullname=Griswold|gender=m)))
79163	Griswold	0	(mention_id=9332|references=(entity=(entity_id=entity_0514|fullname=Doctor Griswold|gender=m)))	(mention_id=9249|references=(entity=(entity_id=20|fullname=Griswold|gender=m)))
79164	vor	0		
79165	,	0		
79166	Bibliothekar	0	(mention_id=9333|references=(entity=(entity_id=entity_0514|fullname=Doctor Griswold|gender=m)))	(mention_id=9250|references=(entity=(entity_id=20|fullname=Griswold|gender=m)))
79167	an	0		
79168	der	0		
79169	neu	0		
79170	errichteten	0		
79171	Universität	0		
79172	in	0		
79173	Newyork	0		
79174	,	0		
79175	der	0		
79176	fleißigste	0		
79177	Gelehrte	0	(mention_id=9334|references=(entity=(entity_id=entity_0514|fullname=Doctor Griswold|gender=m)))	(mention_id=9251|references=(entity=(entity_id=20|fullname=Griswold|gender=m)))
79178	des	0		
79179	Landes	0		
79180	,	0		
79181	ein	0		
79182	Mann	0	(mention_id=9335|references=(entity=(entity_id=entity_0514|fullname=Doctor Griswold|gender=m)))	(mention_id=9252|references=(entity=(entity_id=20|fullname=Griswold|gender=m)))
79183	,	0		
79184	der	0	(mention_id=9336|references=(entity=(entity_id=entity_0514|fullname=Doctor Griswold|gender=m)))	(mention_id=9253|references=(entity=(entity_id=20|fullname=Griswold|gender=m)))
79185	eine	0		
79186	ganze	0		
79187	Akademie	0		
79188	werth	0		
79189	ist	0		
79190	,	0		
79191	setzte	0		
79192	er	0	(mention_id=9337|references=(entity=(entity_id=entity_0055|fullname=Mr. Bennet|gender=m)))	(mention_id=9254|references=(entity=(entity_id=5|fullname=Bennet|gender=m)))
79193	Moorfelden	0	(mention_id=9338|references=(entity=(entity_id=entity_0001|fullname=Dr. Moorfeld|gender=m)))	(mention_id=9255|references=(entity=(entity_id=34|fullname=Moorfeld|gender=m)))
79194	in	0		
79195	obiger	0		
79196	Weise	0		
79197	hinzu	0		
79198	.	0		
79199	Auch	0		
79200	der	0		
79201	vormalige	0		
79202	Präsident	0	(mention_id=9339|references=(entity=(entity_id=entity_0520|fullname=Präsident Monroe|gender=m)))	(mention_id=9256|references=(entity=(entity_id=33|fullname=Monroe|gender=m)))
79203	Monroe	0	(mention_id=9339|references=(entity=(entity_id=entity_0520|fullname=Präsident Monroe|gender=m)))	(mention_id=9256|references=(entity=(entity_id=33|fullname=Monroe|gender=m)))
79204	erschien	0		
79205	.	0		
79206	Eine	0		
79207	schwache	0		
79208	abgemagerte	0		
79209	Gestalt	0	(mention_id=9340|references=(entity=(entity_id=entity_0520|fullname=Präsident Monroe|gender=m)))	(mention_id=9257|references=(entity=(entity_id=33|fullname=Monroe|gender=m)))
79210	,	0		
79211	gebeugt	0		
79212	von	0		
79213	Alter	0		
79214	,	0		
79215	oder	0		
79216	alt-machenden	0		
79217	Gemüthsstimmungen	0		
79218	.	0		
79219	Moorfeld	0	(mention_id=9341|references=(entity=(entity_id=entity_0001|fullname=Dr. Moorfeld|gender=m)))	(mention_id=9258|references=(entity=(entity_id=34|fullname=Moorfeld|gender=m)))
79220	sah	0		
79221	in	0		
79222	ein	0		
79223	mildes	0		
79224	aber	0		
79225	glanzloses	0		
79226	Auge	0		
79227	,	0		
79228	auf	0		
79229	eine	0		
79230	breite	0		
79231	und	0		
79232	gut	0		
79233	begrenzte	0		
79234	aber	0		
79235	platte	0		
79236	Stirn	0		
79237	,	0		
79238	es	0		
79239	verdroß	0		
79240	ihn	0	(mention_id=9342|references=(entity=(entity_id=entity_0001|fullname=Dr. Moorfeld|gender=m)))	(mention_id=9259|references=(entity=(entity_id=34|fullname=Moorfeld|gender=m)))
79241	überhaupt	0		
79242	,	0		
79243	daß	0		
79244	der	0		
79245	ganze	0		
79246	Charakter-Ausdruck	0		
79247	des	0		
79248	Mannes	0	(mention_id=9343|references=(entity=(entity_id=entity_0520|fullname=Präsident Monroe|gender=m)))	(mention_id=9260|references=(entity=(entity_id=33|fullname=Monroe|gender=m)))
79249	,	0		
79250	der	0	(mention_id=9344|references=(entity=(entity_id=entity_0520|fullname=Präsident Monroe|gender=m)))	(mention_id=9261|references=(entity=(entity_id=33|fullname=Monroe|gender=m)))
79251	den	0		
79252	edelsten	0	(mention_id=9345|references=(entity=(entity_id=entity_0603|fullname=IndianerStämme|gender=u|specialcase_entity=group)))	
79253	der	0		
79254	Indianer-Stämme	0		(mention_id=9262|references=(entity=(entity_id=24|fullname=IndianerStämme|gender=u|specialcase_entity=group)))
79255	um	0		
79256	sein	0	(mention_id=9346|references=(entity=(entity_id=entity_0520|fullname=Präsident Monroe|gender=m)))	(mention_id=9263|references=(entity=(entity_id=33|fullname=Monroe|gender=m)))
79257	Land	0		
79258	betrogen	0		
79259	,	0		
79260	nicht	0		
79261	einmal	0		
79262	von	0		
79263	geistiger	0		
79264	Ueberlegenheit	0		
79265	oder	0		
79266	energischen	0		
79267	Leidenschaften	0		
79268	zeugte	0		
79269	.	0		
79270	Moorfeld	0	(mention_id=9347|references=(entity=(entity_id=entity_0001|fullname=Dr. Moorfeld|gender=m)))	(mention_id=9264|references=(entity=(entity_id=34|fullname=Moorfeld|gender=m)))
79271	haßte	0		
79272	ihn	0	(mention_id=9348|references=(entity=(entity_id=entity_0520|fullname=Präsident Monroe|gender=m)))	(mention_id=9265|references=(entity=(entity_id=33|fullname=Monroe|gender=m)))
79273	noch	0		
79274	von	0		
79275	seinen	0	(mention_id=9349|references=(entity=(entity_id=entity_0001|fullname=Dr. Moorfeld|gender=m)))	(mention_id=9266|references=(entity=(entity_id=34|fullname=Moorfeld|gender=m)))
79276	glühendsten	0		
79277	Studentenjahren	0		
79278	her	0		
79279	,	0		
79280	in	0		
79281	welche	0		
79282	die	0		
79283	Unterdrückung	0		
79284	der	0		
79285	Georgia-Creeks	0		
79286	gefallen	0		
79287	,	0		
79288	und	0		
79289	unser	0	(mention_id=9350|references=(entity=(entity_id=entity_0007|fullname=Erzählinstanz|gender=u)),(entity=(entity_id=entity_0008|fullname=Leser|gender=u)))	(mention_id=9267|references=(entity=(entity_id=34|fullname=Moorfeld|gender=m)))
79290	Freund	0	(mention_id=9351|references=(entity=(entity_id=entity_0001|fullname=Dr. Moorfeld|gender=m)))	(mention_id=9268|references=(entity=(entity_id=34|fullname=Moorfeld|gender=m)))
79291	,	0		
79292	den	0	(mention_id=9352|references=(entity=(entity_id=entity_0001|fullname=Dr. Moorfeld|gender=m)))	(mention_id=9269|references=(entity=(entity_id=34|fullname=Moorfeld|gender=m)))
79293	wir	0	(mention_id=9353|references=(entity=(entity_id=entity_0007|fullname=Erzählinstanz|gender=u)))	(mention_id=9270|references=(entity=(entity_id=34|fullname=Moorfeld|gender=m)))
79294	nur	0		
79295	nicht	0		
79296	„	0		
79297	Jüngling	0	(mention_id=9354|references=(entity=(entity_id=entity_0001|fullname=Dr. Moorfeld|gender=m)))	(mention_id=9271|references=(entity=(entity_id=generic_0011|fullname=Jüngling im Allgemeinen|gender=u|specialcase_entity=generic)))
79298	“	0		
79299	nennen	0		
79300	,	0		
79301	um	0		
79302	ein	0		
79303	pathetisches	0		
79304	Wort	0		
79305	nicht	0		
79306	abzunützen	0		
79307	,	0		
79308	hatte	0		
79309	jene	0		
79310	Jahre	0		
79311	nicht	0		
79312	so	0		
79313	weit	0		
79314	hinter	0		
79315	sich	0	(mention_id=9355|references=(entity=(entity_id=entity_0001|fullname=Dr. Moorfeld|gender=m)))	(mention_id=9272|references=(entity=(entity_id=34|fullname=Moorfeld|gender=m)))
79316	,	0		
79317	daß	0		
79318	ihm	0	(mention_id=9356|references=(entity=(entity_id=entity_0001|fullname=Dr. Moorfeld|gender=m)))	(mention_id=9273|references=(entity=(entity_id=34|fullname=Moorfeld|gender=m)))
79319	der	0		
79320	Anblick	0		
79321	dieses	0		
79322	Mannes	0	(mention_id=9357|references=(entity=(entity_id=entity_0520|fullname=Präsident Monroe|gender=m)))	(mention_id=9274|references=(entity=(entity_id=33|fullname=Monroe|gender=m)))
79323	nicht	0		
79324	immer	0		
79325	noch	0		
79326	eine	0		
79327	lebhafte	0		
79328	Mißstimmung	0		
79329	verursacht	0		
79330	hätte	0		
79331	.	0		
79332	Nur	0		
79333	der	0		
79334	Umstand	0		
79335	,	0		
79336	daß	0		
79337	Monroe	0	(mention_id=9358|references=(entity=(entity_id=entity_0520|fullname=Präsident Monroe|gender=m)))	(mention_id=9275|references=(entity=(entity_id=33|fullname=Monroe|gender=m)))
79338	,	0		
79339	wie	0		
79340	er	0	(mention_id=9359|references=(entity=(entity_id=entity_0001|fullname=Dr. Moorfeld|gender=m)))	(mention_id=9276|references=(entity=(entity_id=33|fullname=Monroe|gender=m)))
79341	hörte	0		
79342	,	0		
79343	jetzt	0		
79344	in	0		
79345	Armuth	0		
79346	lebe	0		
79347	,	0		
79348	und	0		
79349	von	0		
79350	den	0		
79351	Bestechungen	0		
79352	,	0		
79353	die	0		
79354	in	0		
79355	jenem	0		
79356	diplomatischen	0		
79357	Räuberroman	0		
79358	gespielt	0		
79359	,	0		
79360	nicht	0		
79361	persönlich	0		
79362	gewonnen	0		
79363	habe	0		
79364	,	0		
79365	milderte	0		
79366	zum	0		
79367	Theile	0		
79368	seine	0	(mention_id=9360|references=(entity=(entity_id=entity_0001|fullname=Dr. Moorfeld|gender=m)))	(mention_id=9277|references=(entity=(entity_id=34|fullname=Moorfeld|gender=m)))
79369	Empfindungen	0		
79370	.	0		
79371	Noch	0		
79372	stand	0		
79373	Moorfeld	0	(mention_id=9361|references=(entity=(entity_id=entity_0001|fullname=Dr. Moorfeld|gender=m)))	(mention_id=9278|references=(entity=(entity_id=34|fullname=Moorfeld|gender=m)))
79374	über	0		
79375	dieses	0		
79376	Thema	0		
79377	mit	0		
79378	Mr.	0	(mention_id=9362|references=(entity=(entity_id=entity_0055|fullname=Mr. Bennet|gender=m)))	(mention_id=9279|references=(entity=(entity_id=5|fullname=Bennet|gender=m)))
79379	Bennet	0	(mention_id=9362|references=(entity=(entity_id=entity_0055|fullname=Mr. Bennet|gender=m)))	(mention_id=9279|references=(entity=(entity_id=5|fullname=Bennet|gender=m)))
79380	im	0		
79381	Gespräche	0		
79382	,	0		
79383	als	0		
79384	durch	0		
79385	die	0		
79386	Säle	0		
79387	eine	0		
79388	ehrerbietige	0		
79389	Bewegung	0		
79390	ging	0		
79391	,	0		
79392	von	0		
79393	denjenigen	0	(mention_id=9363|references=(entity=(entity_id=entity_0549|fullname=Diejenigen die Mr. Livingstone kennen|gender=u|specialcase_entity=group)))	(mention_id=9280|references=(entity=(entity_id=164|fullname=diejenigen welche die Person des Eintretenden kannten|gender=u|specialcase_entity=group)))
79394	ausgehend	0		
79395	,	0		
79396	welche	0	(mention_id=9364|references=(entity=(entity_id=entity_0549|fullname=Diejenigen die Mr. Livingstone kennen|gender=u|specialcase_entity=group)))	(mention_id=9281|references=(entity=(entity_id=164|fullname=diejenigen welche die Person des Eintretenden kannten|gender=u|specialcase_entity=group)))
79397	die	0		
79398	Person	0	(mention_id=9365|references=(entity=(entity_id=entity_0505|fullname=Mr. Livingstone|gender=m)))	(mention_id=9282|references=(entity=(entity_id=60|fullname=der Eintretende|gender=m|specialcase_entity=nonfact)))
79399	des	0		
79400	jetzt	0		
79401	Eintretenden	0	(mention_id=9366|references=(entity=(entity_id=entity_0505|fullname=Mr. Livingstone|gender=m)))	(mention_id=9283|references=(entity=(entity_id=60|fullname=der Eintretende|gender=m|specialcase_entity=nonfact)))
79402	kannten	0		
79403	,	0		
79404	und	0		
79405	um	0		
79406	so	0		
79407	spannungsvoller	0		
79408	fortgepflanzt	0		
79409	auf	0		
79410	die	0	(mention_id=9367|references=(entity=(entity_id=entity_0536|fullname=Diejenigen die Mr. Livingstone nicht kennen|gender=u|specialcase_entity=group)))	(mention_id=9284|references=(entity=(entity_id=165|fullname=diejenigen welche die Person des Eintretenden nicht kannten|gender=u|specialcase_entity=group)))
79411	,	0		
79412	welche	0	(mention_id=9368|references=(entity=(entity_id=entity_0536|fullname=Diejenigen die Mr. Livingstone nicht kennen|gender=u|specialcase_entity=group)))	(mention_id=9285|references=(entity=(entity_id=165|fullname=diejenigen welche die Person des Eintretenden nicht kannten|gender=u|specialcase_entity=group)))
79413	sie	0	(mention_id=9369|references=(entity=(entity_id=entity_0536|fullname=Diejenigen die Mr. Livingstone nicht kennen|gender=u|specialcase_entity=group)))	(mention_id=9286|references=(entity=(entity_id=165|fullname=diejenigen welche die Person des Eintretenden nicht kannten|gender=u|specialcase_entity=group)))
79414	nicht	0		
79415	kannten	0		
79416	.	0		
79417	Man	0		
79418	machte	0		
79419	dem	0		
79420	Ankömmling	0	(mention_id=9370|references=(entity=(entity_id=entity_0505|fullname=Mr. Livingstone|gender=m)))	(mention_id=9287|references=(entity=(entity_id=60|fullname=der Eintretende|gender=m|specialcase_entity=nonfact)))
79421	links	0		
79422	und	0		
79423	rechts	0		
79424	Platz	0		
79425	und	0		
79426	doch	0		
79427	begleitete	0		
79428	ihn	0	(mention_id=9371|references=(entity=(entity_id=entity_0505|fullname=Mr. Livingstone|gender=m)))	(mention_id=9288|references=(entity=(entity_id=60|fullname=der Eintretende|gender=m|specialcase_entity=nonfact)))
79429	von	0		
79430	allen	0		
79431	Seiten	0		
79432	das	0		
79433	Gedränge	0		
79434	eines	0		
79435	natürlichen	0		
79436	Wohlwollens	0		
79437	.	0		
79438	Mr.	0	(mention_id=9372|references=(entity=(entity_id=entity_0505|fullname=Mr. Livingstone|gender=m)))	(mention_id=9289|references=(entity=(entity_id=28|fullname=Livingstone|gender=m)))
79439	Livingstone	0	(mention_id=9372|references=(entity=(entity_id=entity_0505|fullname=Mr. Livingstone|gender=m)))	(mention_id=9289|references=(entity=(entity_id=28|fullname=Livingstone|gender=m)))
79440	,	0		
79441	Amerika's	0		
79442	erster	0		
79443	Jurist	0	(mention_id=9373|references=(entity=(entity_id=entity_0505|fullname=Mr. Livingstone|gender=m)))	(mention_id=9290|references=(entity=(entity_id=28|fullname=Livingstone|gender=m)))
79444	,	0		
79445	sagte	0		
79446	Herr	0	(mention_id=9374|references=(entity=(entity_id=entity_0055|fullname=Mr. Bennet|gender=m)))	(mention_id=9291|references=(entity=(entity_id=5|fullname=Bennet|gender=m)))
79447	Bennet	0	(mention_id=9374|references=(entity=(entity_id=entity_0055|fullname=Mr. Bennet|gender=m)))	(mention_id=9291|references=(entity=(entity_id=5|fullname=Bennet|gender=m)))
79448	.	0		
79449	Verfasser	0	(mention_id=9375|references=(entity=(entity_id=entity_0505|fullname=Mr. Livingstone|gender=m)))	(mention_id=9292|references=(entity=(entity_id=28|fullname=Livingstone|gender=m)))
79450	des	0		
79451	classischen	0		
79452	Carolina-Strafcodex	0		
79453	?	0		
79454	fragte	0		
79455	Moorfeld	0	(mention_id=9376|references=(entity=(entity_id=entity_0001|fullname=Dr. Moorfeld|gender=m)))	(mention_id=9293|references=(entity=(entity_id=34|fullname=Moorfeld|gender=m)))
79456	—	0		
79457	von	0		
79458	welchem	0		
79459	ich	0	(mention_id=9377|references=(entity=(entity_id=entity_0055|fullname=Mr. Bennet|gender=m)))	(mention_id=9294|references=(entity=(entity_id=5|fullname=Bennet|gender=m)))
79460	Ihnen	0	(mention_id=9378|references=(entity=(entity_id=entity_0001|fullname=Dr. Moorfeld|gender=m)))	(mention_id=9295|references=(entity=(entity_id=34|fullname=Moorfeld|gender=m)))
79461	eine	0		
79462	Geschichte	0		
79463	erzählen	0		
79464	will	0		
79465	,	0		
79466	eine	0		
79467	Geschichte	0		
79468	in	0		
79469	zwei	0		
79470	Worten	0		
79471	,	0		
79472	setzte	0		
79473	Bennet	0	(mention_id=9379|references=(entity=(entity_id=entity_0055|fullname=Mr. Bennet|gender=m)))	(mention_id=9296|references=(entity=(entity_id=5|fullname=Bennet|gender=m)))
79474	hinzu	0		
79475	.	0		
79476	Das	0		
79477	Manuscript	0		
79478	dieses	0		
79479	Codex	0		
79480	ging	0		
79481	Abends	0		
79482	um	0		
79483	zehn	0		
79484	Uhr	0		
79485	bei	0		
79486	einer	0		
79487	Feuersbrunst	0		
79488	seines	0	(mention_id=9380|references=(entity=(entity_id=entity_0505|fullname=Mr. Livingstone|gender=m)))	(mention_id=9297|references=(entity=(entity_id=28|fullname=Livingstone|gender=m)))
79489	Hauses	0		
79490	in	0		
79491	Flammen	0		
79492	auf	0		
79493	.	0		
79494	Morgens	0		
79495	um	0		
79496	sieben	0		
79497	Uhr	0		
79498	saß	0		
79499	Livingstone	0	(mention_id=9381|references=(entity=(entity_id=entity_0505|fullname=Mr. Livingstone|gender=m)))	(mention_id=9298|references=(entity=(entity_id=28|fullname=Livingstone|gender=m)))
79500	in	0		
79501	einem	0		
79502	andern	0		
79503	Hause	0		
79504	vor	0		
79505	einem	0		
79506	andern	0		
79507	Buch	0		
79508	Papier	0		
79509	und	0		
79510	begann	0		
79511	es	0		
79512	von	0		
79513	Neuem	0		
79514	.	0		
79515	Das	0		
79516	ist	0		
79517	nicht	0		
79518	von	0		
79519	einem	0		
79520	Gelehrten	0	(mention_id=9382|references=(entity=(entity_id=entity_0565|fullname=Gelehrter|gender=u)))	(mention_id=9299|references=(entity=(entity_id=generic_0012|fullname=ein Gelehrter im Allgemeinen|gender=u|specialcase_entity=generic)))
79521	erzählt	0		
79522	,	0		
79523	sondern	0		
79524	von	0		
79525	einem	0		
79526	Enthusiasten	0	(mention_id=9383|references=(entity=(entity_id=entity_0561|fullname=Enthusiast|gender=u)))	(mention_id=9300|references=(entity=(entity_id=generic_0013|fullname=ein Enthusiast im Allgemeinen|gender=u|specialcase_entity=generic)))
79527	,	0		
79528	werden	0		
79529	Sie	0	(mention_id=9384|references=(entity=(entity_id=entity_0001|fullname=Dr. Moorfeld|gender=m)))	(mention_id=9301|references=(entity=(entity_id=34|fullname=Moorfeld|gender=m)))
79530	sagen	0		
79531	.	0		
79532	Ich	0	(mention_id=9385|references=(entity=(entity_id=entity_0055|fullname=Mr. Bennet|gender=m)))	(mention_id=9302|references=(entity=(entity_id=5|fullname=Bennet|gender=m)))
79533	widerspreche	0		
79534	nicht	0		
79535	.	0		
79536	Livingstone	0	(mention_id=9386|references=(entity=(entity_id=entity_0505|fullname=Mr. Livingstone|gender=m)))	(mention_id=9303|references=(entity=(entity_id=28|fullname=Livingstone|gender=m)))
79537	ist	0		
79538	Dichter	0	(mention_id=9387|references=(entity=(entity_id=entity_0505|fullname=Mr. Livingstone|gender=m)|specialcase_reference=figurative))	(mention_id=9304|references=(entity=(entity_id=28|fullname=Livingstone|gender=m)))
79539	in	0		
79540	seinem	0	(mention_id=9388|references=(entity=(entity_id=entity_0505|fullname=Mr. Livingstone|gender=m)))	(mention_id=9305|references=(entity=(entity_id=28|fullname=Livingstone|gender=m)))
79541	Berufe	0		
79542	!	0		
79543	Wirklich	0		
79544	war	0		
79545	Mr.	0	(mention_id=9389|references=(entity=(entity_id=entity_0505|fullname=Mr. Livingstone|gender=m)))	(mention_id=9306|references=(entity=(entity_id=28|fullname=Livingstone|gender=m)))
79546	Livingstone	0	(mention_id=9389|references=(entity=(entity_id=entity_0505|fullname=Mr. Livingstone|gender=m)))	(mention_id=9306|references=(entity=(entity_id=28|fullname=Livingstone|gender=m)))
79547	eine	0		
79548	außerordentlich	0		
79549	gewinnende	0		
79550	Persönlichkeit	0	(mention_id=9390|references=(entity=(entity_id=entity_0505|fullname=Mr. Livingstone|gender=m)))	(mention_id=9307|references=(entity=(entity_id=28|fullname=Livingstone|gender=m)))
79551	.	0		
79552	Seine	0	(mention_id=9391|references=(entity=(entity_id=entity_0505|fullname=Mr. Livingstone|gender=m)))	(mention_id=9308|references=(entity=(entity_id=28|fullname=Livingstone|gender=m)))
79553	Gesichtszüge	0		
79554	konnten	0		
79555	keineswegs	0		
79556	fein	0		
79557	heißen	0		
79558	,	0		
79559	aber	0		
79560	eine	0		
79561	Herzenswärme	0		
79562	lag	0		
79563	darin	0		
79564	,	0		
79565	die	0		
79566	Alles	0		
79567	,	0		
79568	was	0		
79569	selbst	0		
79570	Herz	0		
79571	und	0		
79572	Menschlichkeit	0		
79573	hatte	0		
79574	,	0		
79575	gefangen	0		
79576	nahm	0		
79577	.	0		
79578	Seine	0	(mention_id=9392|references=(entity=(entity_id=entity_0505|fullname=Mr. Livingstone|gender=m)))	(mention_id=9309|references=(entity=(entity_id=28|fullname=Livingstone|gender=m)))
79579	Statur	0		
79580	war	0		
79581	über	0		
79582	Mittelgröße	0		
79583	,	0		
79584	seine	0	(mention_id=9393|references=(entity=(entity_id=entity_0505|fullname=Mr. Livingstone|gender=m)))	(mention_id=9310|references=(entity=(entity_id=28|fullname=Livingstone|gender=m)))
79585	Manieren	0		
79586	die	0		
79587	des	0		
79588	vollendeten	0		
79589	Gentlemans	0	(mention_id=9394|references=(entity=(entity_id=entity_0505|fullname=Mr. Livingstone|gender=m)))	(mention_id=9311|references=(entity=(entity_id=28|fullname=Livingstone|gender=m)))
79590	.	0		
79591	Das	0		
79592	Gepräge	0		
79593	einer	0		
79594	natürlichen	0		
79595	Zartheit	0		
79596	und	0		
79597	Harmonie	0		
79598	des	0		
79599	Gefühls	0		
79600	adelte	0		
79601	sie	0		
79602	,	0		
79603	seine	0	(mention_id=9395|references=(entity=(entity_id=entity_0505|fullname=Mr. Livingstone|gender=m)))	(mention_id=9312|references=(entity=(entity_id=28|fullname=Livingstone|gender=m)))
79604	Sitte	0		
79605	war	0		
79606	Sittlichkeit	0		
79607	.	0		
79608	Diese	0		
79609	Personen	0	(mention_id=9396|references=(entity=(entity_id=entity_0505|fullname=Mr. Livingstone|gender=m)),(entity=(entity_id=entity_0508|fullname=Doctor Channing|gender=m)),(entity=(entity_id=entity_0514|fullname=Doctor Griswold|gender=m)))	(mention_id=9313|references=(entity=(entity_id=8|fullname=Channing|gender=m)),(entity=(entity_id=20|fullname=Griswold|gender=m)),(entity=(entity_id=28|fullname=Livingstone|gender=m)))
79610	wurden	0		
79611	alsbald	0		
79612	die	0		
79613	Mittelpunkte	0		(mention_id=9314|references=(entity=(entity_id=8|fullname=Channing|gender=m)),(entity=(entity_id=20|fullname=Griswold|gender=m)),(entity=(entity_id=28|fullname=Livingstone|gender=m)))
79614	von	0		
79615	Gruppen	0	(mention_id=9397|references=(entity=(entity_id=entity_0594|fullname=Gruppen bei Gesellschaft|gender=u|specialcase_entity=group)))	
79616	,	0		
79617	in	0		
79618	welchen	0		
79619	sich	0		
79620	das	0		
79621	eigentliche	0		
79622	Leben	0		
79623	des	0		
79624	Routs	0		
79625	krystallisirte	0		
79626	.	0		
79627	Zwar	0		
79628	wurde	0		
79629	Moorfeld	0	(mention_id=9398|references=(entity=(entity_id=entity_0001|fullname=Dr. Moorfeld|gender=m)))	(mention_id=9315|references=(entity=(entity_id=34|fullname=Moorfeld|gender=m)))
79630	,	0		
79631	der	0		
79632	literary	0		(mention_id=9316|references=(entity=(entity_id=34|fullname=Moorfeld|gender=m)))
79633	gentleman	0		(mention_id=9316|references=(entity=(entity_id=34|fullname=Moorfeld|gender=m)))
79634	,	0		
79635	noch	0		
79636	immer	0		
79637	einer	0		
79638	Anzahl	0		(mention_id=9317|references=(entity=(entity_id=4|fullname=Anwesende|gender=u|specialcase_entity=group)))
79639	von	0		
79640	Anwesenden	0	(mention_id=9399|references=(entity=(entity_id=entity_0553|fullname=Anwesende|gender=u|specialcase_entity=group)))	(mention_id=9318|references=(entity=(entity_id=4|fullname=Anwesende|gender=u|specialcase_entity=group)))
79641	vorgestellt	0		
79642	,	0		
79643	welche	0	(mention_id=9400|references=(entity=(entity_id=entity_0553|fullname=Anwesende|gender=u|specialcase_entity=group)))	(mention_id=9319|references=(entity=(entity_id=4|fullname=Anwesende|gender=u|specialcase_entity=group)))
79644	ein	0		
79645	großer	0		
79646	,	0		
79647	zum	0		
79648	Theil	0		
79649	weltbewegender	0		
79650	Name	0		
79651	in	0		
79652	Handel	0		
79653	und	0		
79654	Industrie	0		
79655	ebenbürtig	0		
79656	neben	0		
79657	die	0		
79658	geistigen	0		
79659	Koriphäen	0	(mention_id=9401|references=(entity=(entity_id=entity_0627|fullname=geistige Koriphäen|gender=u|specialcase_entity=group)))	(mention_id=9320|references=(entity=(entity_id=175|fullname=geistige Koriphäen der Gesellschaft|gender=u|specialcase_entity=group)))
79660	der	0		
79661	Gesellschaft	0	(mention_id=9402|references=(entity=(entity_id=entity_0519|fullname=Gesellschaft bei Bennet|gender=mf|specialcase_entity=group)))	
79662	stellte	0		
79663	.	0		
79664	Es	0		
79665	verdroß	0		
79666	ihn	0	(mention_id=9403|references=(entity=(entity_id=entity_0001|fullname=Dr. Moorfeld|gender=m)))	(mention_id=9321|references=(entity=(entity_id=34|fullname=Moorfeld|gender=m)))
79667	aber	0		
79668	bald	0		
79669	,	0		
79670	daß	0		
79671	er	0	(mention_id=9404|references=(entity=(entity_id=entity_0001|fullname=Dr. Moorfeld|gender=m)))	(mention_id=9322|references=(entity=(entity_id=34|fullname=Moorfeld|gender=m)))
79672	Kaufleute	0	(mention_id=9405|references=(entity=(entity_id=entity_0591|fullname=Kaufleute|gender=m|specialcase_entity=group)))	(mention_id=9323|references=(entity=(entity_id=generic_0014|fullname=Kaufleute im Allgemeinen|gender=u|specialcase_entity=generic)))
79673	,	0		
79674	Fabrikanten	0	(mention_id=9406|references=(entity=(entity_id=entity_0560|fullname=Fabrikanten|gender=m|specialcase_entity=group)))	(mention_id=9324|references=(entity=(entity_id=generic_0015|fullname=Fabrikanten im Allgemeinen|gender=u|specialcase_entity=generic)))
79675	und	0		
79676	Schiffsrheder	0	(mention_id=9407|references=(entity=(entity_id=entity_0616|fullname=Schiffsrheder|gender=m|specialcase_entity=group)))	(mention_id=9325|references=(entity=(entity_id=generic_0016|fullname=Schiffsrheder im Allgemeinen|gender=u|specialcase_entity=generic)))
79677	als	0		
79678	Oberste	0	(mention_id=9408|references=(entity=(entity_id=entity_0597|fullname=Oberste|gender=m|specialcase_entity=group)))	(mention_id=9326|references=(entity=(entity_id=generic_0017|fullname=Oberste im Allgemeinen|gender=u|specialcase_entity=generic)))
79679	,	0		
79680	Colonels	0	(mention_id=9409|references=(entity=(entity_id=entity_0587|fullname=Colonels|gender=m|specialcase_entity=group)))	(mention_id=9327|references=(entity=(entity_id=generic_0018|fullname=Colonels im Allgemeinen|gender=u|specialcase_entity=generic)))
79681	,	0		
79682	Kapitäns	0	(mention_id=9410|references=(entity=(entity_id=entity_0590|fullname=Kapitäns|gender=m|specialcase_entity=group)))	(mention_id=9328|references=(entity=(entity_id=generic_0019|fullname=Kapitäns im Allgemeinen|gender=u|specialcase_entity=generic)))
79683	u.	0		
79684	s.	0		
79685	w.	0		
79686	durch	0		
79687	alle	0		
79688	Grade	0		
79689	der	0		
79690	Kasernen-Hierarchie	0		
79691	zu	0		
79692	salutiren	0		
79693	hatte	0		
79694	.	0		
79695	Ein	0		
79696	Land	0		
79697	,	0		
79698	das	0		
79699	in	0		
79700	seinem	0		
79701	ganzen	0		
79702	Begriff	0		
79703	das	0		
79704	Friedensreich	0		
79705	der	0		
79706	modernen	0		
79707	Bürgerlichkeit	0		
79708	bedeutet	0		
79709	,	0		
79710	mit	0		
79711	so	0		
79712	viel	0		
79713	Vorliebe	0		
79714	im	0		
79715	Epauletten	0		
79716	Reflex	0		
79717	sich	0		
79718	bespiegeln	0		
79719	zu	0		
79720	sehen	0		
79721	,	0		
79722	war	0		
79723	dem	0		
79724	Europäer	0	(mention_id=9411|references=(entity=(entity_id=entity_0001|fullname=Dr. Moorfeld|gender=m)))	(mention_id=9329|references=(entity=(entity_id=generic_0007|fullname=Europäer im Allgemeinen|gender=u|specialcase_entity=generic)))
79725	,	0		
79726	dem	0	(mention_id=9412|references=(entity=(entity_id=entity_0001|fullname=Dr. Moorfeld|gender=m)))	(mention_id=9330|references=(entity=(entity_id=generic_0008|fullname=Europäer im Allgemeinen|gender=u|specialcase_entity=generic)))
79727	zu	0		
79728	Hause	0		
79729	schon	0		
79730	sein	0	(mention_id=9413|references=(entity=(entity_id=entity_0001|fullname=Dr. Moorfeld|gender=m)))	(mention_id=9331|references=(entity=(entity_id=generic_0009|fullname=Europäer im Allgemeinen|gender=u|specialcase_entity=generic)))
79731	„	0		
79732	Soldaten-spielen	0		
79733	“	0		
79734	culturwidrig	0		
79735	dünkt	0		
79736	,	0		
79737	eine	0		
79738	der	0		
79739	widerwärtigsten	0		
79740	Schwächen	0		
79741	des	0		
79742	amerikanischen	0		
79743	Volkscharakters	0		
79744	.	0		
79745	Er	0	(mention_id=9414|references=(entity=(entity_id=entity_0001|fullname=Dr. Moorfeld|gender=m)))	(mention_id=9332|references=(entity=(entity_id=34|fullname=Moorfeld|gender=m)))
79746	dankte	0		
79747	Gott	0		
79748	,	0		
79749	daß	0		
79750	Mr.	0	(mention_id=9415|references=(entity=(entity_id=entity_0055|fullname=Mr. Bennet|gender=m)))	(mention_id=9333|references=(entity=(entity_id=5|fullname=Bennet|gender=m)))
79751	Bennet	0	(mention_id=9415|references=(entity=(entity_id=entity_0055|fullname=Mr. Bennet|gender=m)))	(mention_id=9333|references=(entity=(entity_id=5|fullname=Bennet|gender=m)))
79752	selbst	0		
79753	seine	0	(mention_id=9416|references=(entity=(entity_id=entity_0055|fullname=Mr. Bennet|gender=m)))	(mention_id=9334|references=(entity=(entity_id=5|fullname=Bennet|gender=m)))
79754	Musen	0		(mention_id=9335|references=(entity=(entity_id=generic_0020|fullname=Musen im Allgemeinen|gender=u|specialcase_entity=generic)))
79755	und	0		
79756	Grazien	0		(mention_id=9336|references=(entity=(entity_id=generic_0021|fullname=Grazien im Allgemeinen|gender=u|specialcase_entity=generic)))
79757	nicht	0		
79758	nach	0		
79759	irgend	0		
79760	einem	0		
79761	imaginären	0		
79762	Korporalstock	0		
79763	dirigirte	0		
79764	.	0		
79765	Wie	0		
79766	entlegen	0		
79767	und	0		
79768	eigenthümlich	0		
79769	waren	0		
79770	die	0		
79771	Momente	0		
79772	,	0		
79773	die	0		
79774	hier	0		
79775	zur	0		
79776	vollen	0		
79777	Würdigung	0		
79778	eines	0		
79779	Mannes	0	(mention_id=9417|references=(entity=(entity_id=entity_0055|fullname=Mr. Bennet|gender=m)))	(mention_id=9337|references=(entity=(entity_id=generic_0022|fullname=ein Mann im Allgemeinen|gender=u|specialcase_entity=generic)))
79780	beitrugen	0		
79781	!	0		
79782	Vom	0		
79783	andringenden	0		
79784	Strome	0		
79785	der	0		
79786	Gäste	0	(mention_id=9418|references=(entity=(entity_id=entity_0538|fullname=Gäste|gender=u|specialcase_entity=group)))	(mention_id=9338|references=(entity=(entity_id=110|fullname=die Gäste|gender=u|specialcase_entity=group)))
79787	war	0		
79788	in	0		
79789	den	0		
79790	letzten	0		
79791	Augenblicken	0		
79792	der	0		
79793	Hausherr	0	(mention_id=9419|references=(entity=(entity_id=entity_0055|fullname=Mr. Bennet|gender=m)))	(mention_id=9339|references=(entity=(entity_id=5|fullname=Bennet|gender=m)))
79794	Moorfeld's	0	(mention_id=9420|references=(entity=(entity_id=entity_0001|fullname=Dr. Moorfeld|gender=m)))	(mention_id=9340|references=(entity=(entity_id=34|fullname=Moorfeld|gender=m)))
79795	vorherrschendem	0		
79796	Besitze	0		
79797	entführt	0		
79798	worden	0		
79799	,	0		
79800	und	0		
79801	bis	0		
79802	sie	0	(mention_id=9421|references=(entity=(entity_id=entity_0055|fullname=Mr. Bennet|gender=m)),(entity=(entity_id=entity_0001|fullname=Dr. Moorfeld|gender=m)))	(mention_id=9341|references=(entity=(entity_id=34|fullname=Moorfeld|gender=m)),(entity=(entity_id=5|fullname=Bennet|gender=m)))
79803	zu	0		
79804	stillerem	0		
79805	Begegniß	0		
79806	sich	0	(mention_id=9422|references=(entity=(entity_id=entity_0001|fullname=Dr. Moorfeld|gender=m)))	(mention_id=9342|references=(entity=(entity_id=34|fullname=Moorfeld|gender=m)),(entity=(entity_id=5|fullname=Bennet|gender=m)))
79807	wieder	0		
79808	zusammenfanden	0		
79809	,	0		
79810	gefiel	0		
79811	sich	0	(mention_id=9423|references=(entity=(entity_id=entity_0001|fullname=Dr. Moorfeld|gender=m)))	(mention_id=9343|references=(entity=(entity_id=34|fullname=Moorfeld|gender=m)))
79812	unser	0	(mention_id=9424|references=(entity=(entity_id=entity_0007|fullname=Erzählinstanz|gender=u)),(entity=(entity_id=entity_0008|fullname=Leser|gender=u)))	(mention_id=9344|references=(entity=(entity_id=34|fullname=Moorfeld|gender=m)))
79813	Freund	0	(mention_id=9425|references=(entity=(entity_id=entity_0001|fullname=Dr. Moorfeld|gender=m)))	(mention_id=9345|references=(entity=(entity_id=34|fullname=Moorfeld|gender=m)))
79814	,	0		
79815	auf	0		
79816	eigene	0		
79817	Hand	0		
79818	aus	0		
79819	den	0		
79820	Wellen	0		
79821	der	0		
79822	Gesellschaft	0	(mention_id=9426|references=(entity=(entity_id=entity_0519|fullname=Gesellschaft bei Bennet|gender=mf|specialcase_entity=group)))	
79823	zu	0		
79824	schöpfen	0		
79825	.	0		
79826	Den	0		
79827	bedeutendsten	0		
79828	Personen	0	(mention_id=9427|references=(entity=(entity_id=entity_0623|fullname=bedeutendste Personen|gender=u|specialcase_entity=group)))	(mention_id=9346|references=(entity=(entity_id=156|fullname=die bedeutendsten Personen|gender=u|specialcase_entity=group)))
79829	auf's	0		
79830	rücksichtsvollste	0		
79831	vorgestellt	0		
79832	,	0		
79833	war	0		
79834	ihm	0	(mention_id=9428|references=(entity=(entity_id=entity_0001|fullname=Dr. Moorfeld|gender=m)))	(mention_id=9347|references=(entity=(entity_id=34|fullname=Moorfeld|gender=m)))
79835	der	0		
79836	Charakter	0		
79837	des	0		
79838	Fremden	0	(mention_id=9429|references=(entity=(entity_id=entity_0001|fullname=Dr. Moorfeld|gender=m)))	(mention_id=9348|references=(entity=(entity_id=34|fullname=Moorfeld|gender=m)))
79839	benommen	0		
79840	;	0		
79841	er	0	(mention_id=9430|references=(entity=(entity_id=entity_0001|fullname=Dr. Moorfeld|gender=m)))	(mention_id=9349|references=(entity=(entity_id=34|fullname=Moorfeld|gender=m)))
79842	hatte	0		
79843	den	0		
79844	Vortheil	0		
79845	,	0		
79846	in	0		
79847	die	0		
79848	einzelnen	0		
79849	Gruppen	0		
79850	einzutreten	0		
79851	und	0		
79852	sie	0		
79853	zu	0		
79854	verlassen	0		
79855	nach	0		
79856	freier	0		
79857	Wahl	0		
79858	und	0		
79859	Bequemlichkeit	0		
79860	.	0		
79861	So	0		
79862	konnte	0		
79863	er	0	(mention_id=9431|references=(entity=(entity_id=entity_0001|fullname=Dr. Moorfeld|gender=m)))	(mention_id=9350|references=(entity=(entity_id=34|fullname=Moorfeld|gender=m)))
79864	wie	0		
79865	in	0		
79866	einem	0		
79867	lebendigen	0		
79868	Index	0		
79869	die	0		
79870	amerikanischen	0		
79871	Zustände	0		
79872	durchblättern	0		
79873	:	0		
79874	dort	0		
79875	stand	0		
79876	ein	0		
79877	Kapitel	0		
79878	Bankwesen	0		
79879	,	0		
79880	hier	0		
79881	Schutzzoll	0		
79882	und	0		
79883	Freihandel	0		
79884	,	0		
79885	in	0		
79886	diesem	0		
79887	Trinkzimmer	0		
79888	zechte	0		
79889	die	0		
79890	Sclavenfrage	0		
79891	,	0		
79892	in	0		
79893	jenem	0		
79894	die	0		
79895	Indianer-Expropriation	0		
79896	,	0		
79897	in	0		
79898	der	0		
79899	Nische	0		
79900	rechts	0		
79901	zupfte	0		
79902	die	0		
79903	neue	0		
79904	Universität	0		
79905	an	0		
79906	den	0		
79907	Gardinenquasten	0		
79908	im	0		
79909	eifrigen	0		
79910	Vortrag	0		
79911	über	0		
79912	die	0		
79913	literarischen	0		
79914	Landeszustände	0		
79915	,	0		
79916	in	0		
79917	der	0		
79918	Nische	0		
79919	links	0		
79920	kritisirte	0		
79921	ein	0		
79922	Börsensyndicus	0	(mention_id=9432|references=(entity=(entity_id=entity_0550|fullname=Börsensyndicus|gender=m)))	(mention_id=9351|references=(entity=(entity_id=58|fullname=der Börsensyndicus|gender=m)))
79923	,	0		
79924	d.	0		
79925	h.	0		
79926	ein	0		
79927	Oberstlieutenant	0	(mention_id=9433|references=(entity=(entity_id=entity_0550|fullname=Börsensyndicus|gender=m)))	(mention_id=9352|references=(entity=(entity_id=58|fullname=der Börsensyndicus|gender=m)))
79928	die	0		
79929	Bankrote	0		
79930	vom	0		
79931	Jahre	0		
79932	dreißig	0		
79933	und	0		
79934	stellte	0		
79935	das	0		
79936	Prognostikon	0		
79937	der	0		
79938	nächsten	0		
79939	Calamität	0		
79940	.	0		
79941	Das	0		
79942	war	0		
79943	nun	0		
79944	ein	0		
79945	Amerika	0		
79946	,	0		
79947	nicht	0		
79948	aus	0		
79949	papierenen	0		
79950	Quarterly	0		
79951	Reviews	0		
79952	,	0		
79953	noch	0		
79954	aus	0		
79955	dem	0		
79956	Tabakskoth	0		
79957	öffentlicher	0		
79958	Sittenroheit	0		
79959	zu	0		
79960	studiren	0		
79961	,	0		
79962	sondern	0		
79963	im	0		
79964	Goldrahmen	0		
79965	eines	0		
79966	kunstsinnigen	0		
79967	Salons	0		
79968	,	0		
79969	unter	0		
79970	den	0		
79971	Blumen	0		
79972	des	0		
79973	Landes	0		
79974	.	0		
79975	Diese	0		
79976	Gedankenflora	0		
79977	durchschwärmend	0		
79978	,	0		
79979	mußte	0		
79980	sich's	0		
79981	zeigen	0		
79982	,	0		
79983	ob	0		
79984	Moorfeld	0	(mention_id=9434|references=(entity=(entity_id=entity_0001|fullname=Dr. Moorfeld|gender=m)))	(mention_id=9353|references=(entity=(entity_id=34|fullname=Moorfeld|gender=m)))
79985	auf	0		
79986	einem	0		
79987	jener	0		
79988	optischen	0		
79989	Punkte	0		
79990	hier	0		
79991	stand	0		
79992	,	0		
79993	wo	0		
79994	ihm	0	(mention_id=9435|references=(entity=(entity_id=entity_0001|fullname=Dr. Moorfeld|gender=m)))	(mention_id=9354|references=(entity=(entity_id=34|fullname=Moorfeld|gender=m)))
79995	das	0		
79996	Grau	0		
79997	und	0		
79998	Kalt	0		
79999	des	0		
80000	amerikanischen	0		
80001	Reifschauers	0		
80002	zu	0		
80003	schönem	0		
80004	Farbenspiel	0		
80005	aufloderte	0		
80006	—	0		
80007	ein	0		
80008	Punkt	0		
80009	,	0		
80010	der	0		
80011	seinen	0	(mention_id=9436|references=(entity=(entity_id=entity_0001|fullname=Dr. Moorfeld|gender=m)))	(mention_id=9355|references=(entity=(entity_id=34|fullname=Moorfeld|gender=m)))
80012	Ahnungen	0		
80013	in	0		
80014	all	0		
80015	diesen	0		
80016	Tagen	0		
80017	gläubiger	0		
80018	oder	0		
80019	verzagender	0	(mention_id=9437|references=(entity=(entity_id=entity_0001|fullname=Dr. Moorfeld|gender=m)))	
80020	vorgeschwebt	0		
80021	.	0		
80022	Wie	0		
80023	er	0	(mention_id=9438|references=(entity=(entity_id=entity_0001|fullname=Dr. Moorfeld|gender=m)))	(mention_id=9356|references=(entity=(entity_id=34|fullname=Moorfeld|gender=m)))
80024	hier	0		
80025	stand	0		
80026	,	0		
80027	fühlte	0		
80028	er	0	(mention_id=9439|references=(entity=(entity_id=entity_0001|fullname=Dr. Moorfeld|gender=m)))	(mention_id=9357|references=(entity=(entity_id=34|fullname=Moorfeld|gender=m)))
80029	,	0		
80030	stand	0		
80031	er	0	(mention_id=9440|references=(entity=(entity_id=entity_0001|fullname=Dr. Moorfeld|gender=m)))	(mention_id=9358|references=(entity=(entity_id=34|fullname=Moorfeld|gender=m)))
80032	auf	0		
80033	einem	0		
80034	Gipfel	0		
80035	;	0		
80036	—	0		
80037	haben	0		
80038	die	0		
80039	Götter	0		(mention_id=9359|references=(entity=(entity_id=111|fullname=die Götter|gender=u|specialcase_entity=group)))
80040	einen	0		
80041	heiteren	0		
80042	Tag	0		
80043	geschenkt	0		
80044	,	0		
80045	oder	0		
80046	liegt	0		
80047	ein	0		
80048	Nebel	0		
80049	auf	0		
80050	der	0		
80051	vielverheißenden	0		
80052	Aussicht	0		
80053	?	0		
80054	Moorfeld	0	(mention_id=9441|references=(entity=(entity_id=entity_0001|fullname=Dr. Moorfeld|gender=m)))	(mention_id=9360|references=(entity=(entity_id=34|fullname=Moorfeld|gender=m)))
80055	war	0		
80056	ganz	0		
80057	Empfänglichkeit	0		
80058	.	0		
80059	Die	0		
80060	Rolle	0		
80061	des	0		
80062	unbetheiligten	0		
80063	Beobachters	0	(mention_id=9442|references=(entity=(entity_id=entity_0001|fullname=Dr. Moorfeld|gender=m)))	(mention_id=9361|references=(entity=(entity_id=34|fullname=Moorfeld|gender=m)))
80064	blieb	0		
80065	ihm	0	(mention_id=9443|references=(entity=(entity_id=entity_0001|fullname=Dr. Moorfeld|gender=m)))	(mention_id=9362|references=(entity=(entity_id=34|fullname=Moorfeld|gender=m)))
80066	aber	0		
80067	nicht	0		
80068	ganz	0		
80069	so	0		
80070	frei	0		
80071	überlassen	0		
80072	,	0		
80073	als	0		
80074	es	0		
80075	in	0		
80076	seinem	0	(mention_id=9444|references=(entity=(entity_id=entity_0001|fullname=Dr. Moorfeld|gender=m)))	(mention_id=9363|references=(entity=(entity_id=34|fullname=Moorfeld|gender=m)))
80077	Wunsche	0		
80078	und	0		
80079	in	0		
80080	der	0		
80081	Freiheit	0		
80082	des	0		
80083	Routs	0		
80084	selbst	0		
80085	gelegen	0		
80086	hätte	0		
80087	.	0		
80088	Er	0	(mention_id=9445|references=(entity=(entity_id=entity_0001|fullname=Dr. Moorfeld|gender=m)))	(mention_id=9364|references=(entity=(entity_id=34|fullname=Moorfeld|gender=m)))
80089	war	0		
80090	heute	0		
80091	der	0		
80092	einzige	0		
80093	Fremde	0	(mention_id=9446|references=(entity=(entity_id=entity_0001|fullname=Dr. Moorfeld|gender=m)))	(mention_id=9365|references=(entity=(entity_id=34|fullname=Moorfeld|gender=m)))
80094	aus	0		
80095	Europa	0		
80096	,	0		
80097	der	0	(mention_id=9447|references=(entity=(entity_id=entity_0001|fullname=Dr. Moorfeld|gender=m)))	(mention_id=9366|references=(entity=(entity_id=34|fullname=Moorfeld|gender=m)))
80098	in	0		
80099	Mr.	0	(mention_id=9448|references=(entity=(entity_id=entity_0055|fullname=Mr. Bennet|gender=m)))	(mention_id=9367|references=(entity=(entity_id=5|fullname=Bennet|gender=m)))
80100	Bennet's	0	(mention_id=9448|references=(entity=(entity_id=entity_0055|fullname=Mr. Bennet|gender=m)))	(mention_id=9367|references=(entity=(entity_id=5|fullname=Bennet|gender=m)))
80101	Salon	0		
80102	eingeführt	0		
80103	war	0		
80104	,	0		
80105	es	0		
80106	wurde	0		
80107	ihm	0	(mention_id=9449|references=(entity=(entity_id=entity_0001|fullname=Dr. Moorfeld|gender=m)))	(mention_id=9368|references=(entity=(entity_id=34|fullname=Moorfeld|gender=m)))
80108	dadurch	0		
80109	eine	0		
80110	Aufmerksamkeit	0		
80111	zu	0		
80112	Theil	0		
80113	,	0		
80114	deren	0		
80115	Vortheile	0		
80116	er	0	(mention_id=9450|references=(entity=(entity_id=entity_0001|fullname=Dr. Moorfeld|gender=m)))	(mention_id=9369|references=(entity=(entity_id=34|fullname=Moorfeld|gender=m)))
80117	lieber	0		
80118	entbehrt	0		
80119	,	0		
80120	hätte	0		
80121	.	0		
80122	Auch	0		
80123	war	0		
80124	diese	0		
80125	Aufmerksamkeit	0		
80126	selbst	0		
80127	nicht	0		
80128	ganz	0		
80129	von	0		
80130	der	0		
80131	wohlthuenden	0		
80132	Art	0		
80133	;	0		
80134	der	0		
80135	Mangel	0		
80136	an	0		
80137	Frauen	0	(mention_id=9451|references=(entity=(entity_id=entity_0566|fullname=Frauen bei Matinee|gender=f|specialcase_entity=group)))	(mention_id=9370|references=(entity=(entity_id=generic_0023|fullname=Frauen im Allgemeinen|gender=u|specialcase_entity=generic)))
80138	verursachte	0		
80139	,	0		
80140	daß	0		
80141	sie	0		
80142	nicht	0		
80143	eigentlich	0		
80144	als	0		
80145	zarter	0		
80146	Persönlichkeitssinn	0		
80147	,	0		
80148	sondern	0		
80149	vielmehr	0		
80150	als	0		
80151	sachliches	0		
80152	Interesse	0		
80153	für	0		
80154	Europa	0		
80155	gegen	0		
80156	ihn	0	(mention_id=9452|references=(entity=(entity_id=entity_0001|fullname=Dr. Moorfeld|gender=m)))	(mention_id=9371|references=(entity=(entity_id=34|fullname=Moorfeld|gender=m)))
80157	sich	0		
80158	kund	0		
80159	gab	0		
80160	,	0		
80161	wenigstens	0		
80162	glaubte	0		
80163	unser	0	(mention_id=9453|references=(entity=(entity_id=entity_0007|fullname=Erzählinstanz|gender=u)),(entity=(entity_id=entity_0008|fullname=Leser|gender=u)))	(mention_id=9372|references=(entity=(entity_id=34|fullname=Moorfeld|gender=m)))
80164	Freund	0	(mention_id=9454|references=(entity=(entity_id=entity_0001|fullname=Dr. Moorfeld|gender=m)))	(mention_id=9373|references=(entity=(entity_id=34|fullname=Moorfeld|gender=m)))
80165	,	0		
80166	dem	0	(mention_id=9455|references=(entity=(entity_id=entity_0001|fullname=Dr. Moorfeld|gender=m)))	(mention_id=9374|references=(entity=(entity_id=34|fullname=Moorfeld|gender=m)))
80167	wir	0	(mention_id=9456|references=(entity=(entity_id=entity_0007|fullname=Erzählinstanz|gender=u)),(entity=(entity_id=entity_0008|fullname=Leser|gender=u)))	(mention_id=9375|references=(entity=(entity_id=34|fullname=Moorfeld|gender=m)))
80168	ein	0		
80169	feines	0		
80170	Gefühl	0		
80171	für	0		
80172	diese	0		
80173	Unterscheidung	0		
80174	wohl	0		
80175	zutrauen	0		
80176	dürfen	0		
80177	,	0		
80178	etwas	0		
80179	Aehnliches	0		
80180	durchzuempfinden	0		
80181	.	0		
80182	Wenn	0		
80183	es	0		
80184	bekannt	0		
80185	ist	0		
80186	,	0		
80187	daß	0		
80188	der	0		
80189	Amerikaner	0	(mention_id=9457|references=(entity=(entity_id=generic_3642|fullname=Amerikaner allgemein 8|gender=u|specialcase_entity=generic)))	(mention_id=9376|references=(entity=(entity_id=generic_0024|fullname=Amerikaner im Allgemeinen|gender=u|specialcase_entity=generic)))
80190	keine	0		
80191	Frage	0		
80192	beantwortet	0		
80193	,	0		
80194	ohne	0		
80195	eine	0		
80196	Gegenfrage	0		
80197	zu	0		
80198	thun	0		
80199	,	0		
80200	so	0		
80201	kam	0		
80202	Moorfeld	0	(mention_id=9458|references=(entity=(entity_id=entity_0001|fullname=Dr. Moorfeld|gender=m)))	(mention_id=9377|references=(entity=(entity_id=34|fullname=Moorfeld|gender=m)))
80203	überhaupt	0		
80204	zunächst	0		
80205	weniger	0		
80206	zum	0		
80207	Empfangen	0		
80208	als	0		
80209	zum	0		
80210	Geben	0		
80211	;	0		
80212	die	0		
80213	Neugierde	0		
80214	forderte	0		
80215	ihren	0		
80216	Tribut	0		
80217	,	0		
80218	obgleich	0		
80219	in	0		
80220	der	0		
80221	geglättetsten	0		
80222	Form	0		
80223	.	0		
80224	So	0		
80225	fiel	0		
80226	es	0		
80227	ihm	0	(mention_id=9459|references=(entity=(entity_id=entity_0001|fullname=Dr. Moorfeld|gender=m)))	(mention_id=9378|references=(entity=(entity_id=34|fullname=Moorfeld|gender=m)))
80228	auch	0		
80229	auf	0		
80230	,	0		
80231	daß	0		
80232	die	0		
80233	Männer	0	(mention_id=9460|references=(entity=(entity_id=entity_0527|fullname=bedeutende Männer bei Bennet|gender=m|specialcase_entity=group)))	(mention_id=9379|references=(entity=(entity_id=127|fullname=die Männer|gender=u|specialcase_entity=group)))
80234	,	0		
80235	deren	0	(mention_id=9461|references=(entity=(entity_id=entity_0527|fullname=bedeutende Männer bei Bennet|gender=m|specialcase_entity=group)))	(mention_id=9380|references=(entity=(entity_id=127|fullname=die Männer|gender=u|specialcase_entity=group)))
80236	Namen	0		
80237	und	0		
80238	Bedeutung	0		
80239	wir	0	(mention_id=9462|references=(entity=(entity_id=entity_0007|fullname=Erzählinstanz|gender=u)))	(mention_id=9381|references=(entity=(entity_id=34|fullname=Moorfeld|gender=m)))
80240	zuvor	0		
80241	genannt	0		
80242	,	0		
80243	nicht	0		
80244	ganz	0		
80245	jene	0		
80246	stillbewußte	0		
80247	Zurückhaltung	0		
80248	beobachteten	0		
80249	,	0		
80250	womit	0		
80251	in	0		
80252	Europa	0		
80253	der	0		
80254	Mann	0	(mention_id=9463|references=(entity=(entity_id=generic_3643|fullname=Mann von Verdienst in Europa|gender=u|specialcase_entity=generic)))	(mention_id=9382|references=(entity=(entity_id=generic_0027|fullname=ein Mann von Verdienst im Allgemeinen|gender=u|specialcase_entity=generic)))
80255	von	0		
80256	Verdienst	0		
80257	sich	0	(mention_id=9464|references=(entity=(entity_id=generic_3644|fullname=Mann von Verdienst in Europa|gender=u|specialcase_entity=generic)))	
80258	bekleidet	0		
80259	;	0		
80260	sie	0	(mention_id=9465|references=(entity=(entity_id=entity_0527|fullname=bedeutende Männer bei Bennet|gender=m|specialcase_entity=group)))	(mention_id=9383|references=(entity=(entity_id=127|fullname=die Männer|gender=u|specialcase_entity=group)))
80261	wußten	0		
80262	im	0		
80263	Gegentheil	0		
80264	vortrefflich	0		
80265	die	0		
80266	Attitude	0		
80267	zu	0		
80268	finden	0		
80269	,	0		
80270	die	0		
80271	sie	0	(mention_id=9466|references=(entity=(entity_id=entity_0527|fullname=bedeutende Männer bei Bennet|gender=m|specialcase_entity=group)))	(mention_id=9384|references=(entity=(entity_id=127|fullname=die Männer|gender=u|specialcase_entity=group)))
80272	ihren	0	(mention_id=9467|references=(entity=(entity_id=entity_0527|fullname=bedeutende Männer bei Bennet|gender=m|specialcase_entity=group)))	(mention_id=9385|references=(entity=(entity_id=127|fullname=die Männer|gender=u|specialcase_entity=group)))
80273	Mitbürgern	0	(mention_id=9468|references=(entity=(entity_id=generic_3645|fullname=Mitbürger bedeutender Männer bei Bennet|gender=u|specialcase_entity=generic)))	(mention_id=9386|references=(entity=(entity_id=124|fullname=die Mitbürger|gender=u|specialcase_entity=group)))
80274	im	0		
80275	vollen	0		
80276	Rund	0		
80277	darstellte	0		
80278	.	0		
80279	Ebenso	0		
80280	nahm	0		
80281	sich	0	(mention_id=9469|references=(entity=(entity_id=entity_0001|fullname=Dr. Moorfeld|gender=m)))	(mention_id=9387|references=(entity=(entity_id=34|fullname=Moorfeld|gender=m)))
80282	Moorfeld	0	(mention_id=9470|references=(entity=(entity_id=entity_0001|fullname=Dr. Moorfeld|gender=m)))	(mention_id=9388|references=(entity=(entity_id=34|fullname=Moorfeld|gender=m)))
80283	vor	0		
80284	,	0		
80285	scharf	0		
80286	darüber	0		
80287	zu	0		
80288	beobachten	0		
80289	,	0		
80290	ob	0		
80291	die	0		
80292	Artigkeit	0		
80293	,	0		
80294	die	0		
80295	ihm	0	(mention_id=9471|references=(entity=(entity_id=entity_0001|fullname=Dr. Moorfeld|gender=m)))	(mention_id=9389|references=(entity=(entity_id=34|fullname=Moorfeld|gender=m)))
80296	mit	0		
80297	einer	0		
80298	wahren	0		
80299	Farbenpracht	0		
80300	von	0		
80301	allen	0		
80302	Seiten	0		
80303	entgegen	0		
80304	getragen	0		
80305	wurde	0		
80306	,	0		
80307	wirklich	0		
80308	vom	0		
80309	ächtesten	0		
80310	Stempel	0		
80311	des	0		
80312	Bonton's	0		
80313	sei	0		
80314	,	0		
80315	oder	0		
80316	eine	0		
80317	gewisse	0		
80318	tendenziöse	0		
80319	Beflissenheit	0		
80320	gegen	0		
80321	den	0		
80322	„	0		
80323	literary	0		(mention_id=9390|references=(entity=(entity_id=34|fullname=Moorfeld|gender=m)))
80324	gentleman	0	(mention_id=9472|references=(entity=(entity_id=entity_0001|fullname=Dr. Moorfeld|gender=m)))	(mention_id=9391|references=(entity=(entity_id=34|fullname=Moorfeld|gender=m)))
80325	“	0		
80326	durchblicken	0		
80327	ließ	0		
80328	,	0		
80329	der	0	(mention_id=9473|references=(entity=(entity_id=entity_0001|fullname=Dr. Moorfeld|gender=m)))	(mention_id=9392|references=(entity=(entity_id=34|fullname=Moorfeld|gender=m)))
80330	ohne	0		
80331	Zweifel	0		
80332	über	0		
80333	seine	0	(mention_id=9474|references=(entity=(entity_id=entity_0001|fullname=Dr. Moorfeld|gender=m)))	(mention_id=9393|references=(entity=(entity_id=34|fullname=Moorfeld|gender=m)))
80334	Reise	0		
80335	ein	0		
80336	Buch	0		
80337	schreiben	0		
80338	würde	0		
80339	.	0		
80340	Kurz	0		
80341	,	0		
80342	unser	0	(mention_id=9475|references=(entity=(entity_id=entity_0007|fullname=Erzählinstanz|gender=u)),(entity=(entity_id=entity_0008|fullname=Leser|gender=u)))	(mention_id=9394|references=(entity=(entity_id=34|fullname=Moorfeld|gender=m)))
80343	Freund	0	(mention_id=9476|references=(entity=(entity_id=entity_0001|fullname=Dr. Moorfeld|gender=m)))	(mention_id=9395|references=(entity=(entity_id=34|fullname=Moorfeld|gender=m)))
80344	,	0		
80345	der	0	(mention_id=9477|references=(entity=(entity_id=entity_0001|fullname=Dr. Moorfeld|gender=m)))	(mention_id=9396|references=(entity=(entity_id=34|fullname=Moorfeld|gender=m)))
80346	es	0		
80347	nachdrücklich	0		
80348	betont	0		
80349	hat	0		
80350	,	0		
80351	nicht	0		
80352	auf	0		
80353	„	0		
80354	absichtliche	0		
80355	Täuschungen	0		
80356	”	0		
80357	nach	0		
80358	Amerika	0		
80359	gegangen	0		
80360	zu	0		
80361	sein	0		
80362	,	0		
80363	verwahrte	0		
80364	sich	0	(mention_id=9478|references=(entity=(entity_id=entity_0001|fullname=Dr. Moorfeld|gender=m)))	(mention_id=9397|references=(entity=(entity_id=34|fullname=Moorfeld|gender=m)))
80365	auf	0		
80366	diesem	0		
80367	Boden	0		
80368	,	0		
80369	der	0		
80370	ein	0		
80371	Boden	0		
80372	des	0		
80373	idealisirten	0		
80374	„	0		
80375	shams	0		
80376	""""	0		
80377	sein	0		
80378	konnte	0		
80379	,	0		
80380	außerordentlich	0		
80381	sorgfältig	0		
80382	dagegen	0		
80383	rosiger	0		
80384	zu	0		
80385	sehen	0		
80386	als	0		
80387	er	0		(mention_id=9398|references=(entity=(entity_id=34|fullname=Moorfeld|gender=m)))
80388	sollte	0		
80389	.	0		
80390	Dürfen	0		
80391	wir	0	(mention_id=9479|references=(entity=(entity_id=entity_0007|fullname=Erzählinstanz|gender=u)))	(mention_id=9399|references=(entity=(entity_id=34|fullname=Moorfeld|gender=m)))
80392	fragen	0		
80393	,	0		
80394	ob	0		
80395	es	0		
80396	mit	0		
80397	der	0		
80398	geheimen	0		
80399	Lust	0		
80400	geschieht	0		
80401	,	0		
80402	schwarz	0		
80403	zu	0		
80404	sehen	0		
80405	?	0		
80406	Zuerst	0		
80407	finden	0		
80408	wir	0	(mention_id=9480|references=(entity=(entity_id=entity_0007|fullname=Erzählinstanz|gender=u)),(entity=(entity_id=entity_0008|fullname=Leser|gender=u)))	(mention_id=9400|references=(entity=(entity_id=34|fullname=Moorfeld|gender=m)))
80409	unsern	0	(mention_id=9481|references=(entity=(entity_id=entity_0007|fullname=Erzählinstanz|gender=u)),(entity=(entity_id=entity_0008|fullname=Leser|gender=u)))	(mention_id=9401|references=(entity=(entity_id=34|fullname=Moorfeld|gender=m)))
80410	Gast	0	(mention_id=9482|references=(entity=(entity_id=entity_0001|fullname=Dr. Moorfeld|gender=m)))	(mention_id=9402|references=(entity=(entity_id=34|fullname=Moorfeld|gender=m)))
80411	in	0		
80412	der	0		
80413	Gesellschaft	0		
80414	des	0		
80415	Mr.	0	(mention_id=9483|references=(entity=(entity_id=entity_0505|fullname=Mr. Livingstone|gender=m)))	(mention_id=9403|references=(entity=(entity_id=28|fullname=Livingstone|gender=m)))
80416	Livingstone	0	(mention_id=9483|references=(entity=(entity_id=entity_0505|fullname=Mr. Livingstone|gender=m)))	(mention_id=9403|references=(entity=(entity_id=28|fullname=Livingstone|gender=m)))
80417	,	0		
80418	des	0		
80419	Criminalgesetzgebers	0	(mention_id=9484|references=(entity=(entity_id=entity_0505|fullname=Mr. Livingstone|gender=m)))	(mention_id=9404|references=(entity=(entity_id=28|fullname=Livingstone|gender=m)))
80420	von	0		
80421	Louisiana	0		
80422	,	0		
80423	dem	0	(mention_id=9485|references=(entity=(entity_id=entity_0505|fullname=Mr. Livingstone|gender=m)))	(mention_id=9405|references=(entity=(entity_id=28|fullname=Livingstone|gender=m)))
80424	Moorfeld	0	(mention_id=9486|references=(entity=(entity_id=entity_0001|fullname=Dr. Moorfeld|gender=m)))	(mention_id=9406|references=(entity=(entity_id=34|fullname=Moorfeld|gender=m)))
80425	für	0		
80426	die	0		
80427	Abschaffung	0		
80428	der	0		
80429	Todesstrafe	0		
80430	in	0		
80431	diesem	0		
80432	Staate	0		
80433	seine	0	(mention_id=9487|references=(entity=(entity_id=entity_0001|fullname=Dr. Moorfeld|gender=m)))	(mention_id=9407|references=(entity=(entity_id=34|fullname=Moorfeld|gender=m)))
80434	ganze	0		
80435	Pietät	0		
80436	ausdrückt	0		
80437	.	0		
80438	Er	0	(mention_id=9488|references=(entity=(entity_id=entity_0001|fullname=Dr. Moorfeld|gender=m)))	(mention_id=9408|references=(entity=(entity_id=34|fullname=Moorfeld|gender=m)))
80439	spricht	0		
80440	von	0		
80441	den	0		
80442	Hoffnungen	0		
80443	der	0		
80444	europäischen	0		
80445	Reformers	0	(mention_id=9489|references=(entity=(entity_id=entity_0611|fullname=Reformers|gender=u|specialcase_entity=group)))	(mention_id=9409|references=(entity=(entity_id=174|fullname=europäische Reformers|gender=u|specialcase_entity=group)))
80446	über	0		
80447	diesen	0		
80448	Punkt	0		
80449	,	0		
80450	oder	0		
80451	vielmehr	0		
80452	von	0		
80453	dem	0		
80454	Stand	0		
80455	der	0		
80456	Frage	0		
80457	,	0		
80458	da	0		
80459	die	0		
80460	„	0		
80461	Hoffnung	0		
80462	“	0		
80463	noch	0		
80464	weit	0		
80465	aus	0		
80466	die	0		
80467	Minorität	0		
80468	der	0		
80469	europäischen	0		
80470	Gewissen	0		
80471	habe	0		
80472	.	0		
80473	Moorfeld	0	(mention_id=9490|references=(entity=(entity_id=entity_0001|fullname=Dr. Moorfeld|gender=m)))	(mention_id=9410|references=(entity=(entity_id=34|fullname=Moorfeld|gender=m)))
80474	findet	0		
80475	es	0		
80476	frappant	0		
80477	,	0		
80478	daß	0		
80479	Livingstone	0	(mention_id=9491|references=(entity=(entity_id=entity_0505|fullname=Mr. Livingstone|gender=m)))	(mention_id=9411|references=(entity=(entity_id=28|fullname=Livingstone|gender=m)))
80480	die	0		
80481	Todesstrafe	0		
80482	eine	0		
80483	—	0		
80484	Präventivjustiz	0		
80485	nennt	0		
80486	.	0		
80487	Denn	0		
80488	,	0		
80489	da	0		
80490	der	0		
80491	Mord	0		
80492	durch	0		
80493	seine	0		
80494	Verdoppelung	0		
80495	nicht	0		
80496	sittlicher	0		
80497	wird	0		
80498	,	0		
80499	sagt	0		
80500	der	0		
80501	Rechtsphilosoph	0	(mention_id=9492|references=(entity=(entity_id=entity_0505|fullname=Mr. Livingstone|gender=m)))	(mention_id=9412|references=(entity=(entity_id=73|fullname=der Rechtsphilosoph|gender=m|specialcase_entity=nonfact)))
80502	,	0		
80503	so	0		
80504	könne	0		
80505	von	0		
80506	einer	0		
80507	Sühne	0		
80508	des	0		
80509	verletzten	0		
80510	Sittengesetzes	0		
80511	durch	0		
80512	eine	0		
80513	Hinrichtung	0		
80514	nicht	0		
80515	wohl	0		
80516	die	0		
80517	Rede	0		
80518	sein	0		
80519	.	0		
80520	Man	0		
80521	habe	0		
80522	daher	0		
80523	die	0		
80524	Talions	0		
80525	Theorie	0		
80526	mehr	0		
80527	und	0		
80528	mehr	0		
80529	aufgegeben	0		
80530	,	0		
80531	oder	0		
80532	thue	0		
80533	es	0		
80534	noch	0		
80535	täglich	0		
80536	,	0		
80537	dafür	0		
80538	spreche	0		
80539	man	0		
80540	desto	0		
80541	überzeugter	0		
80542	von	0		
80543	einem	0		
80544	Rechte	0		
80545	der	0		
80546	Nothwehr	0		
80547	,	0		
80548	welches	0		
80549	durch	0		
80550	die	0		
80551	Todesstrafe	0		
80552	ausgeübt	0		
80553	würde	0		
80554	.	0		
80555	Die	0		
80556	Gesellschaft	0	(mention_id=9493|references=(entity=(entity_id=generic_3646|fullname=Gesellschaft|gender=u|specialcase_entity=generic)))	
80557	müsse	0		
80558	sich	0	(mention_id=9494|references=(entity=(entity_id=generic_3647|fullname=Gesellschaft|gender=u|specialcase_entity=generic)))	
80559	schützen	0		
80560	gegen	0		
80561	den	0		
80562	Feind	0	(mention_id=9495|references=(entity=(entity_id=generic_3651|fullname=Feind der Gesellschaft|gender=u|specialcase_entity=generic)))	
80563	der	0		
80564	Gesellschaft	0	(mention_id=9496|references=(entity=(entity_id=generic_3648|fullname=Gesellschaft|gender=u|specialcase_entity=generic)))	
80565	.	0		
80566	Nun	0		
80567	wird	0		
80568	sich	0	(mention_id=9497|references=(entity=(entity_id=generic_3649|fullname=Gesellschaft|gender=u|specialcase_entity=generic)))	
80569	aber	0		
80570	die	0		
80571	Gesellschaft	0	(mention_id=9498|references=(entity=(entity_id=generic_3650|fullname=Gesellschaft|gender=u|specialcase_entity=generic)))	(mention_id=9413|references=(entity=(entity_id=108|fullname=die Gesellschaft|gender=u|specialcase_entity=group)))
80572	gegen	0		
80573	das	0		
80574	geschehene	0		
80575	Verbrechen	0		
80576	kaum	0		
80577	noch	0		
80578	schützen	0		
80579	können	0		
80580	,	0		
80581	sondern	0		
80582	nur	0		
80583	gegen	0		
80584	das	0		
80585	künftig	0		
80586	zu	0		
80587	wiederholende	0		
80588	.	0		
80589	Das	0		
80590	heißt	0		
80591	also	0		
80592	man	0		
80593	spielt	0		
80594	dem	0		
80595	bösen	0		
80596	Prinzip	0		
80597	ein	0		
80598	Prävenire	0		
80599	durch	0		
80600	Hinwegnehmung	0		
80601	des	0		
80602	Lebens	0		
80603	.	0		
80604	Allerdings	0		
80605	die	0		
80606	sicherste	0		
80607	Präventivhaft	0		
80608	ist	0		
80609	das	0		
80610	Grab	0		
80611	.	0		
80612	Moorfeld	0	(mention_id=9499|references=(entity=(entity_id=entity_0001|fullname=Dr. Moorfeld|gender=m)))	(mention_id=9414|references=(entity=(entity_id=34|fullname=Moorfeld|gender=m)))
80613	sprach	0		
80614	die	0		
80615	Vermuthung	0		
80616	aus	0		
80617	,	0		
80618	ob	0		
80619	Mr.	0	(mention_id=9500|references=(entity=(entity_id=entity_0505|fullname=Mr. Livingstone|gender=m)))	(mention_id=9415|references=(entity=(entity_id=28|fullname=Livingstone|gender=m)))
80620	Livingstone	0	(mention_id=9500|references=(entity=(entity_id=entity_0505|fullname=Mr. Livingstone|gender=m)))	(mention_id=9415|references=(entity=(entity_id=28|fullname=Livingstone|gender=m)))
80621	den	0		
80622	ersten	0		
80623	Keim	0		
80624	seines	0	(mention_id=9501|references=(entity=(entity_id=entity_0505|fullname=Mr. Livingstone|gender=m)))	(mention_id=9416|references=(entity=(entity_id=28|fullname=Livingstone|gender=m)))
80625	großherzigen	0		
80626	Systems	0		
80627	,	0		
80628	nicht	0		
80629	in	0		
80630	dem	0		
80631	Bestreben	0		
80632	gefunden	0		
80633	habe	0		
80634	,	0		
80635	zunächst	0		
80636	das	0		
80637	Leben	0		
80638	der	0		
80639	Sclaven	0	(mention_id=9502|references=(entity=(entity_id=generic_3652|fullname=Sklaven allgemein|gender=u|specialcase_entity=generic)))	(mention_id=9417|references=(entity=(entity_id=139|fullname=die Sclaven|gender=u|specialcase_entity=group)))
80640	ihren	0	(mention_id=9503|references=(entity=(entity_id=generic_3653|fullname=Sklaven allgemein|gender=u|specialcase_entity=generic)))	(mention_id=9418|references=(entity=(entity_id=139|fullname=die Sclaven|gender=u|specialcase_entity=group)))
80641	Herren	0	(mention_id=9504|references=(entity=(entity_id=generic_3566|fullname=Sklavenhalter allgemein|gender=u|specialcase_entity=generic)))	(mention_id=9419|references=(entity=(entity_id=113|fullname=die Herren|gender=u|specialcase_entity=group)))
80642	gegenüber	0		
80643	zu	0		
80644	sichern	0		
80645	.	0		
80646	Der	0		
80647	herrliche	0		
80648	Mann	0	(mention_id=9505|references=(entity=(entity_id=entity_0505|fullname=Mr. Livingstone|gender=m)))	(mention_id=9420|references=(entity=(entity_id=28|fullname=Livingstone|gender=m)))
80649	antwortete	0		
80650	lächelnd	0		
80651	:	0		
80652	Verzeihung	0		
80653	,	0		
80654	mein	0	(mention_id=9506|references=(entity=(entity_id=entity_0505|fullname=Mr. Livingstone|gender=m)))	(mention_id=9421|references=(entity=(entity_id=28|fullname=Livingstone|gender=m)))
80655	Herr	0	(mention_id=9507|references=(entity=(entity_id=entity_0001|fullname=Dr. Moorfeld|gender=m)))	(mention_id=9422|references=(entity=(entity_id=34|fullname=Moorfeld|gender=m)))
80656	,	0		
80657	man	0		
80658	tödtet	0		
80659	ein	0		
80660	nützliches	0		
80661	Hausthier	0	(mention_id=9508|references=(entity=(entity_id=generic_3654|fullname=Sklaven allgemein|gender=u|specialcase_entity=generic)|specialcase_reference=figurative))	
80662	nicht	0		
80663	leicht	0		
80664	.	0		
80665	Die	0		
80666	Todesstrafe	0		
80667	bestand	0		
80668	zwar	0		
80669	in	0		
80670	Louisiana	0		
80671	wie	0		
80672	sie	0		
80673	in	0		
80674	andern	0		
80675	Sclavenstaaten	0		
80676	noch	0		
80677	jetzt	0		
80678	besteht	0		
80679	;	0		
80680	aber	0		
80681	die	0		
80682	Praxis	0		
80683	bringt	0		
80684	sie	0		
80685	fast	0		
80686	gar	0		
80687	nicht	0		
80688	zur	0		
80689	Anwendung	0		
80690	gegen	0		
80691	den	0		
80692	Sclaven	0	(mention_id=9509|references=(entity=(entity_id=generic_3655|fullname=Sklaven allgemein|gender=u|specialcase_entity=generic)))	(mention_id=9423|references=(entity=(entity_id=generic_0028|fullname=der Sclave|gender=u|specialcase_entity=generic)))
80693	.	0		
80694	Das	0		
80695	Tribunal	0		
80696	findet	0		
80697	in	0		
80698	den	0		
80699	meisten	0		
80700	Fällen	0		
80701	eine	0		
80702	ausbeugende	0		
80703	Interpretation	0		
80704	des	0		
80705	tödtlichen	0		
80706	Paragraphen	0		
80707	.	0		
80708	Ein	0		
80709	Virginier	0	(mention_id=9510|references=(entity=(entity_id=entity_0504|fullname=General Morton|gender=m)))	(mention_id=9424|references=(entity=(entity_id=84|fullname=der Virginier|gender=m)))
80710	,	0		
80711	in	0		
80712	dessen	0	(mention_id=9511|references=(entity=(entity_id=entity_0504|fullname=General Morton|gender=m)))	(mention_id=9425|references=(entity=(entity_id=84|fullname=der Virginier|gender=m)))
80713	unmittelbarer	0		
80714	Nähe	0		
80715	die	0		
80716	Unterhaltung	0		
80717	gepflogen	0		
80718	wurde	0		
80719	,	0		
80720	wendete	0		
80721	sich	0	(mention_id=9512|references=(entity=(entity_id=entity_0504|fullname=General Morton|gender=m)))	(mention_id=9426|references=(entity=(entity_id=84|fullname=der Virginier|gender=m)))
80722	gegen	0		
80723	Moorfeld	0	(mention_id=9513|references=(entity=(entity_id=entity_0001|fullname=Dr. Moorfeld|gender=m)))	(mention_id=9427|references=(entity=(entity_id=34|fullname=Moorfeld|gender=m)))
80724	,	0		
80725	und	0		
80726	sagte	0		
80727	mit	0		
80728	würdevoller	0		
80729	Einfachheit	0		
80730	:	0		
80731	Ich	0	(mention_id=9514|references=(entity=(entity_id=entity_0504|fullname=General Morton|gender=m)))	(mention_id=9428|references=(entity=(entity_id=84|fullname=der Virginier|gender=m)))
80732	darf	0		
80733	mir	0	(mention_id=9515|references=(entity=(entity_id=entity_0504|fullname=General Morton|gender=m)))	(mention_id=9429|references=(entity=(entity_id=84|fullname=der Virginier|gender=m)))
80734	vielleicht	0		
80735	erlauben	0		
80736	hinzuzusetzen	0		
80737	,	0		
80738	wie	0		
80739	das	0		
80740	Loos	0		
80741	unserer	0	(mention_id=9516|references=(entity=(entity_id=entity_0504|fullname=General Morton|gender=m)),(entity=(entity_id=generic_3656|fullname=generic_0002|gender=u|specialcase_entity=generic)))	(mention_id=9430|references=(entity=(entity_id=149|fullname=die Virginier|gender=u|specialcase_entity=group)))
80742	Sclaven	0	(mention_id=9517|references=(entity=(entity_id=generic_3657|fullname=generic_0003|gender=u|specialcase_entity=generic)))	(mention_id=9431|references=(entity=(entity_id=140|fullname=die Sclaven der Virginier|gender=u|specialcase_entity=group)))
80743	überhaupt	0		
80744	ein	0		
80745	menschliches	0		
80746	,	0		
80747	und	0		
80748	besserer	0		
80749	Vorstellungen	0		
80750	würdiges	0		
80751	ist	0		
80752	,	0		
80753	als	0		
80754	unsre	0	(mention_id=9518|references=(entity=(entity_id=entity_0504|fullname=General Morton|gender=m)),(entity=(entity_id=generic_3658|fullname=generic_0004|gender=u|specialcase_entity=generic)))	(mention_id=9432|references=(entity=(entity_id=149|fullname=die Virginier|gender=u|specialcase_entity=group)))
80755	Gegner	0	(mention_id=9519|references=(entity=(entity_id=generic_3659|fullname=generic_0005|gender=u|specialcase_entity=generic)))	(mention_id=9433|references=(entity=(entity_id=105|fullname=die Gegner der Virginier|gender=u|specialcase_entity=group)))
80756	verbreiten	0		
80757	zu	0		
80758	können	0		
80759	das	0		
80760	traurige	0		
80761	Glück	0		
80762	haben	0		
80763	.	0		
80764	Es	0		
80765	entgeht	0		
80766	uns	0	(mention_id=9520|references=(entity=(entity_id=entity_0504|fullname=General Morton|gender=m)),(entity=(entity_id=generic_3660|fullname=generic_0006|gender=u|specialcase_entity=generic)))	(mention_id=9434|references=(entity=(entity_id=149|fullname=die Virginier|gender=u|specialcase_entity=group)))
80767	nämlich	0		
80768	an	0		
80769	diesem	0		
80770	Punkte	0		
80771	nicht	0		
80772	,	0		
80773	daß	0		
80774	die	0		
80775	öffentliche	0		
80776	Meinung	0		
80777	Europa's	0		
80778	über	0		
80779	die	0		
80780	Sclaverei	0		
80781	fast	0		
80782	allein	0		
80783	das	0		
80784	Product	0		
80785	des	0		
80786	Nordens	0	(mention_id=9521|references=(entity=(entity_id=generic_3661|fullname=generic_0007|gender=u|specialcase_entity=generic)))	
80787	ist	0		
80788	,	0		
80789	der	0	(mention_id=9522|references=(entity=(entity_id=generic_3662|fullname=generic_0008|gender=u|specialcase_entity=generic)))	
80790	seit	0		
80791	allen	0		
80792	Zeiten	0		
80793	durch	0		
80794	die	0		
80795	Literatur	0		
80796	,	0		
80797	durch	0		
80798	die	0		
80799	Einwanderung	0		
80800	,	0		
80801	durch	0		
80802	den	0		
80803	Fremdenbesuch	0		
80804	weit	0		
80805	aus	0		
80806	inniger	0		
80807	mit	0		
80808	der	0		
80809	alten	0		
80810	Welt	0		
80811	zusammenhing	0		
80812	,	0		
80813	als	0		
80814	wir	0	(mention_id=9523|references=(entity=(entity_id=entity_0504|fullname=General Morton|gender=m)),(entity=(entity_id=generic_3663|fullname=generic_0009|gender=u|specialcase_entity=generic)))	(mention_id=9435|references=(entity=(entity_id=145|fullname=die Südländer|gender=u|specialcase_entity=group)))
80815	Südländer	0	(mention_id=9524|references=(entity=(entity_id=generic_3664|fullname=generic_0010|gender=u|specialcase_entity=generic)),(entity=(entity_id=entity_0504|fullname=General Morton|gender=m)))	(mention_id=9436|references=(entity=(entity_id=145|fullname=die Südländer|gender=u|specialcase_entity=group)))
80816	.	0		
80817	In	0		
80818	Wahrheit	0		
80819	,	0		
80820	wir	0	(mention_id=9525|references=(entity=(entity_id=generic_3665|fullname=generic_0011|gender=u|specialcase_entity=generic)),(entity=(entity_id=entity_0504|fullname=General Morton|gender=m)))	(mention_id=9437|references=(entity=(entity_id=145|fullname=die Südländer|gender=u|specialcase_entity=group)))
80821	stehen	0		
80822	diesen	0		
80823	Einflüssen	0		
80824	gegenüber	0		
80825	eigentlich	0		
80826	unvertreten	0		
80827	in	0		
80828	Europa	0		
80829	da	0		
80830	.	0		
80831	Wir	0	(mention_id=9526|references=(entity=(entity_id=generic_3666|fullname=generic_0012|gender=u|specialcase_entity=generic)),(entity=(entity_id=entity_0504|fullname=General Morton|gender=m)))	(mention_id=9438|references=(entity=(entity_id=145|fullname=die Südländer|gender=u|specialcase_entity=group)))
80832	handeln	0		
80833	mit	0		
80834	Europa	0		
80835	nicht	0		
80836	wie	0		
80837	der	0		
80838	Norden	0	(mention_id=9527|references=(entity=(entity_id=generic_3667|fullname=generic_0013|gender=u|specialcase_entity=generic)))	
80839	,	0		
80840	unsre	0	(mention_id=9528|references=(entity=(entity_id=generic_3668|fullname=generic_0014|gender=u|specialcase_entity=generic)),(entity=(entity_id=entity_0504|fullname=General Morton|gender=m)))	(mention_id=9439|references=(entity=(entity_id=145|fullname=die Südländer|gender=u|specialcase_entity=group)))
80841	Zeitungen	0		
80842	gehen	0		
80843	nicht	0		
80844	dahin	0		
80845	,	0		
80846	Gäste	0	(mention_id=9529|references=(entity=(entity_id=generic_3669|fullname=generic_0015|gender=u|specialcase_entity=generic)))	(mention_id=9440|references=(entity=(entity_id=110|fullname=die Gäste|gender=u|specialcase_entity=group)))
80847	kommen	0		
80848	uns	0	(mention_id=9530|references=(entity=(entity_id=generic_3670|fullname=generic_0016|gender=u|specialcase_entity=generic)),(entity=(entity_id=entity_0504|fullname=General Morton|gender=m)))	(mention_id=9441|references=(entity=(entity_id=145|fullname=die Südländer|gender=u|specialcase_entity=group)))
80849	nicht	0		
80850	daher	0		
80851	,	0		
80852	oder	0		
80853	in	0		
80854	der	0		
80855	Regel	0		
80856	hat	0		
80857	doch	0		
80858	der	0		
80859	Reisende	0	(mention_id=9531|references=(entity=(entity_id=generic_3671|fullname=generic_0017|gender=u|specialcase_entity=generic)))	(mention_id=9442|references=(entity=(entity_id=generic_0029|fullname=der Reisende|gender=u|specialcase_entity=generic)))
80860	früher	0		
80861	den	0		
80862	Norden	0		
80863	besucht	0		
80864	,	0		
80865	und	0		
80866	betritt	0		
80867	den	0		
80868	Süden	0		
80869	mit	0		
80870	den	0		
80871	Inspirationen	0		
80872	unsrer	0	(mention_id=9532|references=(entity=(entity_id=generic_3672|fullname=generic_0018|gender=u|specialcase_entity=generic)),(entity=(entity_id=entity_0504|fullname=General Morton|gender=m)))	(mention_id=9443|references=(entity=(entity_id=145|fullname=die Südländer|gender=u|specialcase_entity=group)))
80873	glücklicheren	0		
80874	Brüder	0	(mention_id=9533|references=(entity=(entity_id=generic_3673|fullname=Nordländer|gender=u|specialcase_entity=generic)))	(mention_id=9444|references=(entity=(entity_id=93|fullname=die Brüder der Südländer|gender=u|specialcase_entity=group)))
80875	.	0		
80876	Vielleicht	0		
80877	halten	0		
80878	Sie	0	(mention_id=9534|references=(entity=(entity_id=entity_0001|fullname=Dr. Moorfeld|gender=m)))	(mention_id=9445|references=(entity=(entity_id=34|fullname=Moorfeld|gender=m)))
80879	es	0		
80880	unter	0		
80881	diesen	0		
80882	Prämissen	0		
80883	für	0		
80884	einen	0		
80885	verzeihlichen	0		
80886	Eigennutz	0		
80887	,	0		
80888	mein	0	(mention_id=9535|references=(entity=(entity_id=entity_0504|fullname=General Morton|gender=m)))	(mention_id=9446|references=(entity=(entity_id=84|fullname=der Virginier|gender=m)))
80889	Herr	0	(mention_id=9536|references=(entity=(entity_id=entity_0001|fullname=Dr. Moorfeld|gender=m)))	(mention_id=9447|references=(entity=(entity_id=34|fullname=Moorfeld|gender=m)))
80890	,	0		
80891	wenn	0		
80892	ich	0	(mention_id=9537|references=(entity=(entity_id=entity_0504|fullname=General Morton|gender=m)))	(mention_id=9448|references=(entity=(entity_id=84|fullname=der Virginier|gender=m)))
80893	Sie	0	(mention_id=9538|references=(entity=(entity_id=entity_0001|fullname=Dr. Moorfeld|gender=m)))	(mention_id=9449|references=(entity=(entity_id=34|fullname=Moorfeld|gender=m)))
80894	geradezu	0		
80895	einlade	0		
80896	,	0		
80897	von	0		
80898	virginischem	0		
80899	Gastrecht	0		
80900	nach	0		
80901	Ihrer	0	(mention_id=9539|references=(entity=(entity_id=entity_0001|fullname=Dr. Moorfeld|gender=m)))	(mention_id=9450|references=(entity=(entity_id=34|fullname=Moorfeld|gender=m)))
80902	Möglichkeit	0		
80903	Gebrauch	0		
80904	zu	0		
80905	machen	0		
80906	.	0		
80907	—	0		
80908	Der	0		
80909	Pflanzer	0	(mention_id=9540|references=(entity=(entity_id=entity_0504|fullname=General Morton|gender=m)))	(mention_id=9451|references=(entity=(entity_id=84|fullname=der Virginier|gender=m)))
80910	nannte	0		
80911	County	0		(mention_id=9452|references=(entity=(entity_id=84|fullname=der Virginier|gender=m)))
80912	und	0		
80913	Hof	0		(mention_id=9453|references=(entity=(entity_id=84|fullname=der Virginier|gender=m)))
80914	nebst	0		
80915	seinem	0	(mention_id=9541|references=(entity=(entity_id=entity_0504|fullname=General Morton|gender=m)))	(mention_id=9454|references=(entity=(entity_id=84|fullname=der Virginier|gender=m)))
80916	Namen	0		
80917	—	0		
80918	es	0		
80919	war	0		
80920	der	0		
80921	altaristokratische	0		
80922	der	0		
80923	Mortons	0	(mention_id=9542|references=(entity=(entity_id=entity_0542|fullname=Familie Morton|gender=mf|members=entity_0504|all_members_given=False|specialcase_entity=group)))	(mention_id=9455|references=(entity=(entity_id=126|fullname=die Mortons|gender=u|specialcase_entity=group)))
80924	—	0		
80925	und	0		
80926	Moorfeld	0	(mention_id=9543|references=(entity=(entity_id=entity_0001|fullname=Dr. Moorfeld|gender=m)))	(mention_id=9456|references=(entity=(entity_id=34|fullname=Moorfeld|gender=m)))
80927	glaubte	0		
80928	nur	0		
80929	mit	0		
80930	der	0		
80931	Mittheilung	0		
80932	seines	0	(mention_id=9544|references=(entity=(entity_id=entity_0001|fullname=Dr. Moorfeld|gender=m)))	(mention_id=9457|references=(entity=(entity_id=34|fullname=Moorfeld|gender=m)))
80933	unaufschiebbaren	0		
80934	Vorhabens	0		
80935	die	0		
80936	edle	0		
80937	Zuvorkommenheit	0		
80938	dieses	0		
80939	Anerbietens	0		
80940	ablehnen	0		
80941	zu	0		
80942	dürfen	0		
80943	.	0		
80944	Doch	0		
80945	setzte	0		
80946	er	0	(mention_id=9545|references=(entity=(entity_id=entity_0001|fullname=Dr. Moorfeld|gender=m)))	(mention_id=9458|references=(entity=(entity_id=34|fullname=Moorfeld|gender=m)))
80947	mit	0		
80948	der	0		
80949	Festigkeit	0		
80950	,	0		
80951	womit	0		
80952	er	0	(mention_id=9546|references=(entity=(entity_id=entity_0001|fullname=Dr. Moorfeld|gender=m)))	(mention_id=9459|references=(entity=(entity_id=34|fullname=Moorfeld|gender=m)))
80953	seinen	0	(mention_id=9547|references=(entity=(entity_id=entity_0001|fullname=Dr. Moorfeld|gender=m)))	(mention_id=9460|references=(entity=(entity_id=34|fullname=Moorfeld|gender=m)))
80954	innern	0		
80955	Widerspruch	0		
80956	bisher	0		
80957	nie	0		
80958	unter	0		
80959	ein	0		
80960	äußeres	0		
80961	Schweigen	0		
80962	gebeugt	0		
80963	,	0		
80964	offen	0		
80965	hinzu	0		
80966	,	0		
80967	daß	0		
80968	auch	0		
80969	das	0		
80970	liberalste	0		
80971	Gastrecht	0		
80972	mit	0		
80973	dem	0		
80974	illiberalsten	0		
80975	aller	0		
80976	Prinzipien	0		
80977	ihn	0	(mention_id=9548|references=(entity=(entity_id=entity_0001|fullname=Dr. Moorfeld|gender=m)))	(mention_id=9461|references=(entity=(entity_id=34|fullname=Moorfeld|gender=m)))
80978	nicht	0		
80979	aussöhnen	0		
80980	würde	0		
80981	.	0		
80982	Der	0		
80983	Virginer	0	(mention_id=9549|references=(entity=(entity_id=entity_0504|fullname=General Morton|gender=m)))	(mention_id=9462|references=(entity=(entity_id=84|fullname=der Virginier|gender=m)))
80984	schüttelte	0		
80985	leise	0		
80986	das	0		
80987	Haupt	0		
80988	und	0		
80989	antwortete	0		
80990	mild	0		
80991	lächelnd	0		
80992	,	0		
80993	als	0		
80994	ob	0		
80995	von	0		
80996	den	0		
80997	angenehmsten	0		
80998	Dingen	0		
80999	der	0		
81000	Welt	0		
81001	die	0		
81002	Rede	0		
81003	wäre	0		
81004	:	0		
81005	Ich	0	(mention_id=9550|references=(entity=(entity_id=entity_0504|fullname=General Morton|gender=m)))	(mention_id=9463|references=(entity=(entity_id=84|fullname=der Virginier|gender=m)))
81006	zweifle	0		
81007	,	0		
81008	mein	0	(mention_id=9551|references=(entity=(entity_id=entity_0504|fullname=General Morton|gender=m)))	(mention_id=9464|references=(entity=(entity_id=84|fullname=der Virginier|gender=m)))
81009	Herr	0	(mention_id=9552|references=(entity=(entity_id=entity_0001|fullname=Dr. Moorfeld|gender=m)))	(mention_id=9465|references=(entity=(entity_id=34|fullname=Moorfeld|gender=m)))
81010	,	0		
81011	daß	0		
81012	Sie	0	(mention_id=9553|references=(entity=(entity_id=entity_0001|fullname=Dr. Moorfeld|gender=m)))	(mention_id=9466|references=(entity=(entity_id=34|fullname=Moorfeld|gender=m)))
81013	Ihr	0	(mention_id=9554|references=(entity=(entity_id=entity_0001|fullname=Dr. Moorfeld|gender=m)))	(mention_id=9467|references=(entity=(entity_id=34|fullname=Moorfeld|gender=m)))
81014	Herz	0		
81015	dem	0		
81016	Zauber	0		
81017	dieses	0		
81018	illiberalen	0		
81019	Prinzips	0		
81020	verschließen	0		
81021	würden	0		
81022	.	0		
81023	Sie	0	(mention_id=9555|references=(entity=(entity_id=entity_0001|fullname=Dr. Moorfeld|gender=m)))	(mention_id=9468|references=(entity=(entity_id=34|fullname=Moorfeld|gender=m)))
81024	würden	0		
81025	unsre	0	(mention_id=9556|references=(entity=(entity_id=entity_0504|fullname=General Morton|gender=m)),(entity=(entity_id=generic_3674|fullname=generic_0019|gender=u|specialcase_entity=generic)))	(mention_id=9469|references=(entity=(entity_id=149|fullname=die Virginier|gender=u|specialcase_entity=group)))
81026	Neger	0	(mention_id=9557|references=(entity=(entity_id=generic_3675|fullname=generic_0020|gender=u|specialcase_entity=generic)))	(mention_id=9470|references=(entity=(entity_id=128|fullname=die Neger der Virginier|gender=u|specialcase_entity=group)))
81027	wohnen	0		
81028	sehen	0		
81029	in	0		
81030	gesunden	0		
81031	und	0		
81032	freundlichen	0		
81033	Hütten	0		
81034	,	0		
81035	gekleidet	0		
81036	nach	0		
81037	Bedürfniß	0		
81038	,	0		
81039	genährt	0		
81040	mit	0		
81041	Freigebigkeit	0		
81042	,	0		
81043	wie	0		
81044	ihre	0	(mention_id=9558|references=(entity=(entity_id=generic_3676|fullname=generic_0021|gender=u|specialcase_entity=generic)))	(mention_id=9471|references=(entity=(entity_id=128|fullname=die Neger der Virginier|gender=u|specialcase_entity=group)))
81045	vollen	0		
81046	und	0		
81047	kräftigen	0		
81048	Glieder	0		
81049	bewiesen	0		
81050	.	0		
81051	Sie	0	(mention_id=9559|references=(entity=(entity_id=entity_0001|fullname=Dr. Moorfeld|gender=m)))	(mention_id=9472|references=(entity=(entity_id=34|fullname=Moorfeld|gender=m)))
81052	würden	0		
81053	sehen	0		
81054	ein	0		
81055	Volk	0	(mention_id=9560|references=(entity=(entity_id=generic_3677|fullname=generic_0022|gender=u|specialcase_entity=generic)))	(mention_id=9473|references=(entity=(entity_id=128|fullname=die Neger der Virginier|gender=u|specialcase_entity=group)))
81056	von	0		
81057	zufriedenen	0		
81058	Familien	0		(mention_id=9474|references=(entity=(entity_id=128|fullname=die Neger der Virginier|gender=u|specialcase_entity=group)))
81059	,	0		
81060	das	0	(mention_id=9561|references=(entity=(entity_id=generic_3678|fullname=generic_0023|gender=u|specialcase_entity=generic)))	(mention_id=9475|references=(entity=(entity_id=128|fullname=die Neger der Virginier|gender=u|specialcase_entity=group)))
81061	sein	0	(mention_id=9562|references=(entity=(entity_id=generic_3679|fullname=generic_0024|gender=u|specialcase_entity=generic)))	(mention_id=9476|references=(entity=(entity_id=128|fullname=die Neger der Virginier|gender=u|specialcase_entity=group)))
81062	Leben	0		
81063	zwischen	0		
81064	zweckmäßiger	0		
81065	Thätigkeit	0		
81066	und	0		
81067	freier	0		
81068	Erholung	0		
81069	so	0		
81070	nützlich-angenehm	0		
81071	hinbringt	0		
81072	,	0		
81073	wie	0		
81074	wir	0	(mention_id=9563|references=(entity=(entity_id=entity_0504|fullname=General Morton|gender=m)),(entity=(entity_id=generic_3680|fullname=generic_0025|gender=u|specialcase_entity=generic)))	(mention_id=9477|references=(entity=(entity_id=149|fullname=die Virginier|gender=u|specialcase_entity=group)))
81075	nur	0		
81076	immer	0		
81077	menschliche	0		
81078	Zustände	0		
81079	,	0		
81080	wenn	0		
81081	nicht	0		
81082	im	0		
81083	goldenen	0		
81084	Zeitalter	0		
81085	,	0		
81086	welches	0		
81087	absoluter	0		
81088	Müssiggang	0		
81089	gewesen	0		
81090	sein	0		
81091	soll	0		
81092	,	0		
81093	doch	0		
81094	im	0		
81095	silbernen	0		
81096	,	0		
81097	will	0		
81098	ich	0	(mention_id=9564|references=(entity=(entity_id=entity_0504|fullname=General Morton|gender=m)))	(mention_id=9478|references=(entity=(entity_id=84|fullname=der Virginier|gender=m)))
81099	sagen	0		
81100	,	0		
81101	uns	0	(mention_id=9565|references=(entity=(entity_id=entity_0504|fullname=General Morton|gender=m)),(entity=(entity_id=generic_3681|fullname=generic_0026|gender=u|specialcase_entity=generic)))	(mention_id=9479|references=(entity=(entity_id=149|fullname=die Virginier|gender=u|specialcase_entity=group)))
81102	dichterisch	0		
81103	ausmalen	0		
81104	mögen	0		
81105	.	0		
81106	Sie	0	(mention_id=9566|references=(entity=(entity_id=entity_0001|fullname=Dr. Moorfeld|gender=m)))	(mention_id=9480|references=(entity=(entity_id=34|fullname=Moorfeld|gender=m)))
81107	würden	0		
81108	bei	0		
81109	ihnen	0	(mention_id=9567|references=(entity=(entity_id=generic_3682|fullname=generic_0027|gender=u|specialcase_entity=generic)))	(mention_id=9481|references=(entity=(entity_id=128|fullname=die Neger der Virginier|gender=u|specialcase_entity=group)))
81110	Arbeit	0		
81111	mit	0		
81112	Gesang	0		
81113	,	0		
81114	Fleiß	0		
81115	mit	0		
81116	Muße	0		
81117	,	0		
81118	Anstrengung	0		
81119	mit	0		
81120	Genuß	0		
81121	,	0		
81122	die	0		
81123	ernste	0		
81124	Handlung	0		
81125	ihres	0	(mention_id=9568|references=(entity=(entity_id=generic_3683|fullname=generic_0028|gender=u|specialcase_entity=generic)))	(mention_id=9482|references=(entity=(entity_id=128|fullname=die Neger der Virginier|gender=u|specialcase_entity=group)))
81126	Lebens	0		
81127	mit	0		
81128	der	0		
81129	scherzhaften	0		
81130	ihrer	0	(mention_id=9569|references=(entity=(entity_id=generic_3684|fullname=generic_0029|gender=u|specialcase_entity=generic)))	(mention_id=9483|references=(entity=(entity_id=128|fullname=die Neger der Virginier|gender=u|specialcase_entity=group)))
81131	Volks-Comödien	0		
81132	naturgemäß	0		
81133	wechseln	0		
81134	sehen	0		
81135	.	0		
81136	Sie	0	(mention_id=9570|references=(entity=(entity_id=entity_0001|fullname=Dr. Moorfeld|gender=m)))	(mention_id=9484|references=(entity=(entity_id=34|fullname=Moorfeld|gender=m)))
81137	würden	0		
81138	überall	0		
81139	die	0		
81140	wünschenswertheste	0		
81141	Herrschaft	0		
81142	der	0		
81143	Vernunft	0		
81144	erblicken	0		
81145	.	0		
81146	In	0		
81147	der	0		
81148	That	0		
81149	,	0		
81150	die	0		
81151	Vernunft	0		
81152	des	0		
81153	Negers	0	(mention_id=9571|references=(entity=(entity_id=generic_3685|fullname=generic_0030|gender=u|specialcase_entity=generic)))	(mention_id=9485|references=(entity=(entity_id=generic_0030|fullname=der Neger im Allgemeinen|gender=u|specialcase_entity=generic)))
81154	ist	0		
81155	sein	0	(mention_id=9572|references=(entity=(entity_id=generic_3686|fullname=generic_0031|gender=u|specialcase_entity=generic)))	(mention_id=9486|references=(entity=(entity_id=generic_0031|fullname=der Neger im Allgemeinen|gender=u|specialcase_entity=generic)))
81156	Herr	0	(mention_id=9573|references=(entity=(entity_id=generic_3687|fullname=generic_0032|gender=u|specialcase_entity=generic)|specialcase_reference=figurative))	(mention_id=9487|references=(entity=(entity_id=generic_0035|fullname=der Herr des Negers im Allgemeinen|gender=u|specialcase_entity=generic)))
81157	.	0		
81158	Sie	0	(mention_id=9574|references=(entity=(entity_id=generic_3688|fullname=generic_0033|gender=u|specialcase_entity=generic)|specialcase_reference=figurative))	(mention_id=9488|references=(entity=(entity_id=147|fullname=die Vernunft|gender=u|specialcase_entity=nonfact)))
81159	steht	0		
81160	verkörpert	0		
81161	außer	0		
81162	ihm	0	(mention_id=9575|references=(entity=(entity_id=generic_3689|fullname=generic_0034|gender=u|specialcase_entity=generic)))	(mention_id=9489|references=(entity=(entity_id=generic_0032|fullname=der Neger im Allgemeinen|gender=u|specialcase_entity=generic)))
81163	,	0		
81164	und	0		
81165	das	0		
81166	ist	0		
81167	das	0		
81168	Ganze	0		
81169	des	0		
81170	Unterschieds	0		
81171	zwischen	0		
81172	Freien	0	(mention_id=9576|references=(entity=(entity_id=generic_3690|fullname=generic_0035|gender=u|specialcase_entity=generic)))	(mention_id=9490|references=(entity=(entity_id=generic_0036|fullname=die Freien im Allgemeinen|gender=u|specialcase_entity=generic)))
81173	und	0		
81174	Sclaven	0	(mention_id=9577|references=(entity=(entity_id=generic_3691|fullname=generic_0036|gender=u|specialcase_entity=generic)))	(mention_id=9491|references=(entity=(entity_id=generic_0037|fullname=die Sclaven im Allgemeinen|gender=u|specialcase_entity=generic)))
81175	.	0		
81176	Wie	0		
81177	der	0		
81178	Dichter	0	(mention_id=9578|references=(entity=(entity_id=generic_3692|fullname=generic_0037|gender=u|specialcase_entity=generic)))	(mention_id=9492|references=(entity=(entity_id=generic_0045|fullname=der Dichter im Allgemeinen|gender=u|specialcase_entity=generic)))
81179	mit	0		
81180	der	0		
81181	glücklichen	0		
81182	Kunst	0		
81183	des	0		
81184	Contrastes	0		
81185	das	0		
81186	empfindende	0		
81187	und	0		
81188	das	0		
81189	denkende	0		
81190	Wesen	0		(mention_id=9493|references=(entity=(entity_id=generic_0046|fullname=das empfindende und denkende Wesen im Allgemeinen|gender=u|specialcase_entity=generic)))
81191	in	0		
81192	uns	0	(mention_id=9579|references=(entity=(entity_id=entity_0504|fullname=General Morton|gender=m)),(entity=(entity_id=generic_3693|fullname=generic_0038|gender=u|specialcase_entity=generic)))	(mention_id=9494|references=(entity=(entity_id=149|fullname=die Virginier|gender=u|specialcase_entity=group)))
81193	oft	0		
81194	in	0		
81195	zwei	0		
81196	getrennten	0		
81197	Per	0		
81198	sonificationen	0		
81199	darstellt	0		
81200	—	0		
81201	Ihr	0	(mention_id=9580|references=(entity=(entity_id=entity_0001|fullname=Dr. Moorfeld|gender=m)))	(mention_id=9495|references=(entity=(entity_id=34|fullname=Moorfeld|gender=m)))
81202	Goethe	0	(mention_id=9581|references=(entity=(entity_id=entity_0406|fullname=Goethe|gender=m)))	(mention_id=9496|references=(entity=(entity_id=18|fullname=Goethe|gender=m)))
81203	liebte	0		
81204	das	0		
81205	—	0		
81206	so	0		
81207	stellen	0		
81208	wir	0	(mention_id=9582|references=(entity=(entity_id=entity_0504|fullname=General Morton|gender=m)),(entity=(entity_id=generic_3694|fullname=generic_0039|gender=u|specialcase_entity=generic)))	(mention_id=9497|references=(entity=(entity_id=149|fullname=die Virginier|gender=u|specialcase_entity=group)))
81209	den	0		
81210	Carlos	0	(mention_id=9583|references=(entity=(entity_id=entity_0504|fullname=General Morton|gender=m)|specialcase_reference=figurative),(entity=(entity_id=generic_3695|fullname=generic_0040|gender=u|specialcase_entity=generic)|specialcase_reference=figurative))	(mention_id=9498|references=(entity=(entity_id=7|fullname=Carlos|gender=m)))
81211	,	0		
81212	den	0		
81213	Antonio	0	(mention_id=9584|references=(entity=(entity_id=entity_0504|fullname=General Morton|gender=m)|specialcase_reference=figurative),(entity=(entity_id=generic_3696|fullname=generic_0041|gender=u|specialcase_entity=generic)|specialcase_reference=figurative))	(mention_id=9499|references=(entity=(entity_id=3|fullname=Antonio|gender=m)))
81214	,	0		
81215	den	0		
81216	Mephisto	0	(mention_id=9585|references=(entity=(entity_id=entity_0504|fullname=General Morton|gender=m)|specialcase_reference=figurative),(entity=(entity_id=generic_3697|fullname=generic_0042|gender=u|specialcase_entity=generic)|specialcase_reference=figurative))	(mention_id=9500|references=(entity=(entity_id=32|fullname=Mephisto|gender=m)))
81217	,	0		
81218	wenn	0		
81219	Sie	0	(mention_id=9586|references=(entity=(entity_id=entity_0001|fullname=Dr. Moorfeld|gender=m)))	(mention_id=9501|references=(entity=(entity_id=34|fullname=Moorfeld|gender=m)))
81220	wollen	0		
81221	,	0		
81222	und	0		
81223	unsre	0	(mention_id=9587|references=(entity=(entity_id=entity_0504|fullname=General Morton|gender=m)),(entity=(entity_id=generic_3698|fullname=generic_0043|gender=u|specialcase_entity=generic)))	(mention_id=9502|references=(entity=(entity_id=149|fullname=die Virginier|gender=u|specialcase_entity=group)))
81224	Sclaven	0	(mention_id=9588|references=(entity=(entity_id=generic_3699|fullname=generic_0044|gender=u|specialcase_entity=generic)))	(mention_id=9503|references=(entity=(entity_id=128|fullname=die Neger der Virginier|gender=u|specialcase_entity=group)))
81225	das	0		
81226	instinktivere	0		
81227	Wesen	0		(mention_id=9504|references=(entity=(entity_id=generic_0047|fullname=das instinktivere Wesen im Allgemeinen|gender=u|specialcase_entity=generic)))
81228	des	0		
81229	Clavigo	0	(mention_id=9589|references=(entity=(entity_id=generic_3700|fullname=generic_0045|gender=u|specialcase_entity=generic)|specialcase_reference=figurative))	(mention_id=9505|references=(entity=(entity_id=11|fullname=Clavigo|gender=m)))
81230	,	0		
81231	des	0		
81232	Tasso	0	(mention_id=9590|references=(entity=(entity_id=generic_3701|fullname=generic_0046|gender=u|specialcase_entity=generic)|specialcase_reference=figurative))	(mention_id=9506|references=(entity=(entity_id=45|fullname=Tasso|gender=m)))
81233	,	0		
81234	des	0		
81235	Faust	0	(mention_id=9591|references=(entity=(entity_id=generic_3702|fullname=generic_0047|gender=u|specialcase_entity=generic)|specialcase_reference=figurative))	(mention_id=9507|references=(entity=(entity_id=15|fullname=Faust|gender=m)))
81236	dar	0		
81237	.	0		
81238	Aber	0		
81239	nicht	0		
81240	die	0		
81241	Vernunft	0		
81242	allein	0		
81243	,	0		
81244	auch	0		
81245	die	0		
81246	Liebe	0		
81247	lassen	0		
81248	wir	0	(mention_id=9592|references=(entity=(entity_id=entity_0504|fullname=General Morton|gender=m)),(entity=(entity_id=generic_3703|fullname=generic_0048|gender=u|specialcase_entity=generic)))	(mention_id=9508|references=(entity=(entity_id=149|fullname=die Virginier|gender=u|specialcase_entity=group)))
81249	ihr	0		
81250	göttliches	0		
81251	Amt	0		
81252	erfüllen	0		
81253	in	0		
81254	unsrer	0	(mention_id=9593|references=(entity=(entity_id=entity_0504|fullname=General Morton|gender=m)),(entity=(entity_id=generic_3704|fullname=generic_0049|gender=u|specialcase_entity=generic)))	(mention_id=9509|references=(entity=(entity_id=149|fullname=die Virginier|gender=u|specialcase_entity=group)))
81255	Obergewalt	0		
81256	über	0		
81257	den	0		
81258	schwarzen	0		
81259	Bruder	0	(mention_id=9594|references=(entity=(entity_id=generic_3705|fullname=generic_0050|gender=u|specialcase_entity=generic)))	(mention_id=9510|references=(entity=(entity_id=generic_0048|fullname=der schwarze Bruder|gender=u|specialcase_entity=generic)))
81260	.	0		
81261	Wir	0	(mention_id=9595|references=(entity=(entity_id=entity_0504|fullname=General Morton|gender=m)),(entity=(entity_id=generic_3706|fullname=generic_0051|gender=u|specialcase_entity=generic)))	(mention_id=9511|references=(entity=(entity_id=149|fullname=die Virginier|gender=u|specialcase_entity=group)))
81262	betrachten	0		
81263	unsre	0	(mention_id=9596|references=(entity=(entity_id=entity_0504|fullname=General Morton|gender=m)),(entity=(entity_id=generic_3707|fullname=generic_0052|gender=u|specialcase_entity=generic)))	(mention_id=9512|references=(entity=(entity_id=149|fullname=die Virginier|gender=u|specialcase_entity=group)))
81264	Neger	0	(mention_id=9597|references=(entity=(entity_id=generic_3708|fullname=generic_0053|gender=u|specialcase_entity=generic)))	(mention_id=9513|references=(entity=(entity_id=128|fullname=die Neger der Virginier|gender=u|specialcase_entity=group)))
81265	als	0		
81266	Glieder	0	(mention_id=9598|references=(entity=(entity_id=generic_3709|fullname=generic_0054|gender=u|specialcase_entity=generic)))	(mention_id=9514|references=(entity=(entity_id=128|fullname=die Neger der Virginier|gender=u|specialcase_entity=group)))
81267	unsrer	0	(mention_id=9599|references=(entity=(entity_id=entity_0504|fullname=General Morton|gender=m)),(entity=(entity_id=generic_3710|fullname=generic_0055|gender=u|specialcase_entity=generic)))	(mention_id=9515|references=(entity=(entity_id=149|fullname=die Virginier|gender=u|specialcase_entity=group)))
81268	Familie	0	(mention_id=9600|references=(entity=(entity_id=generic_3711|fullname=generic_0056|gender=u|specialcase_entity=generic)))	(mention_id=9516|references=(entity=(entity_id=100|fullname=die Familie der Virginier|gender=u|specialcase_entity=group)))
81269	;	0		
81270	ihre	0	(mention_id=9601|references=(entity=(entity_id=generic_3712|fullname=generic_0057|gender=u|specialcase_entity=generic)))	(mention_id=9517|references=(entity=(entity_id=128|fullname=die Neger der Virginier|gender=u|specialcase_entity=group)))
81271	Kinder	0	(mention_id=9602|references=(entity=(entity_id=generic_3713|fullname=generic_0058|gender=u|specialcase_entity=generic)))	(mention_id=9518|references=(entity=(entity_id=118|fullname=die Kinder der Neger der Virginier|gender=u|specialcase_entity=group)))
81272	sind	0		
81273	die	0		
81274	Gespielen	0	(mention_id=9603|references=(entity=(entity_id=generic_3714|fullname=generic_0059|gender=u|specialcase_entity=generic)))	(mention_id=9519|references=(entity=(entity_id=119|fullname=die Kinder der Virginier|gender=u|specialcase_entity=group)))
81275	unsrer	0	(mention_id=9604|references=(entity=(entity_id=entity_0504|fullname=General Morton|gender=m)),(entity=(entity_id=generic_3715|fullname=generic_0060|gender=u|specialcase_entity=generic)))	(mention_id=9520|references=(entity=(entity_id=149|fullname=die Virginier|gender=u|specialcase_entity=group)))
81276	Kinder	0	(mention_id=9605|references=(entity=(entity_id=generic_3716|fullname=generic_0061|gender=u|specialcase_entity=generic)))	(mention_id=9521|references=(entity=(entity_id=119|fullname=die Kinder der Virginier|gender=u|specialcase_entity=group)))
81277	,	0		
81278	wir	0	(mention_id=9606|references=(entity=(entity_id=entity_0504|fullname=General Morton|gender=m)),(entity=(entity_id=generic_3717|fullname=generic_0062|gender=u|specialcase_entity=generic)),(entity=(entity_id=generic_3718|fullname=generic_0063|gender=u|specialcase_entity=generic)))	(mention_id=9522|references=(entity=(entity_id=149|fullname=die Virginier|gender=u|specialcase_entity=group)))
81279	nehmen	0		
81280	wechselseitigen	0		
81281	Antheil	0		
81282	an	0		
81283	den	0		
81284	freudigen	0		
81285	und	0		
81286	traurigen	0		
81287	Ereignissen	0		
81288	,	0		
81289	womit	0		
81290	das	0		
81291	Schicksal	0		
81292	in	0		
81293	der	0		
81294	Colonnade	0		
81295	des	0		
81296	Herrn	0	(mention_id=9607|references=(entity=(entity_id=generic_3719|fullname=generic_0064|gender=u|specialcase_entity=generic)),(entity=(entity_id=entity_0504|fullname=General Morton|gender=m)))	(mention_id=9523|references=(entity=(entity_id=generic_0049|fullname=der Herr im Allgemeinen|gender=u|specialcase_entity=generic)))
81297	wie	0		
81298	in	0		
81299	dem	0		
81300	log	0		
81301	cabin	0		
81302	des	0		
81303	Sclaven	0	(mention_id=9608|references=(entity=(entity_id=generic_3720|fullname=generic_0065|gender=u|specialcase_entity=generic)))	(mention_id=9524|references=(entity=(entity_id=generic_0060|fullname=der Sclave im Allgemeinen|gender=u|specialcase_entity=generic)))
81304	einkehrt	0		
81305	.	0		
81306	Wir	0	(mention_id=9609|references=(entity=(entity_id=entity_0504|fullname=General Morton|gender=m)),(entity=(entity_id=generic_3721|fullname=generic_0066|gender=u|specialcase_entity=generic)))	(mention_id=9525|references=(entity=(entity_id=149|fullname=die Virginier|gender=u|specialcase_entity=group)))
81307	haben	0		
81308	unsern	0	(mention_id=9610|references=(entity=(entity_id=entity_0504|fullname=General Morton|gender=m)),(entity=(entity_id=generic_3722|fullname=generic_0067|gender=u|specialcase_entity=generic)))	(mention_id=9526|references=(entity=(entity_id=149|fullname=die Virginier|gender=u|specialcase_entity=group)))
81309	Negern	0	(mention_id=9611|references=(entity=(entity_id=generic_3723|fullname=generic_0068|gender=u|specialcase_entity=generic)))	(mention_id=9527|references=(entity=(entity_id=128|fullname=die Neger der Virginier|gender=u|specialcase_entity=group)))
81310	Schulen	0		
81311	errichtet	0		
81312	,	0		
81313	Spitäler	0		
81314	und	0		
81315	Versorgungshäuser	0		
81316	,	0		
81317	wir	0	(mention_id=9612|references=(entity=(entity_id=entity_0504|fullname=General Morton|gender=m)),(entity=(entity_id=generic_3724|fullname=generic_0069|gender=u|specialcase_entity=generic)))	(mention_id=9528|references=(entity=(entity_id=149|fullname=die Virginier|gender=u|specialcase_entity=group)))
81318	unterrichten	0		
81319	sie	0	(mention_id=9613|references=(entity=(entity_id=generic_3725|fullname=generic_0070|gender=u|specialcase_entity=generic)))	(mention_id=9529|references=(entity=(entity_id=128|fullname=die Neger der Virginier|gender=u|specialcase_entity=group)))
81320	im	0		
81321	Christenthume	0		
81322	.	0		
81323	Kurz	0		
81324	,	0		
81325	Sie	0	(mention_id=9614|references=(entity=(entity_id=entity_0001|fullname=Dr. Moorfeld|gender=m)))	(mention_id=9530|references=(entity=(entity_id=34|fullname=Moorfeld|gender=m)))
81326	erblickten	0		
81327	in	0		
81328	unsern	0	(mention_id=9615|references=(entity=(entity_id=entity_0504|fullname=General Morton|gender=m)),(entity=(entity_id=generic_3726|fullname=generic_0071|gender=u|specialcase_entity=generic)))	(mention_id=9531|references=(entity=(entity_id=149|fullname=die Virginier|gender=u|specialcase_entity=group)))
81329	Sclaven	0	(mention_id=9616|references=(entity=(entity_id=generic_3727|fullname=generic_0072|gender=u|specialcase_entity=generic)))	(mention_id=9532|references=(entity=(entity_id=128|fullname=die Neger der Virginier|gender=u|specialcase_entity=group)))
81330	einen	0		
81331	glücklichen	0		
81332	und	0		
81333	zufriedenen	0		
81334	Bauernstand	0	(mention_id=9617|references=(entity=(entity_id=generic_3728|fullname=generic_0073|gender=u|specialcase_entity=generic)))	
81335	,	0		
81336	und	0		
81337	würden	0		
81338	lächelnd	0		
81339	inne	0		
81340	,	0		
81341	wie	0		
81342	seltsam-kindisch	0		
81343	das	0		
81344	Spiel	0		
81345	ist	0		
81346	,	0		
81347	das	0		
81348	die	0		
81349	Menschen	0	(mention_id=9618|references=(entity=(entity_id=generic_3729|fullname=generic_0074|gender=u|specialcase_entity=generic)))	(mention_id=9533|references=(entity=(entity_id=generic_0002|fullname=Menschen im Allgemeinen|gender=u|specialcase_entity=generic)))
81350	mit	0		
81351	Worten	0		
81352	treiben	0		
81353	.	0		
81354	Was	0		
81355	noch	0		
81356	von	0		
81357	Resten	0		
81358	alter	0		
81359	,	0		
81360	romantischer	0		
81361	Schauer	0		
81362	in	0		
81363	Ihnen	0	(mention_id=9619|references=(entity=(entity_id=entity_0001|fullname=Dr. Moorfeld|gender=m)))	(mention_id=9534|references=(entity=(entity_id=34|fullname=Moorfeld|gender=m)))
81364	zurückbliebe	0		
81365	,	0		
81366	verschwände	0		
81367	vollends	0		
81368	,	0		
81369	wenn	0		
81370	Sie	0	(mention_id=9620|references=(entity=(entity_id=entity_0001|fullname=Dr. Moorfeld|gender=m)))	(mention_id=9535|references=(entity=(entity_id=34|fullname=Moorfeld|gender=m)))
81371	,	0		
81372	da	0		
81373	ich	0	(mention_id=9621|references=(entity=(entity_id=entity_0504|fullname=General Morton|gender=m)))	(mention_id=9536|references=(entity=(entity_id=84|fullname=der Virginier|gender=m)))
81374	jetzt	0		
81375	nur	0		
81376	von	0		
81377	der	0		
81378	schwarzen	0		
81379	Race	0	(mention_id=9622|references=(entity=(entity_id=generic_3730|fullname=generic_0075|gender=u|specialcase_entity=generic)),(entity=(entity_id=entity_0504|fullname=General Morton|gender=m)))	
81380	sprach	0		
81381	,	0		
81382	Ihren	0	(mention_id=9623|references=(entity=(entity_id=entity_0001|fullname=Dr. Moorfeld|gender=m)))	(mention_id=9537|references=(entity=(entity_id=34|fullname=Moorfeld|gender=m)))
81383	Blick	0		
81384	auf	0		
81385	die	0		
81386	weiße	0		
81387	Race	0	(mention_id=9624|references=(entity=(entity_id=generic_3731|fullname=generic_0076|gender=u|specialcase_entity=generic)),(entity=(entity_id=entity_0504|fullname=General Morton|gender=m)))	
81388	eines	0		
81389	Sclavenstaates	0		
81390	richteten	0		
81391	.	0		
81392	Bei	0		
81393	uns	0	(mention_id=9625|references=(entity=(entity_id=entity_0504|fullname=General Morton|gender=m)),(entity=(entity_id=generic_3732|fullname=generic_0077|gender=u|specialcase_entity=generic)))	(mention_id=9538|references=(entity=(entity_id=149|fullname=die Virginier|gender=u|specialcase_entity=group)))
81394	erfüllt	0		
81395	die	0		
81396	weiße	0		
81397	Race	0	(mention_id=9626|references=(entity=(entity_id=generic_3733|fullname=generic_0078|gender=u|specialcase_entity=generic)),(entity=(entity_id=entity_0504|fullname=General Morton|gender=m)))	
81398	den	0		
81399	Sinn	0		
81400	des	0		
81401	allgemeinen	0		
81402	Gesetzes	0		
81403	,	0		
81404	daß	0		
81405	die	0		
81406	Mehrheit	0	(mention_id=9627|references=(entity=(entity_id=generic_3734|fullname=generic_0079|gender=u|specialcase_entity=generic)))	(mention_id=9539|references=(entity=(entity_id=163|fullname=die weiße Race|gender=u|specialcase_entity=group)))
81407	für	0		
81408	die	0		
81409	Minderheit	0	(mention_id=9628|references=(entity=(entity_id=generic_3735|fullname=generic_0080|gender=u|specialcase_entity=generic)))	(mention_id=9540|references=(entity=(entity_id=128|fullname=die Neger der Virginier|gender=u|specialcase_entity=group)))
81410	arbeitet	0		
81411	,	0		
81412	durch	0		
81413	wirkliche	0		
81414	Cultur	0		
81415	und	0		
81416	nicht	0		
81417	blos	0		
81418	durch	0		
81419	äußerlich-scheinbare	0		
81420	.	0		
81421	Die	0		
81422	Arbeit	0		
81423	unsrer	0	(mention_id=9629|references=(entity=(entity_id=entity_0504|fullname=General Morton|gender=m)),(entity=(entity_id=generic_3736|fullname=generic_0081|gender=u|specialcase_entity=generic)))	(mention_id=9541|references=(entity=(entity_id=149|fullname=die Virginier|gender=u|specialcase_entity=group)))
81424	Sclaven	0		(mention_id=9542|references=(entity=(entity_id=128|fullname=die Neger der Virginier|gender=u|specialcase_entity=group)))
81425	gewährt	0		
81426	uns	0	(mention_id=9630|references=(entity=(entity_id=entity_0504|fullname=General Morton|gender=m)),(entity=(entity_id=generic_3737|fullname=generic_0082|gender=u|specialcase_entity=generic)))	(mention_id=9543|references=(entity=(entity_id=149|fullname=die Virginier|gender=u|specialcase_entity=group)))
81427	die	0		
81428	Muße	0		
81429	,	0		
81430	den	0		
81431	höheren	0		
81432	Functionen	0		
81433	der	0		
81434	Menschheit	0		
81435	obzuliegen	0		
81436	.	0		
81437	Wir	0	(mention_id=9631|references=(entity=(entity_id=entity_0504|fullname=General Morton|gender=m)),(entity=(entity_id=generic_3738|fullname=generic_0083|gender=u|specialcase_entity=generic)))	(mention_id=9544|references=(entity=(entity_id=149|fullname=die Virginier|gender=u|specialcase_entity=group)))
81438	lieben	0		
81439	Künste	0		
81440	und	0		
81441	Wissenschaften	0		
81442	,	0		
81443	pflegen	0		
81444	die	0		
81445	Literatur	0		
81446	,	0		
81447	verfeinern	0		
81448	die	0		
81449	gesellige	0		
81450	Sitte	0		
81451	,	0		
81452	bilden	0		
81453	uns	0	(mention_id=9632|references=(entity=(entity_id=entity_0504|fullname=General Morton|gender=m)),(entity=(entity_id=generic_3739|fullname=generic_0084|gender=u|specialcase_entity=generic)))	(mention_id=9545|references=(entity=(entity_id=149|fullname=die Virginier|gender=u|specialcase_entity=group)))
81454	für	0		
81455	den	0		
81456	Staat	0		
81457	und	0		
81458	die	0		
81459	schwere	0		
81460	Erfüllung	0		
81461	unsrer	0	(mention_id=9633|references=(entity=(entity_id=entity_0504|fullname=General Morton|gender=m)),(entity=(entity_id=generic_3740|fullname=generic_0085|gender=u|specialcase_entity=generic)))	(mention_id=9546|references=(entity=(entity_id=149|fullname=die Virginier|gender=u|specialcase_entity=group)))
81462	patriotischen	0		
81463	Pflichten	0		
81464	.	0		
81465	Wir	0	(mention_id=9634|references=(entity=(entity_id=entity_0504|fullname=General Morton|gender=m)),(entity=(entity_id=generic_3741|fullname=generic_0086|gender=u|specialcase_entity=generic)))	(mention_id=9547|references=(entity=(entity_id=149|fullname=die Virginier|gender=u|specialcase_entity=group)))
81466	liefern	0		
81467	dem	0		
81468	Congreß	0	(mention_id=9635|references=(entity=(entity_id=generic_3742|fullname=generic_0087|gender=u|specialcase_entity=generic)))	
81469	die	0		
81470	hervorragendsten	0		
81471	Mitglieder	0	(mention_id=9636|references=(entity=(entity_id=generic_3743|fullname=generic_0088|gender=u|specialcase_entity=generic)))	(mention_id=9548|references=(entity=(entity_id=125|fullname=die Mitglieder des Kongresses|gender=u|specialcase_entity=group)))
81472	,	0		
81473	der	0		
81474	Republick	0		(mention_id=9549|references=(entity=(entity_id=135|fullname=die Republik|gender=u|specialcase_entity=nonfact)))
81475	die	0		
81476	besten	0		
81477	Präsidenten	0	(mention_id=9637|references=(entity=(entity_id=generic_3744|fullname=generic_0089|gender=u|specialcase_entity=generic)))	(mention_id=9550|references=(entity=(entity_id=133|fullname=die Präsidenten der Republik|gender=u|specialcase_entity=group)))
81478	,	0		
81479	Washington	0	(mention_id=9638|references=(entity=(entity_id=entity_0082|fullname=George Washington|gender=m)))	(mention_id=9551|references=(entity=(entity_id=47|fullname=Washington|gender=m)))
81480	selbst	0		
81481	war	0		
81482	ein	0		
81483	Sclavenhalter	0	(mention_id=9639|references=(entity=(entity_id=entity_0082|fullname=George Washington|gender=m)))	(mention_id=9552|references=(entity=(entity_id=47|fullname=Washington|gender=m)))
81484	.	0		
81485	Von	0		
81486	all	0		
81487	diesen	0		
81488	Vorzügen	0		
81489	ist	0		
81490	im	0		
81491	„	0		
81492	freien	0		
81493	“	0		
81494	Norden	0		
81495	nicht	0		
81496	die	0		
81497	Rede	0		
81498	.	0		
81499	Der	0		
81500	Fabriksarbeiter	0	(mention_id=9640|references=(entity=(entity_id=generic_3745|fullname=generic_0090|gender=u|specialcase_entity=generic)))	(mention_id=9553|references=(entity=(entity_id=generic_0065|fullname=der Fabriksarbeiter im Norden|gender=u|specialcase_entity=generic)))
81501	lebt	0		
81502	thatsächlich	0		
81503	schlechter	0		
81504	,	0		
81505	als	0		
81506	unser	0	(mention_id=9641|references=(entity=(entity_id=entity_0504|fullname=General Morton|gender=m)),(entity=(entity_id=generic_3746|fullname=generic_0091|gender=u|specialcase_entity=generic)))	(mention_id=9554|references=(entity=(entity_id=149|fullname=die Virginier|gender=u|specialcase_entity=group)))
81507	wohlverpflegter	0		
81508	und	0		
81509	sorgenfreier	0		
81510	Sclave	0	(mention_id=9642|references=(entity=(entity_id=generic_3747|fullname=generic_0092|gender=u|specialcase_entity=generic)))	(mention_id=9555|references=(entity=(entity_id=generic_0066|fullname=der Sclave der Virginier|gender=u|specialcase_entity=generic)))
81511	,	0		
81512	der	0		
81513	Fabriksherr	0	(mention_id=9643|references=(entity=(entity_id=generic_3748|fullname=generic_0093|gender=u|specialcase_entity=generic)))	(mention_id=9556|references=(entity=(entity_id=generic_0067|fullname=der Fabriksherr im Norden|gender=u|specialcase_entity=generic)))
81514	selbst	0		
81515	aber	0		
81516	kommt	0		
81517	über	0		
81518	den	0		
81519	Unruhen	0		
81520	seines	0	(mention_id=9644|references=(entity=(entity_id=generic_3749|fullname=generic_0094|gender=u|specialcase_entity=generic)))	
81521	bürgerlichen	0		
81522	Erwerbes	0		
81523	und	0		
81524	als	0		
81525	unfreies	0		
81526	Glied	0		
81527	in	0		
81528	der	0		
81529	Kette	0		
81530	eines	0		
81531	Creditund	0		
81532	Concurrenzsystems	0		
81533	,	0		
81534	das	0		
81535	ihn	0	(mention_id=9645|references=(entity=(entity_id=generic_3750|fullname=generic_0095|gender=u|specialcase_entity=generic)))	(mention_id=9557|references=(entity=(entity_id=generic_0068|fullname=der Fabriksherr im Norden|gender=u|specialcase_entity=generic)))
81536	willenlos	0		
81537	fortreißt	0		
81538	,	0		
81539	eben	0		
81540	so	0		
81541	wenig	0		
81542	zur	0		
81543	Veredlung	0		
81544	seines	0	(mention_id=9646|references=(entity=(entity_id=generic_3751|fullname=generic_0096|gender=u|specialcase_entity=generic)))	(mention_id=9558|references=(entity=(entity_id=generic_0069|fullname=der Fabriksherr im Norden|gender=u|specialcase_entity=generic)))
81545	menschlichen	0		
81546	,	0		
81547	noch	0		
81548	weniger	0		
81549	zur	0		
81550	Ausbildung	0		
81551	seines	0	(mention_id=9647|references=(entity=(entity_id=generic_3752|fullname=generic_0097|gender=u|specialcase_entity=generic)))	(mention_id=9559|references=(entity=(entity_id=generic_0070|fullname=der Fabriksherr im Norden|gender=u|specialcase_entity=generic)))
81552	großen	0		
81553	staatsbürgerischen	0		
81554	Daseins	0		
81555	.	0		
81556	Wenn	0		
81557	Amerika	0		
81558	seine	0		
81559	Freiheit	0		
81560	verlieren	0		
81561	kann	0		
81562	,	0		
81563	so	0		
81564	wird	0		
81565	die	0		
81566	erste	0		
81567	Gefahr	0		
81568	von	0		
81569	dort	0		
81570	ausgehen	0		
81571	,	0		
81572	bei	0		
81573	uns	0	(mention_id=9648|references=(entity=(entity_id=entity_0504|fullname=General Morton|gender=m)),(entity=(entity_id=generic_3753|fullname=generic_0098|gender=u|specialcase_entity=generic)))	(mention_id=9560|references=(entity=(entity_id=149|fullname=die Virginier|gender=u|specialcase_entity=group)))
81574	werden	0		
81575	die	0		
81576	unerschöpflichen	0		
81577	Hilfsmittel	0		
81578	eines	0		
81579	wahrhaft	0		
81580	republikanischen	0		
81581	Patriotismus	0		
81582	sein	0		
81583	.	0		
81584	Ja	0		
81585	,	0		
81586	ohne	0		
81587	alle	0		
81588	Paradoxie	0		
81589	dürfen	0		
81590	wir	0	(mention_id=9649|references=(entity=(entity_id=entity_0504|fullname=General Morton|gender=m)),(entity=(entity_id=generic_3754|fullname=generic_0099|gender=u|specialcase_entity=generic)))	(mention_id=9561|references=(entity=(entity_id=149|fullname=die Virginier|gender=u|specialcase_entity=group)))
81591	behaupten	0		
81592	,	0		
81593	die	0		
81594	Sclavenstaaten	0		
81595	sind	0		
81596	die	0		
81597	besten	0		
81598	Stützen	0		
81599	unsrer	0	(mention_id=9650|references=(entity=(entity_id=entity_0504|fullname=General Morton|gender=m)),(entity=(entity_id=generic_3755|fullname=generic_0100|gender=u|specialcase_entity=generic)))	(mention_id=9562|references=(entity=(entity_id=149|fullname=die Virginier|gender=u|specialcase_entity=group)))
81600	Freiheit	0		
81601	.	0		
81602	Quantum	0		
81603	periculum	0		
81604	immineret	0		
81605	,	0		
81606	si	0		
81607	servi	0		
81608	nostri	0	(mention_id=9651|references=(entity=(entity_id=generic_3756|fullname=generic_0101|gender=u|specialcase_entity=generic)))	
81609	numerare	0		
81610	nos	0	(mention_id=9652|references=(entity=(entity_id=generic_3757|fullname=generic_0102|gender=u|specialcase_entity=generic)))	
81611	coepissent	0		
81612	!	0		
81613	Welche	0		
81614	Gefahr	0		
81615	drohte	0		
81616	uns	0	(mention_id=9653|references=(entity=(entity_id=generic_3758|fullname=generic_0103|gender=u|specialcase_entity=generic)))	(mention_id=9563|references=(entity=(entity_id=149|fullname=die Virginier|gender=u|specialcase_entity=group)))
81617	,	0		
81618	wenn	0		
81619	unsre	0	(mention_id=9654|references=(entity=(entity_id=generic_3759|fullname=generic_0104|gender=u|specialcase_entity=generic)))	(mention_id=9564|references=(entity=(entity_id=149|fullname=die Virginier|gender=u|specialcase_entity=group)))
81620	Sclaven	0	(mention_id=9655|references=(entity=(entity_id=generic_3760|fullname=generic_0105|gender=u|specialcase_entity=generic)))	(mention_id=9565|references=(entity=(entity_id=128|fullname=die Neger der Virginier|gender=u|specialcase_entity=group)))
81621	uns	0	(mention_id=9656|references=(entity=(entity_id=generic_3761|fullname=generic_0106|gender=u|specialcase_entity=generic)))	(mention_id=9566|references=(entity=(entity_id=149|fullname=die Virginier|gender=u|specialcase_entity=group)))
81622	zu	0		
81623	zählen	0		
81624	anfingen	0		
81625	!	0		
81626	sagte	0		
81627	Moorfeld	0	(mention_id=9657|references=(entity=(entity_id=entity_0001|fullname=Dr. Moorfeld|gender=m)))	(mention_id=9567|references=(entity=(entity_id=34|fullname=Moorfeld|gender=m)))
81628	mit	0		
81629	tiefer	0		
81630	,	0		
81631	ernsthafter	0		
81632	Betonung	0		
81633	.	0		
81634	Ob	0		
81635	Seneka's	0	(mention_id=9658|references=(entity=(entity_id=entity_0609|fullname=Seneka|gender=m)))	(mention_id=9568|references=(entity=(entity_id=44|fullname=Seneka|gender=m)))
81636	Wort	0		
81637	,	0		
81638	fuhr	0		
81639	er	0	(mention_id=9659|references=(entity=(entity_id=entity_0001|fullname=Dr. Moorfeld|gender=m)))	(mention_id=9569|references=(entity=(entity_id=34|fullname=Moorfeld|gender=m)))
81640	fort	0		
81641	,	0		
81642	nur	0		
81643	vom	0		
81644	römischen	0		
81645	und	0		
81646	nicht	0		
81647	naturgemäß	0		
81648	und	0		
81649	nothwendig	0		
81650	von	0		
81651	jedem	0		
81652	Sclavenstaate	0		
81653	der	0		
81654	Erde	0		
81655	gilt	0		
81656	,	0		
81657	mögen	0		
81658	die	0		
81659	Götter	0	(mention_id=9660|references=(entity=(entity_id=generic_3762|fullname=generic_0107|gender=u|specialcase_entity=generic)))	(mention_id=9570|references=(entity=(entity_id=111|fullname=die Götter|gender=u|specialcase_entity=group)))
81660	in	0		
81661	der	0		
81662	praktischen	0		
81663	Beantwortung	0		
81664	eben	0		
81665	so	0		
81666	auf	0		
81667	sich	0		(mention_id=9571|references=(entity=(entity_id=111|fullname=die Götter|gender=u|specialcase_entity=group)))
81668	beruhen	0		
81669	lassen	0		
81670	,	0		
81671	wie	0		
81672	ich	0	(mention_id=9661|references=(entity=(entity_id=entity_0001|fullname=Dr. Moorfeld|gender=m)))	(mention_id=9572|references=(entity=(entity_id=34|fullname=Moorfeld|gender=m)))
81673	in	0		
81674	der	0		
81675	theoretischen	0		
81676	.	0		
81677	Ich	0	(mention_id=9662|references=(entity=(entity_id=entity_0001|fullname=Dr. Moorfeld|gender=m)))	(mention_id=9573|references=(entity=(entity_id=34|fullname=Moorfeld|gender=m)))
81678	gestehe	0		
81679	gerne	0		
81680	,	0		
81681	daß	0		
81682	ich	0	(mention_id=9663|references=(entity=(entity_id=entity_0001|fullname=Dr. Moorfeld|gender=m)))	(mention_id=9574|references=(entity=(entity_id=34|fullname=Moorfeld|gender=m)))
81683	über	0		
81684	diesen	0		
81685	Gegenstand	0		
81686	—	0		
81687	Kundigeren	0	(mention_id=9664|references=(entity=(entity_id=generic_3763|fullname=generic_0108|gender=u|specialcase_entity=generic)),(entity=(entity_id=entity_0505|fullname=Mr. Livingstone|gender=m)))	(mention_id=9575|references=(entity=(entity_id=121|fullname=die Kundigeren|gender=u|specialcase_entity=group)))
81688	das	0		
81689	Wort	0		
81690	lasse	0		
81691	.	0		
81692	Mr.	0	(mention_id=9665|references=(entity=(entity_id=entity_0505|fullname=Mr. Livingstone|gender=m)))	(mention_id=9576|references=(entity=(entity_id=28|fullname=Livingstone|gender=m)))
81693	Livingstone	0	(mention_id=9665|references=(entity=(entity_id=entity_0505|fullname=Mr. Livingstone|gender=m)))	(mention_id=9576|references=(entity=(entity_id=28|fullname=Livingstone|gender=m)))
81694	nahm	0		
81695	den	0		
81696	Wink	0		
81697	auf	0		
81698	und	0		
81699	antwortete	0		
81700	zwischen	0		
81701	Moorfeld	0	(mention_id=9666|references=(entity=(entity_id=entity_0001|fullname=Dr. Moorfeld|gender=m)))	(mention_id=9577|references=(entity=(entity_id=34|fullname=Moorfeld|gender=m)))
81702	und	0		
81703	dem	0		
81704	Virginier	0	(mention_id=9667|references=(entity=(entity_id=entity_0504|fullname=General Morton|gender=m)))	(mention_id=9578|references=(entity=(entity_id=84|fullname=der Virginier|gender=m)))
81705	:	0		
81706	Da	0		
81707	die	0		
81708	Virginier	0	(mention_id=9668|references=(entity=(entity_id=generic_3764|fullname=generic_0109|gender=u|specialcase_entity=generic)),(entity=(entity_id=entity_0504|fullname=General Morton|gender=m)))	(mention_id=9579|references=(entity=(entity_id=149|fullname=die Virginier|gender=u|specialcase_entity=group)))
81709	nach	0		
81710	den	0		
81711	Gesetzen	0		
81712	der	0		
81713	Vernunft	0		
81714	und	0		
81715	der	0		
81716	Liebe	0		
81717	ihre	0	(mention_id=9669|references=(entity=(entity_id=generic_3765|fullname=generic_0110|gender=u|specialcase_entity=generic)),(entity=(entity_id=entity_0504|fullname=General Morton|gender=m)))	(mention_id=9580|references=(entity=(entity_id=149|fullname=die Virginier|gender=u|specialcase_entity=group)))
81718	Sclaven	0	(mention_id=9670|references=(entity=(entity_id=generic_3766|fullname=generic_0111|gender=u|specialcase_entity=generic)))	(mention_id=9581|references=(entity=(entity_id=128|fullname=die Neger der Virginier|gender=u|specialcase_entity=group)))
81719	behandeln	0		
81720	,	0		
81721	so	0		
81722	muß	0		
81723	es	0		
81724	ihnen	0	(mention_id=9671|references=(entity=(entity_id=generic_3767|fullname=generic_0112|gender=u|specialcase_entity=generic)),(entity=(entity_id=entity_0504|fullname=General Morton|gender=m)))	(mention_id=9582|references=(entity=(entity_id=149|fullname=die Virginier|gender=u|specialcase_entity=group)))
81725	außerordentlich	0		
81726	unangenehm	0		
81727	sein	0		
81728	,	0		
81729	überhaupt	0		
81730	noch	0		
81731	Sclavenhalter	0	(mention_id=9672|references=(entity=(entity_id=generic_3768|fullname=generic_0113|gender=u|specialcase_entity=generic)),(entity=(entity_id=entity_0504|fullname=General Morton|gender=m)))	(mention_id=9583|references=(entity=(entity_id=149|fullname=die Virginier|gender=u|specialcase_entity=group)))
81732	zu	0		
81733	heißen	0		
81734	.	0		
81735	Wäre	0		
81736	es	0		
81737	nicht	0		
81738	besser	0		
81739	,	0		
81740	sie	0	(mention_id=9673|references=(entity=(entity_id=generic_3769|fullname=generic_0114|gender=u|specialcase_entity=generic)),(entity=(entity_id=entity_0504|fullname=General Morton|gender=m)))	(mention_id=9584|references=(entity=(entity_id=149|fullname=die Virginier|gender=u|specialcase_entity=group)))
81741	erklärten	0		
81742	ihre	0	(mention_id=9674|references=(entity=(entity_id=generic_3770|fullname=generic_0115|gender=u|specialcase_entity=generic)),(entity=(entity_id=entity_0504|fullname=General Morton|gender=m)))	(mention_id=9585|references=(entity=(entity_id=149|fullname=die Virginier|gender=u|specialcase_entity=group)))
81743	Sclaverei	0		
81744	demnach	0		
81745	für	0		
81746	aufgehoben	0		
81747	?	0		
81748	Thatsächlich	0		
81749	änderte	0		
81750	ja	0		
81751	dieser	0		
81752	Großmuthsact	0		
81753	nichts	0		
81754	,	0		
81755	denn	0		
81756	die	0		
81757	Sclaven	0	(mention_id=9675|references=(entity=(entity_id=generic_3771|fullname=generic_0116|gender=u|specialcase_entity=generic)))	(mention_id=9586|references=(entity=(entity_id=128|fullname=die Neger der Virginier|gender=u|specialcase_entity=group)))
81758	,	0		
81759	die	0	(mention_id=9676|references=(entity=(entity_id=generic_3772|fullname=generic_0117|gender=u|specialcase_entity=generic)))	(mention_id=9587|references=(entity=(entity_id=128|fullname=die Neger der Virginier|gender=u|specialcase_entity=group)))
81760	sich	0	(mention_id=9677|references=(entity=(entity_id=generic_3773|fullname=generic_0118|gender=u|specialcase_entity=generic)))	(mention_id=9588|references=(entity=(entity_id=128|fullname=die Neger der Virginier|gender=u|specialcase_entity=group)))
81761	heute	0		
81762	so	0		
81763	glücklich	0		
81764	fühlen	0		
81765	,	0		
81766	würden	0		
81767	sich	0	(mention_id=9678|references=(entity=(entity_id=generic_3774|fullname=generic_0119|gender=u|specialcase_entity=generic)))	(mention_id=9589|references=(entity=(entity_id=128|fullname=die Neger der Virginier|gender=u|specialcase_entity=group)))
81768	wohl	0		
81769	hüten	0		
81770	,	0		
81771	das	0		
81772	bestehende	0		
81773	Verhältniß	0		
81774	zu	0		
81775	lösen	0		
81776	.	0		
81777	Löseten	0		
81778	sie's	0	(mention_id=9679|references=(entity=(entity_id=generic_3775|fullname=generic_0120|gender=u|specialcase_entity=generic)))	(mention_id=9590|references=(entity=(entity_id=128|fullname=die Neger der Virginier|gender=u|specialcase_entity=group)))
81779	aber	0		
81780	doch	0		
81781	—	0		
81782	nun	0		
81783	,	0		
81784	dann	0		
81785	hätten	0		
81786	sie	0	(mention_id=9680|references=(entity=(entity_id=generic_3776|fullname=generic_0121|gender=u|specialcase_entity=generic)))	(mention_id=9591|references=(entity=(entity_id=128|fullname=die Neger der Virginier|gender=u|specialcase_entity=group)))
81787	sich	0	(mention_id=9681|references=(entity=(entity_id=generic_3777|fullname=generic_0122|gender=u|specialcase_entity=generic)))	(mention_id=9592|references=(entity=(entity_id=128|fullname=die Neger der Virginier|gender=u|specialcase_entity=group)))
81788	eben	0		
81789	nicht	0		
81790	glücklich	0		
81791	gefühlt	0		
81792	.	0		
81793	Und	0		
81794	das	0		
81795	ist	0		
81796	der	0		
81797	einfache	0		
81798	und	0		
81799	immer	0		
81800	wiederkehrende	0		
81801	Syllogismus	0		
81802	,	0		
81803	wenn	0		
81804	vom	0		
81805	Glücke	0		
81806	der	0		
81807	Sclaven	0	(mention_id=9682|references=(entity=(entity_id=generic_3778|fullname=generic_0123|gender=u|specialcase_entity=generic)))	(mention_id=9593|references=(entity=(entity_id=generic_0038|fullname=die Sclaven im Allgemeinen|gender=u|specialcase_entity=generic)))
81808	die	0		
81809	Rede	0		
81810	ist	0		
81811	.	0		
81812	Laßt	0		
81813	es	0		
81814	auf	0		
81815	ihre	0	(mention_id=9683|references=(entity=(entity_id=generic_3779|fullname=generic_0124|gender=u|specialcase_entity=generic)))	(mention_id=9594|references=(entity=(entity_id=generic_0039|fullname=die Sclaven im Allgemeinen|gender=u|specialcase_entity=generic)))
81816	Wahl	0		
81817	ankommen	0		
81818	!	0		
81819	—	0		
81820	In	0		
81821	der	0		
81822	That	0		
81823	,	0		
81824	Herr	0	(mention_id=9684|references=(entity=(entity_id=entity_0504|fullname=General Morton|gender=m)))	(mention_id=9595|references=(entity=(entity_id=28|fullname=Livingstone|gender=m)))
81825	General	0	(mention_id=9684|references=(entity=(entity_id=entity_0504|fullname=General Morton|gender=m)))	(mention_id=9595|references=(entity=(entity_id=28|fullname=Livingstone|gender=m)))
81826	,	0		
81827	in	0		
81828	diesen	0		
81829	Tagen	0		
81830	,	0		
81831	da	0		
81832	uns	0	(mention_id=9685|references=(entity=(entity_id=entity_0505|fullname=Mr. Livingstone|gender=m)),(entity=(entity_id=generic_3780|fullname=generic_0125|gender=u|specialcase_entity=generic)))	(mention_id=9596|references=(entity=(entity_id=28|fullname=Livingstone|gender=m)))
81833	zu	0		
81834	jeder	0		
81835	Stunde	0		
81836	die	0		
81837	Nachricht	0		
81838	werden	0		
81839	kann	0		
81840	,	0		
81841	das	0		
81842	englische	0		
81843	Parlament	0		
81844	hat	0		
81845	die	0		
81846	Emancipationsacte	0		
81847	erlassen	0		
81848	,	0		
81849	fühlt	0		
81850	die	0		
81851	Union	0		
81852	ein	0		
81853	tödtliches	0		
81854	Herzklopfen	0		
81855	,	0		
81856	und	0		
81857	wir	0	(mention_id=9686|references=(entity=(entity_id=entity_0505|fullname=Mr. Livingstone|gender=m)),(entity=(entity_id=generic_3781|fullname=generic_0126|gender=u|specialcase_entity=generic)))	(mention_id=9597|references=(entity=(entity_id=28|fullname=Livingstone|gender=m)))
81858	sind	0		
81859	aufgeregter	0		
81860	als	0		
81861	je	0		
81862	,	0		
81863	unser	0	(mention_id=9687|references=(entity=(entity_id=entity_0505|fullname=Mr. Livingstone|gender=m)),(entity=(entity_id=generic_3782|fullname=generic_0127|gender=u|specialcase_entity=generic)))	(mention_id=9598|references=(entity=(entity_id=28|fullname=Livingstone|gender=m)))
81864	Herrenrecht	0		
81865	über	0		
81866	unsre	0	(mention_id=9688|references=(entity=(entity_id=entity_0505|fullname=Mr. Livingstone|gender=m)),(entity=(entity_id=generic_3783|fullname=generic_0128|gender=u|specialcase_entity=generic)))	(mention_id=9599|references=(entity=(entity_id=28|fullname=Livingstone|gender=m)))
81867	Sclaven	0	(mention_id=9689|references=(entity=(entity_id=generic_3784|fullname=generic_0129|gender=u|specialcase_entity=generic)))	(mention_id=9600|references=(entity=(entity_id=139|fullname=die Sclaven|gender=u|specialcase_entity=group)))
81868	uns	0	(mention_id=9690|references=(entity=(entity_id=entity_0505|fullname=Mr. Livingstone|gender=m)),(entity=(entity_id=generic_3785|fullname=generic_0130|gender=u|specialcase_entity=generic)))	(mention_id=9601|references=(entity=(entity_id=28|fullname=Livingstone|gender=m)))
81869	selbst	0		
81870	und	0		
81871	Andern	0		(mention_id=9602|references=(entity=(entity_id=89|fullname=die Anderen|gender=u|specialcase_entity=group)))
81872	recht	0		
81873	unzerstörbar	0		
81874	einzureden	0		
81875	.	0		
81876	Als	0		
81877	ob	0		
81878	das	0		
81879	Gift	0		
81880	im	0		
81881	Magen	0		
81882	durch	0		
81883	die	0		
81884	Einbildung	0		
81885	,	0		
81886	es	0		
81887	sei	0		
81888	Honig	0		
81889	,	0		
81890	auch	0		
81891	nur	0		
81892	eine	0		
81893	Secunde	0		
81894	lang	0		
81895	in	0		
81896	seinen	0		
81897	tödtlichen	0		
81898	Wirkungen	0		
81899	inne	0		
81900	hielte	0		
81901	!	0		
81902	Von	0		
81903	ganzem	0		
81904	Herzen	0		
81905	beglückwünsche	0		
81906	ich	0	(mention_id=9691|references=(entity=(entity_id=entity_0505|fullname=Mr. Livingstone|gender=m)))	(mention_id=9603|references=(entity=(entity_id=28|fullname=Livingstone|gender=m)))
81907	Mortonhall	0	(mention_id=9692|references=(entity=(entity_id=entity_0542|fullname=Familie Morton|gender=mf|members=entity_0504|all_members_given=False|specialcase_entity=group)|specialcase_reference=figurative))	(mention_id=9604|references=(entity=(entity_id=35|fullname=Mortonhall|gender=u|specialcase_entity=nonfact)))
81908	,	0		
81909	daß	0		
81910	es	0		(mention_id=9605|references=(entity=(entity_id=35|fullname=Mortonhall|gender=u|specialcase_entity=nonfact)))
81911	diesen	0		
81912	Honigtraum	0		
81913	zu	0		
81914	träumen	0		
81915	vermag	0		
81916	;	0		
81917	daß	0		
81918	es	0		(mention_id=9606|references=(entity=(entity_id=35|fullname=Mortonhall|gender=u|specialcase_entity=nonfact)))
81919	ihn	0		
81920	zu	0		
81921	träumen	0		
81922	verdient	0		
81923	,	0		
81924	bezeuge	0		
81925	ich	0	(mention_id=9693|references=(entity=(entity_id=entity_0505|fullname=Mr. Livingstone|gender=m)))	(mention_id=9607|references=(entity=(entity_id=28|fullname=Livingstone|gender=m)))
81926	dem	0		
81927	edlen	0		
81928	Besitzer	0	(mention_id=9694|references=(entity=(entity_id=entity_0504|fullname=General Morton|gender=m)))	(mention_id=9608|references=(entity=(entity_id=56|fullname=der Besitzer von Mortonhall|gender=m)))
81929	desselben	0		
81930	mit	0		
81931	größtem	0		
81932	Vergnügen	0		
81933	.	0		
81934	Aber	0		
81935	der	0		
81936	ganze	0		
81937	übrige	0		
81938	Süden	0	(mention_id=9695|references=(entity=(entity_id=generic_3786|fullname=generic_0131|gender=u|specialcase_entity=generic)))	
81939	lebt	0		
81940	in	0		
81941	einem	0		
81942	fürchterlichen	0		
81943	Wachen	0		
81944	!	0		
81945	Aus	0		
81946	allen	0		
81947	Regionen	0		
81948	zwischen	0		
81949	dem	0		
81950	Red-River	0		
81951	und	0		
81952	Potomac	0		
81953	werde	0		
81954	ich	0	(mention_id=9696|references=(entity=(entity_id=entity_0505|fullname=Mr. Livingstone|gender=m)))	(mention_id=9609|references=(entity=(entity_id=28|fullname=Livingstone|gender=m)))
81955	stündlich	0		
81956	mit	0		
81957	Briefen	0		
81958	überhäuft	0		
81959	,	0		
81960	in	0		
81961	welchen	0		
81962	die	0		
81963	Sclavenbeglücker	0	(mention_id=9697|references=(entity=(entity_id=generic_3787|fullname=generic_0132|gender=u|specialcase_entity=generic)))	(mention_id=9610|references=(entity=(entity_id=142|fullname=die Sclavenbeglücker|gender=u|specialcase_entity=group)))
81964	mit	0		
81965	jenem	0		
81966	Angstschweiß	0		
81967	auf	0		
81968	der	0		
81969	Stirne	0		
81970	,	0		
81971	den	0		
81972	die	0		
81973	Verurtheilten	0	(mention_id=9698|references=(entity=(entity_id=generic_3788|fullname=generic_0133|gender=u|specialcase_entity=generic)))	(mention_id=9611|references=(entity=(entity_id=148|fullname=die Verurteilten der Geschichte|gender=u|specialcase_entity=group)))
81974	der	0		
81975	Geschichte	0		
81976	an	0		
81977	schwülen	0		
81978	Vorabenden	0		
81979	schwitzen	0		
81980	,	0		
81981	mich	0	(mention_id=9699|references=(entity=(entity_id=entity_0505|fullname=Mr. Livingstone|gender=m)))	(mention_id=9612|references=(entity=(entity_id=28|fullname=Livingstone|gender=m)))
81982	um	0		
81983	Rath	0		
81984	in	0		
81985	ihren	0	(mention_id=9700|references=(entity=(entity_id=generic_3789|fullname=generic_0134|gender=u|specialcase_entity=generic)))	(mention_id=9613|references=(entity=(entity_id=142|fullname=die Sclavenbeglücker|gender=u|specialcase_entity=group)))
81986	Gesetzgebungen	0		
81987	bestürmen	0		
81988	.	0		
81989	Wie	0		
81990	seltsam	0		
81991	!	0		
81992	Sie	0	(mention_id=9701|references=(entity=(entity_id=generic_3790|fullname=generic_0135|gender=u|specialcase_entity=generic)))	(mention_id=9614|references=(entity=(entity_id=142|fullname=die Sclavenbeglücker|gender=u|specialcase_entity=group)))
81993	meinen	0		
81994	,	0		
81995	ich	0	(mention_id=9702|references=(entity=(entity_id=entity_0505|fullname=Mr. Livingstone|gender=m)))	(mention_id=9615|references=(entity=(entity_id=28|fullname=Livingstone|gender=m)))
81996	könne	0		
81997	Gesetze	0		
81998	erfinden	0		
81999	,	0		
82000	nach	0		
82001	welchem	0		
82002	eine	0		
82003	Person	0	(mention_id=9703|references=(entity=(entity_id=generic_3791|fullname=generic_0136|gender=u|specialcase_entity=generic)))	(mention_id=9616|references=(entity=(entity_id=generic_0071|fullname=eine Person im Allgemeinen|gender=u|specialcase_entity=generic)))
82004	zugleich	0		
82005	als	0		
82006	Sache	0		
82007	zu	0		
82008	behandeln	0		
82009	,	0		
82010	eine	0		
82011	Macht	0		
82012	zugleich	0		
82013	als	0		
82014	Recht	0		
82015	auszuüben	0		
82016	ist	0		
82017	;	0		
82018	diesen	0		
82019	Widerspruch	0		
82020	zu	0		
82021	lösen	0		
82022	schwebt	0		
82023	ihnen	0	(mention_id=9704|references=(entity=(entity_id=generic_3792|fullname=generic_0137|gender=u|specialcase_entity=generic)))	(mention_id=9617|references=(entity=(entity_id=142|fullname=die Sclavenbeglücker|gender=u|specialcase_entity=group)))
82024	als	0		
82025	eine	0		
82026	Kunst	0		
82027	vor	0		
82028	,	0		
82029	und	0		
82030	sollte	0		
82031	ihnen	0	(mention_id=9705|references=(entity=(entity_id=generic_3793|fullname=generic_0138|gender=u|specialcase_entity=generic)))	(mention_id=9618|references=(entity=(entity_id=142|fullname=die Sclavenbeglücker|gender=u|specialcase_entity=group)))
82032	doch	0		
82033	als	0		
82034	eine	0		
82035	Unmöglichkeit	0		
82036	einleuchten	0		
82037	.	0		
82038	Eben	0		
82039	so	0		
82040	gut	0		
82041	könnte	0		
82042	der	0		
82043	Räuber	0	(mention_id=9706|references=(entity=(entity_id=generic_3794|fullname=generic_0139|gender=u|specialcase_entity=generic)))	(mention_id=9619|references=(entity=(entity_id=generic_0072|fullname=der Räuber im Allgemeinen|gender=u|specialcase_entity=generic)))
82044	von	0		
82045	mir	0	(mention_id=9707|references=(entity=(entity_id=entity_0505|fullname=Mr. Livingstone|gender=m)))	(mention_id=9620|references=(entity=(entity_id=28|fullname=Livingstone|gender=m)))
82046	Gesetze	0		
82047	verlangen	0		
82048	,	0		
82049	die	0		
82050	seinen	0	(mention_id=9708|references=(entity=(entity_id=generic_3795|fullname=generic_0140|gender=u|specialcase_entity=generic)))	(mention_id=9621|references=(entity=(entity_id=generic_0073|fullname=der Räuber im Allgemeinen|gender=u|specialcase_entity=generic)))
82051	Raub	0		
82052	,	0		
82053	den	0		
82054	Erwerb	0		
82055	einer	0		
82056	Gewaltthat	0		
82057	,	0		
82058	garantiren	0		
82059	.	0		
82060	In	0		
82061	der	0		
82062	That	0		
82063	haben	0		
82064	auch	0		
82065	die	0		
82066	Räuber	0	(mention_id=9709|references=(entity=(entity_id=generic_3796|fullname=generic_0141|gender=u|specialcase_entity=generic)))	(mention_id=9622|references=(entity=(entity_id=generic_0074|fullname=die Räuber im Allgemeinen|gender=u|specialcase_entity=generic)))
82067	Gesetze	0		
82068	unter	0		
82069	sich	0	(mention_id=9710|references=(entity=(entity_id=generic_3797|fullname=generic_0142|gender=u|specialcase_entity=generic)))	(mention_id=9623|references=(entity=(entity_id=generic_0075|fullname=die Räuber im Allgemeinen|gender=u|specialcase_entity=generic)))
82070	,	0		
82071	die	0		
82072	sie	0	(mention_id=9711|references=(entity=(entity_id=generic_3798|fullname=generic_0143|gender=u|specialcase_entity=generic)))	(mention_id=9624|references=(entity=(entity_id=generic_0076|fullname=die Räuber im Allgemeinen|gender=u|specialcase_entity=generic)))
82073	mehr	0		
82074	oder	0		
82075	weniger	0		
82076	gut	0		
82077	beobachten	0		
82078	;	0		
82079	nur	0		
82080	schade	0		
82081	,	0		
82082	daß	0		
82083	sie	0	(mention_id=9712|references=(entity=(entity_id=generic_3799|fullname=generic_0144|gender=u|specialcase_entity=generic)))	(mention_id=9625|references=(entity=(entity_id=generic_0077|fullname=die Räuber im Allgemeinen|gender=u|specialcase_entity=generic)))
82084	von	0		
82085	uns	0	(mention_id=9713|references=(entity=(entity_id=entity_0505|fullname=Mr. Livingstone|gender=m)),(entity=(entity_id=generic_3800|fullname=generic_0145|gender=u|specialcase_entity=generic)))	(mention_id=9626|references=(entity=(entity_id=28|fullname=Livingstone|gender=m)))
82086	Andern	0	(mention_id=9714|references=(entity=(entity_id=generic_3801|fullname=generic_0146|gender=u|specialcase_entity=generic)),(entity=(entity_id=entity_0505|fullname=Mr. Livingstone|gender=m)))	(mention_id=9627|references=(entity=(entity_id=89|fullname=die Anderen|gender=u|specialcase_entity=group)))
82087	gleichmäßig	0		
82088	gehängt	0		
82089	werden	0		
82090	.	0		
82091	Die	0		
82092	Unglücklichen	0	(mention_id=9715|references=(entity=(entity_id=generic_3802|fullname=generic_0147|gender=u|specialcase_entity=generic)))	(mention_id=9628|references=(entity=(entity_id=142|fullname=die Sclavenbeglücker|gender=u|specialcase_entity=group)))
82093	!	0		
82094	sie	0	(mention_id=9716|references=(entity=(entity_id=generic_3803|fullname=generic_0148|gender=u|specialcase_entity=generic)))	(mention_id=9629|references=(entity=(entity_id=142|fullname=die Sclavenbeglücker|gender=u|specialcase_entity=group)))
82095	wollen	0		
82096	gerecht	0		
82097	sein	0		
82098	,	0		
82099	und	0		
82100	merken	0		
82101	nicht	0		
82102	,	0		
82103	daß	0		
82104	sie	0	(mention_id=9717|references=(entity=(entity_id=generic_3804|fullname=generic_0149|gender=u|specialcase_entity=generic)))	(mention_id=9630|references=(entity=(entity_id=142|fullname=die Sclavenbeglücker|gender=u|specialcase_entity=group)))
82105	es	0		
82106	nicht	0		
82107	können	0		
82108	!	0		
82109	Aus	0		
82110	einer	0		
82111	ungerechten	0		
82112	Prämisse	0		
82113	wollen	0		
82114	sie	0	(mention_id=9718|references=(entity=(entity_id=generic_3805|fullname=generic_0150|gender=u|specialcase_entity=generic)))	(mention_id=9631|references=(entity=(entity_id=142|fullname=die Sclavenbeglücker|gender=u|specialcase_entity=group)))
82115	gerechte	0		
82116	Consequenzen	0		
82117	ziehen	0		
82118	!	0		
82119	Es	0		
82120	ist	0		
82121	nicht	0		
82122	wahr	0		
82123	,	0		
82124	daß	0		
82125	ihr	0	(mention_id=9719|references=(entity=(entity_id=generic_3806|fullname=generic_0151|gender=u|specialcase_entity=generic)),(entity=(entity_id=entity_0504|fullname=General Morton|gender=m)))	(mention_id=9632|references=(entity=(entity_id=142|fullname=die Sclavenbeglücker|gender=u|specialcase_entity=group)))
82126	eure	0	(mention_id=9720|references=(entity=(entity_id=generic_3807|fullname=generic_0152|gender=u|specialcase_entity=generic)),(entity=(entity_id=entity_0504|fullname=General Morton|gender=m)))	(mention_id=9633|references=(entity=(entity_id=142|fullname=die Sclavenbeglücker|gender=u|specialcase_entity=group)))
82127	Sclaven	0	(mention_id=9721|references=(entity=(entity_id=generic_3808|fullname=generic_0153|gender=u|specialcase_entity=generic)))	(mention_id=9634|references=(entity=(entity_id=139|fullname=die Sclaven|gender=u|specialcase_entity=group)))
82128	so	0		
82129	gut	0		
82130	behandelt	0		
82131	wie	0		
82132	eure	0	(mention_id=9722|references=(entity=(entity_id=generic_3809|fullname=generic_0154|gender=u|specialcase_entity=generic)),(entity=(entity_id=entity_0504|fullname=General Morton|gender=m)))	(mention_id=9635|references=(entity=(entity_id=142|fullname=die Sclavenbeglücker|gender=u|specialcase_entity=group)))
82133	Hausthiere	0		(mention_id=9636|references=(entity=(entity_id=112|fullname=die Haustiere|gender=u|specialcase_entity=group)))
82134	.	0		
82135	Ein	0		
82136	unaufhörlicher	0		
82137	Argwohn	0		
82138	,	0		
82139	eine	0		
82140	Eifersucht	0		
82141	,	0		
82142	die	0		
82143	durch	0		
82144	nichts	0		
82145	zu	0		
82146	beschwichtigen	0		
82147	ist	0		
82148	,	0		
82149	leitet	0		
82150	das	0		
82151	Betragen	0		
82152	des	0		
82153	Herrn	0	(mention_id=9723|references=(entity=(entity_id=generic_3810|fullname=generic_0155|gender=u|specialcase_entity=generic)),(entity=(entity_id=entity_0504|fullname=General Morton|gender=m)))	(mention_id=9637|references=(entity=(entity_id=generic_0050|fullname=der Herr im Allgemeinen|gender=u|specialcase_entity=generic)))
82154	gegen	0		
82155	den	0		
82156	Sclaven	0	(mention_id=9724|references=(entity=(entity_id=generic_3811|fullname=generic_0156|gender=u|specialcase_entity=generic)))	(mention_id=9638|references=(entity=(entity_id=generic_0061|fullname=der Sclave im Allgemeinen|gender=u|specialcase_entity=generic)))
82157	.	0		
82158	Die	0		
82159	Interessen	0		
82160	Beider	0	(mention_id=9725|references=(entity=(entity_id=generic_3812|fullname=generic_0157|gender=u|specialcase_entity=generic)),(entity=(entity_id=generic_3813|fullname=generic_0158|gender=u|specialcase_entity=generic)),(entity=(entity_id=entity_0504|fullname=General Morton|gender=m)))	(mention_id=9639|references=(entity=(entity_id=generic_0051|fullname=der Herr im Allgemeinen|gender=u|specialcase_entity=generic)),(entity=(entity_id=generic_0062|fullname=der Sclave im Allgemeinen|gender=u|specialcase_entity=generic)))
82161	liegen	0		
82162	in	0		
82163	einem	0		
82164	ewigen	0		
82165	Kampfe	0		
82166	,	0		
82167	und	0		
82168	nie	0		
82169	und	0		
82170	nimmer	0		
82171	,	0		
82172	auch	0		
82173	bei	0		
82174	seinem	0	(mention_id=9726|references=(entity=(entity_id=generic_3814|fullname=generic_0159|gender=u|specialcase_entity=generic)),(entity=(entity_id=entity_0504|fullname=General Morton|gender=m)))	(mention_id=9640|references=(entity=(entity_id=generic_0052|fullname=der Herr im Allgemeinen|gender=u|specialcase_entity=generic)))
82175	besten	0		
82176	Willen	0		
82177	nicht	0		
82178	,	0		
82179	kann	0		
82180	der	0		
82181	Herr	0	(mention_id=9727|references=(entity=(entity_id=entity_0504|fullname=General Morton|gender=m)),(entity=(entity_id=generic_3815|fullname=generic_0160|gender=u|specialcase_entity=generic)))	(mention_id=9641|references=(entity=(entity_id=generic_0053|fullname=der Herr im Allgemeinen|gender=u|specialcase_entity=generic)))
82182	den	0		
82183	Sclaven	0	(mention_id=9728|references=(entity=(entity_id=generic_3816|fullname=generic_0161|gender=u|specialcase_entity=generic)))	(mention_id=9642|references=(entity=(entity_id=generic_0063|fullname=der Sclave im Allgemeinen|gender=u|specialcase_entity=generic)))
82184	in	0		
82185	dem	0		
82186	Lichte	0		
82187	erblicken	0		
82188	wie	0		
82189	seinen	0	(mention_id=9729|references=(entity=(entity_id=generic_3817|fullname=generic_0162|gender=u|specialcase_entity=generic)),(entity=(entity_id=entity_0504|fullname=General Morton|gender=m)))	(mention_id=9643|references=(entity=(entity_id=generic_0054|fullname=der Herr im Allgemeinen|gender=u|specialcase_entity=generic)))
82190	Esel	0		
82191	oder	0		
82192	sein	0	(mention_id=9730|references=(entity=(entity_id=generic_3818|fullname=generic_0163|gender=u|specialcase_entity=generic)),(entity=(entity_id=entity_0504|fullname=General Morton|gender=m)))	(mention_id=9644|references=(entity=(entity_id=generic_0055|fullname=der Herr im Allgemeinen|gender=u|specialcase_entity=generic)))
82193	Pferd	0		
82194	.	0		
82195	Denn	0		
82196	das	0		
82197	Thier	0		
82198	ist	0		
82199	ihm	0	(mention_id=9731|references=(entity=(entity_id=generic_3819|fullname=generic_0164|gender=u|specialcase_entity=generic)),(entity=(entity_id=entity_0504|fullname=General Morton|gender=m)))	(mention_id=9645|references=(entity=(entity_id=generic_0056|fullname=der Herr im Allgemeinen|gender=u|specialcase_entity=generic)))
82200	sicher	0		
82201	,	0		
82202	der	0		
82203	Sclave	0	(mention_id=9732|references=(entity=(entity_id=generic_3820|fullname=generic_0165|gender=u|specialcase_entity=generic)))	(mention_id=9646|references=(entity=(entity_id=generic_0064|fullname=der Sclave im Allgemeinen|gender=u|specialcase_entity=generic)))
82204	mit	0		
82205	nichten	0		
82206	;	0		
82207	ohne	0		
82208	Sicherheit	0		
82209	aber	0		
82210	kein	0		
82211	Vertrauen	0		
82212	,	0		
82213	und	0		
82214	ohne	0		
82215	Vertrauen	0		
82216	keine	0		
82217	Behandlung	0		
82218	,	0		
82219	die	0		
82220	eine	0		
82221	gute	0		
82222	heißen	0		
82223	könnte	0		
82224	.	0		
82225	Könnt	0		
82226	ihr	0	(mention_id=9733|references=(entity=(entity_id=generic_3821|fullname=generic_0166|gender=u|specialcase_entity=generic)),(entity=(entity_id=entity_0504|fullname=General Morton|gender=m)))	(mention_id=9647|references=(entity=(entity_id=142|fullname=die Sclavenbeglücker|gender=u|specialcase_entity=group)))
82227	den	0		
82228	Sclaven	0	(mention_id=9734|references=(entity=(entity_id=generic_3822|fullname=generic_0167|gender=u|specialcase_entity=generic)))	(mention_id=9648|references=(entity=(entity_id=139|fullname=die Sclaven|gender=u|specialcase_entity=group)))
82229	aber	0		
82230	nicht	0		
82231	einmal	0		
82232	als	0		
82233	Hausthieren	0	(mention_id=9735|references=(entity=(entity_id=generic_3823|fullname=generic_0168|gender=u|specialcase_entity=generic)))	(mention_id=9649|references=(entity=(entity_id=112|fullname=die Haustiere|gender=u|specialcase_entity=group)))
82234	gerecht	0		
82235	werden	0		
82236	—	0		
82237	und	0		
82238	das	0		
82239	wäre	0		
82240	doch	0		
82241	euer	0	(mention_id=9736|references=(entity=(entity_id=generic_3824|fullname=generic_0169|gender=u|specialcase_entity=generic)),(entity=(entity_id=entity_0504|fullname=General Morton|gender=m)))	(mention_id=9650|references=(entity=(entity_id=142|fullname=die Sclavenbeglücker|gender=u|specialcase_entity=group)))
82242	Geringstes	0		
82243	!	0		
82244	—	0		
82245	wie	0		
82246	mögt	0		
82247	ihr	0	(mention_id=9737|references=(entity=(entity_id=generic_3825|fullname=generic_0170|gender=u|specialcase_entity=generic)),(entity=(entity_id=entity_0504|fullname=General Morton|gender=m)))	(mention_id=9651|references=(entity=(entity_id=142|fullname=die Sclavenbeglücker|gender=u|specialcase_entity=group)))
82248	euch	0	(mention_id=9738|references=(entity=(entity_id=generic_3826|fullname=generic_0171|gender=u|specialcase_entity=generic)),(entity=(entity_id=entity_0504|fullname=General Morton|gender=m)))	(mention_id=9652|references=(entity=(entity_id=142|fullname=die Sclavenbeglücker|gender=u|specialcase_entity=group)))
82249	überreden	0		
82250	,	0		
82251	ihnen	0	(mention_id=9739|references=(entity=(entity_id=generic_3827|fullname=generic_0172|gender=u|specialcase_entity=generic)))	(mention_id=9653|references=(entity=(entity_id=139|fullname=die Sclaven|gender=u|specialcase_entity=group)))
82252	als	0		
82253	Menschen	0	(mention_id=9740|references=(entity=(entity_id=generic_3828|fullname=generic_0173|gender=u|specialcase_entity=generic)))	(mention_id=9654|references=(entity=(entity_id=generic_0003|fullname=Menschen im Allgemeinen|gender=u|specialcase_entity=generic)))
82254	gerecht	0		
82255	zu	0		
82256	werden	0		
82257	?	0		
82258	Ihr	0	(mention_id=9741|references=(entity=(entity_id=generic_3829|fullname=generic_0174|gender=u|specialcase_entity=generic)),(entity=(entity_id=entity_0504|fullname=General Morton|gender=m)))	(mention_id=9655|references=(entity=(entity_id=142|fullname=die Sclavenbeglücker|gender=u|specialcase_entity=group)))
82259	unterrichtet	0		
82260	sie	0	(mention_id=9742|references=(entity=(entity_id=generic_3830|fullname=generic_0175|gender=u|specialcase_entity=generic)))	(mention_id=9656|references=(entity=(entity_id=139|fullname=die Sclaven|gender=u|specialcase_entity=group)))
82261	?	0		
82262	aber	0		
82263	die	0		
82264	fünfundzwanzig	0		
82265	Buchstaben	0		
82266	des	0		
82267	Negers	0	(mention_id=9743|references=(entity=(entity_id=generic_3831|fullname=generic_0176|gender=u|specialcase_entity=generic)|specialcase_reference=figurative))	(mention_id=9657|references=(entity=(entity_id=generic_0033|fullname=der Neger im Allgemeinen|gender=u|specialcase_entity=generic)))
82268	werden	0		
82269	sogleich	0		
82270	ein	0		
82271	Kriegsherr	0		(mention_id=9658|references=(entity=(entity_id=70|fullname=der Kriegsherr|gender=m|specialcase_entity=nonfact)))
82272	gegen	0		
82273	euch	0	(mention_id=9744|references=(entity=(entity_id=generic_3832|fullname=generic_0177|gender=u|specialcase_entity=generic)))	(mention_id=9659|references=(entity=(entity_id=142|fullname=die Sclavenbeglücker|gender=u|specialcase_entity=group)))
82274	,	0		
82275	denn	0		
82276	er	0	(mention_id=9745|references=(entity=(entity_id=generic_3833|fullname=generic_0178|gender=u|specialcase_entity=generic)))	(mention_id=9660|references=(entity=(entity_id=generic_0034|fullname=der Neger im Allgemeinen|gender=u|specialcase_entity=generic)))
82277	liest	0		
82278	die	0		
82279	Reden	0		
82280	eines	0		
82281	Wilberforce	0	(mention_id=9746|references=(entity=(entity_id=entity_0621|fullname=Wilberforce|gender=m)))	(mention_id=9661|references=(entity=(entity_id=48|fullname=Wilberforce|gender=m)))
82282	und	0		
82283	Canning	0	(mention_id=9747|references=(entity=(entity_id=entity_0577|fullname=Canning|gender=m)))	
82284	damit	0		
82285	,	0		
82286	und	0		
82287	wird	0		
82288	euch	0	(mention_id=9748|references=(entity=(entity_id=generic_3834|fullname=generic_0179|gender=u|specialcase_entity=generic)),(entity=(entity_id=entity_0504|fullname=General Morton|gender=m)))	(mention_id=9662|references=(entity=(entity_id=142|fullname=die Sclavenbeglücker|gender=u|specialcase_entity=group)))
82289	erwürgen	0		
82290	.	0		
82291	Ihr	0	(mention_id=9749|references=(entity=(entity_id=generic_3835|fullname=generic_0180|gender=u|specialcase_entity=generic)),(entity=(entity_id=entity_0504|fullname=General Morton|gender=m)))	(mention_id=9663|references=(entity=(entity_id=142|fullname=die Sclavenbeglücker|gender=u|specialcase_entity=group)))
82292	erzieht	0		
82293	sie	0	(mention_id=9750|references=(entity=(entity_id=generic_3836|fullname=generic_0181|gender=u|specialcase_entity=generic)))	(mention_id=9664|references=(entity=(entity_id=139|fullname=die Sclaven|gender=u|specialcase_entity=group)))
82294	zu	0		
82295	Christen	0	(mention_id=9751|references=(entity=(entity_id=generic_3837|fullname=generic_0182|gender=u|specialcase_entity=generic)))	(mention_id=9665|references=(entity=(entity_id=94|fullname=die Christen|gender=u|specialcase_entity=group)))
82296	?	0		
82297	Aber	0		
82298	der	0		
82299	Schwarze	0	(mention_id=9752|references=(entity=(entity_id=generic_3838|fullname=generic_0183|gender=u|specialcase_entity=generic)))	(mention_id=9666|references=(entity=(entity_id=generic_0078|fullname=der Schwarze im Allgemeinen|gender=u|specialcase_entity=generic)))
82300	wird	0		
82301	über	0		
82302	den	0		
82303	Weißen	0	(mention_id=9753|references=(entity=(entity_id=generic_3839|fullname=generic_0184|gender=u|specialcase_entity=generic)))	(mention_id=9667|references=(entity=(entity_id=generic_0079|fullname=der Weiße im Allgemeinen|gender=u|specialcase_entity=generic)))
82304	herfallen	0		
82305	,	0		
82306	und	0		
82307	—	0		
82308	auf	0		
82309	St.	0		
82310	Domingo	0		
82311	ist	0		
82312	es	0		
82313	geschehen	0		
82314	—	0		
82315	mit	0		
82316	Rachegeschrei	0		
82317	euch	0	(mention_id=9754|references=(entity=(entity_id=generic_3840|fullname=generic_0185|gender=u|specialcase_entity=generic)),(entity=(entity_id=entity_0504|fullname=General Morton|gender=m)))	(mention_id=9668|references=(entity=(entity_id=142|fullname=die Sclavenbeglücker|gender=u|specialcase_entity=group)))
82318	anklagen	0		
82319	:	0		
82320	die	0		
82321	Weißen	0	(mention_id=9755|references=(entity=(entity_id=generic_3841|fullname=generic_0186|gender=u|specialcase_entity=generic)))	(mention_id=9669|references=(entity=(entity_id=150|fullname=die Weißen|gender=u|specialcase_entity=group)))
82322	haben	0		
82323	den	0		
82324	Heiland	0	(mention_id=9756|references=(entity=(entity_id=entity_0602|fullname=Jesus Christus|gender=m)))	(mention_id=9670|references=(entity=(entity_id=64|fullname=der Heiland|gender=m)))
82325	ermordet	0		
82326	!	0		
82327	Wahrlich	0		
82328	sie	0	(mention_id=9757|references=(entity=(entity_id=generic_3842|fullname=generic_0187|gender=u|specialcase_entity=generic)))	(mention_id=9671|references=(entity=(entity_id=139|fullname=die Sclaven|gender=u|specialcase_entity=group)))
82329	brauchen	0		
82330	nur	0		
82331	die	0		
82332	Art	0		
82333	für	0		
82334	die	0		
82335	Gattung	0		
82336	zu	0		
82337	nehmen	0		
82338	,	0		
82339	—	0		
82340	ein	0		
82341	sehr	0		
82342	gebräuchlicher	0		
82343	Tropus	0		
82344	!	0		
82345	—	0		
82346	so	0		
82347	sind	0		
82348	ihre	0	(mention_id=9758|references=(entity=(entity_id=generic_3843|fullname=generic_0188|gender=u|specialcase_entity=generic)))	(mention_id=9672|references=(entity=(entity_id=139|fullname=die Sclaven|gender=u|specialcase_entity=group)))
82349	Massacres	0		
82350	mindestens	0		
82351	eben	0		
82352	so	0		
82353	gerecht	0		
82354	,	0		
82355	als	0		
82356	die	0		
82357	Judenverfolgungen	0		
82358	unsrer	0	(mention_id=9759|references=(entity=(entity_id=entity_0505|fullname=Mr. Livingstone|gender=m)),(entity=(entity_id=generic_3844|fullname=generic_0189|gender=u|specialcase_entity=generic)))	(mention_id=9673|references=(entity=(entity_id=142|fullname=die Sclavenbeglücker|gender=u|specialcase_entity=group)))
82359	mittelalterlichen	0		
82360	Christen	0	(mention_id=9760|references=(entity=(entity_id=generic_3845|fullname=generic_0190|gender=u|specialcase_entity=generic)))	(mention_id=9674|references=(entity=(entity_id=94|fullname=die Christen|gender=u|specialcase_entity=group)))
82361	:	0		
82362	denn	0		
82363	die	0		
82364	Juden	0	(mention_id=9761|references=(entity=(entity_id=generic_3846|fullname=generic_0191|gender=u|specialcase_entity=generic)))	(mention_id=9675|references=(entity=(entity_id=116|fullname=die Juden|gender=u|specialcase_entity=group)))
82365	waren	0		
82366	doch	0		
82367	unzweifelhaft	0		
82368	Weiße	0	(mention_id=9762|references=(entity=(entity_id=generic_3847|fullname=generic_0192|gender=u|specialcase_entity=generic)))	(mention_id=9676|references=(entity=(entity_id=116|fullname=die Juden|gender=u|specialcase_entity=group)))
82369	und	0		
82370	nicht	0		
82371	Schwarze	0	(mention_id=9763|references=(entity=(entity_id=generic_3848|fullname=generic_0193|gender=u|specialcase_entity=generic)))	(mention_id=9677|references=(entity=(entity_id=138|fullname=die Schwarzen|gender=u|specialcase_entity=group)))
82372	!	0		
82373	Seht	0		
82374	,	0		
82375	so	0		
82376	unversöhnlich	0		
82377	ist	0		
82378	ein	0		
82379	Verhältniß	0		
82380	von	0		
82381	Sclaven	0	(mention_id=9764|references=(entity=(entity_id=generic_3849|fullname=generic_0194|gender=u|specialcase_entity=generic)))	(mention_id=9678|references=(entity=(entity_id=generic_0040|fullname=die Sclaven im Allgemeinen|gender=u|specialcase_entity=generic)))
82382	und	0		
82383	Herren	0	(mention_id=9765|references=(entity=(entity_id=generic_3850|fullname=generic_0195|gender=u|specialcase_entity=generic)))	(mention_id=9679|references=(entity=(entity_id=generic_0080|fullname=die Herren im Allgemeinen|gender=u|specialcase_entity=generic)))
82384	,	0		
82385	daß	0		
82386	selbst	0		
82387	die	0		
82388	alles-versöhnende	0		
82389	Bildung	0		
82390	den	0		
82391	Abgrund	0		
82392	nicht	0		
82393	schließt	0		
82394	,	0		
82395	ihr	0	(mention_id=9766|references=(entity=(entity_id=generic_3851|fullname=generic_0196|gender=u|specialcase_entity=generic)),(entity=(entity_id=entity_0504|fullname=General Morton|gender=m)))	(mention_id=9680|references=(entity=(entity_id=142|fullname=die Sclavenbeglücker|gender=u|specialcase_entity=group)))
82396	mögt	0		
82397	hineinwerfen	0		
82398	was	0		
82399	ihr	0	(mention_id=9767|references=(entity=(entity_id=entity_0504|fullname=General Morton|gender=m)),(entity=(entity_id=generic_3852|fullname=generic_0197|gender=u|specialcase_entity=generic)))	(mention_id=9681|references=(entity=(entity_id=142|fullname=die Sclavenbeglücker|gender=u|specialcase_entity=group)))
82400	wollt	0		
82401	.	0		
82402	Nein	0		
82403	,	0		
82404	ein	0		
82405	unsittliches	0		
82406	Prinzip	0		
82407	ist	0		
82408	nicht	0		
82409	sittlich	0		
82410	zu	0		
82411	handhaben	0		
82412	.	0		
82413	Zu	0		
82414	verbessern	0		
82415	ist	0		
82416	nicht	0		
82417	,	0		
82418	was	0		
82419	nur	0		
82420	aufzuheben	0		
82421	ist	0		
82422	.	0		
82423	Der	0		
82424	Modus	0		
82425	der	0		
82426	Aufhebung	0		
82427	kann	0		
82428	allein	0		
82429	hier	0		
82430	Gegenstand	0		
82431	des	0		
82432	vernünftigen	0		
82433	Nachdenkens	0		
82434	sein	0		
82435	,	0		
82436	oder	0		
82437	sagen	0		
82438	wir	0	(mention_id=9768|references=(entity=(entity_id=entity_0505|fullname=Mr. Livingstone|gender=m)))	(mention_id=9682|references=(entity=(entity_id=28|fullname=Livingstone|gender=m)))
82439	besser	0		
82440	:	0		
82441	des	0		
82442	ernstlichen	0		
82443	Bestrebens	0		
82444	.	0		
82445	Leider	0		
82446	verabscheuen	0		
82447	meine	0	(mention_id=9769|references=(entity=(entity_id=entity_0505|fullname=Mr. Livingstone|gender=m)))	(mention_id=9683|references=(entity=(entity_id=28|fullname=Livingstone|gender=m)))
82448	Consulenten	0	(mention_id=9770|references=(entity=(entity_id=generic_3853|fullname=generic_0198|gender=u|specialcase_entity=generic)))	(mention_id=9684|references=(entity=(entity_id=95|fullname=die Consulenten im Süden|gender=u|specialcase_entity=group)))
82449	im	0		
82450	Süden	0		
82451	die	0		
82452	Aufhebung	0		
82453	in	0		
82454	all	0		
82455	ihren	0		
82456	Modalitäten	0		
82457	.	0		
82458	Was	0		
82459	habe	0		
82460	ich	0	(mention_id=9771|references=(entity=(entity_id=entity_0505|fullname=Mr. Livingstone|gender=m)))	(mention_id=9685|references=(entity=(entity_id=28|fullname=Livingstone|gender=m)))
82461	nicht	0		
82462	versucht	0		
82463	,	0		
82464	Ganzes	0		
82465	und	0		
82466	Halbes	0		
82467	!	0		
82468	Ich	0	(mention_id=9772|references=(entity=(entity_id=entity_0505|fullname=Mr. Livingstone|gender=m)))	(mention_id=9686|references=(entity=(entity_id=28|fullname=Livingstone|gender=m)))
82469	habe	0		
82470	das	0		
82471	mild-menschliche	0		
82472	Sclavenwesen	0		
82473	Asien's	0		
82474	und	0		
82475	Afrika's	0		
82476	studirt	0		
82477	,	0		
82478	und	0		
82479	von	0		
82480	dort	0		
82481	her	0		
82482	mindestens	0		
82483	die	0		
82484	erträglichsten	0		
82485	Formen	0		
82486	des	0		
82487	Sclavenbesitzes	0		
82488	entlehnen	0		
82489	gewollt	0		
82490	.	0		
82491	Denn	0		
82492	so	0		
82493	trostlos	0		
82494	liegt	0		
82495	leider	0		
82496	die	0		
82497	Sache	0		
82498	,	0		
82499	daß	0		
82500	Amerikaner	0	(mention_id=9773|references=(entity=(entity_id=generic_3854|fullname=generic_0199|gender=u|specialcase_entity=generic)))	(mention_id=9687|references=(entity=(entity_id=generic_0025|fullname=Amerikaner im Allgemeinen|gender=u|specialcase_entity=generic)))
82501	,	0		
82502	die	0		
82503	exactesten	0		
82504	Christen	0	(mention_id=9774|references=(entity=(entity_id=generic_3855|fullname=generic_0200|gender=u|specialcase_entity=generic)))	(mention_id=9688|references=(entity=(entity_id=generic_0081|fullname=Christen im Allgemeinen|gender=u|specialcase_entity=generic)))
82505	der	0		
82506	Welt	0		
82507	,	0		
82508	von	0		
82509	Muhamedanern	0	(mention_id=9775|references=(entity=(entity_id=generic_3856|fullname=generic_0201|gender=u|specialcase_entity=generic)))	(mention_id=9689|references=(entity=(entity_id=generic_0086|fullname=Muhamedaner im Allgemeinen|gender=u|specialcase_entity=generic)))
82510	lernen	0		
82511	könnten	0		
82512	!	0		
82513	Ich	0	(mention_id=9776|references=(entity=(entity_id=entity_0505|fullname=Mr. Livingstone|gender=m)))	(mention_id=9690|references=(entity=(entity_id=28|fullname=Livingstone|gender=m)))
82514	habe	0		
82515	das	0		
82516	Beispiel	0		
82517	aufgestellt	0		
82518	:	0		
82519	auf	0		
82520	dem	0		
82521	Sclavenstande	0		
82522	hafte	0		
82523	im	0		
82524	Orient	0		
82525	keine	0		
82526	Schande	0		
82527	.	0		
82528	Der	0		
82529	Muhamedaner	0	(mention_id=9777|references=(entity=(entity_id=generic_3857|fullname=generic_0202|gender=u|specialcase_entity=generic)))	(mention_id=9691|references=(entity=(entity_id=generic_0088|fullname=der Muhamedaner im Allgemeinen|gender=u|specialcase_entity=generic)))
82530	hat	0		
82531	nicht	0		
82532	Racenhaß	0		
82533	;	0		
82534	die	0		
82535	schmähliche	0		
82536	Sophistik	0		
82537	,	0		
82538	den	0		
82539	Negern	0	(mention_id=9778|references=(entity=(entity_id=generic_3858|fullname=generic_0203|gender=u|specialcase_entity=generic)))	(mention_id=9692|references=(entity=(entity_id=generic_0091|fullname=die Neger im Allgemeinen|gender=u|specialcase_entity=generic)))
82540	die	0		
82541	volle	0		
82542	Menschheit	0		
82543	abzusprechen	0		
82544	,	0		
82545	womit	0		
82546	sich	0	(mention_id=9779|references=(entity=(entity_id=generic_3859|fullname=generic_0204|gender=u|specialcase_entity=generic)))	(mention_id=9693|references=(entity=(entity_id=generic_0082|fullname=Christen im Allgemeinen|gender=u|specialcase_entity=generic)))
82547	Christen	0	(mention_id=9780|references=(entity=(entity_id=generic_3860|fullname=generic_0205|gender=u|specialcase_entity=generic)))	(mention_id=9694|references=(entity=(entity_id=generic_0083|fullname=Christen im Allgemeinen|gender=u|specialcase_entity=generic)))
82548	befleckt	0		
82549	haben	0		
82550	,	0		
82551	ist	0		
82552	den	0		
82553	Ungläubigen	0	(mention_id=9781|references=(entity=(entity_id=generic_3861|fullname=generic_0206|gender=u|specialcase_entity=generic)))	(mention_id=9695|references=(entity=(entity_id=generic_0092|fullname=die Ungläubigen im Allgemeinen|gender=u|specialcase_entity=generic)))
82554	nie	0		
82555	in	0		
82556	den	0		
82557	Sinn	0		
82558	gekommen	0		
82559	.	0		
82560	Der	0		
82561	Muhamedaner	0	(mention_id=9782|references=(entity=(entity_id=generic_3862|fullname=generic_0207|gender=u|specialcase_entity=generic)))	(mention_id=9696|references=(entity=(entity_id=generic_0089|fullname=der Muhamedaner im Allgemeinen|gender=u|specialcase_entity=generic)))
82562	hat	0		
82563	keinen	0		
82564	Code	0		
82565	noir	0		
82566	;	0		
82567	die	0		
82568	Verbrechen	0		
82569	der	0		
82570	Sclaven	0	(mention_id=9783|references=(entity=(entity_id=generic_3863|fullname=generic_0208|gender=u|specialcase_entity=generic)))	(mention_id=9697|references=(entity=(entity_id=generic_0041|fullname=die Sclaven im Allgemeinen|gender=u|specialcase_entity=generic)))
82571	werden	0		
82572	von	0		
82573	ihm	0	(mention_id=9784|references=(entity=(entity_id=generic_3864|fullname=generic_0209|gender=u|specialcase_entity=generic)))	(mention_id=9698|references=(entity=(entity_id=generic_0090|fullname=der Muhamedaner im Allgemeinen|gender=u|specialcase_entity=generic)))
82574	mit	0		
82575	einer	0		
82576	sehr	0		
82577	richtigen	0		
82578	Würdigung	0		
82579	ihrer	0	(mention_id=9785|references=(entity=(entity_id=generic_3865|fullname=generic_0210|gender=u|specialcase_entity=generic)))	(mention_id=9699|references=(entity=(entity_id=generic_0042|fullname=die Sclaven im Allgemeinen|gender=u|specialcase_entity=generic)))
82580	bürgerlichen	0		
82581	Unzurechnungsfähigkeit	0		
82582	in	0		
82583	allen	0		
82584	Fällen	0		
82585	nur	0		
82586	mit	0		
82587	der	0		
82588	Hälfte	0		
82589	der	0		
82590	Strafen	0		
82591	belegt	0		
82592	,	0		
82593	welche	0		
82594	das	0		
82595	gleiche	0		
82596	Verbrechen	0		
82597	des	0		
82598	freien	0		
82599	Mannes	0	(mention_id=9786|references=(entity=(entity_id=generic_3866|fullname=generic_0211|gender=u|specialcase_entity=generic)))	(mention_id=9700|references=(entity=(entity_id=generic_0093|fullname=der freie Mann im Allgemeinen|gender=u|specialcase_entity=generic)))
82600	träfe	0		
82601	.	0		
82602	Wir	0	(mention_id=9787|references=(entity=(entity_id=entity_0505|fullname=Mr. Livingstone|gender=m)),(entity=(entity_id=generic_3867|fullname=generic_0212|gender=u|specialcase_entity=generic)))	(mention_id=9701|references=(entity=(entity_id=generic_0084|fullname=Christen im Allgemeinen|gender=u|specialcase_entity=generic)))
82603	Christen	0	(mention_id=9788|references=(entity=(entity_id=generic_3868|fullname=generic_0213|gender=u|specialcase_entity=generic)))	(mention_id=9702|references=(entity=(entity_id=generic_0085|fullname=Christen im Allgemeinen|gender=u|specialcase_entity=generic)))
82604	machen	0		
82605	es	0		
82606	bekanntlich	0		
82607	umgekehrt	0		
82608	.	0		
82609	Eben	0		
82610	so	0		
82611	habe	0		
82612	ich	0	(mention_id=9789|references=(entity=(entity_id=entity_0505|fullname=Mr. Livingstone|gender=m)))	(mention_id=9703|references=(entity=(entity_id=28|fullname=Livingstone|gender=m)))
82613	angerathen	0		
82614	,	0		
82615	gleich	0		
82616	den	0		
82617	Muhamedanern	0	(mention_id=9790|references=(entity=(entity_id=generic_3869|fullname=generic_0214|gender=u|specialcase_entity=generic)))	(mention_id=9704|references=(entity=(entity_id=generic_0087|fullname=Muhamedaner im Allgemeinen|gender=u|specialcase_entity=generic)))
82618	,	0		
82619	die	0		
82620	Sclaven	0	(mention_id=9791|references=(entity=(entity_id=generic_3870|fullname=generic_0215|gender=u|specialcase_entity=generic)))	(mention_id=9705|references=(entity=(entity_id=generic_0043|fullname=die Sclaven im Allgemeinen|gender=u|specialcase_entity=generic)))
82621	vom	0		
82622	Herrn	0	(mention_id=9792|references=(entity=(entity_id=generic_3871|fullname=generic_0216|gender=u|specialcase_entity=generic)))	(mention_id=9706|references=(entity=(entity_id=generic_0057|fullname=der Herr im Allgemeinen|gender=u|specialcase_entity=generic)))
82623	erben	0		
82624	,	0		
82625	ja	0		
82626	sie	0		(mention_id=9707|references=(entity=(entity_id=generic_0044|fullname=die Sclaven im Allgemeinen|gender=u|specialcase_entity=generic)))
82627	in	0		
82628	die	0		
82629	Familie	0	(mention_id=9793|references=(entity=(entity_id=generic_3872|fullname=generic_0217|gender=u|specialcase_entity=generic)))	(mention_id=9708|references=(entity=(entity_id=generic_0094|fullname=die Familie im Allgemeinen|gender=u|specialcase_entity=generic)))
82630	heirathen	0		
82631	zu	0		
82632	lassen	0		
82633	;	0		
82634	welch	0		
82635	letzteren	0		
82636	Gebrauch	0		
82637	christliche	0		
82638	Sclavenhalter	0	(mention_id=9794|references=(entity=(entity_id=generic_3873|fullname=generic_0218|gender=u|specialcase_entity=generic)))	(mention_id=9709|references=(entity=(entity_id=generic_0095|fullname=christliche Sclavenhalter im Allgemeinen|gender=u|specialcase_entity=generic)))
82639	leider	0		
82640	in	0		
82641	gleichfalls	0		
82642	umgekehrter	0		
82643	Tendenz	0		
82644	,	0		
82645	und	0		
82646	zwar	0		
82647	dergestallt	0		
82648	pflegen	0		
82649	,	0		
82650	daß	0		
82651	der	0		
82652	Herr	0	(mention_id=9795|references=(entity=(entity_id=generic_3874|fullname=generic_0219|gender=u|specialcase_entity=generic)))	(mention_id=9710|references=(entity=(entity_id=generic_0058|fullname=der Herr im Allgemeinen|gender=u|specialcase_entity=generic)))
82653	,	0		
82654	oder	0		
82655	sein	0	(mention_id=9796|references=(entity=(entity_id=generic_3875|fullname=generic_0220|gender=u|specialcase_entity=generic)))	(mention_id=9711|references=(entity=(entity_id=generic_0059|fullname=der Herr im Allgemeinen|gender=u|specialcase_entity=generic)))
82656	Sohn	0	(mention_id=9797|references=(entity=(entity_id=generic_3876|fullname=generic_0221|gender=u|specialcase_entity=generic)))	(mention_id=9712|references=(entity=(entity_id=generic_0096|fullname=der Sohn des Herrn im Allgemeinen|gender=u|specialcase_entity=generic)))
82657	mit	0		
82658	der	0		
82659	Sclavin	0		(mention_id=9713|references=(entity=(entity_id=generic_0097|fullname=die Sclavin im Allgemeinen|gender=u|specialcase_entity=generic)))
82660	Kinder	0		(mention_id=9714|references=(entity=(entity_id=generic_0098|fullname=die Kinder des Herrn und der Sclavin im Allgemeinen|gender=u|specialcase_entity=generic)))
82661	erzeugt	0		
82662	,	0		
82663	um	0		
82664	aus	0		
82665	Herrenblut	0		(mention_id=9715|references=(entity=(entity_id=generic_0099|fullname=Herrenblut im Allgemeinen|gender=u|specialcase_entity=generic)))
82666	Sclavencapital	0		
82667	zu	0		
82668	münzen	0		
82669	,	0		
82670	statt	0		
82671	entgegengesetzt	0		
82672	.	0		
82673	Gebet	0		
82674	es	0		
82675	auf	0		
82676	,	0		
82677	habe	0		
82678	ich	0	(mention_id=9798|references=(entity=(entity_id=entity_0505|fullname=Mr. Livingstone|gender=m)))	(mention_id=9716|references=(entity=(entity_id=28|fullname=Livingstone|gender=m)))
82679	gepredigt	0		
82680	,	0		
82681	eure	0	(mention_id=9799|references=(entity=(entity_id=generic_3877|fullname=generic_0222|gender=u|specialcase_entity=generic)))	(mention_id=9717|references=(entity=(entity_id=142|fullname=die Sclavenbeglücker|gender=u|specialcase_entity=group)))
82682	Verhältnisse	0		
82683	zu	0		
82684	den	0		
82685	Schwarzen	0	(mention_id=9800|references=(entity=(entity_id=generic_3878|fullname=generic_0223|gender=u|specialcase_entity=generic)))	(mention_id=9718|references=(entity=(entity_id=138|fullname=die Schwarzen|gender=u|specialcase_entity=group)))
82686	als	0		
82687	das	0		
82688	von	0		
82689	Herren	0	(mention_id=9801|references=(entity=(entity_id=generic_3879|fullname=generic_0224|gender=u|specialcase_entity=generic)))	(mention_id=9719|references=(entity=(entity_id=113|fullname=die Herren|gender=u|specialcase_entity=group)))
82690	zu	0		
82691	Sclaven	0	(mention_id=9802|references=(entity=(entity_id=generic_3880|fullname=generic_0225|gender=u|specialcase_entity=generic)))	(mention_id=9720|references=(entity=(entity_id=139|fullname=die Sclaven|gender=u|specialcase_entity=group)))
82692	zu	0		
82693	betrachten	0		
82694	;	0		
82695	betrachtet	0		
82696	es	0		
82697	besser	0		
82698	als	0		
82699	ein	0		
82700	Nebeneinander	0		
82701	zweier	0		
82702	Nationen	0		
82703	:	0		
82704	ihr	0	(mention_id=9803|references=(entity=(entity_id=generic_3881|fullname=generic_0226|gender=u|specialcase_entity=generic)))	(mention_id=9721|references=(entity=(entity_id=142|fullname=die Sclavenbeglücker|gender=u|specialcase_entity=group)))
82705	wäret	0		
82706	die	0		
82707	siegende	0	(mention_id=9804|references=(entity=(entity_id=generic_3882|fullname=generic_0227|gender=u|specialcase_entity=generic)))	
82708	,	0		
82709	jene	0	(mention_id=9805|references=(entity=(entity_id=generic_3883|fullname=generic_0228|gender=u|specialcase_entity=generic)))	
82710	die	0		
82711	besiegte	0		
82712	Nation	0		(mention_id=9722|references=(entity=(entity_id=158|fullname=die besiegte Nation|gender=u|specialcase_entity=group)))
82713	.	0		
82714	Wohlan	0		
82715	,	0		
82716	vermischt	0		
82717	euch	0	(mention_id=9806|references=(entity=(entity_id=generic_3884|fullname=generic_0229|gender=u|specialcase_entity=generic)))	(mention_id=9723|references=(entity=(entity_id=142|fullname=die Sclavenbeglücker|gender=u|specialcase_entity=group)))
82718	,	0		
82719	rieth	0		
82720	ich	0	(mention_id=9807|references=(entity=(entity_id=entity_0505|fullname=Mr. Livingstone|gender=m)))	(mention_id=9724|references=(entity=(entity_id=28|fullname=Livingstone|gender=m)))
82721	,	0		
82722	Sieger	0	(mention_id=9808|references=(entity=(entity_id=generic_3885|fullname=generic_0230|gender=u|specialcase_entity=generic)))	(mention_id=9725|references=(entity=(entity_id=144|fullname=die Sieger|gender=u|specialcase_entity=group)))
82723	und	0		
82724	Besiegte	0	(mention_id=9809|references=(entity=(entity_id=generic_3886|fullname=generic_0231|gender=u|specialcase_entity=generic)))	(mention_id=9726|references=(entity=(entity_id=92|fullname=die Besiegten|gender=u|specialcase_entity=group)))
82725	,	0		
82726	zu	0		
82727	einer	0		
82728	neuen	0		
82729	Nationalität	0		
82730	,	0		
82731	wie	0		
82732	sich	0		(mention_id=9727|references=(entity=(entity_id=132|fullname=die Normannen|gender=u|specialcase_entity=group)),(entity=(entity_id=137|fullname=die Sachsen|gender=u|specialcase_entity=group)))
82733	die	0		
82734	Normanen	0	(mention_id=9810|references=(entity=(entity_id=generic_3887|fullname=generic_0232|gender=u|specialcase_entity=generic)))	(mention_id=9728|references=(entity=(entity_id=132|fullname=die Normannen|gender=u|specialcase_entity=group)))
82735	mit	0		
82736	den	0		
82737	Sachsen	0	(mention_id=9811|references=(entity=(entity_id=generic_3888|fullname=generic_0233|gender=u|specialcase_entity=generic)))	(mention_id=9729|references=(entity=(entity_id=137|fullname=die Sachsen|gender=u|specialcase_entity=group)))
82738	zur	0		
82739	englischen	0	(mention_id=9812|references=(entity=(entity_id=generic_3889|fullname=generic_0234|gender=u|specialcase_entity=generic)))	
82740	vermischt	0		
82741	haben	0		
82742	.	0		
82743	Von	0		
82744	eurem	0		(mention_id=9730|references=(entity=(entity_id=142|fullname=die Sclavenbeglücker|gender=u|specialcase_entity=group)))
82745	Blute	0		
82746	tragen	0		
82747	sie	0	(mention_id=9813|references=(entity=(entity_id=generic_3890|fullname=generic_0235|gender=u|specialcase_entity=generic)))	(mention_id=9731|references=(entity=(entity_id=131|fullname=die Niggers|gender=u|specialcase_entity=group)))
82748	ja	0		
82749	doch	0		
82750	längst	0		
82751	schon	0		
82752	in	0		
82753	sich	0	(mention_id=9814|references=(entity=(entity_id=generic_3891|fullname=generic_0236|gender=u|specialcase_entity=generic)))	
82754	,	0		
82755	und	0		
82756	von	0		
82757	eurer	0	(mention_id=9815|references=(entity=(entity_id=generic_3892|fullname=generic_0237|gender=u|specialcase_entity=generic)))	(mention_id=9732|references=(entity=(entity_id=142|fullname=die Sclavenbeglücker|gender=u|specialcase_entity=group)))
82758	Intelligenz	0		
82759	ebenfalls	0		
82760	;	0		
82761	physisch	0		
82762	wie	0		
82763	geistig	0		
82764	stehen	0		
82765	eure	0	(mention_id=9816|references=(entity=(entity_id=generic_3893|fullname=generic_0238|gender=u|specialcase_entity=generic)))	(mention_id=9733|references=(entity=(entity_id=142|fullname=die Sclavenbeglücker|gender=u|specialcase_entity=group)))
82766	Niggers	0	(mention_id=9817|references=(entity=(entity_id=generic_3894|fullname=generic_0239|gender=u|specialcase_entity=generic)))	(mention_id=9734|references=(entity=(entity_id=131|fullname=die Niggers|gender=u|specialcase_entity=group)))
82767	den	0		
82768	afrikanischen	0		
82769	Bozals	0	(mention_id=9818|references=(entity=(entity_id=generic_3895|fullname=generic_0240|gender=u|specialcase_entity=generic)))	(mention_id=9735|references=(entity=(entity_id=152|fullname=die afrikanischen Bozals|gender=u|specialcase_entity=group)))
82770	,	0		
82771	was	0		
82772	ihr	0	(mention_id=9819|references=(entity=(entity_id=generic_3896|fullname=generic_0241|gender=u|specialcase_entity=generic)))	(mention_id=9736|references=(entity=(entity_id=142|fullname=die Sclavenbeglücker|gender=u|specialcase_entity=group)))
82773	auch	0		
82774	sagen	0		
82775	mögt	0		
82776	,	0		
82777	bereits	0		
82778	ferne	0		
82779	.	0		
82780	Sie	0	(mention_id=9820|references=(entity=(entity_id=generic_3897|fullname=generic_0242|gender=u|specialcase_entity=generic)))	(mention_id=9737|references=(entity=(entity_id=131|fullname=die Niggers|gender=u|specialcase_entity=group)))
82781	sind	0		
82782	Bürger	0	(mention_id=9821|references=(entity=(entity_id=generic_3898|fullname=generic_0243|gender=u|specialcase_entity=generic)))	(mention_id=9738|references=(entity=(entity_id=131|fullname=die Niggers|gender=u|specialcase_entity=group)))
82783	eures	0	(mention_id=9822|references=(entity=(entity_id=generic_3899|fullname=generic_0244|gender=u|specialcase_entity=generic)))	(mention_id=9739|references=(entity=(entity_id=142|fullname=die Sclavenbeglücker|gender=u|specialcase_entity=group)))
82784	Bodens	0		
82785	,	0		
82786	erkennt	0		
82787	es	0		
82788	an	0		
82789	und	0		
82790	euer	0	(mention_id=9823|references=(entity=(entity_id=generic_3900|fullname=generic_0245|gender=u|specialcase_entity=generic)))	(mention_id=9740|references=(entity=(entity_id=142|fullname=die Sclavenbeglücker|gender=u|specialcase_entity=group)))
82791	Uebel	0		
82792	ist	0		
82793	geheilt	0		
82794	.	0		
82795	Aber	0		
82796	sie	0	(mention_id=9824|references=(entity=(entity_id=generic_3901|fullname=generic_0246|gender=u|specialcase_entity=generic)))	(mention_id=9741|references=(entity=(entity_id=142|fullname=die Sclavenbeglücker|gender=u|specialcase_entity=group)))
82797	wollen	0		
82798	nicht	0		
82799	.	0		
82800	—	0		
82801	Andere	0	(mention_id=9825|references=(entity=(entity_id=generic_3902|fullname=generic_0247|gender=u|specialcase_entity=generic)))	(mention_id=9742|references=(entity=(entity_id=2|fullname=Andere|gender=u|specialcase_entity=group)))
82802	zeigten	0		
82803	sich	0	(mention_id=9826|references=(entity=(entity_id=generic_3903|fullname=generic_0248|gender=u|specialcase_entity=generic)))	(mention_id=9743|references=(entity=(entity_id=2|fullname=Andere|gender=u|specialcase_entity=group)))
82804	besser	0		
82805	gesinnt	0		
82806	,	0		
82807	riefen	0		
82808	aber	0		
82809	rath	0		
82810	los	0		
82811	:	0		
82812	Wohin	0		
82813	mit	0		
82814	unsern	0	(mention_id=9827|references=(entity=(entity_id=generic_3904|fullname=generic_0249|gender=u|specialcase_entity=generic)))	(mention_id=9744|references=(entity=(entity_id=2|fullname=Andere|gender=u|specialcase_entity=group)))
82815	Freigelassenen	0	(mention_id=9828|references=(entity=(entity_id=generic_3905|fullname=generic_0250|gender=u|specialcase_entity=generic)))	(mention_id=9745|references=(entity=(entity_id=104|fullname=die Freigelassenen|gender=u|specialcase_entity=group)))
82816	?	0		
82817	Gerne	0		
82818	wären	0		
82819	wir	0	(mention_id=9829|references=(entity=(entity_id=generic_3906|fullname=generic_0251|gender=u|specialcase_entity=generic)))	(mention_id=9746|references=(entity=(entity_id=2|fullname=Andere|gender=u|specialcase_entity=group)))
82820	bereit	0		
82821	unser	0	(mention_id=9830|references=(entity=(entity_id=generic_3907|fullname=generic_0252|gender=u|specialcase_entity=generic)))	(mention_id=9747|references=(entity=(entity_id=2|fullname=Andere|gender=u|specialcase_entity=group)))
82822	überflüssiges	0		
82823	Capital	0		
82824	an	0		
82825	sich	0	(mention_id=9831|references=(entity=(entity_id=generic_3908|fullname=generic_0253|gender=u|specialcase_entity=generic)))	(mention_id=9748|references=(entity=(entity_id=55|fullname=das überflüssige Capital|gender=u|specialcase_entity=nonfact)))
82826	selbst	0		
82827	zu	0		
82828	verschenken	0		
82829	,	0		
82830	aber	0		
82831	wohin	0		
82832	damit	0		
82833	?	0		
82834	Liberia	0		
82835	hat	0		
82836	sich	0		
82837	als	0		
82838	ein	0		
82839	Puppenspiel	0		
82840	erwiesen	0		
82841	,	0		
82842	die	0		
82843	weißen	0		
82844	Staaten	0		
82845	wehren	0		
82846	und	0		
82847	erschweren	0		
82848	den	0		
82849	Eintritt	0		
82850	von	0		
82851	Niggers	0	(mention_id=9832|references=(entity=(entity_id=generic_3909|fullname=generic_0254|gender=u|specialcase_entity=generic)))	(mention_id=9749|references=(entity=(entity_id=131|fullname=die Niggers|gender=u|specialcase_entity=group)))
82852	auf	0		
82853	jede	0		
82854	denkbare	0		
82855	Weise	0		
82856	—	0		
82857	wie	0		
82858	abolitioniren	0		
82859	wir	0	(mention_id=9833|references=(entity=(entity_id=generic_3910|fullname=generic_0255|gender=u|specialcase_entity=generic)),(entity=(entity_id=entity_0505|fullname=Mr. Livingstone|gender=m)))	(mention_id=9750|references=(entity=(entity_id=2|fullname=Andere|gender=u|specialcase_entity=group)))
82860	das	0		
82861	Uebel	0		
82862	?	0		
82863	Und	0		
82864	in	0		
82865	der	0		
82866	Verlegenheit	0		
82867	wissen	0		
82868	sie	0	(mention_id=9834|references=(entity=(entity_id=generic_3911|fullname=generic_0256|gender=u|specialcase_entity=generic)))	(mention_id=9751|references=(entity=(entity_id=2|fullname=Andere|gender=u|specialcase_entity=group)))
82869	sich	0	(mention_id=9835|references=(entity=(entity_id=generic_3912|fullname=generic_0257|gender=u|specialcase_entity=generic)))	(mention_id=9752|references=(entity=(entity_id=2|fullname=Andere|gender=u|specialcase_entity=group)))
82870	nicht	0		
82871	andern	0		
82872	Rath	0		
82873	,	0		
82874	als	0		
82875	das	0		
82876	Uebel	0		
82877	fort	0		
82878	und	0		
82879	fort	0		
82880	einander	0		(mention_id=9753|references=(entity=(entity_id=2|fullname=Andere|gender=u|specialcase_entity=group)))
82881	sich	0	(mention_id=9836|references=(entity=(entity_id=generic_3913|fullname=generic_0258|gender=u|specialcase_entity=generic)))	(mention_id=9754|references=(entity=(entity_id=2|fullname=Andere|gender=u|specialcase_entity=group)))
82882	zuzuwälzen	0		
82883	,	0		
82884	jeden	0		
82885	neu	0		
82886	der	0		
82887	Union	0		
82888	zuwachsenden	0		
82889	Staat	0		
82890	mit	0		
82891	allen	0		
82892	bösen	0		
82893	Künsten	0		
82894	der	0		
82895	Partei-Politik	0		
82896	für	0		
82897	den	0		
82898	Fluch	0		
82899	ihres	0	(mention_id=9837|references=(entity=(entity_id=generic_3914|fullname=generic_0259|gender=u|specialcase_entity=generic)))	(mention_id=9755|references=(entity=(entity_id=2|fullname=Andere|gender=u|specialcase_entity=group)))
82900	Sclavensystems	0		
82901	zu	0		
82902	werben	0		
82903	,	0		
82904	wie	0		
82905	kürzlich	0		
82906	wieder	0		
82907	Missouri	0		
82908	,	0		
82909	und	0		
82910	athmen	0		
82911	hoch	0		
82912	auf	0		
82913	,	0		
82914	wenn	0		
82915	die	0		
82916	Geisel	0		(mention_id=9756|references=(entity=(entity_id=106|fullname=die Geisel|gender=u|specialcase_entity=nonfact)))
82917	eine	0		
82918	Secunde	0		
82919	lang	0		
82920	ruht	0		
82921	,	0		
82922	blos	0		
82923	darum	0		
82924	weil	0		
82925	ein	0		
82926	neuer	0		
82927	Riemen	0		
82928	hineingeflochten	0		
82929	wird	0		
82930	.	0		
82931	Denen	0	(mention_id=9838|references=(entity=(entity_id=generic_3915|fullname=generic_0260|gender=u|specialcase_entity=generic)))	
82932	schrieb	0		
82933	ich	0	(mention_id=9839|references=(entity=(entity_id=entity_0505|fullname=Mr. Livingstone|gender=m)))	(mention_id=9757|references=(entity=(entity_id=28|fullname=Livingstone|gender=m)))
82934	:	0		
82935	ist’s	0		
82936	möglich	0		
82937	,	0		
82938	daß	0		
82939	wir	0	(mention_id=9840|references=(entity=(entity_id=entity_0505|fullname=Mr. Livingstone|gender=m)),(entity=(entity_id=generic_3916|fullname=generic_0261|gender=u|specialcase_entity=generic)))	(mention_id=9758|references=(entity=(entity_id=28|fullname=Livingstone|gender=m)))
82940	bei	0		
82941	dem	0		
82942	guten	0		
82943	Willen	0		
82944	für	0		
82945	Liberia	0		
82946	nicht	0		
82947	längst	0		
82948	schon	0		
82949	einen	0		
82950	näher	0		
82951	liegenden	0		
82952	Gedanken	0		
82953	gefunden	0		
82954	haben	0		
82955	?	0		
82956	Räumen	0		
82957	wir	0	(mention_id=9841|references=(entity=(entity_id=entity_0505|fullname=Mr. Livingstone|gender=m)),(entity=(entity_id=generic_3917|fullname=generic_0262|gender=u|specialcase_entity=generic)))	(mention_id=9759|references=(entity=(entity_id=28|fullname=Livingstone|gender=m)))
82958	unsern	0		(mention_id=9760|references=(entity=(entity_id=28|fullname=Livingstone|gender=m)))
82959	Niggers	0	(mention_id=9842|references=(entity=(entity_id=generic_3918|fullname=generic_0263|gender=u|specialcase_entity=generic)))	(mention_id=9761|references=(entity=(entity_id=131|fullname=die Niggers|gender=u|specialcase_entity=group)))
82960	ein	0		
82961	Territorium	0		
82962	in	0		
82963	der	0		
82964	Union	0		
82965	ein	0		
82966	!	0		
82967	Machen	0		
82968	wir	0	(mention_id=9843|references=(entity=(entity_id=entity_0505|fullname=Mr. Livingstone|gender=m)),(entity=(entity_id=generic_3919|fullname=generic_0264|gender=u|specialcase_entity=generic)))	(mention_id=9762|references=(entity=(entity_id=28|fullname=Livingstone|gender=m)))
82969	sie	0	(mention_id=9844|references=(entity=(entity_id=generic_3920|fullname=generic_0265|gender=u|specialcase_entity=generic)))	(mention_id=9763|references=(entity=(entity_id=131|fullname=die Niggers|gender=u|specialcase_entity=group)))
82970	zu	0		
82971	einem	0		
82972	Stern	0		
82973	unsers	0	(mention_id=9845|references=(entity=(entity_id=entity_0505|fullname=Mr. Livingstone|gender=m)),(entity=(entity_id=generic_3921|fullname=generic_0266|gender=u|specialcase_entity=generic)))	(mention_id=9764|references=(entity=(entity_id=28|fullname=Livingstone|gender=m)))
82974	Sternbanners	0		
82975	,	0		
82976	gönnen	0		
82977	wir	0	(mention_id=9846|references=(entity=(entity_id=entity_0505|fullname=Mr. Livingstone|gender=m)),(entity=(entity_id=generic_3922|fullname=generic_0267|gender=u|specialcase_entity=generic)))	(mention_id=9765|references=(entity=(entity_id=28|fullname=Livingstone|gender=m)))
82978	ihnen	0	(mention_id=9847|references=(entity=(entity_id=generic_3923|fullname=generic_0268|gender=u|specialcase_entity=generic)))	(mention_id=9766|references=(entity=(entity_id=131|fullname=die Niggers|gender=u|specialcase_entity=group)))
82979	ihr	0	(mention_id=9848|references=(entity=(entity_id=generic_3924|fullname=generic_0269|gender=u|specialcase_entity=generic)))	(mention_id=9767|references=(entity=(entity_id=131|fullname=die Niggers|gender=u|specialcase_entity=group)))
82980	eigenes	0		
82981	Staatsleben	0		
82982	in	0		
82983	einem	0		
82984	unsrer	0	(mention_id=9849|references=(entity=(entity_id=entity_0505|fullname=Mr. Livingstone|gender=m)),(entity=(entity_id=generic_3925|fullname=generic_0270|gender=u|specialcase_entity=generic)))	(mention_id=9768|references=(entity=(entity_id=28|fullname=Livingstone|gender=m)))
82985	eigenen	0		
82986	Staaten	0		
82987	.	0		
82988	Ein	0		
82989	Liberia	0		
82990	jenseits	0		
82991	des	0		
82992	Oceans	0		
82993	hat	0		
82994	sich	0		
82995	als	0		
82996	unpraktisch	0		
82997	ausgewiesen	0		
82998	,	0		
82999	ein	0		
83000	Liberia	0		
83001	jenseits	0		
83002	des	0		
83003	Mississippi	0		
83004	wird	0		
83005	praktisch	0		
83006	sein	0		
83007	.	0		
83008	Aber	0		
83009	sie	0	(mention_id=9850|references=(entity=(entity_id=generic_3926|fullname=generic_0271|gender=u|specialcase_entity=generic)))	(mention_id=9769|references=(entity=(entity_id=142|fullname=die Sclavenbeglücker|gender=u|specialcase_entity=group)))
83010	wollen	0		
83011	wieder	0		
83012	nicht	0		
83013	.	0		
83014	Sie	0	(mention_id=9851|references=(entity=(entity_id=generic_3927|fullname=generic_0272|gender=u|specialcase_entity=generic)))	(mention_id=9770|references=(entity=(entity_id=142|fullname=die Sclavenbeglücker|gender=u|specialcase_entity=group)))
83015	wollen	0		
83016	nichts	0		
83017	.	0		
83018	Sie	0	(mention_id=9852|references=(entity=(entity_id=generic_3928|fullname=generic_0273|gender=u|specialcase_entity=generic)))	(mention_id=9771|references=(entity=(entity_id=142|fullname=die Sclavenbeglücker|gender=u|specialcase_entity=group)))
83019	wollen	0		
83020	nichts	0		
83021	was	0		
83022	sie	0	(mention_id=9853|references=(entity=(entity_id=generic_3929|fullname=generic_0274|gender=u|specialcase_entity=generic)))	(mention_id=9772|references=(entity=(entity_id=142|fullname=die Sclavenbeglücker|gender=u|specialcase_entity=group)))
83023	können	0		
83024	,	0		
83025	sie	0	(mention_id=9854|references=(entity=(entity_id=generic_3930|fullname=generic_0275|gender=u|specialcase_entity=generic)))	(mention_id=9773|references=(entity=(entity_id=142|fullname=die Sclavenbeglücker|gender=u|specialcase_entity=group)))
83026	können	0		
83027	nichts	0		
83028	was	0		
83029	sie	0	(mention_id=9855|references=(entity=(entity_id=generic_3931|fullname=generic_0276|gender=u|specialcase_entity=generic)))	(mention_id=9774|references=(entity=(entity_id=142|fullname=die Sclavenbeglücker|gender=u|specialcase_entity=group)))
83030	wollen	0		
83031	.	0		
83032	So	0		
83033	läßt	0		
83034	man	0		
83035	den	0		
83036	Ernst	0		
83037	des	0		
83038	Augenblicks	0		
83039	herankommen	0		
83040	,	0		
83041	man	0	(mention_id=9856|references=(entity=(entity_id=generic_3932|fullname=generic_0277|gender=u|specialcase_entity=generic)))	
83042	zittert	0		
83043	der	0		
83044	englischen	0		
83045	Abstimmung	0		
83046	entgegen	0		
83047	,	0		
83048	man	0	(mention_id=9857|references=(entity=(entity_id=generic_3933|fullname=generic_0278|gender=u|specialcase_entity=generic)))	
83049	erkennt	0		
83050	die	0		
83051	Solidarität	0		
83052	der	0		
83053	Sclavensache	0		
83054	in	0		
83055	ihrer	0		
83056	ganzen	0		
83057	fürchterlichen	0		
83058	Wahrheit	0		
83059	,	0		
83060	und	0		
83061	doch	0		
83062	scheut	0		
83063	man	0	(mention_id=9858|references=(entity=(entity_id=generic_3934|fullname=generic_0279|gender=u|specialcase_entity=generic)))	
83064	die	0		
83065	Solidarität	0		
83066	mit	0		
83067	der	0		
83068	Klugheit	0		
83069	und	0		
83070	dem	0		
83071	Muthe	0		
83072	der	0		
83073	englischen	0		
83074	Emancipations-Politik	0		
83075	.	0		
83076	Unser	0	(mention_id=9859|references=(entity=(entity_id=entity_0505|fullname=Mr. Livingstone|gender=m)),(entity=(entity_id=generic_3935|fullname=generic_0280|gender=u|specialcase_entity=generic)))	
83077	Sprichwort	0		
83078	sagt	0		
83079	:	0		
83080	die	0		
83081	Engländer	0	(mention_id=9860|references=(entity=(entity_id=generic_3936|fullname=generic_0281|gender=u|specialcase_entity=generic)))	(mention_id=9775|references=(entity=(entity_id=99|fullname=die Engländer|gender=u|specialcase_entity=group)))
83082	prügeln	0		
83083	die	0		
83084	ganze	0		
83085	Welt	0		
83086	,	0		
83087	aber	0		
83088	die	0		
83089	Amerikaner	0	(mention_id=9861|references=(entity=(entity_id=generic_3937|fullname=generic_0282|gender=u|specialcase_entity=generic)))	(mention_id=9776|references=(entity=(entity_id=88|fullname=die Amerikaner|gender=u|specialcase_entity=group)))
83090	prügeln	0		
83091	die	0		
83092	Engländer	0	(mention_id=9862|references=(entity=(entity_id=generic_3938|fullname=generic_0283|gender=u|specialcase_entity=generic)))	(mention_id=9777|references=(entity=(entity_id=99|fullname=die Engländer|gender=u|specialcase_entity=group)))
83093	.	0		
83094	Wollte	0		
83095	Gott	0		
83096	,	0		
83097	wir	0	(mention_id=9863|references=(entity=(entity_id=entity_0505|fullname=Mr. Livingstone|gender=m)),(entity=(entity_id=generic_3939|fullname=generic_0284|gender=u|specialcase_entity=generic)))	(mention_id=9778|references=(entity=(entity_id=28|fullname=Livingstone|gender=m)))
83098	thäten's	0		
83099	den	0		
83100	Engländer	0	(mention_id=9864|references=(entity=(entity_id=generic_3940|fullname=generic_0285|gender=u|specialcase_entity=generic)))	(mention_id=9779|references=(entity=(entity_id=99|fullname=die Engländer|gender=u|specialcase_entity=group)))
83101	auch	0		
83102	diesmal	0		
83103	nicht	0		
83104	zuvor	0		
83105	,	0		
83106	sondern	0		
83107	nur	0		
83108	nach'	0		
83109	,	0		
83110	und	0		
83111	nur	0		
83112	zu	0		
83113	Hälfte	0		
83114	nach	0		
83115	.	0		
83116	Das	0		
83117	erstemal	0		
83118	,	0		
83119	daß	0		
83120	wir	0	(mention_id=9865|references=(entity=(entity_id=entity_0505|fullname=Mr. Livingstone|gender=m)),(entity=(entity_id=generic_3941|fullname=generic_0286|gender=u|specialcase_entity=generic)))	(mention_id=9780|references=(entity=(entity_id=28|fullname=Livingstone|gender=m)))
83121	uns	0	(mention_id=9866|references=(entity=(entity_id=entity_0505|fullname=Mr. Livingstone|gender=m)),(entity=(entity_id=generic_3942|fullname=generic_0287|gender=u|specialcase_entity=generic)))	(mention_id=9781|references=(entity=(entity_id=28|fullname=Livingstone|gender=m)))
83122	hier	0		
83123	auf	0		
83124	einer	0		
83125	Lüge	0		
83126	ertappen	0		
83127	lassen	0		
83128	,	0		
83129	kann	0		
83130	uns	0	(mention_id=9867|references=(entity=(entity_id=entity_0505|fullname=Mr. Livingstone|gender=m)),(entity=(entity_id=generic_3943|fullname=generic_0288|gender=u|specialcase_entity=generic)))	(mention_id=9782|references=(entity=(entity_id=28|fullname=Livingstone|gender=m)))
83131	verderben	0		
83132	für	0		
83133	immer	0		
83134	.	0		
83135	In	0		
83136	Wahrheit	0		
83137	,	0		
83138	meine	0	(mention_id=9868|references=(entity=(entity_id=entity_0505|fullname=Mr. Livingstone|gender=m)))	(mention_id=9783|references=(entity=(entity_id=28|fullname=Livingstone|gender=m)))
83139	Correspondenten	0	(mention_id=9869|references=(entity=(entity_id=generic_3944|fullname=generic_0289|gender=u|specialcase_entity=generic)))	(mention_id=9784|references=(entity=(entity_id=96|fullname=die Correspondenten im Süden|gender=u|specialcase_entity=group)))
83140	im	0		
83141	Süden	0		
83142	sind	0		
83143	darauf	0		
83144	gefaßt	0		
83145	,	0		
83146	daß	0		
83147	mit	0		
83148	der	0		
83149	ersten	0		
83150	Nachricht	0		
83151	von	0		
83152	der	0		
83153	Freiheit	0		
83154	der	0		
83155	englischen	0		
83156	Sclaven	0	(mention_id=9870|references=(entity=(entity_id=generic_3945|fullname=generic_0290|gender=u|specialcase_entity=generic)))	(mention_id=9785|references=(entity=(entity_id=160|fullname=die englischen Sclaven|gender=u|specialcase_entity=group)))
83157	der	0		
83158	Sclavenaufstand	0		
83159	in	0		
83160	Amerika	0		
83161	ausbrechen	0		
83162	wird	0		
83163	.	0		
83164	Entsetzliches	0		
83165	Angstgestöhn	0		
83166	liegt	0		
83167	in	0		
83168	meinem	0	(mention_id=9871|references=(entity=(entity_id=entity_0505|fullname=Mr. Livingstone|gender=m)))	(mention_id=9786|references=(entity=(entity_id=28|fullname=Livingstone|gender=m)))
83169	Pulte	0		
83170	.	0		
83171	Alle	0		
83172	die	0		
83173	weißen	0		
83174	Hände	0		
83175	,	0		
83176	die	0	(mention_id=9872|references=(entity=(entity_id=generic_3946|fullname=generic_0291|gender=u|specialcase_entity=generic)|specialcase_reference=figurative))	
83177	heute	0		
83178	noch	0		
83179	an	0		
83180	mich	0	(mention_id=9873|references=(entity=(entity_id=entity_0505|fullname=Mr. Livingstone|gender=m)))	(mention_id=9787|references=(entity=(entity_id=28|fullname=Livingstone|gender=m)))
83181	schreiben	0		
83182	,	0		
83183	haben	0		
83184	das	0		
83185	Vorgefühl	0		
83186	,	0		
83187	sie	0	(mention_id=9874|references=(entity=(entity_id=generic_3947|fullname=generic_0292|gender=u|specialcase_entity=generic)))	
83188	können	0		
83189	binnen	0		
83190	Jahr	0		
83191	und	0		
83192	Tag	0		
83193	von	0		
83194	der	0		
83195	Erde	0		
83196	verschwunden	0		
83197	sein	0		
83198	.	0		
83199	Ja	0		
83200	,	0		
83201	meine	0	(mention_id=9875|references=(entity=(entity_id=entity_0505|fullname=Mr. Livingstone|gender=m)))	(mention_id=9788|references=(entity=(entity_id=28|fullname=Livingstone|gender=m)))
83202	Herren	0	(mention_id=9876|references=(entity=(entity_id=entity_0001|fullname=Dr. Moorfeld|gender=m)),(entity=(entity_id=entity_0504|fullname=General Morton|gender=m)))	(mention_id=9789|references=(entity=(entity_id=113|fullname=die Herren|gender=u|specialcase_entity=group)))
83203	,	0		
83204	die	0		
83205	größere	0		
83206	Hälfte	0		
83207	der	0		
83208	Union	0		
83209	,	0		
83210	durch	0		
83211	Sclavenarbeit	0		
83212	ein	0		
83213	Paradies	0		
83214	,	0		
83215	kann	0		
83216	schauderhafte	0		
83217	Sclavenarbeit	0		
83218	bald	0		
83219	in	0		
83220	eine	0		
83221	ausgebrannte	0		
83222	Wüste	0		
83223	,	0		
83224	in	0		
83225	einen	0		
83226	Leichenanger	0		
83227	voll	0		
83228	gebleichter	0		
83229	Gebeine	0		
83230	verwandelt	0		
83231	haben	0		
83232	—	0		
83233	We	0	(mention_id=9877|references=(entity=(entity_id=generic_3948|fullname=generic_0293|gender=u|specialcase_entity=generic)))	
83234	are	0		
83235	in	0		
83236	a	0		
83237	free	0		
83238	country	0		
83239	!	0		
83240	bebte	0		
83241	es	0		
83242	unwillkürlich	0		
83243	von	0		
83244	Moorfeld's	0	(mention_id=9878|references=(entity=(entity_id=entity_0001|fullname=Dr. Moorfeld|gender=m)))	(mention_id=9790|references=(entity=(entity_id=34|fullname=Moorfeld|gender=m)))
83245	Lippen	0		
83246	;	0		
83247	der	0		
83248	Virginier	0	(mention_id=9879|references=(entity=(entity_id=entity_0504|fullname=General Morton|gender=m)))	(mention_id=9791|references=(entity=(entity_id=84|fullname=der Virginier|gender=m)))
83249	aber	0		
83250	sagte	0		
83251	blaß	0		
83252	lächelnd	0		
83253	:	0		
83254	er	0	(mention_id=9880|references=(entity=(entity_id=entity_0504|fullname=General Morton|gender=m)))	(mention_id=9792|references=(entity=(entity_id=84|fullname=der Virginier|gender=m)))
83255	vertraue	0		
83256	der	0		
83257	göttlichen	0		
83258	Vorsehung	0		
83259	.	0		
83260	Mr.	0	(mention_id=9881|references=(entity=(entity_id=entity_0505|fullname=Mr. Livingstone|gender=m)))	(mention_id=9793|references=(entity=(entity_id=28|fullname=Livingstone|gender=m)))
83261	Livingstone	0	(mention_id=9881|references=(entity=(entity_id=entity_0505|fullname=Mr. Livingstone|gender=m)))	(mention_id=9793|references=(entity=(entity_id=28|fullname=Livingstone|gender=m)))
83262	schwieg	0		
83263	.	0		
83264	Die	0		
83265	beängstigende	0		
83266	Pause	0		
83267	unterbrach	0		
83268	der	0		
83269	barocke	0		
83270	Lord	0	(mention_id=9882|references=(entity=(entity_id=entity_0259|fullname=Lord Arthur Ormond|gender=m)))	(mention_id=9794|references=(entity=(entity_id=29|fullname=Lord Ormond|gender=m)))
83271	Ormond	0	(mention_id=9882|references=(entity=(entity_id=entity_0259|fullname=Lord Arthur Ormond|gender=m)))	(mention_id=9794|references=(entity=(entity_id=29|fullname=Lord Ormond|gender=m)))
83272	,	0		
83273	der	0	(mention_id=9883|references=(entity=(entity_id=entity_0259|fullname=Lord Arthur Ormond|gender=m)))	(mention_id=9795|references=(entity=(entity_id=29|fullname=Lord Ormond|gender=m)))
83274	wie	0		
83275	die	0		
83276	lustige	0		
83277	Person	0	(mention_id=9884|references=(entity=(entity_id=entity_0259|fullname=Lord Arthur Ormond|gender=m)))	(mention_id=9796|references=(entity=(entity_id=29|fullname=Lord Ormond|gender=m)))
83278	nach	0		
83279	der	0		
83280	Tragödie	0		
83281	sich	0	(mention_id=9885|references=(entity=(entity_id=entity_0259|fullname=Lord Arthur Ormond|gender=m)))	(mention_id=9797|references=(entity=(entity_id=29|fullname=Lord Ormond|gender=m)))
83282	jetzt	0		
83283	zu	0		
83284	unsrer	0	(mention_id=9886|references=(entity=(entity_id=entity_0259|fullname=Lord Arthur Ormond|gender=m)))	(mention_id=9798|references=(entity=(entity_id=34|fullname=Moorfeld|gender=m)))
83285	Gruppe	0	(mention_id=9887|references=(entity=(entity_id=entity_0001|fullname=Dr. Moorfeld|gender=m)),(entity=(entity_id=entity_0505|fullname=Mr. Livingstone|gender=m)),(entity=(entity_id=entity_0504|fullname=General Morton|gender=m)))	(mention_id=9799|references=(entity=(entity_id=109|fullname=die Gruppe|gender=u|specialcase_entity=group)))
83286	fand	0		
83287	.	0		
83288	Er	0	(mention_id=9888|references=(entity=(entity_id=entity_0259|fullname=Lord Arthur Ormond|gender=m)))	(mention_id=9800|references=(entity=(entity_id=29|fullname=Lord Ormond|gender=m)))
83289	mußte	0		
83290	dem	0		
83291	Gespräche	0		
83292	aus	0		
83293	der	0		
83294	Nähe	0		
83295	gefolgt	0		
83296	sein	0		
83297	,	0		
83298	denn	0		
83299	er	0	(mention_id=9889|references=(entity=(entity_id=entity_0259|fullname=Lord Arthur Ormond|gender=m)))	(mention_id=9801|references=(entity=(entity_id=29|fullname=Lord Ormond|gender=m)))
83300	redete	0		
83301	Mr.	0	(mention_id=9890|references=(entity=(entity_id=entity_0505|fullname=Mr. Livingstone|gender=m)))	(mention_id=9802|references=(entity=(entity_id=28|fullname=Livingstone|gender=m)))
83302	Livingstone	0	(mention_id=9890|references=(entity=(entity_id=entity_0505|fullname=Mr. Livingstone|gender=m)))	(mention_id=9802|references=(entity=(entity_id=28|fullname=Livingstone|gender=m)))
83303	an	0		
83304	:	0		
83305	Erlauben	0		
83306	Sie	0	(mention_id=9891|references=(entity=(entity_id=entity_0505|fullname=Mr. Livingstone|gender=m)))	(mention_id=9803|references=(entity=(entity_id=28|fullname=Livingstone|gender=m)))
83307	,	0		
83308	mein	0	(mention_id=9892|references=(entity=(entity_id=entity_0259|fullname=Lord Arthur Ormond|gender=m)))	(mention_id=9804|references=(entity=(entity_id=29|fullname=Lord Ormond|gender=m)))
83309	Herr	0	(mention_id=9893|references=(entity=(entity_id=entity_0505|fullname=Mr. Livingstone|gender=m)))	(mention_id=9805|references=(entity=(entity_id=28|fullname=Livingstone|gender=m)))
83310	,	0		
83311	daß	0		
83312	ich	0	(mention_id=9894|references=(entity=(entity_id=entity_0259|fullname=Lord Arthur Ormond|gender=m)))	(mention_id=9806|references=(entity=(entity_id=29|fullname=Lord Ormond|gender=m)))
83313	auf	0		
83314	meinem	0	(mention_id=9895|references=(entity=(entity_id=entity_0259|fullname=Lord Arthur Ormond|gender=m)))	(mention_id=9807|references=(entity=(entity_id=29|fullname=Lord Ormond|gender=m)))
83315	Standpunkte	0		
83316	Ihrer	0	(mention_id=9896|references=(entity=(entity_id=entity_0505|fullname=Mr. Livingstone|gender=m)))	(mention_id=9808|references=(entity=(entity_id=28|fullname=Livingstone|gender=m)))
83317	Philosophie	0		
83318	mich	0	(mention_id=9897|references=(entity=(entity_id=entity_0259|fullname=Lord Arthur Ormond|gender=m)))	(mention_id=9809|references=(entity=(entity_id=29|fullname=Lord Ormond|gender=m)))
83319	anschließe	0		
83320	.	0		
83321	Sie	0	(mention_id=9898|references=(entity=(entity_id=entity_0505|fullname=Mr. Livingstone|gender=m)))	(mention_id=9810|references=(entity=(entity_id=28|fullname=Livingstone|gender=m)))
83322	haben	0		
83323	die	0		
83324	Bemerkung	0		
83325	ausgesprochen	0		
83326	,	0		
83327	daß	0		
83328	die	0		
83329	amerikanischen	0		
83330	Nigger	0	(mention_id=9899|references=(entity=(entity_id=generic_3949|fullname=generic_0294|gender=u|specialcase_entity=generic)))	(mention_id=9811|references=(entity=(entity_id=154|fullname=die amerikanischen Nigger|gender=u|specialcase_entity=group)))
83331	um	0		
83332	vieles	0		
83333	höher	0		
83334	stünden	0		
83335	,	0		
83336	als	0		
83337	ihre	0	(mention_id=9900|references=(entity=(entity_id=generic_3950|fullname=generic_0295|gender=u|specialcase_entity=generic)))	(mention_id=9812|references=(entity=(entity_id=154|fullname=die amerikanischen Nigger|gender=u|specialcase_entity=group)))
83338	afrikanischen	0		
83339	Stammgenossen	0	(mention_id=9901|references=(entity=(entity_id=generic_3951|fullname=generic_0296|gender=u|specialcase_entity=generic)))	(mention_id=9813|references=(entity=(entity_id=153|fullname=die afrikanischen Stammgenossen|gender=u|specialcase_entity=group)))
83340	.	0		
83341	Diese	0		
83342	Bemerkung	0		
83343	ist	0		
83344	so	0		
83345	fruchtbar	0		
83346	an	0		
83347	Folgerungen	0		
83348	,	0		
83349	daß	0		
83350	sie	0		
83351	noch	0		
83352	weit	0		
83353	über	0		
83354	Ihr	0	(mention_id=9902|references=(entity=(entity_id=entity_0505|fullname=Mr. Livingstone|gender=m)))	(mention_id=9814|references=(entity=(entity_id=28|fullname=Livingstone|gender=m)))
83355	gegenwärtiges	0		
83356	Ziel	0		
83357	hinausführt	0		
83358	.	0		
83359	Sie	0	(mention_id=9903|references=(entity=(entity_id=entity_0505|fullname=Mr. Livingstone|gender=m)))	(mention_id=9815|references=(entity=(entity_id=28|fullname=Livingstone|gender=m)))
83360	haben	0		
83361	die	0		
83362	Perfectibilität	0		
83363	der	0		
83364	Negerrace	0	(mention_id=9904|references=(entity=(entity_id=generic_3952|fullname=generic_0297|gender=u|specialcase_entity=generic)))	(mention_id=9816|references=(entity=(entity_id=130|fullname=die Negerrasse|gender=u|specialcase_entity=group)))
83365	ausgesprochen	0		
83366	;	0		
83367	—	0		
83368	bei	0		
83369	dem	0		
83370	Worte	0		
83371	„	0		
83372	Perfectibilität	0		
83373	“	0		
83374	wußte	0		
83375	Moorfeld	0	(mention_id=9905|references=(entity=(entity_id=entity_0001|fullname=Dr. Moorfeld|gender=m)))	(mention_id=9817|references=(entity=(entity_id=34|fullname=Moorfeld|gender=m)))
83376	sogleich	0		
83377	,	0		
83378	wohin	0		
83379	der	0		
83380	edle	0		
83381	Lord	0	(mention_id=9906|references=(entity=(entity_id=entity_0259|fullname=Lord Arthur Ormond|gender=m)))	(mention_id=9818|references=(entity=(entity_id=29|fullname=Lord Ormond|gender=m)))
83382	ziele	0		
83383	.	0		
83384	Er	0	(mention_id=9907|references=(entity=(entity_id=entity_0001|fullname=Dr. Moorfeld|gender=m)))	(mention_id=9819|references=(entity=(entity_id=34|fullname=Moorfeld|gender=m)))
83385	sah	0		
83386	sich	0	(mention_id=9908|references=(entity=(entity_id=entity_0001|fullname=Dr. Moorfeld|gender=m)))	(mention_id=9820|references=(entity=(entity_id=34|fullname=Moorfeld|gender=m)))
83387	nach	0		
83388	einem	0		
83389	passenden	0		
83390	Rückzuge	0		
83391	um	0		
83392	,	0		
83393	der	0		
83394	Engländer	0	(mention_id=9909|references=(entity=(entity_id=entity_0259|fullname=Lord Arthur Ormond|gender=m)))	(mention_id=9821|references=(entity=(entity_id=29|fullname=Lord Ormond|gender=m)))
83395	aber	0		
83396	nahm	0		
83397	ihn	0		(mention_id=9822|references=(entity=(entity_id=34|fullname=Moorfeld|gender=m)))
83398	freundlich	0		
83399	bei	0		
83400	der	0		
83401	Hand	0		
83402	und	0		
83403	hielt	0		
83404	ihn	0		(mention_id=9823|references=(entity=(entity_id=34|fullname=Moorfeld|gender=m)))
83405	fest	0		
83406	.	0		
83407	Moorfeld	0	(mention_id=9910|references=(entity=(entity_id=entity_0001|fullname=Dr. Moorfeld|gender=m)))	(mention_id=9824|references=(entity=(entity_id=34|fullname=Moorfeld|gender=m)))
83408	seufzte	0		
83409	.	0		
83410	Der	0		
83411	Engländer	0	(mention_id=9911|references=(entity=(entity_id=entity_0259|fullname=Lord Arthur Ormond|gender=m)))	(mention_id=9825|references=(entity=(entity_id=29|fullname=Lord Ormond|gender=m)))
83412	fuhr	0		
83413	fort	0		
83414	:	0		
83415	—	0		
83416	und	0		
83417	doch	0		
83418	ist	0		
83419	diese	0		
83420	Perfectibilität	0		
83421	seit	0		
83422	dem	0		
83423	Anbeginn	0		
83424	der	0		
83425	Schöpfung	0		
83426	in	0		
83427	Afrika	0		
83428	latent	0		
83429	geblieben	0		
83430	.	0		
83431	Wäre	0		
83432	sie	0		
83433	in	0		
83434	Amerika	0		
83435	nicht	0		
83436	zum	0		
83437	Vorscheine	0		
83438	gekommen	0		
83439	,	0		
83440	man	0		
83441	hätte	0		
83442	sie	0		
83443	ganz	0		
83444	und	0		
83445	gar	0		
83446	geleugnet	0		
83447	.	0		
83448	Das	0		
83449	ist	0		
83450	wichtig	0		
83451	.	0		
83452	Denn	0		
83453	nun	0		
83454	werden	0		
83455	wir	0	(mention_id=9912|references=(entity=(entity_id=entity_0259|fullname=Lord Arthur Ormond|gender=m)),(entity=(entity_id=generic_3953|fullname=generic_0298|gender=u|specialcase_entity=generic)))	(mention_id=9826|references=(entity=(entity_id=29|fullname=Lord Ormond|gender=m)))
83456	mit	0		
83457	Recht	0		
83458	weiter	0		
83459	gehen	0		
83460	und	0		
83461	fragen	0		
83462	dürfen	0		
83463	:	0		
83464	Hat	0		
83465	sich	0		
83466	der	0		
83467	Bozal	0	(mention_id=9913|references=(entity=(entity_id=generic_3954|fullname=generic_0299|gender=u|specialcase_entity=generic)))	(mention_id=9827|references=(entity=(entity_id=generic_0100|fullname=der Bozal im Allgemeinen|gender=u|specialcase_entity=generic)))
83468	durch	0		
83469	den	0		
83470	Umgang	0		
83471	mit	0		
83472	einer	0		
83473	gebildeten	0		
83474	Race	0	(mention_id=9914|references=(entity=(entity_id=generic_3955|fullname=generic_0300|gender=u|specialcase_entity=generic)))	
83475	veredelt	0		
83476	,	0		
83477	müßte	0		
83478	sich	0		
83479	eine	0		
83480	Art	0		
83481	von	0		
83482	erschaffenen	0		
83483	Wesen	0	(mention_id=9915|references=(entity=(entity_id=generic_3956|fullname=generic_0301|gender=u|specialcase_entity=generic)))	(mention_id=9828|references=(entity=(entity_id=173|fullname=erschaffene Wesen|gender=u|specialcase_entity=group)))
83484	,	0		
83485	die	0	(mention_id=9916|references=(entity=(entity_id=generic_3957|fullname=generic_0302|gender=u|specialcase_entity=generic)))	(mention_id=9829|references=(entity=(entity_id=173|fullname=erschaffene Wesen|gender=u|specialcase_entity=group)))
83486	zunächst	0		
83487	unter	0		
83488	den	0		
83489	Bozals	0	(mention_id=9917|references=(entity=(entity_id=generic_3958|fullname=generic_0303|gender=u|specialcase_entity=generic)))	
83490	stünden	0		
83491	,	0		
83492	im	0		
83493	Verkehre	0		
83494	mit	0		
83495	diesen	0	(mention_id=9918|references=(entity=(entity_id=generic_3959|fullname=generic_0304|gender=u|specialcase_entity=generic)))	
83496	nicht	0		
83497	gleichfalls	0		
83498	vermenschlichen	0		
83499	?	0		
83500	Ja	0		
83501	,	0		
83502	dürfen	0		
83503	wir	0	(mention_id=9919|references=(entity=(entity_id=entity_0259|fullname=Lord Arthur Ormond|gender=m)),(entity=(entity_id=generic_3960|fullname=generic_0305|gender=u|specialcase_entity=generic)))	(mention_id=9830|references=(entity=(entity_id=29|fullname=Lord Ormond|gender=m)))
83504	diese	0		
83505	Frage	0		
83506	auf	0		
83507	jeder	0		
83508	nächst	0		
83509	tieferen	0		
83510	Stufe	0		
83511	der	0		
83512	beseelten	0		
83513	Schöpfung	0		
83514	nicht	0		
83515	stets	0		
83516	von	0		
83517	Neuem	0		
83518	wiederholen	0		
83519	?	0		
83520	Gewiß	0		
83521	dürfen	0		
83522	wir	0	(mention_id=9920|references=(entity=(entity_id=entity_0259|fullname=Lord Arthur Ormond|gender=m)),(entity=(entity_id=generic_3961|fullname=generic_0306|gender=u|specialcase_entity=generic)))	(mention_id=9831|references=(entity=(entity_id=29|fullname=Lord Ormond|gender=m)))
83523	das	0		
83524	.	0		
83525	Damit	0		
83526	ist	0		
83527	aber	0		
83528	eine	0		
83529	Continuität	0		
83530	der	0		
83531	intellectuellen	0		
83532	Welt	0		
83533	gewonnen	0		
83534	,	0		
83535	welche	0		
83536	die	0		
83537	unlogischen	0		
83538	Grenzen	0		
83539	zwischen	0		
83540	Mensch	0	(mention_id=9921|references=(entity=(entity_id=generic_3962|fullname=generic_0307|gender=u|specialcase_entity=generic)))	(mention_id=9832|references=(entity=(entity_id=generic_0101|fullname=Mensch im Allgemeinen|gender=u|specialcase_entity=generic)))
83541	und	0		
83542	Thier	0		
83543	aufhebt	0		
83544	.	0		
83545	Sie	0	(mention_id=9922|references=(entity=(entity_id=entity_0505|fullname=Mr. Livingstone|gender=m)))	(mention_id=9833|references=(entity=(entity_id=29|fullname=Lord Ormond|gender=m)))
83546	sprechen	0		
83547	von	0		
83548	der	0		
83549	Emancipation	0		
83550	der	0		
83551	Neger	0	(mention_id=9923|references=(entity=(entity_id=generic_3963|fullname=generic_0308|gender=u|specialcase_entity=generic)))	
83552	,	0		
83553	—	0		
83554	ich	0	(mention_id=9924|references=(entity=(entity_id=entity_0259|fullname=Lord Arthur Ormond|gender=m)))	(mention_id=9834|references=(entity=(entity_id=29|fullname=Lord Ormond|gender=m)))
83555	spreche	0		
83556	von	0		
83557	der	0		
83558	Emancipation	0		
83559	der	0		
83560	Thiere	0		
83561	selbst	0		
83562	.	0		
83563	Ich	0	(mention_id=9925|references=(entity=(entity_id=entity_0259|fullname=Lord Arthur Ormond|gender=m)))	(mention_id=9835|references=(entity=(entity_id=29|fullname=Lord Ormond|gender=m)))
83564	wünschte	0		
83565	nichts	0		
83566	so	0		
83567	sehr	0		
83568	—	0		
83569	denn	0		
83570	noch	0		
83571	ist	0		
83572	es	0		
83573	nicht	0		
83574	allen	0		
83575	Menschen	0	(mention_id=9926|references=(entity=(entity_id=generic_3964|fullname=generic_0309|gender=u|specialcase_entity=generic)))	(mention_id=9836|references=(entity=(entity_id=generic_0004|fullname=Menschen im Allgemeinen|gender=u|specialcase_entity=generic)))
83576	verliehen	0		
83577	,	0		
83578	einen	0		
83579	Syllogismus	0		
83580	wie	0		
83581	eine	0		
83582	Thatsache	0		
83583	auf	0		
83584	sich	0	(mention_id=9927|references=(entity=(entity_id=generic_3965|fullname=generic_0310|gender=u|specialcase_entity=generic)))	(mention_id=9837|references=(entity=(entity_id=generic_0005|fullname=Menschen im Allgemeinen|gender=u|specialcase_entity=generic)))
83585	wirken	0		
83586	zu	0		
83587	lassen	0		
83588	,	0		
83589	—	0		
83590	ich	0	(mention_id=9928|references=(entity=(entity_id=entity_0259|fullname=Lord Arthur Ormond|gender=m)))	(mention_id=9838|references=(entity=(entity_id=29|fullname=Lord Ormond|gender=m)))
83591	wünschte	0		
83592	nichts	0		
83593	so	0		
83594	sehr	0		
83595	,	0		
83596	als	0		
83597	daß	0		
83598	es	0		
83599	neueren	0		
83600	Entdeckungsreisenden	0	(mention_id=9929|references=(entity=(entity_id=generic_3966|fullname=generic_0311|gender=u|specialcase_entity=generic)))	(mention_id=9839|references=(entity=(entity_id=176|fullname=neuere Entdeckungsreisende|gender=u|specialcase_entity=group)))
83601	gelingen	0		
83602	möchte	0		
83603	,	0		
83604	den	0		
83605	Gorilla-Affen	0		(mention_id=9840|references=(entity=(entity_id=63|fullname=der GorillaAffe|gender=m|specialcase_entity=nonfact)))
83606	wieder	0		
83607	aufzufinden	0		
83608	,	0		
83609	dessen	0		
83610	Gattung	0		
83611	der	0		
83612	karthaginiensische	0		
83613	See-Forscher	0	(mention_id=9930|references=(entity=(entity_id=entity_0608|fullname=SeeForscher Hanno|gender=m)))	(mention_id=9841|references=(entity=(entity_id=21|fullname=Hanno|gender=m)))
83614	Hanno	0	(mention_id=9930|references=(entity=(entity_id=entity_0608|fullname=SeeForscher Hanno|gender=m)))	(mention_id=9842|references=(entity=(entity_id=21|fullname=Hanno|gender=m)))
83615	gesehen	0		
83616	hat	0		
83617	und	0		
83618	dessen	0		
83619	Menschenähnlichkeit	0		
83620	in	0		
83621	dem	0		
83622	„	0		
83623	Periplus	0		
83624	“	0		
83625	so	0		
83626	merkwürdig	0		
83627	beschrieben	0		
83628	ist	0		
83629	.	0		
83630	Hätten	0		
83631	wir	0	(mention_id=9931|references=(entity=(entity_id=entity_0259|fullname=Lord Arthur Ormond|gender=m)),(entity=(entity_id=generic_3967|fullname=generic_0312|gender=u|specialcase_entity=generic)))	(mention_id=9843|references=(entity=(entity_id=29|fullname=Lord Ormond|gender=m)))
83632	diesen	0		
83633	Gorilla-Halbmenschen	0		(mention_id=9844|references=(entity=(entity_id=63|fullname=der GorillaAffe|gender=m|specialcase_entity=nonfact)))
83634	,	0		
83635	diesen	0		
83636	Einen	0		
83637	ausgebrochenen	0		
83638	Zahn	0		
83639	in	0		
83640	dem	0		
83641	Uhrwerke	0		
83642	der	0		
83643	lebendigen	0		
83644	Schöpfung	0		
83645	,	0		
83646	so	0		
83647	würden	0		
83648	wir	0	(mention_id=9932|references=(entity=(entity_id=entity_0259|fullname=Lord Arthur Ormond|gender=m)),(entity=(entity_id=generic_3968|fullname=generic_0313|gender=u|specialcase_entity=generic)))	(mention_id=9845|references=(entity=(entity_id=29|fullname=Lord Ormond|gender=m)))
83649	wohl	0		
83650	für	0		
83651	immer	0		
83652	aufhören	0		
83653	,	0		
83654	die	0		
83655	Natur	0		
83656	in	0		
83657	eine	0		
83658	thierische	0		
83659	und	0		
83660	menschliche	0		
83661	zu	0		
83662	zerreißen	0		
83663	,	0		
83664	d.	0		
83665	h.	0		
83666	wir	0	(mention_id=9933|references=(entity=(entity_id=entity_0259|fullname=Lord Arthur Ormond|gender=m)),(entity=(entity_id=generic_3969|fullname=generic_0314|gender=u|specialcase_entity=generic)))	(mention_id=9846|references=(entity=(entity_id=29|fullname=Lord Ormond|gender=m)))
83667	würden	0		
83668	anfangen	0		
83669	,	0		
83670	das	0		
83671	Thier	0		
83672	zum	0		
83673	Menschen	0	(mention_id=9934|references=(entity=(entity_id=generic_3970|fullname=generic_0315|gender=u|specialcase_entity=generic)))	(mention_id=9847|references=(entity=(entity_id=generic_0102|fullname=Mensch im Allgemeinen|gender=u|specialcase_entity=generic)))
83674	zu	0		
83675	erziehen	0		
83676	.	0		
83677	Bis	0		
83678	dahin	0		
83679	,	0		
83680	meine	0	(mention_id=9935|references=(entity=(entity_id=entity_0259|fullname=Lord Arthur Ormond|gender=m)))	(mention_id=9848|references=(entity=(entity_id=29|fullname=Lord Ormond|gender=m)))
83681	Herren	0	(mention_id=9936|references=(entity=(entity_id=entity_0001|fullname=Dr. Moorfeld|gender=m)),(entity=(entity_id=entity_0504|fullname=General Morton|gender=m)),(entity=(entity_id=entity_0505|fullname=Mr. Livingstone|gender=m)))	(mention_id=9849|references=(entity=(entity_id=113|fullname=die Herren|gender=u|specialcase_entity=group)))
83682	,	0		
83683	—	0		
83684	und	0		
83685	so	0		
83686	demonstrirte	0		
83687	der	0		
83688	britische	0		
83689	Philosoph	0	(mention_id=9937|references=(entity=(entity_id=entity_0259|fullname=Lord Arthur Ormond|gender=m)))	(mention_id=9850|references=(entity=(entity_id=29|fullname=Lord Ormond|gender=m)))
83690	weiter	0		
83691	.	0		
83692	Wir	0	(mention_id=9938|references=(entity=(entity_id=entity_0007|fullname=Erzählinstanz|gender=u)))	(mention_id=9851|references=(entity=(entity_id=34|fullname=Moorfeld|gender=m)))
83693	wiederholen	0		
83694	im	0		
83695	Salon	0		
83696	nicht	0		
83697	mehr	0		
83698	was	0		
83699	wir	0	(mention_id=9939|references=(entity=(entity_id=entity_0007|fullname=Erzählinstanz|gender=u)),(entity=(entity_id=entity_0008|fullname=Leser|gender=u)))	(mention_id=9852|references=(entity=(entity_id=34|fullname=Moorfeld|gender=m)))
83700	schon	0		
83701	auf	0		
83702	dem	0		
83703	Wege	0		
83704	dahin	0		
83705	zu	0		
83706	bewundern	0		
83707	Gelegenheit	0		
83708	hatten	0		
83709	.	0		
83710	Zu	0		
83711	bedauern	0		
83712	fand	0		
83713	es	0		
83714	Moorfeld	0	(mention_id=9940|references=(entity=(entity_id=entity_0001|fullname=Dr. Moorfeld|gender=m)))	(mention_id=9853|references=(entity=(entity_id=34|fullname=Moorfeld|gender=m)))
83715	nur	0		
83716	,	0		
83717	daß	0		
83718	es	0		
83719	sich	0		
83720	auch	0		
83721	hier	0		
83722	wiederholte	0		
83723	.	0		
83724	Nach	0		
83725	der	0		
83726	tief-ernsten	0		
83727	Stimmung	0		
83728	,	0		
83729	welche	0		
83730	der	0		
83731	vorige	0		
83732	Gegenstand	0		
83733	angeregt	0		
83734	,	0		
83735	war	0		
83736	diese	0		
83737	Farce	0		
83738	doch	0		
83739	recht	0		
83740	unpassend	0		
83741	an	0		
83742	ihrem	0		
83743	Platze	0		
83744	.	0		
83745	Sie	0		
83746	wirkte	0		
83747	nicht	0		
83748	komisch	0		
83749	,	0		
83750	sie	0		
83751	war	0		
83752	nur	0		
83753	widerwärtig	0		
83754	.	0		
83755	Noch	0		
83756	mehr	0		
83757	.	0		
83758	Eine	0		
83759	Bewegung	0		
83760	im	0		
83761	Saale	0		
83762	erweckte	0		
83763	Moorfeld's	0	(mention_id=9941|references=(entity=(entity_id=entity_0001|fullname=Dr. Moorfeld|gender=m)))	(mention_id=9854|references=(entity=(entity_id=34|fullname=Moorfeld|gender=m)))
83764	Aufmerksamkeit	0		
83765	.	0		
83766	Drei	0		
83767	Damen	0	(mention_id=9942|references=(entity=(entity_id=entity_0507|fullname=Mrs. Bennet|gender=m)),(entity=(entity_id=entity_0014|fullname=Cöleste Bennet|gender=f)),(entity=(entity_id=entity_0040|fullname=Jenny Bennet|gender=f)|borderline_reference=ID))	(mention_id=9855|references=(entity=(entity_id=159|fullname=die drei Damen|gender=u|specialcase_entity=group)))
83768	hatten	0		
83769	einen	0		
83770	Gang	0		
83771	durch	0		
83772	die	0		
83773	Gesellschaftszimmer	0		
83774	gemacht	0		
83775	—	0		
83776	ihr	0	(mention_id=9943|references=(entity=(entity_id=entity_0571|fullname=Damen|gender=f|specialcase_entity=group)))	(mention_id=9856|references=(entity=(entity_id=159|fullname=die drei Damen|gender=u|specialcase_entity=group)))
83777	Bild	0		
83778	traf	0		
83779	Moorfeld's	0	(mention_id=9944|references=(entity=(entity_id=entity_0001|fullname=Dr. Moorfeld|gender=m)))	(mention_id=9857|references=(entity=(entity_id=34|fullname=Moorfeld|gender=m)))
83780	Auge	0		
83781	nur	0		
83782	noch	0		
83783	wie	0		
83784	ein	0		
83785	Streiflicht	0		
83786	.	0		
83787	Die	0		
83788	mittlere	0	(mention_id=9945|references=(entity=(entity_id=entity_0507|fullname=Mrs. Bennet|gender=m)))	(mention_id=9858|references=(entity=(entity_id=37|fullname=Mrs Bennet|gender=f)))
83789	der	0		
83790	drei	0		
83791	Frauen	0	(mention_id=9946|references=(entity=(entity_id=entity_0507|fullname=Mrs. Bennet|gender=m)),(entity=(entity_id=entity_0014|fullname=Cöleste Bennet|gender=f)),(entity=(entity_id=entity_0040|fullname=Jenny Bennet|gender=f)|borderline_reference=ID))	(mention_id=9859|references=(entity=(entity_id=37|fullname=Mrs Bennet|gender=f)))
83792	war	0		
83793	Mrs.	0	(mention_id=9947|references=(entity=(entity_id=entity_0507|fullname=Mrs. Bennet|gender=m)))	(mention_id=9860|references=(entity=(entity_id=37|fullname=Mrs Bennet|gender=f)))
83794	Bennet	0	(mention_id=9947|references=(entity=(entity_id=entity_0507|fullname=Mrs. Bennet|gender=m)))	(mention_id=9860|references=(entity=(entity_id=37|fullname=Mrs Bennet|gender=f)))
83795	,	0		
83796	die	0		
83797	Hausfrau	0	(mention_id=9948|references=(entity=(entity_id=entity_0507|fullname=Mrs. Bennet|gender=m)))	(mention_id=9861|references=(entity=(entity_id=37|fullname=Mrs Bennet|gender=f)))
83798	;	0		
83799	aber	0		
83800	Moorfeld	0	(mention_id=9949|references=(entity=(entity_id=entity_0001|fullname=Dr. Moorfeld|gender=m)))	(mention_id=9862|references=(entity=(entity_id=34|fullname=Moorfeld|gender=m)))
83801	verwunderte	0		
83802	sich	0	(mention_id=9950|references=(entity=(entity_id=entity_0001|fullname=Dr. Moorfeld|gender=m)))	(mention_id=9863|references=(entity=(entity_id=34|fullname=Moorfeld|gender=m)))
83803	,	0		
83804	daß	0		
83805	auch	0		
83806	eine	0	(mention_id=9951|references=(entity=(entity_id=entity_0014|fullname=Cöleste Bennet|gender=f)))	(mention_id=9864|references=(entity=(entity_id=52|fullname=das blonde Mädchen|gender=f)))
83807	der	0		
83808	beiden	0		
83809	andern	0	(mention_id=9952|references=(entity=(entity_id=entity_0040|fullname=Jenny Bennet|gender=f)|borderline_reference=ID),(entity=(entity_id=entity_0014|fullname=Cöleste Bennet|gender=f)))	(mention_id=9865|references=(entity=(entity_id=157|fullname=die beiden anderen Damen|gender=u|specialcase_entity=group)))
83810	,	0		
83811	ein	0		
83812	blonder	0		
83813	Mädchenkopf	0	(mention_id=9953|references=(entity=(entity_id=entity_0014|fullname=Cöleste Bennet|gender=f)))	(mention_id=9866|references=(entity=(entity_id=52|fullname=das blonde Mädchen|gender=f)))
83814	,	0		
83815	ihm	0	(mention_id=9954|references=(entity=(entity_id=entity_0001|fullname=Dr. Moorfeld|gender=m)))	(mention_id=9867|references=(entity=(entity_id=34|fullname=Moorfeld|gender=m)))
83816	nicht	0		
83817	unbekannt	0		
83818	schien	0		
83819	.	0		
83820	Wie	0		
83821	ein	0		
83822	Strahl	0		
83823	blitzte	0		
83824	es	0		
83825	auf	0		
83826	in	0		
83827	ihm	0	(mention_id=9955|references=(entity=(entity_id=entity_0001|fullname=Dr. Moorfeld|gender=m)))	(mention_id=9868|references=(entity=(entity_id=34|fullname=Moorfeld|gender=m)))
83828	,	0		
83829	wie	0		
83830	aus	0		
83831	einem	0		
83832	Traume	0		
83833	fuhr	0		
83834	er	0	(mention_id=9956|references=(entity=(entity_id=entity_0001|fullname=Dr. Moorfeld|gender=m)))	(mention_id=9869|references=(entity=(entity_id=34|fullname=Moorfeld|gender=m)))
83835	empor	0		
83836	,	0		
83837	er	0	(mention_id=9957|references=(entity=(entity_id=entity_0001|fullname=Dr. Moorfeld|gender=m)))	(mention_id=9870|references=(entity=(entity_id=34|fullname=Moorfeld|gender=m)))
83838	riß	0		
83839	sich	0	(mention_id=9958|references=(entity=(entity_id=entity_0001|fullname=Dr. Moorfeld|gender=m)))	(mention_id=9871|references=(entity=(entity_id=34|fullname=Moorfeld|gender=m)))
83840	von	0		
83841	dem	0		
83842	Engländer	0	(mention_id=9959|references=(entity=(entity_id=entity_0259|fullname=Lord Arthur Ormond|gender=m)))	(mention_id=9872|references=(entity=(entity_id=29|fullname=Lord Ormond|gender=m)))
83843	los	0		
83844	,	0		
83845	er	0	(mention_id=9960|references=(entity=(entity_id=entity_0001|fullname=Dr. Moorfeld|gender=m)))	(mention_id=9873|references=(entity=(entity_id=34|fullname=Moorfeld|gender=m)))
83846	staunte	0		
83847	,	0		
83848	er	0	(mention_id=9961|references=(entity=(entity_id=entity_0001|fullname=Dr. Moorfeld|gender=m)))	(mention_id=9874|references=(entity=(entity_id=34|fullname=Moorfeld|gender=m)))
83849	drängte	0		
83850	der	0		
83851	Erscheinung	0		
83852	nach	0		
83853	,	0		
83854	welche	0		
83855	mit	0		
83856	den	0		
83857	reizenden	0		
83858	Bewegungen	0		
83859	eines	0		
83860	jugendlichen	0		
83861	Körpers	0		
83862	am	0		
83863	Arme	0		
83864	der	0		
83865	älteren	0		
83866	Dame	0	(mention_id=9962|references=(entity=(entity_id=entity_0507|fullname=Mrs. Bennet|gender=m)))	(mention_id=9875|references=(entity=(entity_id=37|fullname=Mrs Bennet|gender=f)))
83867	und	0		
83868	unter	0		
83869	dem	0		
83870	Andrang	0		
83871	allseitiger	0		
83872	Huldigungen	0		
83873	sich	0		
83874	durch	0		
83875	die	0		
83876	Wogen	0		
83877	der	0		
83878	Gesellschaft	0	(mention_id=9963|references=(entity=(entity_id=entity_0519|fullname=Gesellschaft bei Bennet|gender=mf|specialcase_entity=group)))	
83879	wand	0		
83880	.	0		
83881	Er	0	(mention_id=9964|references=(entity=(entity_id=entity_0001|fullname=Dr. Moorfeld|gender=m)))	(mention_id=9876|references=(entity=(entity_id=34|fullname=Moorfeld|gender=m)))
83882	kam	0		
83883	zu	0		
83884	spät	0		
83885	.	0		
83886	Der	0		
83887	Engländer	0	(mention_id=9965|references=(entity=(entity_id=entity_0259|fullname=Lord Arthur Ormond|gender=m)))	(mention_id=9877|references=(entity=(entity_id=29|fullname=Lord Ormond|gender=m)))
83888	hatte	0		
83889	im	0		
83890	Eifer	0		
83891	seiner	0	(mention_id=9966|references=(entity=(entity_id=entity_0259|fullname=Lord Arthur Ormond|gender=m)))	(mention_id=9878|references=(entity=(entity_id=29|fullname=Lord Ormond|gender=m)))
83892	Dissertation	0		
83893	ihn	0	(mention_id=9967|references=(entity=(entity_id=entity_0001|fullname=Dr. Moorfeld|gender=m)))	(mention_id=9879|references=(entity=(entity_id=34|fullname=Moorfeld|gender=m)))
83894	wie	0		
83895	mit	0		
83896	Greifscheeren	0		
83897	fest	0		
83898	gehalten	0		
83899	.	0		
83900	Ja	0		
83901	,	0		
83902	zu	0		
83903	seinem	0	(mention_id=9968|references=(entity=(entity_id=entity_0001|fullname=Dr. Moorfeld|gender=m)))	(mention_id=9880|references=(entity=(entity_id=34|fullname=Moorfeld|gender=m)))
83904	Verdrusse	0		
83905	glaubte	0		
83906	Moorfeld	0	(mention_id=9969|references=(entity=(entity_id=entity_0001|fullname=Dr. Moorfeld|gender=m)))	(mention_id=9881|references=(entity=(entity_id=34|fullname=Moorfeld|gender=m)))
83907	sogar	0		
83908	zu	0		
83909	bemerken	0		
83910	,	0		
83911	daß	0		
83912	das	0		
83913	Blondköpfchen	0	(mention_id=9970|references=(entity=(entity_id=entity_0014|fullname=Cöleste Bennet|gender=f)))	
83914	die	0		
83915	Zuhörergruppe	0	(mention_id=9971|references=(entity=(entity_id=entity_0001|fullname=Dr. Moorfeld|gender=m)),(entity=(entity_id=entity_0504|fullname=General Morton|gender=m)),(entity=(entity_id=entity_0505|fullname=Mr. Livingstone|gender=m)))	(mention_id=9882|references=(entity=(entity_id=151|fullname=die Zuhörergruppe|gender=u|specialcase_entity=group)))
83916	des	0		
83917	verrückten	0		
83918	Lords	0	(mention_id=9972|references=(entity=(entity_id=entity_0259|fullname=Lord Arthur Ormond|gender=m)))	(mention_id=9883|references=(entity=(entity_id=29|fullname=Lord Ormond|gender=m)))
83919	mit	0		
83920	einem	0		
83921	fein-satyrischen	0		
83922	Lächeln	0		
83923	auf	0		
83924	den	0		
83925	Lippen	0		
83926	vorübergewandelt	0		
83927	.	0		
83928	Das	0		
83929	Ganze	0		
83930	war	0		
83931	das	0		
83932	Werk	0		
83933	eines	0		
83934	Augenblicks	0		
83935	.	0		
83936	Diese	0		
83937	Episode	0		
83938	riß	0		
83939	unsern	0	(mention_id=9973|references=(entity=(entity_id=entity_0007|fullname=Erzählinstanz|gender=u)),(entity=(entity_id=entity_0008|fullname=Leser|gender=u)))	(mention_id=9884|references=(entity=(entity_id=34|fullname=Moorfeld|gender=m)))
83940	Freund	0	(mention_id=9974|references=(entity=(entity_id=entity_0001|fullname=Dr. Moorfeld|gender=m)))	(mention_id=9885|references=(entity=(entity_id=34|fullname=Moorfeld|gender=m)))
83941	aus	0		
83942	allem	0		
83943	Zusammenhang	0		
83944	mit	0		
83945	dem	0		
83946	Rout	0		
83947	.	0		
83948	Er	0	(mention_id=9975|references=(entity=(entity_id=entity_0001|fullname=Dr. Moorfeld|gender=m)))	(mention_id=9886|references=(entity=(entity_id=34|fullname=Moorfeld|gender=m)))
83949	stand	0		
83950	eine	0		
83951	Weile	0		
83952	lang	0		
83953	in	0		
83954	jener	0		
83955	tiefsten	0		
83956	Vereinsamung	0		
83957	,	0		
83958	welche	0		
83959	mit	0		
83960	Unrecht	0		
83961	Geistesabwesenheit	0		
83962	heißt	0		
83963	.	0		
83964	Sein	0	(mention_id=9976|references=(entity=(entity_id=entity_0001|fullname=Dr. Moorfeld|gender=m)))	(mention_id=9887|references=(entity=(entity_id=34|fullname=Moorfeld|gender=m)))
83965	Geist	0		
83966	war	0		
83967	von	0		
83968	der	0		
83969	Außenwelt	0		
83970	abwesend	0		
83971	,	0		
83972	wie	0		
83973	es	0		
83974	ein	0		
83975	Taucher	0	(mention_id=9977|references=(entity=(entity_id=entity_0001|fullname=Dr. Moorfeld|gender=m)|specialcase_reference=figurative))	(mention_id=9888|references=(entity=(entity_id=generic_0103|fullname=der Taucher im Allgemeinen|gender=u|specialcase_entity=generic)))
83976	von	0		
83977	der	0		
83978	Erde	0		
83979	ist	0		
83980	.	0		
83981	Er	0	(mention_id=9978|references=(entity=(entity_id=entity_0001|fullname=Dr. Moorfeld|gender=m)))	(mention_id=9889|references=(entity=(entity_id=34|fullname=Moorfeld|gender=m)))
83982	versenkte	0		
83983	sich	0		(mention_id=9890|references=(entity=(entity_id=34|fullname=Moorfeld|gender=m)))
83984	in	0		
83985	ein	0		
83986	Element	0		
83987	,	0		
83988	worin	0		
83989	keine	0		
83990	Gesellschaft	0		
83991	möglich	0		
83992	ist	0		
83993	.	0		
83994	Die	0		
83995	Damen	0	(mention_id=9979|references=(entity=(entity_id=entity_0507|fullname=Mrs. Bennet|gender=m)),(entity=(entity_id=entity_0014|fullname=Cöleste Bennet|gender=f)),(entity=(entity_id=entity_0040|fullname=Jenny Bennet|gender=f)|borderline_reference=ID))	(mention_id=9891|references=(entity=(entity_id=159|fullname=die drei Damen|gender=u|specialcase_entity=group)))
83996	verschwanden	0		
83997	mehr	0		
83998	und	0		
83999	mehr	0		
84000	in	0		
84001	die	0		
84002	Tiefe	0		
84003	der	0		
84004	Säle	0		
84005	hinab	0		
84006	und	0		
84007	Moorfeld's	0	(mention_id=9980|references=(entity=(entity_id=entity_0001|fullname=Dr. Moorfeld|gender=m)))	(mention_id=9892|references=(entity=(entity_id=34|fullname=Moorfeld|gender=m)))
84008	Auge	0		
84009	folgte	0		
84010	noch	0		
84011	immer	0		
84012	,	0		
84013	gleichsam	0		
84014	wie	0		
84015	man	0		
84016	einen	0		
84017	Gegenstand	0		
84018	oft	0		
84019	in	0		
84020	perspectivischer	0		
84021	Entfernung	0		
84022	betrachtet	0		
84023	und	0		
84024	hofft	0		
84025	,	0		
84026	seines	0		
84027	Bildes	0		
84028	sich	0		
84029	deutlicher	0		
84030	zu	0		
84031	versichern	0		
84032	als	0		
84033	in	0		
84034	der	0		
84035	Nähe	0		
84036	.	0		
84037	In	0		
84038	diesem	0		
84039	Zustande	0		
84040	fand	0		
84041	ihn	0	(mention_id=9981|references=(entity=(entity_id=entity_0001|fullname=Dr. Moorfeld|gender=m)))	(mention_id=9893|references=(entity=(entity_id=34|fullname=Moorfeld|gender=m)))
84042	Mr.	0	(mention_id=9982|references=(entity=(entity_id=entity_0055|fullname=Mr. Bennet|gender=m)))	(mention_id=9894|references=(entity=(entity_id=5|fullname=Bennet|gender=m)))
84043	Bennet	0	(mention_id=9982|references=(entity=(entity_id=entity_0055|fullname=Mr. Bennet|gender=m)))	(mention_id=9894|references=(entity=(entity_id=5|fullname=Bennet|gender=m)))
84044	.	0		
84045	So	0		
84046	in	0		
84047	Gedanken	0		
84048	,	0		
84049	Sir	0	(mention_id=9983|references=(entity=(entity_id=entity_0001|fullname=Dr. Moorfeld|gender=m)))	(mention_id=9895|references=(entity=(entity_id=34|fullname=Moorfeld|gender=m)))
84050	?	0		
84051	Nicht	0		
84052	wahr	0		
84053	,	0		
84054	man	0		
84055	kann	0		
84056	recht	0		
84057	sich	0		
84058	selbst	0		
84059	leben	0		
84060	auf	0		
84061	einem	0		
84062	Rout	0		
84063	?	0		
84064	Aber	0		
84065	was	0		
84066	höre	0		
84067	ich	0	(mention_id=9984|references=(entity=(entity_id=entity_0055|fullname=Mr. Bennet|gender=m)))	(mention_id=9896|references=(entity=(entity_id=5|fullname=Bennet|gender=m)))
84068	!	0		
84069	General	0	(mention_id=9985|references=(entity=(entity_id=entity_0504|fullname=General Morton|gender=m)))	(mention_id=9897|references=(entity=(entity_id=17|fullname=General Morton|gender=m)))
84070	Morton	0	(mention_id=9985|references=(entity=(entity_id=entity_0504|fullname=General Morton|gender=m)))	(mention_id=9897|references=(entity=(entity_id=17|fullname=General Morton|gender=m)))
84071	aus	0		
84072	Virginien	0		
84073	sagt	0		
84074	mir	0	(mention_id=9986|references=(entity=(entity_id=entity_0055|fullname=Mr. Bennet|gender=m)))	(mention_id=9898|references=(entity=(entity_id=5|fullname=Bennet|gender=m)))
84075	soeben	0		
84076	,	0		
84077	Sie	0	(mention_id=9987|references=(entity=(entity_id=entity_0001|fullname=Dr. Moorfeld|gender=m)))	(mention_id=9899|references=(entity=(entity_id=34|fullname=Moorfeld|gender=m)))
84078	beabsichtigten	0		
84079	demnächst	0		
84080	eine	0		
84081	Ansiedlungsreise	0		
84082	an	0		
84083	den	0		
84084	Ohio	0		
84085	?	0		
84086	Ist	0		
84087	es	0		
84088	an	0		
84089	dem	0		
84090	?	0		
84091	Im	0		
84092	Schreck	0		
84093	darüber	0		
84094	ließ	0		
84095	ich	0	(mention_id=9988|references=(entity=(entity_id=entity_0055|fullname=Mr. Bennet|gender=m)))	(mention_id=9900|references=(entity=(entity_id=5|fullname=Bennet|gender=m)))
84096	den	0		
84097	Bischof	0	(mention_id=9989|references=(entity=(entity_id=entity_0528|fullname=Bischof Paxton|gender=m)))	(mention_id=9901|references=(entity=(entity_id=6|fullname=Bischof Paxton|gender=m)))
84098	Paxton	0	(mention_id=9989|references=(entity=(entity_id=entity_0528|fullname=Bischof Paxton|gender=m)))	(mention_id=9901|references=(entity=(entity_id=6|fullname=Bischof Paxton|gender=m)))
84099	stehen	0		
84100	,	0		
84101	der	0	(mention_id=9990|references=(entity=(entity_id=entity_0528|fullname=Bischof Paxton|gender=m)))	(mention_id=9902|references=(entity=(entity_id=6|fullname=Bischof Paxton|gender=m)))
84102	mich	0	(mention_id=9991|references=(entity=(entity_id=entity_0055|fullname=Mr. Bennet|gender=m)))	(mention_id=9903|references=(entity=(entity_id=5|fullname=Bennet|gender=m)))
84103	just	0		
84104	zum	0		
84105	Vertrauten	0	(mention_id=9992|references=(entity=(entity_id=entity_0055|fullname=Mr. Bennet|gender=m)))	(mention_id=9904|references=(entity=(entity_id=6|fullname=Bischof Paxton|gender=m)))
84106	seiner	0	(mention_id=9993|references=(entity=(entity_id=entity_0528|fullname=Bischof Paxton|gender=m)))	(mention_id=9905|references=(entity=(entity_id=6|fullname=Bischof Paxton|gender=m)))
84107	Kirchenbedürfnisse	0		
84108	gemacht	0		
84109	hat	0		
84110	,	0		
84111	und	0		
84112	dem	0	(mention_id=9994|references=(entity=(entity_id=entity_0528|fullname=Bischof Paxton|gender=m)))	(mention_id=9906|references=(entity=(entity_id=6|fullname=Bischof Paxton|gender=m)))
84113	ich	0	(mention_id=9995|references=(entity=(entity_id=entity_0055|fullname=Mr. Bennet|gender=m)))	(mention_id=9907|references=(entity=(entity_id=5|fullname=Bennet|gender=m)))
84114	doch	0		
84115	artig	0		
84116	sein	0		
84117	muß	0		
84118	,	0		
84119	denn	0		
84120	der	0		
84121	Zelot	0	(mention_id=9996|references=(entity=(entity_id=entity_0528|fullname=Bischof Paxton|gender=m)))	
84122	hat	0		
84123	Einfluß	0		
84124	und	0		
84125	ich	0	(mention_id=9997|references=(entity=(entity_id=entity_0055|fullname=Mr. Bennet|gender=m)))	(mention_id=9908|references=(entity=(entity_id=5|fullname=Bennet|gender=m)))
84126	erwarte	0		
84127	jeden	0		
84128	Augenblick	0		
84129	eine	0		
84130	Ladung	0		
84131	Gipsabgüsse	0		
84132	—	0		
84133	nach	0		
84134	dem	0		
84135	Museo	0		
84136	Borbonico	0		
84137	!	0		
84138	Es	0		
84139	war	0		
84140	Moorfeld	0	(mention_id=9998|references=(entity=(entity_id=entity_0001|fullname=Dr. Moorfeld|gender=m)))	(mention_id=9909|references=(entity=(entity_id=34|fullname=Moorfeld|gender=m)))
84141	eigenthümlich	0		
84142	zu	0		
84143	Muthe	0		
84144	,	0		
84145	jetzt	0		
84146	an	0		
84147	sein	0	(mention_id=9999|references=(entity=(entity_id=entity_0001|fullname=Dr. Moorfeld|gender=m)))	(mention_id=9910|references=(entity=(entity_id=34|fullname=Moorfeld|gender=m)))
84148	Urwalds	0		
84149	Project	0		
84150	erinnert	0		
84151	zu	0		
84152	werden	0		
84153	.	0		
84154	Er	0	(mention_id=10000|references=(entity=(entity_id=entity_0001|fullname=Dr. Moorfeld|gender=m)))	(mention_id=9911|references=(entity=(entity_id=34|fullname=Moorfeld|gender=m)))
84155	erschrack	0		
84156	fast	0		
84157	.	0		
84158	Bennet	0	(mention_id=10001|references=(entity=(entity_id=entity_0055|fullname=Mr. Bennet|gender=m)))	(mention_id=9912|references=(entity=(entity_id=5|fullname=Bennet|gender=m)))
84159	fuhr	0		
84160	in	0		
84161	seiner	0	(mention_id=10002|references=(entity=(entity_id=entity_0055|fullname=Mr. Bennet|gender=m)))	(mention_id=9913|references=(entity=(entity_id=5|fullname=Bennet|gender=m)))
84162	affablen	0		
84163	Manier	0		
84164	fort	0		
84165	:	0		
84166	Freilich	0		
84167	gratulire	0		
84168	ich	0	(mention_id=10003|references=(entity=(entity_id=entity_0055|fullname=Mr. Bennet|gender=m)))	(mention_id=9914|references=(entity=(entity_id=5|fullname=Bennet|gender=m)))
84169	uns	0	(mention_id=10004|references=(entity=(entity_id=generic_3971|fullname=generic_0316|gender=u|specialcase_entity=generic)),(entity=(entity_id=entity_0001|fullname=Dr. Moorfeld|gender=m)))	(mention_id=9915|references=(entity=(entity_id=5|fullname=Bennet|gender=m)))
84170	anderseits	0		
84171	wieder	0		
84172	,	0		
84173	daß	0		
84174	Sie	0	(mention_id=10005|references=(entity=(entity_id=entity_0001|fullname=Dr. Moorfeld|gender=m)))	(mention_id=9916|references=(entity=(entity_id=34|fullname=Moorfeld|gender=m)))
84175	ein	0		
84176	Bürger	0	(mention_id=10006|references=(entity=(entity_id=entity_0001|fullname=Dr. Moorfeld|gender=m)))	(mention_id=9917|references=(entity=(entity_id=34|fullname=Moorfeld|gender=m)))
84177	unsrer	0	(mention_id=10007|references=(entity=(entity_id=entity_0055|fullname=Mr. Bennet|gender=m)),(entity=(entity_id=generic_3972|fullname=generic_0317|gender=u|specialcase_entity=generic)))	(mention_id=9918|references=(entity=(entity_id=5|fullname=Bennet|gender=m)))
84178	Staaten	0		
84179	werden	0		
84180	wollen	0		
84181	.	0		
84182	Und	0		
84183	dürfte	0		
84184	ich	0	(mention_id=10008|references=(entity=(entity_id=entity_0055|fullname=Mr. Bennet|gender=m)))	(mention_id=9919|references=(entity=(entity_id=5|fullname=Bennet|gender=m)))
84185	dreinreden	0		
84186	,	0		
84187	so	0		
84188	würde	0		
84189	ich	0	(mention_id=10009|references=(entity=(entity_id=entity_0055|fullname=Mr. Bennet|gender=m)))	(mention_id=9920|references=(entity=(entity_id=5|fullname=Bennet|gender=m)))
84190	erinnern	0		
84191	,	0		
84192	daß	0		
84193	unser	0	(mention_id=10010|references=(entity=(entity_id=entity_0055|fullname=Mr. Bennet|gender=m)))	(mention_id=9921|references=(entity=(entity_id=5|fullname=Bennet|gender=m)))
84194	Hudson	0		
84195	hier	0		
84196	auch	0		
84197	ein	0		
84198	angenehmes	0		
84199	Flüßchen	0		
84200	ist	0		
84201	.	0		
84202	Seine	0		(mention_id=9922|references=(entity=(entity_id=67|fullname=der Hudson|gender=u|specialcase_entity=nonfact)))
84203	Naturschönheiten	0		
84204	—	0		
84205	Ich	0	(mention_id=10011|references=(entity=(entity_id=entity_0001|fullname=Dr. Moorfeld|gender=m)))	(mention_id=9923|references=(entity=(entity_id=34|fullname=Moorfeld|gender=m)))
84206	halte	0		
84207	die	0		
84208	Winter-Saison	0		
84209	vielleicht	0		
84210	in	0		
84211	Newyork	0		
84212	,	0		
84213	antwortete	0		
84214	Moorfeld	0	(mention_id=10012|references=(entity=(entity_id=entity_0001|fullname=Dr. Moorfeld|gender=m)))	(mention_id=9924|references=(entity=(entity_id=34|fullname=Moorfeld|gender=m)))
84215	.	0		
84216	Das	0		
84217	Wort	0		
84218	war	0		
84219	gesprochen	0		
84220	,	0		
84221	er	0	(mention_id=10013|references=(entity=(entity_id=entity_0001|fullname=Dr. Moorfeld|gender=m)))	(mention_id=9925|references=(entity=(entity_id=34|fullname=Moorfeld|gender=m)))
84222	wußte	0		
84223	nicht	0		
84224	wie	0		
84225	.	0		
84226	Doch	0		
84227	fühlte	0		
84228	er	0	(mention_id=10014|references=(entity=(entity_id=entity_0001|fullname=Dr. Moorfeld|gender=m)))	(mention_id=9926|references=(entity=(entity_id=34|fullname=Moorfeld|gender=m)))
84229	sein	0	(mention_id=10015|references=(entity=(entity_id=entity_0001|fullname=Dr. Moorfeld|gender=m)))	(mention_id=9927|references=(entity=(entity_id=34|fullname=Moorfeld|gender=m)))
84230	brennendes	0		
84231	Erröthen	0		
84232	darüber	0		
84233	.	0		
84234	Tant	0		
84235	mieux	0		
84236	!	0		
84237	tant	0		
84238	mieux	0		
84239	!	0		
84240	jubelte	0		
84241	Mr.	0	(mention_id=10016|references=(entity=(entity_id=entity_0055|fullname=Mr. Bennet|gender=m)))	(mention_id=9928|references=(entity=(entity_id=5|fullname=Bennet|gender=m)))
84242	Bennet	0	(mention_id=10016|references=(entity=(entity_id=entity_0055|fullname=Mr. Bennet|gender=m)))	(mention_id=9928|references=(entity=(entity_id=5|fullname=Bennet|gender=m)))
84243	.	0		
84244	Moorfeld	0	(mention_id=10017|references=(entity=(entity_id=entity_0001|fullname=Dr. Moorfeld|gender=m)))	(mention_id=9929|references=(entity=(entity_id=34|fullname=Moorfeld|gender=m)))
84245	hörte	0		
84246	ihn	0	(mention_id=10018|references=(entity=(entity_id=entity_0001|fullname=Dr. Moorfeld|gender=m)))	(mention_id=9930|references=(entity=(entity_id=5|fullname=Bennet|gender=m)))
84247	und	0		
84248	mußte	0		
84249	sich	0	(mention_id=10019|references=(entity=(entity_id=entity_0001|fullname=Dr. Moorfeld|gender=m)))	(mention_id=9931|references=(entity=(entity_id=34|fullname=Moorfeld|gender=m)))
84250	zusammen	0		
84251	nehmen	0		
84252	,	0		
84253	ihn	0	(mention_id=10020|references=(entity=(entity_id=entity_0001|fullname=Dr. Moorfeld|gender=m)))	(mention_id=9932|references=(entity=(entity_id=5|fullname=Bennet|gender=m)))
84254	auch	0		
84255	zu	0		
84256	sehen	0		
84257	.	0		
84258	Sein	0	(mention_id=10021|references=(entity=(entity_id=entity_0001|fullname=Dr. Moorfeld|gender=m)))	(mention_id=9933|references=(entity=(entity_id=34|fullname=Moorfeld|gender=m)))
84259	Auge	0		
84260	war	0		
84261	wie	0		
84262	gebannt	0		
84263	.	0		
84264	Und	0		
84265	doch	0		
84266	waren	0		
84267	die	0		
84268	Damen	0	(mention_id=10022|references=(entity=(entity_id=entity_0507|fullname=Mrs. Bennet|gender=m)),(entity=(entity_id=entity_0014|fullname=Cöleste Bennet|gender=f)),(entity=(entity_id=entity_0040|fullname=Jenny Bennet|gender=f)|borderline_reference=ID))	(mention_id=9934|references=(entity=(entity_id=159|fullname=die drei Damen|gender=u|specialcase_entity=group)))
84269	in	0		
84270	der	0		
84271	Reihe	0		
84272	der	0		
84273	Säle	0		
84274	längst	0		
84275	nicht	0		
84276	mehr	0		
84277	sichtbar	0		
84278	,	0		
84279	nur	0		
84280	die	0		
84281	Bewegung	0		
84282	der	0		
84283	Gesellschaft	0	(mention_id=10023|references=(entity=(entity_id=entity_0519|fullname=Gesellschaft bei Bennet|gender=mf|specialcase_entity=group)))	(mention_id=9935|references=(entity=(entity_id=108|fullname=die Gesellschaft|gender=u|specialcase_entity=group)))
84284	kräuselte	0		
84285	noch	0		
84286	,	0		
84287	wie	0		
84288	Furchen	0		
84289	die	0		
84290	der	0		
84291	Schwan	0		
84292	zieht	0		
84293	,	0		
84294	den	0		
84295	Verschwundenen	0		(mention_id=9936|references=(entity=(entity_id=159|fullname=die drei Damen|gender=u|specialcase_entity=group)))
84296	nach	0		
84297	.	0		
84298	Ich	0	(mention_id=10024|references=(entity=(entity_id=entity_0055|fullname=Mr. Bennet|gender=m)))	(mention_id=9937|references=(entity=(entity_id=5|fullname=Bennet|gender=m)))
84299	bin	0		
84300	gekommen	0		
84301	,	0		
84302	fuhr	0		
84303	Bennet	0	(mention_id=10025|references=(entity=(entity_id=entity_0055|fullname=Mr. Bennet|gender=m)))	(mention_id=9938|references=(entity=(entity_id=5|fullname=Bennet|gender=m)))
84304	fort	0		
84305	,	0		
84306	Sie	0	(mention_id=10026|references=(entity=(entity_id=entity_0001|fullname=Dr. Moorfeld|gender=m)))	(mention_id=9939|references=(entity=(entity_id=34|fullname=Moorfeld|gender=m)))
84307	um	0		
84308	Ihre	0	(mention_id=10027|references=(entity=(entity_id=entity_0001|fullname=Dr. Moorfeld|gender=m)))	(mention_id=9940|references=(entity=(entity_id=34|fullname=Moorfeld|gender=m)))
84309	Gesellschaft	0		
84310	ins	0		
84311	Theepavillon	0		
84312	zu	0		
84313	bitten	0		
84314	.	0		
84315	Wir	0	(mention_id=10028|references=(entity=(entity_id=entity_0055|fullname=Mr. Bennet|gender=m)))	(mention_id=9941|references=(entity=(entity_id=5|fullname=Bennet|gender=m)))
84316	wollen	0		
84317	unsern	0	(mention_id=10029|references=(entity=(entity_id=entity_0055|fullname=Mr. Bennet|gender=m)))	(mention_id=9942|references=(entity=(entity_id=5|fullname=Bennet|gender=m)))
84318	Thee	0		
84319	nehmen	0		
84320	,	0		
84321	wenn	0		
84322	es	0		
84323	Ihnen	0	(mention_id=10030|references=(entity=(entity_id=entity_0001|fullname=Dr. Moorfeld|gender=m)))	(mention_id=9943|references=(entity=(entity_id=34|fullname=Moorfeld|gender=m)))
84324	gefällig	0		
84325	ist	0		
84326	.	0		
84327	Mr.	0	(mention_id=10031|references=(entity=(entity_id=entity_0505|fullname=Mr. Livingstone|gender=m)))	(mention_id=9944|references=(entity=(entity_id=28|fullname=Livingstone|gender=m)))
84328	Livingstone	0	(mention_id=10031|references=(entity=(entity_id=entity_0505|fullname=Mr. Livingstone|gender=m)))	(mention_id=9944|references=(entity=(entity_id=28|fullname=Livingstone|gender=m)))
84329	wird	0		
84330	von	0		
84331	unsrer	0	(mention_id=10032|references=(entity=(entity_id=entity_0055|fullname=Mr. Bennet|gender=m)))	(mention_id=9945|references=(entity=(entity_id=5|fullname=Bennet|gender=m)))
84332	Parthie	0	(mention_id=10033|references=(entity=(entity_id=entity_0529|fullname=Theepartie|gender=m|members=entity_0505,entity_0508,entity_0509,entity_0510,entity_0512,entity_0514,entity_0524|all_members_given=False|specialcase_entity=group)))	
84333	sein	0		
84334	und	0		
84335	noch	0		
84336	einige	0		
84337	andre	0		
84338	Gentlemens	0	(mention_id=10034|references=(entity=(entity_id=entity_0551|fullname=Andere Gentlemen aus Mr. Bennets engerer Bekanntschaft|gender=m|members=entity_0505,entity_0508,entity_0509,entity_0510,entity_0512,entity_0514,entity_0524|all_members_given=False|specialcase_entity=group)))	(mention_id=9946|references=(entity=(entity_id=172|fullname=einige andere Gentlemens|gender=u|specialcase_entity=group)))
84339	meiner	0	(mention_id=10035|references=(entity=(entity_id=entity_0055|fullname=Mr. Bennet|gender=m)))	(mention_id=9947|references=(entity=(entity_id=5|fullname=Bennet|gender=m)))
84340	engeren	0		
84341	Bekanntschaft	0		
84342	.	0		
84343	Sollte	0		
84344	Moorfeld	0	(mention_id=10036|references=(entity=(entity_id=entity_0001|fullname=Dr. Moorfeld|gender=m)))	(mention_id=9948|references=(entity=(entity_id=34|fullname=Moorfeld|gender=m)))
84345	seine	0	(mention_id=10037|references=(entity=(entity_id=entity_0001|fullname=Dr. Moorfeld|gender=m)))	(mention_id=9949|references=(entity=(entity_id=34|fullname=Moorfeld|gender=m)))
84346	augenblickliche	0		
84347	Stimmung	0		
84348	opfern	0		
84349	,	0		
84350	so	0		
84351	that	0		
84352	er's	0	(mention_id=10038|references=(entity=(entity_id=entity_0001|fullname=Dr. Moorfeld|gender=m)))	(mention_id=9950|references=(entity=(entity_id=34|fullname=Moorfeld|gender=m)))
84353	noch	0		
84354	am	0		
84355	liebsten	0		
84356	in	0		
84357	Bennet's	0	(mention_id=10039|references=(entity=(entity_id=entity_0055|fullname=Mr. Bennet|gender=m)))	(mention_id=9951|references=(entity=(entity_id=5|fullname=Bennet|gender=m)))
84358	Gesellschaft	0		
84359	.	0		
84360	Er	0	(mention_id=10040|references=(entity=(entity_id=entity_0001|fullname=Dr. Moorfeld|gender=m)))	(mention_id=9952|references=(entity=(entity_id=34|fullname=Moorfeld|gender=m)))
84361	folgte	0		
84362	.	0		
84363	Der	0		
84364	Hausherr	0	(mention_id=10041|references=(entity=(entity_id=entity_0055|fullname=Mr. Bennet|gender=m)))	(mention_id=9953|references=(entity=(entity_id=5|fullname=Bennet|gender=m)))
84365	führte	0		
84366	seinen	0	(mention_id=10042|references=(entity=(entity_id=entity_0055|fullname=Mr. Bennet|gender=m)))	(mention_id=9954|references=(entity=(entity_id=5|fullname=Bennet|gender=m)))
84367	Gast	0	(mention_id=10043|references=(entity=(entity_id=entity_0001|fullname=Dr. Moorfeld|gender=m)))	(mention_id=9955|references=(entity=(entity_id=34|fullname=Moorfeld|gender=m)))
84368	die	0		
84369	Conversationssäle	0		
84370	,	0		
84371	Spielzimmer	0		
84372	und	0		
84373	Trinkstuben	0		
84374	entlang	0		
84375	an	0		
84376	das	0		
84377	äußerste	0		
84378	Ende	0		
84379	der	0		
84380	Appartements	0		
84381	.	0		
84382	Dort	0		
84383	lud	0		
84384	sich	0		
84385	ein	0		
84386	niedlich	0		
84387	verstecktes	0		
84388	Plaudercabinet	0		
84389	erkerartig	0		
84390	auf	0		
84391	eine	0		
84392	Terrasse	0		
84393	aus	0		
84394	,	0		
84395	welche	0		
84396	mit	0		
84397	einer	0		
84398	Fülle	0		
84399	tropischer	0		
84400	Gewächse	0		
84401	besetzt	0		
84402	war	0		
84403	.	0		
84404	Das	0		
84405	Cabinet	0		
84406	bildete	0		
84407	eine	0		
84408	Art	0		
84409	Glaspavillon	0		
84410	,	0		
84411	seine	0		
84412	Form	0		
84413	war	0		
84414	die	0		
84415	des	0		
84416	Achteckes	0		
84417	.	0		
84418	Ein	0		
84419	runder	0		
84420	in	0		
84421	diesem	0		
84422	Augenblicke	0		
84423	reich	0		
84424	garnirter	0		
84425	Theetisch	0		
84426	nahm	0		
84427	die	0		
84428	Mitte	0		
84429	des	0		
84430	Gemaches	0		
84431	ein	0		
84432	;	0		
84433	den	0		
84434	übrigen	0		
84435	Raum	0		
84436	erfüllten	0		
84437	breite	0		
84438	Divans	0		
84439	,	0		
84440	niedrige	0		
84441	Fauteuils	0		
84442	,	0		
84443	sogar	0		
84444	einige	0		
84445	Schaukelstühle	0		
84446	,	0		
84447	zum	0		
84448	Beweis	0		
84449	,	0		
84450	daß	0		
84451	das	0		
84452	reizende	0		
84453	Reduit	0		
84454	,	0		
84455	außer	0		
84456	seiner	0		
84457	Bestimmung	0		
84458	als	0		
84459	Estaminet	0		
84460	,	0		
84461	auch	0		
84462	schöneren	0		
84463	Besuches	0		
84464	gewürdigt	0		
84465	wurde	0		
84466	.	0		
84467	Die	0		
84468	acht	0		
84469	Ecken	0		
84470	des	0		
84471	Gemaches	0		
84472	verzierten	0		
84473	Blumen-	0		
84474	und	0		
84475	Fruchtkörbe	0		
84476	aus	0		
84477	japanischem	0		
84478	Bambusrohr	0		
84479	auf	0		
84480	vergoldeten	0		
84481	Postamenten	0		
84482	.	0		
84483	Das	0		
84484	Licht	0		
84485	fiel	0		
84486	von	0		
84487	oben	0		
84488	durch	0		
84489	eine	0		
84490	Construction	0		
84491	von	0		
84492	Spiegelgläsern	0		
84493	ein	0		
84494	,	0		
84495	welche	0		
84496	aber	0		
84497	ein	0		
84498	Netz	0		
84499	von	0		
84500	Schlingpflanzen	0		
84501	so	0		
84502	anmuthig	0		
84503	überkleidete	0		
84504	,	0		
84505	daß	0		
84506	vom	0		
84507	ganzen	0		
84508	Apparat	0		
84509	nichts	0		
84510	zu	0		
84511	sehen	0		
84512	war	0		
84513	,	0		
84514	als	0		
84515	seine	0		
84516	Leistung	0		
84517	selbst	0		
84518	,	0		
84519	eine	0		
84520	milde	0		
84521	dämmerige	0		
84522	Mondeshelle	0		
84523	.	0		
84524	Die	0		
84525	Gardinen	0		
84526	der	0		
84527	Fenster	0		
84528	waren	0		
84529	niedergelassen	0		
84530	mit	0		
84531	Ausnahme	0		
84532	eines	0		
84533	einzigen	0		
84534	.	0		
84535	Dieses	0		
84536	zeigte	0		
84537	im	0		
84538	Vordergrunde	0		
84539	eine	0		
84540	charakteristische	0		
84541	Laubmasse	0		
84542	vom	0		
84543	Battery-Park	0		
84544	,	0		
84545	darüber	0		
84546	ein	0		
84547	ritterliches	0		
84548	Stück	0		
84549	Mauerwerk	0		
84550	vom	0		
84551	Castel	0		
84552	Garden	0		
84553	,	0		
84554	im	0		
84555	Hintergrunde	0		
84556	das	0		
84557	Meer	0		
84558	.	0		
84559	Vor-	0		
84560	und	0		
84561	Mittelgrund	0		
84562	lagen	0		
84563	in	0		
84564	tiefer	0		
84565	Nacht	0		
84566	,	0		
84567	das	0		
84568	Meer	0		
84569	warf	0		
84570	von	0		
84571	seiner	0		
84572	fernen	0		
84573	Höhe	0		
84574	das	0		
84575	letzte	0		
84576	purpurne	0		
84577	Abendlicht	0		
84578	herein	0		
84579	.	0		
84580	Der	0		
84581	offene	0		
84582	Fensterraum	0		
84583	contrastirte	0		
84584	zu	0		
84585	den	0		
84586	Gardinenfarben	0		
84587	,	0		
84588	die	0		
84589	ihn	0		
84590	rechts	0		
84591	und	0		
84592	links	0		
84593	einrahmten	0		
84594	,	0		
84595	und	0		
84596	zu	0		
84597	der	0		
84598	eigenthümlichen	0		
84599	Beleuchtung	0		
84600	des	0		
84601	Cabinets	0		
84602	so	0		
84603	täuschend	0		
84604	,	0		
84605	daß	0		
84606	der	0		
84607	Eintretende	0	(mention_id=10044|references=(entity=(entity_id=entity_0001|fullname=Dr. Moorfeld|gender=m)))	(mention_id=9956|references=(entity=(entity_id=60|fullname=der Eintretende|gender=m|specialcase_entity=nonfact)))
84608	im	0		
84609	ersten	0		
84610	Augenblicke	0		
84611	keine	0		
84612	natürliche	0		
84613	Aussicht	0		
84614	,	0		
84615	sondern	0		
84616	ein	0		
84617	bezauberndes	0		
84618	Landschaftsbild	0		
84619	,	0		
84620	durch	0		
84621	irgend	0		
84622	einen	0		
84623	optischen	0		
84624	Effect	0		
84625	erzeugt	0		
84626	,	0		
84627	vor	0		
84628	sich	0	(mention_id=10045|references=(entity=(entity_id=entity_0001|fullname=Dr. Moorfeld|gender=m)))	(mention_id=9957|references=(entity=(entity_id=60|fullname=der Eintretende|gender=m|specialcase_entity=nonfact)))
84629	zu	0		
84630	haben	0		
84631	wähnte	0		
84632	.	0		
84633	Moorfeld	0	(mention_id=10046|references=(entity=(entity_id=entity_0001|fullname=Dr. Moorfeld|gender=m)))	(mention_id=9958|references=(entity=(entity_id=34|fullname=Moorfeld|gender=m)))
84634	schickte	0		
84635	aus	0		
84636	vollster	0		
84637	Seele	0		
84638	dem	0		
84639	Meere	0		
84640	seinen	0	(mention_id=10047|references=(entity=(entity_id=entity_0001|fullname=Dr. Moorfeld|gender=m)))	(mention_id=9959|references=(entity=(entity_id=34|fullname=Moorfeld|gender=m)))
84641	Gruß	0		
84642	hinaus	0		
84643	.	0		
84644	Den	0		
84645	Eingang	0		
84646	des	0		
84647	Cabinets	0		
84648	bildete	0		
84649	nach	0		
84650	gewöhnlichem	0		
84651	Brauch	0		
84652	englischer	0		
84653	Trinkstuben	0		
84654	ein	0		
84655	Vorhang	0		
84656	.	0		
84657	Dieser	0		
84658	Vorhang	0		
84659	war	0		
84660	halb	0		
84661	zurückgeschlagen	0		
84662	,	0		
84663	so	0		
84664	daß	0		
84665	ein	0		
84666	Theil	0		
84667	des	0		
84668	hier	0		
84669	beschriebenen	0		
84670	Inneren	0		
84671	den	0		
84672	Ankömmlingen	0	(mention_id=10048|references=(entity=(entity_id=entity_0001|fullname=Dr. Moorfeld|gender=m)),(entity=(entity_id=entity_0055|fullname=Mr. Bennet|gender=m)))	(mention_id=9960|references=(entity=(entity_id=90|fullname=die Ankömmlinge|gender=u|specialcase_entity=group)))
84673	schon	0		
84674	aus	0		
84675	einer	0		
84676	gewissen	0		
84677	Distanz	0		
84678	bemerkbar	0		
84679	wurde	0		
84680	.	0		
84681	Moorfeld	0	(mention_id=10049|references=(entity=(entity_id=entity_0001|fullname=Dr. Moorfeld|gender=m)))	(mention_id=9961|references=(entity=(entity_id=34|fullname=Moorfeld|gender=m)))
84682	erkannte	0		
84683	von	0		
84684	den	0		
84685	anwesenden	0		
84686	Gästen	0	(mention_id=10050|references=(entity=(entity_id=entity_0551|fullname=Andere Gentlemen aus Mr. Bennets engerer Bekanntschaft|gender=m|members=entity_0505,entity_0508,entity_0509,entity_0510,entity_0512,entity_0514,entity_0524|all_members_given=False|specialcase_entity=group)),(entity=(entity_id=entity_0529|fullname=Theepartie|gender=m|members=entity_0505,entity_0508,entity_0509,entity_0510,entity_0512,entity_0514,entity_0524|all_members_given=False|specialcase_entity=group)))	(mention_id=9962|references=(entity=(entity_id=155|fullname=die anwesenden Gäste|gender=u|specialcase_entity=group)))
84687	Dr.	0	(mention_id=10051|references=(entity=(entity_id=entity_0508|fullname=Doctor Channing|gender=m)))	(mention_id=9963|references=(entity=(entity_id=8|fullname=Channing|gender=m)))
84688	Channing	0	(mention_id=10051|references=(entity=(entity_id=entity_0508|fullname=Doctor Channing|gender=m)))	(mention_id=9963|references=(entity=(entity_id=8|fullname=Channing|gender=m)))
84689	,	0		
84690	Dr.	0	(mention_id=10052|references=(entity=(entity_id=entity_0514|fullname=Doctor Griswold|gender=m)))	(mention_id=9964|references=(entity=(entity_id=20|fullname=Griswold|gender=m)))
84691	Griswold	0	(mention_id=10052|references=(entity=(entity_id=entity_0514|fullname=Doctor Griswold|gender=m)))	(mention_id=9964|references=(entity=(entity_id=20|fullname=Griswold|gender=m)))
84692	und	0		
84693	Mr.	0	(mention_id=10053|references=(entity=(entity_id=entity_0505|fullname=Mr. Livingstone|gender=m)))	(mention_id=9965|references=(entity=(entity_id=28|fullname=Livingstone|gender=m)))
84694	Livingstone	0	(mention_id=10053|references=(entity=(entity_id=entity_0505|fullname=Mr. Livingstone|gender=m)))	(mention_id=9965|references=(entity=(entity_id=28|fullname=Livingstone|gender=m)))
84695	.	0		
84696	Er	0	(mention_id=10054|references=(entity=(entity_id=entity_0001|fullname=Dr. Moorfeld|gender=m)))	(mention_id=9966|references=(entity=(entity_id=34|fullname=Moorfeld|gender=m)))
84697	erblickte	0		
84698	aber	0		
84699	noch	0		
84700	drei	0		
84701	oder	0		
84702	vier	0		
84703	andere	0		
84704	Herren	0	(mention_id=10055|references=(entity=(entity_id=entity_0524|fullname=Oberst Gault|gender=m)),(entity=(entity_id=entity_0509|fullname=Mr. Wood|gender=m)),(entity=(entity_id=entity_0510|fullname=Mr. Woods Schwager|gender=m)),(entity=(entity_id=entity_0512|fullname=Mr. Woods Schwiegersohn|gender=m)))	(mention_id=9967|references=(entity=(entity_id=162|fullname=die unbekannten Herren|gender=u|specialcase_entity=group)))
84705	an	0		
84706	der	0		
84707	Tafelrunde	0	(mention_id=10056|references=(entity=(entity_id=entity_0529|fullname=Theepartie|gender=m|members=entity_0505,entity_0508,entity_0509,entity_0510,entity_0512,entity_0514,entity_0524|all_members_given=False|specialcase_entity=group)))	
84708	,	0		
84709	welche	0	(mention_id=10057|references=(entity=(entity_id=entity_0512|fullname=Mr. Woods Schwiegersohn|gender=m)),(entity=(entity_id=entity_0510|fullname=Mr. Woods Schwager|gender=m)),(entity=(entity_id=entity_0509|fullname=Mr. Wood|gender=m)),(entity=(entity_id=entity_0524|fullname=Oberst Gault|gender=m)))	(mention_id=9968|references=(entity=(entity_id=162|fullname=die unbekannten Herren|gender=u|specialcase_entity=group)))
84710	ihm	0	(mention_id=10058|references=(entity=(entity_id=entity_0001|fullname=Dr. Moorfeld|gender=m)))	(mention_id=9969|references=(entity=(entity_id=34|fullname=Moorfeld|gender=m)))
84711	unbekannt	0		
84712	waren	0		
84713	.	0		
84714	Herr	0	(mention_id=10059|references=(entity=(entity_id=entity_0055|fullname=Mr. Bennet|gender=m)))	(mention_id=9970|references=(entity=(entity_id=5|fullname=Bennet|gender=m)))
84715	Bennet	0	(mention_id=10059|references=(entity=(entity_id=entity_0055|fullname=Mr. Bennet|gender=m)))	(mention_id=9970|references=(entity=(entity_id=5|fullname=Bennet|gender=m)))
84716	erklärte	0		
84717	sie	0		(mention_id=9971|references=(entity=(entity_id=162|fullname=die unbekannten Herren|gender=u|specialcase_entity=group)))
84718	ihm	0	(mention_id=10060|references=(entity=(entity_id=entity_0001|fullname=Dr. Moorfeld|gender=m)))	(mention_id=9972|references=(entity=(entity_id=34|fullname=Moorfeld|gender=m)))
84719	folgender	0		
84720	Weise	0		
84721	:	0		
84722	Rechts	0		
84723	neben	0		
84724	Dr.	0	(mention_id=10061|references=(entity=(entity_id=entity_0508|fullname=Doctor Channing|gender=m)))	(mention_id=9973|references=(entity=(entity_id=8|fullname=Channing|gender=m)))
84725	Channing	0	(mention_id=10061|references=(entity=(entity_id=entity_0508|fullname=Doctor Channing|gender=m)))	(mention_id=9973|references=(entity=(entity_id=8|fullname=Channing|gender=m)))
84726	sitzt	0		
84727	Oberst	0	(mention_id=10062|references=(entity=(entity_id=entity_0524|fullname=Oberst Gault|gender=m)))	(mention_id=9974|references=(entity=(entity_id=40|fullname=Oberst Gault|gender=m)))
84728	Gault	0	(mention_id=10062|references=(entity=(entity_id=entity_0524|fullname=Oberst Gault|gender=m)))	(mention_id=9974|references=(entity=(entity_id=40|fullname=Oberst Gault|gender=m)))
84729	,	0		
84730	Director	0	(mention_id=10063|references=(entity=(entity_id=entity_0524|fullname=Oberst Gault|gender=m)))	(mention_id=9975|references=(entity=(entity_id=40|fullname=Oberst Gault|gender=m)))
84731	der	0		
84732	Militärakademie	0		
84733	in	0		
84734	Westpoint	0		
84735	.	0		
84736	Ein	0		
84737	sehr	0		
84738	gelehrter	0		
84739	Militär	0	(mention_id=10064|references=(entity=(entity_id=entity_0524|fullname=Oberst Gault|gender=m)))	(mention_id=9976|references=(entity=(entity_id=40|fullname=Oberst Gault|gender=m)))
84740	,	0		
84741	der	0	(mention_id=10065|references=(entity=(entity_id=entity_0524|fullname=Oberst Gault|gender=m)))	(mention_id=9977|references=(entity=(entity_id=40|fullname=Oberst Gault|gender=m)))
84742	aber	0		
84743	möglicherweise	0		
84744	den	0		
84745	ganzen	0		
84746	Abend	0		
84747	den	0		
84748	Mund	0		
84749	nicht	0		
84750	öffnen	0		
84751	wird	0		
84752	,	0		
84753	wenn	0		
84754	wir	0	(mention_id=10066|references=(entity=(entity_id=entity_0055|fullname=Mr. Bennet|gender=m)),(entity=(entity_id=entity_0001|fullname=Dr. Moorfeld|gender=m)))	(mention_id=9978|references=(entity=(entity_id=5|fullname=Bennet|gender=m)))
84755	nicht	0		
84756	zufällig	0		
84757	von	0		
84758	Mathematik	0		
84759	sprechen	0		
84760	.	0		
84761	Auf	0		
84762	der	0		
84763	andern	0		
84764	Seite	0		
84765	erblicken	0		
84766	wir	0	(mention_id=10067|references=(entity=(entity_id=entity_0509|fullname=Mr. Wood|gender=m)))	(mention_id=9979|references=(entity=(entity_id=5|fullname=Bennet|gender=m)))
84767	Mr.	0	(mention_id=10068|references=(entity=(entity_id=entity_0510|fullname=Mr. Woods Schwager|gender=m)))	(mention_id=9980|references=(entity=(entity_id=36|fullname=Mr Wood|gender=m)))
84768	Wood	0	(mention_id=10068|references=(entity=(entity_id=entity_0510|fullname=Mr. Woods Schwager|gender=m)))	(mention_id=9980|references=(entity=(entity_id=36|fullname=Mr Wood|gender=m)))
84769	mit	0		
84770	Schwager	0	(mention_id=10069|references=(entity=(entity_id=entity_0510|fullname=Mr. Woods Schwager|gender=m)))	(mention_id=9981|references=(entity=(entity_id=76|fullname=der Schwager von Mr Wood|gender=m)))
84771	und	0		
84772	Schwiegersohn	0	(mention_id=10070|references=(entity=(entity_id=entity_0512|fullname=Mr. Woods Schwiegersohn|gender=m)))	(mention_id=9982|references=(entity=(entity_id=78|fullname=der Schwiegersohn von Mr Wood|gender=m)))
84773	.	0		
84774	Die	0		
84775	drei	0		
84776	Herren	0	(mention_id=10071|references=(entity=(entity_id=entity_0509|fullname=Mr. Wood|gender=m)),(entity=(entity_id=entity_0510|fullname=Mr. Woods Schwager|gender=m)),(entity=(entity_id=entity_0512|fullname=Mr. Woods Schwiegersohn|gender=m)))	(mention_id=9983|references=(entity=(entity_id=36|fullname=Mr Wood|gender=m)),(entity=(entity_id=76|fullname=der Schwager von Mr Wood|gender=m)),(entity=(entity_id=78|fullname=der Schwiegersohn von Mr Wood|gender=m)))
84777	sind	0		
84778	die	0		
84779	Firma	0		(mention_id=9984|references=(entity=(entity_id=102|fullname=die Firma|gender=u|specialcase_entity=group)))
84780	einer	0		
84781	patentirten	0		
84782	Licht-	0		
84783	und	0		
84784	Seifenfabrik	0		
84785	;	0		
84786	sie	0	(mention_id=10072|references=(entity=(entity_id=entity_0055|fullname=Mr. Bennet|gender=m)))	(mention_id=9985|references=(entity=(entity_id=36|fullname=Mr Wood|gender=m)),(entity=(entity_id=76|fullname=der Schwager von Mr Wood|gender=m)),(entity=(entity_id=78|fullname=der Schwiegersohn von Mr Wood|gender=m)))
84787	zogen	0		
84788	es	0		
84789	aber	0		
84790	,	0		
84791	wie	0		
84792	wir	0	(mention_id=10073|references=(entity=(entity_id=entity_0509|fullname=Mr. Wood|gender=m)),(entity=(entity_id=entity_0001|fullname=Dr. Moorfeld|gender=m)))	(mention_id=9986|references=(entity=(entity_id=5|fullname=Bennet|gender=m)))
84793	sehen	0		
84794	,	0		
84795	heute	0		
84796	vor	0		
84797	,	0		
84798	in	0		
84799	ihren	0	(mention_id=10074|references=(entity=(entity_id=entity_0510|fullname=Mr. Woods Schwager|gender=m)),(entity=(entity_id=entity_0512|fullname=Mr. Woods Schwiegersohn|gender=m)),(entity=(entity_id=entity_0509|fullname=Mr. Wood|gender=m)))	(mention_id=9987|references=(entity=(entity_id=36|fullname=Mr Wood|gender=m)),(entity=(entity_id=76|fullname=der Schwager von Mr Wood|gender=m)),(entity=(entity_id=78|fullname=der Schwiegersohn von Mr Wood|gender=m)))
84800	glänzenden	0		
84801	Uniformen	0		
84802	zu	0		
84803	erscheinen	0		
84804	.	0		
84805	Die	0		
84806	beiden	0		
84807	jüngern	0	(mention_id=10075|references=(entity=(entity_id=entity_0510|fullname=Mr. Woods Schwager|gender=m)),(entity=(entity_id=entity_0512|fullname=Mr. Woods Schwiegersohn|gender=m)))	(mention_id=9988|references=(entity=(entity_id=76|fullname=der Schwager von Mr Wood|gender=m)),(entity=(entity_id=78|fullname=der Schwiegersohn von Mr Wood|gender=m)))
84808	tragen	0		
84809	weißes	0		
84810	Beinkleid	0		
84811	,	0		
84812	blauen	0		
84813	Frack	0		
84814	und	0		
84815	Lederzeug	0		
84816	von	0		
84817	rothem	0		
84818	Maroquin	0		
84819	.	0		
84820	Es	0		
84821	ist	0		
84822	die	0		
84823	Uniform	0		
84824	der	0		
84825	Kaufleute	0	(mention_id=10076|references=(entity=(entity_id=entity_0592|fullname=Kaufleute von den Freiwilligen-Compagnien der Miliz|gender=m|members=entity_0510,entity_0512|all_members_given=True|specialcase_entity=group)))	(mention_id=9989|references=(entity=(entity_id=117|fullname=die Kaufleute|gender=u|specialcase_entity=group)))
84826	von	0		
84827	den	0		
84828	Freiwilligen-Compagnien	0		
84829	unsrer	0	(mention_id=10077|references=(entity=(entity_id=entity_0055|fullname=Mr. Bennet|gender=m)),(entity=(entity_id=generic_3973|fullname=generic_0318|gender=u|specialcase_entity=generic)))	(mention_id=9990|references=(entity=(entity_id=5|fullname=Bennet|gender=m)))
84830	Miliz	0		
84831	.	0		
84832	Mr.	0	(mention_id=10078|references=(entity=(entity_id=entity_0509|fullname=Mr. Wood|gender=m)))	(mention_id=9991|references=(entity=(entity_id=36|fullname=Mr Wood|gender=m)))
84833	Wood	0	(mention_id=10078|references=(entity=(entity_id=entity_0509|fullname=Mr. Wood|gender=m)))	(mention_id=9991|references=(entity=(entity_id=36|fullname=Mr Wood|gender=m)))
84834	,	0		
84835	der	0		
84836	ältere	0	(mention_id=10079|references=(entity=(entity_id=entity_0509|fullname=Mr. Wood|gender=m)))	(mention_id=9992|references=(entity=(entity_id=36|fullname=Mr Wood|gender=m)))
84837	,	0		
84838	ist	0		
84839	Major	0	(mention_id=10080|references=(entity=(entity_id=entity_0509|fullname=Mr. Wood|gender=m)))	(mention_id=9993|references=(entity=(entity_id=36|fullname=Mr Wood|gender=m)))
84840	eines	0		
84841	Freiwilligen-Schützenbataillons	0		
84842	und	0		
84843	trägt	0		
84844	die	0		
84845	theatralische	0		
84846	Uniform	0		
84847	der	0		
84848	Bergschotten	0		(mention_id=9994|references=(entity=(entity_id=91|fullname=die Bergschotten|gender=u|specialcase_entity=group)))
84849	.	0		
84850	Das	0		
84851	Costüm	0		
84852	ist	0		
84853	durch	0		
84854	W.	0	(mention_id=10081|references=(entity=(entity_id=entity_0241|fullname=Walter Scott|gender=m)))	(mention_id=9995|references=(entity=(entity_id=46|fullname=W Scott|gender=m)))
84855	Scott's	0	(mention_id=10081|references=(entity=(entity_id=entity_0241|fullname=Walter Scott|gender=m)))	(mention_id=9995|references=(entity=(entity_id=46|fullname=W Scott|gender=m)))
84856	Romane	0		
84857	fashionable	0		
84858	geworden	0		
84859	.	0		
84860	Diese	0		
84861	Schwäche	0		
84862	ausgenommen	0		
84863	,	0		
84864	sind	0		
84865	es	0		
84866	vernünftige	0		
84867	Leute	0	(mention_id=10082|references=(entity=(entity_id=entity_0509|fullname=Mr. Wood|gender=m)),(entity=(entity_id=entity_0510|fullname=Mr. Woods Schwager|gender=m)),(entity=(entity_id=entity_0512|fullname=Mr. Woods Schwiegersohn|gender=m)))	(mention_id=9996|references=(entity=(entity_id=36|fullname=Mr Wood|gender=m)),(entity=(entity_id=76|fullname=der Schwager von Mr Wood|gender=m)),(entity=(entity_id=78|fullname=der Schwiegersohn von Mr Wood|gender=m)))
84868	,	0		
84869	die	0	(mention_id=10083|references=(entity=(entity_id=entity_0509|fullname=Mr. Wood|gender=m)),(entity=(entity_id=entity_0510|fullname=Mr. Woods Schwager|gender=m)),(entity=(entity_id=entity_0512|fullname=Mr. Woods Schwiegersohn|gender=m)))	(mention_id=9997|references=(entity=(entity_id=36|fullname=Mr Wood|gender=m)),(entity=(entity_id=76|fullname=der Schwager von Mr Wood|gender=m)),(entity=(entity_id=78|fullname=der Schwiegersohn von Mr Wood|gender=m)))
84870	keine	0		
84871	Partie	0		
84872	verunzieren	0		
84873	;	0		
84874	sie	0	(mention_id=10084|references=(entity=(entity_id=entity_0509|fullname=Mr. Wood|gender=m)),(entity=(entity_id=entity_0510|fullname=Mr. Woods Schwager|gender=m)),(entity=(entity_id=entity_0512|fullname=Mr. Woods Schwiegersohn|gender=m)))	(mention_id=9998|references=(entity=(entity_id=36|fullname=Mr Wood|gender=m)),(entity=(entity_id=76|fullname=der Schwager von Mr Wood|gender=m)),(entity=(entity_id=78|fullname=der Schwiegersohn von Mr Wood|gender=m)))
84875	besitzen	0		
84876	vielmehr	0		
84877	einen	0		
84878	gewissen	0		
84879	Verfeinerungstrieb	0		
84880	,	0		
84881	womit	0		
84882	sie	0	(mention_id=10085|references=(entity=(entity_id=entity_0055|fullname=Mr. Bennet|gender=m)))	
84883	,	0		
84884	wie	0		
84885	ich	0	(mention_id=10086|references=(entity=(entity_id=entity_0055|fullname=Mr. Bennet|gender=m)))	(mention_id=9999|references=(entity=(entity_id=5|fullname=Bennet|gender=m)))
84886	mich	0	(mention_id=10087|references=(entity=(entity_id=entity_0055|fullname=Mr. Bennet|gender=m)))	(mention_id=10000|references=(entity=(entity_id=5|fullname=Bennet|gender=m)))
84887	ausdrücken	0		
84888	möchte	0		
84889	,	0		
84890	ungefähr	0		
84891	auf	0		
84892	der	0		
84893	Grenze	0		
84894	von	0		
84895	Böotien	0		
84896	und	0		
84897	Attika	0		
84898	zu	0		
84899	stehen	0		
84900	kommen	0		
84901	.	0		
84902	Ohne	0		
84903	selbst	0		
84904	Juwelen	0		
84905	zu	0		
84906	sein	0		
84907	,	0		
84908	gleichen	0		
84909	sie	0	(mention_id=10088|references=(entity=(entity_id=entity_0509|fullname=Mr. Wood|gender=m)),(entity=(entity_id=entity_0510|fullname=Mr. Woods Schwager|gender=m)),(entity=(entity_id=entity_0512|fullname=Mr. Woods Schwiegersohn|gender=m)))	
84910	jenen	0		
84911	Folien	0		
84912	etwa	0		
84913	,	0		
84914	welche	0		
84915	der	0		
84916	Joailleur	0	(mention_id=10089|references=(entity=(entity_id=entity_0555|fullname=Joailleur|gender=m)))	
84917	unter	0		
84918	seine	0	(mention_id=10090|references=(entity=(entity_id=entity_0555|fullname=Joailleur|gender=m)))	(mention_id=10001|references=(entity=(entity_id=68|fullname=der Joailleur|gender=m|specialcase_entity=nonfact)))
84919	Juwelen	0		
84920	legt	0		
84921	,	0		
84922	um	0		
84923	ihren	0		
84924	Glanz	0		
84925	zu	0		
84926	erhöhen	0		
84927	.	0		
84928	Sie	0	(mention_id=10091|references=(entity=(entity_id=entity_0509|fullname=Mr. Wood|gender=m)),(entity=(entity_id=entity_0510|fullname=Mr. Woods Schwager|gender=m)),(entity=(entity_id=entity_0512|fullname=Mr. Woods Schwiegersohn|gender=m)))	
84929	sind	0		
84930	als	0		
84931	anregende	0		
84932	und	0		
84933	secundirende	0		
84934	Elemente	0		
84935	verwendbar	0		
84936	.	0		
84937	Dabei	0		
84938	besitzen	0		
84939	sie	0	(mention_id=10092|references=(entity=(entity_id=entity_0512|fullname=Mr. Woods Schwiegersohn|gender=m)),(entity=(entity_id=entity_0509|fullname=Mr. Wood|gender=m)),(entity=(entity_id=entity_0510|fullname=Mr. Woods Schwager|gender=m)))	
84940	die	0		
84941	seltenste	0		
84942	Eigenschaft	0		
84943	eines	0		
84944	Amerikaners	0	(mention_id=10093|references=(entity=(entity_id=generic_3974|fullname=generic_0319|gender=u|specialcase_entity=generic)))	
84945	:	0		
84946	Autoritätsglauben	0		
84947	.	0		
84948	Bemerken	0		
84949	Sie	0	(mention_id=10094|references=(entity=(entity_id=entity_0001|fullname=Dr. Moorfeld|gender=m)))	(mention_id=10002|references=(entity=(entity_id=34|fullname=Moorfeld|gender=m)))
84950	gefälligst	0		
84951	,	0		
84952	Dr.	0	(mention_id=10095|references=(entity=(entity_id=entity_0508|fullname=Doctor Channing|gender=m)))	(mention_id=10003|references=(entity=(entity_id=8|fullname=Channing|gender=m)))
84953	Channing	0	(mention_id=10095|references=(entity=(entity_id=entity_0508|fullname=Doctor Channing|gender=m)))	(mention_id=10003|references=(entity=(entity_id=8|fullname=Channing|gender=m)))
84954	,	0		
84955	unser	0	(mention_id=10096|references=(entity=(entity_id=entity_0055|fullname=Mr. Bennet|gender=m)),(entity=(entity_id=entity_0529|fullname=Theepartie|gender=m|members=entity_0505,entity_0508,entity_0509,entity_0510,entity_0512,entity_0514,entity_0524|all_members_given=False|specialcase_entity=group)))	(mention_id=10004|references=(entity=(entity_id=5|fullname=Bennet|gender=m)))
84956	Cato	0	(mention_id=10097|references=(entity=(entity_id=entity_0508|fullname=Doctor Channing|gender=m)|specialcase_reference=figurative))	(mention_id=10005|references=(entity=(entity_id=8|fullname=Channing|gender=m)))
84957	,	0		
84958	hält	0		
84959	wieder	0		
84960	einen	0		
84961	seiner	0	(mention_id=10098|references=(entity=(entity_id=entity_0508|fullname=Doctor Channing|gender=m)))	(mention_id=10006|references=(entity=(entity_id=8|fullname=Channing|gender=m)))
84962	catonischen	0		
84963	Vorträge	0		
84964	.	0		
84965	Er	0	(mention_id=10099|references=(entity=(entity_id=entity_0508|fullname=Doctor Channing|gender=m)))	(mention_id=10007|references=(entity=(entity_id=8|fullname=Channing|gender=m)))
84966	macht	0		
84967	so	0		
84968	eben	0		
84969	unser	0	(mention_id=10100|references=(entity=(entity_id=entity_0055|fullname=Mr. Bennet|gender=m)),(entity=(entity_id=generic_3975|fullname=generic_0320|gender=u|specialcase_entity=generic)))	(mention_id=10008|references=(entity=(entity_id=5|fullname=Bennet|gender=m)))
84970	Volk	0	(mention_id=10101|references=(entity=(entity_id=generic_3976|fullname=generic_0321|gender=u|specialcase_entity=generic)))	(mention_id=10009|references=(entity=(entity_id=51|fullname=das Volk|gender=u|specialcase_entity=group)))
84971	schlecht	0		
84972	.	0		
84973	Der	0		
84974	Mann	0	(mention_id=10102|references=(entity=(entity_id=entity_0508|fullname=Doctor Channing|gender=m)))	(mention_id=10010|references=(entity=(entity_id=8|fullname=Channing|gender=m)))
84975	hat	0		
84976	ein	0		
84977	eigenes	0		
84978	Talent	0		
84979	dafür	0		
84980	.	0		
84981	Er	0	(mention_id=10103|references=(entity=(entity_id=entity_0508|fullname=Doctor Channing|gender=m)))	(mention_id=10011|references=(entity=(entity_id=8|fullname=Channing|gender=m)))
84982	secirt	0		
84983	uns	0	(mention_id=10104|references=(entity=(entity_id=entity_0055|fullname=Mr. Bennet|gender=m)),(entity=(entity_id=generic_3977|fullname=generic_0322|gender=u|specialcase_entity=generic)))	(mention_id=10012|references=(entity=(entity_id=5|fullname=Bennet|gender=m)))
84984	so	0		
84985	deliciös	0		
84986	,	0		
84987	wie	0		
84988	man	0		
84989	eine	0		
84990	Trüffelpastete	0		
84991	zerschneidet	0		
84992	.	0		
84993	Und	0		
84994	sehen	0		
84995	Sie	0	(mention_id=10105|references=(entity=(entity_id=entity_0001|fullname=Dr. Moorfeld|gender=m)))	(mention_id=10013|references=(entity=(entity_id=34|fullname=Moorfeld|gender=m)))
84996	,	0		
84997	die	0		
84998	Herren	0	(mention_id=10106|references=(entity=(entity_id=entity_0510|fullname=Mr. Woods Schwager|gender=m)),(entity=(entity_id=entity_0512|fullname=Mr. Woods Schwiegersohn|gender=m)))	(mention_id=10014|references=(entity=(entity_id=114|fullname=die Herren Decorationsoffiziere|gender=u|specialcase_entity=group)))
84999	Decorationsoffiziere	0	(mention_id=10106|references=(entity=(entity_id=entity_0510|fullname=Mr. Woods Schwager|gender=m)),(entity=(entity_id=entity_0512|fullname=Mr. Woods Schwiegersohn|gender=m)))	(mention_id=10014|references=(entity=(entity_id=114|fullname=die Herren Decorationsoffiziere|gender=u|specialcase_entity=group)))
85000	sitzen	0		
85001	dabei	0		
85002	und	0		
85003	beobachten	0		
85004	eine	0		
85005	bewaffnete	0		
85006	Neutralität	0		
85007	.	0		
85008	Das	0		
85009	ist	0		
85010	viel	0		
85011	für	0		
85012	einen	0		
85013	Amerikaner	0	(mention_id=10107|references=(entity=(entity_id=entity_0508|fullname=Doctor Channing|gender=m)),(entity=(entity_id=generic_3978|fullname=generic_0323|gender=u|specialcase_entity=generic)))	(mention_id=10015|references=(entity=(entity_id=generic_0026|fullname=Amerikaner im Allgemeinen|gender=u|specialcase_entity=generic)))
85014	.	0		
85015	In	0		
85016	der	0		
85017	That	0		
85018	war	0		
85019	es	0		
85020	so	0		
85021	.	0		
85022	Die	0		
85023	imposante	0		
85024	Gestalt	0		
85025	Dr.	0	(mention_id=10108|references=(entity=(entity_id=entity_0508|fullname=Doctor Channing|gender=m)))	(mention_id=10016|references=(entity=(entity_id=8|fullname=Channing|gender=m)))
85026	Channing's	0	(mention_id=10108|references=(entity=(entity_id=entity_0508|fullname=Doctor Channing|gender=m)))	(mention_id=10016|references=(entity=(entity_id=8|fullname=Channing|gender=m)))
85027	saß	0		
85028	,	0		
85029	wie	0		
85030	ein	0		
85031	heraldisches	0		
85032	Brustschild	0		
85033	,	0		
85034	hinter	0		
85035	einem	0		
85036	Eisaufsatz	0		
85037	,	0		
85038	welcher	0		
85039	eine	0		
85040	Fruchtpyramide	0		
85041	bildete	0		
85042	,	0		
85043	bestehend	0		
85044	aus	0		
85045	künstlich	0		
85046	geformten	0		
85047	Trauben	0		
85048	,	0		
85049	Granatäpfeln	0		
85050	,	0		
85051	Ananasorangen	0		
85052	,	0		
85053	Citronen	0		
85054	,	0		
85055	Mandeln	0		
85056	und	0		
85057	ähnlichen	0		
85058	Fruchtformen	0		
85059	.	0		
85060	Das	0		
85061	Hauptstück	0		
85062	dieser	0		
85063	Pyramide	0		
85064	war	0		
85065	eine	0		
85066	Melone	0		
85067	,	0		
85068	gefüllt	0		
85069	mit	0		
85070	zusammengefrorenem	0		
85071	Champagnerschaum	0		
85072	.	0		
85073	Indem	0		
85074	Dr.	0	(mention_id=10109|references=(entity=(entity_id=entity_0508|fullname=Doctor Channing|gender=m)))	(mention_id=10017|references=(entity=(entity_id=8|fullname=Channing|gender=m)))
85075	Channing	0	(mention_id=10109|references=(entity=(entity_id=entity_0508|fullname=Doctor Channing|gender=m)))	(mention_id=10017|references=(entity=(entity_id=8|fullname=Channing|gender=m)))
85076	die	0		
85077	Rinde	0		
85078	dieser	0		
85079	Eismelone	0		
85080	anschnitt	0		
85081	,	0		
85082	redete	0		
85083	er	0	(mention_id=10110|references=(entity=(entity_id=entity_0509|fullname=Mr. Wood|gender=m)),(entity=(entity_id=entity_0510|fullname=Mr. Woods Schwager|gender=m)),(entity=(entity_id=entity_0512|fullname=Mr. Woods Schwiegersohn|gender=m)))	(mention_id=10018|references=(entity=(entity_id=8|fullname=Channing|gender=m)))
85084	unter	0		
85085	einem	0		
85086	Duftstrom	0		
85087	der	0		
85088	köstlichsten	0		
85089	Aromen	0		
85090	ohne	0		
85091	Barmherzigkeit	0		
85092	auf	0		
85093	die	0		
85094	Herren	0	(mention_id=10111|references=(entity=(entity_id=entity_0509|fullname=Mr. Wood|gender=m)),(entity=(entity_id=entity_0512|fullname=Mr. Woods Schwiegersohn|gender=m)),(entity=(entity_id=entity_0510|fullname=Mr. Woods Schwager|gender=m)))	(mention_id=10019|references=(entity=(entity_id=36|fullname=Mr Wood|gender=m)),(entity=(entity_id=76|fullname=der Schwager von Mr Wood|gender=m)),(entity=(entity_id=78|fullname=der Schwiegersohn von Mr Wood|gender=m)))
85095	Woods	0	(mention_id=10111|references=(entity=(entity_id=entity_0509|fullname=Mr. Wood|gender=m)),(entity=(entity_id=entity_0512|fullname=Mr. Woods Schwiegersohn|gender=m)),(entity=(entity_id=entity_0510|fullname=Mr. Woods Schwager|gender=m)))	(mention_id=10019|references=(entity=(entity_id=36|fullname=Mr Wood|gender=m)),(entity=(entity_id=76|fullname=der Schwager von Mr Wood|gender=m)),(entity=(entity_id=78|fullname=der Schwiegersohn von Mr Wood|gender=m)))
85096	ein	0		
85097	,	0		
85098	welche	0	(mention_id=10112|references=(entity=(entity_id=entity_0509|fullname=Mr. Wood|gender=m)),(entity=(entity_id=entity_0510|fullname=Mr. Woods Schwager|gender=m)),(entity=(entity_id=entity_0512|fullname=Mr. Woods Schwiegersohn|gender=m)))	(mention_id=10020|references=(entity=(entity_id=36|fullname=Mr Wood|gender=m)),(entity=(entity_id=76|fullname=der Schwager von Mr Wood|gender=m)),(entity=(entity_id=78|fullname=der Schwiegersohn von Mr Wood|gender=m)))
85099	mit	0		
85100	gesenkten	0		
85101	Häuptern	0		
85102	zuhörten	0		
85103	und	0		
85104	in	0		
85105	der	0		
85106	köstlichen	0		
85107	Süße	0		
85108	des	0		
85109	Augenblicks	0		
85110	den	0		
85111	Contrast	0		
85112	des	0		
85113	Herben	0		
85114	geduldig	0		
85115	mit	0		
85116	hinunterschluckten	0		
85117	.	0		
85118	Die	0		
85119	Herren	0	(mention_id=10113|references=(entity=(entity_id=entity_0509|fullname=Mr. Wood|gender=m)),(entity=(entity_id=entity_0510|fullname=Mr. Woods Schwager|gender=m)),(entity=(entity_id=entity_0512|fullname=Mr. Woods Schwiegersohn|gender=m)))	(mention_id=10021|references=(entity=(entity_id=36|fullname=Mr Wood|gender=m)),(entity=(entity_id=76|fullname=der Schwager von Mr Wood|gender=m)),(entity=(entity_id=78|fullname=der Schwiegersohn von Mr Wood|gender=m)))
85120	mußten	0		
85121	ihre	0	(mention_id=10114|references=(entity=(entity_id=entity_0001|fullname=Dr. Moorfeld|gender=m)))	(mention_id=10022|references=(entity=(entity_id=36|fullname=Mr Wood|gender=m)),(entity=(entity_id=76|fullname=der Schwager von Mr Wood|gender=m)),(entity=(entity_id=78|fullname=der Schwiegersohn von Mr Wood|gender=m)))
85122	amerikanischen	0		
85123	Institutionen	0		
85124	gepriesen	0		
85125	haben	0		
85126	;	0		
85127	denn	0		
85128	Moorfeld	0	(mention_id=10115|references=(entity=(entity_id=entity_0001|fullname=Dr. Moorfeld|gender=m)))	(mention_id=10023|references=(entity=(entity_id=34|fullname=Moorfeld|gender=m)))
85129	hörte	0		
85130	in	0		
85131	dem	0		
85132	Augenblick	0		
85133	,	0		
85134	den	0		
85135	wir	0	(mention_id=10116|references=(entity=(entity_id=entity_0007|fullname=Erzählinstanz|gender=u)))	(mention_id=10024|references=(entity=(entity_id=34|fullname=Moorfeld|gender=m)))
85136	beschreiben	0		
85137	,	0		
85138	von	0		
85139	Channing's	0	(mention_id=10117|references=(entity=(entity_id=entity_0508|fullname=Doctor Channing|gender=m)))	(mention_id=10025|references=(entity=(entity_id=8|fullname=Channing|gender=m)))
85140	Rede	0		
85141	noch	0		
85142	Folgendes	0		
85143	:	0		
85144	In	0		
85145	Einer	0		
85146	Hinsicht	0		
85147	haben	0		
85148	unsre	0	(mention_id=10118|references=(entity=(entity_id=entity_0508|fullname=Doctor Channing|gender=m)),(entity=(entity_id=generic_3979|fullname=generic_0324|gender=u|specialcase_entity=generic)))	(mention_id=10026|references=(entity=(entity_id=8|fullname=Channing|gender=m)))
85149	Institutionen	0		
85150	uns	0	(mention_id=10119|references=(entity=(entity_id=entity_0508|fullname=Doctor Channing|gender=m)),(entity=(entity_id=generic_3980|fullname=generic_0325|gender=u|specialcase_entity=generic)))	(mention_id=10027|references=(entity=(entity_id=8|fullname=Channing|gender=m)))
85151	Alle	0		(mention_id=10028|references=(entity=(entity_id=8|fullname=Channing|gender=m)))
85152	getäuscht	0		
85153	.	0		
85154	Sie	0		
85155	haben	0		
85156	nicht	0		
85157	jene	0		
85158	Veredelung	0		
85159	des	0		
85160	Charakters	0		
85161	bewirkt	0		
85162	,	0		
85163	welche	0		
85164	die	0		
85165	köstlichste	0		
85166	und	0		
85167	in	0		
85168	Wahrheit	0		
85169	die	0		
85170	einzig	0		
85171	wesentliche	0		
85172	Segnung	0		
85173	der	0		
85174	Freiheit	0		
85175	ist	0		
85176	.	0		
85177	Unsre	0	(mention_id=10120|references=(entity=(entity_id=entity_0508|fullname=Doctor Channing|gender=m)),(entity=(entity_id=generic_3981|fullname=generic_0326|gender=u|specialcase_entity=generic)))	(mention_id=10029|references=(entity=(entity_id=8|fullname=Channing|gender=m)))
85178	Fortschritte	0		
85179	des	0		
85180	Gedeihens	0		
85181	sind	0		
85182	in	0		
85183	der	0		
85184	That	0		
85185	ein	0		
85186	Weltwunder	0		
85187	geworden	0		
85188	,	0		
85189	aber	0		
85190	dieses	0		
85191	Gedeihen	0		
85192	hat	0		
85193	auch	0		
85194	viel	0		
85195	dazu	0		
85196	beigetragen	0		
85197	,	0		
85198	dem	0		
85199	veredelnden	0		
85200	Einfluß	0		
85201	freier	0		
85202	Institutionen	0		
85203	entgegenzuarbeiten	0		
85204	.	0		
85205	Besondere	0		
85206	Umstände	0		
85207	der	0		
85208	Zeit	0		
85209	und	0		
85210	unsrer	0	(mention_id=10121|references=(entity=(entity_id=entity_0508|fullname=Doctor Channing|gender=m)),(entity=(entity_id=generic_3982|fullname=generic_0327|gender=u|specialcase_entity=generic)))	(mention_id=10030|references=(entity=(entity_id=8|fullname=Channing|gender=m)))
85211	Lage	0		
85212	haben	0		
85213	einen	0		
85214	Strom	0		
85215	von	0		
85216	Wohlstand	0		
85217	über	0		
85218	uns	0	(mention_id=10122|references=(entity=(entity_id=entity_0508|fullname=Doctor Channing|gender=m)),(entity=(entity_id=generic_3983|fullname=generic_0328|gender=u|specialcase_entity=generic)))	(mention_id=10031|references=(entity=(entity_id=8|fullname=Channing|gender=m)))
85219	ausgeschüttet	0		
85220	und	0		
85221	die	0		
85222	menschliche	0		
85223	Natur	0		
85224	ist	0		
85225	nicht	0		
85226	stark	0		
85227	genug	0		
85228	gewesen	0		
85229	,	0		
85230	dem	0		
85231	Anfalle	0		
85232	einer	0		
85233	so	0		
85234	schweren	0		
85235	Versuchung	0		
85236	zu	0		
85237	widerstehen	0		
85238	.	0		
85239	Tugend	0		
85240	ist	0		
85241	theurer	0		
85242	geworden	0		
85243	als	0		
85244	Freiheit	0		
85245	.	0		
85246	Die	0		
85247	Regierung	0		
85248	wird	0		
85249	mehr	0		
85250	als	0		
85251	ein	0		
85252	Mittel	0		
85253	zur	0		
85254	Bereicherung	0		
85255	des	0		
85256	Landes	0		
85257	als	0		
85258	zur	0		
85259	Sicherung	0		
85260	der	0		
85261	Einzelnen	0	(mention_id=10123|references=(entity=(entity_id=generic_3984|fullname=generic_0329|gender=u|specialcase_entity=generic)))	(mention_id=10032|references=(entity=(entity_id=97|fullname=die Einzelnen|gender=u|specialcase_entity=group)))
85262	betrachtet	0		
85263	.	0		
85264	Wir	0	(mention_id=10124|references=(entity=(entity_id=entity_0508|fullname=Doctor Channing|gender=m)),(entity=(entity_id=generic_3985|fullname=generic_0330|gender=u|specialcase_entity=generic)))	(mention_id=10033|references=(entity=(entity_id=8|fullname=Channing|gender=m)))
85265	sind	0		
85266	mit	0		
85267	dem	0		
85268	Gewinne	0		
85269	als	0		
85270	mit	0		
85271	unserm	0	(mention_id=10125|references=(entity=(entity_id=entity_0508|fullname=Doctor Channing|gender=m)),(entity=(entity_id=generic_3986|fullname=generic_0331|gender=u|specialcase_entity=generic)))	(mention_id=10034|references=(entity=(entity_id=8|fullname=Channing|gender=m)))
85272	höchsten	0		
85273	Gute	0		
85274	eine	0		
85275	Ehe	0		
85276	eingegangen	0		
85277	und	0		
85278	Niemanden	0		
85279	darf	0		
85280	es	0		
85281	wundern	0		
85282	,	0		
85283	daß	0		
85284	aus	0		
85285	dieser	0		
85286	Ehe	0		
85287	die	0		
85288	gemeinsten	0		
85289	Leidenschaften	0		
85290	entsprossen	0		
85291	sind	0		
85292	,	0		
85293	welche	0		
85294	alle	0		
85295	bessern	0		
85296	moralischen	0		
85297	Stützen	0		
85298	unsers	0	(mention_id=10126|references=(entity=(entity_id=entity_0508|fullname=Doctor Channing|gender=m)),(entity=(entity_id=generic_3987|fullname=generic_0332|gender=u|specialcase_entity=generic)))	(mention_id=10035|references=(entity=(entity_id=8|fullname=Channing|gender=m)))
85299	Gemeinwesens	0		
85300	entfestigen	0		
85301	,	0		
85302	während	0		
85303	selbstische	0		
85304	Berechnung	0		
85305	,	0		
85306	Neigung	0		
85307	nach	0		
85308	äußerm	0		
85309	Schein	0		
85310	,	0		
85311	Verschwendung	0		
85312	,	0		
85313	unruhige	0		
85314	,	0		
85315	neidische	0		
85316	und	0		
85317	niedere	0		
85318	Begierden	0		
85319	,	0		
85320	wilder	0		
85321	Schwindelgeist	0		
85322	und	0		
85323	tolle	0		
85324	Speculationswuth	0		
85325	die	0		
85326	Stelle	0		
85327	dafür	0		
85328	einnehmen	0		
85329	.	0		
85330	In	0		
85331	Wahrheit	0		
85332	,	0		
85333	es	0		
85334	geht	0		
85335	ein	0		
85336	Geist	0		
85337	der	0		
85338	Zügellosigkeit	0		
85339	und	0		
85340	der	0		
85341	Verwilderung	0		
85342	durch	0		
85343	unser	0	(mention_id=10127|references=(entity=(entity_id=entity_0508|fullname=Doctor Channing|gender=m)),(entity=(entity_id=generic_3988|fullname=generic_0333|gender=u|specialcase_entity=generic)))	(mention_id=10036|references=(entity=(entity_id=8|fullname=Channing|gender=m)))
85344	Land	0		
85345	,	0		
85346	der	0		
85347	,	0		
85348	wenn	0		
85349	er	0		
85350	nicht	0		
85351	unterdrückt	0		
85352	wird	0		
85353	,	0		
85354	der	0		
85355	gegenwärtigen	0		
85356	Gestaltung	0		
85357	der	0		
85358	bürgerlichen	0		
85359	Gesellschaft	0		
85360	die	0		
85361	Auflösung	0		
85362	droht	0		
85363	.	0		
85364	Selbst	0		
85365	in	0		
85366	den	0		
85367	älteren	0		
85368	Staaten	0		
85369	der	0		
85370	Puritaner	0	(mention_id=10128|references=(entity=(entity_id=generic_3989|fullname=generic_0334|gender=u|specialcase_entity=generic)))	(mention_id=10037|references=(entity=(entity_id=134|fullname=die Puritaner|gender=u|specialcase_entity=group)))
85371	nehmen	0		
85372	Pöbelhaufen	0	(mention_id=10129|references=(entity=(entity_id=generic_3990|fullname=generic_0335|gender=u|specialcase_entity=generic)))	(mention_id=10038|references=(entity=(entity_id=42|fullname=Pöbelhaufen|gender=u|specialcase_entity=group)))
85373	die	0		
85374	Regierung	0		
85375	in	0		
85376	ihre	0	(mention_id=10130|references=(entity=(entity_id=generic_3991|fullname=generic_0336|gender=u|specialcase_entity=generic)))	(mention_id=10039|references=(entity=(entity_id=42|fullname=Pöbelhaufen|gender=u|specialcase_entity=group)))
85377	Hand	0		
85378	und	0		
85379	eine	0		
85380	verworfene	0		
85381	Zeitung	0	(mention_id=10131|references=(entity=(entity_id=generic_3992|fullname=generic_0337|gender=u|specialcase_entity=generic)|specialcase_reference=figurative))	
85382	findet	0		
85383	es	0		
85384	leicht	0		
85385	,	0		
85386	die	0		
85387	Menge	0	(mention_id=10132|references=(entity=(entity_id=generic_3993|fullname=generic_0338|gender=u|specialcase_entity=generic)))	(mention_id=10040|references=(entity=(entity_id=122|fullname=die Menge|gender=u|specialcase_entity=group)))
85388	zur	0		
85389	Gewaltthätigkeit	0		
85390	anzureizen	0		
85391	.	0		
85392	Ich	0	(mention_id=10133|references=(entity=(entity_id=entity_0508|fullname=Doctor Channing|gender=m)))	(mention_id=10041|references=(entity=(entity_id=8|fullname=Channing|gender=m)))
85393	sage	0		
85394	nicht	0		
85395	zu	0		
85396	viel	0		
85397	,	0		
85398	wenn	0		
85399	ich	0	(mention_id=10134|references=(entity=(entity_id=entity_0508|fullname=Doctor Channing|gender=m)))	(mention_id=10042|references=(entity=(entity_id=8|fullname=Channing|gender=m)))
85400	behaupte	0		
85401	,	0		
85402	daß	0		
85403	die	0		
85404	überhand	0		
85405	nehmenden	0		
85406	Beispiele	0		
85407	unsrer	0	(mention_id=10135|references=(entity=(entity_id=entity_0508|fullname=Doctor Channing|gender=m)))	(mention_id=10043|references=(entity=(entity_id=8|fullname=Channing|gender=m)))
85408	Volksjustiz	0		
85409	,	0		
85410	denen	0		
85411	nicht	0		
85412	das	0		
85413	dunkelste	0		
85414	Rechtsgefühl	0		
85415	,	0		
85416	sondern	0		
85417	bloßer	0		
85418	Hang	0		
85419	zur	0		
85420	Ausschweifung	0		
85421	zu	0		
85422	Grunde	0		
85423	liegt	0		
85424	,	0		
85425	uns	0	(mention_id=10136|references=(entity=(entity_id=generic_3994|fullname=generic_0339|gender=u|specialcase_entity=generic)),(entity=(entity_id=entity_0508|fullname=Doctor Channing|gender=m)))	(mention_id=10044|references=(entity=(entity_id=8|fullname=Channing|gender=m)))
85426	als	0		
85427	ein	0		
85428	Volk	0	(mention_id=10137|references=(entity=(entity_id=entity_0508|fullname=Doctor Channing|gender=m)),(entity=(entity_id=generic_3995|fullname=generic_0340|gender=u|specialcase_entity=generic)))	(mention_id=10045|references=(entity=(entity_id=51|fullname=das Volk|gender=u|specialcase_entity=group)))
85429	hinstellen	0		
85430	,	0		
85431	welches	0	(mention_id=10138|references=(entity=(entity_id=generic_3996|fullname=generic_0341|gender=u|specialcase_entity=generic)),(entity=(entity_id=entity_0508|fullname=Doctor Channing|gender=m)))	(mention_id=10046|references=(entity=(entity_id=51|fullname=das Volk|gender=u|specialcase_entity=group)))
85432	von	0		
85433	den	0		
85434	ersten	0		
85435	Grundsätzen	0		
85436	der	0		
85437	Freiheit	0		
85438	keinen	0		
85439	Begriff	0		
85440	hat	0		
85441	.	0		
85442	Der	0		
85443	weiche	0		
85444	schwellende	0		
85445	Mund	0		
85446	,	0		
85447	der	0		
85448	diese	0		
85449	Strafrede	0		
85450	gehalten	0		
85451	,	0		
85452	erquickte	0		
85453	sich	0		
85454	hierauf	0		
85455	mit	0		
85456	der	0		
85457	besagten	0		
85458	Eismelonenschnitte	0		
85459	.	0		
85460	Die	0		
85461	Milizoffiziere	0	(mention_id=10139|references=(entity=(entity_id=entity_0510|fullname=Mr. Woods Schwager|gender=m)),(entity=(entity_id=entity_0512|fullname=Mr. Woods Schwiegersohn|gender=m)),(entity=(entity_id=entity_0509|fullname=Mr. Wood|gender=m)))	(mention_id=10047|references=(entity=(entity_id=123|fullname=die Milizoffiziere|gender=u|specialcase_entity=group)))
85462	dagegen	0		
85463	erquickten	0		
85464	sich	0	(mention_id=10140|references=(entity=(entity_id=entity_0510|fullname=Mr. Woods Schwager|gender=m)),(entity=(entity_id=entity_0512|fullname=Mr. Woods Schwiegersohn|gender=m)),(entity=(entity_id=entity_0509|fullname=Mr. Wood|gender=m)))	(mention_id=10048|references=(entity=(entity_id=123|fullname=die Milizoffiziere|gender=u|specialcase_entity=group)))
85465	gar	0		
85466	nicht	0		
85467	.	0		
85468	Es	0		
85469	war	0		
85470	ein	0		
85471	eigenthümliches	0		
85472	Schauspiel	0		
85473	,	0		
85474	unter	0		
85475	welchen	0		
85476	Gefühlen	0		
85477	diese	0		
85478	glänzenden	0		
85479	Herren	0	(mention_id=10141|references=(entity=(entity_id=entity_0512|fullname=Mr. Woods Schwiegersohn|gender=m)),(entity=(entity_id=entity_0510|fullname=Mr. Woods Schwager|gender=m)),(entity=(entity_id=entity_0509|fullname=Mr. Wood|gender=m)))	(mention_id=10049|references=(entity=(entity_id=123|fullname=die Milizoffiziere|gender=u|specialcase_entity=group)))
85480	in	0		
85481	ihren	0	(mention_id=10142|references=(entity=(entity_id=entity_0510|fullname=Mr. Woods Schwager|gender=m)),(entity=(entity_id=entity_0512|fullname=Mr. Woods Schwiegersohn|gender=m)),(entity=(entity_id=entity_0509|fullname=Mr. Wood|gender=m)))	(mention_id=10050|references=(entity=(entity_id=123|fullname=die Milizoffiziere|gender=u|specialcase_entity=group)))
85482	koketten	0		
85483	Uniformen	0		
85484	dasaßen	0		
85485	,	0		
85486	und	0		
85487	keines	0		
85488	Einfalls	0		
85489	,	0		
85490	keiner	0		
85491	Erwiederung	0		
85492	fähig	0		
85493	waren	0		
85494	,	0		
85495	um	0		
85496	deretwillen	0		
85497	sie	0	(mention_id=10143|references=(entity=(entity_id=entity_0510|fullname=Mr. Woods Schwager|gender=m)),(entity=(entity_id=entity_0512|fullname=Mr. Woods Schwiegersohn|gender=m)),(entity=(entity_id=entity_0509|fullname=Mr. Wood|gender=m)))	(mention_id=10051|references=(entity=(entity_id=123|fullname=die Milizoffiziere|gender=u|specialcase_entity=group)))
85498	den	0		
85499	Mund	0		
85500	hätten	0		
85501	öffnen	0		
85502	können	0		
85503	.	0		
85504	Die	0		
85505	Niederlage	0		
85506	,	0		
85507	sah	0		
85508	man	0		
85509	,	0		
85510	war	0		
85511	vollständig	0		
85512	auf	0		
85513	ihrer	0	(mention_id=10144|references=(entity=(entity_id=entity_0510|fullname=Mr. Woods Schwager|gender=m)),(entity=(entity_id=entity_0512|fullname=Mr. Woods Schwiegersohn|gender=m)),(entity=(entity_id=entity_0509|fullname=Mr. Wood|gender=m)))	(mention_id=10052|references=(entity=(entity_id=123|fullname=die Milizoffiziere|gender=u|specialcase_entity=group)))
85514	Seite	0		
85515	.	0		
85516	Endlich	0		
85517	erhob	0		
85518	doch	0		
85519	Mr.	0	(mention_id=10145|references=(entity=(entity_id=entity_0509|fullname=Mr. Wood|gender=m)))	(mention_id=10053|references=(entity=(entity_id=36|fullname=Mr Wood|gender=m)))
85520	Wood	0	(mention_id=10145|references=(entity=(entity_id=entity_0509|fullname=Mr. Wood|gender=m)))	(mention_id=10053|references=(entity=(entity_id=36|fullname=Mr Wood|gender=m)))
85521	,	0		
85522	der	0		
85523	Bergschotte	0	(mention_id=10146|references=(entity=(entity_id=entity_0509|fullname=Mr. Wood|gender=m)))	(mention_id=10054|references=(entity=(entity_id=36|fullname=Mr Wood|gender=m)))
85524	,	0		
85525	seinen	0	(mention_id=10147|references=(entity=(entity_id=entity_0509|fullname=Mr. Wood|gender=m)))	(mention_id=10055|references=(entity=(entity_id=36|fullname=Mr Wood|gender=m)))
85526	Blick	0		
85527	von	0		
85528	dem	0		
85529	silberplattirten	0		
85530	Korkpfropfen	0		
85531	,	0		
85532	mit	0		
85533	dem	0		
85534	er	0	(mention_id=10148|references=(entity=(entity_id=entity_0509|fullname=Mr. Wood|gender=m)))	(mention_id=10056|references=(entity=(entity_id=36|fullname=Mr Wood|gender=m)))
85535	bisher	0		
85536	gedankenlos	0		
85537	gespielt	0		
85538	,	0		
85539	und	0		
85540	sagte	0		
85541	kleinlaut	0		
85542	:	0		
85543	Aber	0		
85544	unsre	0	(mention_id=10149|references=(entity=(entity_id=entity_0509|fullname=Mr. Wood|gender=m)),(entity=(entity_id=generic_3997|fullname=generic_0342|gender=u|specialcase_entity=generic)))	(mention_id=10057|references=(entity=(entity_id=36|fullname=Mr Wood|gender=m)))
85545	Erziehung	0		
85546	,	0		
85547	Doctor	0	(mention_id=10150|references=(entity=(entity_id=entity_0508|fullname=Doctor Channing|gender=m)))	(mention_id=10058|references=(entity=(entity_id=8|fullname=Channing|gender=m)))
85548	!	0		
85549	unsre	0	(mention_id=10151|references=(entity=(entity_id=entity_0509|fullname=Mr. Wood|gender=m)),(entity=(entity_id=generic_3998|fullname=generic_0343|gender=u|specialcase_entity=generic)))	(mention_id=10059|references=(entity=(entity_id=36|fullname=Mr Wood|gender=m)))
85550	Schulen	0		
85551	!	0		
85552	Und	0		
85553	sogleich	0		
85554	stimmten	0		
85555	Schwiegersohn	0	(mention_id=10152|references=(entity=(entity_id=entity_0512|fullname=Mr. Woods Schwiegersohn|gender=m)))	(mention_id=10060|references=(entity=(entity_id=78|fullname=der Schwiegersohn von Mr Wood|gender=m)))
85556	und	0		
85557	Schwager	0	(mention_id=10153|references=(entity=(entity_id=entity_0510|fullname=Mr. Woods Schwager|gender=m)))	(mention_id=10061|references=(entity=(entity_id=76|fullname=der Schwager von Mr Wood|gender=m)))
85558	des	0		
85559	Herrn	0	(mention_id=10154|references=(entity=(entity_id=entity_0509|fullname=Mr. Wood|gender=m)))	(mention_id=10062|references=(entity=(entity_id=36|fullname=Mr Wood|gender=m)))
85560	Wood	0	(mention_id=10154|references=(entity=(entity_id=entity_0509|fullname=Mr. Wood|gender=m)))	(mention_id=10062|references=(entity=(entity_id=36|fullname=Mr Wood|gender=m)))
85561	mit	0		
85562	sichtlich	0		
85563	erleichterten	0		
85564	Herzen	0		
85565	ein	0		
85566	:	0		
