i	token	is_section_start	gold	pred
24752	Zehntes	1		
24753	Kapitel	0		
24754	Die	0		
24755	Gäste	0	(mention_id=3101|references=(entity=(entity_id=entity_0085|fullname=Baronesse|gender=f)),(entity=(entity_id=entity_0086|fullname=Graf|gender=m)))	(mention_id=3150|references=(entity=(entity_id=24|fullname=der Graf und die Baronesse|gender=mf|specialcase_entity=group)))
24756	waren	0		
24757	bewillkommt	0		
24758	und	0		
24759	eingeführt	0		
24760	;	0		
24761	sie	0	(mention_id=3102|references=(entity=(entity_id=entity_0085|fullname=Baronesse|gender=f)),(entity=(entity_id=entity_0086|fullname=Graf|gender=m)))	(mention_id=3151|references=(entity=(entity_id=24|fullname=der Graf und die Baronesse|gender=mf|specialcase_entity=group)))
24762	freuten	0		
24763	sich	0	(mention_id=3103|references=(entity=(entity_id=entity_0086|fullname=Graf|gender=m)),(entity=(entity_id=entity_0085|fullname=Baronesse|gender=f)))	(mention_id=3152|references=(entity=(entity_id=24|fullname=der Graf und die Baronesse|gender=mf|specialcase_entity=group)))
24764	,	0		
24765	das	0		
24766	Haus	0		
24767	,	0		
24768	die	0		
24769	Zimmer	0		
24770	wieder	0		
24771	zu	0		
24772	betreten	0		
24773	,	0		
24774	wo	0		
24775	sie	0	(mention_id=3104|references=(entity=(entity_id=entity_0086|fullname=Graf|gender=m)),(entity=(entity_id=entity_0085|fullname=Baronesse|gender=f)))	(mention_id=3153|references=(entity=(entity_id=24|fullname=der Graf und die Baronesse|gender=mf|specialcase_entity=group)))
24776	früher	0		
24777	so	0		
24778	manchen	0		
24779	guten	0		
24780	Tag	0		
24781	erlebt	0		
24782	und	0		
24783	die	0		
24784	sie	0	(mention_id=3105|references=(entity=(entity_id=entity_0085|fullname=Baronesse|gender=f)),(entity=(entity_id=entity_0086|fullname=Graf|gender=m)))	(mention_id=3154|references=(entity=(entity_id=24|fullname=der Graf und die Baronesse|gender=mf|specialcase_entity=group)))
24785	eine	0		
24786	lange	0		
24787	Zeit	0		
24788	nicht	0		
24789	gesehn	0		
24790	hatten	0		
24791	.	0		
24792	Höchst	0		
24793	angenehm	0		
24794	war	0		
24795	auch	0		
24796	den	0		
24797	Freunden	0	(mention_id=3106|references=(entity=(entity_id=entity_0002|fullname=Charlotte|gender=f)),(entity=(entity_id=entity_0001|fullname=Eduard|gender=m)))	(mention_id=3155|references=(entity=(entity_id=4|fullname=Eduard und Charlotte|gender=mf|specialcase_entity=group)))
24798	ihre	0	(mention_id=3107|references=(entity=(entity_id=entity_0085|fullname=Baronesse|gender=f)),(entity=(entity_id=entity_0086|fullname=Graf|gender=m)))	(mention_id=3156|references=(entity=(entity_id=24|fullname=der Graf und die Baronesse|gender=mf|specialcase_entity=group)))
24799	Gegenwart	0		
24800	.	0		
24801	Den	0		
24802	Grafen	0	(mention_id=3108|references=(entity=(entity_id=entity_0086|fullname=Graf|gender=m)))	(mention_id=3157|references=(entity=(entity_id=12|fullname=Graf|gender=m)))
24803	sowie	0		
24804	die	0		
24805	Baronesse	0	(mention_id=3109|references=(entity=(entity_id=entity_0085|fullname=Baronesse|gender=f)))	(mention_id=3158|references=(entity=(entity_id=1|fullname=Baronesse|gender=f)))
24806	konnte	0		
24807	man	0		
24808	unter	0		
24809	jene	0		
24810	hohen	0		
24811	,	0		
24812	schönen	0		
24813	Gestalten	0	(mention_id=3110|references=(entity=(entity_id=entity_0086|fullname=Graf|gender=m)),(entity=(entity_id=entity_0085|fullname=Baronesse|gender=f)))	(mention_id=3159|references=(entity=(entity_id=12|fullname=Graf|gender=m)),(entity=(entity_id=1|fullname=Baronesse|gender=f)))
24814	zählen	0		
24815	,	0		
24816	die	0	(mention_id=3111|references=(entity=(entity_id=entity_0086|fullname=Graf|gender=m)),(entity=(entity_id=entity_0085|fullname=Baronesse|gender=f)))	(mention_id=3160|references=(entity=(entity_id=12|fullname=Graf|gender=m)),(entity=(entity_id=1|fullname=Baronesse|gender=f)))
24817	man	0		
24818	in	0		
24819	einem	0		
24820	mittlern	0		
24821	Alter	0		
24822	fast	0		
24823	lieber	0		
24824	als	0		
24825	in	0		
24826	der	0		
24827	Jugend	0		
24828	sieht	0		
24829	;	0		
24830	denn	0		
24831	wenn	0		
24832	ihnen	0	(mention_id=3112|references=(entity=(entity_id=entity_0086|fullname=Graf|gender=m)),(entity=(entity_id=entity_0085|fullname=Baronesse|gender=f)))	(mention_id=3161|references=(entity=(entity_id=12|fullname=Graf|gender=m)),(entity=(entity_id=1|fullname=Baronesse|gender=f)))
24833	auch	0		
24834	etwas	0		
24835	von	0		
24836	der	0		
24837	ersten	0		
24838	Blüte	0		
24839	abgehn	0		
24840	möchte	0		
24841	,	0		
24842	so	0		
24843	erregen	0		
24844	sie	0	(mention_id=3113|references=(entity=(entity_id=entity_0086|fullname=Graf|gender=m)),(entity=(entity_id=entity_0085|fullname=Baronesse|gender=f)))	(mention_id=3162|references=(entity=(entity_id=12|fullname=Graf|gender=m)),(entity=(entity_id=1|fullname=Baronesse|gender=f)))
24845	doch	0		
24846	nun	0		
24847	mit	0		
24848	der	0		
24849	Neigung	0		
24850	ein	0		
24851	entschiedenes	0		
24852	Zutrauen	0		
24853	.	0		
24854	Auch	0		
24855	dieses	0		
24856	Paar	0	(mention_id=3114|references=(entity=(entity_id=entity_0086|fullname=Graf|gender=m)),(entity=(entity_id=entity_0085|fullname=Baronesse|gender=f)))	(mention_id=3163|references=(entity=(entity_id=24|fullname=der Graf und die Baronesse|gender=mf|specialcase_entity=group)))
24857	zeigte	0		
24858	sich	0	(mention_id=3115|references=(entity=(entity_id=entity_0086|fullname=Graf|gender=m)),(entity=(entity_id=entity_0085|fullname=Baronesse|gender=f)))	(mention_id=3164|references=(entity=(entity_id=24|fullname=der Graf und die Baronesse|gender=mf|specialcase_entity=group)))
24859	höchst	0		
24860	bequem	0		
24861	in	0		
24862	der	0		
24863	Gegenwart	0		
24864	.	0		
24865	Ihre	0	(mention_id=3116|references=(entity=(entity_id=entity_0086|fullname=Graf|gender=m)),(entity=(entity_id=entity_0085|fullname=Baronesse|gender=f)))	(mention_id=3165|references=(entity=(entity_id=24|fullname=der Graf und die Baronesse|gender=mf|specialcase_entity=group)))
24866	freie	0		
24867	Weise	0		
24868	,	0		
24869	die	0		
24870	Zustände	0		
24871	des	0		
24872	Lebens	0		
24873	zu	0		
24874	nehmen	0		
24875	und	0		
24876	zu	0		
24877	behandeln	0		
24878	,	0		
24879	ihre	0	(mention_id=3117|references=(entity=(entity_id=entity_0086|fullname=Graf|gender=m)),(entity=(entity_id=entity_0085|fullname=Baronesse|gender=f)))	(mention_id=3166|references=(entity=(entity_id=24|fullname=der Graf und die Baronesse|gender=mf|specialcase_entity=group)))
24880	Heiterkeit	0		
24881	und	0		
24882	scheinbare	0		
24883	Unbefangenheit	0		
24884	teilte	0		
24885	sich	0	(mention_id=3118|references=(entity=(entity_id=entity_0086|fullname=Graf|gender=m)),(entity=(entity_id=entity_0085|fullname=Baronesse|gender=f)))	
24886	sogleich	0		
24887	mit	0		
24888	,	0		
24889	und	0		
24890	ein	0		
24891	hoher	0		
24892	Anstand	0		
24893	begrenzte	0		
24894	das	0		
24895	Ganze	0		
24896	,	0		
24897	ohne	0		
24898	daß	0		
24899	man	0		
24900	irgendeinen	0		
24901	Zwang	0		
24902	bemerkt	0		
24903	hätte	0		
24904	.	0		
24905	Diese	0		
24906	Wirkung	0		
24907	ließ	0		
24908	sich	0		
24909	augenblicks	0		
24910	in	0		
24911	der	0		
24912	Gesellschaft	0		(mention_id=3167|references=(entity=(entity_id=26|fullname=die Gesellschaft im Haus|gender=mf|specialcase_entity=group)))
24913	empfinden	0		
24914	.	0		
24915	Die	0		
24916	Neueintretenden	0	(mention_id=3119|references=(entity=(entity_id=entity_0086|fullname=Graf|gender=m)),(entity=(entity_id=entity_0085|fullname=Baronesse|gender=f)))	(mention_id=3168|references=(entity=(entity_id=24|fullname=der Graf und die Baronesse|gender=mf|specialcase_entity=group)))
24917	,	0		
24918	welche	0	(mention_id=3120|references=(entity=(entity_id=entity_0086|fullname=Graf|gender=m)),(entity=(entity_id=entity_0085|fullname=Baronesse|gender=f)))	(mention_id=3169|references=(entity=(entity_id=24|fullname=der Graf und die Baronesse|gender=mf|specialcase_entity=group)))
24919	unmittelbar	0		
24920	aus	0		
24921	der	0		
24922	Welt	0		
24923	kamen	0		
24924	,	0		
24925	wie	0		
24926	man	0		
24927	sogar	0		
24928	an	0		
24929	ihren	0	(mention_id=3121|references=(entity=(entity_id=entity_0086|fullname=Graf|gender=m)),(entity=(entity_id=entity_0085|fullname=Baronesse|gender=f)))	(mention_id=3170|references=(entity=(entity_id=24|fullname=der Graf und die Baronesse|gender=mf|specialcase_entity=group)))
24930	Kleidern	0		
24931	,	0		
24932	Gerätschaften	0		
24933	und	0		
24934	allen	0		
24935	Umgebungen	0		
24936	sehen	0		
24937	konnte	0		
24938	,	0		
24939	machten	0		
24940	gewissermaßen	0		
24941	mit	0		
24942	unsern	0	(mention_id=3122|references=(entity=(entity_id=entity_0016|fullname=Erzählinstanz|gender=u)))	(mention_id=3171|references=(entity=(entity_id=4|fullname=Eduard und Charlotte|gender=mf|specialcase_entity=group)))
24943	Freunden	0	(mention_id=3123|references=(entity=(entity_id=entity_0002|fullname=Charlotte|gender=f)),(entity=(entity_id=entity_0001|fullname=Eduard|gender=m)))	(mention_id=3172|references=(entity=(entity_id=4|fullname=Eduard und Charlotte|gender=mf|specialcase_entity=group)))
24944	,	0		
24945	ihrem	0	(mention_id=3124|references=(entity=(entity_id=entity_0002|fullname=Charlotte|gender=f)),(entity=(entity_id=entity_0001|fullname=Eduard|gender=m)))	(mention_id=3173|references=(entity=(entity_id=4|fullname=Eduard und Charlotte|gender=mf|specialcase_entity=group)))
24946	ländlichen	0		
24947	und	0		
24948	heimlich	0		
24949	leidenschaftlichen	0		
24950	Zustande	0		
24951	eine	0		
24952	Art	0		
24953	von	0		
24954	Gegensatz	0		
24955	,	0		
24956	der	0		
24957	sich	0		
24958	jedoch	0		
24959	sehr	0		
24960	bald	0		
24961	verlor	0		
24962	,	0		
24963	indem	0		
24964	alte	0		
24965	Erinnerungen	0		
24966	und	0		
24967	gegenwärtige	0		
24968	Teilnahme	0		
24969	sich	0		
24970	vermischten	0		
24971	und	0		
24972	ein	0		
24973	schnelles	0		
24974	,	0		
24975	lebhaftes	0		
24976	Gespräch	0		
24977	alle	0	(mention_id=3125|references=(entity=(entity_id=entity_0085|fullname=Baronesse|gender=f)),(entity=(entity_id=entity_0086|fullname=Graf|gender=m)),(entity=(entity_id=entity_0002|fullname=Charlotte|gender=f)),(entity=(entity_id=entity_0001|fullname=Eduard|gender=m)))	(mention_id=3174|references=(entity=(entity_id=26|fullname=die Gesellschaft im Haus|gender=mf|specialcase_entity=group)))
24978	geschwind	0		
24979	zusammenverband	0		
24980	.	0		
24981	Es	0		
24982	währte	0		
24983	indessen	0		
24984	nicht	0		
24985	lange	0		
24986	,	0		
24987	als	0		
24988	schon	0		
24989	eine	0		
24990	Sonderung	0		
24991	vorging	0		
24992	.	0		
24993	Die	0		
24994	Frauen	0	(mention_id=3126|references=(entity=(entity_id=entity_0002|fullname=Charlotte|gender=f)),(entity=(entity_id=entity_0085|fullname=Baronesse|gender=f)),(entity=(entity_id=entity_0006|fullname=Ottilie|gender=f)))	(mention_id=3175|references=(entity=(entity_id=2|fullname=Charlotte|gender=f)),(entity=(entity_id=1|fullname=Baronesse|gender=f)))
24995	zogen	0		
24996	sich	0	(mention_id=3127|references=(entity=(entity_id=entity_0002|fullname=Charlotte|gender=f)),(entity=(entity_id=entity_0085|fullname=Baronesse|gender=f)),(entity=(entity_id=entity_0006|fullname=Ottilie|gender=f)))	(mention_id=3176|references=(entity=(entity_id=2|fullname=Charlotte|gender=f)),(entity=(entity_id=1|fullname=Baronesse|gender=f)))
24997	auf	0		
24998	ihren	0	(mention_id=3128|references=(entity=(entity_id=entity_0002|fullname=Charlotte|gender=f)),(entity=(entity_id=entity_0085|fullname=Baronesse|gender=f)),(entity=(entity_id=entity_0006|fullname=Ottilie|gender=f)))	(mention_id=3177|references=(entity=(entity_id=2|fullname=Charlotte|gender=f)),(entity=(entity_id=1|fullname=Baronesse|gender=f)))
24999	Flügel	0		
25000	zurück	0		
25001	und	0		
25002	fanden	0		
25003	daselbst	0		
25004	,	0		
25005	indem	0		
25006	sie	0	(mention_id=3129|references=(entity=(entity_id=entity_0002|fullname=Charlotte|gender=f)),(entity=(entity_id=entity_0085|fullname=Baronesse|gender=f)),(entity=(entity_id=entity_0006|fullname=Ottilie|gender=f)))	(mention_id=3178|references=(entity=(entity_id=2|fullname=Charlotte|gender=f)),(entity=(entity_id=1|fullname=Baronesse|gender=f)))
25007	sich	0	(mention_id=3130|references=(entity=(entity_id=entity_0002|fullname=Charlotte|gender=f)),(entity=(entity_id=entity_0085|fullname=Baronesse|gender=f)),(entity=(entity_id=entity_0006|fullname=Ottilie|gender=f)))	(mention_id=3179|references=(entity=(entity_id=2|fullname=Charlotte|gender=f)),(entity=(entity_id=1|fullname=Baronesse|gender=f)))
25008	mancherlei	0		
25009	vertrauten	0		
25010	und	0		
25011	zugleich	0		
25012	die	0		
25013	neuesten	0		
25014	Formen	0		
25015	und	0		
25016	Zuschnitte	0		
25017	von	0		
25018	Frühkleidern	0		
25019	,	0		
25020	Hüten	0		
25021	und	0		
25022	dergleichen	0		
25023	zu	0		
25024	mustern	0		
25025	anfingen	0		
25026	,	0		
25027	genugsame	0		
25028	Unterhaltung	0		
25029	,	0		
25030	während	0		
25031	die	0		
25032	Männer	0	(mention_id=3131|references=(entity=(entity_id=entity_0086|fullname=Graf|gender=m)),(entity=(entity_id=entity_0001|fullname=Eduard|gender=m)),(entity=(entity_id=entity_0003|fullname=Hauptmann|gender=m|possible_identity_with=entity_0374)))	(mention_id=3180|references=(entity=(entity_id=3|fullname=Eduard|gender=m)),(entity=(entity_id=12|fullname=Graf|gender=m)),(entity=(entity_id=13|fullname=Hauptmann|gender=m)))
25033	sich	0	(mention_id=3132|references=(entity=(entity_id=entity_0086|fullname=Graf|gender=m)),(entity=(entity_id=entity_0001|fullname=Eduard|gender=m)),(entity=(entity_id=entity_0003|fullname=Hauptmann|gender=m|possible_identity_with=entity_0374)))	(mention_id=3181|references=(entity=(entity_id=3|fullname=Eduard|gender=m)),(entity=(entity_id=12|fullname=Graf|gender=m)),(entity=(entity_id=13|fullname=Hauptmann|gender=m)))
25034	um	0		
25035	die	0		
25036	neuen	0		
25037	Reisewagen	0		
25038	,	0		
25039	mit	0		
25040	vorgeführten	0		
25041	Pferden	0		
25042	,	0		
25043	beschäftigten	0		
25044	und	0		
25045	gleich	0		
25046	zu	0		
25047	handeln	0		
25048	und	0		
25049	zu	0		
25050	tauschen	0		
25051	anfingen	0		
25052	.	0		
25053	Erst	0		
25054	zu	0		
25055	Tische	0		
25056	kam	0		
25057	man	0	(mention_id=3133|references=(entity=(entity_id=entity_0085|fullname=Baronesse|gender=f)),(entity=(entity_id=entity_0002|fullname=Charlotte|gender=f)),(entity=(entity_id=entity_0001|fullname=Eduard|gender=m)),(entity=(entity_id=entity_0086|fullname=Graf|gender=m)),(entity=(entity_id=entity_0006|fullname=Ottilie|gender=f)),(entity=(entity_id=entity_0003|fullname=Hauptmann|gender=m|possible_identity_with=entity_0374)))	(mention_id=3182|references=(entity=(entity_id=26|fullname=die Gesellschaft im Haus|gender=mf|specialcase_entity=group)))
25058	wieder	0		
25059	zusammen	0		
25060	.	0		
25061	Die	0		
25062	Umkleidung	0		
25063	war	0		
25064	geschehen	0		
25065	,	0		
25066	und	0		
25067	auch	0		
25068	hier	0		
25069	zeigte	0		
25070	sich	0	(mention_id=3134|references=(entity=(entity_id=entity_0086|fullname=Graf|gender=m)),(entity=(entity_id=entity_0085|fullname=Baronesse|gender=f)))	(mention_id=3183|references=(entity=(entity_id=24|fullname=der Graf und die Baronesse|gender=mf|specialcase_entity=group)))
25071	das	0		
25072	angekommene	0		
25073	Paar	0	(mention_id=3135|references=(entity=(entity_id=entity_0086|fullname=Graf|gender=m)),(entity=(entity_id=entity_0085|fullname=Baronesse|gender=f)))	(mention_id=3184|references=(entity=(entity_id=24|fullname=der Graf und die Baronesse|gender=mf|specialcase_entity=group)))
25074	zu	0		
25075	seinem	0	(mention_id=3136|references=(entity=(entity_id=entity_0086|fullname=Graf|gender=m)),(entity=(entity_id=entity_0085|fullname=Baronesse|gender=f)))	(mention_id=3185|references=(entity=(entity_id=24|fullname=der Graf und die Baronesse|gender=mf|specialcase_entity=group)))
25076	Vorteile	0		
25077	.	0		
25078	Alles	0		
25079	,	0		
25080	was	0		
25081	sie	0	(mention_id=3137|references=(entity=(entity_id=entity_0086|fullname=Graf|gender=m)),(entity=(entity_id=entity_0085|fullname=Baronesse|gender=f)))	(mention_id=3186|references=(entity=(entity_id=24|fullname=der Graf und die Baronesse|gender=mf|specialcase_entity=group)))
25082	an	0		
25083	sich	0		(mention_id=3187|references=(entity=(entity_id=24|fullname=der Graf und die Baronesse|gender=mf|specialcase_entity=group)))
25084	trugen	0		
25085	,	0		
25086	war	0		
25087	neu	0		
25088	und	0		
25089	gleichsam	0		
25090	ungesehen	0		
25091	und	0		
25092	doch	0		
25093	schon	0		
25094	durch	0		
25095	den	0		
25096	Gebrauch	0		
25097	zur	0		
25098	Gewohnheit	0		
25099	und	0		
25100	Bequemlichkeit	0		
25101	eingeweiht	0		
25102	.	0		
25103	Das	0		
25104	Gespräch	0		
25105	war	0		
25106	lebhaft	0		
25107	und	0		
25108	abwechselnd	0		
25109	,	0		
25110	wie	0		
25111	denn	0		
25112	in	0		
25113	Gegenwart	0		
25114	solcher	0		
25115	Personen	0	(mention_id=3138|references=(entity=(entity_id=entity_0086|fullname=Graf|gender=m)),(entity=(entity_id=entity_0085|fullname=Baronesse|gender=f)))	(mention_id=3188|references=(entity=(entity_id=24|fullname=der Graf und die Baronesse|gender=mf|specialcase_entity=group)))
25116	alles	0		
25117	und	0		
25118	nichts	0		
25119	zu	0		
25120	interessieren	0		
25121	scheint	0		
25122	.	0		
25123	Man	0	(mention_id=3139|references=(entity=(entity_id=entity_0086|fullname=Graf|gender=m)),(entity=(entity_id=entity_0002|fullname=Charlotte|gender=f)),(entity=(entity_id=entity_0085|fullname=Baronesse|gender=f)),(entity=(entity_id=entity_0001|fullname=Eduard|gender=m)),(entity=(entity_id=entity_0003|fullname=Hauptmann|gender=m|possible_identity_with=entity_0374)),(entity=(entity_id=entity_0006|fullname=Ottilie|gender=f)))	(mention_id=3189|references=(entity=(entity_id=26|fullname=die Gesellschaft im Haus|gender=mf|specialcase_entity=group)))
25124	bediente	0		
25125	sich	0		(mention_id=3190|references=(entity=(entity_id=26|fullname=die Gesellschaft im Haus|gender=mf|specialcase_entity=group)))
25126	der	0		
25127	französischen	0		
25128	Sprache	0		
25129	,	0		
25130	um	0		
25131	die	0		
25132	Aufwartenden	0	(mention_id=3140|references=(entity=(entity_id=entity_0124|fullname=Aufwartende|gender=u|specialcase_entity=group)))	(mention_id=3191|references=(entity=(entity_id=25|fullname=die Bediensteten|gender=mf|specialcase_entity=group)))
25133	von	0		
25134	dem	0		
25135	Mitverständnis	0		
25136	auszuschließen	0		
25137	,	0		
25138	und	0		
25139	schweifte	0		
25140	mit	0		
25141	mutwilligem	0		
25142	Behagen	0		
25143	über	0		
25144	hohe	0		
25145	und	0		
25146	mittlere	0		
25147	Weltverhältnisse	0		
25148	hin	0		
25149	.	0		
25150	Auf	0		
25151	einem	0		
25152	einzigen	0		
25153	Punkt	0		
25154	blieb	0		
25155	die	0		
25156	Unterhaltung	0		
25157	länger	0		
25158	als	0		
25159	billig	0		
25160	haften	0		
25161	,	0		
25162	indem	0		
25163	Charlotte	0	(mention_id=3141|references=(entity=(entity_id=entity_0002|fullname=Charlotte|gender=f)))	(mention_id=3192|references=(entity=(entity_id=2|fullname=Charlotte|gender=f)))
25164	nach	0		
25165	einer	0		
25166	Jugendfreundin	0	(mention_id=3142|references=(entity=(entity_id=entity_0121|fullname=Jugendfreundin Charlottes|gender=f)))	(mention_id=3193|references=(entity=(entity_id=15|fullname=Jugendfreundin von Charlotte|gender=f)))
25167	sich	0		(mention_id=3194|references=(entity=(entity_id=2|fullname=Charlotte|gender=f)))
25168	erkundigte	0		
25169	und	0		
25170	mit	0		
25171	einiger	0		
25172	Befremdung	0		
25173	vernahm	0		
25174	,	0		
25175	daß	0		
25176	sie	0	(mention_id=3143|references=(entity=(entity_id=entity_0121|fullname=Jugendfreundin Charlottes|gender=f)))	(mention_id=3195|references=(entity=(entity_id=15|fullname=Jugendfreundin von Charlotte|gender=f)))
25177	ehstens	0		
25178	geschieden	0		
25179	werden	0		
25180	sollte	0		
25181	.	0		
25182	»	0		
25183	Es	0		
25184	ist	0		
25185	unerfreulich	0		
25186	,	0		
25187	«	0		
25188	sagte	0		
25189	Charlotte	0	(mention_id=3144|references=(entity=(entity_id=entity_0002|fullname=Charlotte|gender=f)))	(mention_id=3196|references=(entity=(entity_id=2|fullname=Charlotte|gender=f)))
25190	,	0		
25191	»	0		
25192	wenn	0		
25193	man	0	(mention_id=3145|references=(entity=(entity_id=entity_0002|fullname=Charlotte|gender=f)))	
25194	seine	0		(mention_id=3197|references=(entity=(entity_id=generic_0001|fullname=man im Allgemeinen|gender=u|specialcase_entity=generic)))
25195	abwesenden	0		
25196	Freunde	0	(mention_id=3146|references=(entity=(entity_id=entity_0127|fullname=Freunde Charlottes|gender=u|specialcase_entity=group)))	(mention_id=3198|references=(entity=(entity_id=generic_0009|fullname=abwesende Freunde im Allgemeinen|gender=u|specialcase_entity=generic)))
25197	irgend	0		
25198	einmal	0		
25199	geborgen	0		
25200	,	0		
25201	eine	0		
25202	Freundin	0	(mention_id=3147|references=(entity=(entity_id=entity_0121|fullname=Jugendfreundin Charlottes|gender=f)))	(mention_id=3199|references=(entity=(entity_id=generic_0010|fullname=eine Freundin im Allgemeinen|gender=u|specialcase_entity=generic)))
25203	,	0		
25204	die	0	(mention_id=3148|references=(entity=(entity_id=entity_0121|fullname=Jugendfreundin Charlottes|gender=f)))	(mention_id=3200|references=(entity=(entity_id=generic_0011|fullname=eine Freundin im Allgemeinen|gender=u|specialcase_entity=generic)))
25205	man	0	(mention_id=3149|references=(entity=(entity_id=entity_0002|fullname=Charlotte|gender=f)))	(mention_id=3201|references=(entity=(entity_id=generic_0002|fullname=man im Allgemeinen|gender=u|specialcase_entity=generic)))
25206	liebt	0		
25207	,	0		
25208	versorgt	0		
25209	glaubt	0		
25210	;	0		
25211	eh	0		
25212	man	0		(mention_id=3202|references=(entity=(entity_id=generic_0003|fullname=man im Allgemeinen|gender=u|specialcase_entity=generic)))
25213	sichs	0		(mention_id=3203|references=(entity=(entity_id=generic_0004|fullname=man im Allgemeinen|gender=u|specialcase_entity=generic)))
25214	versieht	0		
25215	,	0		
25216	muß	0		
25217	man	0		
25218	wieder	0		
25219	hören	0		
25220	,	0		
25221	daß	0		
25222	ihr	0	(mention_id=3150|references=(entity=(entity_id=entity_0121|fullname=Jugendfreundin Charlottes|gender=f)))	(mention_id=3204|references=(entity=(entity_id=generic_0012|fullname=eine Freundin im Allgemeinen|gender=u|specialcase_entity=generic)))
25223	Schicksal	0		
25224	im	0		
25225	Schwanken	0		
25226	ist	0		
25227	,	0		
25228	und	0		
25229	daß	0		
25230	sie	0	(mention_id=3151|references=(entity=(entity_id=entity_0121|fullname=Jugendfreundin Charlottes|gender=f)))	(mention_id=3205|references=(entity=(entity_id=generic_0013|fullname=eine Freundin im Allgemeinen|gender=u|specialcase_entity=generic)))
25231	erst	0		
25232	wieder	0		
25233	neue	0		
25234	und	0		
25235	vielleicht	0		
25236	abermals	0		
25237	unsichre	0		
25238	Pfade	0		
25239	des	0		
25240	Lebens	0		
25241	betreten	0		
25242	soll	0		
25243	.	0		
25244	«	0		
25245	»	0		
25246	Eigentlich	0		
25247	,	0		
25248	meine	0	(mention_id=3152|references=(entity=(entity_id=entity_0086|fullname=Graf|gender=m)))	(mention_id=3206|references=(entity=(entity_id=12|fullname=Graf|gender=m)))
25249	Beste	0	(mention_id=3153|references=(entity=(entity_id=entity_0002|fullname=Charlotte|gender=f)))	(mention_id=3207|references=(entity=(entity_id=2|fullname=Charlotte|gender=f)))
25250	,	0		
25251	«	0		
25252	versetzte	0		
25253	der	0		
25254	Graf	0	(mention_id=3154|references=(entity=(entity_id=entity_0086|fullname=Graf|gender=m)))	(mention_id=3208|references=(entity=(entity_id=12|fullname=Graf|gender=m)))
25255	,	0		
25256	»	0		
25257	sind	0		
25258	wir	0	(mention_id=3155|references=(entity=(entity_id=entity_0086|fullname=Graf|gender=m)),(entity=(entity_id=entity_0002|fullname=Charlotte|gender=f)))	(mention_id=3209|references=(entity=(entity_id=generic_0015|fullname=wir im Allgemeinen|gender=u|specialcase_entity=generic)))
25259	selbst	0		
25260	schuld	0		
25261	,	0		
25262	wenn	0		
25263	wir	0	(mention_id=3156|references=(entity=(entity_id=entity_0086|fullname=Graf|gender=m)),(entity=(entity_id=entity_0002|fullname=Charlotte|gender=f)))	(mention_id=3210|references=(entity=(entity_id=generic_0016|fullname=wir im Allgemeinen|gender=u|specialcase_entity=generic)))
25264	auf	0		
25265	solche	0		
25266	Weise	0		
25267	überrascht	0		
25268	werden	0		
25269	.	0		
25270	Wir	0	(mention_id=3157|references=(entity=(entity_id=entity_0086|fullname=Graf|gender=m)),(entity=(entity_id=entity_0002|fullname=Charlotte|gender=f)))	(mention_id=3211|references=(entity=(entity_id=generic_0017|fullname=wir im Allgemeinen|gender=u|specialcase_entity=generic)))
25271	mögen	0		
25272	uns	0	(mention_id=3158|references=(entity=(entity_id=entity_0086|fullname=Graf|gender=m)),(entity=(entity_id=entity_0002|fullname=Charlotte|gender=f)))	(mention_id=3212|references=(entity=(entity_id=generic_0018|fullname=wir im Allgemeinen|gender=u|specialcase_entity=generic)))
25273	die	0		
25274	irdischen	0		
25275	Dinge	0		
25276	und	0		
25277	besonders	0		
25278	auch	0		
25279	die	0		
25280	ehlichen	0		
25281	Verbindungen	0		
25282	gern	0		
25283	so	0		
25284	recht	0		
25285	dauerhaft	0		
25286	vorstellen	0		
25287	,	0		
25288	und	0		
25289	was	0		
25290	den	0		
25291	letzten	0		
25292	Punkt	0		
25293	betrifft	0		
25294	,	0		
25295	so	0		
25296	verführen	0		
25297	uns	0	(mention_id=3159|references=(entity=(entity_id=entity_0086|fullname=Graf|gender=m)),(entity=(entity_id=entity_0002|fullname=Charlotte|gender=f)))	(mention_id=3213|references=(entity=(entity_id=generic_0019|fullname=wir im Allgemeinen|gender=u|specialcase_entity=generic)))
25298	die	0		
25299	Lustspiele	0		
25300	,	0		
25301	die	0		
25302	wir	0	(mention_id=3160|references=(entity=(entity_id=entity_0086|fullname=Graf|gender=m)),(entity=(entity_id=entity_0002|fullname=Charlotte|gender=f)))	(mention_id=3214|references=(entity=(entity_id=generic_0020|fullname=wir im Allgemeinen|gender=u|specialcase_entity=generic)))
25303	immer	0		
25304	wiederholen	0		
25305	sehen	0		
25306	,	0		
25307	zu	0		
25308	solchen	0		
25309	Einbildungen	0		
25310	,	0		
25311	die	0		
25312	mit	0		
25313	dem	0		
25314	Gange	0		
25315	der	0		
25316	Welt	0		
25317	nicht	0		
25318	zusammentreffen	0		
25319	.	0		
25320	In	0		
25321	der	0		
25322	Komödie	0		
25323	sehen	0		
25324	wir	0	(mention_id=3161|references=(entity=(entity_id=entity_0086|fullname=Graf|gender=m)),(entity=(entity_id=entity_0002|fullname=Charlotte|gender=f)))	(mention_id=3215|references=(entity=(entity_id=generic_0021|fullname=wir im Allgemeinen|gender=u|specialcase_entity=generic)))
25325	eine	0		
25326	Heirat	0		
25327	als	0		
25328	das	0		
25329	letzte	0		
25330	Ziel	0		
25331	eines	0		
25332	durch	0		
25333	die	0		
25334	Hindernisse	0		
25335	mehrerer	0		
25336	Akte	0		
25337	verschobenen	0		
25338	Wunsches	0		
25339	,	0		
25340	und	0		
25341	im	0		
25342	Augenblick	0		
25343	,	0		
25344	da	0		
25345	es	0		
25346	erreicht	0		
25347	ist	0		
25348	,	0		
25349	fällt	0		
25350	der	0		
25351	Vorhang	0		
25352	,	0		
25353	und	0		
25354	die	0		
25355	momentane	0		
25356	Befriedigung	0		
25357	klingt	0		
25358	bei	0		
25359	uns	0	(mention_id=3162|references=(entity=(entity_id=entity_0086|fullname=Graf|gender=m)),(entity=(entity_id=entity_0002|fullname=Charlotte|gender=f)))	(mention_id=3216|references=(entity=(entity_id=generic_0022|fullname=wir im Allgemeinen|gender=u|specialcase_entity=generic)))
25360	nach	0		
25361	.	0		
25362	In	0		
25363	der	0		
25364	Welt	0		
25365	ist	0		
25366	es	0		
25367	anders	0		
25368	;	0		
25369	da	0		
25370	wird	0		
25371	hinten	0		
25372	immer	0		
25373	fortgespielt	0		
25374	,	0		
25375	und	0		
25376	wenn	0		
25377	der	0		
25378	Vorhang	0		
25379	wieder	0		
25380	aufgeht	0		
25381	,	0		
25382	mag	0		
25383	man	0		
25384	gern	0		
25385	nichts	0		
25386	weiter	0		
25387	davon	0		
25388	sehen	0		
25389	noch	0		
25390	hören	0		
25391	.	0		
25392	«	0		
25393	»	0		
25394	Es	0		
25395	muß	0		
25396	doch	0		
25397	so	0		
25398	schlimm	0		
25399	nicht	0		
25400	sein	0		
25401	,	0		
25402	«	0		
25403	sagte	0		
25404	Charlotte	0	(mention_id=3163|references=(entity=(entity_id=entity_0002|fullname=Charlotte|gender=f)))	(mention_id=3217|references=(entity=(entity_id=2|fullname=Charlotte|gender=f)))
25405	lächelnd	0		
25406	,	0		
25407	»	0		
25408	da	0		
25409	man	0		
25410	sieht	0		
25411	,	0		
25412	daß	0		
25413	auch	0		
25414	Personen	0	(mention_id=3164|references=(entity=(entity_id=generic_0216|fullname=Personen die vom Liebestheater abgetreten sind|gender=u|specialcase_entity=generic)))	(mention_id=3218|references=(entity=(entity_id=generic_0035|fullname=geschiedene Personen im Allgemeinen|gender=u|specialcase_entity=generic)))
25415	,	0		
25416	die	0	(mention_id=3165|references=(entity=(entity_id=generic_0217|fullname=Personen die vom Liebestheater abgetreten sind|gender=u|specialcase_entity=generic)))	(mention_id=3219|references=(entity=(entity_id=generic_0036|fullname=geschiedene Personen im Allgemeinen|gender=u|specialcase_entity=generic)))
25417	von	0		
25418	diesem	0		
25419	Theater	0		
25420	abgetreten	0		
25421	sind	0		
25422	,	0		
25423	wohl	0		
25424	gern	0		
25425	darauf	0		
25426	wieder	0		
25427	eine	0		
25428	Rolle	0		
25429	spielen	0		
25430	mögen	0		
25431	.	0		
25432	«	0		
25433	»	0		
25434	Dagegen	0		
25435	ist	0		
25436	nichts	0		
25437	einzuwenden	0		
25438	,	0		
25439	«	0		
25440	sagte	0		
25441	der	0		
25442	Graf	0	(mention_id=3166|references=(entity=(entity_id=entity_0086|fullname=Graf|gender=m)))	(mention_id=3220|references=(entity=(entity_id=12|fullname=Graf|gender=m)))
25443	.	0		
25444	»	0		
25445	Eine	0		
25446	neue	0		
25447	Rolle	0		
25448	mag	0		
25449	man	0		
25450	gern	0		
25451	wieder	0		
25452	übernehmen	0		
25453	,	0		
25454	und	0		
25455	wenn	0		
25456	man	0		
25457	die	0		
25458	Welt	0		
25459	kennt	0		
25460	,	0		
25461	so	0		
25462	sieht	0		
25463	man	0		
25464	wohl	0		
25465	:	0		
25466	auch	0		
25467	bei	0		
25468	dem	0		
25469	Ehestande	0		
25470	ist	0		
25471	es	0		
25472	nur	0		
25473	diese	0		
25474	entschiedene	0		
25475	,	0		
25476	ewige	0		
25477	Dauer	0		
25478	zwischen	0		
25479	soviel	0		
25480	Beweglichem	0		
25481	in	0		
25482	der	0		
25483	Welt	0		
25484	,	0		
25485	die	0		
25486	etwas	0		
25487	Ungeschicktes	0		
25488	an	0		
25489	sich	0		
25490	trägt	0		
25491	.	0		
25492	Einer	0	(mention_id=3167|references=(entity=(entity_id=entity_0120|fullname=Freund des Grafen|gender=m)))	(mention_id=3221|references=(entity=(entity_id=8|fullname=Freund des Grafen|gender=m)))
25493	von	0		
25494	meinen	0	(mention_id=3168|references=(entity=(entity_id=entity_0086|fullname=Graf|gender=m)))	(mention_id=3222|references=(entity=(entity_id=12|fullname=Graf|gender=m)))
25495	Freunden	0	(mention_id=3169|references=(entity=(entity_id=entity_0120|fullname=Freund des Grafen|gender=m)))	(mention_id=3223|references=(entity=(entity_id=9|fullname=Freunde des Grafen|gender=m|specialcase_entity=group)))
25496	,	0		
25497	dessen	0	(mention_id=3170|references=(entity=(entity_id=entity_0120|fullname=Freund des Grafen|gender=m)))	(mention_id=3224|references=(entity=(entity_id=8|fullname=Freund des Grafen|gender=m)))
25498	gute	0		
25499	Laune	0		
25500	sich	0		
25501	meist	0		
25502	in	0		
25503	Vorschlägen	0		
25504	zu	0		
25505	neuen	0		
25506	Gesetzen	0		
25507	hervortat	0		
25508	,	0		
25509	behauptete	0		
25510	:	0		
25511	eine	0		
25512	jede	0		
25513	Ehe	0		
25514	solle	0		
25515	nur	0		
25516	auf	0		
25517	fünf	0		
25518	Jahre	0		
25519	geschlossen	0		
25520	werden	0		
25521	.	0		
25522	Es	0		
25523	sei	0		
25524	,	0		
25525	sagte	0		
25526	er	0	(mention_id=3171|references=(entity=(entity_id=entity_0120|fullname=Freund des Grafen|gender=m)))	(mention_id=3225|references=(entity=(entity_id=8|fullname=Freund des Grafen|gender=m)))
25527	,	0		
25528	dies	0		
25529	eine	0		
25530	schöne	0		
25531	,	0		
25532	ungrade	0		
25533	,	0		
25534	heilige	0		
25535	Zahl	0		
25536	und	0		
25537	ein	0		
25538	solcher	0		
25539	Zeitraum	0		
25540	eben	0		
25541	hinreichend	0		
25542	,	0		
25543	um	0		
25544	sich	0	(mention_id=3172|references=(entity=(entity_id=generic_0218|fullname=Ehepartner|gender=u|specialcase_entity=generic)))	(mention_id=3226|references=(entity=(entity_id=generic_0037|fullname=Ehepartner im Allgemeinen|gender=u|specialcase_entity=generic)))
25545	kennenzulernen	0		
25546	,	0		
25547	einige	0		
25548	Kinder	0	(mention_id=3173|references=(entity=(entity_id=generic_0229|fullname=Kinder|gender=u|specialcase_entity=generic)))	(mention_id=3227|references=(entity=(entity_id=38|fullname=hypothetische Kinder|gender=u|specialcase_entity=nonfact,group)))
25549	heranzubringen	0		
25550	,	0		
25551	sich	0	(mention_id=3174|references=(entity=(entity_id=generic_0219|fullname=Ehepartner|gender=u|specialcase_entity=generic)))	(mention_id=3228|references=(entity=(entity_id=generic_0038|fullname=Ehepartner im Allgemeinen|gender=u|specialcase_entity=generic)))
25552	zu	0		
25553	entzweien	0		
25554	und	0		
25555	,	0		
25556	was	0		
25557	das	0		
25558	Schönste	0		
25559	sei	0		
25560	,	0		
25561	sich	0	(mention_id=3175|references=(entity=(entity_id=generic_0220|fullname=Ehepartner|gender=u|specialcase_entity=generic)))	(mention_id=3229|references=(entity=(entity_id=generic_0039|fullname=Ehepartner im Allgemeinen|gender=u|specialcase_entity=generic)))
25562	wieder	0		
25563	zu	0		
25564	versöhnen	0		
25565	.	0		
25566	Gewöhnlich	0		
25567	rief	0		
25568	er	0	(mention_id=3176|references=(entity=(entity_id=entity_0120|fullname=Freund des Grafen|gender=m)))	(mention_id=3230|references=(entity=(entity_id=8|fullname=Freund des Grafen|gender=m)))
25569	aus	0		
25570	:	0		
25571	›	0		
25572	Wie	0		
25573	glücklich	0		
25574	würde	0		
25575	die	0		
25576	erste	0		
25577	Zeit	0		
25578	verstreichen	0		
25579	!	0		
25580	Zwei	0		
25581	,	0		
25582	drei	0		
25583	Jahre	0		
25584	wenigstens	0		
25585	gingen	0		
25586	vergnüglich	0		
25587	hin	0		
25588	.	0		
25589	Dann	0		
25590	würde	0		
25591	doch	0		
25592	wohl	0		
25593	dem	0		
25594	einen	0		
25595	Teil	0	(mention_id=3177|references=(entity=(entity_id=generic_0221|fullname=Ehepartner|gender=u|specialcase_entity=generic)))	(mention_id=3231|references=(entity=(entity_id=generic_0046|fullname=ein Ehepartner im Allgemeinen|gender=u|specialcase_entity=generic)))
25596	daran	0		
25597	gelegen	0		
25598	sein	0		
25599	,	0		
25600	das	0		
25601	Verhältnis	0		
25602	länger	0		
25603	dauern	0		
25604	zu	0		
25605	sehen	0		
25606	,	0		
25607	die	0		
25608	Gefälligkeit	0		
25609	würde	0		
25610	wachsen	0		
25611	,	0		
25612	je	0		
25613	mehr	0		
25614	man	0	(mention_id=3178|references=(entity=(entity_id=generic_0222|fullname=Ehepartner|gender=u|specialcase_entity=generic)))	(mention_id=3232|references=(entity=(entity_id=generic_0047|fullname=ein Ehepartner im Allgemeinen|gender=u|specialcase_entity=generic)))
25615	sich	0	(mention_id=3179|references=(entity=(entity_id=generic_0223|fullname=Ehepartner|gender=u|specialcase_entity=generic)))	(mention_id=3233|references=(entity=(entity_id=generic_0048|fullname=ein Ehepartner im Allgemeinen|gender=u|specialcase_entity=generic)))
25616	dem	0		
25617	Termin	0		
25618	der	0		
25619	Aufkündigung	0		
25620	näherte	0		
25621	.	0		
25622	Der	0		
25623	gleichgültige	0	(mention_id=3180|references=(entity=(entity_id=generic_0224|fullname=Ehepartner|gender=u|specialcase_entity=generic)))	
25624	,	0		
25625	ja	0		
25626	selbst	0		
25627	der	0		
25628	unzufriedene	0		
25629	Teil	0	(mention_id=3181|references=(entity=(entity_id=generic_0225|fullname=Ehepartner|gender=u|specialcase_entity=generic)))	(mention_id=3234|references=(entity=(entity_id=generic_0049|fullname=ein Ehepartner im Allgemeinen|gender=u|specialcase_entity=generic)))
25630	würde	0		
25631	durch	0		
25632	ein	0		
25633	solches	0		
25634	Betragen	0		
25635	begütigt	0		
25636	und	0		
25637	eingenommen	0		
25638	.	0		
25639	Man	0	(mention_id=3182|references=(entity=(entity_id=generic_0226|fullname=Ehepartner|gender=u|specialcase_entity=generic)))	(mention_id=3235|references=(entity=(entity_id=generic_0040|fullname=Ehepartner im Allgemeinen|gender=u|specialcase_entity=generic)))
25640	vergäße	0		
25641	,	0		
25642	wie	0		
25643	man	0		(mention_id=3236|references=(entity=(entity_id=generic_0041|fullname=Ehepartner im Allgemeinen|gender=u|specialcase_entity=generic)))
25644	in	0		
25645	guter	0		
25646	Gesellschaft	0		
25647	die	0		
25648	Stunden	0		
25649	vergißt	0		
25650	,	0		
25651	daß	0		
25652	die	0		
25653	Zeit	0		
25654	verfließe	0		
25655	,	0		
25656	und	0		
25657	fände	0		
25658	sich	0	(mention_id=3183|references=(entity=(entity_id=generic_0227|fullname=Ehepartner|gender=u|specialcase_entity=generic)))	(mention_id=3237|references=(entity=(entity_id=generic_0042|fullname=Ehepartner im Allgemeinen|gender=u|specialcase_entity=generic)))
25659	aufs	0		
25660	angenehmste	0		
25661	überrascht	0		
25662	,	0		
25663	wenn	0		
25664	man	0	(mention_id=3184|references=(entity=(entity_id=generic_0228|fullname=Ehepartner|gender=u|specialcase_entity=generic)))	(mention_id=3238|references=(entity=(entity_id=generic_0043|fullname=Ehepartner im Allgemeinen|gender=u|specialcase_entity=generic)))
25665	nach	0		
25666	verlaufenem	0		
25667	Termin	0		
25668	erst	0		
25669	bemerkte	0		
25670	,	0		
25671	daß	0		
25672	er	0		
25673	schon	0		
25674	stillschweigend	0		
25675	verlängert	0		
25676	sei	0		
25677	.	0		
25678	‹	0		
25679	«	0		
25680	So	0		
25681	artig	0		
25682	und	0		
25683	lustig	0		
25684	dies	0		
25685	klang	0		
25686	und	0		
25687	so	0		
25688	gut	0		
25689	man	0		
25690	,	0		
25691	wie	0		
25692	Charlotte	0	(mention_id=3185|references=(entity=(entity_id=entity_0002|fullname=Charlotte|gender=f)))	(mention_id=3239|references=(entity=(entity_id=2|fullname=Charlotte|gender=f)))
25693	wohl	0		
25694	empfand	0		
25695	,	0		
25696	diesem	0		
25697	Scherz	0		
25698	eine	0		
25699	tiefe	0		
25700	moralische	0		
25701	Deutung	0		
25702	geben	0		
25703	konnte	0		
25704	,	0		
25705	so	0		
25706	waren	0		
25707	ihr	0	(mention_id=3186|references=(entity=(entity_id=entity_0002|fullname=Charlotte|gender=f)))	(mention_id=3240|references=(entity=(entity_id=2|fullname=Charlotte|gender=f)))
25708	dergleichen	0		
25709	Äußerungen	0		
25710	,	0		
25711	besonders	0		
25712	um	0		
25713	Ottiliens	0	(mention_id=3187|references=(entity=(entity_id=entity_0006|fullname=Ottilie|gender=f)))	(mention_id=3241|references=(entity=(entity_id=18|fullname=Ottilie|gender=f)))
25714	willen	0		
25715	,	0		
25716	nicht	0		
25717	angenehm	0		
25718	.	0		
25719	Sie	0	(mention_id=3188|references=(entity=(entity_id=entity_0002|fullname=Charlotte|gender=f)))	(mention_id=3242|references=(entity=(entity_id=2|fullname=Charlotte|gender=f)))
25720	wußte	0		
25721	recht	0		
25722	gut	0		
25723	,	0		
25724	daß	0		
25725	nichts	0		
25726	gefährlicher	0		
25727	sei	0		
25728	als	0		
25729	ein	0		
25730	allzufreies	0		
25731	Gespräch	0		
25732	,	0		
25733	das	0		
25734	einen	0		
25735	strafbaren	0		
25736	oder	0		
25737	halbstrafbaren	0		
25738	Zustand	0		
25739	als	0		
25740	einen	0		
25741	gewöhnlichen	0		
25742	,	0		
25743	gemeinen	0		
25744	,	0		
25745	ja	0		
25746	löblichen	0		
25747	behandelt	0		
25748	;	0		
25749	und	0		
25750	dahin	0		
25751	gehört	0		
25752	doch	0		
25753	gewiß	0		
25754	alles	0		
25755	,	0		
25756	was	0		
25757	die	0		
25758	eheliche	0		
25759	Verbindung	0		
25760	antastet	0		
25761	.	0		
25762	Sie	0	(mention_id=3189|references=(entity=(entity_id=entity_0002|fullname=Charlotte|gender=f)))	(mention_id=3243|references=(entity=(entity_id=2|fullname=Charlotte|gender=f)))
25763	suchte	0		
25764	daher	0		
25765	nach	0		
25766	ihrer	0	(mention_id=3190|references=(entity=(entity_id=entity_0002|fullname=Charlotte|gender=f)))	(mention_id=3244|references=(entity=(entity_id=2|fullname=Charlotte|gender=f)))
25767	gewandten	0		
25768	Weise	0		
25769	das	0		
25770	Gespräch	0		
25771	abzulenken	0		
25772	;	0		
25773	da	0		
25774	sie	0	(mention_id=3191|references=(entity=(entity_id=entity_0002|fullname=Charlotte|gender=f)))	(mention_id=3245|references=(entity=(entity_id=2|fullname=Charlotte|gender=f)))
25775	es	0		
25776	nicht	0		
25777	vermochte	0		
25778	,	0		
25779	tat	0		
25780	es	0		
25781	ihr	0	(mention_id=3192|references=(entity=(entity_id=entity_0002|fullname=Charlotte|gender=f)))	(mention_id=3246|references=(entity=(entity_id=2|fullname=Charlotte|gender=f)))
25782	leid	0		
25783	,	0		
25784	daß	0		
25785	Ottilie	0	(mention_id=3193|references=(entity=(entity_id=entity_0006|fullname=Ottilie|gender=f)))	(mention_id=3247|references=(entity=(entity_id=18|fullname=Ottilie|gender=f)))
25786	alles	0		
25787	so	0		
25788	gut	0		
25789	eingerichtet	0		
25790	hatte	0		
25791	,	0		
25792	um	0		
25793	nicht	0		
25794	aufstehen	0		
25795	zu	0		
25796	dürfen	0		
25797	.	0		
25798	Das	0		
25799	ruhig	0		
25800	aufmerksame	0		
25801	Kind	0	(mention_id=3194|references=(entity=(entity_id=entity_0006|fullname=Ottilie|gender=f)))	(mention_id=3248|references=(entity=(entity_id=18|fullname=Ottilie|gender=f)))
25802	verstand	0		
25803	sich	0	(mention_id=3195|references=(entity=(entity_id=entity_0006|fullname=Ottilie|gender=f)))	(mention_id=3249|references=(entity=(entity_id=18|fullname=Ottilie|gender=f)))
25804	mit	0		
25805	dem	0		
25806	Haushofmeister	0	(mention_id=3196|references=(entity=(entity_id=entity_0128|fullname=Haushofmeister|gender=m)))	(mention_id=3250|references=(entity=(entity_id=14|fullname=Haushofmeister|gender=m)))
25807	durch	0		
25808	Blick	0		
25809	und	0		
25810	Wink	0		
25811	,	0		
25812	daß	0		
25813	alles	0		
25814	auf	0		
25815	das	0		
25816	trefflichste	0		
25817	geriet	0		
25818	,	0		
25819	obgleich	0		
25820	ein	0		
25821	paar	0		
25822	neue	0		
25823	,	0		
25824	ungeschickte	0		
25825	Bedienten	0	(mention_id=3197|references=(entity=(entity_id=entity_0125|fullname=Bedienstete|gender=u|specialcase_entity=group)))	(mention_id=3251|references=(entity=(entity_id=42|fullname=neue Bediente|gender=m|specialcase_entity=group)))
25826	in	0		
25827	der	0		
25828	Livree	0		
25829	staken	0		
25830	.	0		
25831	Und	0		
25832	so	0		
25833	fuhr	0		
25834	der	0		
25835	Graf	0	(mention_id=3198|references=(entity=(entity_id=entity_0086|fullname=Graf|gender=m)))	(mention_id=3252|references=(entity=(entity_id=12|fullname=Graf|gender=m)))
25836	,	0		
25837	Charlottens	0	(mention_id=3199|references=(entity=(entity_id=entity_0002|fullname=Charlotte|gender=f)))	(mention_id=3253|references=(entity=(entity_id=2|fullname=Charlotte|gender=f)))
25838	Ablenken	0		
25839	nicht	0		
25840	empfindend	0		
25841	,	0		
25842	über	0		
25843	diesen	0		
25844	Gegenstand	0		
25845	sich	0	(mention_id=3200|references=(entity=(entity_id=entity_0086|fullname=Graf|gender=m)))	(mention_id=3254|references=(entity=(entity_id=12|fullname=Graf|gender=m)))
25846	zu	0		
25847	äußern	0		
25848	fort	0		
25849	.	0		
25850	Ihm	0	(mention_id=3201|references=(entity=(entity_id=entity_0086|fullname=Graf|gender=m)))	(mention_id=3255|references=(entity=(entity_id=12|fullname=Graf|gender=m)))
25851	,	0		
25852	der	0	(mention_id=3202|references=(entity=(entity_id=entity_0086|fullname=Graf|gender=m)))	(mention_id=3256|references=(entity=(entity_id=12|fullname=Graf|gender=m)))
25853	sonst	0		
25854	nicht	0		
25855	gewohnt	0		
25856	war	0		
25857	,	0		
25858	im	0		
25859	Gespräch	0		
25860	irgend	0		
25861	lästig	0		
25862	zu	0		
25863	sein	0		
25864	,	0		
25865	lastete	0		
25866	diese	0		
25867	Sache	0		
25868	zu	0		
25869	sehr	0		
25870	auf	0		
25871	dem	0		
25872	Herzen	0		
25873	,	0		
25874	und	0		
25875	die	0		
25876	Schwierigkeiten	0		
25877	,	0		
25878	sich	0	(mention_id=3203|references=(entity=(entity_id=entity_0086|fullname=Graf|gender=m)))	(mention_id=3257|references=(entity=(entity_id=12|fullname=Graf|gender=m)))
25879	von	0		
25880	seiner	0	(mention_id=3204|references=(entity=(entity_id=entity_0086|fullname=Graf|gender=m)))	(mention_id=3258|references=(entity=(entity_id=12|fullname=Graf|gender=m)))
25881	Gemahlin	0	(mention_id=3205|references=(entity=(entity_id=entity_0126|fullname=Gemahlin des Grafen|gender=f)))	(mention_id=3259|references=(entity=(entity_id=11|fullname=Gemahlin des Grafen|gender=f)))
25882	getrennt	0		
25883	zu	0		
25884	sehen	0		
25885	,	0		
25886	machten	0		
25887	ihn	0	(mention_id=3206|references=(entity=(entity_id=entity_0086|fullname=Graf|gender=m)))	(mention_id=3260|references=(entity=(entity_id=12|fullname=Graf|gender=m)))
25888	bitter	0		
25889	gegen	0		
25890	alles	0		
25891	,	0		
25892	was	0		
25893	eheliche	0		
25894	Verbindung	0		
25895	betraf	0		
25896	,	0		
25897	die	0		
25898	er	0	(mention_id=3207|references=(entity=(entity_id=entity_0086|fullname=Graf|gender=m)))	(mention_id=3261|references=(entity=(entity_id=12|fullname=Graf|gender=m)))
25899	doch	0		
25900	selbst	0		
25901	mit	0		
25902	der	0		
25903	Baronesse	0	(mention_id=3208|references=(entity=(entity_id=entity_0085|fullname=Baronesse|gender=f)))	(mention_id=3262|references=(entity=(entity_id=1|fullname=Baronesse|gender=f)))
25904	so	0		
25905	eifrig	0		
25906	wünschte	0		
25907	.	0		
25908	»	0		
25909	Jener	0		
25910	Freund	0	(mention_id=3209|references=(entity=(entity_id=entity_0120|fullname=Freund des Grafen|gender=m)))	(mention_id=3263|references=(entity=(entity_id=8|fullname=Freund des Grafen|gender=m)))
25911	«	0		
25912	,	0		
25913	so	0		
25914	fuhr	0		
25915	er	0	(mention_id=3210|references=(entity=(entity_id=entity_0086|fullname=Graf|gender=m)))	(mention_id=3264|references=(entity=(entity_id=12|fullname=Graf|gender=m)))
25916	fort	0		
25917	,	0		
25918	»	0		
25919	tat	0		
25920	noch	0		
25921	einen	0		
25922	andern	0		
25923	Gesetzvorschlag	0		
25924	:	0		
25925	Eine	0		
25926	Ehe	0		
25927	sollte	0		
25928	nur	0		
25929	alsdann	0		
25930	für	0		
25931	unauflöslich	0		
25932	gehalten	0		
25933	werden	0		
25934	,	0		
25935	wenn	0		
25936	entweder	0		
25937	beide	0		
25938	Teile	0		(mention_id=3265|references=(entity=(entity_id=generic_0044|fullname=Ehepartner im Allgemeinen|gender=u|specialcase_entity=generic)))
25939	oder	0		
25940	wenigstens	0		
25941	der	0		
25942	eine	0		
25943	Teil	0		(mention_id=3266|references=(entity=(entity_id=generic_0050|fullname=ein Ehepartner im Allgemeinen|gender=u|specialcase_entity=generic)))
25944	zum	0		
25945	drittenmal	0		
25946	verheiratet	0		
25947	wäre	0		
25948	.	0		
25949	Denn	0		
25950	was	0		
25951	eine	0		
25952	solche	0		
25953	Person	0	(mention_id=3211|references=(entity=(entity_id=generic_0230|fullname=Ehepartner der zum dritten Mal heiratet|gender=u|specialcase_entity=generic)))	(mention_id=3267|references=(entity=(entity_id=generic_0053|fullname=eine Person im Allgemeinen|gender=u|specialcase_entity=generic)))
25954	betreffe	0		
25955	,	0		
25956	so	0		
25957	bekenne	0		
25958	sie	0	(mention_id=3212|references=(entity=(entity_id=generic_0231|fullname=Ehepartner der zum dritten Mal heiratet|gender=u|specialcase_entity=generic)))	(mention_id=3268|references=(entity=(entity_id=generic_0054|fullname=eine Person im Allgemeinen|gender=u|specialcase_entity=generic)))
25959	unwidersprechlich	0		
25960	,	0		
25961	daß	0		
25962	sie	0	(mention_id=3213|references=(entity=(entity_id=generic_0232|fullname=Ehepartner der zum dritten Mal heiratet|gender=u|specialcase_entity=generic)))	(mention_id=3269|references=(entity=(entity_id=generic_0055|fullname=eine Person im Allgemeinen|gender=u|specialcase_entity=generic)))
25963	die	0		
25964	Ehe	0		
25965	für	0		
25966	etwas	0		
25967	Unentbehrliches	0		
25968	halte	0		
25969	.	0		
25970	Nun	0		
25971	sei	0		
25972	auch	0		
25973	schon	0		
25974	bekannt	0		
25975	geworden	0		
25976	,	0		
25977	wie	0		
25978	sie	0	(mention_id=3214|references=(entity=(entity_id=generic_0233|fullname=Ehepartner der zum dritten Mal heiratet|gender=u|specialcase_entity=generic)))	(mention_id=3270|references=(entity=(entity_id=generic_0056|fullname=eine Person im Allgemeinen|gender=u|specialcase_entity=generic)))
25979	sich	0	(mention_id=3215|references=(entity=(entity_id=generic_0234|fullname=Ehepartner der zum dritten Mal heiratet|gender=u|specialcase_entity=generic)))	(mention_id=3271|references=(entity=(entity_id=generic_0057|fullname=eine Person im Allgemeinen|gender=u|specialcase_entity=generic)))
25980	in	0		
25981	ihren	0	(mention_id=3216|references=(entity=(entity_id=generic_0235|fullname=Ehepartner der zum dritten Mal heiratet|gender=u|specialcase_entity=generic)))	(mention_id=3272|references=(entity=(entity_id=generic_0058|fullname=eine Person im Allgemeinen|gender=u|specialcase_entity=generic)))
25982	frühern	0		
25983	Verbindungen	0		
25984	betragen	0		
25985	,	0		
25986	ob	0		
25987	sie	0	(mention_id=3217|references=(entity=(entity_id=generic_0236|fullname=Ehepartner der zum dritten Mal heiratet|gender=u|specialcase_entity=generic)))	(mention_id=3273|references=(entity=(entity_id=generic_0059|fullname=eine Person im Allgemeinen|gender=u|specialcase_entity=generic)))
25988	Eigenheiten	0		
25989	habe	0		
25990	,	0		
25991	die	0		
25992	oft	0		
25993	mehr	0		
25994	zur	0		
25995	Trennung	0		
25996	Anlaß	0		
25997	geben	0		
25998	als	0		
25999	üble	0		
26000	Eigenschaften	0		
26001	.	0		
26002	Man	0	(mention_id=3218|references=(entity=(entity_id=generic_0237|fullname=Ehepartner der zum dritten Mal heiratet|gender=u|specialcase_entity=generic)))	(mention_id=3274|references=(entity=(entity_id=generic_0005|fullname=man im Allgemeinen|gender=u|specialcase_entity=generic)))
26003	habe	0		
26004	sich	0	(mention_id=3219|references=(entity=(entity_id=generic_0238|fullname=Ehepartner der zum dritten Mal heiratet|gender=u|specialcase_entity=generic)))	(mention_id=3275|references=(entity=(entity_id=generic_0006|fullname=man im Allgemeinen|gender=u|specialcase_entity=generic)))
26005	also	0		
26006	wechselseitig	0		
26007	zu	0		
26008	erkundigen	0		
26009	;	0		
26010	man	0	(mention_id=3220|references=(entity=(entity_id=generic_0239|fullname=Ehepartner der zum dritten Mal heiratet|gender=u|specialcase_entity=generic)))	(mention_id=3276|references=(entity=(entity_id=generic_0007|fullname=man im Allgemeinen|gender=u|specialcase_entity=generic)))
26011	habe	0		
26012	ebensogut	0		
26013	auf	0		
26014	Verheiratete	0	(mention_id=3221|references=(entity=(entity_id=entity_0132|fullname=Verheiratete|gender=u|specialcase_entity=group)))	(mention_id=3277|references=(entity=(entity_id=generic_0060|fullname=Verheiratete im Allgemeinen|gender=u|specialcase_entity=generic)))
26015	wie	0		
26016	auf	0		
26017	Unverheiratete	0	(mention_id=3222|references=(entity=(entity_id=entity_0130|fullname=Unverheiratete|gender=u|specialcase_entity=group)))	(mention_id=3278|references=(entity=(entity_id=generic_0061|fullname=Unverheiratete im Allgemeinen|gender=u|specialcase_entity=generic)))
26018	achtzugeben	0		
26019	,	0		
26020	weil	0		
26021	man	0	(mention_id=3223|references=(entity=(entity_id=generic_0240|fullname=Ehepartner der zum dritten Mal heiratet|gender=u|specialcase_entity=generic)))	
26022	nicht	0		
26023	wisse	0		
26024	,	0		
26025	wie	0		
26026	die	0		
26027	Fälle	0		
26028	kommen	0		
26029	können	0		
26030	.	0		
26031	«	0		
26032	»	0		
26033	Das	0		
26034	würde	0		
26035	freilich	0		
26036	das	0		
26037	Interesse	0		
26038	der	0		
26039	Gesellschaft	0	(mention_id=3224|references=(entity=(entity_id=generic_0241|fullname=Gesellschaft insgesamt|gender=u|specialcase_entity=generic)))	
26040	sehr	0		
26041	vermehren	0		
26042	,	0		
26043	«	0		
26044	sagte	0		
26045	Eduard	0	(mention_id=3225|references=(entity=(entity_id=entity_0001|fullname=Eduard|gender=m)))	(mention_id=3279|references=(entity=(entity_id=3|fullname=Eduard|gender=m)))
26046	;	0		
26047	»	0		
26048	denn	0		
26049	in	0		
26050	der	0		
26051	Tat	0		
26052	jetzt	0		
26053	,	0		
26054	wenn	0		
26055	wir	0	(mention_id=3226|references=(entity=(entity_id=entity_0001|fullname=Eduard|gender=m)),(entity=(entity_id=entity_0002|fullname=Charlotte|gender=f)))	(mention_id=3280|references=(entity=(entity_id=3|fullname=Eduard|gender=m)),(entity=(entity_id=2|fullname=Charlotte|gender=f)))
26056	verheiratet	0		
26057	sind	0		
26058	,	0		
26059	fragt	0		
26060	niemand	0		
26061	weiter	0		
26062	mehr	0		
26063	nach	0		
26064	unsern	0	(mention_id=3227|references=(entity=(entity_id=entity_0001|fullname=Eduard|gender=m)),(entity=(entity_id=entity_0002|fullname=Charlotte|gender=f)))	(mention_id=3281|references=(entity=(entity_id=3|fullname=Eduard|gender=m)),(entity=(entity_id=2|fullname=Charlotte|gender=f)))
26065	Tugenden	0		
26066	noch	0		
26067	unsern	0	(mention_id=3228|references=(entity=(entity_id=entity_0001|fullname=Eduard|gender=m)),(entity=(entity_id=entity_0002|fullname=Charlotte|gender=f)))	(mention_id=3282|references=(entity=(entity_id=3|fullname=Eduard|gender=m)),(entity=(entity_id=2|fullname=Charlotte|gender=f)))
26068	Mängeln	0		
26069	.	0		
26070	«	0		
26071	»	0		
26072	Bei	0		
26073	einer	0		
26074	solchen	0		
26075	Einrichtung	0		
26076	«	0		
26077	,	0		
26078	fiel	0		
26079	die	0		
26080	Baronesse	0	(mention_id=3229|references=(entity=(entity_id=entity_0085|fullname=Baronesse|gender=f)))	(mention_id=3283|references=(entity=(entity_id=1|fullname=Baronesse|gender=f)))
26081	lächelnd	0		
26082	ein	0		
26083	,	0		
26084	»	0		
26085	hätten	0		
26086	unsere	0	(mention_id=3230|references=(entity=(entity_id=entity_0085|fullname=Baronesse|gender=f)))	(mention_id=3284|references=(entity=(entity_id=1|fullname=Baronesse|gender=f)),(entity=(entity_id=12|fullname=Graf|gender=m)))
26087	lieben	0		
26088	Wirte	0	(mention_id=3231|references=(entity=(entity_id=entity_0002|fullname=Charlotte|gender=f)),(entity=(entity_id=entity_0001|fullname=Eduard|gender=m)))	(mention_id=3285|references=(entity=(entity_id=3|fullname=Eduard|gender=m)),(entity=(entity_id=2|fullname=Charlotte|gender=f)))
26089	schon	0		
26090	zwei	0		
26091	Stufen	0		
26092	glücklich	0		
26093	überstiegen	0		
26094	und	0		
26095	könnten	0		
26096	sich	0	(mention_id=3232|references=(entity=(entity_id=entity_0002|fullname=Charlotte|gender=f)),(entity=(entity_id=entity_0001|fullname=Eduard|gender=m)))	(mention_id=3286|references=(entity=(entity_id=3|fullname=Eduard|gender=m)),(entity=(entity_id=2|fullname=Charlotte|gender=f)))
26097	zu	0		
26098	der	0		
26099	dritten	0		
26100	vorbereiten	0		
26101	.	0		
26102	«	0		
26103	»	0		
26104	Ihnen	0	(mention_id=3233|references=(entity=(entity_id=entity_0002|fullname=Charlotte|gender=f)),(entity=(entity_id=entity_0001|fullname=Eduard|gender=m)))	(mention_id=3287|references=(entity=(entity_id=3|fullname=Eduard|gender=m)),(entity=(entity_id=2|fullname=Charlotte|gender=f)))
26105	ists	0		
26106	wohl	0		
26107	geraten	0		
26108	,	0		
26109	«	0		
26110	sagte	0		
26111	der	0		
26112	Graf	0	(mention_id=3234|references=(entity=(entity_id=entity_0086|fullname=Graf|gender=m)))	(mention_id=3288|references=(entity=(entity_id=12|fullname=Graf|gender=m)))
26113	;	0		
26114	»	0		
26115	hier	0		
26116	hat	0		
26117	der	0		
26118	Tod	0		
26119	willig	0		
26120	getan	0		
26121	,	0		
26122	was	0		
26123	die	0		
26124	Konsistorien	0		
26125	sonst	0		
26126	nur	0		
26127	ungern	0		
26128	zu	0		
26129	tun	0		
26130	pflegen	0		
26131	.	0		
26132	«	0		
26133	»	0		
26134	Lassen	0		
26135	wir	0	(mention_id=3235|references=(entity=(entity_id=entity_0002|fullname=Charlotte|gender=f)),(entity=(entity_id=entity_0086|fullname=Graf|gender=m)))	(mention_id=3289|references=(entity=(entity_id=26|fullname=die Gesellschaft im Haus|gender=mf|specialcase_entity=group)))
26136	die	0		
26137	Toten	0	(mention_id=3236|references=(entity=(entity_id=entity_0015|fullname=Charlottes erster Mann|gender=m)),(entity=(entity_id=entity_0012|fullname=Eduards erste Frau|gender=f)))	(mention_id=3290|references=(entity=(entity_id=27|fullname=die verstorbenen Ehepartner|gender=mf|specialcase_entity=group)))
26138	ruhen	0		
26139	,	0		
26140	«	0		
26141	versetzte	0		
26142	Charlotte	0	(mention_id=3237|references=(entity=(entity_id=entity_0002|fullname=Charlotte|gender=f)))	(mention_id=3291|references=(entity=(entity_id=2|fullname=Charlotte|gender=f)))
26143	mit	0		
26144	einem	0		
26145	halb	0		
26146	ernsten	0		
26147	Blicke	0		
26148	.	0		
26149	»	0		
26150	Warum	0		
26151	?	0		
26152	«	0		
26153	versetzte	0		
26154	der	0		
26155	Graf	0	(mention_id=3238|references=(entity=(entity_id=entity_0086|fullname=Graf|gender=m)))	(mention_id=3292|references=(entity=(entity_id=12|fullname=Graf|gender=m)))
26156	,	0		
26157	»	0		
26158	da	0		
26159	man	0		
26160	ihrer	0	(mention_id=3239|references=(entity=(entity_id=entity_0012|fullname=Eduards erste Frau|gender=f)),(entity=(entity_id=entity_0015|fullname=Charlottes erster Mann|gender=m)))	(mention_id=3293|references=(entity=(entity_id=27|fullname=die verstorbenen Ehepartner|gender=mf|specialcase_entity=group)))
26161	in	0		
26162	Ehren	0		
26163	gedenken	0		
26164	kann	0		
26165	.	0		
26166	Sie	0	(mention_id=3240|references=(entity=(entity_id=entity_0012|fullname=Eduards erste Frau|gender=f)),(entity=(entity_id=entity_0015|fullname=Charlottes erster Mann|gender=m)))	(mention_id=3294|references=(entity=(entity_id=27|fullname=die verstorbenen Ehepartner|gender=mf|specialcase_entity=group)))
26167	waren	0		
26168	bescheiden	0		
26169	genug	0		
26170	,	0		
26171	sich	0	(mention_id=3241|references=(entity=(entity_id=entity_0015|fullname=Charlottes erster Mann|gender=m)),(entity=(entity_id=entity_0012|fullname=Eduards erste Frau|gender=f)))	(mention_id=3295|references=(entity=(entity_id=27|fullname=die verstorbenen Ehepartner|gender=mf|specialcase_entity=group)))
26172	mit	0		
26173	einigen	0		
26174	Jahren	0		
26175	zu	0		
26176	begnügen	0		
26177	für	0		
26178	mannigfaltiges	0		
26179	Gute	0		
26180	,	0		
26181	das	0		
26182	sie	0	(mention_id=3242|references=(entity=(entity_id=entity_0015|fullname=Charlottes erster Mann|gender=m)),(entity=(entity_id=entity_0012|fullname=Eduards erste Frau|gender=f)))	(mention_id=3296|references=(entity=(entity_id=27|fullname=die verstorbenen Ehepartner|gender=mf|specialcase_entity=group)))
26183	zurückließen	0		
26184	.	0		
26185	«	0		
26186	»	0		
26187	Wenn	0		
26188	nur	0		
26189	nicht	0		
26190	gerade	0		
26191	«	0		
26192	,	0		
26193	sagte	0		
26194	die	0		
26195	Baronesse	0	(mention_id=3243|references=(entity=(entity_id=entity_0085|fullname=Baronesse|gender=f)))	(mention_id=3297|references=(entity=(entity_id=1|fullname=Baronesse|gender=f)))
26196	mit	0		
26197	einem	0		
26198	verhaltenen	0		
26199	Seufzer	0		
26200	,	0		
26201	»	0		
26202	in	0		
26203	solchen	0		
26204	Fällen	0		
26205	das	0		
26206	Opfer	0		
26207	der	0		
26208	besten	0		
26209	Jahre	0		
26210	gebracht	0		
26211	werden	0		
26212	müßte	0		
26213	!	0		
26214	«	0		
26215	»	0		
26216	Jawohl	0		
26217	,	0		
26218	«	0		
26219	versetzte	0		
26220	der	0		
26221	Graf	0	(mention_id=3244|references=(entity=(entity_id=entity_0086|fullname=Graf|gender=m)))	(mention_id=3298|references=(entity=(entity_id=12|fullname=Graf|gender=m)))
26222	,	0		
26223	»	0		
26224	man	0		
26225	müßte	0		
26226	darüber	0		
26227	verzweifeln	0		
26228	,	0		
26229	wenn	0		
26230	nicht	0		
26231	überhaupt	0		
26232	in	0		
26233	der	0		
26234	Welt	0		
26235	so	0		
26236	weniges	0		
26237	eine	0		
26238	gehoffte	0		
26239	Folge	0		
26240	zeigte	0		
26241	.	0		
26242	Kinder	0	(mention_id=3245|references=(entity=(entity_id=generic_0242|fullname=Kinder im Allgemeinen|gender=u|specialcase_entity=generic)))	(mention_id=3299|references=(entity=(entity_id=generic_0062|fullname=Kinder im Allgemeinen|gender=u|specialcase_entity=generic)))
26243	halten	0		
26244	nicht	0		
26245	,	0		
26246	was	0		
26247	sie	0	(mention_id=3246|references=(entity=(entity_id=generic_0243|fullname=Kinder im Allgemeinen|gender=u|specialcase_entity=generic)))	(mention_id=3300|references=(entity=(entity_id=generic_0063|fullname=Kinder im Allgemeinen|gender=u|specialcase_entity=generic)))
26248	versprechen	0		
26249	,	0		
26250	junge	0		
26251	Leute	0	(mention_id=3247|references=(entity=(entity_id=generic_0244|fullname=junge Leute im Allgemeinen|gender=u|specialcase_entity=generic)))	(mention_id=3301|references=(entity=(entity_id=generic_0064|fullname=junge Leute im Allgemeinen|gender=u|specialcase_entity=generic)))
26252	sehr	0		
26253	selten	0		
26254	,	0		
26255	und	0		
26256	wenn	0		
26257	sie	0	(mention_id=3248|references=(entity=(entity_id=generic_0245|fullname=junge Leute im Allgemeinen|gender=u|specialcase_entity=generic)))	(mention_id=3302|references=(entity=(entity_id=generic_0065|fullname=junge Leute im Allgemeinen|gender=u|specialcase_entity=generic)))
26258	Wort	0		
26259	halten	0		
26260	,	0		
26261	hält	0		
26262	es	0		
26263	ihnen	0	(mention_id=3249|references=(entity=(entity_id=generic_0246|fullname=junge Leute im Allgemeinen|gender=u|specialcase_entity=generic)))	(mention_id=3303|references=(entity=(entity_id=generic_0066|fullname=junge Leute im Allgemeinen|gender=u|specialcase_entity=generic)))
26264	die	0		
26265	Welt	0		
26266	nicht	0		
26267	.	0		
26268	«	0		
26269	Charlotte	0	(mention_id=3250|references=(entity=(entity_id=entity_0002|fullname=Charlotte|gender=f)))	(mention_id=3304|references=(entity=(entity_id=2|fullname=Charlotte|gender=f)))
26270	,	0		
26271	welche	0	(mention_id=3251|references=(entity=(entity_id=entity_0002|fullname=Charlotte|gender=f)))	(mention_id=3305|references=(entity=(entity_id=2|fullname=Charlotte|gender=f)))
26272	froh	0		
26273	war	0		
26274	,	0		
26275	daß	0		
26276	das	0		
26277	Gespräch	0		
26278	sich	0		
26279	wendete	0		
26280	,	0		
26281	versetzte	0		
26282	heiter	0		
26283	:	0		
26284	»	0		
26285	Nun	0		
26286	!	0		
26287	wir	0	(mention_id=3252|references=(entity=(entity_id=entity_0002|fullname=Charlotte|gender=f)))	(mention_id=3306|references=(entity=(entity_id=generic_0023|fullname=wir im Allgemeinen|gender=u|specialcase_entity=generic)))
26288	müssen	0		
26289	uns	0	(mention_id=3253|references=(entity=(entity_id=entity_0002|fullname=Charlotte|gender=f)))	(mention_id=3307|references=(entity=(entity_id=generic_0024|fullname=wir im Allgemeinen|gender=u|specialcase_entity=generic)))
26290	ja	0		
26291	ohnehin	0		
26292	bald	0		
26293	genug	0		
26294	gewöhnen	0		
26295	,	0		
26296	das	0		
26297	Gute	0		
26298	stück-	0		
26299	und	0		
26300	teilweise	0		
26301	zu	0		
26302	genießen	0		
26303	.	0		
26304	«	0		
26305	»	0		
26306	Gewiß	0		
26307	,	0		
26308	«	0		
26309	versetzte	0		
26310	der	0		
26311	Graf	0	(mention_id=3254|references=(entity=(entity_id=entity_0086|fullname=Graf|gender=m)))	(mention_id=3308|references=(entity=(entity_id=12|fullname=Graf|gender=m)))
26312	,	0		
26313	»	0		
26314	Sie	0	(mention_id=3255|references=(entity=(entity_id=entity_0002|fullname=Charlotte|gender=f)))	(mention_id=3309|references=(entity=(entity_id=2|fullname=Charlotte|gender=f)))
26315	haben	0		
26316	beide	0	(mention_id=3256|references=(entity=(entity_id=entity_0002|fullname=Charlotte|gender=f)),(entity=(entity_id=entity_0001|fullname=Eduard|gender=m)))	(mention_id=3310|references=(entity=(entity_id=3|fullname=Eduard|gender=m)),(entity=(entity_id=2|fullname=Charlotte|gender=f)))
26317	sehr	0		
26318	schöner	0		
26319	Zeiten	0		
26320	genossen	0		
26321	.	0		
26322	Wenn	0		
26323	ich	0	(mention_id=3257|references=(entity=(entity_id=entity_0086|fullname=Graf|gender=m)))	(mention_id=3311|references=(entity=(entity_id=12|fullname=Graf|gender=m)))
26324	mir	0	(mention_id=3258|references=(entity=(entity_id=entity_0086|fullname=Graf|gender=m)))	(mention_id=3312|references=(entity=(entity_id=12|fullname=Graf|gender=m)))
26325	die	0		
26326	Jahre	0		
26327	zurückerinnere	0		
26328	,	0		
26329	da	0		
26330	Sie	0	(mention_id=3259|references=(entity=(entity_id=entity_0002|fullname=Charlotte|gender=f)))	(mention_id=3313|references=(entity=(entity_id=2|fullname=Charlotte|gender=f)))
26331	und	0		
26332	Eduard	0	(mention_id=3260|references=(entity=(entity_id=entity_0001|fullname=Eduard|gender=m)))	(mention_id=3314|references=(entity=(entity_id=3|fullname=Eduard|gender=m)))
26333	das	0		
26334	schönste	0		
26335	Paar	0	(mention_id=3261|references=(entity=(entity_id=entity_0002|fullname=Charlotte|gender=f)),(entity=(entity_id=entity_0001|fullname=Eduard|gender=m)))	(mention_id=3315|references=(entity=(entity_id=3|fullname=Eduard|gender=m)),(entity=(entity_id=2|fullname=Charlotte|gender=f)))
26336	bei	0		
26337	Hof	0		
26338	waren	0		
26339	;	0		
26340	weder	0		
26341	von	0		
26342	so	0		
26343	glänzenden	0		
26344	Zeiten	0		
26345	noch	0		
26346	von	0		
26347	so	0		
26348	hervorleuchtenden	0		
26349	Gestalten	0	(mention_id=3262|references=(entity=(entity_id=entity_0002|fullname=Charlotte|gender=f)),(entity=(entity_id=entity_0001|fullname=Eduard|gender=m)))	
26350	ist	0		
26351	jetzt	0		
26352	die	0		
26353	Rede	0		
26354	mehr	0		
26355	.	0		
26356	Wenn	0		
26357	Sie	0	(mention_id=3263|references=(entity=(entity_id=entity_0002|fullname=Charlotte|gender=f)))	(mention_id=3316|references=(entity=(entity_id=2|fullname=Charlotte|gender=f)))
26358	beide	0	(mention_id=3264|references=(entity=(entity_id=entity_0002|fullname=Charlotte|gender=f)),(entity=(entity_id=entity_0001|fullname=Eduard|gender=m)))	(mention_id=3317|references=(entity=(entity_id=3|fullname=Eduard|gender=m)),(entity=(entity_id=2|fullname=Charlotte|gender=f)))
26359	zusammen	0		
26360	tanzten	0		
26361	,	0		
26362	aller	0		
26363	Augen	0		
26364	waren	0		
26365	auf	0		
26366	Sie	0	(mention_id=3265|references=(entity=(entity_id=entity_0002|fullname=Charlotte|gender=f)),(entity=(entity_id=entity_0001|fullname=Eduard|gender=m)))	(mention_id=3318|references=(entity=(entity_id=3|fullname=Eduard|gender=m)),(entity=(entity_id=2|fullname=Charlotte|gender=f)))
26367	gerichtet	0		
26368	,	0		
26369	und	0		
26370	wie	0		
26371	umworben	0		
26372	beide	0	(mention_id=3266|references=(entity=(entity_id=entity_0002|fullname=Charlotte|gender=f)),(entity=(entity_id=entity_0001|fullname=Eduard|gender=m)))	(mention_id=3319|references=(entity=(entity_id=3|fullname=Eduard|gender=m)),(entity=(entity_id=2|fullname=Charlotte|gender=f)))
26373	,	0		
26374	indem	0		
26375	Sie	0	(mention_id=3267|references=(entity=(entity_id=entity_0002|fullname=Charlotte|gender=f)),(entity=(entity_id=entity_0001|fullname=Eduard|gender=m)))	(mention_id=3320|references=(entity=(entity_id=3|fullname=Eduard|gender=m)),(entity=(entity_id=2|fullname=Charlotte|gender=f)))
26376	sich	0	(mention_id=3268|references=(entity=(entity_id=entity_0002|fullname=Charlotte|gender=f)),(entity=(entity_id=entity_0001|fullname=Eduard|gender=m)))	(mention_id=3321|references=(entity=(entity_id=3|fullname=Eduard|gender=m)),(entity=(entity_id=2|fullname=Charlotte|gender=f)))
26377	nur	0		
26378	ineinander	0		
26379	bespiegelten	0		
26380	!	0		
26381	«	0		
26382	»	0		
26383	Da	0		
26384	sich	0		
26385	so	0		
26386	manches	0		
26387	verändert	0		
26388	hat	0		
26389	,	0		
26390	«	0		
26391	sagte	0		
26392	Charlotte	0	(mention_id=3269|references=(entity=(entity_id=entity_0002|fullname=Charlotte|gender=f)))	(mention_id=3322|references=(entity=(entity_id=2|fullname=Charlotte|gender=f)))
26393	,	0		
26394	»	0		
26395	können	0		
26396	wir	0	(mention_id=3270|references=(entity=(entity_id=entity_0002|fullname=Charlotte|gender=f)),(entity=(entity_id=entity_0001|fullname=Eduard|gender=m)))	(mention_id=3323|references=(entity=(entity_id=3|fullname=Eduard|gender=m)),(entity=(entity_id=2|fullname=Charlotte|gender=f)))
26397	wohl	0		
26398	soviel	0		
26399	Schönes	0		
26400	mit	0		
26401	Bescheidenheit	0		
26402	anhören	0		
26403	.	0		
26404	«	0		
26405	»	0		
26406	Eduarden	0	(mention_id=3271|references=(entity=(entity_id=entity_0001|fullname=Eduard|gender=m)))	(mention_id=3324|references=(entity=(entity_id=3|fullname=Eduard|gender=m)))
26407	habe	0		
26408	ich	0	(mention_id=3272|references=(entity=(entity_id=entity_0086|fullname=Graf|gender=m)))	(mention_id=3325|references=(entity=(entity_id=12|fullname=Graf|gender=m)))
26409	doch	0		
26410	oft	0		
26411	im	0		
26412	stillen	0		
26413	getadelt	0		
26414	,	0		
26415	«	0		
26416	sagte	0		
26417	der	0		
26418	Graf	0	(mention_id=3273|references=(entity=(entity_id=entity_0086|fullname=Graf|gender=m)))	(mention_id=3326|references=(entity=(entity_id=12|fullname=Graf|gender=m)))
26419	,	0		
26420	»	0		
26421	daß	0		
26422	er	0	(mention_id=3274|references=(entity=(entity_id=entity_0001|fullname=Eduard|gender=m)))	(mention_id=3327|references=(entity=(entity_id=3|fullname=Eduard|gender=m)))
26423	nicht	0		
26424	beharrlicher	0		
26425	war	0		
26426	;	0		
26427	denn	0		
26428	am	0		
26429	Ende	0		
26430	hätten	0		
26431	seine	0	(mention_id=3275|references=(entity=(entity_id=entity_0001|fullname=Eduard|gender=m)))	(mention_id=3328|references=(entity=(entity_id=3|fullname=Eduard|gender=m)))
26432	wunderlichen	0		
26433	Eltern	0	(mention_id=3276|references=(entity=(entity_id=entity_0028|fullname=Eduards Eltern|gender=mf|members=entity_0013,entity_0014|all_members_given=True|specialcase_entity=group)))	(mention_id=3329|references=(entity=(entity_id=6|fullname=Eltern von Eduard|gender=mf|specialcase_entity=group)))
26434	wohl	0		
26435	nachgegeben	0		
26436	;	0		
26437	und	0		
26438	zehn	0		
26439	frühe	0		
26440	Jahre	0		
26441	gewinnen	0		
26442	ist	0		
26443	keine	0		
26444	Kleinigkeit	0		
26445	.	0		
26446	«	0		
26447	»	0		
26448	Ich	0	(mention_id=3277|references=(entity=(entity_id=entity_0085|fullname=Baronesse|gender=f)))	(mention_id=3330|references=(entity=(entity_id=1|fullname=Baronesse|gender=f)))
26449	muß	0		
26450	mich	0	(mention_id=3278|references=(entity=(entity_id=entity_0085|fullname=Baronesse|gender=f)))	(mention_id=3331|references=(entity=(entity_id=1|fullname=Baronesse|gender=f)))
26451	seiner	0	(mention_id=3279|references=(entity=(entity_id=entity_0001|fullname=Eduard|gender=m)))	(mention_id=3332|references=(entity=(entity_id=3|fullname=Eduard|gender=m)))
26452	annehmen	0		
26453	,	0		
26454	«	0		
26455	fiel	0		
26456	die	0		
26457	Baronesse	0	(mention_id=3280|references=(entity=(entity_id=entity_0085|fullname=Baronesse|gender=f)))	(mention_id=3333|references=(entity=(entity_id=1|fullname=Baronesse|gender=f)))
26458	ein	0		
26459	.	0		
26460	»	0		
26461	Charlotte	0	(mention_id=3281|references=(entity=(entity_id=entity_0002|fullname=Charlotte|gender=f)))	(mention_id=3334|references=(entity=(entity_id=2|fullname=Charlotte|gender=f)))
26462	war	0		
26463	nicht	0		
26464	ganz	0		
26465	ohne	0		
26466	Schuld	0		
26467	,	0		
26468	nicht	0		
26469	ganz	0		
26470	rein	0		
26471	von	0		
26472	allem	0		
26473	Umhersehen	0		
26474	,	0		
26475	und	0		
26476	ob	0		
26477	sie	0	(mention_id=3282|references=(entity=(entity_id=entity_0002|fullname=Charlotte|gender=f)))	(mention_id=3335|references=(entity=(entity_id=2|fullname=Charlotte|gender=f)))
26478	gleich	0		
26479	Eduarden	0	(mention_id=3283|references=(entity=(entity_id=entity_0001|fullname=Eduard|gender=m)))	(mention_id=3336|references=(entity=(entity_id=3|fullname=Eduard|gender=m)))
26480	von	0		
26481	Herzen	0		
26482	liebte	0		
26483	und	0		
26484	sich	0	(mention_id=3284|references=(entity=(entity_id=entity_0002|fullname=Charlotte|gender=f)))	(mention_id=3337|references=(entity=(entity_id=2|fullname=Charlotte|gender=f)))
26485	ihn	0	(mention_id=3285|references=(entity=(entity_id=entity_0001|fullname=Eduard|gender=m)))	(mention_id=3338|references=(entity=(entity_id=3|fullname=Eduard|gender=m)))
26486	auch	0		
26487	heimlich	0		
26488	zum	0		
26489	Gatten	0	(mention_id=3286|references=(entity=(entity_id=entity_0001|fullname=Eduard|gender=m)))	(mention_id=3339|references=(entity=(entity_id=3|fullname=Eduard|gender=m)))
26490	bestimmte	0		
26491	,	0		
26492	so	0		
26493	war	0		
26494	ich	0	(mention_id=3287|references=(entity=(entity_id=entity_0085|fullname=Baronesse|gender=f)))	(mention_id=3340|references=(entity=(entity_id=1|fullname=Baronesse|gender=f)))
26495	doch	0		
26496	Zeuge	0		
26497	,	0		
26498	wie	0		
26499	sehr	0		
26500	sie	0	(mention_id=3288|references=(entity=(entity_id=entity_0002|fullname=Charlotte|gender=f)))	(mention_id=3341|references=(entity=(entity_id=2|fullname=Charlotte|gender=f)))
26501	ihn	0	(mention_id=3289|references=(entity=(entity_id=entity_0001|fullname=Eduard|gender=m)))	(mention_id=3342|references=(entity=(entity_id=3|fullname=Eduard|gender=m)))
26502	manchmal	0		
26503	quälte	0		
26504	,	0		
26505	so	0		
26506	daß	0		
26507	man	0		
26508	ihn	0	(mention_id=3290|references=(entity=(entity_id=entity_0001|fullname=Eduard|gender=m)))	(mention_id=3343|references=(entity=(entity_id=3|fullname=Eduard|gender=m)))
26509	leicht	0		
26510	zu	0		
26511	dem	0		
26512	unglücklichen	0		
26513	Entschluß	0		
26514	drängen	0		
26515	konnte	0		
26516	,	0		
26517	zu	0		
26518	reisen	0		
26519	,	0		
26520	sich	0	(mention_id=3291|references=(entity=(entity_id=entity_0001|fullname=Eduard|gender=m)))	(mention_id=3344|references=(entity=(entity_id=3|fullname=Eduard|gender=m)))
26521	zu	0		
26522	entfernen	0		
26523	,	0		
26524	sich	0	(mention_id=3292|references=(entity=(entity_id=entity_0001|fullname=Eduard|gender=m)))	(mention_id=3345|references=(entity=(entity_id=3|fullname=Eduard|gender=m)))
26525	von	0		
26526	ihr	0	(mention_id=3293|references=(entity=(entity_id=entity_0002|fullname=Charlotte|gender=f)))	(mention_id=3346|references=(entity=(entity_id=2|fullname=Charlotte|gender=f)))
26527	zu	0		
26528	entwöhnen	0		
26529	.	0		
26530	«	0		
26531	Eduard	0	(mention_id=3294|references=(entity=(entity_id=entity_0001|fullname=Eduard|gender=m)))	(mention_id=3347|references=(entity=(entity_id=3|fullname=Eduard|gender=m)))
26532	nickte	0		
26533	der	0		
26534	Baronesse	0	(mention_id=3295|references=(entity=(entity_id=entity_0085|fullname=Baronesse|gender=f)))	(mention_id=3348|references=(entity=(entity_id=1|fullname=Baronesse|gender=f)))
26535	zu	0		
26536	und	0		
26537	schien	0		
26538	dankbar	0		
26539	für	0		
26540	ihre	0	(mention_id=3296|references=(entity=(entity_id=entity_0085|fullname=Baronesse|gender=f)))	(mention_id=3349|references=(entity=(entity_id=1|fullname=Baronesse|gender=f)))
26541	Fürsprache	0		
26542	.	0		
26543	»	0		
26544	Und	0		
26545	dann	0		
26546	muß	0		
26547	ich	0	(mention_id=3297|references=(entity=(entity_id=entity_0085|fullname=Baronesse|gender=f)))	(mention_id=3350|references=(entity=(entity_id=1|fullname=Baronesse|gender=f)))
26548	eins	0		
26549	«	0		
26550	,	0		
26551	fuhr	0		
26552	sie	0	(mention_id=3298|references=(entity=(entity_id=entity_0085|fullname=Baronesse|gender=f)))	(mention_id=3351|references=(entity=(entity_id=1|fullname=Baronesse|gender=f)))
26553	fort	0		
26554	,	0		
26555	»	0		
26556	zu	0		
26557	Charlottens	0	(mention_id=3299|references=(entity=(entity_id=entity_0002|fullname=Charlotte|gender=f)))	(mention_id=3352|references=(entity=(entity_id=2|fullname=Charlotte|gender=f)))
26558	Entschuldigung	0		
26559	beifügen	0		
26560	:	0		
26561	der	0		
26562	Mann	0	(mention_id=3300|references=(entity=(entity_id=entity_0015|fullname=Charlottes erster Mann|gender=m)))	(mention_id=3353|references=(entity=(entity_id=35|fullname=erster Gemahl von Charlotte|gender=m)))
26563	,	0		
26564	der	0	(mention_id=3301|references=(entity=(entity_id=entity_0015|fullname=Charlottes erster Mann|gender=m)))	(mention_id=3354|references=(entity=(entity_id=35|fullname=erster Gemahl von Charlotte|gender=m)))
26565	zu	0		
26566	jener	0		
26567	Zeit	0		
26568	um	0		
26569	sie	0	(mention_id=3302|references=(entity=(entity_id=entity_0002|fullname=Charlotte|gender=f)))	(mention_id=3355|references=(entity=(entity_id=2|fullname=Charlotte|gender=f)))
26570	warb	0		
26571	,	0		
26572	hatte	0		
26573	sich	0	(mention_id=3303|references=(entity=(entity_id=entity_0015|fullname=Charlottes erster Mann|gender=m)))	(mention_id=3356|references=(entity=(entity_id=35|fullname=erster Gemahl von Charlotte|gender=m)))
26574	schon	0		
26575	lange	0		
26576	durch	0		
26577	Neigung	0		
26578	zu	0		
26579	ihr	0	(mention_id=3304|references=(entity=(entity_id=entity_0002|fullname=Charlotte|gender=f)))	(mention_id=3357|references=(entity=(entity_id=2|fullname=Charlotte|gender=f)))
26580	ausgezeichnet	0		
26581	und	0		
26582	war	0		
26583	,	0		
26584	wenn	0		
26585	man	0		
26586	ihn	0	(mention_id=3305|references=(entity=(entity_id=entity_0015|fullname=Charlottes erster Mann|gender=m)))	(mention_id=3358|references=(entity=(entity_id=35|fullname=erster Gemahl von Charlotte|gender=m)))
26587	näher	0		
26588	kannte	0		
26589	,	0		
26590	gewiß	0		
26591	liebenswürdiger	0		
26592	,	0		
26593	als	0		
26594	ihr	0	(mention_id=3306|references=(entity=(entity_id=entity_0002|fullname=Charlotte|gender=f)))	(mention_id=3359|references=(entity=(entity_id=3|fullname=Eduard|gender=m)),(entity=(entity_id=12|fullname=Graf|gender=m)))
26595	andern	0		(mention_id=3360|references=(entity=(entity_id=3|fullname=Eduard|gender=m)),(entity=(entity_id=12|fullname=Graf|gender=m)))
26596	gern	0		
26597	zugestehen	0		
26598	mögt	0		
26599	.	0		
26600	«	0		
26601	»	0		
26602	Liebe	0		
26603	Freundin	0	(mention_id=3307|references=(entity=(entity_id=entity_0085|fullname=Baronesse|gender=f)))	(mention_id=3361|references=(entity=(entity_id=1|fullname=Baronesse|gender=f)))
26604	,	0		
26605	«	0		
26606	versetzte	0		
26607	der	0		
26608	Graf	0	(mention_id=3308|references=(entity=(entity_id=entity_0086|fullname=Graf|gender=m)))	(mention_id=3362|references=(entity=(entity_id=12|fullname=Graf|gender=m)))
26609	etwas	0		
26610	lebhaft	0		
26611	,	0		
26612	»	0		
26613	bekennen	0		
26614	wir	0	(mention_id=3309|references=(entity=(entity_id=entity_0086|fullname=Graf|gender=m)),(entity=(entity_id=entity_0085|fullname=Baronesse|gender=f)))	(mention_id=3363|references=(entity=(entity_id=12|fullname=Graf|gender=m)),(entity=(entity_id=1|fullname=Baronesse|gender=f)))
26615	nur	0		
26616	,	0		
26617	daß	0		
26618	er	0	(mention_id=3310|references=(entity=(entity_id=entity_0015|fullname=Charlottes erster Mann|gender=m)))	(mention_id=3364|references=(entity=(entity_id=35|fullname=erster Gemahl von Charlotte|gender=m)))
26619	Ihnen	0	(mention_id=3311|references=(entity=(entity_id=entity_0085|fullname=Baronesse|gender=f)))	(mention_id=3365|references=(entity=(entity_id=1|fullname=Baronesse|gender=f)))
26620	nicht	0		
26621	ganz	0		
26622	gleichgültig	0		
26623	war	0		
26624	,	0		
26625	und	0		
26626	daß	0		
26627	Charlotte	0	(mention_id=3312|references=(entity=(entity_id=entity_0002|fullname=Charlotte|gender=f)))	(mention_id=3366|references=(entity=(entity_id=2|fullname=Charlotte|gender=f)))
26628	von	0		
26629	Ihnen	0	(mention_id=3313|references=(entity=(entity_id=entity_0085|fullname=Baronesse|gender=f)))	(mention_id=3367|references=(entity=(entity_id=1|fullname=Baronesse|gender=f)))
26630	mehr	0		
26631	zu	0		
26632	befürchten	0		
26633	hatte	0		
26634	als	0		
26635	von	0		
26636	einer	0		
26637	andern	0		(mention_id=3368|references=(entity=(entity_id=generic_0067|fullname=eine andere Frau im Allgemeinen|gender=u|specialcase_entity=generic)))
26638	.	0		
26639	Ich	0	(mention_id=3314|references=(entity=(entity_id=entity_0086|fullname=Graf|gender=m)))	(mention_id=3369|references=(entity=(entity_id=12|fullname=Graf|gender=m)))
26640	finde	0		
26641	das	0		
26642	einen	0		
26643	sehr	0		
26644	hübschen	0		
26645	Zug	0		
26646	an	0		
26647	den	0		
26648	Frauen	0	(mention_id=3315|references=(entity=(entity_id=generic_0247|fullname=Frauen im Allgemeinen|gender=u|specialcase_entity=generic)))	(mention_id=3370|references=(entity=(entity_id=generic_0068|fullname=Frauen im Allgemeinen|gender=u|specialcase_entity=generic)))
26649	,	0		
26650	daß	0		
26651	sie	0	(mention_id=3316|references=(entity=(entity_id=generic_0248|fullname=Frauen im Allgemeinen|gender=u|specialcase_entity=generic)))	(mention_id=3371|references=(entity=(entity_id=generic_0069|fullname=Frauen im Allgemeinen|gender=u|specialcase_entity=generic)))
26652	ihre	0	(mention_id=3317|references=(entity=(entity_id=generic_0249|fullname=Frauen im Allgemeinen|gender=u|specialcase_entity=generic)))	(mention_id=3372|references=(entity=(entity_id=generic_0070|fullname=Frauen im Allgemeinen|gender=u|specialcase_entity=generic)))
26653	Anhänglichkeit	0		
26654	an	0		
26655	irgendeinen	0		
26656	Mann	0	(mention_id=3318|references=(entity=(entity_id=generic_0250|fullname=irgendein Mann|gender=u|specialcase_entity=generic)))	(mention_id=3373|references=(entity=(entity_id=generic_0073|fullname=ein Mann im Allgemeinen|gender=u|specialcase_entity=generic)))
26657	solange	0		
26658	noch	0		
26659	fortsetzen	0		
26660	,	0		
26661	ja	0		
26662	durch	0		
26663	keine	0		
26664	Art	0		
26665	von	0		
26666	Trennung	0		
26667	stören	0		
26668	oder	0		
26669	aufheben	0		
26670	lassen	0		
26671	.	0		
26672	«	0		
26673	»	0		
26674	Diese	0		
26675	gute	0		
26676	Eigenschaft	0		
26677	besitzen	0		
26678	vielleicht	0		
26679	die	0		
26680	Männer	0	(mention_id=3319|references=(entity=(entity_id=entity_0129|fullname=Männer|gender=m|specialcase_entity=group)))	(mention_id=3374|references=(entity=(entity_id=generic_0074|fullname=Männer im Allgemeinen|gender=u|specialcase_entity=generic)))
26681	noch	0		
26682	mehr	0		
26683	,	0		
26684	«	0		
26685	versetzte	0		
26686	die	0		
26687	Baronesse	0	(mention_id=3320|references=(entity=(entity_id=entity_0085|fullname=Baronesse|gender=f)))	(mention_id=3375|references=(entity=(entity_id=1|fullname=Baronesse|gender=f)))
26688	;	0		
26689	»	0		
26690	wenigstens	0		
26691	an	0		
26692	Ihnen	0	(mention_id=3321|references=(entity=(entity_id=entity_0086|fullname=Graf|gender=m)))	(mention_id=3376|references=(entity=(entity_id=12|fullname=Graf|gender=m)))
26693	,	0		
26694	lieber	0		
26695	Graf	0	(mention_id=3322|references=(entity=(entity_id=entity_0086|fullname=Graf|gender=m)))	(mention_id=3377|references=(entity=(entity_id=12|fullname=Graf|gender=m)))
26696	,	0		
26697	habe	0		
26698	ich	0	(mention_id=3323|references=(entity=(entity_id=entity_0085|fullname=Baronesse|gender=f)))	(mention_id=3378|references=(entity=(entity_id=1|fullname=Baronesse|gender=f)))
26699	bemerkt	0		
26700	,	0		
26701	daß	0		
26702	niemand	0		
26703	mehr	0		
26704	Gewalt	0		
26705	über	0		
26706	Sie	0	(mention_id=3324|references=(entity=(entity_id=entity_0086|fullname=Graf|gender=m)))	(mention_id=3379|references=(entity=(entity_id=12|fullname=Graf|gender=m)))
26707	hat	0		
26708	als	0		
26709	ein	0		
26710	Frauenzimmer	0	(mention_id=3325|references=(entity=(entity_id=generic_0251|fullname=Frauenzimmer dem der Graf früher geneigt war|gender=u|specialcase_entity=generic)))	(mention_id=3380|references=(entity=(entity_id=30|fullname=eine Frau im Allgemeinen|gender=u)))
26711	,	0		
26712	dem	0	(mention_id=3326|references=(entity=(entity_id=generic_0252|fullname=Frauenzimmer dem der Graf früher geneigt war|gender=u|specialcase_entity=generic)))	(mention_id=3381|references=(entity=(entity_id=30|fullname=eine Frau im Allgemeinen|gender=u)))
26713	Sie	0	(mention_id=3327|references=(entity=(entity_id=entity_0086|fullname=Graf|gender=m)))	(mention_id=3382|references=(entity=(entity_id=12|fullname=Graf|gender=m)))
26714	früher	0		
26715	geneigt	0		
26716	waren	0		
26717	.	0		
26718	So	0		
26719	habe	0		
26720	ich	0	(mention_id=3328|references=(entity=(entity_id=entity_0085|fullname=Baronesse|gender=f)))	(mention_id=3383|references=(entity=(entity_id=1|fullname=Baronesse|gender=f)))
26721	gesehen	0		
26722	,	0		
26723	daß	0		
26724	Sie	0	(mention_id=3329|references=(entity=(entity_id=entity_0086|fullname=Graf|gender=m)))	(mention_id=3384|references=(entity=(entity_id=12|fullname=Graf|gender=m)))
26725	auf	0		
26726	die	0		
26727	Fürsprache	0		
26728	einer	0		
26729	solchen	0	(mention_id=3330|references=(entity=(entity_id=entity_0133|fullname=eine Frau der der Graf früher geneigt war|gender=f)))	(mention_id=3385|references=(entity=(entity_id=30|fullname=eine Frau im Allgemeinen|gender=u)))
26730	sich	0	(mention_id=3331|references=(entity=(entity_id=entity_0086|fullname=Graf|gender=m)))	(mention_id=3386|references=(entity=(entity_id=12|fullname=Graf|gender=m)))
26731	mehr	0		
26732	Mühe	0		
26733	gaben	0		
26734	,	0		
26735	um	0		
26736	etwas	0		
26737	auszuwirken	0		
26738	,	0		
26739	als	0		
26740	vielleicht	0		
26741	die	0		
26742	Freundin	0	(mention_id=3332|references=(entity=(entity_id=entity_0085|fullname=Baronesse|gender=f)))	(mention_id=3387|references=(entity=(entity_id=generic_0014|fullname=eine Freundin im Allgemeinen|gender=u|specialcase_entity=generic)))
26743	des	0		
26744	Augenblicks	0		
26745	von	0		
26746	Ihnen	0	(mention_id=3333|references=(entity=(entity_id=entity_0086|fullname=Graf|gender=m)))	(mention_id=3388|references=(entity=(entity_id=12|fullname=Graf|gender=m)))
26747	erlangt	0		
26748	hätte	0		
26749	.	0		
26750	«	0		
26751	»	0		
26752	Einen	0		
26753	solchen	0		
26754	Vorwurf	0		
26755	darf	0		
26756	man	0		
26757	sich	0		(mention_id=3389|references=(entity=(entity_id=generic_0008|fullname=man im Allgemeinen|gender=u|specialcase_entity=generic)))
26758	wohl	0		
26759	gefallen	0		
26760	lassen	0		
26761	,	0		
26762	«	0		
26763	versetzte	0		
26764	der	0		
26765	Graf	0	(mention_id=3334|references=(entity=(entity_id=entity_0086|fullname=Graf|gender=m)))	(mention_id=3390|references=(entity=(entity_id=12|fullname=Graf|gender=m)))
26766	;	0		
26767	»	0		
26768	doch	0		
26769	was	0		
26770	Charlottens	0	(mention_id=3335|references=(entity=(entity_id=entity_0002|fullname=Charlotte|gender=f)))	(mention_id=3391|references=(entity=(entity_id=2|fullname=Charlotte|gender=f)))
26771	ersten	0		
26772	Gemahl	0	(mention_id=3336|references=(entity=(entity_id=entity_0015|fullname=Charlottes erster Mann|gender=m)))	(mention_id=3392|references=(entity=(entity_id=35|fullname=erster Gemahl von Charlotte|gender=m)))
26773	betrifft	0		
26774	,	0		
26775	so	0		
26776	konnte	0		
26777	ich	0	(mention_id=3337|references=(entity=(entity_id=entity_0086|fullname=Graf|gender=m)))	(mention_id=3393|references=(entity=(entity_id=12|fullname=Graf|gender=m)))
26778	ihn	0	(mention_id=3338|references=(entity=(entity_id=entity_0015|fullname=Charlottes erster Mann|gender=m)))	(mention_id=3394|references=(entity=(entity_id=35|fullname=erster Gemahl von Charlotte|gender=m)))
26779	deshalb	0		
26780	nicht	0		
26781	leiden	0		
26782	,	0		
26783	weil	0		
26784	er	0	(mention_id=3339|references=(entity=(entity_id=entity_0015|fullname=Charlottes erster Mann|gender=m)))	(mention_id=3395|references=(entity=(entity_id=35|fullname=erster Gemahl von Charlotte|gender=m)))
26785	mir	0	(mention_id=3340|references=(entity=(entity_id=entity_0086|fullname=Graf|gender=m)))	(mention_id=3396|references=(entity=(entity_id=12|fullname=Graf|gender=m)))
26786	das	0		
26787	schöne	0		
26788	Paar	0	(mention_id=3341|references=(entity=(entity_id=entity_0002|fullname=Charlotte|gender=f)),(entity=(entity_id=entity_0001|fullname=Eduard|gender=m)))	(mention_id=3397|references=(entity=(entity_id=3|fullname=Eduard|gender=m)),(entity=(entity_id=2|fullname=Charlotte|gender=f)))
26789	auseinandersprengte	0		
26790	,	0		
26791	ein	0		
26792	wahrhaft	0		
26793	prädestiniertes	0		
26794	Paar	0	(mention_id=3342|references=(entity=(entity_id=entity_0002|fullname=Charlotte|gender=f)),(entity=(entity_id=entity_0001|fullname=Eduard|gender=m)))	(mention_id=3398|references=(entity=(entity_id=3|fullname=Eduard|gender=m)),(entity=(entity_id=2|fullname=Charlotte|gender=f)))
26795	,	0		
26796	das	0	(mention_id=3343|references=(entity=(entity_id=entity_0002|fullname=Charlotte|gender=f)),(entity=(entity_id=entity_0001|fullname=Eduard|gender=m)))	(mention_id=3399|references=(entity=(entity_id=3|fullname=Eduard|gender=m)),(entity=(entity_id=2|fullname=Charlotte|gender=f)))
26797	,	0		
26798	einmal	0		
26799	zusammengegeben	0		
26800	,	0		
26801	weder	0		
26802	fünf	0		
26803	Jahre	0		
26804	zu	0		
26805	scheuen	0		
26806	,	0		
26807	noch	0		
26808	auf	0		
26809	eine	0		
26810	zweite	0		
26811	oder	0		
26812	gar	0		
26813	dritte	0		
26814	Verbindung	0		
26815	hinzusehen	0		
26816	brauchte	0		
26817	.	0		
26818	«	0		
26819	»	0		
26820	Wir	0	(mention_id=3344|references=(entity=(entity_id=entity_0002|fullname=Charlotte|gender=f)),(entity=(entity_id=entity_0001|fullname=Eduard|gender=m)))	(mention_id=3400|references=(entity=(entity_id=3|fullname=Eduard|gender=m)),(entity=(entity_id=2|fullname=Charlotte|gender=f)))
26821	wollen	0		
26822	versuchen	0		
26823	«	0		
26824	,	0		
26825	sagte	0		
26826	Charlotte	0	(mention_id=3345|references=(entity=(entity_id=entity_0002|fullname=Charlotte|gender=f)))	(mention_id=3401|references=(entity=(entity_id=2|fullname=Charlotte|gender=f)))
26827	,	0		
26828	»	0		
26829	wieder	0		
26830	einzubringen	0		
26831	,	0		
26832	was	0		
26833	wir	0	(mention_id=3346|references=(entity=(entity_id=entity_0002|fullname=Charlotte|gender=f)),(entity=(entity_id=entity_0001|fullname=Eduard|gender=m)))	(mention_id=3402|references=(entity=(entity_id=3|fullname=Eduard|gender=m)),(entity=(entity_id=2|fullname=Charlotte|gender=f)))
26834	versäumt	0		
26835	haben	0		
26836	.	0		
26837	«	0		
26838	»	0		
26839	Da	0		
26840	müssen	0		
26841	Sie	0	(mention_id=3347|references=(entity=(entity_id=entity_0002|fullname=Charlotte|gender=f)),(entity=(entity_id=entity_0001|fullname=Eduard|gender=m)))	(mention_id=3403|references=(entity=(entity_id=3|fullname=Eduard|gender=m)),(entity=(entity_id=2|fullname=Charlotte|gender=f)))
26842	sich	0	(mention_id=3348|references=(entity=(entity_id=entity_0002|fullname=Charlotte|gender=f)),(entity=(entity_id=entity_0001|fullname=Eduard|gender=m)))	(mention_id=3404|references=(entity=(entity_id=3|fullname=Eduard|gender=m)),(entity=(entity_id=2|fullname=Charlotte|gender=f)))
26843	dazuhalten	0		
26844	,	0		
26845	«	0		
26846	sagte	0		
26847	der	0		
26848	Graf	0	(mention_id=3349|references=(entity=(entity_id=entity_0086|fullname=Graf|gender=m)))	(mention_id=3405|references=(entity=(entity_id=12|fullname=Graf|gender=m)))
26849	.	0		
26850	»	0		
26851	Ihre	0	(mention_id=3350|references=(entity=(entity_id=entity_0002|fullname=Charlotte|gender=f)),(entity=(entity_id=entity_0001|fullname=Eduard|gender=m)))	(mention_id=3406|references=(entity=(entity_id=3|fullname=Eduard|gender=m)),(entity=(entity_id=2|fullname=Charlotte|gender=f)))
26852	ersten	0		
26853	Heiraten	0		
26854	«	0		
26855	,	0		
26856	fuhr	0		
26857	er	0	(mention_id=3351|references=(entity=(entity_id=entity_0086|fullname=Graf|gender=m)))	(mention_id=3407|references=(entity=(entity_id=12|fullname=Graf|gender=m)))
26858	mit	0		
26859	einiger	0		
26860	Heftigkeit	0		
26861	fort	0		
26862	,	0		
26863	»	0		
26864	waren	0		
26865	doch	0		
26866	so	0		
26867	eigentlich	0		
26868	rechte	0		
26869	Heiraten	0		
26870	von	0		
26871	der	0		
26872	verhaßten	0		
26873	Art	0		
26874	,	0		
26875	und	0		
26876	leider	0		
26877	haben	0		
26878	überhaupt	0		
26879	die	0		
26880	Heiraten	0		
26881	–	0		
26882	verzeihen	0		
26883	Sie	0	(mention_id=3352|references=(entity=(entity_id=entity_0002|fullname=Charlotte|gender=f)),(entity=(entity_id=entity_0001|fullname=Eduard|gender=m)))	(mention_id=3408|references=(entity=(entity_id=3|fullname=Eduard|gender=m)),(entity=(entity_id=2|fullname=Charlotte|gender=f)))
26884	mir	0	(mention_id=3353|references=(entity=(entity_id=entity_0086|fullname=Graf|gender=m)))	(mention_id=3409|references=(entity=(entity_id=12|fullname=Graf|gender=m)))
26885	einen	0		
26886	lebhafteren	0		
26887	Ausdruck	0		
26888	–	0		
26889	etwas	0		
26890	Tölpelhaftes	0		
26891	;	0		
26892	sie	0		
26893	verderben	0		
26894	die	0		
26895	zartesten	0		
26896	Verhältnisse	0		
26897	,	0		
26898	und	0		
26899	es	0		
26900	liegt	0		
26901	doch	0		
26902	eigentlich	0		
26903	nur	0		
26904	an	0		
26905	der	0		
26906	plumpen	0		
26907	Sicherheit	0		
26908	,	0		
26909	auf	0		
26910	die	0		
26911	sich	0		
26912	wenigstens	0		
26913	ein	0		
26914	Teil	0		
26915	etwas	0		
26916	zugute	0		
26917	tut	0		
26918	.	0		
26919	Alles	0		
26920	versteht	0		
26921	sich	0		
26922	von	0		
26923	selbst	0		
26924	,	0		
26925	und	0		
26926	man	0	(mention_id=3354|references=(entity=(entity_id=generic_0253|fullname=Ehepartner im Allgemeinen|gender=u|specialcase_entity=generic)))	
26927	scheint	0		
26928	sich	0	(mention_id=3355|references=(entity=(entity_id=generic_0254|fullname=Ehepartner im Allgemeinen|gender=u|specialcase_entity=generic)))	(mention_id=3410|references=(entity=(entity_id=generic_0045|fullname=Ehepartner im Allgemeinen|gender=u|specialcase_entity=generic)))
26929	nur	0		
26930	verbunden	0		
26931	zu	0		
26932	haben	0		
26933	,	0		
26934	damit	0		
26935	eins	0	(mention_id=3356|references=(entity=(entity_id=generic_0255|fullname=Ehepartner im Allgemeinen|gender=u|specialcase_entity=generic)))	(mention_id=3411|references=(entity=(entity_id=generic_0051|fullname=ein Ehepartner im Allgemeinen|gender=u|specialcase_entity=generic)))
26936	wie	0		
26937	das	0		
26938	andere	0	(mention_id=3357|references=(entity=(entity_id=generic_0256|fullname=Ehepartner im Allgemeinen|gender=u|specialcase_entity=generic)))	(mention_id=3412|references=(entity=(entity_id=generic_0052|fullname=ein Ehepartner im Allgemeinen|gender=u|specialcase_entity=generic)))
26939	nunmehr	0		
26940	seiner	0		
26941	Wege	0		
26942	gehe	0		
26943	.	0		
26944	«	0		
26945	In	0		
26946	diesem	0		
26947	Augenblick	0		
26948	machte	0		
26949	Charlotte	0	(mention_id=3358|references=(entity=(entity_id=entity_0002|fullname=Charlotte|gender=f)))	(mention_id=3413|references=(entity=(entity_id=2|fullname=Charlotte|gender=f)))
26950	,	0		
26951	die	0	(mention_id=3359|references=(entity=(entity_id=entity_0002|fullname=Charlotte|gender=f)))	(mention_id=3414|references=(entity=(entity_id=2|fullname=Charlotte|gender=f)))
26952	ein	0		
26953	für	0		
26954	allemal	0		
26955	dies	0		
26956	Gespräch	0		
26957	abbrechen	0		
26958	wollte	0		
26959	,	0		
26960	von	0		
26961	einer	0		
26962	kühnen	0		
26963	Wendung	0		
26964	Gebrauch	0		
26965	;	0		
26966	es	0		
26967	gelang	0		
26968	ihr	0	(mention_id=3360|references=(entity=(entity_id=entity_0002|fullname=Charlotte|gender=f)))	(mention_id=3415|references=(entity=(entity_id=2|fullname=Charlotte|gender=f)))
26969	.	0		
26970	Die	0		
26971	Unterhaltung	0		
26972	ward	0		
26973	allgemeiner	0		
26974	,	0		
26975	die	0		
26976	beiden	0		
26977	Gatten	0	(mention_id=3361|references=(entity=(entity_id=entity_0001|fullname=Eduard|gender=m)),(entity=(entity_id=entity_0002|fullname=Charlotte|gender=f)))	(mention_id=3416|references=(entity=(entity_id=3|fullname=Eduard|gender=m)),(entity=(entity_id=2|fullname=Charlotte|gender=f)))
26978	und	0		
26979	der	0		
26980	Hauptmann	0	(mention_id=3362|references=(entity=(entity_id=entity_0003|fullname=Hauptmann|gender=m|possible_identity_with=entity_0374)))	(mention_id=3417|references=(entity=(entity_id=13|fullname=Hauptmann|gender=m)))
26981	konnten	0		
26982	daran	0		
26983	teilnehmen	0		
26984	;	0		
26985	selbst	0		
26986	Ottilie	0	(mention_id=3363|references=(entity=(entity_id=entity_0006|fullname=Ottilie|gender=f)))	(mention_id=3418|references=(entity=(entity_id=18|fullname=Ottilie|gender=f)))
26987	ward	0		
26988	veranlaßt	0		
26989	sich	0	(mention_id=3364|references=(entity=(entity_id=entity_0006|fullname=Ottilie|gender=f)))	(mention_id=3419|references=(entity=(entity_id=18|fullname=Ottilie|gender=f)))
26990	zu	0		
26991	äußern	0		
26992	,	0		
26993	und	0		
26994	der	0		
26995	Nachtisch	0		
26996	ward	0		
26997	mit	0		
26998	der	0		
26999	besten	0		
27000	Stimmung	0		
27001	genossen	0		
27002	,	0		
27003	woran	0		
27004	der	0		
27005	in	0		
27006	zierlichen	0		
27007	Fruchtkörben	0		
27008	aufgestellte	0		
27009	Obstreichtum	0		
27010	,	0		
27011	die	0		
27012	bunteste	0		
27013	,	0		
27014	in	0		
27015	Prachtgefäßen	0		
27016	schön	0		
27017	verteilte	0		
27018	Blumenfülle	0		
27019	den	0		
27020	vorzüglichsten	0		
27021	Anteil	0		
27022	hatte	0		
27023	.	0		
27024	Auch	0		
27025	die	0		
27026	neuen	0		
27027	Parkanlagen	0		
27028	kamen	0		
27029	zur	0		
27030	Sprache	0		
27031	,	0		
27032	die	0		
27033	man	0		
27034	sogleich	0		
27035	nach	0		
27036	Tische	0		
27037	besuchte	0		
27038	.	0		
27039	Ottilie	0	(mention_id=3365|references=(entity=(entity_id=entity_0006|fullname=Ottilie|gender=f)))	(mention_id=3420|references=(entity=(entity_id=18|fullname=Ottilie|gender=f)))
27040	zog	0		
27041	sich	0	(mention_id=3366|references=(entity=(entity_id=entity_0006|fullname=Ottilie|gender=f)))	(mention_id=3421|references=(entity=(entity_id=18|fullname=Ottilie|gender=f)))
27042	unter	0		
27043	dem	0		
27044	Vorwande	0		
27045	häuslicher	0		
27046	Beschäftigungen	0		
27047	zurück	0		
27048	;	0		
27049	eigentlich	0		
27050	aber	0		
27051	setzte	0		
27052	sie	0	(mention_id=3367|references=(entity=(entity_id=entity_0006|fullname=Ottilie|gender=f)))	(mention_id=3422|references=(entity=(entity_id=18|fullname=Ottilie|gender=f)))
27053	sich	0	(mention_id=3368|references=(entity=(entity_id=entity_0006|fullname=Ottilie|gender=f)))	(mention_id=3423|references=(entity=(entity_id=18|fullname=Ottilie|gender=f)))
27054	nieder	0		
27055	zur	0		
27056	Abschrift	0		
27057	.	0		
27058	Der	0		
27059	Graf	0	(mention_id=3369|references=(entity=(entity_id=entity_0086|fullname=Graf|gender=m)))	(mention_id=3424|references=(entity=(entity_id=12|fullname=Graf|gender=m)))
27060	wurde	0		
27061	von	0		
27062	dem	0		
27063	Hauptmann	0	(mention_id=3370|references=(entity=(entity_id=entity_0003|fullname=Hauptmann|gender=m|possible_identity_with=entity_0374)))	(mention_id=3425|references=(entity=(entity_id=13|fullname=Hauptmann|gender=m)))
27064	unterhalten	0		
27065	;	0		
27066	später	0		
27067	gesellte	0		
27068	sich	0	(mention_id=3371|references=(entity=(entity_id=entity_0002|fullname=Charlotte|gender=f)))	(mention_id=3426|references=(entity=(entity_id=2|fullname=Charlotte|gender=f)))
27069	Charlotte	0	(mention_id=3372|references=(entity=(entity_id=entity_0002|fullname=Charlotte|gender=f)))	(mention_id=3427|references=(entity=(entity_id=2|fullname=Charlotte|gender=f)))
27070	zu	0		
27071	ihm	0	(mention_id=3373|references=(entity=(entity_id=entity_0086|fullname=Graf|gender=m)))	(mention_id=3428|references=(entity=(entity_id=12|fullname=Graf|gender=m)))
27072	.	0		
27073	Als	0		
27074	sie	0	(mention_id=3374|references=(entity=(entity_id=entity_0002|fullname=Charlotte|gender=f)),(entity=(entity_id=entity_0086|fullname=Graf|gender=m)))	(mention_id=3429|references=(entity=(entity_id=2|fullname=Charlotte|gender=f)),(entity=(entity_id=12|fullname=Graf|gender=m)))
27075	oben	0		
27076	auf	0		
27077	die	0		
27078	Höhe	0		
27079	gelangt	0		
27080	waren	0		
27081	und	0		
27082	der	0		
27083	Hauptmann	0	(mention_id=3375|references=(entity=(entity_id=entity_0003|fullname=Hauptmann|gender=m|possible_identity_with=entity_0374)))	(mention_id=3430|references=(entity=(entity_id=13|fullname=Hauptmann|gender=m)))
27084	gefällig	0		
27085	hinuntereilte	0		
27086	,	0		
27087	um	0		
27088	den	0		
27089	Plan	0		
27090	zu	0		
27091	holen	0		
27092	,	0		
27093	so	0		
27094	sagte	0		
27095	der	0		
27096	Graf	0	(mention_id=3376|references=(entity=(entity_id=entity_0086|fullname=Graf|gender=m)))	(mention_id=3431|references=(entity=(entity_id=12|fullname=Graf|gender=m)))
27097	zu	0		
27098	Charlotten	0	(mention_id=3377|references=(entity=(entity_id=entity_0002|fullname=Charlotte|gender=f)))	(mention_id=3432|references=(entity=(entity_id=2|fullname=Charlotte|gender=f)))
27099	:	0		
27100	»	0		
27101	Dieser	0		
27102	Mann	0	(mention_id=3378|references=(entity=(entity_id=entity_0003|fullname=Hauptmann|gender=m|possible_identity_with=entity_0374)))	(mention_id=3433|references=(entity=(entity_id=13|fullname=Hauptmann|gender=m)))
27103	gefällt	0		
27104	mir	0	(mention_id=3379|references=(entity=(entity_id=entity_0086|fullname=Graf|gender=m)))	(mention_id=3434|references=(entity=(entity_id=12|fullname=Graf|gender=m)))
27105	außerordentlich	0		
27106	.	0		
27107	Er	0	(mention_id=3380|references=(entity=(entity_id=entity_0003|fullname=Hauptmann|gender=m|possible_identity_with=entity_0374)))	(mention_id=3435|references=(entity=(entity_id=13|fullname=Hauptmann|gender=m)))
27108	ist	0		
27109	sehr	0		
27110	wohl	0		
27111	und	0		
27112	im	0		
27113	Zusammenhang	0		
27114	unterrichtet	0		
27115	.	0		
27116	Ebenso	0		
27117	scheint	0		
27118	seine	0	(mention_id=3381|references=(entity=(entity_id=entity_0003|fullname=Hauptmann|gender=m|possible_identity_with=entity_0374)))	(mention_id=3436|references=(entity=(entity_id=13|fullname=Hauptmann|gender=m)))
27119	Tätigkeit	0		
27120	sehr	0		
27121	ernst	0		
27122	und	0		
27123	folgerecht	0		
27124	.	0		
27125	Was	0		
27126	er	0	(mention_id=3382|references=(entity=(entity_id=entity_0003|fullname=Hauptmann|gender=m|possible_identity_with=entity_0374)))	(mention_id=3437|references=(entity=(entity_id=13|fullname=Hauptmann|gender=m)))
27127	hier	0		
27128	leistet	0		
27129	,	0		
27130	würde	0		
27131	in	0		
27132	einem	0		
27133	höhern	0		
27134	Kreise	0		
27135	von	0		
27136	viel	0		
27137	Bedeutung	0		
27138	sein	0		
27139	.	0		
27140	«	0		
27141	Charlotte	0	(mention_id=3383|references=(entity=(entity_id=entity_0002|fullname=Charlotte|gender=f)))	(mention_id=3438|references=(entity=(entity_id=2|fullname=Charlotte|gender=f)))
27142	vernahm	0		
27143	des	0		
27144	Hauptmanns	0	(mention_id=3384|references=(entity=(entity_id=entity_0003|fullname=Hauptmann|gender=m|possible_identity_with=entity_0374)))	(mention_id=3439|references=(entity=(entity_id=13|fullname=Hauptmann|gender=m)))
27145	Lob	0		
27146	mit	0		
27147	innigem	0		
27148	Behagen	0		
27149	.	0		
27150	Sie	0	(mention_id=3385|references=(entity=(entity_id=entity_0002|fullname=Charlotte|gender=f)))	(mention_id=3440|references=(entity=(entity_id=2|fullname=Charlotte|gender=f)))
27151	faßte	0		
27152	sich	0	(mention_id=3386|references=(entity=(entity_id=entity_0002|fullname=Charlotte|gender=f)))	(mention_id=3441|references=(entity=(entity_id=2|fullname=Charlotte|gender=f)))
27153	jedoch	0		
27154	und	0		
27155	bekräftigte	0		
27156	das	0		
27157	Gesagte	0		
27158	mit	0		
27159	Ruhe	0		
27160	und	0		
27161	Klarheit	0		
27162	.	0		
27163	Wie	0		
27164	überrascht	0		
27165	war	0		
27166	sie	0	(mention_id=3387|references=(entity=(entity_id=entity_0002|fullname=Charlotte|gender=f)))	(mention_id=3442|references=(entity=(entity_id=2|fullname=Charlotte|gender=f)))
27167	aber	0		
27168	,	0		
27169	als	0		
27170	der	0		
27171	Graf	0	(mention_id=3388|references=(entity=(entity_id=entity_0086|fullname=Graf|gender=m)))	(mention_id=3443|references=(entity=(entity_id=12|fullname=Graf|gender=m)))
27172	fortfuhr	0		
27173	:	0		
27174	»	0		
27175	Diese	0		
27176	Bekanntschaft	0		
27177	kommt	0		
27178	mir	0	(mention_id=3389|references=(entity=(entity_id=entity_0086|fullname=Graf|gender=m)))	(mention_id=3444|references=(entity=(entity_id=12|fullname=Graf|gender=m)))
27179	sehr	0		
27180	zu	0		
27181	gelegener	0		
27182	Zeit	0		
27183	.	0		
27184	Ich	0	(mention_id=3390|references=(entity=(entity_id=entity_0086|fullname=Graf|gender=m)))	(mention_id=3445|references=(entity=(entity_id=12|fullname=Graf|gender=m)))
27185	weiß	0		
27186	eine	0		
27187	Stelle	0		
27188	,	0		
27189	an	0		
27190	die	0		
27191	der	0		
27192	Mann	0	(mention_id=3391|references=(entity=(entity_id=entity_0003|fullname=Hauptmann|gender=m|possible_identity_with=entity_0374)))	(mention_id=3446|references=(entity=(entity_id=13|fullname=Hauptmann|gender=m)))
27193	vollkommen	0		
27194	paßt	0		
27195	,	0		
27196	und	0		
27197	ich	0	(mention_id=3392|references=(entity=(entity_id=entity_0086|fullname=Graf|gender=m)))	(mention_id=3447|references=(entity=(entity_id=12|fullname=Graf|gender=m)))
27198	kann	0		
27199	mir	0	(mention_id=3393|references=(entity=(entity_id=entity_0086|fullname=Graf|gender=m)))	(mention_id=3448|references=(entity=(entity_id=12|fullname=Graf|gender=m)))
27200	durch	0		
27201	eine	0		
27202	solche	0		
27203	Empfehlung	0		
27204	,	0		
27205	indem	0		
27206	ich	0	(mention_id=3394|references=(entity=(entity_id=entity_0086|fullname=Graf|gender=m)))	(mention_id=3449|references=(entity=(entity_id=12|fullname=Graf|gender=m)))
27207	ihn	0	(mention_id=3395|references=(entity=(entity_id=entity_0003|fullname=Hauptmann|gender=m|possible_identity_with=entity_0374)))	(mention_id=3450|references=(entity=(entity_id=13|fullname=Hauptmann|gender=m)))
27208	glücklich	0		
27209	mache	0		
27210	,	0		
27211	einen	0		
27212	hohen	0		
27213	Freund	0	(mention_id=3396|references=(entity=(entity_id=entity_0086|fullname=Graf|gender=m)))	(mention_id=3451|references=(entity=(entity_id=37|fullname=hoher Freund des Grafen|gender=m)))
27214	auf	0		
27215	das	0		
27216	allerbeste	0		
27217	verbinden	0		
27218	.	0		
27219	«	0		
27220	Es	0		
27221	war	0		
27222	wie	0		
27223	ein	0		
27224	Donnerschlag	0		
27225	,	0		
27226	der	0		
27227	auf	0		
27228	Charlotten	0	(mention_id=3397|references=(entity=(entity_id=entity_0002|fullname=Charlotte|gender=f)))	(mention_id=3452|references=(entity=(entity_id=2|fullname=Charlotte|gender=f)))
27229	herabfiel	0		
27230	.	0		
27231	Der	0		
27232	Graf	0	(mention_id=3398|references=(entity=(entity_id=entity_0086|fullname=Graf|gender=m)))	(mention_id=3453|references=(entity=(entity_id=12|fullname=Graf|gender=m)))
27233	bemerkte	0		
27234	nichts	0		
27235	;	0		
27236	denn	0		
27237	die	0		
27238	Frauen	0	(mention_id=3399|references=(entity=(entity_id=generic_0257|fullname=Frauen im Allgemeinen 2|gender=u|specialcase_entity=generic)),(entity=(entity_id=entity_0002|fullname=Charlotte|gender=f)))	(mention_id=3454|references=(entity=(entity_id=generic_0071|fullname=Frauen im Allgemeinen|gender=u|specialcase_entity=generic)))
27239	,	0		
27240	gewohnt	0		
27241	,	0		
27242	sich	0	(mention_id=3400|references=(entity=(entity_id=generic_0258|fullname=Frauen im Allgemeinen 2|gender=u|specialcase_entity=generic)),(entity=(entity_id=entity_0002|fullname=Charlotte|gender=f)))	(mention_id=3455|references=(entity=(entity_id=generic_0072|fullname=Frauen im Allgemeinen|gender=u|specialcase_entity=generic)))
27243	jederzeit	0		
27244	zu	0		
27245	bändigen	0		
27246	,	0		
27247	behalten	0		
27248	in	0		
27249	den	0		
27250	außerordentlichsten	0		
27251	Fällen	0		
27252	immer	0		
27253	noch	0		
27254	eine	0		
27255	Art	0		
27256	von	0		
27257	scheinbarer	0		
27258	Fassung	0		
27259	.	0		
27260	Doch	0		
27261	hörte	0		
27262	sie	0	(mention_id=3401|references=(entity=(entity_id=entity_0002|fullname=Charlotte|gender=f)))	(mention_id=3456|references=(entity=(entity_id=2|fullname=Charlotte|gender=f)))
27263	schon	0		
27264	nicht	0		
27265	mehr	0		
27266	,	0		
27267	was	0		
27268	der	0		
27269	Graf	0	(mention_id=3402|references=(entity=(entity_id=entity_0086|fullname=Graf|gender=m)))	(mention_id=3457|references=(entity=(entity_id=12|fullname=Graf|gender=m)))
27270	sagte	0		
27271	,	0		
27272	indem	0		
27273	er	0	(mention_id=3403|references=(entity=(entity_id=entity_0086|fullname=Graf|gender=m)))	(mention_id=3458|references=(entity=(entity_id=12|fullname=Graf|gender=m)))
27274	fortfuhr	0		
27275	:	0		
27276	»	0		
27277	Wenn	0		
27278	ich	0	(mention_id=3404|references=(entity=(entity_id=entity_0086|fullname=Graf|gender=m)))	(mention_id=3459|references=(entity=(entity_id=12|fullname=Graf|gender=m)))
27279	von	0		
27280	etwas	0		
27281	überzeugt	0		
27282	bin	0		
27283	,	0		
27284	geht	0		
27285	es	0		
27286	bei	0		
27287	mir	0	(mention_id=3405|references=(entity=(entity_id=entity_0086|fullname=Graf|gender=m)))	(mention_id=3460|references=(entity=(entity_id=12|fullname=Graf|gender=m)))
27288	geschwind	0		
27289	her	0		
27290	.	0		
27291	Ich	0	(mention_id=3406|references=(entity=(entity_id=entity_0086|fullname=Graf|gender=m)))	(mention_id=3461|references=(entity=(entity_id=12|fullname=Graf|gender=m)))
27292	habe	0		
27293	schon	0		
27294	meinen	0	(mention_id=3407|references=(entity=(entity_id=entity_0086|fullname=Graf|gender=m)))	(mention_id=3462|references=(entity=(entity_id=12|fullname=Graf|gender=m)))
27295	Brief	0		
27296	im	0		
27297	Kopfe	0		
27298	zusammengestellt	0		
27299	,	0		
27300	und	0		
27301	mich	0	(mention_id=3408|references=(entity=(entity_id=entity_0086|fullname=Graf|gender=m)))	(mention_id=3463|references=(entity=(entity_id=12|fullname=Graf|gender=m)))
27302	drängts	0		
27303	,	0		
27304	ihn	0		
27305	zu	0		
27306	schreiben	0		
27307	.	0		
27308	Sie	0	(mention_id=3409|references=(entity=(entity_id=entity_0002|fullname=Charlotte|gender=f)))	(mention_id=3464|references=(entity=(entity_id=2|fullname=Charlotte|gender=f)))
27309	verschaffen	0		
27310	mir	0	(mention_id=3410|references=(entity=(entity_id=entity_0086|fullname=Graf|gender=m)))	(mention_id=3465|references=(entity=(entity_id=12|fullname=Graf|gender=m)))
27311	einen	0		
27312	reitenden	0		
27313	Boten	0	(mention_id=3411|references=(entity=(entity_id=entity_0123|fullname=Bote|gender=m)))	(mention_id=3466|references=(entity=(entity_id=43|fullname=reitender Bote|gender=m)))
27314	,	0		
27315	den	0	(mention_id=3412|references=(entity=(entity_id=entity_0123|fullname=Bote|gender=m)))	(mention_id=3467|references=(entity=(entity_id=43|fullname=reitender Bote|gender=m)))
27316	ich	0	(mention_id=3413|references=(entity=(entity_id=entity_0086|fullname=Graf|gender=m)))	(mention_id=3468|references=(entity=(entity_id=12|fullname=Graf|gender=m)))
27317	noch	0		
27318	heute	0		
27319	abend	0		
27320	wegschicken	0		
27321	kann	0		
27322	.	0		
27323	«	0		
27324	Charlotte	0	(mention_id=3414|references=(entity=(entity_id=entity_0002|fullname=Charlotte|gender=f)))	(mention_id=3469|references=(entity=(entity_id=2|fullname=Charlotte|gender=f)))
27325	war	0		
27326	innerlich	0		
27327	zerrissen	0		
27328	.	0		
27329	Von	0		
27330	diesen	0		
27331	Vorschlägen	0		
27332	sowie	0		
27333	von	0		
27334	sich	0	(mention_id=3415|references=(entity=(entity_id=entity_0002|fullname=Charlotte|gender=f)))	(mention_id=3470|references=(entity=(entity_id=2|fullname=Charlotte|gender=f)))
27335	selbst	0		
27336	überrascht	0		
27337	,	0		
27338	konnte	0		
27339	sie	0	(mention_id=3416|references=(entity=(entity_id=entity_0002|fullname=Charlotte|gender=f)))	(mention_id=3471|references=(entity=(entity_id=2|fullname=Charlotte|gender=f)))
27340	kein	0		
27341	Wort	0		
27342	hervorbringen	0		
27343	.	0		
27344	Der	0		
27345	Graf	0	(mention_id=3417|references=(entity=(entity_id=entity_0086|fullname=Graf|gender=m)))	(mention_id=3472|references=(entity=(entity_id=12|fullname=Graf|gender=m)))
27346	fuhr	0		
27347	glücklicherweise	0		
27348	fort	0		
27349	,	0		
27350	von	0		
27351	seinen	0	(mention_id=3418|references=(entity=(entity_id=entity_0086|fullname=Graf|gender=m)))	(mention_id=3473|references=(entity=(entity_id=12|fullname=Graf|gender=m)))
27352	Planen	0		
27353	für	0		
27354	den	0		
27355	Hauptmann	0	(mention_id=3419|references=(entity=(entity_id=entity_0003|fullname=Hauptmann|gender=m|possible_identity_with=entity_0374)))	(mention_id=3474|references=(entity=(entity_id=13|fullname=Hauptmann|gender=m)))
27356	zu	0		
27357	sprechen	0		
27358	,	0		
27359	deren	0		
27360	Günstiges	0		
27361	Charlotten	0	(mention_id=3420|references=(entity=(entity_id=entity_0002|fullname=Charlotte|gender=f)))	(mention_id=3475|references=(entity=(entity_id=2|fullname=Charlotte|gender=f)))
27362	nur	0		
27363	allzusehr	0		
27364	in	0		
27365	die	0		
27366	Augen	0		
27367	fiel	0		
27368	.	0		
27369	Es	0		
27370	war	0		
27371	Zeit	0		
27372	,	0		
27373	daß	0		
27374	der	0		
27375	Hauptmann	0	(mention_id=3421|references=(entity=(entity_id=entity_0003|fullname=Hauptmann|gender=m|possible_identity_with=entity_0374)))	(mention_id=3476|references=(entity=(entity_id=13|fullname=Hauptmann|gender=m)))
27376	herauftrat	0		
27377	und	0		
27378	seine	0	(mention_id=3422|references=(entity=(entity_id=entity_0003|fullname=Hauptmann|gender=m|possible_identity_with=entity_0374)))	(mention_id=3477|references=(entity=(entity_id=13|fullname=Hauptmann|gender=m)))
27379	Rolle	0		
27380	vor	0		
27381	dem	0		
27382	Grafen	0	(mention_id=3423|references=(entity=(entity_id=entity_0086|fullname=Graf|gender=m)))	(mention_id=3478|references=(entity=(entity_id=12|fullname=Graf|gender=m)))
27383	entfaltete	0		
27384	.	0		
27385	Aber	0		
27386	mit	0		
27387	wie	0		
27388	andern	0		
27389	Augen	0		
27390	sah	0		
27391	sie	0	(mention_id=3424|references=(entity=(entity_id=entity_0002|fullname=Charlotte|gender=f)))	(mention_id=3479|references=(entity=(entity_id=2|fullname=Charlotte|gender=f)))
27392	den	0		
27393	Freund	0	(mention_id=3425|references=(entity=(entity_id=entity_0003|fullname=Hauptmann|gender=m|possible_identity_with=entity_0374)))	(mention_id=3480|references=(entity=(entity_id=13|fullname=Hauptmann|gender=m)))
27394	an	0		
27395	,	0		
27396	den	0	(mention_id=3426|references=(entity=(entity_id=entity_0003|fullname=Hauptmann|gender=m|possible_identity_with=entity_0374)))	(mention_id=3481|references=(entity=(entity_id=13|fullname=Hauptmann|gender=m)))
27397	sie	0	(mention_id=3427|references=(entity=(entity_id=entity_0002|fullname=Charlotte|gender=f)))	(mention_id=3482|references=(entity=(entity_id=2|fullname=Charlotte|gender=f)))
27398	verlieren	0		
27399	sollte	0		
27400	!	0		
27401	Mit	0		
27402	einer	0		
27403	notdürftigen	0		
27404	Verbeugung	0		
27405	wandte	0		
27406	sie	0	(mention_id=3428|references=(entity=(entity_id=entity_0002|fullname=Charlotte|gender=f)))	(mention_id=3483|references=(entity=(entity_id=2|fullname=Charlotte|gender=f)))
27407	sich	0	(mention_id=3429|references=(entity=(entity_id=entity_0002|fullname=Charlotte|gender=f)))	(mention_id=3484|references=(entity=(entity_id=2|fullname=Charlotte|gender=f)))
27408	weg	0		
27409	und	0		
27410	eilte	0		
27411	hinunter	0		
27412	nach	0		
27413	der	0		
27414	Mooshütte	0		
27415	.	0		
27416	Schon	0		
27417	auf	0		
27418	halbem	0		
27419	Wege	0		
27420	stürzten	0		
27421	ihr	0	(mention_id=3430|references=(entity=(entity_id=entity_0002|fullname=Charlotte|gender=f)))	(mention_id=3485|references=(entity=(entity_id=2|fullname=Charlotte|gender=f)))
27422	die	0		
27423	Tränen	0		
27424	aus	0		
27425	den	0		
27426	Augen	0		
27427	,	0		
27428	und	0		
27429	nun	0		
27430	warf	0		
27431	sie	0	(mention_id=3431|references=(entity=(entity_id=entity_0002|fullname=Charlotte|gender=f)))	(mention_id=3486|references=(entity=(entity_id=2|fullname=Charlotte|gender=f)))
27432	sich	0	(mention_id=3432|references=(entity=(entity_id=entity_0002|fullname=Charlotte|gender=f)))	(mention_id=3487|references=(entity=(entity_id=2|fullname=Charlotte|gender=f)))
27433	in	0		
27434	den	0		
27435	engen	0		
27436	Raum	0		
27437	der	0		
27438	kleinen	0		
27439	Einsiedelei	0		
27440	und	0		
27441	überließ	0		
27442	sich	0	(mention_id=3433|references=(entity=(entity_id=entity_0002|fullname=Charlotte|gender=f)))	(mention_id=3488|references=(entity=(entity_id=2|fullname=Charlotte|gender=f)))
27443	ganz	0		
27444	einem	0		
27445	Schmerz	0		
27446	,	0		
27447	einer	0		
27448	Leidenschaft	0		
27449	,	0		
27450	einer	0		
27451	Verzweiflung	0		
27452	,	0		
27453	von	0		
27454	deren	0		
27455	Möglichkeit	0		
27456	sie	0	(mention_id=3434|references=(entity=(entity_id=entity_0002|fullname=Charlotte|gender=f)))	(mention_id=3489|references=(entity=(entity_id=2|fullname=Charlotte|gender=f)))
27457	wenig	0		
27458	Augenblicke	0		
27459	vorher	0		
27460	auch	0		
27461	nicht	0		
27462	die	0		
27463	leiseste	0		
27464	Ahnung	0		
27465	gehabt	0		
27466	hatte	0		
27467	.	0		
27468	Auf	0		
27469	der	0		
27470	andern	0		
27471	Seite	0		
27472	war	0		
27473	Eduard	0	(mention_id=3435|references=(entity=(entity_id=entity_0001|fullname=Eduard|gender=m)))	(mention_id=3490|references=(entity=(entity_id=3|fullname=Eduard|gender=m)))
27474	mit	0		
27475	der	0		
27476	Baronesse	0	(mention_id=3436|references=(entity=(entity_id=entity_0085|fullname=Baronesse|gender=f)))	(mention_id=3491|references=(entity=(entity_id=1|fullname=Baronesse|gender=f)))
27477	an	0		
27478	den	0		
27479	Teichen	0		
27480	hergegangen	0		
27481	.	0		
27482	Die	0		
27483	kluge	0		
27484	Frau	0	(mention_id=3437|references=(entity=(entity_id=entity_0085|fullname=Baronesse|gender=f)))	(mention_id=3492|references=(entity=(entity_id=1|fullname=Baronesse|gender=f)))
27485	,	0		
27486	die	0	(mention_id=3438|references=(entity=(entity_id=entity_0085|fullname=Baronesse|gender=f)))	(mention_id=3493|references=(entity=(entity_id=1|fullname=Baronesse|gender=f)))
27487	gern	0		
27488	von	0		
27489	allem	0		
27490	unterrichtet	0		
27491	sein	0		
27492	mochte	0		
27493	,	0		
27494	bemerkte	0		
27495	bald	0		
27496	in	0		
27497	einem	0		
27498	tastenden	0		
27499	Gespräch	0		
27500	,	0		
27501	daß	0		
27502	Eduard	0	(mention_id=3439|references=(entity=(entity_id=entity_0001|fullname=Eduard|gender=m)))	(mention_id=3494|references=(entity=(entity_id=3|fullname=Eduard|gender=m)))
27503	sich	0	(mention_id=3440|references=(entity=(entity_id=entity_0001|fullname=Eduard|gender=m)))	(mention_id=3495|references=(entity=(entity_id=3|fullname=Eduard|gender=m)))
27504	zu	0		
27505	Ottiliens	0	(mention_id=3441|references=(entity=(entity_id=entity_0006|fullname=Ottilie|gender=f)))	(mention_id=3496|references=(entity=(entity_id=18|fullname=Ottilie|gender=f)))
27506	Lobe	0		
27507	weitläufig	0		
27508	herausließ	0		
27509	,	0		
27510	und	0		
27511	wußte	0		
27512	ihn	0	(mention_id=3442|references=(entity=(entity_id=entity_0001|fullname=Eduard|gender=m)))	(mention_id=3497|references=(entity=(entity_id=3|fullname=Eduard|gender=m)))
27513	auf	0		
27514	eine	0		
27515	so	0		
27516	natürliche	0		
27517	Weise	0		
27518	nach	0		
27519	und	0		
27520	nach	0		
27521	in	0		
27522	den	0		
27523	Gang	0		
27524	zu	0		
27525	bringen	0		
27526	,	0		
27527	daß	0		
27528	ihr	0	(mention_id=3443|references=(entity=(entity_id=entity_0085|fullname=Baronesse|gender=f)))	(mention_id=3498|references=(entity=(entity_id=1|fullname=Baronesse|gender=f)))
27529	zuletzt	0		
27530	kein	0		
27531	Zweifel	0		
27532	übrigblieb	0		
27533	,	0		
27534	hier	0		
27535	sei	0		
27536	eine	0		
27537	Leidenschaft	0		
27538	nicht	0		
27539	auf	0		
27540	dem	0		
27541	Wege	0		
27542	,	0		
27543	sondern	0		
27544	wirklich	0		
27545	angelangt	0		
27546	.	0		
27547	Verheiratete	0		
27548	Frauen	0	(mention_id=3444|references=(entity=(entity_id=generic_0259|fullname=Verheiratete Frauen|gender=u|specialcase_entity=generic)),(entity=(entity_id=entity_0002|fullname=Charlotte|gender=f)),(entity=(entity_id=entity_0085|fullname=Baronesse|gender=f)))	(mention_id=3499|references=(entity=(entity_id=generic_0075|fullname=verheiratete Frauen im Allgemeinen|gender=u|specialcase_entity=generic)))
27549	,	0		
27550	wenn	0		
27551	sie	0	(mention_id=3445|references=(entity=(entity_id=generic_0260|fullname=Verheiratete Frauen|gender=u|specialcase_entity=generic)),(entity=(entity_id=entity_0085|fullname=Baronesse|gender=f)))	(mention_id=3500|references=(entity=(entity_id=generic_0076|fullname=verheiratete Frauen im Allgemeinen|gender=u|specialcase_entity=generic)))
27552	sich	0	(mention_id=3446|references=(entity=(entity_id=generic_0261|fullname=Verheiratete Frauen|gender=u|specialcase_entity=generic)),(entity=(entity_id=entity_0002|fullname=Charlotte|gender=f)))	(mention_id=3501|references=(entity=(entity_id=generic_0077|fullname=verheiratete Frauen im Allgemeinen|gender=u|specialcase_entity=generic)))
27553	auch	0		
27554	untereinander	0		
27555	nicht	0		
27556	lieben	0		
27557	,	0		
27558	stehen	0		
27559	doch	0		
27560	stillschweigend	0		
27561	miteinander	0		
27562	,	0		
27563	besonders	0		
27564	gegen	0		
27565	junge	0		
27566	Mädchen	0	(mention_id=3447|references=(entity=(entity_id=generic_0262|fullname=junge Mädchen|gender=u|specialcase_entity=generic)))	(mention_id=3502|references=(entity=(entity_id=generic_0078|fullname=junge Mädchen im Allgemeinen|gender=u|specialcase_entity=generic)))
27567	,	0		
27568	im	0		
27569	Bündnis	0		
27570	.	0		
27571	Die	0		
27572	Folgen	0		
27573	einer	0		
27574	solchen	0		
27575	Zuneigung	0		
27576	stellten	0		
27577	sich	0		
27578	ihrem	0	(mention_id=3448|references=(entity=(entity_id=entity_0085|fullname=Baronesse|gender=f)))	(mention_id=3503|references=(entity=(entity_id=1|fullname=Baronesse|gender=f)))
27579	weltgewandten	0		
27580	Geiste	0		
27581	nur	0		
27582	allzugeschwind	0		
27583	dar	0		
27584	.	0		
27585	Dazu	0		
27586	kam	0		
27587	noch	0		
27588	,	0		
27589	daß	0		
27590	sie	0	(mention_id=3449|references=(entity=(entity_id=entity_0085|fullname=Baronesse|gender=f)))	(mention_id=3504|references=(entity=(entity_id=1|fullname=Baronesse|gender=f)))
27591	schon	0		
27592	heute	0		
27593	früh	0		
27594	mit	0		
27595	Charlotten	0	(mention_id=3450|references=(entity=(entity_id=entity_0002|fullname=Charlotte|gender=f)))	(mention_id=3505|references=(entity=(entity_id=2|fullname=Charlotte|gender=f)))
27596	über	0		
27597	Ottilien	0	(mention_id=3451|references=(entity=(entity_id=entity_0006|fullname=Ottilie|gender=f)))	(mention_id=3506|references=(entity=(entity_id=18|fullname=Ottilie|gender=f)))
27598	gesprochen	0		
27599	und	0		
27600	den	0		
27601	Aufenthalt	0		
27602	dieses	0		
27603	Kindes	0	(mention_id=3452|references=(entity=(entity_id=entity_0006|fullname=Ottilie|gender=f)))	(mention_id=3507|references=(entity=(entity_id=18|fullname=Ottilie|gender=f)))
27604	auf	0		
27605	dem	0		
27606	Lande	0		
27607	,	0		
27608	besonders	0		
27609	bei	0		
27610	seiner	0	(mention_id=3453|references=(entity=(entity_id=entity_0006|fullname=Ottilie|gender=f)))	(mention_id=3508|references=(entity=(entity_id=18|fullname=Ottilie|gender=f)))
27611	stillen	0		
27612	Gemütsart	0		
27613	,	0		
27614	nicht	0		
27615	gebilligt	0		
27616	und	0		
27617	den	0		
27618	Vorschlag	0		
27619	getan	0		
27620	hatte	0		
27621	,	0		
27622	Ottilien	0	(mention_id=3454|references=(entity=(entity_id=entity_0006|fullname=Ottilie|gender=f)))	(mention_id=3509|references=(entity=(entity_id=18|fullname=Ottilie|gender=f)))
27623	in	0		
27624	die	0		
27625	Stadt	0		
27626	zu	0		
27627	einer	0		
27628	Freundin	0	(mention_id=3455|references=(entity=(entity_id=entity_0122|fullname=Freundin der Baronesse|gender=f)))	(mention_id=3510|references=(entity=(entity_id=10|fullname=Freundin der Baronesse|gender=f)))
27629	zu	0		
27630	bringen	0		
27631	,	0		
27632	die	0	(mention_id=3456|references=(entity=(entity_id=entity_0122|fullname=Freundin der Baronesse|gender=f)))	(mention_id=3511|references=(entity=(entity_id=10|fullname=Freundin der Baronesse|gender=f)))
27633	sehr	0		
27634	viel	0		
27635	an	0		
27636	die	0		
27637	Erziehung	0		
27638	ihrer	0	(mention_id=3457|references=(entity=(entity_id=entity_0122|fullname=Freundin der Baronesse|gender=f)))	(mention_id=3512|references=(entity=(entity_id=10|fullname=Freundin der Baronesse|gender=f)))
27639	einzigen	0		
27640	Tochter	0	(mention_id=3458|references=(entity=(entity_id=entity_0131|fullname=Tochter der Freundin der Baronesse|gender=f)))	(mention_id=3513|references=(entity=(entity_id=19|fullname=Tochter der Freundin|gender=f)))
27641	wende	0		
27642	und	0		
27643	sich	0	(mention_id=3459|references=(entity=(entity_id=entity_0122|fullname=Freundin der Baronesse|gender=f)))	(mention_id=3514|references=(entity=(entity_id=10|fullname=Freundin der Baronesse|gender=f)))
27644	nur	0		
27645	nach	0		
27646	einer	0		
27647	gutartigen	0		
27648	Gespielin	0	(mention_id=3460|references=(entity=(entity_id=entity_0006|fullname=Ottilie|gender=f)))	(mention_id=3515|references=(entity=(entity_id=32|fullname=eine Gespielin|gender=f|specialcase_entity=nonfact)))
27649	umsehe	0		
27650	,	0		
27651	die	0	(mention_id=3461|references=(entity=(entity_id=entity_0006|fullname=Ottilie|gender=f)))	(mention_id=3516|references=(entity=(entity_id=32|fullname=eine Gespielin|gender=f|specialcase_entity=nonfact)))
27652	an	0		
27653	die	0		
27654	zweite	0		
27655	Kindesstatt	0		
27656	eintreten	0		
27657	und	0		
27658	alle	0		
27659	Vorteile	0		
27660	mitgenießen	0		
27661	solle	0		
27662	.	0		
27663	Charlotte	0	(mention_id=3462|references=(entity=(entity_id=entity_0002|fullname=Charlotte|gender=f)))	(mention_id=3517|references=(entity=(entity_id=2|fullname=Charlotte|gender=f)))
27664	hatte	0		
27665	sichs	0	(mention_id=3463|references=(entity=(entity_id=entity_0002|fullname=Charlotte|gender=f)))	(mention_id=3518|references=(entity=(entity_id=2|fullname=Charlotte|gender=f)))
27666	zur	0		
27667	Überlegung	0		
27668	genommen	0		
27669	.	0		
27670	Nun	0		
27671	aber	0		
27672	brachte	0		
27673	der	0		
27674	Blick	0		
27675	in	0		
27676	Eduards	0	(mention_id=3464|references=(entity=(entity_id=entity_0001|fullname=Eduard|gender=m)))	(mention_id=3519|references=(entity=(entity_id=3|fullname=Eduard|gender=m)))
27677	Gemüt	0		
27678	diesen	0		
27679	Vorschlag	0		
27680	bei	0		
27681	der	0		
27682	Baronesse	0	(mention_id=3465|references=(entity=(entity_id=entity_0085|fullname=Baronesse|gender=f)))	(mention_id=3520|references=(entity=(entity_id=1|fullname=Baronesse|gender=f)))
27683	ganz	0		
27684	zur	0		
27685	vorsätzlichen	0		
27686	Festigkeit	0		
27687	,	0		
27688	und	0		
27689	um	0		
27690	so	0		
27691	schneller	0		
27692	dieses	0		
27693	in	0		
27694	ihr	0	(mention_id=3466|references=(entity=(entity_id=entity_0085|fullname=Baronesse|gender=f)))	(mention_id=3521|references=(entity=(entity_id=1|fullname=Baronesse|gender=f)))
27695	vorging	0		
27696	,	0		
27697	um	0		
27698	desto	0		
27699	mehr	0		
27700	schmeichelte	0		
27701	sie	0	(mention_id=3467|references=(entity=(entity_id=entity_0085|fullname=Baronesse|gender=f)))	(mention_id=3522|references=(entity=(entity_id=1|fullname=Baronesse|gender=f)))
27702	äußerlich	0		
27703	Eduards	0	(mention_id=3468|references=(entity=(entity_id=entity_0001|fullname=Eduard|gender=m)))	(mention_id=3523|references=(entity=(entity_id=3|fullname=Eduard|gender=m)))
27704	Wünschen	0		
27705	.	0		
27706	Denn	0		
27707	niemand	0		
27708	besaß	0		
27709	sich	0		(mention_id=3524|references=(entity=(entity_id=1|fullname=Baronesse|gender=f)))
27710	mehr	0		
27711	als	0		
27712	diese	0		
27713	Frau	0	(mention_id=3469|references=(entity=(entity_id=entity_0085|fullname=Baronesse|gender=f)))	(mention_id=3525|references=(entity=(entity_id=1|fullname=Baronesse|gender=f)))
27714	,	0		
27715	und	0		
27716	diese	0		
27717	Selbstbeherrschung	0		
27718	in	0		
27719	außerordentlichen	0		
27720	Fällen	0		
27721	gewöhnt	0		
27722	uns	0	(mention_id=3470|references=(entity=(entity_id=entity_0085|fullname=Baronesse|gender=f)),(entity=(entity_id=entity_0016|fullname=Erzählinstanz|gender=u)))	(mention_id=3526|references=(entity=(entity_id=generic_0025|fullname=wir im Allgemeinen|gender=u|specialcase_entity=generic)))
27723	,	0		
27724	sogar	0		
27725	einen	0		
27726	gemeinen	0		
27727	Fall	0		
27728	mit	0		
27729	Verstellung	0		
27730	zu	0		
27731	behandeln	0		
27732	,	0		
27733	macht	0		
27734	uns	0	(mention_id=3471|references=(entity=(entity_id=entity_0085|fullname=Baronesse|gender=f)),(entity=(entity_id=entity_0016|fullname=Erzählinstanz|gender=u)))	(mention_id=3527|references=(entity=(entity_id=generic_0026|fullname=wir im Allgemeinen|gender=u|specialcase_entity=generic)))
27735	geneigt	0		
27736	,	0		
27737	indem	0		
27738	wir	0	(mention_id=3472|references=(entity=(entity_id=entity_0085|fullname=Baronesse|gender=f)),(entity=(entity_id=entity_0016|fullname=Erzählinstanz|gender=u)))	(mention_id=3528|references=(entity=(entity_id=generic_0027|fullname=wir im Allgemeinen|gender=u|specialcase_entity=generic)))
27739	soviel	0		
27740	Gewalt	0		
27741	über	0		
27742	uns	0	(mention_id=3473|references=(entity=(entity_id=entity_0085|fullname=Baronesse|gender=f)),(entity=(entity_id=entity_0016|fullname=Erzählinstanz|gender=u)))	(mention_id=3529|references=(entity=(entity_id=generic_0028|fullname=wir im Allgemeinen|gender=u|specialcase_entity=generic)))
27743	selbst	0		
27744	üben	0		
27745	,	0		
27746	unsre	0	(mention_id=3474|references=(entity=(entity_id=entity_0085|fullname=Baronesse|gender=f)),(entity=(entity_id=entity_0016|fullname=Erzählinstanz|gender=u)))	(mention_id=3530|references=(entity=(entity_id=generic_0029|fullname=wir im Allgemeinen|gender=u|specialcase_entity=generic)))
27747	Herrschaft	0		
27748	auch	0		
27749	über	0		
27750	die	0		
27751	andern	0	(mention_id=3475|references=(entity=(entity_id=generic_0263|fullname=andere Menschen|gender=u|specialcase_entity=generic)))	(mention_id=3531|references=(entity=(entity_id=generic_0079|fullname=andere Menschen im Allgemeinen|gender=u|specialcase_entity=generic)))
27752	zu	0		
27753	verbreiten	0		
27754	,	0		
27755	um	0		
27756	uns	0	(mention_id=3476|references=(entity=(entity_id=entity_0085|fullname=Baronesse|gender=f)),(entity=(entity_id=entity_0016|fullname=Erzählinstanz|gender=u)))	(mention_id=3532|references=(entity=(entity_id=generic_0030|fullname=wir im Allgemeinen|gender=u|specialcase_entity=generic)))
27757	durch	0		
27758	das	0		
27759	,	0		
27760	was	0		
27761	wir	0	(mention_id=3477|references=(entity=(entity_id=entity_0085|fullname=Baronesse|gender=f)),(entity=(entity_id=entity_0016|fullname=Erzählinstanz|gender=u)))	(mention_id=3533|references=(entity=(entity_id=generic_0031|fullname=wir im Allgemeinen|gender=u|specialcase_entity=generic)))
27762	äußerlich	0		
27763	gewinnen	0		
27764	,	0		
27765	für	0		
27766	dasjenige	0		
27767	,	0		
27768	was	0		
27769	wir	0	(mention_id=3478|references=(entity=(entity_id=entity_0085|fullname=Baronesse|gender=f)),(entity=(entity_id=entity_0016|fullname=Erzählinstanz|gender=u)))	(mention_id=3534|references=(entity=(entity_id=generic_0032|fullname=wir im Allgemeinen|gender=u|specialcase_entity=generic)))
27770	innerlich	0		
27771	entbehren	0		
27772	,	0		
27773	gewissermaßen	0		
27774	schadlos	0		
27775	zu	0		
27776	halten	0		
27777	.	0		
27778	An	0		
27779	diese	0		
27780	Gesinnung	0		
27781	schließt	0		
27782	sich	0		
27783	meist	0		
27784	eine	0		
27785	Art	0		
27786	heimlicher	0		
27787	Schadenfreude	0		
27788	über	0		
27789	die	0		
27790	Dunkelheit	0		
27791	der	0		
27792	andern	0	(mention_id=3479|references=(entity=(entity_id=generic_0264|fullname=andere Menschen|gender=u|specialcase_entity=generic)))	(mention_id=3535|references=(entity=(entity_id=generic_0080|fullname=andere Menschen im Allgemeinen|gender=u|specialcase_entity=generic)))
27793	,	0		
27794	über	0		
27795	das	0		
27796	Bewußtlose	0		
27797	,	0		
27798	womit	0		
27799	sie	0	(mention_id=3480|references=(entity=(entity_id=generic_0265|fullname=andere Menschen|gender=u|specialcase_entity=generic)))	(mention_id=3536|references=(entity=(entity_id=generic_0081|fullname=andere Menschen im Allgemeinen|gender=u|specialcase_entity=generic)))
27800	in	0		
27801	eine	0		
27802	Falle	0		
27803	gehen	0		
27804	.	0		
27805	Wir	0	(mention_id=3481|references=(entity=(entity_id=entity_0085|fullname=Baronesse|gender=f)),(entity=(entity_id=entity_0016|fullname=Erzählinstanz|gender=u)))	(mention_id=3537|references=(entity=(entity_id=generic_0033|fullname=wir im Allgemeinen|gender=u|specialcase_entity=generic)))
27806	freuen	0		
27807	uns	0	(mention_id=3482|references=(entity=(entity_id=entity_0085|fullname=Baronesse|gender=f)),(entity=(entity_id=entity_0016|fullname=Erzählinstanz|gender=u)))	(mention_id=3538|references=(entity=(entity_id=generic_0034|fullname=wir im Allgemeinen|gender=u|specialcase_entity=generic)))
27808	nicht	0		
27809	allein	0		
27810	über	0		
27811	das	0		
27812	gegenwärtige	0		
27813	Gelingen	0		
27814	,	0		
27815	sondern	0		
27816	zugleich	0		
27817	auch	0		
27818	auf	0		
27819	die	0		
27820	künftig	0		
27821	überraschende	0		
27822	Beschämung	0		
27823	.	0		
27824	Und	0		
27825	so	0		
27826	war	0		
27827	die	0		
27828	Baronesse	0	(mention_id=3483|references=(entity=(entity_id=entity_0085|fullname=Baronesse|gender=f)))	(mention_id=3539|references=(entity=(entity_id=1|fullname=Baronesse|gender=f)))
27829	boshaft	0		
27830	genug	0		
27831	,	0		
27832	Eduarden	0	(mention_id=3484|references=(entity=(entity_id=entity_0001|fullname=Eduard|gender=m)))	(mention_id=3540|references=(entity=(entity_id=3|fullname=Eduard|gender=m)))
27833	zur	0		
27834	Weinlese	0		
27835	auf	0		
27836	ihre	0	(mention_id=3485|references=(entity=(entity_id=entity_0085|fullname=Baronesse|gender=f)))	(mention_id=3541|references=(entity=(entity_id=1|fullname=Baronesse|gender=f)))
27837	Güter	0		
27838	mit	0		
27839	Charlotten	0	(mention_id=3486|references=(entity=(entity_id=entity_0002|fullname=Charlotte|gender=f)))	(mention_id=3542|references=(entity=(entity_id=2|fullname=Charlotte|gender=f)))
27840	einzuladen	0		
27841	und	0		
27842	die	0		
27843	Frage	0		
27844	Eduards	0	(mention_id=3487|references=(entity=(entity_id=entity_0001|fullname=Eduard|gender=m)))	(mention_id=3543|references=(entity=(entity_id=3|fullname=Eduard|gender=m)))
27845	,	0		
27846	ob	0		
27847	sie	0	(mention_id=3488|references=(entity=(entity_id=entity_0085|fullname=Baronesse|gender=f)))	(mention_id=3544|references=(entity=(entity_id=3|fullname=Eduard|gender=m)),(entity=(entity_id=2|fullname=Charlotte|gender=f)))
27848	Ottilien	0	(mention_id=3489|references=(entity=(entity_id=entity_0006|fullname=Ottilie|gender=f)))	(mention_id=3545|references=(entity=(entity_id=18|fullname=Ottilie|gender=f)))
27849	mitbringen	0		
27850	dürften	0		
27851	,	0		
27852	auf	0		
27853	eine	0		
27854	Weise	0		
27855	,	0		
27856	die	0		
27857	er	0	(mention_id=3490|references=(entity=(entity_id=entity_0001|fullname=Eduard|gender=m)))	(mention_id=3546|references=(entity=(entity_id=3|fullname=Eduard|gender=m)))
27858	beliebig	0		
27859	zu	0		
27860	seinen	0	(mention_id=3491|references=(entity=(entity_id=entity_0001|fullname=Eduard|gender=m)))	(mention_id=3547|references=(entity=(entity_id=3|fullname=Eduard|gender=m)))
27861	Gunsten	0		
27862	auslegen	0		
27863	konnte	0		
27864	,	0		
27865	zu	0		
27866	beantworten	0		
27867	.	0		
27868	Eduard	0	(mention_id=3492|references=(entity=(entity_id=entity_0001|fullname=Eduard|gender=m)))	(mention_id=3548|references=(entity=(entity_id=3|fullname=Eduard|gender=m)))
27869	sprach	0		
27870	schon	0		
27871	mit	0		
27872	Entzücken	0		
27873	von	0		
27874	der	0		
27875	herrlichen	0		
27876	Gegend	0		
27877	,	0		
27878	dem	0		
27879	großen	0		
27880	Flusse	0		
27881	,	0		
27882	den	0		
27883	Hügeln	0		
27884	,	0		
27885	Felsen	0		
27886	und	0		
27887	Weinbergen	0		
27888	,	0		
27889	von	0		
27890	alten	0		
27891	Schlössern	0		
27892	,	0		
27893	von	0		
27894	Wasserfahrten	0		
27895	,	0		
27896	von	0		
27897	dem	0		
27898	Jubel	0		
27899	der	0		
27900	Weinlese	0		
27901	,	0		
27902	des	0		
27903	Kelterns	0		
27904	und	0		
27905	so	0		
27906	weiter	0		
27907	,	0		
27908	wobei	0		
27909	er	0	(mention_id=3493|references=(entity=(entity_id=entity_0001|fullname=Eduard|gender=m)))	(mention_id=3549|references=(entity=(entity_id=3|fullname=Eduard|gender=m)))
27910	in	0		
27911	der	0		
27912	Unschuld	0		
27913	seines	0	(mention_id=3494|references=(entity=(entity_id=entity_0001|fullname=Eduard|gender=m)))	(mention_id=3550|references=(entity=(entity_id=3|fullname=Eduard|gender=m)))
27914	Herzens	0		
27915	sich	0	(mention_id=3495|references=(entity=(entity_id=entity_0001|fullname=Eduard|gender=m)))	(mention_id=3551|references=(entity=(entity_id=3|fullname=Eduard|gender=m)))
27916	schon	0		
27917	zum	0		
27918	voraus	0		
27919	laut	0		
27920	über	0		
27921	den	0		
27922	Eindruck	0		
27923	freute	0		
27924	,	0		
27925	den	0		
27926	dergleichen	0		
27927	Szenen	0		
27928	auf	0		
27929	das	0		
27930	frische	0		
27931	Gemüt	0		
27932	Ottiliens	0	(mention_id=3496|references=(entity=(entity_id=entity_0006|fullname=Ottilie|gender=f)))	(mention_id=3552|references=(entity=(entity_id=18|fullname=Ottilie|gender=f)))
27933	machen	0		
27934	würden	0		
27935	.	0		
27936	In	0		
27937	diesem	0		
27938	Augenblick	0		
27939	sah	0		
27940	man	0		
27941	Ottilien	0	(mention_id=3497|references=(entity=(entity_id=entity_0006|fullname=Ottilie|gender=f)))	(mention_id=3553|references=(entity=(entity_id=18|fullname=Ottilie|gender=f)))
27942	herankommen	0		
27943	,	0		
27944	und	0		
27945	die	0		
27946	Baronesse	0	(mention_id=3498|references=(entity=(entity_id=entity_0085|fullname=Baronesse|gender=f)))	(mention_id=3554|references=(entity=(entity_id=1|fullname=Baronesse|gender=f)))
27947	sagte	0		
27948	schnell	0		
27949	zu	0		
27950	Eduard	0	(mention_id=3499|references=(entity=(entity_id=entity_0001|fullname=Eduard|gender=m)))	(mention_id=3555|references=(entity=(entity_id=3|fullname=Eduard|gender=m)))
27951	,	0		
27952	er	0	(mention_id=3500|references=(entity=(entity_id=entity_0001|fullname=Eduard|gender=m)))	(mention_id=3556|references=(entity=(entity_id=3|fullname=Eduard|gender=m)))
27953	möchte	0		
27954	von	0		
27955	dieser	0		
27956	vorhabenden	0		
27957	Herbstreise	0		
27958	ja	0		
27959	nichts	0		
27960	reden	0		
27961	;	0		
27962	denn	0		
27963	gewöhnlich	0		
27964	geschähe	0		
27965	das	0		
27966	nicht	0		
27967	,	0		
27968	worauf	0		
27969	man	0		
27970	sich	0		
27971	so	0		
27972	lange	0		
27973	voraus	0		
27974	freue	0		
27975	.	0		
27976	Eduard	0	(mention_id=3501|references=(entity=(entity_id=entity_0001|fullname=Eduard|gender=m)))	(mention_id=3557|references=(entity=(entity_id=3|fullname=Eduard|gender=m)))
27977	versprach	0		
27978	,	0		
27979	nötigte	0		
27980	sie	0	(mention_id=3502|references=(entity=(entity_id=entity_0085|fullname=Baronesse|gender=f)))	(mention_id=3558|references=(entity=(entity_id=1|fullname=Baronesse|gender=f)))
27981	aber	0		
27982	,	0		
27983	Ottilien	0	(mention_id=3503|references=(entity=(entity_id=entity_0006|fullname=Ottilie|gender=f)))	(mention_id=3559|references=(entity=(entity_id=18|fullname=Ottilie|gender=f)))
27984	entgegen	0		
27985	geschwinder	0		
27986	zu	0		
27987	gehen	0		
27988	,	0		
27989	und	0		
27990	eilte	0		
27991	ihr	0	(mention_id=3504|references=(entity=(entity_id=entity_0006|fullname=Ottilie|gender=f)))	(mention_id=3560|references=(entity=(entity_id=18|fullname=Ottilie|gender=f)))
27992	endlich	0		
27993	,	0		
27994	dem	0		
27995	lieben	0		
27996	Kinde	0	(mention_id=3505|references=(entity=(entity_id=entity_0006|fullname=Ottilie|gender=f)))	(mention_id=3561|references=(entity=(entity_id=18|fullname=Ottilie|gender=f)))
27997	zu	0		
27998	,	0		
27999	mehrere	0		
28000	Schritte	0		
28001	voran	0		
28002	.	0		
28003	Eine	0		
28004	herzliche	0		
28005	Freude	0		
28006	drückte	0		
28007	sich	0		
28008	in	0		
28009	seinem	0	(mention_id=3506|references=(entity=(entity_id=entity_0001|fullname=Eduard|gender=m)))	(mention_id=3562|references=(entity=(entity_id=3|fullname=Eduard|gender=m)))
28010	ganzen	0		
28011	Wesen	0		
28012	aus	0		
28013	.	0		
28014	Er	0	(mention_id=3507|references=(entity=(entity_id=entity_0001|fullname=Eduard|gender=m)))	(mention_id=3563|references=(entity=(entity_id=3|fullname=Eduard|gender=m)))
28015	küßte	0		
28016	ihr	0	(mention_id=3508|references=(entity=(entity_id=entity_0006|fullname=Ottilie|gender=f)))	(mention_id=3564|references=(entity=(entity_id=18|fullname=Ottilie|gender=f)))
28017	die	0		
28018	Hand	0		
28019	,	0		
28020	in	0		
28021	die	0		
28022	er	0	(mention_id=3509|references=(entity=(entity_id=entity_0001|fullname=Eduard|gender=m)))	(mention_id=3565|references=(entity=(entity_id=3|fullname=Eduard|gender=m)))
28023	einen	0		
28024	Strauß	0		
28025	Feldblumen	0		
28026	drückte	0		
28027	,	0		
28028	die	0		
28029	er	0	(mention_id=3510|references=(entity=(entity_id=entity_0001|fullname=Eduard|gender=m)))	(mention_id=3566|references=(entity=(entity_id=3|fullname=Eduard|gender=m)))
28030	unterwegs	0		
28031	zusammengepflückt	0		
28032	hatte	0		
28033	.	0		
28034	Die	0		
28035	Baronesse	0	(mention_id=3511|references=(entity=(entity_id=entity_0085|fullname=Baronesse|gender=f)))	(mention_id=3567|references=(entity=(entity_id=1|fullname=Baronesse|gender=f)))
28036	fühlte	0		
28037	sich	0	(mention_id=3512|references=(entity=(entity_id=entity_0085|fullname=Baronesse|gender=f)))	(mention_id=3568|references=(entity=(entity_id=1|fullname=Baronesse|gender=f)))
28038	bei	0		
28039	diesem	0		
28040	Anblick	0		
28041	in	0		
28042	ihrem	0	(mention_id=3513|references=(entity=(entity_id=entity_0085|fullname=Baronesse|gender=f)))	(mention_id=3569|references=(entity=(entity_id=1|fullname=Baronesse|gender=f)))
28043	Innern	0		
28044	fast	0		
28045	erbittert	0		
28046	.	0		
28047	Denn	0		
28048	wenn	0		
28049	sie	0	(mention_id=3514|references=(entity=(entity_id=entity_0085|fullname=Baronesse|gender=f)))	(mention_id=3570|references=(entity=(entity_id=1|fullname=Baronesse|gender=f)))
28050	auch	0		
28051	das	0		
28052	,	0		
28053	was	0		
28054	an	0		
28055	dieser	0		
28056	Neigung	0		
28057	strafbar	0		
28058	sein	0		
28059	mochte	0		
28060	,	0		
28061	nicht	0		
28062	billigen	0		
28063	durfte	0		
28064	,	0		
28065	so	0		
28066	konnte	0		
28067	sie	0	(mention_id=3515|references=(entity=(entity_id=entity_0085|fullname=Baronesse|gender=f)))	(mention_id=3571|references=(entity=(entity_id=1|fullname=Baronesse|gender=f)))
28068	das	0		
28069	,	0		
28070	was	0		
28071	daran	0		
28072	liebenswürdig	0		
28073	und	0		
28074	angenehm	0		
28075	war	0		
28076	,	0		
28077	jenem	0		
28078	unbedeutenden	0		
28079	Neuling	0		(mention_id=3572|references=(entity=(entity_id=18|fullname=Ottilie|gender=f)))
28080	von	0		
28081	Mädchen	0	(mention_id=3516|references=(entity=(entity_id=entity_0006|fullname=Ottilie|gender=f)))	(mention_id=3573|references=(entity=(entity_id=18|fullname=Ottilie|gender=f)))
28082	keineswegs	0		
28083	gönnen	0		
28084	.	0		
28085	Als	0		
28086	man	0	(mention_id=3517|references=(entity=(entity_id=entity_0001|fullname=Eduard|gender=m)),(entity=(entity_id=entity_0002|fullname=Charlotte|gender=f)),(entity=(entity_id=entity_0006|fullname=Ottilie|gender=f)),(entity=(entity_id=entity_0003|fullname=Hauptmann|gender=m|possible_identity_with=entity_0374)),(entity=(entity_id=entity_0086|fullname=Graf|gender=m)),(entity=(entity_id=entity_0085|fullname=Baronesse|gender=f)))	(mention_id=3574|references=(entity=(entity_id=26|fullname=die Gesellschaft im Haus|gender=mf|specialcase_entity=group)))
28087	sich	0	(mention_id=3518|references=(entity=(entity_id=entity_0085|fullname=Baronesse|gender=f)),(entity=(entity_id=entity_0086|fullname=Graf|gender=m)),(entity=(entity_id=entity_0003|fullname=Hauptmann|gender=m|possible_identity_with=entity_0374)),(entity=(entity_id=entity_0006|fullname=Ottilie|gender=f)),(entity=(entity_id=entity_0002|fullname=Charlotte|gender=f)),(entity=(entity_id=entity_0001|fullname=Eduard|gender=m)))	(mention_id=3575|references=(entity=(entity_id=26|fullname=die Gesellschaft im Haus|gender=mf|specialcase_entity=group)))
28088	zum	0		
28089	Abendessen	0		
28090	zusammengesetzt	0		
28091	hatte	0		
28092	,	0		
28093	war	0		
28094	eine	0		
28095	völlig	0		
28096	andre	0		
28097	Stimmung	0		
28098	in	0		
28099	der	0		
28100	Gesellschaft	0	(mention_id=3519|references=(entity=(entity_id=entity_0001|fullname=Eduard|gender=m)),(entity=(entity_id=entity_0086|fullname=Graf|gender=m)),(entity=(entity_id=entity_0085|fullname=Baronesse|gender=f)),(entity=(entity_id=entity_0006|fullname=Ottilie|gender=f)),(entity=(entity_id=entity_0003|fullname=Hauptmann|gender=m|possible_identity_with=entity_0374)),(entity=(entity_id=entity_0002|fullname=Charlotte|gender=f)))	(mention_id=3576|references=(entity=(entity_id=26|fullname=die Gesellschaft im Haus|gender=mf|specialcase_entity=group)))
28101	verbreitet	0		
28102	.	0		
28103	Der	0		
28104	Graf	0	(mention_id=3520|references=(entity=(entity_id=entity_0086|fullname=Graf|gender=m)))	(mention_id=3577|references=(entity=(entity_id=12|fullname=Graf|gender=m)))
28105	,	0		
28106	der	0	(mention_id=3521|references=(entity=(entity_id=entity_0086|fullname=Graf|gender=m)))	(mention_id=3578|references=(entity=(entity_id=12|fullname=Graf|gender=m)))
28107	schon	0		
28108	vor	0		
28109	Tische	0		
28110	geschrieben	0		
28111	und	0		
28112	den	0		
28113	Boten	0		(mention_id=3579|references=(entity=(entity_id=43|fullname=reitender Bote|gender=m)))
28114	fortgeschickt	0		
28115	hatte	0		
28116	,	0		
28117	unterhielt	0		
28118	sich	0	(mention_id=3522|references=(entity=(entity_id=entity_0086|fullname=Graf|gender=m)))	(mention_id=3580|references=(entity=(entity_id=12|fullname=Graf|gender=m)))
28119	mit	0		
28120	dem	0		
28121	Hauptmann	0	(mention_id=3523|references=(entity=(entity_id=entity_0003|fullname=Hauptmann|gender=m|possible_identity_with=entity_0374)))	(mention_id=3581|references=(entity=(entity_id=13|fullname=Hauptmann|gender=m)))
28122	,	0		
28123	den	0	(mention_id=3524|references=(entity=(entity_id=entity_0003|fullname=Hauptmann|gender=m|possible_identity_with=entity_0374)))	(mention_id=3582|references=(entity=(entity_id=13|fullname=Hauptmann|gender=m)))
28124	er	0	(mention_id=3525|references=(entity=(entity_id=entity_0086|fullname=Graf|gender=m)))	(mention_id=3583|references=(entity=(entity_id=12|fullname=Graf|gender=m)))
28125	auf	0		
28126	eine	0		
28127	verständige	0		
28128	und	0		
28129	bescheidene	0		
28130	Weise	0		
28131	immer	0		
28132	mehr	0		
28133	ausforschte	0		
28134	,	0		
28135	indem	0		
28136	er	0	(mention_id=3526|references=(entity=(entity_id=entity_0086|fullname=Graf|gender=m)))	(mention_id=3584|references=(entity=(entity_id=12|fullname=Graf|gender=m)))
28137	ihn	0	(mention_id=3527|references=(entity=(entity_id=entity_0003|fullname=Hauptmann|gender=m|possible_identity_with=entity_0374)))	(mention_id=3585|references=(entity=(entity_id=13|fullname=Hauptmann|gender=m)))
28138	diesen	0		
28139	Abend	0		
28140	an	0		
28141	seine	0	(mention_id=3528|references=(entity=(entity_id=entity_0086|fullname=Graf|gender=m)))	(mention_id=3586|references=(entity=(entity_id=12|fullname=Graf|gender=m)))
28142	Seite	0		
28143	gebracht	0		
28144	hatte	0		
28145	.	0		
28146	Die	0		
28147	zur	0		
28148	Rechten	0		
28149	des	0		
28150	Grafen	0	(mention_id=3529|references=(entity=(entity_id=entity_0086|fullname=Graf|gender=m)))	(mention_id=3587|references=(entity=(entity_id=12|fullname=Graf|gender=m)))
28151	sitzende	0		
28152	Baronesse	0	(mention_id=3530|references=(entity=(entity_id=entity_0085|fullname=Baronesse|gender=f)))	(mention_id=3588|references=(entity=(entity_id=1|fullname=Baronesse|gender=f)))
28153	fand	0		
28154	von	0		
28155	daher	0		
28156	wenig	0		
28157	Unterhaltung	0		
28158	,	0		
28159	ebensowenig	0		
28160	an	0		
28161	Eduard	0	(mention_id=3531|references=(entity=(entity_id=entity_0001|fullname=Eduard|gender=m)))	(mention_id=3589|references=(entity=(entity_id=3|fullname=Eduard|gender=m)))
28162	,	0		
28163	der	0	(mention_id=3532|references=(entity=(entity_id=entity_0001|fullname=Eduard|gender=m)))	(mention_id=3590|references=(entity=(entity_id=3|fullname=Eduard|gender=m)))
28164	,	0		
28165	erst	0		
28166	durstig	0		
28167	,	0		
28168	dann	0		
28169	aufgeregt	0		
28170	,	0		
28171	des	0		
28172	Weines	0		
28173	nicht	0		
28174	schonte	0		
28175	und	0		
28176	sich	0	(mention_id=3533|references=(entity=(entity_id=entity_0001|fullname=Eduard|gender=m)))	(mention_id=3591|references=(entity=(entity_id=3|fullname=Eduard|gender=m)))
28177	sehr	0		
28178	lebhaft	0		
28179	mit	0		
28180	Ottilien	0	(mention_id=3534|references=(entity=(entity_id=entity_0006|fullname=Ottilie|gender=f)))	(mention_id=3592|references=(entity=(entity_id=18|fullname=Ottilie|gender=f)))
28181	unterhielt	0		
28182	,	0		
28183	die	0	(mention_id=3535|references=(entity=(entity_id=entity_0006|fullname=Ottilie|gender=f)))	(mention_id=3593|references=(entity=(entity_id=18|fullname=Ottilie|gender=f)))
28184	er	0	(mention_id=3536|references=(entity=(entity_id=entity_0001|fullname=Eduard|gender=m)))	(mention_id=3594|references=(entity=(entity_id=3|fullname=Eduard|gender=m)))
28185	an	0		
28186	sich	0	(mention_id=3537|references=(entity=(entity_id=entity_0006|fullname=Ottilie|gender=f)))	(mention_id=3595|references=(entity=(entity_id=3|fullname=Eduard|gender=m)))
28187	gezogen	0		
28188	hatte	0		
28189	,	0		
28190	wie	0		
28191	von	0		
28192	der	0		
28193	andern	0		
28194	Seite	0		
28195	neben	0		
28196	dem	0		
28197	Hauptmann	0	(mention_id=3538|references=(entity=(entity_id=entity_0003|fullname=Hauptmann|gender=m|possible_identity_with=entity_0374)),(entity=(entity_id=entity_0002|fullname=Charlotte|gender=f)))	(mention_id=3596|references=(entity=(entity_id=13|fullname=Hauptmann|gender=m)))
28198	Charlotte	0	(mention_id=3539|references=(entity=(entity_id=entity_0003|fullname=Hauptmann|gender=m|possible_identity_with=entity_0374)),(entity=(entity_id=entity_0002|fullname=Charlotte|gender=f)))	(mention_id=3597|references=(entity=(entity_id=2|fullname=Charlotte|gender=f)))
28199	saß	0		
28200	,	0		
28201	der	0	(mention_id=3540|references=(entity=(entity_id=entity_0002|fullname=Charlotte|gender=f)))	(mention_id=3598|references=(entity=(entity_id=2|fullname=Charlotte|gender=f)))
28202	es	0		
28203	schwer	0		
28204	,	0		
28205	ja	0		
28206	beinahe	0		
28207	unmöglich	0		
28208	ward	0		
28209	,	0		
28210	die	0		
28211	Bewegungen	0		
28212	ihres	0	(mention_id=3541|references=(entity=(entity_id=entity_0002|fullname=Charlotte|gender=f)))	(mention_id=3599|references=(entity=(entity_id=2|fullname=Charlotte|gender=f)))
28213	Innern	0		
28214	zu	0		
28215	verbergen	0		
28216	.	0		
28217	Die	0		
28218	Baronesse	0	(mention_id=3542|references=(entity=(entity_id=entity_0085|fullname=Baronesse|gender=f)))	(mention_id=3600|references=(entity=(entity_id=1|fullname=Baronesse|gender=f)))
28219	hatte	0		
28220	Zeit	0		
28221	genug	0		
28222	,	0		
28223	Beobachtungen	0		
28224	anzustellen	0		
28225	.	0		
28226	Sie	0	(mention_id=3543|references=(entity=(entity_id=entity_0085|fullname=Baronesse|gender=f)))	(mention_id=3601|references=(entity=(entity_id=1|fullname=Baronesse|gender=f)))
28227	bemerkte	0		
28228	Charlottens	0	(mention_id=3544|references=(entity=(entity_id=entity_0002|fullname=Charlotte|gender=f)))	(mention_id=3602|references=(entity=(entity_id=2|fullname=Charlotte|gender=f)))
28229	Unbehagen	0		
28230	,	0		
28231	und	0		
28232	weil	0		
28233	sie	0	(mention_id=3545|references=(entity=(entity_id=entity_0085|fullname=Baronesse|gender=f)))	(mention_id=3603|references=(entity=(entity_id=1|fullname=Baronesse|gender=f)))
28234	nur	0		
28235	Eduards	0	(mention_id=3546|references=(entity=(entity_id=entity_0001|fullname=Eduard|gender=m)))	(mention_id=3604|references=(entity=(entity_id=3|fullname=Eduard|gender=m)))
28236	Verhältnis	0		
28237	zu	0		
28238	Ottilien	0	(mention_id=3547|references=(entity=(entity_id=entity_0006|fullname=Ottilie|gender=f)))	(mention_id=3605|references=(entity=(entity_id=18|fullname=Ottilie|gender=f)))
28239	im	0		
28240	Sinn	0		
28241	hatte	0		
28242	,	0		
28243	so	0		
28244	überzeugte	0		
28245	sie	0	(mention_id=3548|references=(entity=(entity_id=entity_0085|fullname=Baronesse|gender=f)))	(mention_id=3606|references=(entity=(entity_id=1|fullname=Baronesse|gender=f)))
28246	sich	0	(mention_id=3549|references=(entity=(entity_id=entity_0085|fullname=Baronesse|gender=f)))	(mention_id=3607|references=(entity=(entity_id=1|fullname=Baronesse|gender=f)))
28247	leicht	0		
28248	,	0		
28249	auch	0		
28250	Charlotte	0	(mention_id=3550|references=(entity=(entity_id=entity_0002|fullname=Charlotte|gender=f)))	(mention_id=3608|references=(entity=(entity_id=2|fullname=Charlotte|gender=f)))
28251	sei	0		
28252	bedenklich	0		
28253	und	0		
28254	verdrießlich	0		
28255	über	0		
28256	ihres	0	(mention_id=3551|references=(entity=(entity_id=entity_0002|fullname=Charlotte|gender=f)))	(mention_id=3609|references=(entity=(entity_id=2|fullname=Charlotte|gender=f)))
28257	Gemahls	0	(mention_id=3552|references=(entity=(entity_id=entity_0001|fullname=Eduard|gender=m)))	(mention_id=3610|references=(entity=(entity_id=3|fullname=Eduard|gender=m)))
28258	Benehmen	0		
28259	,	0		
28260	und	0		
28261	überlegte	0		
28262	,	0		
28263	wie	0		
28264	sie	0	(mention_id=3553|references=(entity=(entity_id=entity_0085|fullname=Baronesse|gender=f)))	(mention_id=3611|references=(entity=(entity_id=1|fullname=Baronesse|gender=f)))
28265	nunmehr	0		
28266	am	0		
28267	besten	0		
28268	zu	0		
28269	ihren	0	(mention_id=3554|references=(entity=(entity_id=entity_0085|fullname=Baronesse|gender=f)))	(mention_id=3612|references=(entity=(entity_id=1|fullname=Baronesse|gender=f)))
28270	Zwecken	0		
28271	gelangen	0		
28272	könne	0		
28273	.	0		
28274	Auch	0		
28275	nach	0		
28276	Tische	0		
28277	fand	0		
28278	sich	0		
28279	ein	0		
28280	Zwiespalt	0		
28281	in	0		
28282	der	0		
28283	Gesellschaft	0	(mention_id=3555|references=(entity=(entity_id=entity_0001|fullname=Eduard|gender=m)),(entity=(entity_id=entity_0002|fullname=Charlotte|gender=f)),(entity=(entity_id=entity_0006|fullname=Ottilie|gender=f)),(entity=(entity_id=entity_0003|fullname=Hauptmann|gender=m|possible_identity_with=entity_0374)),(entity=(entity_id=entity_0086|fullname=Graf|gender=m)),(entity=(entity_id=entity_0085|fullname=Baronesse|gender=f)))	(mention_id=3613|references=(entity=(entity_id=26|fullname=die Gesellschaft im Haus|gender=mf|specialcase_entity=group)))
28284	.	0		
28285	Der	0		
28286	Graf	0	(mention_id=3556|references=(entity=(entity_id=entity_0086|fullname=Graf|gender=m)))	(mention_id=3614|references=(entity=(entity_id=12|fullname=Graf|gender=m)))
28287	,	0		
28288	der	0	(mention_id=3557|references=(entity=(entity_id=entity_0086|fullname=Graf|gender=m)))	(mention_id=3615|references=(entity=(entity_id=12|fullname=Graf|gender=m)))
28289	den	0		
28290	Hauptmann	0	(mention_id=3558|references=(entity=(entity_id=entity_0003|fullname=Hauptmann|gender=m|possible_identity_with=entity_0374)))	(mention_id=3616|references=(entity=(entity_id=13|fullname=Hauptmann|gender=m)))
28291	recht	0		
28292	er	0		
28293	gründen	0		
28294	wollte	0		
28295	,	0		
28296	brauchte	0		
28297	bei	0		
28298	einem	0		
28299	so	0		
28300	ruhigen	0		
28301	,	0		
28302	keineswegs	0		
28303	eitlen	0		
28304	und	0		
28305	überhaupt	0		
28306	lakonischen	0		
28307	Manne	0	(mention_id=3559|references=(entity=(entity_id=entity_0003|fullname=Hauptmann|gender=m|possible_identity_with=entity_0374)))	(mention_id=3617|references=(entity=(entity_id=13|fullname=Hauptmann|gender=m)))
28308	verschiedene	0		
28309	Wendungen	0		
28310	,	0		
28311	um	0		
28312	zu	0		
28313	erfahren	0		
28314	,	0		
28315	was	0		
28316	er	0	(mention_id=3560|references=(entity=(entity_id=entity_0086|fullname=Graf|gender=m)))	(mention_id=3618|references=(entity=(entity_id=12|fullname=Graf|gender=m)))
28317	wünschte	0		
28318	.	0		
28319	Sie	0	(mention_id=3561|references=(entity=(entity_id=entity_0086|fullname=Graf|gender=m)),(entity=(entity_id=entity_0003|fullname=Hauptmann|gender=m|possible_identity_with=entity_0374)))	(mention_id=3619|references=(entity=(entity_id=12|fullname=Graf|gender=m)),(entity=(entity_id=13|fullname=Hauptmann|gender=m)))
28320	gingen	0		
28321	miteinander	0		
28322	an	0		
28323	der	0		
28324	einen	0		
28325	Seite	0		
28326	des	0		
28327	Saals	0		
28328	auf	0		
28329	und	0		
28330	ab	0		
28331	,	0		
28332	indes	0		
28333	Eduard	0	(mention_id=3562|references=(entity=(entity_id=entity_0001|fullname=Eduard|gender=m)))	(mention_id=3620|references=(entity=(entity_id=3|fullname=Eduard|gender=m)))
28334	,	0		
28335	aufgeregt	0		
28336	von	0		
28337	Wein	0		
28338	und	0		
28339	Hoffnung	0		
28340	,	0		
28341	mit	0		
28342	Ottilien	0	(mention_id=3563|references=(entity=(entity_id=entity_0006|fullname=Ottilie|gender=f)))	(mention_id=3621|references=(entity=(entity_id=18|fullname=Ottilie|gender=f)))
28343	an	0		
28344	einem	0		
28345	Fenster	0		
28346	scherzte	0		
28347	,	0		
28348	Charlotte	0	(mention_id=3564|references=(entity=(entity_id=entity_0002|fullname=Charlotte|gender=f)))	(mention_id=3622|references=(entity=(entity_id=2|fullname=Charlotte|gender=f)))
28349	und	0		
28350	die	0		
28351	Baronesse	0	(mention_id=3565|references=(entity=(entity_id=entity_0085|fullname=Baronesse|gender=f)))	(mention_id=3623|references=(entity=(entity_id=1|fullname=Baronesse|gender=f)))
28352	aber	0		
28353	stillschweigend	0		
28354	an	0		
28355	der	0		
28356	andern	0		
28357	Seite	0		
28358	des	0		
28359	Saals	0		
28360	nebeneinander	0		
28361	hin	0		
28362	und	0		
28363	wider	0		
28364	gingen	0		
28365	.	0		
28366	Ihr	0	(mention_id=3566|references=(entity=(entity_id=entity_0002|fullname=Charlotte|gender=f)),(entity=(entity_id=entity_0085|fullname=Baronesse|gender=f)))	(mention_id=3624|references=(entity=(entity_id=2|fullname=Charlotte|gender=f)),(entity=(entity_id=1|fullname=Baronesse|gender=f)))
28367	Schweigen	0		
28368	und	0		
28369	müßiges	0		
28370	Umherstehen	0		
28371	brachte	0		
28372	denn	0		
28373	auch	0		
28374	zuletzt	0		
28375	eine	0		
28376	Stockung	0		
28377	in	0		
28378	die	0		
28379	übrige	0		
28380	Gesellschaft	0	(mention_id=3567|references=(entity=(entity_id=entity_0001|fullname=Eduard|gender=m)),(entity=(entity_id=entity_0006|fullname=Ottilie|gender=f)),(entity=(entity_id=entity_0086|fullname=Graf|gender=m)),(entity=(entity_id=entity_0003|fullname=Hauptmann|gender=m|possible_identity_with=entity_0374)))	(mention_id=3625|references=(entity=(entity_id=26|fullname=die Gesellschaft im Haus|gender=mf|specialcase_entity=group)))
28381	.	0		
28382	Die	0		
28383	Frauen	0	(mention_id=3568|references=(entity=(entity_id=entity_0002|fullname=Charlotte|gender=f)),(entity=(entity_id=entity_0085|fullname=Baronesse|gender=f)),(entity=(entity_id=entity_0006|fullname=Ottilie|gender=f)))	(mention_id=3626|references=(entity=(entity_id=2|fullname=Charlotte|gender=f)),(entity=(entity_id=1|fullname=Baronesse|gender=f)))
28384	zogen	0		
28385	sich	0	(mention_id=3569|references=(entity=(entity_id=entity_0002|fullname=Charlotte|gender=f)),(entity=(entity_id=entity_0085|fullname=Baronesse|gender=f)),(entity=(entity_id=entity_0006|fullname=Ottilie|gender=f)))	(mention_id=3627|references=(entity=(entity_id=2|fullname=Charlotte|gender=f)),(entity=(entity_id=1|fullname=Baronesse|gender=f)))
28386	zurück	0		
28387	auf	0		
28388	ihren	0	(mention_id=3570|references=(entity=(entity_id=entity_0002|fullname=Charlotte|gender=f)),(entity=(entity_id=entity_0085|fullname=Baronesse|gender=f)),(entity=(entity_id=entity_0006|fullname=Ottilie|gender=f)))	(mention_id=3628|references=(entity=(entity_id=2|fullname=Charlotte|gender=f)),(entity=(entity_id=1|fullname=Baronesse|gender=f)))
28389	Flügel	0		
28390	,	0		
28391	die	0		
28392	Männer	0	(mention_id=3571|references=(entity=(entity_id=entity_0086|fullname=Graf|gender=m)),(entity=(entity_id=entity_0001|fullname=Eduard|gender=m)),(entity=(entity_id=entity_0003|fullname=Hauptmann|gender=m|possible_identity_with=entity_0374)))	
28393	auf	0		
28394	den	0		
28395	andern	0		
28396	,	0		
28397	und	0		
28398	so	0		
28399	schien	0		
28400	dieser	0		
28401	Tag	0		
28402	abgeschlossen	0		
28403	.	0		
