i	token	mention	gold
85	Erstes		
86	Buch		
87	Erstes		
88	Kapitel		
89	Ich	11	(mention_id=12|references=(entity=(entity_id=entity_0002|fullname=Gustav von S.|gender=m)))
90	war		
91	achtzehn		
92	Jahr		
93	alt		
94	,		
95	und		
96	die		
97	ganze		
98	Welt		
99	lag		
100	wie		
101	ein		
102	Paradies		
103	vor		
104	mir	12	(mention_id=13|references=(entity=(entity_id=entity_0002|fullname=Gustav von S.|gender=m)))
105	.		
106	Meine	13	(mention_id=14|references=(entity=(entity_id=entity_0002|fullname=Gustav von S.|gender=m)))
107	Familie		
108	,		
109	meine	14	(mention_id=15|references=(entity=(entity_id=entity_0002|fullname=Gustav von S.|gender=m)))
110	Figur		
111	,		
112	mein	15	(mention_id=16|references=(entity=(entity_id=entity_0002|fullname=Gustav von S.|gender=m)))
113	Vermögen		
114	,		
115	alles		
116	versprach		
117	mir	16	(mention_id=17|references=(entity=(entity_id=entity_0002|fullname=Gustav von S.|gender=m)))
118	die		
119	glänzendsten		
120	Aussichten		
121	.		
122	Meine	17	(mention_id=18|references=(entity=(entity_id=entity_0002|fullname=Gustav von S.|gender=m)))
123	Aeltern	18	(mention_id=19|references=(entity=(entity_id=entity_0017|fullname=Gustavs Eltern|gender=mf|specialcase_entity=group)))
124	waren		
125	sehr		
126	frühzeitig		
127	gestorben		
128	,		
129	und		
130	ich	19	(mention_id=20|references=(entity=(entity_id=entity_0002|fullname=Gustav von S.|gender=m)))
131	wurde		
132	bey		
133	einer		
134	Tante	20	(mention_id=21|references=(entity=(entity_id=entity_0006|fullname=Gustavs Tante|gender=f)))
135	erzogen		
136	.		
137	Sie	21	(mention_id=22|references=(entity=(entity_id=entity_0006|fullname=Gustavs Tante|gender=f)))
138	war		
139	seit		
140	vielen		
141	Jahren		
142	Wittwe	22	(mention_id=23|references=(entity=(entity_id=entity_0006|fullname=Gustavs Tante|gender=f)))
143	und		
144	außerordentlich		
145	reich		
146	.		
147	Meine	23	(mention_id=24|references=(entity=(entity_id=entity_0002|fullname=Gustav von S.|gender=m)))
148	Vormünder		(mention_id=25|references=(entity=(entity_id=entity_0015|fullname=Gustavs Vormünder|gender=m|specialcase_entity=group)))
149	hatten		
150	mich	24	(mention_id=26|references=(entity=(entity_id=entity_0002|fullname=Gustav von S.|gender=m)))
151	ihr	25	(mention_id=27|references=(entity=(entity_id=entity_0006|fullname=Gustavs Tante|gender=f)))
152	gänzlich		
153	überlassen		
154	,		
155	und		
156	sie	26	(mention_id=28|references=(entity=(entity_id=entity_0006|fullname=Gustavs Tante|gender=f)))
157	machte		
158	ihren	27	(mention_id=29|references=(entity=(entity_id=entity_0006|fullname=Gustavs Tante|gender=f)))
159	Abgott	28	(mention_id=30|references=(entity=(entity_id=entity_0002|fullname=Gustav von S.|gender=m)))
160	aus		
161	mir	29	(mention_id=31|references=(entity=(entity_id=entity_0002|fullname=Gustav von S.|gender=m)))
162	.		
163	Meine	30	(mention_id=32|references=(entity=(entity_id=entity_0002|fullname=Gustav von S.|gender=m)))
164	Figur		
165	war		
166	bezaubernd		
167	,		
168	und		
169	ich	31	(mention_id=33|references=(entity=(entity_id=entity_0002|fullname=Gustav von S.|gender=m)))
170	floß		
171	von		
172	Gesundheit		
173	über		
174	.		
175	Ich	32	(mention_id=34|references=(entity=(entity_id=entity_0002|fullname=Gustav von S.|gender=m)))
176	schien		
177	alle		
178	Reitze		
179	der		
180	Jugend		
181	und		
182	die		
183	ganze		
184	Kraft		
185	eines		
186	Mannes	33	(mention_id=35|references=(entity=(entity_id=entity_0002|fullname=Gustav von S.|gender=m)))
187	zu		
188	haben		
189	.		
190	Aber		
191	mein	34	(mention_id=36|references=(entity=(entity_id=entity_0002|fullname=Gustav von S.|gender=m)))
192	Temperament		
193	war		
194	noch		
195	unentwickelt		
196	,		
197	und		
198	ein		
199	rasches		
200	Pferd		
201	war		
202	mir	35	(mention_id=37|references=(entity=(entity_id=entity_0002|fullname=Gustav von S.|gender=m)))
203	lieber		
204	,		
205	als		
206	alle		
207	Mädchen	36	(mention_id=38|references=(entity=(entity_id=generic_0131|fullname=generic_0010|gender=u|specialcase_entity=generic)))
208	in		
209	der		
210	Welt		
211	.		
212	Doch		
213	die		
214	Natur		
215	blieb		
216	ihrem		
217	Plane		
218	getreu		
219	,		
220	und		
221	mein	37	(mention_id=39|references=(entity=(entity_id=entity_0002|fullname=Gustav von S.|gender=m)))
222	ganzes		
223	Wesen		
224	verwandelte		
225	sich		
226	.		
227	Ein		
228	neues		
229	Blut		
230	schien		
231	meine	38	(mention_id=40|references=(entity=(entity_id=entity_0002|fullname=Gustav von S.|gender=m)))
232	Adern		
233	zu		
234	durchströhmen		
235	,		
236	ein		
237	neues		
238	Herz		
239	in		
240	meiner	39	(mention_id=41|references=(entity=(entity_id=entity_0002|fullname=Gustav von S.|gender=m)))
241	Brust		
242	zu		
243	klopfen		
244	.		
245	Alle		
246	Bilder		
247	des		
248	Lebens		
249	schienen		
250	mir	40	(mention_id=42|references=(entity=(entity_id=entity_0002|fullname=Gustav von S.|gender=m)))
251	gleichsam		
252	aus		
253	der		
254	Dämmerung		
255	hervorzutreten		
256	,		
257	und		
258	eine		
259	Menge		
260	unbekannter		
261	Empfindungen		
262	wachten		
263	plötzlich		
264	in		
265	meiner	41	(mention_id=43|references=(entity=(entity_id=entity_0002|fullname=Gustav von S.|gender=m)))
266	Seele		
267	auf		
268	.		
269	Ohne		
270	zu		
271	wissen		
272	,		
273	was		
274	mir	42	(mention_id=44|references=(entity=(entity_id=entity_0002|fullname=Gustav von S.|gender=m)))
275	fehlte		
276	,		
277	fing		
278	ich	43	(mention_id=45|references=(entity=(entity_id=entity_0002|fullname=Gustav von S.|gender=m)))
279	an		
280	eine		
281	Leere		
282	,		
283	eine		
284	Unruhe		
285	,		
286	eine		
287	Sehnsucht		
288	zu		
289	fühlen		
290	,		
291	die		
292	mich	44	(mention_id=46|references=(entity=(entity_id=entity_0002|fullname=Gustav von S.|gender=m)))
293	unglücklich		
294	machte		
295	.		
296	Alle		
297	meine	45	(mention_id=47|references=(entity=(entity_id=entity_0002|fullname=Gustav von S.|gender=m)))
298	vorigen		
299	Beschäftigungen		
300	,		
301	alle		
302	meine	46	(mention_id=48|references=(entity=(entity_id=entity_0002|fullname=Gustav von S.|gender=m)))
303	bisherigen		
304	Vergnügungen		
305	konnten		
306	mich	47	(mention_id=49|references=(entity=(entity_id=entity_0002|fullname=Gustav von S.|gender=m)))
307	nicht		
308	mehr		
309	befriedigen		
310	.		
311	Alle		
312	meine	48	(mention_id=50|references=(entity=(entity_id=entity_0002|fullname=Gustav von S.|gender=m)))
313	Gedanken		
314	und		
315	Empfindungen		
316	schienen		
317	einem		
318	geheimnißvollen		
319	Ziele		
320	zuzufliegen		
321	,		
322	und		
323	alle		
324	Pulse		
325	meines	49	(mention_id=51|references=(entity=(entity_id=entity_0002|fullname=Gustav von S.|gender=m)))
326	Körpers		
327	klopften		
328	demselben		
329	mit		
330	Ungeduld		
331	entgegen		
332	.		
333	Plötzlich		
334	fingen		
335	die		
336	Weiber		(mention_id=52|references=(entity=(entity_id=generic_0132|fullname=generic_0011|gender=u|specialcase_entity=generic)))
337	an		
338	mir	50	(mention_id=53|references=(entity=(entity_id=entity_0002|fullname=Gustav von S.|gender=m)))
339	interessant		
340	zu		
341	werden		
342	,		
343	und		
344	es		
345	bedurfte		
346	nur		
347	eines		
348	Gegenstandes		
349	,		
350	um		
351	diese		
352	unbestimmte		
353	Neigung		
354	zu		
355	entwickeln		
356	.		
357	Zweytes		
358	Kapitel		
359	Der		
360	glückliche		
361	Zeitpunkt		
362	war		
363	näher		
364	,		
365	als		
366	ich	51	(mention_id=54|references=(entity=(entity_id=entity_0002|fullname=Gustav von S.|gender=m)))
367	dachte		
368	.		
369	Eine		
370	halbe		
371	Stunde		
372	von		
373	unserm	52	(mention_id=55|references=(entity=(entity_id=entity_0002|fullname=Gustav von S.|gender=m)),(entity=(entity_id=entity_0006|fullname=Gustavs Tante|gender=f)))
374	Guthe		
375	lag		
376	ein		
377	Städtchen		
378	,		
379	das		
380	von		
381	jeher		
382	sehr		
383	viel		
384	Anziehendes		
385	für		
386	mich	53	(mention_id=56|references=(entity=(entity_id=entity_0002|fullname=Gustav von S.|gender=m)))
387	gehabt		
388	hatte		
389	.		
390	Oft		
391	fand		
392	ich	54	(mention_id=57|references=(entity=(entity_id=entity_0002|fullname=Gustav von S.|gender=m)))
393	mich	55	(mention_id=58|references=(entity=(entity_id=entity_0002|fullname=Gustav von S.|gender=m)))
394	mitten		
395	zwischen		
396	den		
397	kleinen		
398	reinlichen		
399	Häusern		
400	,		
401	ohne		
402	zu		
403	wissen		
404	,		
405	wie		
406	ich	56	(mention_id=59|references=(entity=(entity_id=entity_0002|fullname=Gustav von S.|gender=m)))
407	dahin		
408	gekommen		
409	war		
410	.		
411	Träumend		
412	ging		
413	ich	57	(mention_id=60|references=(entity=(entity_id=entity_0002|fullname=Gustav von S.|gender=m)))
414	dann		
415	in		
416	den		
417	Gasthof		
418	,		
419	ließ		
420	mein	58	(mention_id=61|references=(entity=(entity_id=entity_0002|fullname=Gustav von S.|gender=m)))
421	Essen		
422	unter		
423	die		
424	große		
425	Linde		
426	bringen		
427	,		
428	und		
429	bezahlte		
430	der		
431	dicken		
432	Wirthin	59	(mention_id=62|references=(entity=(entity_id=entity_0007|fullname=Wirtin|gender=f)))
433	gern		
434	die		
435	doppelte		
436	Zeche		
437	;		
438	wenn		
439	sie	60	(mention_id=63|references=(entity=(entity_id=entity_0007|fullname=Wirtin|gender=f)))
440	mir	61	(mention_id=64|references=(entity=(entity_id=entity_0002|fullname=Gustav von S.|gender=m)))
441	nur		
442	erlaubte		
443	,		
444	so		
445	wenig		
446	als		
447	möglich		
448	auf		
449	ihr	62	(mention_id=65|references=(entity=(entity_id=entity_0007|fullname=Wirtin|gender=f)))
450	Geschwätz		
451	zu		
452	antworten		
453	.		
454	Nein		
455	,		
456	man		
457	sage		
458	,		
459	was		
460	man		
461	wolle		
462	!		
463	es		
464	giebt		
465	Ahnungen		
466	.		
467	–		
468	Unter		
469	dieser		
470	Linde		
471	....		
472	doch		
473	welch		
474	eine		
475	Ausschweifung		
476	!		
477	Zurück		
478	:		
479	zu		
480	dem		
481	schönsten		
482	Abende		
483	meines	63	(mention_id=66|references=(entity=(entity_id=entity_0002|fullname=Gustav von S.|gender=m)))
484	Lebens		
485	!		
486	Es		
487	war		
488	ein		
489	Mayabend		
490	.		
491	Ich	64	(mention_id=67|references=(entity=(entity_id=entity_0002|fullname=Gustav von S.|gender=m)))
492	drängte		
493	mich	65	(mention_id=68|references=(entity=(entity_id=entity_0002|fullname=Gustav von S.|gender=m)))
494	mit		
495	meinem	66	(mention_id=69|references=(entity=(entity_id=entity_0002|fullname=Gustav von S.|gender=m)))
496	Pferde		
497	durch		
498	duftende		
499	Hecken		
500	,		
501	und		
502	jeder		
503	Athemzug		
504	vermehrte		
505	die		
506	Lebensfülle		
507	,		
508	die		
509	meine	67	(mention_id=70|references=(entity=(entity_id=entity_0002|fullname=Gustav von S.|gender=m)))
510	Brust		
511	mit		
512	schmerzhaftem		
513	Entzücken		
514	hob		
515	.		
516	Achtzehn		
517	Jahre		
518	und		
519	der		
520	May		
521	!		
522	–		
523	was		
524	brauche		
525	ich	68	(mention_id=71|references=(entity=(entity_id=entity_0002|fullname=Gustav von S.|gender=m)))
526	mehr		
527	zu		
528	sagen		
529	?		
530	–		
531	–		
532	Schon		
533	erblickte		
534	ich	69	(mention_id=72|references=(entity=(entity_id=entity_0002|fullname=Gustav von S.|gender=m)))
535	die		
536	Linde		
537	;		
538	aber		
539	es		
540	war		
541	nicht		
542	mehr		
543	die		
544	sehnsüchtige		
545	Träumerey		
546	,		
547	die		
548	mich	70	(mention_id=73|references=(entity=(entity_id=entity_0002|fullname=Gustav von S.|gender=m)))
549	vormals		
550	bey		
551	ihrem		
552	Anblicke		
553	ergriff		
554	.		
555	Ich	71	(mention_id=74|references=(entity=(entity_id=entity_0002|fullname=Gustav von S.|gender=m)))
556	zitterte		
557	vor		
558	brennender		
559	Ungeduld		
560	,		
561	und		
562	sprengte		
563	mit		
564	dem		
565	heftigsten		
566	Galloppe		
567	in		
568	den		
569	Gasthof		
570	hinein		
571	.		
572	Da		
573	flohen		
574	zwey		
575	weiße		
576	Gestalten	72	(mention_id=75|references=(entity=(entity_id=entity_0003|fullname=Marie|gender=f)),(entity=(entity_id=entity_0005|fullname=Maries Mutter|gender=f)))
577	vor		
578	mir	73	(mention_id=76|references=(entity=(entity_id=entity_0002|fullname=Gustav von S.|gender=m)))
579	auf		
580	die		
581	Wiese		
582	.		
583	Die		
584	letzte	74	(mention_id=77|references=(entity=(entity_id=entity_0003|fullname=Marie|gender=f)))
585	schlug		
586	die		
587	kleine		
588	Gatterthüre		
589	schnell		
590	hinter		
591	sich	75	(mention_id=78|references=(entity=(entity_id=entity_0003|fullname=Marie|gender=f)))
592	zu		
593	–		
594	aber		
595	wie		
596	glücklich		
597	!		
598	ihr	76	(mention_id=79|references=(entity=(entity_id=entity_0003|fullname=Marie|gender=f)))
599	Kleid		
600	ward		
601	von		
602	der		
603	Thüre		
604	festgehalten		
605	.		
606	»		
607	Ach		
608	!		
609	«		
610	rief		
611	sie	77	(mention_id=80|references=(entity=(entity_id=entity_0003|fullname=Marie|gender=f)))
612	–		
613	und		
614	ein		
615	Engelgesicht		
616	strahlte		
617	mir	78	(mention_id=81|references=(entity=(entity_id=entity_0002|fullname=Gustav von S.|gender=m)))
618	entgegen		
619	.		
620	»		
621	Ach		
622	!		
623	«		
624	–		
625	rief		
626	ich	79	(mention_id=82|references=(entity=(entity_id=entity_0002|fullname=Gustav von S.|gender=m)))
627	–		
628	und		
629	der		
630	Zügel		
631	sank		
632	mir	80	(mention_id=83|references=(entity=(entity_id=entity_0002|fullname=Gustav von S.|gender=m)))
633	aus		
634	der		
635	Hand		
636	.		
637	Ich	81	(mention_id=84|references=(entity=(entity_id=entity_0002|fullname=Gustav von S.|gender=m)))
638	vergaß		
639	ihr	82	(mention_id=85|references=(entity=(entity_id=entity_0003|fullname=Marie|gender=f)))
640	zu		
641	helfen		
642	,		
643	und		
644	sie	83	(mention_id=86|references=(entity=(entity_id=entity_0003|fullname=Marie|gender=f)))
645	vergaß		
646	ihr	84	(mention_id=87|references=(entity=(entity_id=entity_0003|fullname=Marie|gender=f)))
647	Kleid		
648	,		
649	vergaß		
650	,		
651	daß		
652	sie	85	(mention_id=88|references=(entity=(entity_id=entity_0003|fullname=Marie|gender=f)))
653	fliehen		
654	wollte		
655	.		
656	–		
657	Endlich		
658	erwachte		
659	ich	86	(mention_id=89|references=(entity=(entity_id=entity_0002|fullname=Gustav von S.|gender=m)))
660	,		
661	sprang		
662	vom		
663	Pferde		
664	und		
665	eilte		
666	die		
667	Thür		
668	zu		
669	öffnen		
670	.		
671	Sie	87	(mention_id=90|references=(entity=(entity_id=entity_0003|fullname=Marie|gender=f)))
672	stammelte		
673	etwas		
674	von		
675	Dank		
676	und		
677	erröthete		
678	.		
679	Ohne		
680	zu		
681	wissen		
682	,		
683	was		
684	ich	88	(mention_id=91|references=(entity=(entity_id=entity_0002|fullname=Gustav von S.|gender=m)))
685	that		
686	,		
687	drückte		
688	ich	89	(mention_id=92|references=(entity=(entity_id=entity_0002|fullname=Gustav von S.|gender=m)))
689	einen		
690	brennenden		
691	Kuß		
692	auf		
693	das		
694	Kleid		
695	,		
696	aber		
697	plötzlich		
698	fühlte		
699	ich	90	(mention_id=93|references=(entity=(entity_id=entity_0002|fullname=Gustav von S.|gender=m)))
700	es		
701	von		
702	meinen	91	(mention_id=94|references=(entity=(entity_id=entity_0002|fullname=Gustav von S.|gender=m)))
703	Lipven		
704	entfliehen		
705	,		
706	und		
707	als		
708	ich	92	(mention_id=95|references=(entity=(entity_id=entity_0002|fullname=Gustav von S.|gender=m)))
709	wieder		
710	aufblickte		
711	,		
712	war		
713	auch		
714	sie	93	(mention_id=96|references=(entity=(entity_id=entity_0003|fullname=Marie|gender=f)))
715	verschwunden		
716	.		
717	Drittes		
718	Kapitel		
719	»		
720	Wo		
721	bleibst		
722	du	94	(mention_id=97|references=(entity=(entity_id=entity_0003|fullname=Marie|gender=f)))
723	denn		
724	Marie	95	(mention_id=98|references=(entity=(entity_id=entity_0003|fullname=Marie|gender=f)))
725	?		
726	«		
727	–		
728	rief		
729	eine		
730	Stimme		(mention_id=99|references=(entity=(entity_id=entity_0005|fullname=Maries Mutter|gender=f)|specialcase_reference=part))
731	hinter		
732	der		
733	Laube		
734	–		
735	»		
736	Marie	96	(mention_id=100|references=(entity=(entity_id=entity_0003|fullname=Marie|gender=f)))
737	!		
738	«		
739	–		
740	wiederholte		
741	ich	97	(mention_id=101|references=(entity=(entity_id=entity_0002|fullname=Gustav von S.|gender=m)))
742	–		
743	und		
744	streckte		
745	meine	98	(mention_id=102|references=(entity=(entity_id=entity_0002|fullname=Gustav von S.|gender=m)))
746	Arme		
747	sehnsuchtsvoll		
748	nach		
749	der		
750	Laube		
751	aus		
752	.		
753	Aber		
754	wie		
755	?		
756	sah		
757	,		
758	hörte		
759	mich	99	(mention_id=103|references=(entity=(entity_id=entity_0002|fullname=Gustav von S.|gender=m)))
760	auch		
761	jemand		
762	?		
763	–		
764	der		
765	Gedanke		
766	trieb		
767	mir	100	(mention_id=104|references=(entity=(entity_id=entity_0002|fullname=Gustav von S.|gender=m)))
768	alles		
769	Blut		
770	in		
771	die		
772	Wangen		
773	,		
774	ich	101	(mention_id=105|references=(entity=(entity_id=entity_0002|fullname=Gustav von S.|gender=m)))
775	hatte		
776	nicht		
777	den		
778	Muth		
779	der		
780	Stimme		(mention_id=106|references=(entity=(entity_id=entity_0005|fullname=Maries Mutter|gender=f)|specialcase_reference=part))
781	zu		
782	folgen		
783	,		
784	und		
785	schlich		
786	träumend		
787	zu		
788	meiner	102	(mention_id=107|references=(entity=(entity_id=entity_0002|fullname=Gustav von S.|gender=m)))
789	Linde		
790	zurück		
791	.		
792	Die		
793	dicke		
794	Wirthin	103	(mention_id=108|references=(entity=(entity_id=entity_0007|fullname=Wirtin|gender=f)))
795	hatte		
796	mich	104	(mention_id=109|references=(entity=(entity_id=entity_0002|fullname=Gustav von S.|gender=m)))
797	schon		
798	erwartet		
799	und		
800	kreischte		
801	mir	105	(mention_id=110|references=(entity=(entity_id=entity_0002|fullname=Gustav von S.|gender=m)))
802	nun		
803	zärtliche		
804	Vorwürfe		
805	wegen		
806	meines	106	(mention_id=111|references=(entity=(entity_id=entity_0002|fullname=Gustav von S.|gender=m)))
807	schnellen		
808	Reitens		
809	entgegen		
810	.		
811	Aber		
812	ob		
813	ich	107	(mention_id=112|references=(entity=(entity_id=entity_0002|fullname=Gustav von S.|gender=m)))
814	mich	108	(mention_id=113|references=(entity=(entity_id=entity_0002|fullname=Gustav von S.|gender=m)))
815	gleich		
816	dem		
817	Streicheln		
818	ihrer	109	(mention_id=114|references=(entity=(entity_id=entity_0007|fullname=Wirtin|gender=f)))
819	unsaubern		
820	Hände		
821	Preis		
822	gab		
823	;		
824	so		
825	konnte		
826	ich	110	(mention_id=115|references=(entity=(entity_id=entity_0002|fullname=Gustav von S.|gender=m)))
827	doch		
828	keine		
829	befriedigende		
830	Nachricht		
831	wegen		
832	der		
833	Frauenzimmer	111	(mention_id=116|references=(entity=(entity_id=entity_0003|fullname=Marie|gender=f)),(entity=(entity_id=entity_0005|fullname=Maries Mutter|gender=f)))
834	von		
835	ihr	112	(mention_id=117|references=(entity=(entity_id=entity_0007|fullname=Wirtin|gender=f)))
836	erhalten		
837	.		
838	Im		
839	Gegentheil		
840	klagte		
841	sie	113	(mention_id=118|references=(entity=(entity_id=entity_0007|fullname=Wirtin|gender=f)))
842	sehr		
843	bitter		
844	über		
845	ihr	114	(mention_id=119|references=(entity=(entity_id=entity_0003|fullname=Marie|gender=f)),(entity=(entity_id=entity_0005|fullname=Maries Mutter|gender=f)))
846	geheimnißvolles		
847	Wesen		
848	,		
849	und		
850	meinte		
851	:		
852	es		
853	müsse		
854	–		
855	da		
856	sie	115	(mention_id=120|references=(entity=(entity_id=entity_0005|fullname=Maries Mutter|gender=f)),(entity=(entity_id=entity_0003|fullname=Marie|gender=f)))
857	eine		
858	Wohnung		
859	auf		
860	dem		
861	Lande		
862	suchten		
863	–		
864	mit		
865	ihrem	116	(mention_id=121|references=(entity=(entity_id=entity_0005|fullname=Maries Mutter|gender=f)),(entity=(entity_id=entity_0003|fullname=Marie|gender=f)))
866	Stande		
867	wohl		
868	nicht		
869	viel		
870	zu		
871	bedeuten		
872	haben		
873	.		
874	–		
875	»		
876	Auf		
877	dem		
878	Lande		
879	!		
880	«		
881	–		
882	wiederholte		
883	ich	117	(mention_id=122|references=(entity=(entity_id=entity_0002|fullname=Gustav von S.|gender=m)))
884	,		
885	und		
886	plötzlich		
887	keimte		
888	in		
889	meinem	118	(mention_id=123|references=(entity=(entity_id=entity_0002|fullname=Gustav von S.|gender=m)))
890	Herzen		
891	die		
892	Hoffnung		
893	auf		
894	.		
895	Entzückt		
896	überließ		
897	ich	119	(mention_id=124|references=(entity=(entity_id=entity_0002|fullname=Gustav von S.|gender=m)))
898	mich	120	(mention_id=125|references=(entity=(entity_id=entity_0002|fullname=Gustav von S.|gender=m)))
899	diesem		
900	Gedanken		
901	,		
902	und		
903	hörte		
904	nicht		
905	mehr		
906	auf		
907	das		
908	Geschwätz		
909	der		
910	Wirthin	121	(mention_id=126|references=(entity=(entity_id=entity_0007|fullname=Wirtin|gender=f)))
911	.		
912	Sie	122	(mention_id=127|references=(entity=(entity_id=entity_0007|fullname=Wirtin|gender=f)))
913	begriff		
914	endlich		
915	,		
916	daß		
917	sie	123	(mention_id=128|references=(entity=(entity_id=entity_0007|fullname=Wirtin|gender=f)))
918	keine		
919	Antwort		
920	mehr		
921	von		
922	mir	124	(mention_id=129|references=(entity=(entity_id=entity_0002|fullname=Gustav von S.|gender=m)))
923	erwarten		
924	konnte		
925	,		
926	und		
927	ließ		
928	mich	125	(mention_id=130|references=(entity=(entity_id=entity_0002|fullname=Gustav von S.|gender=m)))
929	nun		
930	mit		
931	meinen	126	(mention_id=131|references=(entity=(entity_id=entity_0002|fullname=Gustav von S.|gender=m)))
932	Plänen		
933	allein		
934	.		
935	Mit		
936	welchen		
937	Plänen		
938	!		
939	es		
940	galt		
941	nichts		
942	Geringeres		
943	als		
944	Marien	127	(mention_id=132|references=(entity=(entity_id=entity_0003|fullname=Marie|gender=f)))
945	die		
946	Wohnung		
947	meiner	128	(mention_id=133|references=(entity=(entity_id=entity_0002|fullname=Gustav von S.|gender=m)))
948	Tante	129	(mention_id=134|references=(entity=(entity_id=entity_0006|fullname=Gustavs Tante|gender=f)))
949	anzubieten		
950	.		
951	Aber		
952	wie		
953	?		
954	–		
955	durch		
956	wen		
957	?		
958	–		
959	nun		
960	durch		
961	wen		
962	anders		
963	als		
964	durch		
965	mich	130	(mention_id=135|references=(entity=(entity_id=entity_0002|fullname=Gustav von S.|gender=m)))
966	selbst		
967	?		
968	–		
969	war		
970	ich	131	(mention_id=136|references=(entity=(entity_id=entity_0002|fullname=Gustav von S.|gender=m)))
971	nicht		
972	schön		
973	und		
974	liebenswürdig		
975	?		
976	sagte		
977	mir	132	(mention_id=137|references=(entity=(entity_id=entity_0002|fullname=Gustav von S.|gender=m)))
978	meine	133	(mention_id=138|references=(entity=(entity_id=entity_0002|fullname=Gustav von S.|gender=m)))
979	Tante	134	(mention_id=139|references=(entity=(entity_id=entity_0006|fullname=Gustavs Tante|gender=f)))
980	das		
981	nicht		
982	täglich		
983	?		
984	–		
985	hatten		
986	es		
987	mir	135	(mention_id=140|references=(entity=(entity_id=entity_0002|fullname=Gustav von S.|gender=m)))
988	die		
989	Blicke		
990	der		
991	Mädchen	136	(mention_id=141|references=(entity=(entity_id=generic_0133|fullname=generic_0012|gender=u|specialcase_entity=generic)))
992	nicht		
993	oft		
994	genug		
995	wiederholt		
996	?		
997	und		
998	mußte		
999	ich	137	(mention_id=142|references=(entity=(entity_id=entity_0002|fullname=Gustav von S.|gender=m)))
1000	nicht		
1001	auf		
1002	Marien	138	(mention_id=143|references=(entity=(entity_id=entity_0003|fullname=Marie|gender=f)))
1003	selbst		
1004	einen		
1005	vortheilhaften		
1006	Eindruck		
1007	gemacht		
1008	haben		
1009	?		
1010	–		
1011	Es		
1012	war		
1013	beschlossen		
1014	:		
1015	ich	139	(mention_id=144|references=(entity=(entity_id=entity_0002|fullname=Gustav von S.|gender=m)))
1016	wollte		
1017	sie	140	(mention_id=145|references=(entity=(entity_id=entity_0003|fullname=Marie|gender=f)))
1018	aufsuchen		
1019	,		
1020	und		
1021	–		
1022	im		
1023	Fall		
1024	ich	141	(mention_id=146|references=(entity=(entity_id=entity_0002|fullname=Gustav von S.|gender=m)))
1025	sie	142	(mention_id=147|references=(entity=(entity_id=entity_0003|fullname=Marie|gender=f)))
1026	nicht		
1027	fände		
1028	–		
1029	sie	143	(mention_id=148|references=(entity=(entity_id=entity_0003|fullname=Marie|gender=f)))
1030	zu		
1031	sprechen		
1032	verlangen		
1033	.		
1034	Viertes		
1035	Kapitel		
1036	»		
1037	Es		
1038	kann		
1039	nicht		
1040	fehlen		
1041	!		
1042	«		
1043	–		
1044	sagte		
1045	ich	144	(mention_id=149|references=(entity=(entity_id=entity_0002|fullname=Gustav von S.|gender=m)))
1046	–		
1047	und		
1048	eilte		
1049	im		
1050	Fluge		
1051	auf		
1052	die		
1053	Wiese		
1054	.		
1055	Aber		
1056	wo		
1057	blieb		
1058	mein	145	(mention_id=150|references=(entity=(entity_id=entity_0002|fullname=Gustav von S.|gender=m)))
1059	Muth		
1060	und		
1061	meine	146	(mention_id=151|references=(entity=(entity_id=entity_0002|fullname=Gustav von S.|gender=m)))
1062	Selbstgenügsamkeit		
1063	als		
1064	mir	147	(mention_id=152|references=(entity=(entity_id=entity_0002|fullname=Gustav von S.|gender=m)))
1065	die		
1066	Graziengestalt		(mention_id=153|references=(entity=(entity_id=entity_0003|fullname=Marie|gender=f)|specialcase_reference=part))
1067	entgegen		
1068	kam		
1069	!		
1070	–		
1071	ich	148	(mention_id=154|references=(entity=(entity_id=entity_0002|fullname=Gustav von S.|gender=m)))
1072	zitterte		
1073	so		
1074	heftig		
1075	,		
1076	daß		
1077	ich	149	(mention_id=155|references=(entity=(entity_id=entity_0002|fullname=Gustav von S.|gender=m)))
1078	genöthigt		
1079	war		
1080	,		
1081	mich	150	(mention_id=156|references=(entity=(entity_id=entity_0002|fullname=Gustav von S.|gender=m)))
1082	an		
1083	einen		
1084	Baum		
1085	zu		
1086	lehnen		
1087	;		
1088	und		
1089	so		
1090	,		
1091	mit		
1092	dem		
1093	Huthe		
1094	in		
1095	der		
1096	Hand		
1097	,		
1098	in		
1099	der		
1100	Stellung		
1101	eines		
1102	demüthig		
1103	Bittenden	151	(mention_id=157|references=(entity=(entity_id=entity_0002|fullname=Gustav von S.|gender=m)))
1104	,		
1105	erwartete		
1106	ich	152	(mention_id=158|references=(entity=(entity_id=entity_0002|fullname=Gustav von S.|gender=m)))
1107	sie	153	(mention_id=159|references=(entity=(entity_id=entity_0003|fullname=Marie|gender=f)))
1108	.		
1109	Was		
1110	ich	154	(mention_id=160|references=(entity=(entity_id=entity_0002|fullname=Gustav von S.|gender=m)))
1111	sagte		
1112	?		
1113	was		
1114	man		
1115	mir	155	(mention_id=161|references=(entity=(entity_id=entity_0002|fullname=Gustav von S.|gender=m)))
1116	antwortete		
1117	?		
1118	in		
1119	der		
1120	That		
1121	,		
1122	ich	156	(mention_id=162|references=(entity=(entity_id=entity_0002|fullname=Gustav von S.|gender=m)))
1123	weiß		
1124	es		
1125	nicht		
1126	mehr		
1127	.		
1128	Ich	157	(mention_id=163|references=(entity=(entity_id=entity_0002|fullname=Gustav von S.|gender=m)))
1129	fand		
1130	mich	158	(mention_id=164|references=(entity=(entity_id=entity_0002|fullname=Gustav von S.|gender=m)))
1131	mit		
1132	einem		
1133	Mahle		
1134	unter		
1135	der		
1136	Linde		
1137	,		
1138	Marien	159	(mention_id=165|references=(entity=(entity_id=entity_0003|fullname=Marie|gender=f)))
1139	gegenüber		
1140	.		
1141	Freilich		
1142	ward		
1143	mein	160	(mention_id=166|references=(entity=(entity_id=entity_0002|fullname=Gustav von S.|gender=m)))
1144	Antrag		
1145	verworfen		
1146	,		
1147	freilich		
1148	ahnete		
1149	ich	161	(mention_id=167|references=(entity=(entity_id=entity_0002|fullname=Gustav von S.|gender=m)))
1150	den		
1151	Schmerz		
1152	,		
1153	der		
1154	meiner	162	(mention_id=168|references=(entity=(entity_id=entity_0002|fullname=Gustav von S.|gender=m)))
1155	wartete		
1156	:		
1157	aber		
1158	voll		
1159	seeliger		
1160	Trunkenheit		
1161	in		
1162	Mariens	163	(mention_id=169|references=(entity=(entity_id=entity_0003|fullname=Marie|gender=f)))
1163	Nähe		
1164	,		
1165	wie		
1166	hätte		
1167	eine		
1168	unangenehme		
1169	Empfindung		
1170	die		
1171	herrschende		
1172	bey		
1173	mir	164	(mention_id=170|references=(entity=(entity_id=entity_0002|fullname=Gustav von S.|gender=m)))
1174	werden		
1175	können		
1176	!		
1177	–		
1178	Aber		
1179	jetzt		
1180	stand		
1181	Marie	165	(mention_id=171|references=(entity=(entity_id=entity_0003|fullname=Marie|gender=f)))
1182	auf		
1183	.		
1184	»		
1185	Du	166	(mention_id=172|references=(entity=(entity_id=entity_0002|fullname=Gustav von S.|gender=m)))
1186	siehst		
1187	sie	167	(mention_id=173|references=(entity=(entity_id=entity_0003|fullname=Marie|gender=f)))
1188	nicht		
1189	wieder		
1190	«		
1191	–		
1192	dachte		
1193	ich	168	
1194	,		
1195	und		
1196	mein	169	(mention_id=174|references=(entity=(entity_id=entity_0002|fullname=Gustav von S.|gender=m)))
1197	Rausch		
1198	war		
1199	verschwunden		
1200	.		
1201	–		
1202	Mit		
1203	dem		
1204	äußersten		
1205	Ungestüm		
1206	,		
1207	die		
1208	Augen		
1209	unverwandt		
1210	auf		
1211	Marien	170	(mention_id=175|references=(entity=(entity_id=entity_0003|fullname=Marie|gender=f)))
1212	–		
1213	als		
1214	wollte		
1215	ich	171	(mention_id=176|references=(entity=(entity_id=entity_0002|fullname=Gustav von S.|gender=m)))
1216	sie	172	(mention_id=177|references=(entity=(entity_id=entity_0003|fullname=Marie|gender=f)))
1217	damit		
1218	festhalten		
1219	–		
1220	gerichtet		
1221	,		
1222	ergriff		
1223	ich	173	(mention_id=178|references=(entity=(entity_id=entity_0002|fullname=Gustav von S.|gender=m)))
1224	die		
1225	Hand		
1226	ihrer	174	(mention_id=179|references=(entity=(entity_id=entity_0003|fullname=Marie|gender=f)))
1227	Begleiterinn	175	(mention_id=180|references=(entity=(entity_id=entity_0005|fullname=Maries Mutter|gender=f)))
1228	.		
1229	»		
1230	Wäre		
1231	es		
1232	möglich		
1233	Madam	176	(mention_id=181|references=(entity=(entity_id=entity_0005|fullname=Maries Mutter|gender=f)))
1234	«		
1235	–		
1236	sagte		
1237	ich	177	(mention_id=182|references=(entity=(entity_id=entity_0002|fullname=Gustav von S.|gender=m)))
1238	mit		
1239	einem		
1240	Tone		
1241	der		
1242	das		
1243	Mittel		
1244	zwischen		
1245	Befehl		
1246	und		
1247	Bitte		
1248	war		
1249	–		
1250	»		
1251	wäre		
1252	es		
1253	möglich		
1254	daß		
1255	Sie	178	(mention_id=183|references=(entity=(entity_id=entity_0005|fullname=Maries Mutter|gender=f)))
1256	mir	179	(mention_id=184|references=(entity=(entity_id=entity_0002|fullname=Gustav von S.|gender=m)))
1257	Ihren	180	(mention_id=185|references=(entity=(entity_id=entity_0005|fullname=Maries Mutter|gender=f)),(entity=(entity_id=entity_0003|fullname=Marie|gender=f)))
1258	künftigen		
1259	Aufenthalt		
1260	verbergen		
1261	,		
1262	daß		
1263	sie	181	(mention_id=186|references=(entity=(entity_id=entity_0005|fullname=Maries Mutter|gender=f)))
1264	mir	182	(mention_id=187|references=(entity=(entity_id=entity_0002|fullname=Gustav von S.|gender=m)))
1265	die		
1266	Erlaubniß		
1267	,		
1268	Sie	183	(mention_id=188|references=(entity=(entity_id=entity_0005|fullname=Maries Mutter|gender=f)),(entity=(entity_id=entity_0003|fullname=Marie|gender=f)))
1269	wieder		
1270	zu		
1271	sehen		
1272	,		
1273	versagen		
1274	könnten		
1275	?		
1276	«		
1277	»		
1278	Sie	184	(mention_id=189|references=(entity=(entity_id=entity_0002|fullname=Gustav von S.|gender=m)))
1279	vergessen		
1280	mein	185	(mention_id=190|references=(entity=(entity_id=entity_0005|fullname=Maries Mutter|gender=f)))
1281	Herr	186	(mention_id=191|references=(entity=(entity_id=entity_0002|fullname=Gustav von S.|gender=m)))
1282	«		
1283	–		
1284	erwiederte		
1285	sie	187	(mention_id=192|references=(entity=(entity_id=entity_0005|fullname=Maries Mutter|gender=f)))
1286	mit		
1287	Kälte		
1288	,		
1289	–		
1290	»		
1291	daß		
1292	man		(mention_id=193|references=(entity=(entity_id=entity_0005|fullname=Maries Mutter|gender=f)),(entity=(entity_id=generic_0134|fullname=generic_0013|gender=u|specialcase_entity=generic)))
1293	Gründe		
1294	haben		
1295	kann		
1296	,		
1297	gewisse		
1298	Dinge		
1299	zu		
1300	verschweigen		
1301	.		
1302	«		
1303	–		
1304	Jetzt		
1305	hatte		
1306	ich	188	(mention_id=194|references=(entity=(entity_id=entity_0002|fullname=Gustav von S.|gender=m)))
1307	alle		
1308	Fassung		
1309	verloren		
1310	.		
1311	»		
1312	Madam	189	(mention_id=195|references=(entity=(entity_id=entity_0005|fullname=Maries Mutter|gender=f)))
1313	«		
1314	–		
1315	sagte		
1316	ich	190	(mention_id=196|references=(entity=(entity_id=entity_0002|fullname=Gustav von S.|gender=m)))
1317	;		
1318	und		
1319	trat		
1320	ihr	191	(mention_id=197|references=(entity=(entity_id=entity_0005|fullname=Maries Mutter|gender=f)))
1321	gerade		
1322	in		
1323	den		
1324	Weg		
1325	–		
1326	»		
1327	wenn		
1328	sie	192	(mention_id=198|references=(entity=(entity_id=entity_0005|fullname=Maries Mutter|gender=f)))
1329	einen		
1330	Augenblick		
1331	bedenken		
1332	wollten		
1333	.		
1334	«		
1335	–		
1336	»		
1337	Was		
1338	wäre		
1339	hierbey		
1340	weiter		
1341	zu		
1342	bedenken		
1343	?		
1344	«		
1345	–		
1346	antwortete		
1347	sie	193	(mention_id=199|references=(entity=(entity_id=entity_0005|fullname=Maries Mutter|gender=f)))
1348	empfindlich		
1349	.		
1350	»		
1351	Ach		
1352	Madam	194	(mention_id=200|references=(entity=(entity_id=entity_0005|fullname=Maries Mutter|gender=f)))
1353	!		
1354	«		
1355	–		
1356	fuhr		
1357	ich	195	(mention_id=201|references=(entity=(entity_id=entity_0002|fullname=Gustav von S.|gender=m)))
1358	fort		
1359	–		
1360	»		
1361	wenn		
1362	Sie	196	(mention_id=202|references=(entity=(entity_id=entity_0005|fullname=Maries Mutter|gender=f)))
1363	wüßten		
1364	wie		
1365	sehr		
1366	.		
1367	«		
1368	–		
1369	»		
1370	Ich	197	(mention_id=203|references=(entity=(entity_id=entity_0005|fullname=Maries Mutter|gender=f)))
1371	weiß		
1372	!		
1373	ich	198	(mention_id=204|references=(entity=(entity_id=entity_0005|fullname=Maries Mutter|gender=f)))
1374	weiß		
1375	mein	199	(mention_id=205|references=(entity=(entity_id=entity_0005|fullname=Maries Mutter|gender=f)))
1376	Herr	200	
1377	!		
1378	«		
1379	–		
1380	unterbrach		
1381	sie	201	(mention_id=206|references=(entity=(entity_id=entity_0005|fullname=Maries Mutter|gender=f)))
1382	mich	202	(mention_id=207|references=(entity=(entity_id=entity_0002|fullname=Gustav von S.|gender=m)))
1383	mit		
1384	einem		
1385	Lächeln		
1386	,		
1387	das		
1388	mir	203	(mention_id=208|references=(entity=(entity_id=entity_0002|fullname=Gustav von S.|gender=m)))
1389	durch		
1390	die		
1391	Seele		
1392	ging		
1393	.		
1394	»		
1395	Mein	204	(mention_id=209|references=(entity=(entity_id=entity_0002|fullname=Gustav von S.|gender=m)))
1396	ganzes		
1397	Schicksal		
1398	!		
1399	«		
1400	–		
1401	rief		
1402	ich	205	(mention_id=210|references=(entity=(entity_id=entity_0002|fullname=Gustav von S.|gender=m)))
1403	aus		
1404	.		
1405	»		
1406	Es		
1407	wird		
1408	spät		
1409	mein	206	(mention_id=211|references=(entity=(entity_id=entity_0005|fullname=Maries Mutter|gender=f)))
1410	Herr	207	(mention_id=212|references=(entity=(entity_id=entity_0002|fullname=Gustav von S.|gender=m)))
1411	.		
1412	«		
1413	–		
1414	sagte		
1415	sie	208	(mention_id=213|references=(entity=(entity_id=entity_0005|fullname=Maries Mutter|gender=f)))
1416	mit		
1417	einer		
1418	Verbeugung		
1419	,		
1420	nahm		
1421	Marien	209	(mention_id=214|references=(entity=(entity_id=entity_0003|fullname=Marie|gender=f)))
1422	bey		
1423	der		
1424	Hand		
1425	,		
1426	und		
1427	da		
1428	stand		
1429	ich	210	(mention_id=215|references=(entity=(entity_id=entity_0002|fullname=Gustav von S.|gender=m)))
1430	.		
1431	–		
1432	–		
1433	Fünftes		
1434	Kapitel		
1435	»		
1436	Mein	211	(mention_id=216|references=(entity=(entity_id=entity_0002|fullname=Gustav von S.|gender=m)))
1437	Pferd		
1438	!		
1439	«		
1440	–		
1441	rief		
1442	ich	212	
1443	,		
1444	aus		
1445	meiner	213	(mention_id=217|references=(entity=(entity_id=entity_0002|fullname=Gustav von S.|gender=m)))
1446	Betäubung		
1447	erwachend		
1448	der		
1449	Wirthinn	214	(mention_id=218|references=(entity=(entity_id=entity_0007|fullname=Wirtin|gender=f)))
1450	entgegen		
1451	–		
1452	und		
1453	stürmte		
1454	–		
1455	ohne		
1456	mich	215	(mention_id=219|references=(entity=(entity_id=entity_0002|fullname=Gustav von S.|gender=m)))
1457	weiter		
1458	durch		
1459	ihre	216	(mention_id=220|references=(entity=(entity_id=entity_0007|fullname=Wirtin|gender=f)))
1460	Fragen		
1461	aufhalten		
1462	zu		
1463	lassen		
1464	–		
1465	aus		
1466	dem		
1467	Städtchen		
1468	hinaus		
1469	.		
1470	Wie		
1471	heftig		
1472	erschrack		
1473	meine	217	(mention_id=221|references=(entity=(entity_id=entity_0002|fullname=Gustav von S.|gender=m)))
1474	gute		
1475	,		
1476	schwache		
1477	Tante	218	(mention_id=222|references=(entity=(entity_id=entity_0006|fullname=Gustavs Tante|gender=f)))
1478	,		
1479	als		
1480	sie	219	(mention_id=223|references=(entity=(entity_id=entity_0006|fullname=Gustavs Tante|gender=f)))
1481	mich	220	(mention_id=224|references=(entity=(entity_id=entity_0002|fullname=Gustav von S.|gender=m)))
1482	blas		
1483	und		
1484	entstellt		
1485	in		
1486	ihr	221	(mention_id=225|references=(entity=(entity_id=entity_0006|fullname=Gustavs Tante|gender=f)))
1487	Zimmer		
1488	treten		
1489	sah		
1490	.		
1491	Das		
1492	ganze		
1493	Haus		
1494	gerieth		
1495	in		
1496	Bewegung		
1497	.		
1498	Es		
1499	wurden		
1500	Expresse		
1501	zu		
1502	dem		
1503	Arzte	222	(mention_id=226|references=(entity=(entity_id=entity_0012|fullname=Arzt|gender=m)))
1504	und		
1505	zu		
1506	dem		
1507	Chirurgus	223	(mention_id=227|references=(entity=(entity_id=entity_0013|fullname=Chirurg|gender=m)))
1508	gesandt		
1509	,		
1510	und		
1511	mir	224	(mention_id=228|references=(entity=(entity_id=entity_0002|fullname=Gustav von S.|gender=m)))
1512	selbst		
1513	schien		
1514	es		
1515	von		
1516	Augenblicke		
1517	zu		
1518	Augenblicke		
1519	gewisser		
1520	:		
1521	daß		
1522	meine	225	(mention_id=229|references=(entity=(entity_id=entity_0002|fullname=Gustav von S.|gender=m)))
1523	Gesundheit		
1524	dieser		
1525	heftigen		
1526	Erschütterung		
1527	nicht		
1528	widerstehen		
1529	würde		
1530	.		
1531	Welch		
1532	ein		
1533	unerhörter		
1534	Zufall		
1535	–		
1536	es		
1537	war		
1538	der		
1539	erste		
1540	Wunsch		
1541	in		
1542	meinem	226	(mention_id=230|references=(entity=(entity_id=entity_0002|fullname=Gustav von S.|gender=m)))
1543	Leben		
1544	,		
1545	der		
1546	nicht		
1547	augenblicklich		
1548	erfüllt		
1549	wurde		
1550	.		
1551	–		
1552	»		
1553	Nein		
1554	ich	227	(mention_id=231|references=(entity=(entity_id=entity_0002|fullname=Gustav von S.|gender=m)))
1555	dulde		
1556	es		
1557	nicht		
1558	«		
1559	–		
1560	rief		
1561	ich	228	(mention_id=232|references=(entity=(entity_id=entity_0002|fullname=Gustav von S.|gender=m)))
1562	aus		
1563	–		
1564	ich	229	(mention_id=233|references=(entity=(entity_id=entity_0002|fullname=Gustav von S.|gender=m)))
1565	lasse		
1566	sie	230	(mention_id=234|references=(entity=(entity_id=entity_0003|fullname=Marie|gender=f)))
1567	mir	231	(mention_id=235|references=(entity=(entity_id=entity_0002|fullname=Gustav von S.|gender=m)))
1568	nicht		
1569	entreißen		
1570	!		
1571	ich	232	(mention_id=236|references=(entity=(entity_id=entity_0002|fullname=Gustav von S.|gender=m)))
1572	will		
1573	wissen		
1574	,		
1575	wer		
1576	sie	233	(mention_id=237|references=(entity=(entity_id=entity_0003|fullname=Marie|gender=f)))
1577	ist		
1578	,		
1579	wo		
1580	sie	234	(mention_id=238|references=(entity=(entity_id=entity_0003|fullname=Marie|gender=f)))
1581	bleibt		
1582	,		
1583	und		
1584	wenn		
1585	die		
1586	ganze		
1587	Welt		
1588	sich		
1589	dawider		
1590	setzte		
1591	!		
1592	«		
1593	»		
1594	Wer		
1595	denn		
1596	?		
1597	–		
1598	sagte		
1599	meine	235	(mention_id=239|references=(entity=(entity_id=entity_0002|fullname=Gustav von S.|gender=m)))
1600	Tante	236	(mention_id=240|references=(entity=(entity_id=entity_0006|fullname=Gustavs Tante|gender=f)))
1601	–		
1602	zitternd		
1603	vor		
1604	Angst		
1605	.		
1606	»		
1607	Wer		
1608	denn		
1609	?		
1610	«		
1611	–		
1612	liebstes		
1613	Kind	237	(mention_id=241|references=(entity=(entity_id=entity_0002|fullname=Gustav von S.|gender=m)))
1614	!		
1615	–		
1616	ich	238	(mention_id=242|references=(entity=(entity_id=entity_0006|fullname=Gustavs Tante|gender=f)))
1617	will		
1618	ja		
1619	den		
1620	Augenblick		
1621	Anstalt		
1622	machen		
1623	.		
1624	Ach		
1625	hätte		
1626	ich	239	(mention_id=243|references=(entity=(entity_id=entity_0006|fullname=Gustavs Tante|gender=f)))
1627	doch		
1628	nur		
1629	Ludwig	240	(mention_id=244|references=(entity=(entity_id=entity_0011|fullname=Ludwig|gender=m)))
1630	nicht		
1631	weggeschickt		
1632	!		
1633	«		
1634	»		
1635	Nicht		
1636	Ludwig	241	(mention_id=245|references=(entity=(entity_id=entity_0011|fullname=Ludwig|gender=m)))
1637	,		
1638	nicht		
1639	Sie	242	(mention_id=246|references=(entity=(entity_id=entity_0006|fullname=Gustavs Tante|gender=f)))
1640	,		
1641	kein		
1642	Mensch		(mention_id=247|references=(entity=(entity_id=generic_0135|fullname=generic_0014|gender=u|specialcase_entity=generic)))
1643	kann		
1644	mir	243	(mention_id=248|references=(entity=(entity_id=entity_0002|fullname=Gustav von S.|gender=m)))
1645	helfen		
1646	!		
1647	«		
1648	–		
1649	rief		
1650	ich	244	(mention_id=249|references=(entity=(entity_id=entity_0002|fullname=Gustav von S.|gender=m)))
1651	,		
1652	indem		
1653	ich	245	(mention_id=250|references=(entity=(entity_id=entity_0002|fullname=Gustav von S.|gender=m)))
1654	mich	246	(mention_id=251|references=(entity=(entity_id=entity_0002|fullname=Gustav von S.|gender=m)))
1655	verzweiflungsvoll		
1656	auf		
1657	das		
1658	Sopha		
1659	warf		
1660	und		
1661	,		
1662	taub		
1663	gegen		
1664	ihre	247	(mention_id=252|references=(entity=(entity_id=entity_0006|fullname=Gustavs Tante|gender=f)))
1665	Bitten		
1666	,		
1667	in		
1668	ein		
1669	langes		
1670	,		
1671	mürrisches		
1672	Stillschweigen		
1673	mich	248	(mention_id=253|references=(entity=(entity_id=entity_0002|fullname=Gustav von S.|gender=m)))
1674	vertiefte		
1675	.		
1676	Endlich		
1677	sprang		
1678	ich	249	(mention_id=254|references=(entity=(entity_id=entity_0002|fullname=Gustav von S.|gender=m)))
1679	auf		
1680	,		
1681	lief		
1682	zur		
1683	Klingel		
1684	,		
1685	und		
1686	schellte		
1687	so		
1688	heftig		
1689	,		
1690	daß		
1691	die		
1692	Fenster		
1693	klirrten		
1694	.		
1695	»		
1696	Was		
1697	befehlen		
1698	Ihro	250	(mention_id=255|references=(entity=(entity_id=entity_0002|fullname=Gustav von S.|gender=m)))
1699	Gnaden	250	(mention_id=255|references=(entity=(entity_id=entity_0002|fullname=Gustav von S.|gender=m)))
1700	?		
1701	–		
1702	rief		
1703	ein		
1704	allerliebstes		
1705	kleines		
1706	Figürchen		(mention_id=256|references=(entity=(entity_id=entity_0008|fullname=Kammerjungfer|gender=f)|specialcase_reference=part))
1707	in		
1708	einem		
1709	grünen		
1710	Corsette		
1711	zur		
1712	Thüre		
1713	hinein		
1714	.		
1715	–		
1716	»		
1717	Ist		
1718	mein	251	(mention_id=257|references=(entity=(entity_id=entity_0002|fullname=Gustav von S.|gender=m)))
1719	Pferd		
1720	«		
1721	–		
1722	hub		
1723	ich	252	(mention_id=258|references=(entity=(entity_id=entity_0002|fullname=Gustav von S.|gender=m)))
1724	an		
1725	–		
1726	und		
1727	mein	253	(mention_id=259|references=(entity=(entity_id=entity_0002|fullname=Gustav von S.|gender=m)))
1728	Ton		
1729	wurde		
1730	plötzlich		
1731	sanfter		
1732	.		
1733	–		
1734	»		
1735	O		
1736	ja		
1737	!		
1738	–		
1739	unterbrach		
1740	sie	254	(mention_id=260|references=(entity=(entity_id=entity_0008|fullname=Kammerjungfer|gender=f)))
1741	mich	255	(mention_id=261|references=(entity=(entity_id=entity_0002|fullname=Gustav von S.|gender=m)))
1742	–		
1743	indem		
1744	sie	256	(mention_id=262|references=(entity=(entity_id=entity_0008|fullname=Kammerjungfer|gender=f)))
1745	herzhaft		
1746	vortrat		
1747	und		
1748	mir	257	(mention_id=263|references=(entity=(entity_id=entity_0002|fullname=Gustav von S.|gender=m)))
1749	ein		
1750	paar		
1751	große		
1752	schwarze		
1753	Augen		
1754	entgegenleuchten		
1755	ließ		
1756	;		
1757	die		
1758	keinen		
1759	Augenblick		
1760	an		
1761	ihrer	258	(mention_id=264|references=(entity=(entity_id=entity_0008|fullname=Kammerjungfer|gender=f)))
1762	Allmacht		
1763	zu		
1764	zweifeln		
1765	scheinen		
1766	–		
1767	»		
1768	Das		
1769	Pferd		
1770	ist		
1771	so		
1772	eben		
1773	in		
1774	den		
1775	Stall		
1776	gebracht		
1777	.		
1778	«		
1779	»		
1780	Der		
1781	gnädige		
1782	Herr	259	(mention_id=265|references=(entity=(entity_id=entity_0002|fullname=Gustav von S.|gender=m)))
1783	werden		
1784	doch		
1785	wohl		
1786	nicht		
1787	wieder		
1788	ausreiten		
1789	wollen		
1790	?		
1791	–		
1792	das		
1793	arme		
1794	Thier	260	
1795	schien		
1796	äußerst		
1797	ermüdet		
1798	.		
1799	«		
1800	Die		
1801	Figur		(mention_id=266|references=(entity=(entity_id=entity_0008|fullname=Kammerjungfer|gender=f)))
1802	war		
1803	mir	261	(mention_id=267|references=(entity=(entity_id=entity_0002|fullname=Gustav von S.|gender=m)))
1804	fremd		
1805	,		
1806	dieser		
1807	zurechtweisende		
1808	Ton		
1809	war		
1810	es		
1811	noch		
1812	mehr		
1813	.		
1814	Mit		
1815	einem		
1816	fragenden		
1817	Blick		
1818	wandte		
1819	ich	262	(mention_id=268|references=(entity=(entity_id=entity_0002|fullname=Gustav von S.|gender=m)))
1820	mich	263	(mention_id=269|references=(entity=(entity_id=entity_0002|fullname=Gustav von S.|gender=m)))
1821	an		
1822	meine	264	(mention_id=270|references=(entity=(entity_id=entity_0002|fullname=Gustav von S.|gender=m)))
1823	Tante	265	(mention_id=271|references=(entity=(entity_id=entity_0006|fullname=Gustavs Tante|gender=f)))
1824	.		
1825	»		
1826	Die		
1827	neue		
1828	Kammerjungfer	266	(mention_id=272|references=(entity=(entity_id=entity_0008|fullname=Kammerjungfer|gender=f)))
1829	«		
1830	–		
1831	sagte		
1832	sie	267	(mention_id=273|references=(entity=(entity_id=entity_0006|fullname=Gustavs Tante|gender=f)))
1833	entschuldigend		
1834	.		
1835	–		
1836	»		
1837	Aber		
1838	«		
1839	–		
1840	fuhr		
1841	sie	268	(mention_id=274|references=(entity=(entity_id=entity_0006|fullname=Gustavs Tante|gender=f)))
1842	mit		
1843	einer		
1844	bittenden		
1845	Miene		
1846	fort		
1847	–		
1848	»		
1849	liebster		
1850	Gustav	269	(mention_id=275|references=(entity=(entity_id=entity_0002|fullname=Gustav von S.|gender=m)))
1851	!		
1852	wäre		
1853	es		
1854	denn		
1855	nicht		
1856	möglich		
1857	?		
1858	daß		
1859	Du	270	(mention_id=276|references=(entity=(entity_id=entity_0002|fullname=Gustav von S.|gender=m)))
1860	vorher		
1861	etwas		
1862	ausruhen		
1863	könntest		
1864	?		
1865	«		
1866	–		
1867	»		
1868	Das		
1869	dächte		
1870	ich	271	(mention_id=277|references=(entity=(entity_id=entity_0008|fullname=Kammerjungfer|gender=f)))
1871	auch		
1872	«		
1873	–		
1874	fiel		
1875	das		
1876	grüne		
1877	Corsettchen		(mention_id=278|references=(entity=(entity_id=entity_0008|fullname=Kammerjungfer|gender=f)|specialcase_reference=figurative))
1878	ein		
1879	,		
1880	und		
1881	würde		
1882	seine		
1883	Beredtsamkeit		
1884	aufs		
1885	neue		
1886	geübt		
1887	haben		
1888	;		
1889	wenn		
1890	nicht		
1891	meine	272	(mention_id=279|references=(entity=(entity_id=entity_0002|fullname=Gustav von S.|gender=m)))
1892	Tante	273	(mention_id=280|references=(entity=(entity_id=entity_0006|fullname=Gustavs Tante|gender=f)))
1893	mit		
1894	der		
1895	Hand		
1896	auf		
1897	die		
1898	Thüre		
1899	gedeutet		
1900	hätte		
1901	.		
1902	Jetzt		
1903	da		
1904	wir	274	(mention_id=281|references=(entity=(entity_id=entity_0002|fullname=Gustav von S.|gender=m)),(entity=(entity_id=entity_0006|fullname=Gustavs Tante|gender=f)))
1905	allein		
1906	waren		
1907	,		
1908	und		
1909	da		
1910	sie	275	(mention_id=282|references=(entity=(entity_id=entity_0006|fullname=Gustavs Tante|gender=f)))
1911	mich	276	(mention_id=283|references=(entity=(entity_id=entity_0002|fullname=Gustav von S.|gender=m)))
1912	in		
1913	einer		
1914	mildern		
1915	Stimmung		
1916	fand		
1917	;		
1918	gelang		
1919	es		
1920	ihr	277	(mention_id=284|references=(entity=(entity_id=entity_0006|fullname=Gustavs Tante|gender=f)))
1921	,		
1922	mich	278	(mention_id=285|references=(entity=(entity_id=entity_0002|fullname=Gustav von S.|gender=m)))
1923	zu		
1924	einer		
1925	ordentlichen		
1926	Erzählung		
1927	zu		
1928	bewegen		
1929	.		
1930	Wir	279	(mention_id=286|references=(entity=(entity_id=entity_0002|fullname=Gustav von S.|gender=m)),(entity=(entity_id=entity_0006|fullname=Gustavs Tante|gender=f)))
1931	berathschlagten		
1932	bis		
1933	tief		
1934	in		
1935	die		
1936	Nacht		
1937	und		
1938	meine	280	(mention_id=287|references=(entity=(entity_id=entity_0002|fullname=Gustav von S.|gender=m)))
1939	Tante	281	(mention_id=288|references=(entity=(entity_id=entity_0006|fullname=Gustavs Tante|gender=f)))
1940	entschloß		
1941	sich	282	
1942	,		
1943	an		
1944	Mariens	283	(mention_id=289|references=(entity=(entity_id=entity_0003|fullname=Marie|gender=f)))
1945	Begleiterinn	284	(mention_id=290|references=(entity=(entity_id=entity_0005|fullname=Maries Mutter|gender=f)))
1946	zu		
1947	schreiben		
1948	.		
1949	Sie	285	(mention_id=291|references=(entity=(entity_id=entity_0006|fullname=Gustavs Tante|gender=f)))
1950	trug		
1951	ihr	286	(mention_id=292|references=(entity=(entity_id=entity_0005|fullname=Maries Mutter|gender=f)))
1952	in		
1953	den		
1954	schmeichelhaftesten		
1955	Ausdrücken		
1956	unser	287	(mention_id=293|references=(entity=(entity_id=entity_0002|fullname=Gustav von S.|gender=m)),(entity=(entity_id=entity_0006|fullname=Gustavs Tante|gender=f)))
1957	Landguth		
1958	,		
1959	und		
1960	wenn		
1961	sie	288	(mention_id=294|references=(entity=(entity_id=entity_0005|fullname=Maries Mutter|gender=f)))
1962	dies		
1963	nicht		
1964	annehmen		
1965	wollte		
1966	,		
1967	einen		
1968	sehr		
1969	angenehmen		
1970	Meyerhof		
1971	an		
1972	,		
1973	der		
1974	eine		
1975	Viertelstunde		
1976	davon		
1977	entfernt		
1978	lag		
1979	.		
1980	Noch		
1981	vor		
1982	Tagesanbruch		
1983	ward		
1984	ein		
1985	Bothe		(mention_id=295|references=(entity=(entity_id=entity_0009|fullname=Bote|gender=m)))
1986	mit		
1987	diesem		
1988	Schreiben		
1989	abgeschickt		
1990	,		
1991	und		
1992	mit		
1993	einem		
1994	Herzklopfen		
1995	,		
1996	das		
1997	mir	289	(mention_id=296|references=(entity=(entity_id=entity_0002|fullname=Gustav von S.|gender=m)))
1998	fast		
1999	den		
2000	Athem		
2001	benahm		
2002	,		
2003	hörte		
2004	ich	290	(mention_id=297|references=(entity=(entity_id=entity_0002|fullname=Gustav von S.|gender=m)))
2005	ihn		(mention_id=298|references=(entity=(entity_id=entity_0009|fullname=Bote|gender=m)))
2006	vom		
2007	Hofe		
2008	reiten		
2009	.		
2010	»		
2011	Ach		
2012	!		
2013	«		
2014	–		
2015	dachte		
2016	ich	291	(mention_id=299|references=(entity=(entity_id=entity_0002|fullname=Gustav von S.|gender=m)))
2017	–		
2018	»		
2019	welch		
2020	eine		
2021	Antwort		
2022	wird		
2023	er		(mention_id=300|references=(entity=(entity_id=entity_0009|fullname=Bote|gender=m)))
2024	dir	292	(mention_id=301|references=(entity=(entity_id=entity_0002|fullname=Gustav von S.|gender=m)))
2025	bringen		
2026	?		
2027	«		
2028	Sechstes		
2029	Kapitel		
2030	»		
2031	Wird		
2032	es		
2033	denn		
2034	nimmermehr		
2035	Tag		
2036	werden		
2037	!		
2038	«		
2039	–		
2040	rief		
2041	ich	293	(mention_id=302|references=(entity=(entity_id=entity_0002|fullname=Gustav von S.|gender=m)))
2042	aus		
2043	–		
2044	indem		
2045	ich	294	(mention_id=303|references=(entity=(entity_id=entity_0002|fullname=Gustav von S.|gender=m)))
2046	die		
2047	Thüre		
2048	des		
2049	Balkons		
2050	auseinander		
2051	schlug		
2052	und		
2053	mich	295	(mention_id=304|references=(entity=(entity_id=entity_0002|fullname=Gustav von S.|gender=m)))
2054	trotzig		
2055	–		
2056	als		
2057	müsse		
2058	die		
2059	Sonne		
2060	meinen	296	(mention_id=305|references=(entity=(entity_id=entity_0002|fullname=Gustav von S.|gender=m)))
2061	Befehlen		
2062	gehorchen		
2063	–		
2064	auf		
2065	das		
2066	eiserne		
2067	Gitter		
2068	lehnte		
2069	.		
2070	Aber		
2071	ach		
2072	!		
2073	noch		
2074	verweilte		
2075	die		
2076	Sonne		
2077	!		
2078	–		
2079	noch		
2080	war		
2081	kein		
2082	Bothe		(mention_id=306|references=(entity=(entity_id=entity_0009|fullname=Bote|gender=m)))
2083	zu		
2084	hören		
2085	.		
2086	Halb		
2087	vier		
2088	Uhr		
2089	war		
2090	er		(mention_id=307|references=(entity=(entity_id=entity_0009|fullname=Bote|gender=m)))
2091	weggeritten		
2092	,		
2093	jetzt		
2094	repetirte		
2095	meine	297	(mention_id=308|references=(entity=(entity_id=entity_0002|fullname=Gustav von S.|gender=m)))
2096	Uhr		
2097	–		
2098	wie		
2099	?		
2100	sollte		
2101	sie		
2102	unrecht		
2103	gehen		
2104	?		
2105	–		
2106	erst		
2107	vier		
2108	!!		
2109	–		
2110	ach		
2111	!		
2112	das		
2113	begriff		
2114	ich	298	(mention_id=309|references=(entity=(entity_id=entity_0002|fullname=Gustav von S.|gender=m)))
2115	nun		
2116	wohl		
2117	:		
2118	vor		
2119	einer		
2120	Stunde		
2121	war		
2122	keine		
2123	Antwort		
2124	zu		
2125	hoffen		
2126	.		
2127	Unmuthsvoll		
2128	streckte		
2129	ich	299	(mention_id=310|references=(entity=(entity_id=entity_0002|fullname=Gustav von S.|gender=m)))
2130	mich	300	(mention_id=311|references=(entity=(entity_id=entity_0002|fullname=Gustav von S.|gender=m)))
2131	auf		
2132	das		
2133	Sopha		
2134	,		
2135	und		
2136	der		
2137	junge		
2138	Despot	301	(mention_id=312|references=(entity=(entity_id=entity_0002|fullname=Gustav von S.|gender=m)))
2139	,		
2140	welcher	302	(mention_id=313|references=(entity=(entity_id=entity_0002|fullname=Gustav von S.|gender=m)))
2141	vor		
2142	einigen		
2143	Augenblicken		
2144	der		
2145	Sonne		
2146	gebiethen		
2147	wollte		
2148	;		
2149	lag		
2150	nun		
2151	bald		
2152	vom		
2153	Schlummer		
2154	überwunden		
2155	,		
2156	seiner	303	(mention_id=314|references=(entity=(entity_id=entity_0002|fullname=Gustav von S.|gender=m)))
2157	Stärke		
2158	,		
2159	wie		
2160	seiner	304	(mention_id=315|references=(entity=(entity_id=entity_0002|fullname=Gustav von S.|gender=m)))
2161	Schwäche		
2162	sich		(mention_id=316|references=(entity=(entity_id=entity_0002|fullname=Gustav von S.|gender=m)))
2163	nicht		
2164	mehr		
2165	bewußt		
2166	.		
2167	Als		
2168	ich	305	(mention_id=317|references=(entity=(entity_id=entity_0002|fullname=Gustav von S.|gender=m)))
2169	erwachte		
2170	,		
2171	sah		
2172	ich	306	(mention_id=318|references=(entity=(entity_id=entity_0002|fullname=Gustav von S.|gender=m)))
2173	meine	307	(mention_id=319|references=(entity=(entity_id=entity_0002|fullname=Gustav von S.|gender=m)))
2174	Tante	308	(mention_id=320|references=(entity=(entity_id=entity_0006|fullname=Gustavs Tante|gender=f)))
2175	mit		
2176	einem		
2177	offnen		
2178	Briefe		
2179	an		
2180	meiner	309	(mention_id=321|references=(entity=(entity_id=entity_0002|fullname=Gustav von S.|gender=m)))
2181	Seite		
2182	sitzen		
2183	.		
2184	»		
2185	Sie	310	(mention_id=322|references=(entity=(entity_id=entity_0003|fullname=Marie|gender=f)),(entity=(entity_id=entity_0005|fullname=Maries Mutter|gender=f)))
2186	haben		
2187	?		
2188	«		
2189	–		
2190	fragte		
2191	ich	311	(mention_id=323|references=(entity=(entity_id=entity_0002|fullname=Gustav von S.|gender=m)))
2192	–		
2193	und		
2194	streckte		
2195	die		
2196	Hand		
2197	zitternd		
2198	nach		
2199	dem		
2200	Briefe		
2201	aus		
2202	.		
2203	–		
2204	»		
2205	Ja		
2206	,		
2207	sie	312	(mention_id=324|references=(entity=(entity_id=entity_0005|fullname=Maries Mutter|gender=f)),(entity=(entity_id=entity_0003|fullname=Marie|gender=f)))
2208	haben		
2209	es		
2210	angenommen		
2211	«		
2212	–		
2213	fiel		
2214	meine	313	(mention_id=325|references=(entity=(entity_id=entity_0002|fullname=Gustav von S.|gender=m)))
2215	Tante	314	(mention_id=326|references=(entity=(entity_id=entity_0006|fullname=Gustavs Tante|gender=f)))
2216	ein		
2217	–		
2218	»		
2219	aber		
2220	mit		
2221	einer		
2222	Bedingung		
2223	.		
2224	«		
2225	»		
2226	O		
2227	alle		
2228	mögliche		
2229	!		
2230	alle		
2231	mögliche		
2232	Bedingungen		
2233	«		
2234	–		
2235	rief		
2236	ich	315	(mention_id=327|references=(entity=(entity_id=entity_0002|fullname=Gustav von S.|gender=m)))
2237	,		
2238	und		
2239	sprang		
2240	vom		
2241	Sopha		
2242	auf		
2243	.		
2244	Die		
2245	Tante	316	(mention_id=328|references=(entity=(entity_id=entity_0006|fullname=Gustavs Tante|gender=f)))
2246	.		
2247	Es		
2248	wird		
2249	dir	317	(mention_id=329|references=(entity=(entity_id=entity_0002|fullname=Gustav von S.|gender=m)))
2250	schwer		
2251	werden		
2252	,		
2253	lieber		
2254	Gustav	318	(mention_id=330|references=(entity=(entity_id=entity_0002|fullname=Gustav von S.|gender=m)))
2255	–		
2256	aber		
2257	es		
2258	ist		
2259	nun		
2260	einmahl		
2261	nicht		
2262	anders		
2263	.		
2264	Ich	319	(mention_id=331|references=(entity=(entity_id=entity_0002|fullname=Gustav von S.|gender=m)))
2265	.		
2266	Was		
2267	?		
2268	um		
2269	Gottes		
2270	willen		
2271	!		
2272	was		
2273	wird		
2274	mir	320	(mention_id=332|references=(entity=(entity_id=entity_0002|fullname=Gustav von S.|gender=m)))
2275	schwer		
2276	werden		
2277	?		
2278	Sie	321	(mention_id=333|references=(entity=(entity_id=entity_0006|fullname=Gustavs Tante|gender=f)))
2279	.		
2280	Sie	322	(mention_id=334|references=(entity=(entity_id=entity_0003|fullname=Marie|gender=f)))
2281	nicht		
2282	zu		
2283	sehn		
2284	.		
2285	Ich	323	(mention_id=335|references=(entity=(entity_id=entity_0002|fullname=Gustav von S.|gender=m)))
2286	.		
2287	Sie	324	(mention_id=336|references=(entity=(entity_id=entity_0003|fullname=Marie|gender=f)))
2288	nicht		
2289	zu		
2290	sehen		
2291	!		
2292	–		
2293	wie		
2294	,		
2295	haben		
2296	Sie	325	(mention_id=337|references=(entity=(entity_id=entity_0006|fullname=Gustavs Tante|gender=f)))
2297	recht		
2298	gelesen		
2299	?		
2300	sieht		
2301	das		
2302	da		
2303	?		
2304	Sie	326	(mention_id=338|references=(entity=(entity_id=entity_0006|fullname=Gustavs Tante|gender=f)))
2305	.		
2306	Lies		
2307	selbst		
2308	.		
2309	Wie		
2310	ich	327	(mention_id=339|references=(entity=(entity_id=entity_0006|fullname=Gustavs Tante|gender=f)))
2311	dir	328	(mention_id=340|references=(entity=(entity_id=entity_0002|fullname=Gustav von S.|gender=m)))
2312	sage		
2313	:		
2314	nur		
2315	unter		
2316	dieser		
2317	Bedingung		
2318	.		
2319	»		
2320	Ach		
2321	ich	329	(mention_id=341|references=(entity=(entity_id=entity_0002|fullname=Gustav von S.|gender=m)))
2322	bin		
2323	verloren		
2324	!		
2325	ich	330	(mention_id=342|references=(entity=(entity_id=entity_0002|fullname=Gustav von S.|gender=m)))
2326	bin		
2327	ein		
2328	unglücklicher		
2329	Mensch	331	
2330	!		
2331	«		
2332	–		
2333	Mit		
2334	diesen		
2335	Ausrufungen		
2336	übertäubte		
2337	ich	332	(mention_id=343|references=(entity=(entity_id=entity_0002|fullname=Gustav von S.|gender=m)))
2338	jetzt		
2339	alle		
2340	Trostgründe		
2341	meiner	333	(mention_id=344|references=(entity=(entity_id=entity_0002|fullname=Gustav von S.|gender=m)))
2342	Tante	334	(mention_id=345|references=(entity=(entity_id=entity_0006|fullname=Gustavs Tante|gender=f)))
2343	.		
2344	Doch		
2345	endlich		
2346	legte		
2347	sich		
2348	der		
2349	Sturm		
2350	,		
2351	ich	335	(mention_id=346|references=(entity=(entity_id=entity_0002|fullname=Gustav von S.|gender=m)))
2352	fing		
2353	an		
2354	mich	336	(mention_id=347|references=(entity=(entity_id=entity_0002|fullname=Gustav von S.|gender=m)))
2355	zu		
2356	sammeln		
2357	,		
2358	und		
2359	sah		
2360	nun		
2361	freilich		
2362	wohl		
2363	ein		
2364	:		
2365	daß		
2366	meine	337	(mention_id=348|references=(entity=(entity_id=entity_0002|fullname=Gustav von S.|gender=m)))
2367	Lage		
2368	bey		
2369	weitem		
2370	nicht		
2371	so		
2372	hoffnungslos		
2373	war		
2374	;		
2375	als		
2376	sie		
2377	es		
2378	anfangs		
2379	geschienen		
2380	hatte		
2381	,		
2382	daß		
2383	sich		
2384	noch		
2385	mancher		
2386	bedeutender		
2387	Vortheil		
2388	von		
2389	Mariens	338	(mention_id=349|references=(entity=(entity_id=entity_0003|fullname=Marie|gender=f)))
2390	Nähe		
2391	ziehen		
2392	ließe		
2393	,		
2394	und		
2395	daß		
2396	es		
2397	nichts		
2398	weniger		
2399	als		
2400	unmöglich		
2401	seyn		
2402	würde		
2403	,		
2404	sie	339	(mention_id=350|references=(entity=(entity_id=entity_0003|fullname=Marie|gender=f)))
2405	zu		
2406	sehen		
2407	;		
2408	ohne		
2409	von		
2410	ihr	340	(mention_id=351|references=(entity=(entity_id=entity_0003|fullname=Marie|gender=f)))
2411	gesehen		
2412	zu		
2413	werden		
2414	.		
2415	Das		
2416	unterscheidentste		
2417	Kennzeichen		
2418	der		
2419	ersten		
2420	,		
2421	so		
2422	wie		
2423	der		
2424	wahren		
2425	Liebe		
2426	–		
2427	vielleicht		
2428	sind		
2429	diese		
2430	beyden		
2431	Worte		
2432	gleichbedeutend		
2433	–		
2434	ist		
2435	Genügsamkeit		
2436	.		
2437	Es		
2438	bedurfte		
2439	nichts		
2440	als		
2441	die		
2442	Hoffnung		
2443	,		
2444	Marien	341	(mention_id=352|references=(entity=(entity_id=entity_0003|fullname=Marie|gender=f)))
2445	sehen		
2446	und		
2447	beobachten		
2448	zu		
2449	können		
2450	;		
2451	um		
2452	den		
2453	schwärzesten		
2454	Unmuth		
2455	durch		
2456	die		
2457	beseeligendste		
2458	Phantasie		
2459	zu		
2460	verdrängen		
2461	.		
2462	Den		
2463	folgenden		
2464	Abend		
2465	wollten		
2466	die		
2467	Frauenzimmer	342	(mention_id=353|references=(entity=(entity_id=entity_0005|fullname=Maries Mutter|gender=f)),(entity=(entity_id=entity_0003|fullname=Marie|gender=f)))
2468	nach		
2469	dem		
2470	Pachtergütchen		
2471	abgehen		
2472	:		
2473	ich	343	(mention_id=354|references=(entity=(entity_id=entity_0002|fullname=Gustav von S.|gender=m)))
2474	eilte		
2475	daher		
2476	,		
2477	mich	344	(mention_id=355|references=(entity=(entity_id=entity_0002|fullname=Gustav von S.|gender=m)))
2478	noch		
2479	zuvor		
2480	an		
2481	dem		
2482	Anblicke		
2483	der		
2484	Zimmer		
2485	zu		
2486	laben		
2487	,		
2488	welche		
2489	nun		
2490	bald		
2491	alle		
2492	meine	345	(mention_id=356|references=(entity=(entity_id=entity_0002|fullname=Gustav von S.|gender=m)))
2493	Wünsche		
2494	in		
2495	sich		
2496	schließen		
2497	sollten		
2498	.		
2499	Meine	346	(mention_id=357|references=(entity=(entity_id=entity_0002|fullname=Gustav von S.|gender=m)))
2500	Tante	347	(mention_id=358|references=(entity=(entity_id=entity_0006|fullname=Gustavs Tante|gender=f)))
2501	machte		
2502	alle		
2503	Vorkehrungen		
2504	zur		
2505	Einrichtung		
2506	des		
2507	kleinen		
2508	Hauses		
2509	:		
2510	aber		
2511	ob		
2512	ich	348	(mention_id=359|references=(entity=(entity_id=entity_0002|fullname=Gustav von S.|gender=m)))
2513	gleich		
2514	jetzt		
2515	zum		
2516	ersten		
2517	Mahl		
2518	etwas		
2519	der		
2520	Dankbarkeit		
2521	ähnliches		
2522	für		
2523	sie	349	(mention_id=360|references=(entity=(entity_id=entity_0006|fullname=Gustavs Tante|gender=f)))
2524	empfand		
2525	;		
2526	so		
2527	war		
2528	es		
2529	mir	350	(mention_id=361|references=(entity=(entity_id=entity_0002|fullname=Gustav von S.|gender=m)))
2530	dennoch		
2531	nicht		
2532	möglich		
2533	,		
2534	meine	351	(mention_id=362|references=(entity=(entity_id=entity_0002|fullname=Gustav von S.|gender=m)))
2535	Begierde		
2536	bis		
2537	zu		
2538	ihrer	352	(mention_id=363|references=(entity=(entity_id=entity_0006|fullname=Gustavs Tante|gender=f)))
2539	Abreise		
2540	bezähmen		
2541	zu		
2542	können		
2543	,		
2544	und		
2545	ich	353	(mention_id=364|references=(entity=(entity_id=entity_0002|fullname=Gustav von S.|gender=m)))
2546	sprengte		
2547	vom		
2548	Hofe		
2549	,		
2550	noch		
2551	ehe		
2552	ihr	354	(mention_id=365|references=(entity=(entity_id=entity_0006|fullname=Gustavs Tante|gender=f)))
2553	Wagen		
2554	vorgefahren		
2555	war		
2556	.		
2557	Siebentes		
2558	Kapitel		
2559	»		
2560	Die		
2561	Kammer		
2562	linker		
2563	Hand		
2564	,		
2565	«		
2566	hatte		
2567	mir	355	(mention_id=366|references=(entity=(entity_id=entity_0002|fullname=Gustav von S.|gender=m)))
2568	meine	356	(mention_id=367|references=(entity=(entity_id=entity_0002|fullname=Gustav von S.|gender=m)))
2569	Tante	357	(mention_id=368|references=(entity=(entity_id=entity_0006|fullname=Gustavs Tante|gender=f)))
2570	gesagt		
2571	.		
2572	Jetzt		
2573	stand		
2574	ich	358	(mention_id=369|references=(entity=(entity_id=entity_0002|fullname=Gustav von S.|gender=m)))
2575	in		
2576	der		
2577	Kammer		
2578	.		
2579	Ach		
2580	,		
2581	Marie	359	(mention_id=370|references=(entity=(entity_id=entity_0003|fullname=Marie|gender=f)))
2582	sollte		
2583	sie		
2584	bewohnen		
2585	!		
2586	–		
2587	hier		
2588	ein		
2589	Clavier		
2590	,		
2591	dort		
2592	ein		
2593	Sopha		
2594	,		
2595	gegenüber		
2596	ein		
2597	grünes		
2598	,		
2599	seidnes		
2600	Bettchen		
2601	.		
2602	Lange		
2603	schon		
2604	hatte		
2605	ich	360	(mention_id=371|references=(entity=(entity_id=entity_0002|fullname=Gustav von S.|gender=m)))
2606	es		
2607	mit		
2608	trunknem		
2609	Auge		
2610	betrachtet		
2611	–		
2612	endlich		
2613	wagte		
2614	ich	361	(mention_id=372|references=(entity=(entity_id=entity_0002|fullname=Gustav von S.|gender=m)))
2615	es		
2616	,		
2617	mich	362	(mention_id=373|references=(entity=(entity_id=entity_0002|fullname=Gustav von S.|gender=m)))
2618	zu		
2619	nähern		
2620	,		
2621	die		
2622	Vorhänge		
2623	zu		
2624	öffnen		
2625	,		
2626	und		
2627	–		
2628	plötzlich		
2629	von		
2630	einer		
2631	Menge		
2632	unbekannter		
2633	Empfindungen		
2634	ergriffen		
2635	–		
2636	sank		
2637	ich	363	(mention_id=374|references=(entity=(entity_id=entity_0002|fullname=Gustav von S.|gender=m)))
2638	mit		
2639	einem		
2640	Strohme		
2641	von		
2642	Thränen		
2643	darauf		
2644	hin		
2645	.		
2646	Ach		
2647	,		
2648	welche		
2649	Thränen		
2650	!		
2651	–		
2652	gehörten		
2653	sie		
2654	dem		
2655	Schmerze		
2656	?		
2657	dem		
2658	Entzücken		
2659	?		
2660	–		
2661	Ihr	364	
2662	,		
2663	die		(mention_id=375|references=(entity=(entity_id=generic_0136|fullname=generic_0015|gender=u|specialcase_entity=generic)))
2664	ihr	365	(mention_id=376|references=(entity=(entity_id=generic_0137|fullname=generic_0016|gender=u|specialcase_entity=generic)))
2665	die		
2666	wahre		
2667	Liebe		
2668	kanntet		
2669	,		
2670	ihr	366	(mention_id=377|references=(entity=(entity_id=generic_0138|fullname=generic_0017|gender=u|specialcase_entity=generic)))
2671	mögt		
2672	entscheiden		
2673	.		
2674	Das		
2675	Geräusch		
2676	eines		
2677	Wagens		
2678	weckte		
2679	mich	367	(mention_id=378|references=(entity=(entity_id=entity_0002|fullname=Gustav von S.|gender=m)))
2680	endlich		
2681	aus		
2682	meinem	368	(mention_id=379|references=(entity=(entity_id=entity_0002|fullname=Gustav von S.|gender=m)))
2683	Taumel		
2684	.		
2685	Es		
2686	war		
2687	meine	369	(mention_id=380|references=(entity=(entity_id=entity_0002|fullname=Gustav von S.|gender=m)))
2688	Tante	370	(mention_id=381|references=(entity=(entity_id=entity_0006|fullname=Gustavs Tante|gender=f)))
2689	,		
2690	die	371	(mention_id=382|references=(entity=(entity_id=entity_0006|fullname=Gustavs Tante|gender=f)))
2691	,		
2692	mit		
2693	einer		
2694	wirklich		
2695	rührenden		
2696	Sorgfalt		
2697	nun		
2698	alles		
2699	anwendete		
2700	,		
2701	das		
2702	einfache		
2703	Häuschen		
2704	zu		
2705	einem		
2706	kleinen		
2707	Elysium		
2708	umzubilden		
2709	.		
2710	Indessen		
2711	durchlief		
2712	ich	372	(mention_id=383|references=(entity=(entity_id=entity_0002|fullname=Gustav von S.|gender=m)))
2713	das		
2714	ganze		
2715	Gebieth		
2716	,		
2717	umarmte		
2718	den		
2719	Pachter	373	(mention_id=384|references=(entity=(entity_id=entity_0010|fullname=Pächter|gender=m)))
2720	,		
2721	seine	374	(mention_id=385|references=(entity=(entity_id=entity_0010|fullname=Pächter|gender=m)))
2722	Frau	375	(mention_id=386|references=(entity=(entity_id=entity_0014|fullname=Frau des Pächters|gender=f)))
2723	,		
2724	und		
2725	alles		
2726	,		
2727	was		
2728	mir	376	(mention_id=387|references=(entity=(entity_id=entity_0002|fullname=Gustav von S.|gender=m)))
2729	in		
2730	den		
2731	Weg		
2732	kam		
2733	,		
2734	beschenkte		
2735	die		
2736	Kinder	377	(mention_id=388|references=(entity=(entity_id=entity_0016|fullname=Kinder|gender=u|specialcase_entity=group)))
2737	,		
2738	liebkosete		
2739	dem		
2740	Hunde		
2741	,		
2742	lachte		
2743	und		
2744	weinte		
2745	,		
2746	fragte		
2747	,		
2748	und		
2749	hörte		
2750	keine		
2751	einzige		
2752	Antwort		
2753	.		
2754	Ach		
2755	,		
2756	ich	378	(mention_id=389|references=(entity=(entity_id=entity_0002|fullname=Gustav von S.|gender=m)))
2757	war		
2758	glücklich		
2759	,		
2760	unaussprechlich		
2761	glücklich		
2762	!		
2763	was		
2764	kann		
2765	man		
2766	mehr		
2767	seyn		
2768	?		
2769	–		
2770	Aber		
2771	nun		
2772	kam		
2773	es		
2774	darauf		
2775	an		
2776	,		
2777	einen		
2778	Ort		
2779	aufzufinden		
2780	,		
2781	von		
2782	welchem		
2783	aus		
2784	ich	379	(mention_id=390|references=(entity=(entity_id=entity_0002|fullname=Gustav von S.|gender=m)))
2785	Marie	380	(mention_id=391|references=(entity=(entity_id=entity_0003|fullname=Marie|gender=f)))
2786	beobachten		
2787	könnte		
2788	.		
2789	Nach		
2790	langem		
2791	Suchen		
2792	fiel		
2793	meine	381	(mention_id=392|references=(entity=(entity_id=entity_0002|fullname=Gustav von S.|gender=m)))
2794	Wahl		
2795	auf		
2796	eine		
2797	große		
2798	dickbelaubte		
2799	Eiche		
2800	,		
2801	Mariens	382	(mention_id=393|references=(entity=(entity_id=entity_0003|fullname=Marie|gender=f)))
2802	Zimmer		
2803	gegen		
2804	über		
2805	.		
2806	Zwar		
2807	trennte		
2808	sie		
2809	ein		
2810	Bach		
2811	von		
2812	dem		
2813	Häuschen		
2814	,		
2815	aber		
2816	ich	383	(mention_id=394|references=(entity=(entity_id=entity_0002|fullname=Gustav von S.|gender=m)))
2817	konnte		
2818	von		
2819	ihrem		
2820	Gipfel		
2821	den		
2822	Garten		
2823	und		
2824	beynahe		
2825	das		
2826	ganze		
2827	Gütchen		
2828	übersehen		
2829	.		
2830	Mehr		
2831	als		
2832	einmal		
2833	bestieg		
2834	ich	384	(mention_id=395|references=(entity=(entity_id=entity_0002|fullname=Gustav von S.|gender=m)))
2835	sie		
2836	,		
2837	und		
2838	berauschte		
2839	mich	385	(mention_id=396|references=(entity=(entity_id=entity_0002|fullname=Gustav von S.|gender=m)))
2840	in		
2841	der		
2842	reinen		
2843	Lust		
2844	,		
2845	die		
2846	ihre		
2847	Zweige		
2848	belebte		
2849	.		
2850	Je		
2851	höher		
2852	ich	386	(mention_id=397|references=(entity=(entity_id=entity_0002|fullname=Gustav von S.|gender=m)))
2853	stieg		
2854	,		
2855	desto		
2856	mehr		
2857	schienen		
2858	sich		
2859	meine	387	(mention_id=398|references=(entity=(entity_id=entity_0002|fullname=Gustav von S.|gender=m)))
2860	Empfindungen		
2861	zu		
2862	läutern		
2863	,		
2864	desto		
2865	ruhiger		
2866	klopfte		
2867	mein	388	(mention_id=399|references=(entity=(entity_id=entity_0002|fullname=Gustav von S.|gender=m)))
2868	Herz		
2869	,		
2870	und		
2871	desto		
2872	fester		
2873	ward		
2874	mein	389	(mention_id=400|references=(entity=(entity_id=entity_0002|fullname=Gustav von S.|gender=m)))
2875	Entschluß		
2876	:		
2877	nichts		
2878	zu		
2879	thun		
2880	,		
2881	wodurch		
2882	ich	390	(mention_id=401|references=(entity=(entity_id=entity_0002|fullname=Gustav von S.|gender=m)))
2883	mich	391	(mention_id=402|references=(entity=(entity_id=entity_0002|fullname=Gustav von S.|gender=m)))
2884	Mariens	392	(mention_id=403|references=(entity=(entity_id=entity_0003|fullname=Marie|gender=f)))
2885	Liebe		
2886	unwürdig		
2887	machen		
2888	könnte		
2889	.		
2890	Achtes		
2891	Kapitel		
2892	»		
2893	Der		
2894	Wagen		
2895	!		
2896	sie	393	(mention_id=404|references=(entity=(entity_id=entity_0003|fullname=Marie|gender=f)),(entity=(entity_id=entity_0005|fullname=Maries Mutter|gender=f)))
2897	kommen		
2898	,		
2899	sie	394	(mention_id=405|references=(entity=(entity_id=entity_0005|fullname=Maries Mutter|gender=f)),(entity=(entity_id=entity_0003|fullname=Marie|gender=f)))
2900	kommen		
2901	!		
2902	«		
2903	–		
2904	rief		
2905	mein	395	(mention_id=406|references=(entity=(entity_id=entity_0002|fullname=Gustav von S.|gender=m)))
2906	Heinrich	396	(mention_id=407|references=(entity=(entity_id=entity_0004|fullname=Heinrich|gender=m)))
2907	,		
2908	den	397	(mention_id=408|references=(entity=(entity_id=entity_0004|fullname=Heinrich|gender=m)))
2909	ich	398	(mention_id=409|references=(entity=(entity_id=entity_0002|fullname=Gustav von S.|gender=m)))
2910	auf		
2911	den		
2912	Weg		
2913	geschickt		
2914	hatte		
2915	,		
2916	mir	399	(mention_id=410|references=(entity=(entity_id=entity_0002|fullname=Gustav von S.|gender=m)))
2917	am		
2918	folgenden		
2919	Abend		
2920	entgegen		
2921	.		
2922	Mit		
2923	einem		
2924	Sprunge		
2925	war		
2926	ich	400	(mention_id=411|references=(entity=(entity_id=entity_0002|fullname=Gustav von S.|gender=m)))
2927	aus		
2928	Mariens	401	(mention_id=412|references=(entity=(entity_id=entity_0003|fullname=Marie|gender=f)))
2929	Fenster		
2930	,		
2931	über		
2932	den		
2933	Bach		
2934	,		
2935	und		
2936	schnell		
2937	bis		
2938	zum		
2939	äußersten		
2940	Gipfel		
2941	meiner	402	(mention_id=413|references=(entity=(entity_id=entity_0002|fullname=Gustav von S.|gender=m)))
2942	Eiche		
2943	hinauf		
2944	.		
2945	Der		
2946	Wagen		
2947	hielt		
2948	,		
2949	Heinrich	403	(mention_id=414|references=(entity=(entity_id=entity_0004|fullname=Heinrich|gender=m)))
2950	öffnete		
2951	den		
2952	Schlag		
2953	,		
2954	und		
2955	–		
2956	o		
2957	Gott		
2958	,		
2959	wie		
2960	ward		
2961	mir	404	
2962	!		
2963	–		
2964	umfaßte		
2965	Marie	405	(mention_id=415|references=(entity=(entity_id=entity_0003|fullname=Marie|gender=f)))
2966	mit		
2967	einer		
2968	unerhörten		
2969	Dreistigkeit		
2970	,		
2971	und		
2972	hob		
2973	sie	406	(mention_id=416|references=(entity=(entity_id=entity_0003|fullname=Marie|gender=f)))
2974	,		
2975	wie		
2976	im		
2977	Triumphe		
2978	,		
2979	aus		
2980	den		
2981	Wagen		
2982	.		
2983	»		
2984	Wer		
2985	ist		
2986	er	407	
2987	,		
2988	mein	408	(mention_id=417|references=(entity=(entity_id=entity_0002|fullname=Gustav von S.|gender=m)))
2989	Freund	409	(mention_id=418|references=(entity=(entity_id=entity_0004|fullname=Heinrich|gender=m)))
2990	?		
2991	«		
2992	–		
2993	fragte		
2994	Mariens	410	(mention_id=419|references=(entity=(entity_id=entity_0003|fullname=Marie|gender=f)))
2995	Begleiterin	411	(mention_id=420|references=(entity=(entity_id=entity_0005|fullname=Maries Mutter|gender=f)))
2996	,		
2997	und		
2998	Mariens	412	(mention_id=421|references=(entity=(entity_id=entity_0003|fullname=Marie|gender=f)))
2999	Auge		
3000	ruhte		
3001	auf		
3002	der		
3003	herkulischen		
3004	Gestalt		(mention_id=422|references=(entity=(entity_id=entity_0004|fullname=Heinrich|gender=m)))
3005	.		
3006	–		
3007	Ach		
3008	,		
3009	wie		
3010	mir	413	(mention_id=423|references=(entity=(entity_id=entity_0002|fullname=Gustav von S.|gender=m)))
3011	der		
3012	Gedanke		
3013	das		
3014	Herz		
3015	zerriß		
3016	!		
3017	er	414	(mention_id=424|references=(entity=(entity_id=entity_0004|fullname=Heinrich|gender=m)))
3018	war		
3019	doch		
3020	noch		
3021	männlich		
3022	schöner		
3023	,		
3024	als		
3025	ich	415	(mention_id=425|references=(entity=(entity_id=entity_0002|fullname=Gustav von S.|gender=m)))
3026	–		
3027	freylich		
3028	auch		
3029	ein		
3030	Jahr		
3031	älter		
3032	.		
3033	–		
3034	»		
3035	Ich	416	(mention_id=426|references=(entity=(entity_id=entity_0004|fullname=Heinrich|gender=m)))
3036	bin		
3037	des		
3038	Pachters	417	(mention_id=427|references=(entity=(entity_id=entity_0010|fullname=Pächter|gender=m)))
3039	Sohn	418	
3040	,		
3041	«		
3042	–		
3043	antwortete		
3044	er	419	(mention_id=428|references=(entity=(entity_id=entity_0004|fullname=Heinrich|gender=m)))
3045	mit		
3046	einem		
3047	Anstande		
3048	,		
3049	der		
3050	mich	420	(mention_id=429|references=(entity=(entity_id=entity_0002|fullname=Gustav von S.|gender=m)))
3051	zur		
3052	Verzweiflung		
3053	brachte		
3054	,		
3055	–		
3056	»		
3057	der		
3058	junge		
3059	Herr	421	(mention_id=430|references=(entity=(entity_id=entity_0002|fullname=Gustav von S.|gender=m)))
3060	und		
3061	ich	422	(mention_id=431|references=(entity=(entity_id=entity_0002|fullname=Gustav von S.|gender=m)))
3062	wir	423	(mention_id=432|references=(entity=(entity_id=entity_0002|fullname=Gustav von S.|gender=m)),(entity=(entity_id=entity_0004|fullname=Heinrich|gender=m)))
3063	sind		
3064	Milchbrüder	424	(mention_id=433|references=(entity=(entity_id=entity_0002|fullname=Gustav von S.|gender=m)),(entity=(entity_id=entity_0004|fullname=Heinrich|gender=m)))
3065	,		
3066	und		
3067	nun		
3068	soll		
3069	ich	425	(mention_id=434|references=(entity=(entity_id=entity_0004|fullname=Heinrich|gender=m)))
3070	ihn	426	(mention_id=435|references=(entity=(entity_id=entity_0002|fullname=Gustav von S.|gender=m)))
3071	begleiten		
3072	,		
3073	wenn		
3074	er	427	(mention_id=436|references=(entity=(entity_id=entity_0002|fullname=Gustav von S.|gender=m)))
3075	auf		
3076	Reisen		
3077	geht		
3078	.		
3079	Sollte		
3080	noch		
3081	irgend		
3082	etwas		
3083	fehlen		
3084	,		
3085	«		
3086	–		
3087	fuhr		
3088	er	428	(mention_id=437|references=(entity=(entity_id=entity_0004|fullname=Heinrich|gender=m)))
3089	fort		
3090	,		
3091	indem		
3092	er	429	(mention_id=438|references=(entity=(entity_id=entity_0004|fullname=Heinrich|gender=m)))
3093	die		
3094	Hausthür		
3095	öffnete		
3096	–		
3097	»		
3098	so		
3099	will		
3100	ich	430	(mention_id=439|references=(entity=(entity_id=entity_0004|fullname=Heinrich|gender=m)))
3101	bitten		
3102	,		
3103	daß		
3104	Ihro	431	(mention_id=440|references=(entity=(entity_id=entity_0005|fullname=Maries Mutter|gender=f)),(entity=(entity_id=entity_0003|fullname=Marie|gender=f)))
3105	Gnaden	431	(mention_id=440|references=(entity=(entity_id=entity_0005|fullname=Maries Mutter|gender=f)),(entity=(entity_id=entity_0003|fullname=Marie|gender=f)))
3106	mich	432	(mention_id=441|references=(entity=(entity_id=entity_0004|fullname=Heinrich|gender=m)))
3107	mit		
3108	Ihren	433	(mention_id=442|references=(entity=(entity_id=entity_0005|fullname=Maries Mutter|gender=f)),(entity=(entity_id=entity_0003|fullname=Marie|gender=f)))
3109	Befehlen		
3110	beehren		
3111	:		
3112	es		
3113	wird		
3114	augenblicklich		
3115	herbeygeschafft		
3116	werden		
3117	.		
3118	«		
3119	Jetzt		
3120	waren		
3121	sie	434	(mention_id=443|references=(entity=(entity_id=entity_0003|fullname=Marie|gender=f)),(entity=(entity_id=entity_0005|fullname=Maries Mutter|gender=f)))
3122	im		
3123	Hause		
3124	,		
3125	und		
3126	jetzt		
3127	kochte		
3128	mein	435	(mention_id=444|references=(entity=(entity_id=entity_0002|fullname=Gustav von S.|gender=m)))
3129	Blut		
3130	.		
3131	Wie		
3132	viel		
3133	kostete		
3134	es		
3135	mich	436	(mention_id=445|references=(entity=(entity_id=entity_0002|fullname=Gustav von S.|gender=m)))
3136	auf		
3137	meiner	437	(mention_id=446|references=(entity=(entity_id=entity_0002|fullname=Gustav von S.|gender=m)))
3138	Eiche		
3139	den		
3140	Augenblick		
3141	abzuwarten		
3142	,		
3143	wo		
3144	Marie	438	(mention_id=447|references=(entity=(entity_id=entity_0003|fullname=Marie|gender=f)))
3145	in		
3146	ihr	439	(mention_id=448|references=(entity=(entity_id=entity_0003|fullname=Marie|gender=f)))
3147	Zimmer		
3148	treten		
3149	würde		
3150	!		
3151	–		
3152	ach		
3153	,		
3154	ein		
3155	Augenblick		
3156	,		
3157	nach		
3158	dem		
3159	ich	440	(mention_id=449|references=(entity=(entity_id=entity_0002|fullname=Gustav von S.|gender=m)))
3160	so		
3161	lange		
3162	geschmachtet		
3163	hatte		
3164	.		
3165	Endlich		
3166	öffnete		
3167	sich		
3168	die		
3169	Thür		
3170	,		
3171	und		
3172	–		
3173	sollte		
3174	ich	441	(mention_id=450|references=(entity=(entity_id=entity_0002|fullname=Gustav von S.|gender=m)))
3175	meinen	442	(mention_id=451|references=(entity=(entity_id=entity_0002|fullname=Gustav von S.|gender=m)))
3176	Augen		
3177	trauen		
3178	!		
3179	–		
3180	nur		
3181	Marie	443	(mention_id=452|references=(entity=(entity_id=entity_0003|fullname=Marie|gender=f)))
3182	und		
3183	Heinrich	444	(mention_id=453|references=(entity=(entity_id=entity_0004|fullname=Heinrich|gender=m)))
3184	traten		
3185	herein		
3186	,		
3187	und		
3188	sogleich		
3189	schloß		
3190	sich		
3191	die		
3192	Thüre		
3193	wieder		
3194	.		
3195	Mariens	445	(mention_id=454|references=(entity=(entity_id=entity_0003|fullname=Marie|gender=f)))
3196	Blick		
3197	fiel		
3198	zuerst		
3199	auf		
3200	einen		
3201	großen		
3202	Rosenstrauch		
3203	,		
3204	den		
3205	ich	446	(mention_id=455|references=(entity=(entity_id=entity_0002|fullname=Gustav von S.|gender=m)))
3206	auf		
3207	ihren	447	(mention_id=456|references=(entity=(entity_id=entity_0003|fullname=Marie|gender=f)))
3208	Tisch		
3209	hatte		
3210	setzen		
3211	lassen		
3212	.		
3213	Sogleich		
3214	pflückte		
3215	Heinrich	448	(mention_id=457|references=(entity=(entity_id=entity_0004|fullname=Heinrich|gender=m)))
3216	die		
3217	schönste		
3218	Rose		
3219	davon		
3220	ab		
3221	.		
3222	»		
3223	Ach		
3224	,		
3225	Schade		
3226	!		
3227	«		
3228	–		
3229	rief		
3230	Marie	449	(mention_id=458|references=(entity=(entity_id=entity_0003|fullname=Marie|gender=f)))
3231	.		
3232	»		
3233	Schade		
3234	?		
3235	«		
3236	–		
3237	wiederholte		
3238	Heinrich	450	(mention_id=459|references=(entity=(entity_id=entity_0004|fullname=Heinrich|gender=m)))
3239	–		
3240	indem		
3241	er	451	(mention_id=460|references=(entity=(entity_id=entity_0004|fullname=Heinrich|gender=m)))
3242	ihr	452	(mention_id=461|references=(entity=(entity_id=entity_0003|fullname=Marie|gender=f)))
3243	die		
3244	Blume		
3245	anboth		
3246	–		
3247	»		
3248	o		
3249	mein		
3250	Gott		
3251	!		
3252	was		
3253	wäre		
3254	wohl		
3255	Schade		
3256	!		
3257	«		
3258	–		
3259	und		
3260	seine	453	(mention_id=462|references=(entity=(entity_id=entity_0004|fullname=Heinrich|gender=m)))
3261	großen		
3262	,		
3263	brennenden		
3264	Augen		
3265	vollendeten		
3266	die		
3267	Ausrufung		
3268	.		
3269	Jetzt		
3270	trat		
3271	das		
3272	andere		
3273	Frauenzimmer	454	(mention_id=463|references=(entity=(entity_id=entity_0005|fullname=Maries Mutter|gender=f)))
3274	in		
3275	die		
3276	Thür		
3277	,		
3278	und		
3279	jetzt		
3280	konnte		
3281	ich	455	(mention_id=464|references=(entity=(entity_id=entity_0002|fullname=Gustav von S.|gender=m)))
3282	mich	456	(mention_id=465|references=(entity=(entity_id=entity_0002|fullname=Gustav von S.|gender=m)))
3283	nicht		
3284	mehr		
3285	halten		
3286	.		
3287	Unvermerkt		
3288	sprang		
3289	ich	457	(mention_id=466|references=(entity=(entity_id=entity_0002|fullname=Gustav von S.|gender=m)))
3290	vom		
3291	Baume		
3292	,		
3293	und		
3294	eilte		
3295	den		
3296	Verräther	458	(mention_id=467|references=(entity=(entity_id=entity_0004|fullname=Heinrich|gender=m)))
3297	–		
3298	so		
3299	nannte		
3300	ich	459	(mention_id=468|references=(entity=(entity_id=entity_0002|fullname=Gustav von S.|gender=m)))
3301	ihn	460	(mention_id=469|references=(entity=(entity_id=entity_0004|fullname=Heinrich|gender=m)))
3302	in		
3303	meinem	461	(mention_id=470|references=(entity=(entity_id=entity_0002|fullname=Gustav von S.|gender=m)))
3304	Herzen		
3305	–		
3306	aufzusuchen		
3307	,		
3308	und		
3309	ihn	462	(mention_id=471|references=(entity=(entity_id=entity_0004|fullname=Heinrich|gender=m)))
3310	augenblicklich		
3311	zur		
3312	Rede		
3313	zu		
3314	stellen		
3315	.		
3316	Neuntes		
3317	Kapitel		
3318	»		
3319	Hier		
3320	her		
3321	!		
3322	«		
3323	–		
3324	sagte		
3325	ich	463	(mention_id=472|references=(entity=(entity_id=entity_0002|fullname=Gustav von S.|gender=m)))
3326	im		
3327	gebietherischen		
3328	Tone		
3329	,		
3330	als		
3331	er	464	(mention_id=473|references=(entity=(entity_id=entity_0004|fullname=Heinrich|gender=m)))
3332	um		
3333	die		
3334	andere		
3335	Ecke		
3336	des		
3337	Gartens		
3338	biegen		
3339	wollte		
3340	–		
3341	»		
3342	wer		
3343	hat		
3344	dir	465	(mention_id=474|references=(entity=(entity_id=entity_0004|fullname=Heinrich|gender=m)))
3345	erlaubt		
3346	,		
3347	in		
3348	Mariens	466	(mention_id=475|references=(entity=(entity_id=entity_0003|fullname=Marie|gender=f)))
3349	Zimmer		
3350	zu		
3351	treten		
3352	?		
3353	«		
3354	Er	467	(mention_id=476|references=(entity=(entity_id=entity_0004|fullname=Heinrich|gender=m)))
3355	.		
3356	Ihre	468	(mention_id=477|references=(entity=(entity_id=entity_0002|fullname=Gustav von S.|gender=m)))
3357	Tante	469	(mention_id=478|references=(entity=(entity_id=entity_0006|fullname=Gustavs Tante|gender=f)))
3358	.		
3359	Ich	470	(mention_id=479|references=(entity=(entity_id=entity_0002|fullname=Gustav von S.|gender=m)))
3360	.		
3361	Das		
3362	ist		
3363	eine		
3364	Lüge		
3365	!		
3366	Er	471	(mention_id=480|references=(entity=(entity_id=entity_0004|fullname=Heinrich|gender=m)))
3367	.		
3368	–		
3369	Indem		
3370	er	472	(mention_id=481|references=(entity=(entity_id=entity_0004|fullname=Heinrich|gender=m)))
3371	mich	473	(mention_id=482|references=(entity=(entity_id=entity_0002|fullname=Gustav von S.|gender=m)))
3372	mitleidig		
3373	ansah		
3374	–		
3375	»		
3376	Meynen		
3377	Sie	474	(mention_id=483|references=(entity=(entity_id=entity_0002|fullname=Gustav von S.|gender=m)))
3378	mich	475	(mention_id=484|references=(entity=(entity_id=entity_0004|fullname=Heinrich|gender=m)))
3379	?		
3380	«		
3381	Ich	476	(mention_id=485|references=(entity=(entity_id=entity_0002|fullname=Gustav von S.|gender=m)))
3382	.		
3383	»		
3384	Dich	477	(mention_id=486|references=(entity=(entity_id=entity_0004|fullname=Heinrich|gender=m)))
3385	!		
3386	«		
3387	–		
3388	sagte		
3389	ich	478	(mention_id=487|references=(entity=(entity_id=entity_0002|fullname=Gustav von S.|gender=m)))
3390	–		
3391	und		
3392	griff		
3393	an		
3394	den		
3395	Hirschfänger		
3396	.		
3397	Er	479	(mention_id=488|references=(entity=(entity_id=entity_0004|fullname=Heinrich|gender=m)))
3398	.		
3399	Wollen		
3400	Sie	480	(mention_id=489|references=(entity=(entity_id=entity_0002|fullname=Gustav von S.|gender=m)))
3401	hauen		
3402	oder		
3403	schlagen		
3404	?		
3405	–		
3406	beydes		
3407	wäre		
3408	lächerlich		
3409	;		
3410	denn		
3411	ich	481	(mention_id=490|references=(entity=(entity_id=entity_0004|fullname=Heinrich|gender=m)))
3412	wette		
3413	,		
3414	Sie	482	(mention_id=491|references=(entity=(entity_id=entity_0002|fullname=Gustav von S.|gender=m)))
3415	wissen		
3416	nicht		
3417	warum		
3418	.		
3419	Ich	483	(mention_id=492|references=(entity=(entity_id=entity_0002|fullname=Gustav von S.|gender=m)))
3420	.		
3421	»		
3422	Bube	484	(mention_id=493|references=(entity=(entity_id=entity_0004|fullname=Heinrich|gender=m)))
3423	!		
3424	«		
3425	–		
3426	rief		
3427	ich	485	(mention_id=494|references=(entity=(entity_id=entity_0002|fullname=Gustav von S.|gender=m)))
3428	,		
3429	und		
3430	jetzt		
3431	flog		
3432	der		
3433	Hirschfänger		
3434	aus		
3435	der		
3436	Scheide		
3437	.		
3438	–		
3439	»		
3440	Bube	486	(mention_id=495|references=(entity=(entity_id=entity_0004|fullname=Heinrich|gender=m)))
3441	,		
3442	ich	487	(mention_id=496|references=(entity=(entity_id=entity_0002|fullname=Gustav von S.|gender=m)))
3443	werde		
3444	!		
3445	«		
3446	–		
3447	»		
3448	Was		
3449	wirst		
3450	du	488	(mention_id=497|references=(entity=(entity_id=entity_0002|fullname=Gustav von S.|gender=m)))
3451	,		
3452	Gustav	489	(mention_id=498|references=(entity=(entity_id=entity_0002|fullname=Gustav von S.|gender=m)))
3453	?		
3454	«		
3455	–		
3456	wiederholte		
3457	er	490	(mention_id=499|references=(entity=(entity_id=entity_0004|fullname=Heinrich|gender=m)))
3458	,		
3459	indem		
3460	er	491	(mention_id=500|references=(entity=(entity_id=entity_0004|fullname=Heinrich|gender=m)))
3461	ruhig		
3462	vor		
3463	mich	492	(mention_id=501|references=(entity=(entity_id=entity_0002|fullname=Gustav von S.|gender=m)))
3464	hin		
3465	trat		
3466	–		
3467	und		
3468	plötzlich		
3469	fiel		
3470	mir	493	(mention_id=502|references=(entity=(entity_id=entity_0002|fullname=Gustav von S.|gender=m)))
3471	die		
3472	große		
3473	Narbe		
3474	in		
3475	die		
3476	Augen		
3477	,		
3478	die		
3479	er	494	(mention_id=503|references=(entity=(entity_id=entity_0004|fullname=Heinrich|gender=m)))
3480	davon		
3481	trug		
3482	,		
3483	als		
3484	er	495	(mention_id=504|references=(entity=(entity_id=entity_0004|fullname=Heinrich|gender=m)))
3485	mich	496	(mention_id=505|references=(entity=(entity_id=entity_0002|fullname=Gustav von S.|gender=m)))
3486	–		
3487	ich	497	(mention_id=506|references=(entity=(entity_id=entity_0002|fullname=Gustav von S.|gender=m)))
3488	war		
3489	damals		
3490	zehn		
3491	Jahr		
3492	alt		
3493	–		
3494	vom		
3495	Pferde		
3496	riß		
3497	,		
3498	in		
3499	dem		
3500	Augenblicke		
3501	,		
3502	da		
3503	ich	498	(mention_id=507|references=(entity=(entity_id=entity_0002|fullname=Gustav von S.|gender=m)))
3504	in		
3505	Gefahr		
3506	war		
3507	,		
3508	geschleift		
3509	zu		
3510	werden		
3511	.		
3512	»		
3513	Was		
3514	wirst		
3515	du	499	(mention_id=508|references=(entity=(entity_id=entity_0002|fullname=Gustav von S.|gender=m)))
3516	?		
3517	«		
3518	–		
3519	fragte		
3520	er	500	(mention_id=509|references=(entity=(entity_id=entity_0004|fullname=Heinrich|gender=m)))
3521	noch		
3522	einmal		
3523	–		
3524	und		
3525	ich	501	(mention_id=510|references=(entity=(entity_id=entity_0002|fullname=Gustav von S.|gender=m)))
3526	lag		
3527	in		
3528	seinen	502	(mention_id=511|references=(entity=(entity_id=entity_0004|fullname=Heinrich|gender=m)))
3529	Armen		
3530	.		
3531	Nein		
3532	,		
3533	ich	503	(mention_id=512|references=(entity=(entity_id=entity_0002|fullname=Gustav von S.|gender=m)))
3534	war		
3535	nicht		
3536	böse		
3537	!		
3538	–		
3539	verzärtelt		
3540	,		
3541	verzogen		
3542	,		
3543	heftig		
3544	,		
3545	aufbrausend		
3546	war		
3547	ich	504	(mention_id=513|references=(entity=(entity_id=entity_0002|fullname=Gustav von S.|gender=m)))
3548	;		
3549	keinen		
3550	Widerspruch		
3551	konnte		
3552	ich	505	(mention_id=514|references=(entity=(entity_id=entity_0002|fullname=Gustav von S.|gender=m)))
3553	dulden		
3554	:		
3555	darum		
3556	hatte		
3557	man		
3558	auch		
3559	Heinrich	506	(mention_id=515|references=(entity=(entity_id=entity_0004|fullname=Heinrich|gender=m)))
3560	schon		
3561	vor		
3562	drey		
3563	Jahren		
3564	aus		
3565	der		
3566	Gegend		
3567	entfernt		
3568	.		
3569	Aber		
3570	jetzt		
3571	,		
3572	da		
3573	er	507	(mention_id=516|references=(entity=(entity_id=entity_0004|fullname=Heinrich|gender=m)))
3574	,		
3575	mit		
3576	so		
3577	mannichfaltigen		
3578	Kenntnissen		
3579	bereichert		
3580	,		
3581	zurückkehrte		
3582	,		
3583	so		
3584	fest		
3585	und		
3586	doch		
3587	so		
3588	sanft		
3589	,		
3590	so		
3591	männlich		
3592	und		
3593	doch		
3594	so		
3595	kindlich		
3596	sich	508	(mention_id=517|references=(entity=(entity_id=entity_0004|fullname=Heinrich|gender=m)))
3597	anschließend		
3598	–		
3599	jetzt		
3600	mußte		
3601	ich	509	(mention_id=518|references=(entity=(entity_id=entity_0002|fullname=Gustav von S.|gender=m)))
3602	ihn	510	(mention_id=519|references=(entity=(entity_id=entity_0004|fullname=Heinrich|gender=m)))
3603	lieben		
3604	.		
3605	»		
3606	Ach		
3607	,		
3608	Heinrich	511	(mention_id=520|references=(entity=(entity_id=entity_0004|fullname=Heinrich|gender=m)))
3609	!		
3610	«		
3611	–		
3612	sagte		
3613	ich	512	(mention_id=521|references=(entity=(entity_id=entity_0002|fullname=Gustav von S.|gender=m)))
3614	,		
3615	und		
3616	drückte		
3617	ihn	513	(mention_id=522|references=(entity=(entity_id=entity_0004|fullname=Heinrich|gender=m)))
3618	fest		
3619	an		
3620	meine	514	(mention_id=523|references=(entity=(entity_id=entity_0002|fullname=Gustav von S.|gender=m)))
3621	Brust		
3622	–		
3623	»		
3624	Heinrich	515	(mention_id=524|references=(entity=(entity_id=entity_0004|fullname=Heinrich|gender=m)))
3625	!		
3626	was		
3627	denkst		
3628	du	516	(mention_id=525|references=(entity=(entity_id=entity_0004|fullname=Heinrich|gender=m)))
3629	von		
3630	Marien	517	(mention_id=526|references=(entity=(entity_id=entity_0003|fullname=Marie|gender=f)))
3631	?		
3632	«		
3633	–		
3634	Er	518	(mention_id=527|references=(entity=(entity_id=entity_0004|fullname=Heinrich|gender=m)))
3635	.		
3636	Daß		
3637	sie	519	(mention_id=528|references=(entity=(entity_id=entity_0003|fullname=Marie|gender=f)))
3638	ein		
3639	Engel	520	(mention_id=529|references=(entity=(entity_id=entity_0003|fullname=Marie|gender=f)))
3640	ist		
3641	,		
3642	und		
3643	daß		
3644	ich	521	(mention_id=530|references=(entity=(entity_id=entity_0004|fullname=Heinrich|gender=m)))
3645	sie	522	(mention_id=531|references=(entity=(entity_id=entity_0003|fullname=Marie|gender=f)))
3646	haben		
3647	müßte		
3648	,		
3649	wenn		
3650	ich	523	(mention_id=532|references=(entity=(entity_id=entity_0004|fullname=Heinrich|gender=m)))
3651	sie	524	(mention_id=533|references=(entity=(entity_id=entity_0003|fullname=Marie|gender=f)))
3652	bekommen		
3653	könnte		
3654	,		
3655	und		
3656	wenn		
3657	du	525	(mention_id=534|references=(entity=(entity_id=entity_0002|fullname=Gustav von S.|gender=m)))
3658	sie	526	(mention_id=535|references=(entity=(entity_id=entity_0003|fullname=Marie|gender=f)))
3659	nicht		
3660	schon		
3661	hättest		
3662	.		
3663	Ich	527	(mention_id=536|references=(entity=(entity_id=entity_0002|fullname=Gustav von S.|gender=m)))
3664	.		
3665	Ach		
3666	,		
3667	Gott		
3668	!		
3669	ich	528	(mention_id=537|references=(entity=(entity_id=entity_0002|fullname=Gustav von S.|gender=m)))
3670	habe		
3671	sie	529	(mention_id=538|references=(entity=(entity_id=entity_0003|fullname=Marie|gender=f)))
3672	noch		
3673	nicht		
3674	!		
3675	Er	530	(mention_id=539|references=(entity=(entity_id=entity_0004|fullname=Heinrich|gender=m)))
3676	.		
3677	Geduld		
3678	!		
3679	Geduld		
3680	!		
3681	es		
3682	wird		
3683	alles		
3684	gut		
3685	werden		
3686	.		
3687	Ich	531	(mention_id=540|references=(entity=(entity_id=entity_0002|fullname=Gustav von S.|gender=m)))
3688	.		
3689	Ja		
3690	;		
3691	aber		
3692	wann		
3693	?		
3694	–		
3695	Er	532	(mention_id=541|references=(entity=(entity_id=entity_0004|fullname=Heinrich|gender=m)))
3696	.		
3697	Nun		
3698	das		
3699	weiß		
3700	man		(mention_id=542|references=(entity=(entity_id=entity_0004|fullname=Heinrich|gender=m)|borderline_reference=ID),(entity=(entity_id=entity_0002|fullname=Gustav von S.|gender=m)|borderline_reference=ID),(entity=(entity_id=generic_0139|fullname=generic_0018|gender=u|specialcase_entity=generic)|borderline_reference=nonspecific))
3701	freylich		
3702	nicht		
3703	;		
3704	aber		
3705	sey		
3706	nur		
3707	ruhig		
3708	:		
3709	ich	533	(mention_id=543|references=(entity=(entity_id=entity_0004|fullname=Heinrich|gender=m)))
3710	glaube		
3711	wirklich		
3712	,		
3713	sie	534	(mention_id=544|references=(entity=(entity_id=entity_0003|fullname=Marie|gender=f)))
3714	liebt		
3715	dich	535	(mention_id=545|references=(entity=(entity_id=entity_0002|fullname=Gustav von S.|gender=m)))
3716	.		
3717	»		
3718	Heinrich	536	(mention_id=546|references=(entity=(entity_id=entity_0004|fullname=Heinrich|gender=m)))
3719	,		
3720	«		
3721	–		
3722	rief		
3723	ich	537	(mention_id=547|references=(entity=(entity_id=entity_0002|fullname=Gustav von S.|gender=m)))
3724	,		
3725	und		
3726	erstickte		
3727	ihn	538	(mention_id=548|references=(entity=(entity_id=entity_0004|fullname=Heinrich|gender=m)))
3728	fast		
3729	mit		
3730	meinen	539	(mention_id=549|references=(entity=(entity_id=entity_0002|fullname=Gustav von S.|gender=m)))
3731	Küssen		
3732	–		
3733	»		
3734	woher		
3735	glaubst		
3736	du	540	(mention_id=550|references=(entity=(entity_id=entity_0004|fullname=Heinrich|gender=m)))
3737	das		
3738	?		
3739	woher		
3740	vermuthest		
3741	du	541	(mention_id=551|references=(entity=(entity_id=entity_0004|fullname=Heinrich|gender=m)))
3742	das		
3743	?		
3744	Er	542	(mention_id=552|references=(entity=(entity_id=entity_0004|fullname=Heinrich|gender=m)))
3745	.		
3746	Ey		
3747	nun		
3748	,		
3749	das		
3750	läßt		
3751	sich		
3752	nicht		
3753	gut		
3754	sagen		
3755	!		
3756	genug		
3757	–		
3758	das		
3759	war		
3760	nicht		
3761	zu		
3762	verkennen		
3763	–		
3764	ihr	543	(mention_id=553|references=(entity=(entity_id=entity_0003|fullname=Marie|gender=f)))
3765	Auge		
3766	suchte		
3767	etwas		
3768	,		
3769	was		
3770	es		
3771	nicht		
3772	fand		
3773	–		
3774	sie	544	(mention_id=554|references=(entity=(entity_id=entity_0003|fullname=Marie|gender=f)))
3775	war		
3776	unruhig		
3777	,		
3778	und		
3779	wollte		
3780	es		
3781	verbergen		
3782	.		
3783	–		
3784	Nun		
3785	?		
3786	warum		
3787	denn		
3788	mit		
3789	einem		
3790	Male		
3791	wieder		
3792	so		
3793	tiefsinnig		
3794	?		
3795	Ich	545	(mention_id=555|references=(entity=(entity_id=entity_0002|fullname=Gustav von S.|gender=m)))
3796	.		
3797	Aber		
3798	Heinrich	546	(mention_id=556|references=(entity=(entity_id=entity_0004|fullname=Heinrich|gender=m)))
3799	,		
3800	du	547	(mention_id=557|references=(entity=(entity_id=entity_0004|fullname=Heinrich|gender=m)))
3801	gabst		
3802	ihr	548	(mention_id=558|references=(entity=(entity_id=entity_0003|fullname=Marie|gender=f)))
3803	doch		
3804	die		
3805	Rose		
3806	–		
3807	warum		
3808	thatest		
3809	du	549	(mention_id=559|references=(entity=(entity_id=entity_0004|fullname=Heinrich|gender=m)))
3810	das		
3811	?		
3812	Er	550	(mention_id=560|references=(entity=(entity_id=entity_0004|fullname=Heinrich|gender=m)))
3813	.		
3814	Ey		
3815	,		
3816	mein		(mention_id=561|references=(entity=(entity_id=entity_0004|fullname=Heinrich|gender=m)))
3817	Gott		
3818	!		
3819	weil		
3820	ich	551	(mention_id=562|references=(entity=(entity_id=entity_0004|fullname=Heinrich|gender=m)))
3821	es		
3822	nicht		
3823	lassen		
3824	konnte		
3825	.		
3826	»		
3827	O		
3828	Heinrich	552	(mention_id=563|references=(entity=(entity_id=entity_0004|fullname=Heinrich|gender=m)))
3829	!		
3830	«		
3831	–		
3832	rief		
3833	ich	553	(mention_id=564|references=(entity=(entity_id=entity_0002|fullname=Gustav von S.|gender=m)))
3834	erschrocken		
3835	–		
3836	»		
3837	also		
3838	thust		
3839	du	554	(mention_id=565|references=(entity=(entity_id=entity_0004|fullname=Heinrich|gender=m)))
3840	doch		
3841	manchmal		
3842	etwas		
3843	blos		
3844	weil		
3845	du	555	(mention_id=566|references=(entity=(entity_id=entity_0004|fullname=Heinrich|gender=m)))
3846	es		
3847	nicht		
3848	lassen		
3849	kannst		
3850	!		
3851	«		
3852	–		
3853	Er	556	(mention_id=567|references=(entity=(entity_id=entity_0004|fullname=Heinrich|gender=m)))
3854	.		
3855	Allerdings		
3856	!		
3857	alles		
3858	Unschuldige		
3859	,		
3860	alles		
3861	,		
3862	was		
3863	weder		
3864	mir	557	(mention_id=568|references=(entity=(entity_id=entity_0004|fullname=Heinrich|gender=m)))
3865	noch		
3866	andern	558	
3867	schaden		
3868	kann		
3869	,		
3870	thue		
3871	ich	559	(mention_id=569|references=(entity=(entity_id=entity_0004|fullname=Heinrich|gender=m)))
3872	ohne		
3873	Bedenken		
3874	,		
3875	wenn		
3876	mich	560	(mention_id=570|references=(entity=(entity_id=entity_0004|fullname=Heinrich|gender=m)))
3877	meine	561	(mention_id=571|references=(entity=(entity_id=entity_0004|fullname=Heinrich|gender=m)))
3878	Neigung		
3879	dazu		
3880	treibt		
3881	.		
3882	Oder		
3883	–		
3884	wie		
3885	ich	562	(mention_id=572|references=(entity=(entity_id=entity_0004|fullname=Heinrich|gender=m)))
3886	vorhin		
3887	so		
3888	leichtfertig		
3889	weg		
3890	sagte		
3891	–		
3892	wenn		
3893	ich	563	(mention_id=573|references=(entity=(entity_id=entity_0004|fullname=Heinrich|gender=m)))
3894	es		
3895	nicht		
3896	lassen		
3897	kann		
3898	.		
3899	Ich	564	(mention_id=574|references=(entity=(entity_id=entity_0002|fullname=Gustav von S.|gender=m)))
3900	.		
3901	Ach		
3902	,		
3903	Heinrich	565	
3904	!		
3905	du	566	(mention_id=575|references=(entity=(entity_id=entity_0004|fullname=Heinrich|gender=m)))
3906	wirst		
3907	sie	567	(mention_id=576|references=(entity=(entity_id=entity_0003|fullname=Marie|gender=f)))
3908	lieben		
3909	.		
3910	Er	568	(mention_id=577|references=(entity=(entity_id=entity_0004|fullname=Heinrich|gender=m)))
3911	.		
3912	Ey		
3913	das		
3914	versteht		
3915	sich		
3916	!		
3917	ich	569	(mention_id=578|references=(entity=(entity_id=entity_0004|fullname=Heinrich|gender=m)))
3918	liebe		
3919	sie	570	(mention_id=579|references=(entity=(entity_id=entity_0003|fullname=Marie|gender=f)))
3920	ja		
3921	schon		
3922	jetzt		
3923	.		
3924	Ich	571	(mention_id=580|references=(entity=(entity_id=entity_0002|fullname=Gustav von S.|gender=m)))
3925	.		
3926	Sie	572	(mention_id=581|references=(entity=(entity_id=entity_0003|fullname=Marie|gender=f)))
3927	wird		
3928	dich	573	(mention_id=582|references=(entity=(entity_id=entity_0004|fullname=Heinrich|gender=m)))
3929	wieder		
3930	lieben		
3931	.		
3932	–		
3933	Er	574	(mention_id=583|references=(entity=(entity_id=entity_0004|fullname=Heinrich|gender=m)))
3934	.		
3935	Hahahaha		
3936	!		
3937	ich	575	(mention_id=584|references=(entity=(entity_id=entity_0004|fullname=Heinrich|gender=m)))
3938	dachte		
3939	gar		
3940	!		
3941	mich	576	
3942	,		
3943	den		
3944	Pachterssohn	577	
3945	!		
3946	–		
3947	mich	578	(mention_id=585|references=(entity=(entity_id=entity_0004|fullname=Heinrich|gender=m)))
3948	in		
3949	meiner	579	(mention_id=586|references=(entity=(entity_id=entity_0004|fullname=Heinrich|gender=m)))
3950	grünen		
3951	Jacke		
3952	!		
3953	–		
3954	Ich	580	(mention_id=587|references=(entity=(entity_id=entity_0002|fullname=Gustav von S.|gender=m)))
3955	.		
3956	Höre		
3957	,		
3958	Heinrich	581	(mention_id=588|references=(entity=(entity_id=entity_0004|fullname=Heinrich|gender=m)))
3959	,		
3960	du	582	(mention_id=589|references=(entity=(entity_id=entity_0004|fullname=Heinrich|gender=m)))
3961	mußt		
3962	mir	583	(mention_id=590|references=(entity=(entity_id=entity_0002|fullname=Gustav von S.|gender=m)))
3963	etwas		
3964	versprechen		
3965	.		
3966	Er	584	(mention_id=591|references=(entity=(entity_id=entity_0004|fullname=Heinrich|gender=m)))
3967	.		
3968	Nun		
3969	?		
3970	Ich	585	(mention_id=592|references=(entity=(entity_id=entity_0002|fullname=Gustav von S.|gender=m)))
3971	.		
3972	Du	586	(mention_id=593|references=(entity=(entity_id=entity_0004|fullname=Heinrich|gender=m)))
3973	darfst		
3974	sie	587	(mention_id=594|references=(entity=(entity_id=entity_0003|fullname=Marie|gender=f)))
3975	nie		
3976	wieder		
3977	anrühren		
3978	.		
3979	–		
3980	Wie		
3981	du	588	(mention_id=595|references=(entity=(entity_id=entity_0004|fullname=Heinrich|gender=m)))
3982	schweigst		
3983	?		
3984	–		
3985	Heinrich	589	(mention_id=596|references=(entity=(entity_id=entity_0004|fullname=Heinrich|gender=m)))
3986	,		
3987	was		
3988	sagtest		
3989	du	590	(mention_id=597|references=(entity=(entity_id=entity_0004|fullname=Heinrich|gender=m)))
3990	vorhin		
3991	?		
3992	Du	591	(mention_id=598|references=(entity=(entity_id=entity_0004|fullname=Heinrich|gender=m)))
3993	würdest		
3994	nie		
3995	etwas		
3996	Schädliches		
3997	thun		
3998	–		
3999	sieh		
4000	,		
4001	dies		
4002	wäre		
4003	sehr		
4004	schädlich		
4005	;		
4006	denn		
4007	,		
4008	bey		
4009	Gott		
4010	,		
4011	dein	592	(mention_id=599|references=(entity=(entity_id=entity_0004|fullname=Heinrich|gender=m)))
4012	oder		
4013	mein	593	(mention_id=600|references=(entity=(entity_id=entity_0002|fullname=Gustav von S.|gender=m)))
4014	Leben		
4015	!		
4016	–		
4017	Er	594	(mention_id=601|references=(entity=(entity_id=entity_0004|fullname=Heinrich|gender=m)))
4018	.		
4019	Nun		
4020	!		
4021	nun		
4022	!		
4023	nur		
4024	nicht		
4025	wieder		
4026	so		
4027	hastig		
4028	!		
4029	Ich	595	(mention_id=602|references=(entity=(entity_id=entity_0002|fullname=Gustav von S.|gender=m)))
4030	.		
4031	Heinrich	596	
4032	!		
4033	liebst		
4034	du	597	(mention_id=603|references=(entity=(entity_id=entity_0004|fullname=Heinrich|gender=m)))
4035	mich	598	(mention_id=604|references=(entity=(entity_id=entity_0002|fullname=Gustav von S.|gender=m)))
4036	nicht		
4037	mehr		
4038	?		
4039	Er	599	(mention_id=605|references=(entity=(entity_id=entity_0004|fullname=Heinrich|gender=m)))
4040	.		
4041	Das		
4042	ist		
4043	ja		
4044	eben		
4045	das		
4046	Unglück		
4047	!		
4048	gerade		
4049	weil		
4050	ich	600	(mention_id=606|references=(entity=(entity_id=entity_0004|fullname=Heinrich|gender=m)))
4051	Sie	601	(mention_id=607|references=(entity=(entity_id=entity_0002|fullname=Gustav von S.|gender=m)))
4052	liebe		
4053	–		
4054	Ich	602	(mention_id=608|references=(entity=(entity_id=entity_0002|fullname=Gustav von S.|gender=m)))
4055	.		
4056	Wie		
4057	?		
4058	gerade		
4059	deswegen		
4060	wirst		
4061	du	603	(mention_id=609|references=(entity=(entity_id=entity_0004|fullname=Heinrich|gender=m)))
4062	nicht		
4063	versprechen		
4064	!		
4065	Er	604	(mention_id=610|references=(entity=(entity_id=entity_0004|fullname=Heinrich|gender=m)))
4066	.		
4067	Werde		
4068	ich	605	(mention_id=611|references=(entity=(entity_id=entity_0004|fullname=Heinrich|gender=m)))
4069	versprechen		
4070	»		
4071	O		
4072	Heinrich	606	(mention_id=612|references=(entity=(entity_id=entity_0004|fullname=Heinrich|gender=m)))
4073	!		
4074	«		
4075	–		
4076	rief		
4077	ich	607	(mention_id=613|references=(entity=(entity_id=entity_0002|fullname=Gustav von S.|gender=m)))
4078	,		
4079	und		
4080	schloß		
4081	ihn	608	(mention_id=614|references=(entity=(entity_id=entity_0004|fullname=Heinrich|gender=m)))
4082	aufs		
4083	neue		
4084	in		
4085	meine	609	(mention_id=615|references=(entity=(entity_id=entity_0002|fullname=Gustav von S.|gender=m)))
4086	Arme		
4087	–		
4088	»		
4089	was		
4090	soll		
4091	ich	610	(mention_id=616|references=(entity=(entity_id=entity_0002|fullname=Gustav von S.|gender=m)))
4092	für		
4093	dich	611	(mention_id=617|references=(entity=(entity_id=entity_0004|fullname=Heinrich|gender=m)))
4094	thun		
4095	?		
4096	was		
4097	willst		
4098	du	612	(mention_id=618|references=(entity=(entity_id=entity_0004|fullname=Heinrich|gender=m)))
4099	haben		
4100	?		
4101	«		
4102	Er	613	(mention_id=619|references=(entity=(entity_id=entity_0004|fullname=Heinrich|gender=m)))
4103	.		
4104	Haben		
4105	!		
4106	–		
4107	ich	614	(mention_id=620|references=(entity=(entity_id=entity_0004|fullname=Heinrich|gender=m)))
4108	will		
4109	doch		
4110	nimmermehr		
4111	hoffen		
4112	–		
4113	»		
4114	O		
4115	sey		
4116	nicht		
4117	böse		
4118	!		
4119	sey		
4120	nicht		
4121	böse		
4122	!		
4123	«		
4124	–		
4125	sagte		
4126	ich	615	(mention_id=621|references=(entity=(entity_id=entity_0002|fullname=Gustav von S.|gender=m)))
4127	,		
4128	und		
4129	zog		
4130	ihn	616	(mention_id=622|references=(entity=(entity_id=entity_0004|fullname=Heinrich|gender=m)))
4131	mit		
4132	auf		
4133	den		
4134	Weg		
4135	nach		
4136	unserm	617	(mention_id=623|references=(entity=(entity_id=entity_0002|fullname=Gustav von S.|gender=m)),(entity=(entity_id=entity_0006|fullname=Gustavs Tante|gender=f)))
4137	Guthe		
4138	–		
4139	»		
4140	laß		
4141	uns	618	(mention_id=624|references=(entity=(entity_id=entity_0004|fullname=Heinrich|gender=m)),(entity=(entity_id=entity_0002|fullname=Gustav von S.|gender=m)))
4142	überlegen		
4143	,		
4144	was		
4145	jetzt		
4146	anzufangen		
4147	ist		
4148	.		
4149	«		
4150	Zehntes		
4151	Kapitel		
4152	»		
4153	Wecke		
4154	mich	619	(mention_id=625|references=(entity=(entity_id=entity_0002|fullname=Gustav von S.|gender=m)))
4155	ehe		
4156	die		
4157	Sonne		
4158	aufgeht		
4159	«		
4160	–		
4161	hatte		
4162	ich	620	(mention_id=626|references=(entity=(entity_id=entity_0002|fullname=Gustav von S.|gender=m)))
4163	zu		
4164	Heinrich	621	(mention_id=627|references=(entity=(entity_id=entity_0004|fullname=Heinrich|gender=m)))
4165	gesagt		
4166	.		
4167	Aber		
4168	noch		
4169	ehe		
4170	Heinrich	622	(mention_id=628|references=(entity=(entity_id=entity_0004|fullname=Heinrich|gender=m)))
4171	erwachte		
4172	war		
4173	ich	623	(mention_id=629|references=(entity=(entity_id=entity_0002|fullname=Gustav von S.|gender=m)))
4174	auf		
4175	dem		
4176	Wege		
4177	zu		
4178	meiner	624	(mention_id=630|references=(entity=(entity_id=entity_0002|fullname=Gustav von S.|gender=m)))
4179	Eiche		
4180	.		
4181	Ach		
4182	Mariens	625	(mention_id=631|references=(entity=(entity_id=entity_0003|fullname=Marie|gender=f)))
4183	Vorhänge		
4184	waren		
4185	dicht		
4186	geschlossen		
4187	,		
4188	alles		
4189	lag		
4190	noch		
4191	im		
4192	tiefen		
4193	Schlummer		
4194	,		
4195	auch		
4196	die		
4197	Sonne		
4198	verweilte		
4199	und		
4200	nur		
4201	der		
4202	freundliche		
4203	Haushund	626	
4204	kam		
4205	mir	627	(mention_id=632|references=(entity=(entity_id=entity_0002|fullname=Gustav von S.|gender=m)))
4206	schmeichelnd		
4207	entgegen		
4208	gesprungen		
4209	.		
4210	Ich	628	(mention_id=633|references=(entity=(entity_id=entity_0002|fullname=Gustav von S.|gender=m)))
4211	bestieg		
4212	meine	629	(mention_id=634|references=(entity=(entity_id=entity_0002|fullname=Gustav von S.|gender=m)))
4213	Eiche		
4214	,		
4215	und		
4216	beschloß		
4217	:		
4218	sobald		
4219	die		
4220	Sonne		
4221	hinter		
4222	dem		
4223	Berge		
4224	hervorgegangen		
4225	seyn		
4226	würde		
4227	,		
4228	Marien	630	(mention_id=635|references=(entity=(entity_id=entity_0003|fullname=Marie|gender=f)))
4229	mit		
4230	meiner	631	(mention_id=636|references=(entity=(entity_id=entity_0002|fullname=Gustav von S.|gender=m)))
4231	Flöte		
4232	zu		
4233	wecken		
4234	.		
4235	Aber		
4236	schon		
4237	lange		
4238	war		
4239	das		
4240	liebliche		
4241	Thal		
4242	erleuchtet		
4243	;		
4244	und		
4245	noch		
4246	zitterten		
4247	meine	632	(mention_id=637|references=(entity=(entity_id=entity_0002|fullname=Gustav von S.|gender=m)))
4248	Lippen		
4249	unentschlossen		
4250	an		
4251	der		
4252	Flöte		
4253	.		
4254	Wie		
4255	?		
4256	sollte		
4257	ich	633	(mention_id=638|references=(entity=(entity_id=entity_0002|fullname=Gustav von S.|gender=m)))
4258	ihren		(mention_id=639|references=(entity=(entity_id=entity_0003|fullname=Marie|gender=f)))
4259	Schlummer		
4260	unterbrechen		
4261	!		
4262	–		
4263	ich	634	(mention_id=640|references=(entity=(entity_id=entity_0002|fullname=Gustav von S.|gender=m)))
4264	konnte		
4265	es		
4266	nicht		
4267	wollen		
4268	,		
4269	ich	635	(mention_id=641|references=(entity=(entity_id=entity_0002|fullname=Gustav von S.|gender=m)))
4270	konnte		
4271	es		
4272	nicht		
4273	lassen		
4274	–		
4275	anfangs		
4276	stahlen		
4277	sich		
4278	nur		
4279	einzelne		
4280	Töne		
4281	aus		
4282	der		
4283	Flöte		
4284	:		
4285	aber		
4286	ehe		
4287	ich	636	(mention_id=642|references=(entity=(entity_id=entity_0002|fullname=Gustav von S.|gender=m)))
4288	es		
4289	gewahr		
4290	wurde		
4291	bewegten		
4292	sich		
4293	meine	637	(mention_id=643|references=(entity=(entity_id=entity_0002|fullname=Gustav von S.|gender=m)))
4294	Finger		
4295	unwillkührlich		
4296	,		
4297	und		
4298	bald		
4299	fand		
4300	ich	638	(mention_id=644|references=(entity=(entity_id=entity_0002|fullname=Gustav von S.|gender=m)))
4301	mich	639	(mention_id=645|references=(entity=(entity_id=entity_0002|fullname=Gustav von S.|gender=m)))
4302	mitten		
4303	in		
4304	einem		
4305	Adagio		
4306	,		
4307	in		
4308	welches		
4309	sich		
4310	meine	640	(mention_id=646|references=(entity=(entity_id=entity_0002|fullname=Gustav von S.|gender=m)))
4311	ganze		
4312	Seele		
4313	ergoß		
4314	.		
4315	Mariens	641	(mention_id=647|references=(entity=(entity_id=entity_0003|fullname=Marie|gender=f)))
4316	Vorhänge		
4317	bewegten		
4318	sich		
4319	,		
4320	meine	642	(mention_id=648|references=(entity=(entity_id=entity_0002|fullname=Gustav von S.|gender=m)))
4321	Flöte		
4322	schwieg		
4323	,		
4324	und		
4325	von		
4326	dickbelaubten		
4327	Zweigen		
4328	beschattet		
4329	;		
4330	starrte		
4331	ich	643	(mention_id=649|references=(entity=(entity_id=entity_0002|fullname=Gustav von S.|gender=m)))
4332	jetzt		
4333	unverwandt		
4334	nach		
4335	ihrem		(mention_id=650|references=(entity=(entity_id=entity_0003|fullname=Marie|gender=f)))
4336	Fenster		
4337	.		
4338	Jetzt		
4339	öffnete		
4340	es		
4341	sich		
4342	.		
4343	O		
4344	Gott		
4345	!		
4346	wie		
4347	ward		
4348	mir	644	
4349	!		
4350	Sie	645	(mention_id=651|references=(entity=(entity_id=entity_0003|fullname=Marie|gender=f)))
4351	war		
4352	es		
4353	selbst		
4354	.		
4355	–		
4356	Ohne		
4357	zu		
4358	wissen		
4359	was		
4360	ich	646	(mention_id=652|references=(entity=(entity_id=entity_0002|fullname=Gustav von S.|gender=m)))
4361	that		
4362	,		
4363	breitete		
4364	ich	647	(mention_id=653|references=(entity=(entity_id=entity_0002|fullname=Gustav von S.|gender=m)))
4365	meine	648	(mention_id=654|references=(entity=(entity_id=entity_0002|fullname=Gustav von S.|gender=m)))
4366	Arme		
4367	aus		
4368	–		
4369	und		
4370	ach		
4371	,		
4372	da		
4373	ließ		
4374	ich	649	(mention_id=655|references=(entity=(entity_id=entity_0002|fullname=Gustav von S.|gender=m)))
4375	meine	650	(mention_id=656|references=(entity=(entity_id=entity_0002|fullname=Gustav von S.|gender=m)))
4376	Flöte		
4377	fallen		
4378	.		
4379	Aber		
4380	wie		
4381	glücklich		
4382	!		
4383	Marie	651	(mention_id=657|references=(entity=(entity_id=entity_0003|fullname=Marie|gender=f)))
4384	bemerkte		
4385	es		
4386	nicht		
4387	,		
4388	und		
4389	noch		
4390	ehe		
4391	ich	652	(mention_id=658|references=(entity=(entity_id=entity_0002|fullname=Gustav von S.|gender=m)))
4392	mich	653	(mention_id=659|references=(entity=(entity_id=entity_0002|fullname=Gustav von S.|gender=m)))
4393	von		
4394	meinem	654	(mention_id=660|references=(entity=(entity_id=entity_0002|fullname=Gustav von S.|gender=m)))
4395	Schrecken		
4396	erholen		
4397	konnte		
4398	–		
4399	sah		
4400	ich	655	(mention_id=661|references=(entity=(entity_id=entity_0002|fullname=Gustav von S.|gender=m)))
4401	sie	656	(mention_id=662|references=(entity=(entity_id=entity_0003|fullname=Marie|gender=f)))
4402	in		
4403	den		
4404	Garten		
4405	treten		
4406	:		
4407	wahrscheinlich		
4408	um		
4409	den		
4410	unsichtbaren		
4411	Flötenspieler	657	(mention_id=663|references=(entity=(entity_id=entity_0002|fullname=Gustav von S.|gender=m)))
4412	zu		
4413	suchen		
4414	.		
4415	Noch		
4416	wehten		
4417	die		
4418	langen		
4419	blonden		
4420	Locken		
4421	ungefesselt		
4422	um		
4423	den		
4424	schönen		
4425	Hals		
4426	,		
4427	und		
4428	das		
4429	dünne		
4430	Morgengewand		
4431	raubte		
4432	mir	658	(mention_id=664|references=(entity=(entity_id=entity_0002|fullname=Gustav von S.|gender=m)))
4433	keine		
4434	Bewegung		
4435	des		
4436	reizvollsten		
4437	Körpers		
4438	.		
4439	Welch		
4440	ein		
4441	Zauber		
4442	liegt		
4443	doch		
4444	in		
4445	einer		
4446	vollendeten		
4447	weiblichen		
4448	Schönheit		
4449	!		
4450	–		
4451	jede		
4452	thierische		
4453	Begierde		
4454	verstummt		
4455	,		
4456	die		
4457	Seele		
4458	versinkt		
4459	in		
4460	tiefe		
4461	Ruhe		
4462	,		
4463	und		
4464	der		
4465	sinnlichste		
4466	Mensch	659	(mention_id=665|references=(entity=(entity_id=generic_0140|fullname=generic_0019|gender=u|specialcase_entity=generic)))
4467	begreift		
4468	bey		
4469	ihrem	660	
4470	Anblicke		
4471	:		
4472	daß		
4473	es		
4474	noch		
4475	etwas		
4476	wünschenswertheres		
4477	als		
4478	Sinnlichkeit		
4479	gebe		
4480	.		
4481	Marie	661	(mention_id=666|references=(entity=(entity_id=entity_0003|fullname=Marie|gender=f)))
4482	durchsuchte		
4483	den		
4484	ganzen		
4485	Garten		
4486	.		
4487	Endlich		
4488	kam		
4489	sie	662	(mention_id=667|references=(entity=(entity_id=entity_0003|fullname=Marie|gender=f)))
4490	an		
4491	eine		
4492	kleine		
4493	Brücke		
4494	die		
4495	über		
4496	den		
4497	Bach		
4498	nach		
4499	der		
4500	Wiese		
4501	führte		
4502	;		
4503	wo		
4504	mich	663	(mention_id=668|references=(entity=(entity_id=entity_0002|fullname=Gustav von S.|gender=m)))
4505	meine	664	(mention_id=669|references=(entity=(entity_id=entity_0002|fullname=Gustav von S.|gender=m)))
4506	Eiche		
4507	vor		
4508	ihren	665	(mention_id=670|references=(entity=(entity_id=entity_0003|fullname=Marie|gender=f)))
4509	Augen		
4510	verbarg		
4511	.		
4512	Sie	666	(mention_id=671|references=(entity=(entity_id=entity_0003|fullname=Marie|gender=f)))
4513	schien		
4514	unentschlossen		
4515	:		
4516	ob		
4517	sie	667	(mention_id=672|references=(entity=(entity_id=entity_0003|fullname=Marie|gender=f)))
4518	sich	668	(mention_id=673|references=(entity=(entity_id=entity_0003|fullname=Marie|gender=f)))
4519	über		
4520	die		
4521	Brücke		
4522	wagen		
4523	sollte		
4524	–		
4525	aber		
4526	ein		
4527	Bologneserhund		
4528	,		
4529	der		
4530	sie	669	(mention_id=674|references=(entity=(entity_id=entity_0003|fullname=Marie|gender=f)))
4531	begleitete		
4532	,		
4533	war		
4534	ihr	670	(mention_id=675|references=(entity=(entity_id=entity_0003|fullname=Marie|gender=f)))
4535	schon		
4536	zuvorgekommen		
4537	.		
4538	Er		
4539	tummelte		
4540	sich		
4541	mit		
4542	einem		
4543	Stück		
4544	Holze		
4545	–		
4546	o		
4547	Himmel		
4548	es		
4549	war		
4550	meine	671	(mention_id=676|references=(entity=(entity_id=entity_0002|fullname=Gustav von S.|gender=m)))
4551	Flöte		
4552	!		
4553	–		
4554	auf		
4555	der		
4556	Wiese		
4557	herum		
4558	.		
4559	»		
4560	Eine		
4561	Flöte		
4562	!		
4563	«		
4564	–		
4565	rief		
4566	Marie	672	(mention_id=677|references=(entity=(entity_id=entity_0003|fullname=Marie|gender=f)))
4567	;		
4568	und		
4569	eilte		
4570	schnell		
4571	hinter		
4572	dem		
4573	Hunde		
4574	her		
4575	.		
4576	Aber		
4577	jedes		
4578	Mal		
4579	wenn		
4580	sie	673	(mention_id=678|references=(entity=(entity_id=entity_0003|fullname=Marie|gender=f)))
4581	nahe		
4582	daran		
4583	zu		
4584	seyn		
4585	glaubte		
4586	ihn		
4587	zu		
4588	erhaschen		
4589	;		
4590	machte		
4591	er		
4592	sich		
4593	plötzlich		
4594	mit		
4595	possierlichen		
4596	Sprüngen		
4597	auf		
4598	und		
4599	davon		
4600	.		
4601	Jetzt		
4602	näherte		
4603	sich		
4604	der		
4605	Hund		
4606	dem		
4607	Bache		
4608	,		
4609	und		
4610	jetzt		
4611	wollte		
4612	Marie	674	(mention_id=679|references=(entity=(entity_id=entity_0003|fullname=Marie|gender=f)))
4613	das		
4614	Aeußerste		
4615	versuchen		
4616	:		
4617	aber		
4618	indem		
4619	sie	675	(mention_id=680|references=(entity=(entity_id=entity_0003|fullname=Marie|gender=f)))
4620	sich	676	(mention_id=681|references=(entity=(entity_id=entity_0003|fullname=Marie|gender=f)))
4621	hinüber		
4622	beugte		
4623	um		
4624	die		
4625	Flöte		
4626	zu		
4627	retten		
4628	,		
4629	verlor		
4630	,		
4631	sie	677	(mention_id=682|references=(entity=(entity_id=entity_0003|fullname=Marie|gender=f)))
4632	das		
4633	Gleichgewicht		
4634	und		
4635	sank		
4636	tief		
4637	in		
4638	das		
4639	hohe		
4640	Schilf		
4641	hinein		
4642	.		
4643	Ein		
4644	Schrey		
4645	,		
4646	ein		
4647	Sprung		
4648	,		
4649	und		
4650	sie	678	(mention_id=683|references=(entity=(entity_id=entity_0003|fullname=Marie|gender=f)))
4651	lag		
4652	in		
4653	meinen	679	(mention_id=684|references=(entity=(entity_id=entity_0002|fullname=Gustav von S.|gender=m)))
4654	Armen		
4655	.		
4656	–		
4657	Nein		
4658	,		
4659	dieser		
4660	Augenblick		
4661	war		
4662	einzig		
4663	in		
4664	meinem	680	(mention_id=685|references=(entity=(entity_id=entity_0002|fullname=Gustav von S.|gender=m)))
4665	Leben		
4666	,		
4667	und		
4668	wird		
4669	es		
4670	bleiben		
4671	.		
4672	Eilftes		
4673	Kapitel		
4674	»		
4675	O		
4676	mein	681	
4677	Gott		
4678	!		
4679	«		
4680	–		
4681	rief		
4682	sie	682	(mention_id=686|references=(entity=(entity_id=entity_0003|fullname=Marie|gender=f)))
4683	;		
4684	und		
4685	wand		
4686	sich	683	(mention_id=687|references=(entity=(entity_id=entity_0003|fullname=Marie|gender=f)))
4687	aus		
4688	meinen	684	(mention_id=688|references=(entity=(entity_id=entity_0002|fullname=Gustav von S.|gender=m)))
4689	Armen		
4690	.		
4691	»		
4692	Können		
4693	Sie	685	(mention_id=689|references=(entity=(entity_id=entity_0003|fullname=Marie|gender=f)))
4694	mir	686	(mention_id=690|references=(entity=(entity_id=entity_0002|fullname=Gustav von S.|gender=m)))
4695	verzeihn		
4696	!		
4697	«		
4698	–		
4699	sagte		
4700	ich	687	(mention_id=691|references=(entity=(entity_id=entity_0002|fullname=Gustav von S.|gender=m)))
4701	und		
4702	umfaßte		
4703	ihre	688	(mention_id=692|references=(entity=(entity_id=entity_0003|fullname=Marie|gender=f)))
4704	Knie		
4705	.		
4706	»		
4707	Es		
4708	wird		
4709	unsre	689	(mention_id=693|references=(entity=(entity_id=entity_0005|fullname=Maries Mutter|gender=f)),(entity=(entity_id=entity_0003|fullname=Marie|gender=f)))
4710	Abreise		
4711	beschleunigen		
4712	«		
4713	–		
4714	antwortete		
4715	sie	690	(mention_id=694|references=(entity=(entity_id=entity_0003|fullname=Marie|gender=f)))
4716	wehmüthig		
4717	,		
4718	und		
4719	wollte		
4720	sich	691	(mention_id=695|references=(entity=(entity_id=entity_0003|fullname=Marie|gender=f)))
4721	entfernen		
4722	.		
4723	»		
4724	Marie	692	(mention_id=696|references=(entity=(entity_id=entity_0003|fullname=Marie|gender=f)))
4725	!		
4726	«		
4727	–		
4728	rief		
4729	ich	693	(mention_id=697|references=(entity=(entity_id=entity_0002|fullname=Gustav von S.|gender=m)))
4730	außer		
4731	mir	694	(mention_id=698|references=(entity=(entity_id=entity_0002|fullname=Gustav von S.|gender=m)))
4732	–		
4733	Marie	695	(mention_id=699|references=(entity=(entity_id=entity_0003|fullname=Marie|gender=f)))
4734	!		
4735	verlassen		
4736	Sie	696	(mention_id=700|references=(entity=(entity_id=entity_0003|fullname=Marie|gender=f)))
4737	mich	697	(mention_id=701|references=(entity=(entity_id=entity_0002|fullname=Gustav von S.|gender=m)))
4738	nicht		
4739	!		
4740	verlassen		
4741	Sie	698	(mention_id=702|references=(entity=(entity_id=entity_0003|fullname=Marie|gender=f)))
4742	mich	699	(mention_id=703|references=(entity=(entity_id=entity_0002|fullname=Gustav von S.|gender=m)))
4743	so		
4744	nicht		
4745	!		
4746	Sie	700	(mention_id=704|references=(entity=(entity_id=entity_0003|fullname=Marie|gender=f)))
4747	.		
4748	Welche		
4749	Unvorsichtigkeit		
4750	von		
4751	mir	701	(mention_id=705|references=(entity=(entity_id=entity_0003|fullname=Marie|gender=f)))
4752	,		
4753	hier		
4754	her		
4755	zu		
4756	kommen		
4757	!		
4758	–		
4759	aber		
4760	wie		
4761	konnte		
4762	ich	702	(mention_id=706|references=(entity=(entity_id=entity_0003|fullname=Marie|gender=f)))
4763	vermuthen		
4764	!		
4765	–		
4766	Sie	703	(mention_id=707|references=(entity=(entity_id=entity_0002|fullname=Gustav von S.|gender=m)))
4767	hatten		
4768	Ihr	704	(mention_id=708|references=(entity=(entity_id=entity_0003|fullname=Marie|gender=f)))
4769	Wort		
4770	gegeben		
4771	.		
4772	Ich	705	(mention_id=709|references=(entity=(entity_id=entity_0002|fullname=Gustav von S.|gender=m)))
4773	.		
4774	Ich	706	(mention_id=710|references=(entity=(entity_id=entity_0002|fullname=Gustav von S.|gender=m)))
4775	werde		
4776	es		
4777	halten		
4778	!		
4779	ich	707	(mention_id=711|references=(entity=(entity_id=entity_0002|fullname=Gustav von S.|gender=m)))
4780	werde		
4781	es		
4782	von		
4783	nun		
4784	an		
4785	halten		
4786	;		
4787	und		
4788	sollte		
4789	es		
4790	mir	708	(mention_id=712|references=(entity=(entity_id=entity_0002|fullname=Gustav von S.|gender=m)))
4791	das		
4792	Leben		
4793	kosten		
4794	!		
4795	–		
4796	aber		
4797	um		
4798	Gottes		
4799	Willen		
4800	sprechen		
4801	Sie	709	(mention_id=713|references=(entity=(entity_id=entity_0003|fullname=Marie|gender=f)))
4802	nicht		
4803	von		
4804	Abreisen		
4805	,		
4806	von		
4807	Entfernung		
4808	!		
4809	Sie	710	(mention_id=714|references=(entity=(entity_id=entity_0003|fullname=Marie|gender=f)))
4810	.		
4811	Sie	711	(mention_id=715|references=(entity=(entity_id=entity_0002|fullname=Gustav von S.|gender=m)))
4812	zwingen		
4813	uns	712	(mention_id=716|references=(entity=(entity_id=entity_0005|fullname=Maries Mutter|gender=f)),(entity=(entity_id=entity_0003|fullname=Marie|gender=f)))
4814	dazu		
4815	,		
4816	wenn		
4817	auch		
4818	unsre	713	(mention_id=717|references=(entity=(entity_id=entity_0005|fullname=Maries Mutter|gender=f)),(entity=(entity_id=entity_0003|fullname=Marie|gender=f)))
4819	Umstände		
4820	.....		
4821	Ich	714	(mention_id=718|references=(entity=(entity_id=entity_0002|fullname=Gustav von S.|gender=m)))
4822	.		
4823	Ach		
4824	werde		
4825	ich	715	(mention_id=719|references=(entity=(entity_id=entity_0002|fullname=Gustav von S.|gender=m)))
4826	nie		
4827	etwas		
4828	davon		
4829	erfahren		
4830	?		
4831	–		
4832	werde		
4833	ich	716	(mention_id=720|references=(entity=(entity_id=entity_0002|fullname=Gustav von S.|gender=m)))
4834	nie		
4835	wissen		
4836	wem		
4837	...		
4838	Sie	717	(mention_id=721|references=(entity=(entity_id=entity_0003|fullname=Marie|gender=f)))
4839	.		
4840	Das		
4841	hängt		
4842	nicht		
4843	von		
4844	mir	718	(mention_id=722|references=(entity=(entity_id=entity_0003|fullname=Marie|gender=f)))
4845	ab		
4846	.		
4847	Ich	719	(mention_id=723|references=(entity=(entity_id=entity_0002|fullname=Gustav von S.|gender=m)))
4848	.		
4849	Marie	720	(mention_id=724|references=(entity=(entity_id=entity_0003|fullname=Marie|gender=f)))
4850	!		
4851	theure		
4852	Marie	721	(mention_id=725|references=(entity=(entity_id=entity_0003|fullname=Marie|gender=f)))
4853	!		
4854	ich	722	(mention_id=726|references=(entity=(entity_id=entity_0002|fullname=Gustav von S.|gender=m)))
4855	heiße		
4856	Gustav	723	(mention_id=727|references=(entity=(entity_id=entity_0002|fullname=Gustav von S.|gender=m)))
4857	.		
4858	–		
4859	Sie	724	(mention_id=728|references=(entity=(entity_id=entity_0003|fullname=Marie|gender=f)))
4860	lächeln		
4861	?		
4862	–		
4863	o		
4864	Marie	725	(mention_id=729|references=(entity=(entity_id=entity_0003|fullname=Marie|gender=f)))
4865	!		
4866	ein		
4867	einziges		
4868	Mal		
4869	,		
4870	nur		
4871	ein		
4872	einziges		
4873	Mal		
4874	sagen		
4875	Sie	726	(mention_id=730|references=(entity=(entity_id=entity_0003|fullname=Marie|gender=f)))
4876	:		
4877	Gustav	727	(mention_id=731|references=(entity=(entity_id=entity_0002|fullname=Gustav von S.|gender=m)))
4878	ich	728	(mention_id=732|references=(entity=(entity_id=entity_0003|fullname=Marie|gender=f)))
4879	hasse		
4880	dich	729	(mention_id=733|references=(entity=(entity_id=entity_0002|fullname=Gustav von S.|gender=m)))
4881	nicht		
4882	–		
4883	–		
4884	Marie	730	(mention_id=734|references=(entity=(entity_id=entity_0003|fullname=Marie|gender=f)))
4885	hassen		
4886	Sie	731	(mention_id=735|references=(entity=(entity_id=entity_0003|fullname=Marie|gender=f)))
4887	mich	732	
4888	?		
4889	–		
4890	Marie	733	(mention_id=736|references=(entity=(entity_id=entity_0003|fullname=Marie|gender=f)))
4891	!		
4892	Marie	734	(mention_id=737|references=(entity=(entity_id=entity_0003|fullname=Marie|gender=f)))
4893	!		
4894	können		
4895	Sie	735	(mention_id=738|references=(entity=(entity_id=entity_0003|fullname=Marie|gender=f)))
4896	mich	736	(mention_id=739|references=(entity=(entity_id=entity_0002|fullname=Gustav von S.|gender=m)))
4897	lieben		
4898	?		
4899	–		
4900	–		
4901	»		
4902	Meine	737	(mention_id=740|references=(entity=(entity_id=entity_0003|fullname=Marie|gender=f)))
4903	Mutter	738	(mention_id=741|references=(entity=(entity_id=entity_0005|fullname=Maries Mutter|gender=f)))
4904	ist		
4905	aufgestanden		
4906	«		
4907	–		
4908	rief		
4909	sie	739	(mention_id=742|references=(entity=(entity_id=entity_0003|fullname=Marie|gender=f)))
4910	erschrocken		
4911	–		
4912	»		
4913	Ihre	740	(mention_id=743|references=(entity=(entity_id=entity_0005|fullname=Maries Mutter|gender=f)))
4914	Fenster		
4915	sind		
4916	offen		
4917	.		
4918	–		
4919	O		
4920	mein		
4921	Gott		
4922	!		
4923	warum		
4924	bin		
4925	ich	741	(mention_id=744|references=(entity=(entity_id=entity_0003|fullname=Marie|gender=f)))
4926	hier		
4927	her		
4928	gekommen		
4929	!		
4930	»		
4931	Bereuen		
4932	Sie	742	(mention_id=745|references=(entity=(entity_id=entity_0003|fullname=Marie|gender=f)))
4933	es		
4934	Marie	743	(mention_id=746|references=(entity=(entity_id=entity_0003|fullname=Marie|gender=f)))
4935	?		
4936	«		
4937	sagte		
4938	ich	744	(mention_id=747|references=(entity=(entity_id=entity_0002|fullname=Gustav von S.|gender=m)))
4939	,		
4940	indem		
4941	ich	745	(mention_id=748|references=(entity=(entity_id=entity_0002|fullname=Gustav von S.|gender=m)))
4942	ängstlich		
4943	ihre	746	(mention_id=749|references=(entity=(entity_id=entity_0003|fullname=Marie|gender=f)))
4944	Hand		
4945	ergriff		
4946	–		
4947	o		
4948	Marie	747	(mention_id=750|references=(entity=(entity_id=entity_0003|fullname=Marie|gender=f)))
4949	!		
4950	nur		
4951	das		
4952	einzige		
4953	Wort		
4954	!		
4955	–		
4956	Wer		
4957	weiß		
4958	ob		
4959	wir	748	(mention_id=751|references=(entity=(entity_id=entity_0003|fullname=Marie|gender=f)),(entity=(entity_id=entity_0002|fullname=Gustav von S.|gender=m)))
4960	uns	749	(mention_id=752|references=(entity=(entity_id=entity_0003|fullname=Marie|gender=f)),(entity=(entity_id=entity_0002|fullname=Gustav von S.|gender=m)))
4961	wieder		
4962	sehn		
4963	–		
4964	Marie	750	(mention_id=753|references=(entity=(entity_id=entity_0003|fullname=Marie|gender=f)))
4965	!		
4966	bereuen		
4967	Sie	751	(mention_id=754|references=(entity=(entity_id=entity_0003|fullname=Marie|gender=f)))
4968	es		
4969	?		
4970	–		
4971	Sie	752	(mention_id=755|references=(entity=(entity_id=entity_0003|fullname=Marie|gender=f)))
4972	schwieg		
4973	–		
4974	aber		
4975	noch		
4976	eine		
4977	Secunde		
4978	und		
4979	alles		
4980	war		
4981	verwandelt		
4982	.		
4983	–		
4984	Dieser		
4985	Blick		
4986	!		
4987	dieser		
4988	Händedruck		
4989	!		
4990	–		
4991	sie	753	(mention_id=756|references=(entity=(entity_id=entity_0003|fullname=Marie|gender=f)))
4992	war		
4993	fort		
4994	,		
4995	aber		
4996	der		
4997	Himmel		
4998	blieb		
4999	in		
5000	meinem	754	(mention_id=757|references=(entity=(entity_id=entity_0002|fullname=Gustav von S.|gender=m)))
5001	Herzen		
5002	.		
5003	Heinrich	755	(mention_id=758|references=(entity=(entity_id=entity_0004|fullname=Heinrich|gender=m)))
5004	kam		
5005	mir	756	(mention_id=759|references=(entity=(entity_id=entity_0002|fullname=Gustav von S.|gender=m)))
5006	mit		
5007	Vorwürfen		
5008	entgegen		
5009	.		
5010	In		
5011	einer		
5012	andern		
5013	Stimmung		
5014	würden		
5015	sie		
5016	mich	757	(mention_id=760|references=(entity=(entity_id=entity_0002|fullname=Gustav von S.|gender=m)))
5017	aufgebracht		
5018	haben		
5019	–		
5020	Jetzt		
5021	aber		
5022	ließ		
5023	ich	758	(mention_id=761|references=(entity=(entity_id=entity_0002|fullname=Gustav von S.|gender=m)))
5024	ihn	759	(mention_id=762|references=(entity=(entity_id=entity_0004|fullname=Heinrich|gender=m)))
5025	gelassen		
5026	fort		
5027	reden		
5028	.		
5029	Erst		
5030	lange		
5031	nachdem		
5032	er	760	(mention_id=763|references=(entity=(entity_id=entity_0004|fullname=Heinrich|gender=m)))
5033	mir	761	(mention_id=764|references=(entity=(entity_id=entity_0002|fullname=Gustav von S.|gender=m)))
5034	mehrmals		
5035	die		
5036	wahrscheinlichen		
5037	Folgen		
5038	meiner	762	(mention_id=765|references=(entity=(entity_id=entity_0002|fullname=Gustav von S.|gender=m)))
5039	Unvorsichtigkeit		
5040	vorgestellt		
5041	hatte		
5042	;		
5043	fing		
5044	ich	763	(mention_id=766|references=(entity=(entity_id=entity_0002|fullname=Gustav von S.|gender=m)))
5045	an		
5046	mein	764	(mention_id=767|references=(entity=(entity_id=entity_0002|fullname=Gustav von S.|gender=m)))
5047	Unglück		
5048	zu		
5049	begreifen		
5050	.		
5051	Aber		
5052	es		
5053	wirkte		
5054	nur		
5055	auf		
5056	meinen	765	(mention_id=768|references=(entity=(entity_id=entity_0002|fullname=Gustav von S.|gender=m)))
5057	Verstand		
5058	,		
5059	mein	766	(mention_id=769|references=(entity=(entity_id=entity_0002|fullname=Gustav von S.|gender=m)))
5060	Herz		
5061	war		
5062	noch		
5063	immer		
5064	voll		
5065	Entzücken		
5066	.		
5067	»		
5068	Sie	767	(mention_id=770|references=(entity=(entity_id=entity_0003|fullname=Marie|gender=f)))
5069	liebt		
5070	dich	768	(mention_id=771|references=(entity=(entity_id=entity_0002|fullname=Gustav von S.|gender=m)))
5071	!		
5072	«		
5073	war		
5074	mein	769	(mention_id=772|references=(entity=(entity_id=entity_0002|fullname=Gustav von S.|gender=m)))
5075	letzter		
5076	Gedanke		
5077	,		
5078	an		
5079	diesem		
5080	traurig		
5081	-		
5082	schönen		
5083	Tage		
5084	–		
5085	sie	770	(mention_id=773|references=(entity=(entity_id=entity_0003|fullname=Marie|gender=f)))
5086	liebt		
5087	dich	771	(mention_id=774|references=(entity=(entity_id=entity_0002|fullname=Gustav von S.|gender=m)))
5088	!		
5089	war		
5090	mein	772	(mention_id=775|references=(entity=(entity_id=entity_0002|fullname=Gustav von S.|gender=m)))
5091	Erster		
5092	am		
5093	folgenden		
5094	Morgen		
5095	beym		
5096	Erwachen		
5097	.		
5098	Zwölftes		
5099	Kapitel		
5100	Als		
5101	ich	773	(mention_id=776|references=(entity=(entity_id=entity_0002|fullname=Gustav von S.|gender=m)))
5102	mich	774	(mention_id=777|references=(entity=(entity_id=entity_0002|fullname=Gustav von S.|gender=m)))
5103	den		
5104	andern		
5105	Morgen		
5106	nach		
5107	einer		
5108	durchwachten		
5109	Nacht		
5110	,		
5111	wieder		
5112	auf		
5113	den		
5114	Weg		
5115	zu		
5116	meiner	775	(mention_id=778|references=(entity=(entity_id=entity_0002|fullname=Gustav von S.|gender=m)))
5117	Eiche		
5118	machte		
5119	:		
5120	kam		
5121	mir	776	(mention_id=779|references=(entity=(entity_id=entity_0002|fullname=Gustav von S.|gender=m)))
5122	Heinrich	777	(mention_id=780|references=(entity=(entity_id=entity_0004|fullname=Heinrich|gender=m)))
5123	mit		
5124	einem		
5125	blassen		
5126	und		
5127	verstöhrten		
5128	Gesicht		
5129	entgegen		
5130	.		
5131	»		
5132	Was		
5133	ist		
5134	dir	778	(mention_id=781|references=(entity=(entity_id=entity_0004|fullname=Heinrich|gender=m)))
5135	?		
5136	«		
5137	–		
5138	fragte		
5139	ich	779	(mention_id=782|references=(entity=(entity_id=entity_0002|fullname=Gustav von S.|gender=m)))
5140	;		
5141	und		
5142	zitterte		
5143	vor		
5144	der		
5145	Antwort		
5146	.		
5147	Er	780	(mention_id=783|references=(entity=(entity_id=entity_0004|fullname=Heinrich|gender=m)))
5148	.		
5149	Marie	781	(mention_id=784|references=(entity=(entity_id=entity_0003|fullname=Marie|gender=f)))
5150	ist		
5151	krank		
5152	.		
5153	Ich	782	(mention_id=785|references=(entity=(entity_id=entity_0002|fullname=Gustav von S.|gender=m)))
5154	.		
5155	Woher		
5156	weißt		
5157	Du	783	(mention_id=786|references=(entity=(entity_id=entity_0004|fullname=Heinrich|gender=m)))
5158	das		
5159	?		
5160	Er	784	(mention_id=787|references=(entity=(entity_id=entity_0004|fullname=Heinrich|gender=m)))
5161	.		
5162	Die		
5163	Mutter	785	(mention_id=788|references=(entity=(entity_id=entity_0005|fullname=Maries Mutter|gender=f)))
5164	hat		
5165	es		
5166	mir	786	(mention_id=789|references=(entity=(entity_id=entity_0004|fullname=Heinrich|gender=m)))
5167	gesagt		
5168	.		
5169	Auch		
5170	ist		
5171	der		
5172	Reisewagen		
5173	reparirt		
5174	und		
5175	eine		
5176	Menge		
5177	Briefe		
5178	geschrieben		
5179	worden		
5180	.		
5181	Ich	787	(mention_id=790|references=(entity=(entity_id=entity_0002|fullname=Gustav von S.|gender=m)))
5182	.		
5183	Wohin		
5184	?		
5185	Er	788	(mention_id=791|references=(entity=(entity_id=entity_0004|fullname=Heinrich|gender=m)))
5186	.		
5187	Zwey		
5188	nach		
5189	England		
5190	,		
5191	einer	789	
5192	nach		
5193	Hamburg		
5194	,		
5195	die		
5196	Andern	790	
5197	?		
5198	.....		
5199	habe		
5200	ich	791	(mention_id=792|references=(entity=(entity_id=entity_0004|fullname=Heinrich|gender=m)))
5201	vergessen		
5202	.		
5203	Ich	792	(mention_id=793|references=(entity=(entity_id=entity_0002|fullname=Gustav von S.|gender=m)))
5204	.		
5205	O		
5206	mein		
5207	Gott		
5208	!		
5209	Er	793	(mention_id=794|references=(entity=(entity_id=entity_0004|fullname=Heinrich|gender=m)))
5210	.		
5211	Sie	794	(mention_id=795|references=(entity=(entity_id=entity_0002|fullname=Gustav von S.|gender=m)))
5212	sind		
5213	zu		
5214	rasch		
5215	gewesen		
5216	.		
5217	–		
5218	Ich	795	(mention_id=796|references=(entity=(entity_id=entity_0002|fullname=Gustav von S.|gender=m)))
5219	.		
5220	Konnte		
5221	ich	796	(mention_id=797|references=(entity=(entity_id=entity_0002|fullname=Gustav von S.|gender=m)))
5222	anders		
5223	!		
5224	Er	797	(mention_id=798|references=(entity=(entity_id=entity_0004|fullname=Heinrich|gender=m)))
5225	.		
5226	Ja		
5227	aber		
5228	nun		
5229	–		
5230	–		
5231	Ich	798	(mention_id=799|references=(entity=(entity_id=entity_0002|fullname=Gustav von S.|gender=m)))
5232	.		
5233	Ach		
5234	Heinrich	799	(mention_id=800|references=(entity=(entity_id=entity_0004|fullname=Heinrich|gender=m)))
5235	hilf		
5236	mir	800	
5237	!		
5238	Er	801	(mention_id=801|references=(entity=(entity_id=entity_0004|fullname=Heinrich|gender=m)))
5239	.		
5240	Gern		
5241	!		
5242	gern		
5243	!		
5244	aber		
5245	wie		
5246	?		
5247	–		
5248	wer		
5249	kann		
5250	sie	802	(mention_id=802|references=(entity=(entity_id=entity_0005|fullname=Maries Mutter|gender=f)),(entity=(entity_id=entity_0003|fullname=Marie|gender=f)))
5251	halten		
5252	?		
5253	–		
5254	sie	803	(mention_id=803|references=(entity=(entity_id=entity_0005|fullname=Maries Mutter|gender=f)),(entity=(entity_id=entity_0003|fullname=Marie|gender=f)))
5255	sind		
5256	frey		
5257	,		
5258	und		
5259	man		(mention_id=804|references=(entity=(entity_id=entity_0006|fullname=Gustavs Tante|gender=f)))
5260	versprach		
5261	ihnen	804	(mention_id=805|references=(entity=(entity_id=entity_0005|fullname=Maries Mutter|gender=f)),(entity=(entity_id=entity_0003|fullname=Marie|gender=f)))
5262	einen		
5263	ruhigen		
5264	Aufenthalt		
5265	.		
5266	Ich	805	(mention_id=806|references=(entity=(entity_id=entity_0002|fullname=Gustav von S.|gender=m)))
5267	.		
5268	Heinrich	806	(mention_id=807|references=(entity=(entity_id=entity_0004|fullname=Heinrich|gender=m)))
5269	ich	807	(mention_id=808|references=(entity=(entity_id=entity_0002|fullname=Gustav von S.|gender=m)))
5270	muß		
5271	sie	808	(mention_id=809|references=(entity=(entity_id=entity_0003|fullname=Marie|gender=f)))
5272	sehen		
5273	!		
5274	Er	809	(mention_id=810|references=(entity=(entity_id=entity_0004|fullname=Heinrich|gender=m)))
5275	.		
5276	Wen		
5277	?		
5278	Ich	810	(mention_id=811|references=(entity=(entity_id=entity_0002|fullname=Gustav von S.|gender=m)))
5279	.		
5280	Wenigstens		
5281	die		
5282	Mutter	811	(mention_id=812|references=(entity=(entity_id=entity_0005|fullname=Maries Mutter|gender=f)))
5283	.		
5284	Er	812	(mention_id=813|references=(entity=(entity_id=entity_0004|fullname=Heinrich|gender=m)))
5285	.		
5286	Ich	813	(mention_id=814|references=(entity=(entity_id=entity_0004|fullname=Heinrich|gender=m)))
5287	will		
5288	mein	814	(mention_id=815|references=(entity=(entity_id=entity_0004|fullname=Heinrich|gender=m)))
5289	Möglichstes		
5290	thun		
5291	:		
5292	aber		
5293	ich	815	(mention_id=816|references=(entity=(entity_id=entity_0004|fullname=Heinrich|gender=m)))
5294	zweifle		
5295	.		
5296	Er	816	(mention_id=817|references=(entity=(entity_id=entity_0004|fullname=Heinrich|gender=m)))
5297	ging		
5298	,		
5299	und		
5300	kam		
5301	mit		
5302	der		
5303	Antwort		
5304	zurück		
5305	:		
5306	es		
5307	sey		
5308	heute		
5309	unmöglich		
5310	.		
5311	»		
5312	Aber		
5313	morgen		
5314	«		
5315	–		
5316	rief		
5317	ich	817	(mention_id=818|references=(entity=(entity_id=entity_0002|fullname=Gustav von S.|gender=m)))
5318	.		
5319	–		
5320	»		
5321	Auf		
5322	morgen		
5323	–		
5324	sagte		
5325	er	818	(mention_id=819|references=(entity=(entity_id=entity_0004|fullname=Heinrich|gender=m)))
5326	–		
5327	habe		
5328	man		(mention_id=820|references=(entity=(entity_id=entity_0005|fullname=Maries Mutter|gender=f)))
5329	weder		
5330	ab		
5331	noch		
5332	zusagen		
5333	wollen		
5334	.		
5335	«		
5336	Ich	819	(mention_id=821|references=(entity=(entity_id=entity_0002|fullname=Gustav von S.|gender=m)))
5337	.		
5338	Und		
5339	Marie	820	(mention_id=822|references=(entity=(entity_id=entity_0003|fullname=Marie|gender=f)))
5340	?		
5341	Er	821	(mention_id=823|references=(entity=(entity_id=entity_0004|fullname=Heinrich|gender=m)))
5342	.		
5343	Hat		
5344	sich	822	(mention_id=824|references=(entity=(entity_id=entity_0003|fullname=Marie|gender=f)))
5345	den		
5346	ganzen		
5347	Tag		
5348	nicht		
5349	sehen		
5350	lassen		
5351	.		
5352	»		
5353	Meine	823	(mention_id=825|references=(entity=(entity_id=entity_0002|fullname=Gustav von S.|gender=m)))
5354	Flöte		
5355	«		
5356	!		
5357	–		
5358	rief		
5359	ich	824	(mention_id=826|references=(entity=(entity_id=entity_0002|fullname=Gustav von S.|gender=m)))
5360	–		
5361	meine	825	(mention_id=827|references=(entity=(entity_id=entity_0002|fullname=Gustav von S.|gender=m)))
5362	verdammte		
5363	Flöte		
5364	ist		
5365	an		
5366	Allem		
5367	Schuld		
5368	!		
5369	und		
5370	jetzt		
5371	würde		
5372	ich	826	(mention_id=828|references=(entity=(entity_id=entity_0002|fullname=Gustav von S.|gender=m)))
5373	sie		
5374	an		
5375	einem		
5376	Baume		
5377	zerschmettert		
5378	haben		
5379	,		
5380	wenn		
5381	sie		
5382	mir	827	(mention_id=829|references=(entity=(entity_id=entity_0002|fullname=Gustav von S.|gender=m)))
5383	Heinrich	828	(mention_id=830|references=(entity=(entity_id=entity_0004|fullname=Heinrich|gender=m)))
5384	nicht		
5385	entrissen		
5386	hätte		
5387	.		
5388	Gieb		
5389	mir	829	(mention_id=831|references=(entity=(entity_id=entity_0002|fullname=Gustav von S.|gender=m)))
5390	sie		
5391	wieder		
5392	–		
5393	sagte		
5394	ich	830	(mention_id=832|references=(entity=(entity_id=entity_0002|fullname=Gustav von S.|gender=m)))
5395	wehmüthig		
5396	;		
5397	indem		
5398	ich	831	(mention_id=833|references=(entity=(entity_id=entity_0002|fullname=Gustav von S.|gender=m)))
5399	mich	832	(mention_id=834|references=(entity=(entity_id=entity_0002|fullname=Gustav von S.|gender=m)))
5400	unter		
5401	meine	833	(mention_id=835|references=(entity=(entity_id=entity_0002|fullname=Gustav von S.|gender=m)))
5402	Eiche		
5403	warf		
5404	–		
5405	gieb		
5406	mir	834	(mention_id=836|references=(entity=(entity_id=entity_0002|fullname=Gustav von S.|gender=m)))
5407	sie		
5408	wieder		
5409	!		
5410	ich	835	(mention_id=837|references=(entity=(entity_id=entity_0002|fullname=Gustav von S.|gender=m)))
5411	liebe		
5412	sie		
5413	doch		
5414	noch		
5415	:		
5416	denn		
5417	nur		
5418	sie		
5419	kann		
5420	sagen		
5421	was		
5422	ich	836	(mention_id=838|references=(entity=(entity_id=entity_0002|fullname=Gustav von S.|gender=m)))
5423	leide		
5424	.		
5425	Er	837	(mention_id=839|references=(entity=(entity_id=entity_0004|fullname=Heinrich|gender=m)))
5426	gab		
5427	sie		
5428	mir	838	
5429	;		
5430	aber		
5431	ich	839	(mention_id=840|references=(entity=(entity_id=entity_0002|fullname=Gustav von S.|gender=m)))
5432	vermochte		
5433	keinen		
5434	Ton		
5435	heraus		
5436	zu		
5437	bringen		
5438	.		
5439	Ach		
5440	!		
5441	kann		
5442	der		
5443	höchste		
5444	Schmerz		
5445	noch		
5446	klagen		
5447	!		
5448	–		
5449	–		
5450	Heinrich	840	(mention_id=841|references=(entity=(entity_id=entity_0004|fullname=Heinrich|gender=m)))
5451	bezeigte		
5452	mir	841	(mention_id=842|references=(entity=(entity_id=entity_0002|fullname=Gustav von S.|gender=m)))
5453	sein	842	(mention_id=843|references=(entity=(entity_id=entity_0004|fullname=Heinrich|gender=m)))
5454	Mitleid		
5455	;		
5456	aber		
5457	es		
5458	rührte		
5459	mich	843	(mention_id=844|references=(entity=(entity_id=entity_0002|fullname=Gustav von S.|gender=m)))
5460	nicht		
5461	.		
5462	In		
5463	Wehmuth		
5464	versunken		
5465	,		
5466	saß		
5467	ich	844	(mention_id=845|references=(entity=(entity_id=entity_0002|fullname=Gustav von S.|gender=m)))
5468	an		
5469	meine	845	(mention_id=846|references=(entity=(entity_id=entity_0002|fullname=Gustav von S.|gender=m)))
5470	Eiche		
5471	gelehnt		
5472	,		
5473	die		
5474	Augen		
5475	unverwandt		
5476	auf		
5477	Mariens	846	(mention_id=847|references=(entity=(entity_id=entity_0003|fullname=Marie|gender=f)))
5478	Fenster		
5479	gerichtet		
5480	.		
5481	»		
5482	Es		
5483	kann		
5484	nicht		
5485	schlimmer		
5486	werden		
5487	als		
5488	es		
5489	schon		
5490	ist		
5491	«		
5492	!		
5493	–		
5494	rief		
5495	ich	847	(mention_id=848|references=(entity=(entity_id=entity_0002|fullname=Gustav von S.|gender=m)))
5496	endlich		
5497	;		
5498	indem		
5499	ich	848	(mention_id=849|references=(entity=(entity_id=entity_0002|fullname=Gustav von S.|gender=m)))
5500	mich	849	(mention_id=850|references=(entity=(entity_id=entity_0002|fullname=Gustav von S.|gender=m)))
5501	aufrafte		
5502	.		
5503	Wenigstens		
5504	will		
5505	ich	850	(mention_id=851|references=(entity=(entity_id=entity_0002|fullname=Gustav von S.|gender=m)))
5506	sie	851	(mention_id=852|references=(entity=(entity_id=entity_0003|fullname=Marie|gender=f)))
5507	noch		
5508	einmal		
5509	sehen		
5510	!		
5511	werde		
5512	daraus		
5513	was		
5514	da		
5515	wolle		
5516	!		
5517	–		
5518	Jetzt		
5519	war		
5520	ich	852	(mention_id=853|references=(entity=(entity_id=entity_0002|fullname=Gustav von S.|gender=m)))
5521	an		
5522	Mariens	853	(mention_id=854|references=(entity=(entity_id=entity_0003|fullname=Marie|gender=f)))
5523	Fenster		
5524	.		
5525	Ich	854	(mention_id=855|references=(entity=(entity_id=entity_0002|fullname=Gustav von S.|gender=m)))
5526	wußte		
5527	daß		
5528	es		
5529	sich		
5530	nach		
5531	innen		
5532	öffnete		
5533	.		
5534	Mit		
5535	einer		
5536	Art		
5537	von		
5538	Verzweiflung		
5539	stieß		
5540	ich	855	(mention_id=856|references=(entity=(entity_id=entity_0002|fullname=Gustav von S.|gender=m)))
5541	dagegen		
5542	.		
5543	Es		
5544	mußte		
5545	nicht		
5546	recht		
5547	geschlossen		
5548	gewesen		
5549	seyn		
5550	;		
5551	denn		
5552	es		
5553	sprang		
5554	augenblicklich		
5555	auf		
5556	,		
5557	und		
5558	Marie	856	(mention_id=857|references=(entity=(entity_id=entity_0003|fullname=Marie|gender=f)))
5559	fiel		
5560	mit		
5561	einer		
5562	Ausrufung		
5563	des		
5564	Schreckens		
5565	in		
5566	ihren	857	(mention_id=858|references=(entity=(entity_id=entity_0003|fullname=Marie|gender=f)))
5567	Sessel		
5568	zurück		
5569	.		
5570	Sie	858	(mention_id=859|references=(entity=(entity_id=entity_0003|fullname=Marie|gender=f)))
5571	hatte		
5572	geschrieben		
5573	,		
5574	und		
5575	ihre	859	(mention_id=860|references=(entity=(entity_id=entity_0003|fullname=Marie|gender=f)))
5576	Augen		
5577	waren		
5578	roth		
5579	von		
5580	Weinen		
5581	.		
5582	»		
5583	Ach		
5584	Marie	860	(mention_id=861|references=(entity=(entity_id=entity_0003|fullname=Marie|gender=f)))
5585	«		
5586	!		
5587	–		
5588	sagte		
5589	ich	861	(mention_id=862|references=(entity=(entity_id=entity_0002|fullname=Gustav von S.|gender=m)))
5590	;		
5591	und		
5592	streckte		
5593	meine	862	(mention_id=863|references=(entity=(entity_id=entity_0002|fullname=Gustav von S.|gender=m)))
5594	Arme		
5595	sehnsuchtsvoll		
5596	nach		
5597	ihr	863	(mention_id=864|references=(entity=(entity_id=entity_0003|fullname=Marie|gender=f)))
5598	aus		
5599	.		
5600	–		
5601	»		
5602	Meine	864	(mention_id=865|references=(entity=(entity_id=entity_0003|fullname=Marie|gender=f)))
5603	Mutter	865	(mention_id=866|references=(entity=(entity_id=entity_0005|fullname=Maries Mutter|gender=f)))
5604	«		
5605	!		
5606	–		
5607	antwortete		
5608	sie	866	(mention_id=867|references=(entity=(entity_id=entity_0003|fullname=Marie|gender=f)))
5609	mit		
5610	halb		
5611	erstickter		
5612	Stimme		
5613	.		
5614	Ich	867	(mention_id=868|references=(entity=(entity_id=entity_0002|fullname=Gustav von S.|gender=m)))
5615	.		
5616	Marie	868	(mention_id=869|references=(entity=(entity_id=entity_0003|fullname=Marie|gender=f)))
5617	!		
5618	werden		
5619	Sie	869	(mention_id=870|references=(entity=(entity_id=entity_0003|fullname=Marie|gender=f)))
5620	reisen		
5621	?		
5622	Sie	870	(mention_id=871|references=(entity=(entity_id=entity_0003|fullname=Marie|gender=f)))
5623	.		
5624	Ich	871	(mention_id=872|references=(entity=(entity_id=entity_0003|fullname=Marie|gender=f)))
5625	fürchte		
5626	es		
5627	.		
5628	Ich	872	(mention_id=873|references=(entity=(entity_id=entity_0002|fullname=Gustav von S.|gender=m)))
5629	.		
5630	Werden		
5631	wir	873	(mention_id=874|references=(entity=(entity_id=entity_0003|fullname=Marie|gender=f)),(entity=(entity_id=entity_0002|fullname=Gustav von S.|gender=m)))
5632	uns	874	(mention_id=875|references=(entity=(entity_id=entity_0003|fullname=Marie|gender=f)),(entity=(entity_id=entity_0002|fullname=Gustav von S.|gender=m)))
5633	wiedersehen		
5634	?		
5635	Sie	875	(mention_id=876|references=(entity=(entity_id=entity_0003|fullname=Marie|gender=f)))
5636	.		
5637	Ach		
5638	Gott		
5639	!		
5640	Ich	876	(mention_id=877|references=(entity=(entity_id=entity_0002|fullname=Gustav von S.|gender=m)))
5641	.		
5642	Marie	877	(mention_id=878|references=(entity=(entity_id=entity_0003|fullname=Marie|gender=f)))
5643	haben		
5644	Sie	878	(mention_id=879|references=(entity=(entity_id=entity_0003|fullname=Marie|gender=f)))
5645	mir	879	(mention_id=880|references=(entity=(entity_id=entity_0002|fullname=Gustav von S.|gender=m)))
5646	nichts		
5647	zu		
5648	geben		
5649	?		
5650	–		
5651	haben		
5652	Sie	880	(mention_id=881|references=(entity=(entity_id=entity_0003|fullname=Marie|gender=f)))
5653	kein		
5654	Andenken		
5655	für		
5656	mich	881	(mention_id=882|references=(entity=(entity_id=entity_0002|fullname=Gustav von S.|gender=m)))
5657	?		
5658	–		
5659	Sie	882	(mention_id=883|references=(entity=(entity_id=entity_0003|fullname=Marie|gender=f)))
5660	stand		
5661	auf		
5662	und		
5663	schien		
5664	sich	883	(mention_id=884|references=(entity=(entity_id=entity_0003|fullname=Marie|gender=f)))
5665	dem		
5666	Fenster		
5667	nähern		
5668	zu		
5669	wollen		
5670	;		
5671	aber		
5672	plötzlich		
5673	trat		
5674	sie	884	(mention_id=885|references=(entity=(entity_id=entity_0003|fullname=Marie|gender=f)))
5675	zurück		
5676	,		
5677	und		
5678	eine		
5679	hohe		
5680	Röthe		
5681	überzog		
5682	ihre	885	(mention_id=886|references=(entity=(entity_id=entity_0003|fullname=Marie|gender=f)))
5683	Wangen		
5684	.		
5685	»		
5686	Marie	886	
5687	!		
5688	«		
5689	–		
5690	sagte		
5691	ich	887	(mention_id=887|references=(entity=(entity_id=entity_0002|fullname=Gustav von S.|gender=m)))
5692	–		
5693	warum		
5694	gehen		
5695	Sie	888	(mention_id=888|references=(entity=(entity_id=entity_0003|fullname=Marie|gender=f)))
5696	zurück		
5697	?		
5698	–		
5699	wollen		
5700	Sie	889	(mention_id=889|references=(entity=(entity_id=entity_0003|fullname=Marie|gender=f)))
5701	mich	890	(mention_id=890|references=(entity=(entity_id=entity_0002|fullname=Gustav von S.|gender=m)))
5702	noch		
5703	unglücklicher		
5704	machen		
5705	?		
5706	–		
5707	wollen		
5708	Sie	891	(mention_id=891|references=(entity=(entity_id=entity_0003|fullname=Marie|gender=f)))
5709	mich	892	(mention_id=892|references=(entity=(entity_id=entity_0002|fullname=Gustav von S.|gender=m)))
5710	aufs		
5711	Aeußerste		
5712	brinaen		
5713	?		
5714	–		
5715	Blaß		
5716	und		
5717	erschrocken		
5718	näherte		
5719	sie	893	(mention_id=893|references=(entity=(entity_id=entity_0003|fullname=Marie|gender=f)))
5720	sich	894	(mention_id=894|references=(entity=(entity_id=entity_0003|fullname=Marie|gender=f)))
5721	jetzt		
5722	dem		
5723	Fenster		
5724	.		
5725	Ich	895	(mention_id=895|references=(entity=(entity_id=entity_0002|fullname=Gustav von S.|gender=m)))
5726	bedeckte		
5727	ihre	896	(mention_id=896|references=(entity=(entity_id=entity_0003|fullname=Marie|gender=f)))
5728	Hand		
5729	mit		
5730	brennenden		
5731	Küssen		
5732	;		
5733	und		
5734	beschwor		
5735	sie	897	(mention_id=897|references=(entity=(entity_id=entity_0003|fullname=Marie|gender=f)))
5736	:		
5737	ihre	898	(mention_id=898|references=(entity=(entity_id=entity_0003|fullname=Marie|gender=f)))
5738	Abreise		
5739	wenigstens		
5740	um		
5741	einige		
5742	Tage		
5743	zu		
5744	verzögern		
5745	;		
5746	als		
5747	plötzlich		
5748	ein		
5749	Geräusch		
5750	an		
5751	ihrer	899	(mention_id=899|references=(entity=(entity_id=entity_0003|fullname=Marie|gender=f)))
5752	Thüre		
5753	entstand		
5754	.		
5755	»		
5756	Ein		
5757	Andenken		
5758	Marie	900	(mention_id=900|references=(entity=(entity_id=entity_0003|fullname=Marie|gender=f)))
5759	!		
5760	«		
5761	–		
5762	rief		
5763	ich	901	(mention_id=901|references=(entity=(entity_id=entity_0002|fullname=Gustav von S.|gender=m)))
5764	;		
5765	und		
5766	Liebe		
5767	und		
5768	Verzweiflung		
5769	kämpften		
5770	in		
5771	meinem	902	(mention_id=902|references=(entity=(entity_id=entity_0002|fullname=Gustav von S.|gender=m)))
5772	Herzen		
5773	.		
5774	»		
5775	Ein		
5776	Andenken		
5777	«		
5778	!		
5779	–		
5780	wiederholte		
5781	ich	903	(mention_id=903|references=(entity=(entity_id=entity_0002|fullname=Gustav von S.|gender=m)))
5782	;		
5783	und		
5784	versuchte		
5785	einen		
5786	goldnen		
5787	Ring		
5788	von		
5789	ihrem	904	(mention_id=904|references=(entity=(entity_id=entity_0003|fullname=Marie|gender=f)))
5790	Finger		
5791	zu		
5792	ziehen		
5793	.		
5794	Das		
5795	Geräusch		
5796	verstärkte		
5797	sich		
5798	,		
5799	ihre	905	(mention_id=905|references=(entity=(entity_id=entity_0003|fullname=Marie|gender=f)))
5800	Hand		
5801	konnte		
5802	nicht		
5803	widerstehen		
5804	–		
5805	der		
5806	Ring		
5807	war		
5808	mein	906	
5809	!		
5810	–		
5811	noch		
5812	einen		
5813	Blick		
5814	in		
5815	das		
5816	Himmelauge		
5817	,		
5818	und		
5819	ich	907	(mention_id=906|references=(entity=(entity_id=entity_0002|fullname=Gustav von S.|gender=m)))
5820	war		
5821	verschwunden		
5822	.		
5823	Ach		
5824	!		
5825	am		
5826	folgenden		
5827	Morgen		
5828	waren		
5829	auch		
5830	sie	908	(mention_id=907|references=(entity=(entity_id=entity_0005|fullname=Maries Mutter|gender=f)),(entity=(entity_id=entity_0003|fullname=Marie|gender=f)))
5831	verschwunden		
5832	,		
5833	und		
5834	keine		
5835	Spur		
5836	von		
5837	ihnen	909	(mention_id=908|references=(entity=(entity_id=entity_0005|fullname=Maries Mutter|gender=f)),(entity=(entity_id=entity_0003|fullname=Marie|gender=f)))
5838	zu		
5839	entdecken		
5840	.		
5841	Da		
5842	fällt		
5843	eine		
5844	Thräne		
5845	auf		
5846	meine	910	(mention_id=909|references=(entity=(entity_id=entity_0002|fullname=Gustav von S.|gender=m)))
5847	Hand		
5848	–		
5849	sie		
5850	gehört		
5851	der		
5852	ersten		
5853	Liebe		
5854	–		
5855	wer		
5856	darf		
5857	sie		
5858	tadeln		
5859	?		
