i	token	mention	gold
2726	Zweites		
2727	Kapitel		
2728	Eduard	402	(mention_id=400|references=(entity=(entity_id=entity_0001|fullname=Eduard|gender=m)))
2729	fand		
2730	sich	403	(mention_id=401|references=(entity=(entity_id=entity_0001|fullname=Eduard|gender=m)))
2731	allein		
2732	auf		
2733	seinem	404	(mention_id=402|references=(entity=(entity_id=entity_0001|fullname=Eduard|gender=m)))
2734	Zimmer		
2735	,		
2736	und		
2737	wirklich		
2738	hatte		
2739	die		
2740	Wiederholung		
2741	seiner	405	(mention_id=403|references=(entity=(entity_id=entity_0001|fullname=Eduard|gender=m)))
2742	Lebensschicksale		
2743	aus		
2744	dem		
2745	Munde		
2746	Charlottens	406	(mention_id=404|references=(entity=(entity_id=entity_0002|fullname=Charlotte|gender=f)))
2747	,		
2748	die		
2749	Vergegenwärtigung		
2750	ihres	407	(mention_id=405|references=(entity=(entity_id=entity_0002|fullname=Charlotte|gender=f)),(entity=(entity_id=entity_0001|fullname=Eduard|gender=m)))
2751	beiderseitigen		
2752	Zustandes		
2753	,		
2754	ihrer	408	(mention_id=406|references=(entity=(entity_id=entity_0002|fullname=Charlotte|gender=f)),(entity=(entity_id=entity_0001|fullname=Eduard|gender=m)))
2755	Vorsätze		
2756	sein	409	(mention_id=407|references=(entity=(entity_id=entity_0001|fullname=Eduard|gender=m)))
2757	lebhaftes		
2758	Gemüt		
2759	angenehm		
2760	aufgeregt		
2761	.		
2762	Er	410	(mention_id=408|references=(entity=(entity_id=entity_0001|fullname=Eduard|gender=m)))
2763	hatte		
2764	sich	411	(mention_id=409|references=(entity=(entity_id=entity_0001|fullname=Eduard|gender=m)))
2765	in		
2766	ihrer	412	(mention_id=410|references=(entity=(entity_id=entity_0002|fullname=Charlotte|gender=f)))
2767	Nähe		
2768	,		
2769	in		
2770	ihrer	413	(mention_id=411|references=(entity=(entity_id=entity_0002|fullname=Charlotte|gender=f)))
2771	Gesellschaft		
2772	so		
2773	glücklich		
2774	gefühlt		
2775	,		
2776	daß		
2777	er	414	(mention_id=412|references=(entity=(entity_id=entity_0001|fullname=Eduard|gender=m)))
2778	sich	415	(mention_id=413|references=(entity=(entity_id=entity_0001|fullname=Eduard|gender=m)))
2779	einen		
2780	freundlichen		
2781	,		
2782	teilnehmenden		
2783	,		
2784	aber		
2785	ruhigen		
2786	und		
2787	auf		
2788	nichts		
2789	hindeutenden		
2790	Brief		
2791	an		
2792	den		
2793	Hauptmann	416	(mention_id=414|references=(entity=(entity_id=entity_0003|fullname=Hauptmann|gender=m|possible_identity_with=entity_0374)))
2794	ausdachte		
2795	.		
2796	Als		
2797	er	417	(mention_id=415|references=(entity=(entity_id=entity_0001|fullname=Eduard|gender=m)))
2798	aber		
2799	zum		
2800	Schreibtisch		
2801	ging		
2802	und		
2803	den		
2804	Brief		
2805	des		
2806	Freundes	418	(mention_id=416|references=(entity=(entity_id=entity_0003|fullname=Hauptmann|gender=m|possible_identity_with=entity_0374)))
2807	aufnahm		
2808	,		
2809	um		
2810	ihn		
2811	nochmals		
2812	durchzulesen		
2813	,		
2814	trat		
2815	ihm	419	(mention_id=417|references=(entity=(entity_id=entity_0001|fullname=Eduard|gender=m)))
2816	sogleich		
2817	wieder		
2818	der		
2819	traurige		
2820	Zustand		
2821	des		
2822	trefflichen		
2823	Mannes	420	(mention_id=418|references=(entity=(entity_id=entity_0003|fullname=Hauptmann|gender=m|possible_identity_with=entity_0374)))
2824	entgegen		
2825	;		
2826	alle		
2827	Empfindungen		
2828	,		
2829	die		
2830	ihn	421	(mention_id=419|references=(entity=(entity_id=entity_0003|fullname=Hauptmann|gender=m|possible_identity_with=entity_0374)))
2831	diese		
2832	Tage		
2833	gepeinigt		
2834	hatten		
2835	,		
2836	wachten		
2837	wieder		
2838	auf		
2839	,		
2840	und		
2841	es		
2842	schien		
2843	ihm	422	(mention_id=420|references=(entity=(entity_id=entity_0001|fullname=Eduard|gender=m)))
2844	unmöglich		
2845	,		
2846	seinen	423	(mention_id=421|references=(entity=(entity_id=entity_0001|fullname=Eduard|gender=m)))
2847	Freund	424	(mention_id=422|references=(entity=(entity_id=entity_0003|fullname=Hauptmann|gender=m|possible_identity_with=entity_0374)))
2848	einer		
2849	so		
2850	ängstlichen		
2851	Lage		
2852	zu		
2853	überlassen		
2854	.		
2855	Sich	425	(mention_id=423|references=(entity=(entity_id=entity_0001|fullname=Eduard|gender=m)))
2856	etwas		
2857	zu		
2858	versagen		
2859	,		
2860	war		
2861	Eduard	426	(mention_id=424|references=(entity=(entity_id=entity_0001|fullname=Eduard|gender=m)))
2862	nicht		
2863	gewohnt		
2864	.		
2865	Von		
2866	Jugend		
2867	auf		
2868	das		
2869	einzige		
2870	,		
2871	verzogene		
2872	Kind	427	(mention_id=425|references=(entity=(entity_id=entity_0001|fullname=Eduard|gender=m)))
2873	reicher		
2874	Eltern	428	(mention_id=426|references=(entity=(entity_id=entity_0028|fullname=Eduards Eltern|gender=mf|members=entity_0013,entity_0014|all_members_given=True|specialcase_entity=group)))
2875	,		
2876	die	429	(mention_id=427|references=(entity=(entity_id=entity_0028|fullname=Eduards Eltern|gender=mf|members=entity_0013,entity_0014|all_members_given=True|specialcase_entity=group)))
2877	ihn	430	(mention_id=428|references=(entity=(entity_id=entity_0001|fullname=Eduard|gender=m)))
2878	zu		
2879	einer		
2880	seltsamen		
2881	,		
2882	aber		
2883	höchst		
2884	vorteilhaften		
2885	Heirat		
2886	mit		
2887	einer		
2888	viel		
2889	älteren		
2890	Frau	431	(mention_id=429|references=(entity=(entity_id=entity_0012|fullname=Eduards erste Frau|gender=f)))
2891	zu		
2892	bereden		
2893	wußten		
2894	,		
2895	von		
2896	dieser	432	(mention_id=430|references=(entity=(entity_id=entity_0012|fullname=Eduards erste Frau|gender=f)))
2897	auch		
2898	auf		
2899	alle		
2900	Weise		
2901	verzärtelt		
2902	,		
2903	indem		
2904	sie	433	(mention_id=431|references=(entity=(entity_id=entity_0012|fullname=Eduards erste Frau|gender=f)))
2905	sein	434	(mention_id=432|references=(entity=(entity_id=entity_0001|fullname=Eduard|gender=m)))
2906	gutes		
2907	Betragen		
2908	gegen		
2909	sie	435	(mention_id=433|references=(entity=(entity_id=entity_0012|fullname=Eduards erste Frau|gender=f)))
2910	durch		
2911	die		
2912	größte		
2913	Freigebigkeit		
2914	zu		
2915	erwidern		
2916	suchte		
2917	,		
2918	nach		
2919	ihrem	436	(mention_id=434|references=(entity=(entity_id=entity_0012|fullname=Eduards erste Frau|gender=f)))
2920	baldigen		
2921	Tode		
2922	sein	437	(mention_id=435|references=(entity=(entity_id=entity_0001|fullname=Eduard|gender=m)))
2923	eigner		
2924	Herr	438	(mention_id=436|references=(entity=(entity_id=entity_0001|fullname=Eduard|gender=m)))
2925	,		
2926	auf		
2927	Reisen		
2928	unabhängig		
2929	,		
2930	jeder		
2931	Abwechslung		
2932	,		
2933	jeder		
2934	Veränderung		
2935	mächtig		
2936	,		
2937	nichts		
2938	Übertriebenes		
2939	wollend		
2940	,		
2941	aber		
2942	viel		
2943	und		
2944	vielerlei		
2945	wollend		
2946	,		
2947	freimütig		
2948	,		
2949	wohltätig		
2950	,		
2951	brav		
2952	,		
2953	ja		
2954	tapfer		
2955	im		
2956	Fall		
2957	–		
2958	was		
2959	konnte		
2960	in		
2961	der		
2962	Welt		
2963	seinen	439	(mention_id=437|references=(entity=(entity_id=entity_0001|fullname=Eduard|gender=m)))
2964	Wünschen		
2965	entgegenstehen		
2966	!		
2967	Bisher		
2968	war		
2969	alles		
2970	nach		
2971	seinem	440	(mention_id=438|references=(entity=(entity_id=entity_0001|fullname=Eduard|gender=m)))
2972	Sinne		
2973	gegangen		
2974	,		
2975	auch		
2976	zum		
2977	Besitz		
2978	Charlottens	441	(mention_id=439|references=(entity=(entity_id=entity_0002|fullname=Charlotte|gender=f)))
2979	war		
2980	er	442	(mention_id=440|references=(entity=(entity_id=entity_0001|fullname=Eduard|gender=m)))
2981	gelangt		
2982	,		
2983	den	443	
2984	er	444	(mention_id=441|references=(entity=(entity_id=entity_0001|fullname=Eduard|gender=m)))
2985	sich	445	(mention_id=442|references=(entity=(entity_id=entity_0001|fullname=Eduard|gender=m)))
2986	durch		
2987	eine		
2988	hartnäckige		
2989	,		
2990	ja		
2991	romanenhafte		
2992	Treue		
2993	doch		
2994	zuletzt		
2995	erworben		
2996	hatte		
2997	;		
2998	und		
2999	nun		
3000	fühlte		
3001	er	446	(mention_id=443|references=(entity=(entity_id=entity_0001|fullname=Eduard|gender=m)))
3002	sich	447	(mention_id=444|references=(entity=(entity_id=entity_0001|fullname=Eduard|gender=m)))
3003	zum		
3004	erstenmal		
3005	widersprochen		
3006	,		
3007	zum		
3008	erstenmal		
3009	gehindert		
3010	,		
3011	eben		
3012	da		
3013	er	448	(mention_id=445|references=(entity=(entity_id=entity_0001|fullname=Eduard|gender=m)))
3014	seinen	449	(mention_id=446|references=(entity=(entity_id=entity_0001|fullname=Eduard|gender=m)))
3015	Jugendfreund	450	(mention_id=447|references=(entity=(entity_id=entity_0003|fullname=Hauptmann|gender=m|possible_identity_with=entity_0374)))
3016	an		
3017	sich	451	(mention_id=448|references=(entity=(entity_id=entity_0001|fullname=Eduard|gender=m)))
3018	heranziehen		
3019	,		
3020	da		
3021	er	452	(mention_id=449|references=(entity=(entity_id=entity_0001|fullname=Eduard|gender=m)))
3022	sein	453	(mention_id=450|references=(entity=(entity_id=entity_0001|fullname=Eduard|gender=m)))
3023	ganzes		
3024	Dasein		
3025	gleichsam		
3026	abschließen		
3027	wollte		
3028	.		
3029	Er	454	(mention_id=451|references=(entity=(entity_id=entity_0001|fullname=Eduard|gender=m)))
3030	war		
3031	verdrießlich		
3032	,		
3033	ungeduldig		
3034	,		
3035	nahm		
3036	einigemal		
3037	die		
3038	Feder		
3039	und		
3040	legte		
3041	sie		
3042	nieder		
3043	,		
3044	weil		
3045	er	455	(mention_id=452|references=(entity=(entity_id=entity_0001|fullname=Eduard|gender=m)))
3046	nicht		
3047	einig		
3048	mit		
3049	sich	456	(mention_id=453|references=(entity=(entity_id=entity_0001|fullname=Eduard|gender=m)))
3050	werden		
3051	konnte		
3052	,		
3053	was		
3054	er	457	(mention_id=454|references=(entity=(entity_id=entity_0001|fullname=Eduard|gender=m)))
3055	schreiben		
3056	sollte		
3057	.		
3058	Gegen		
3059	die		
3060	Wünsche		
3061	seiner	458	(mention_id=455|references=(entity=(entity_id=entity_0001|fullname=Eduard|gender=m)))
3062	Frau	459	(mention_id=456|references=(entity=(entity_id=entity_0002|fullname=Charlotte|gender=f)))
3063	wollte		
3064	er	460	(mention_id=457|references=(entity=(entity_id=entity_0001|fullname=Eduard|gender=m)))
3065	nicht		
3066	,		
3067	nach		
3068	ihrem	461	(mention_id=458|references=(entity=(entity_id=entity_0002|fullname=Charlotte|gender=f)))
3069	Verlangen		
3070	konnte		
3071	er	462	(mention_id=459|references=(entity=(entity_id=entity_0001|fullname=Eduard|gender=m)))
3072	nicht		
3073	;		
3074	unruhig		
3075	wie		
3076	er	463	(mention_id=460|references=(entity=(entity_id=entity_0001|fullname=Eduard|gender=m)))
3077	war		
3078	,		
3079	sollte		
3080	er	464	(mention_id=461|references=(entity=(entity_id=entity_0001|fullname=Eduard|gender=m)))
3081	einen		
3082	ruhigen		
3083	Brief		
3084	schreiben		
3085	;		
3086	es		
3087	wäre		
3088	ihm	465	(mention_id=462|references=(entity=(entity_id=entity_0001|fullname=Eduard|gender=m)))
3089	ganz		
3090	unmöglich		
3091	gewesen		
3092	.		
3093	Das		
3094	Natürlichste		
3095	war		
3096	,		
3097	daß		
3098	er	466	(mention_id=463|references=(entity=(entity_id=entity_0001|fullname=Eduard|gender=m)))
3099	Aufschub		
3100	suchte		
3101	.		
3102	Mit		
3103	wenig		
3104	Worten		
3105	bat		
3106	er	467	(mention_id=464|references=(entity=(entity_id=entity_0001|fullname=Eduard|gender=m)))
3107	seinen	468	(mention_id=465|references=(entity=(entity_id=entity_0001|fullname=Eduard|gender=m)))
3108	Freund	469	(mention_id=466|references=(entity=(entity_id=entity_0003|fullname=Hauptmann|gender=m|possible_identity_with=entity_0374)))
3109	um		
3110	Verzeihung		
3111	,		
3112	daß		
3113	er	470	(mention_id=467|references=(entity=(entity_id=entity_0001|fullname=Eduard|gender=m)))
3114	diese		
3115	Tage		
3116	nicht		
3117	geschrieben		
3118	,		
3119	daß		
3120	er	471	(mention_id=468|references=(entity=(entity_id=entity_0001|fullname=Eduard|gender=m)))
3121	heut		
3122	nicht		
3123	umständlich		
3124	schreibe		
3125	,		
3126	und		
3127	versprach		
3128	für		
3129	nächstens		
3130	ein		
3131	bedeutenderes		
3132	,		
3133	ein		
3134	beruhigendes		
3135	Blatt		
3136	.		
3137	Charlotte	472	(mention_id=469|references=(entity=(entity_id=entity_0002|fullname=Charlotte|gender=f)))
3138	benutzte		
3139	des		
3140	andern		
3141	Tags		
3142	auf		
3143	einem		
3144	Spaziergang		
3145	nach		
3146	derselben		
3147	Stelle		
3148	die		
3149	Gelegenheit		
3150	,		
3151	das		
3152	Gespräch		
3153	wieder		
3154	anzuknüpfen		
3155	,		
3156	vielleicht		
3157	in		
3158	der		
3159	Überzeugung		
3160	,		
3161	daß		
3162	man		
3163	einen		
3164	Vorsatz		
3165	nicht		
3166	sicherer		
3167	abstumpfen		
3168	kann		
3169	,		
3170	als		
3171	wenn		
3172	man		
3173	ihn		
3174	öfters		
3175	durchspricht		
3176	.		
3177	Eduarden	473	(mention_id=470|references=(entity=(entity_id=entity_0001|fullname=Eduard|gender=m)))
3178	war		
3179	diese		
3180	Wiederholung		
3181	erwünscht		
3182	.		
3183	Er	474	(mention_id=471|references=(entity=(entity_id=entity_0001|fullname=Eduard|gender=m)))
3184	äußerte		
3185	sich	475	(mention_id=472|references=(entity=(entity_id=entity_0001|fullname=Eduard|gender=m)))
3186	nach		
3187	seiner	476	(mention_id=473|references=(entity=(entity_id=entity_0001|fullname=Eduard|gender=m)))
3188	Weise		
3189	freundlich		
3190	und		
3191	angenehm		
3192	;		
3193	denn		
3194	wenn		
3195	er	477	(mention_id=474|references=(entity=(entity_id=entity_0001|fullname=Eduard|gender=m)))
3196	,		
3197	empfänglich		
3198	wie		
3199	er	478	(mention_id=475|references=(entity=(entity_id=entity_0001|fullname=Eduard|gender=m)))
3200	war		
3201	,		
3202	leicht		
3203	aufloderte		
3204	,		
3205	wenn		
3206	sein	479	(mention_id=476|references=(entity=(entity_id=entity_0001|fullname=Eduard|gender=m)))
3207	lebhaftes		
3208	Begehren		
3209	zudringlich		
3210	ward		
3211	,		
3212	wenn		
3213	seine	480	(mention_id=477|references=(entity=(entity_id=entity_0001|fullname=Eduard|gender=m)))
3214	Hartnäckigkeit		
3215	ungeduldig		
3216	machen		
3217	konnte		
3218	,		
3219	so		
3220	waren		
3221	doch		
3222	alle		
3223	seine	481	(mention_id=478|references=(entity=(entity_id=entity_0001|fullname=Eduard|gender=m)))
3224	Äußerungen		
3225	durch		
3226	eine		
3227	vollkommene		
3228	Schonung		
3229	des		
3230	andern	482	(mention_id=479|references=(entity=(entity_id=generic_0029|fullname=andere Person|gender=u|specialcase_entity=generic)))
3231	dergestalt		
3232	gemildert		
3233	,		
3234	daß		
3235	man		
3236	ihn	483	(mention_id=480|references=(entity=(entity_id=entity_0001|fullname=Eduard|gender=m)))
3237	immer		
3238	noch		
3239	liebenswürdig		
3240	finden		
3241	mußte		
3242	,		
3243	wenn		
3244	man		
3245	ihn	484	(mention_id=481|references=(entity=(entity_id=entity_0001|fullname=Eduard|gender=m)))
3246	auch		
3247	beschwerlich		
3248	fand		
3249	.		
3250	Auf		
3251	eine		
3252	solche		
3253	Weise		
3254	brachte		
3255	er	485	(mention_id=482|references=(entity=(entity_id=entity_0001|fullname=Eduard|gender=m)))
3256	Charlotten	486	(mention_id=483|references=(entity=(entity_id=entity_0002|fullname=Charlotte|gender=f)))
3257	diesen		
3258	Morgen		
3259	erst		
3260	in		
3261	die		
3262	heiterste		
3263	Laune		
3264	,		
3265	dann		
3266	durch		
3267	anmutige		
3268	Gesprächswendungen		
3269	ganz		
3270	aus		
3271	der		
3272	Fassung		
3273	,		
3274	so		
3275	daß		
3276	sie	487	(mention_id=484|references=(entity=(entity_id=entity_0002|fullname=Charlotte|gender=f)))
3277	zuletzt		
3278	ausrief		
3279	:		
3280	»		
3281	Du	488	(mention_id=485|references=(entity=(entity_id=entity_0001|fullname=Eduard|gender=m)))
3282	willst		
3283	gewiß		
3284	,		
3285	daß		
3286	ich	489	(mention_id=486|references=(entity=(entity_id=entity_0002|fullname=Charlotte|gender=f)))
3287	das		
3288	,		
3289	was		
3290	ich	490	(mention_id=487|references=(entity=(entity_id=entity_0002|fullname=Charlotte|gender=f)))
3291	dem		
3292	Ehemann	491	(mention_id=488|references=(entity=(entity_id=entity_0001|fullname=Eduard|gender=m)))
3293	versagte		
3294	,		
3295	dem		
3296	Liebhaber	492	(mention_id=489|references=(entity=(entity_id=entity_0001|fullname=Eduard|gender=m)))
3297	zugestehen		
3298	soll		
3299	.		
3300	Wenigstens		
3301	,		
3302	mein	493	(mention_id=490|references=(entity=(entity_id=entity_0002|fullname=Charlotte|gender=f)))
3303	Lieber	494	(mention_id=491|references=(entity=(entity_id=entity_0001|fullname=Eduard|gender=m)))
3304	,		
3305	«		
3306	fuhr		
3307	sie	495	(mention_id=492|references=(entity=(entity_id=entity_0002|fullname=Charlotte|gender=f)))
3308	fort		
3309	,		
3310	»		
3311	sollst		
3312	du	496	(mention_id=493|references=(entity=(entity_id=entity_0001|fullname=Eduard|gender=m)))
3313	gewahr		
3314	werden		
3315	,		
3316	daß		
3317	deine	497	(mention_id=494|references=(entity=(entity_id=entity_0001|fullname=Eduard|gender=m)))
3318	Wünsche		
3319	,		
3320	die		
3321	freundliche		
3322	Lebhaftigkeit		
3323	,		
3324	womit		
3325	du	498	(mention_id=495|references=(entity=(entity_id=entity_0001|fullname=Eduard|gender=m)))
3326	sie		
3327	ausdrückst		
3328	,		
3329	mich	499	(mention_id=496|references=(entity=(entity_id=entity_0002|fullname=Charlotte|gender=f)))
3330	nicht		
3331	ungerührt		
3332	,		
3333	mich	500	(mention_id=497|references=(entity=(entity_id=entity_0002|fullname=Charlotte|gender=f)))
3334	nicht		
3335	unbewegt		
3336	lassen		
3337	.		
3338	Sie		
3339	nötigen		
3340	mich	501	(mention_id=498|references=(entity=(entity_id=entity_0002|fullname=Charlotte|gender=f)))
3341	zu		
3342	einem		
3343	Geständnis		
3344	.		
3345	Ich	502	(mention_id=499|references=(entity=(entity_id=entity_0002|fullname=Charlotte|gender=f)))
3346	habe		
3347	dir	503	(mention_id=500|references=(entity=(entity_id=entity_0001|fullname=Eduard|gender=m)))
3348	bisher		
3349	auch		
3350	etwas		
3351	verborgen		
3352	.		
3353	Ich	504	(mention_id=501|references=(entity=(entity_id=entity_0002|fullname=Charlotte|gender=f)))
3354	befinde		
3355	mich	505	(mention_id=502|references=(entity=(entity_id=entity_0002|fullname=Charlotte|gender=f)))
3356	in		
3357	einer		
3358	ähnlichen		
3359	Lage		
3360	wie		
3361	du	506	(mention_id=503|references=(entity=(entity_id=entity_0001|fullname=Eduard|gender=m)))
3362	und		
3363	habe		
3364	mir	507	(mention_id=504|references=(entity=(entity_id=entity_0002|fullname=Charlotte|gender=f)))
3365	schon		
3366	eben		
3367	die		
3368	Gewalt		
3369	angetan		
3370	,		
3371	die		
3372	ich	508	(mention_id=505|references=(entity=(entity_id=entity_0002|fullname=Charlotte|gender=f)))
3373	dir	509	(mention_id=506|references=(entity=(entity_id=entity_0001|fullname=Eduard|gender=m)))
3374	nun		
3375	über		
3376	dich	510	(mention_id=507|references=(entity=(entity_id=entity_0001|fullname=Eduard|gender=m)))
3377	selbst		
3378	zumute		
3379	.		
3380	«		
3381	»		
3382	Das		
3383	hör		
3384	ich	511	(mention_id=508|references=(entity=(entity_id=entity_0001|fullname=Eduard|gender=m)))
3385	gern		
3386	,		
3387	«		
3388	sagte		
3389	Eduard	512	(mention_id=509|references=(entity=(entity_id=entity_0001|fullname=Eduard|gender=m)))
3390	;		
3391	»		
3392	ich	513	(mention_id=510|references=(entity=(entity_id=entity_0001|fullname=Eduard|gender=m)))
3393	merke		
3394	wohl		
3395	,		
3396	im		
3397	Ehestand		
3398	muß		
3399	man		(mention_id=511|references=(entity=(entity_id=entity_0002|fullname=Charlotte|gender=f)|borderline_reference=mention,nonspecific),(entity=(entity_id=entity_0001|fullname=Eduard|gender=m)|borderline_reference=mention,nonspecific))
3400	sich		
3401	manchmal		
3402	streiten		
3403	,		
3404	denn		
3405	dadurch		
3406	erfährt		
3407	man		(mention_id=512|references=(entity=(entity_id=entity_0001|fullname=Eduard|gender=m)|borderline_reference=mention,nonspecific),(entity=(entity_id=entity_0002|fullname=Charlotte|gender=f)|borderline_reference=mention,nonspecific))
3408	was		
3409	voneinander		
3410	.		
3411	«		
3412	»		
3413	Nun		
3414	sollst		
3415	du	514	(mention_id=513|references=(entity=(entity_id=entity_0001|fullname=Eduard|gender=m)))
3416	also		
3417	erfahren		
3418	,		
3419	«		
3420	sagte		
3421	Charlotte	515	(mention_id=514|references=(entity=(entity_id=entity_0002|fullname=Charlotte|gender=f)))
3422	,		
3423	»		
3424	daß		
3425	es		
3426	mir	516	(mention_id=515|references=(entity=(entity_id=entity_0002|fullname=Charlotte|gender=f)))
3427	mit		
3428	Ottilien	517	(mention_id=516|references=(entity=(entity_id=entity_0006|fullname=Ottilie|gender=f)))
3429	geht		
3430	,		
3431	wie		
3432	dir	518	(mention_id=517|references=(entity=(entity_id=entity_0001|fullname=Eduard|gender=m)))
3433	mit		
3434	dem		
3435	Hauptmann	519	(mention_id=518|references=(entity=(entity_id=entity_0003|fullname=Hauptmann|gender=m|possible_identity_with=entity_0374)))
3436	.		
3437	Höchst		
3438	ungern		
3439	weiß		
3440	ich	520	(mention_id=519|references=(entity=(entity_id=entity_0002|fullname=Charlotte|gender=f)))
3441	das		
3442	liebe		
3443	Kind	521	(mention_id=520|references=(entity=(entity_id=entity_0006|fullname=Ottilie|gender=f)))
3444	in		
3445	der		
3446	Pension		
3447	,		
3448	wo		
3449	sie	522	(mention_id=521|references=(entity=(entity_id=entity_0006|fullname=Ottilie|gender=f)))
3450	sich	523	(mention_id=522|references=(entity=(entity_id=entity_0006|fullname=Ottilie|gender=f)))
3451	in		
3452	sehr		
3453	drückenden		
3454	Verhältnissen		
3455	befindet		
3456	.		
3457	Wenn		
3458	Luciane	524	(mention_id=523|references=(entity=(entity_id=entity_0005|fullname=Luciane|gender=f)))
3459	,		
3460	meine	525	(mention_id=524|references=(entity=(entity_id=entity_0002|fullname=Charlotte|gender=f)))
3461	Tochter	526	(mention_id=525|references=(entity=(entity_id=entity_0005|fullname=Luciane|gender=f)))
3462	,		
3463	die	527	(mention_id=526|references=(entity=(entity_id=entity_0005|fullname=Luciane|gender=f)))
3464	für		
3465	die		
3466	Welt		
3467	geboren		
3468	ist		
3469	,		
3470	sich	528	(mention_id=527|references=(entity=(entity_id=entity_0005|fullname=Luciane|gender=f)))
3471	dort		
3472	für		
3473	die		
3474	Welt		
3475	bildet		
3476	,		
3477	wenn		
3478	sie	529	(mention_id=528|references=(entity=(entity_id=entity_0005|fullname=Luciane|gender=f)))
3479	Sprachen		
3480	,		
3481	Geschichtliches		
3482	und		
3483	was		
3484	sonst		
3485	von		
3486	Kenntnissen		
3487	ihr	530	(mention_id=529|references=(entity=(entity_id=entity_0005|fullname=Luciane|gender=f)))
3488	mitgeteilt		
3489	wird		
3490	,		
3491	so		
3492	wie		
3493	ihre	531	(mention_id=530|references=(entity=(entity_id=entity_0005|fullname=Luciane|gender=f)))
3494	Noten		
3495	und		
3496	Variationen		
3497	vom		
3498	Blatte		
3499	wegspielt		
3500	;		
3501	wenn		
3502	bei		
3503	einer		
3504	lebhaften		
3505	Natur		
3506	und		
3507	bei		
3508	einem		
3509	glücklichen		
3510	Gedächtnis		
3511	sie	532	(mention_id=531|references=(entity=(entity_id=entity_0005|fullname=Luciane|gender=f)))
3512	,		
3513	man		
3514	möchte		
3515	wohl		
3516	sagen		
3517	,		
3518	alles		
3519	vergißt		
3520	und		
3521	im		
3522	Augenblicke		
3523	sich	533	(mention_id=532|references=(entity=(entity_id=entity_0005|fullname=Luciane|gender=f)))
3524	an		
3525	alles		
3526	erinnert		
3527	;		
3528	wenn		
3529	sie	534	(mention_id=533|references=(entity=(entity_id=entity_0005|fullname=Luciane|gender=f)))
3530	durch		
3531	Freiheit		
3532	des		
3533	Betragens		
3534	,		
3535	Anmut		
3536	im		
3537	Tanze		
3538	,		
3539	schickliche		
3540	Bequemlichkeit		
3541	des		
3542	Gesprächs		
3543	sich	535	(mention_id=534|references=(entity=(entity_id=entity_0005|fullname=Luciane|gender=f)))
3544	vor		
3545	allen		
3546	auszeichnet		
3547	und		
3548	durch		
3549	ein		
3550	angebornes		
3551	herrschendes		
3552	Wesen		
3553	sich	536	(mention_id=535|references=(entity=(entity_id=entity_0005|fullname=Luciane|gender=f)))
3554	zur		
3555	Königin	537	(mention_id=536|references=(entity=(entity_id=entity_0005|fullname=Luciane|gender=f)))
3556	des		
3557	kleinen		
3558	Kreises		
3559	macht		
3560	,		
3561	wenn		
3562	die		
3563	Vorsteherin	538	(mention_id=537|references=(entity=(entity_id=entity_0023|fullname=Vorsteherin der Pension|gender=f)))
3564	dieser		
3565	Anstalt		
3566	sie	539	(mention_id=538|references=(entity=(entity_id=entity_0005|fullname=Luciane|gender=f)))
3567	als		
3568	kleine		
3569	Gottheit	540	(mention_id=539|references=(entity=(entity_id=entity_0005|fullname=Luciane|gender=f)))
3570	ansieht		
3571	,		
3572	die	541	(mention_id=540|references=(entity=(entity_id=entity_0005|fullname=Luciane|gender=f)))
3573	nun		
3574	erst		
3575	unter		
3576	ihren	542	(mention_id=541|references=(entity=(entity_id=entity_0023|fullname=Vorsteherin der Pension|gender=f)))
3577	Händen		
3578	recht		
3579	gedeiht		
3580	,		
3581	die	543	
3582	ihr	544	(mention_id=542|references=(entity=(entity_id=entity_0005|fullname=Luciane|gender=f)))
3583	Ehre		
3584	machen		
3585	,		
3586	Zutrauen		
3587	erwerben		
3588	und		
3589	einen		
3590	Zufluß		
3591	von		
3592	andern		
3593	jungen		
3594	Personen	545	(mention_id=543|references=(entity=(entity_id=generic_0030|fullname=junge Personen, die in die Pension kommen|gender=u|specialcase_entity=generic)))
3595	verschaffen		
3596	wird		
3597	,		
3598	wenn		
3599	die		
3600	ersten		
3601	Seiten		
3602	ihrer	546	(mention_id=544|references=(entity=(entity_id=entity_0023|fullname=Vorsteherin der Pension|gender=f)))
3603	Briefe		
3604	und		
3605	Monatsberichte		
3606	immer		
3607	nur		
3608	Hymnen		
3609	sind		
3610	über		
3611	die		
3612	Vortrefflichkeit		
3613	eines		
3614	solchen		
3615	Kindes	547	(mention_id=545|references=(entity=(entity_id=entity_0005|fullname=Luciane|gender=f)))
3616	,		
3617	die		
3618	ich	548	(mention_id=546|references=(entity=(entity_id=entity_0002|fullname=Charlotte|gender=f)))
3619	denn		
3620	recht		
3621	gut		
3622	in		
3623	meine	549	(mention_id=547|references=(entity=(entity_id=entity_0002|fullname=Charlotte|gender=f)))
3624	Prose		
3625	zu		
3626	übersetzen		
3627	weiß		
3628	:		
3629	so		
3630	ist		
3631	dagegen		
3632	,		
3633	was		
3634	sie	550	(mention_id=548|references=(entity=(entity_id=entity_0023|fullname=Vorsteherin der Pension|gender=f)))
3635	schließlich		
3636	von		
3637	Ottilien	551	(mention_id=549|references=(entity=(entity_id=entity_0006|fullname=Ottilie|gender=f)))
3638	erwähnt		
3639	,		
3640	nur		
3641	immer		
3642	Entschuldigung		
3643	auf		
3644	Entschuldigung		
3645	,		
3646	daß		
3647	ein		
3648	übrigens		
3649	so		
3650	schön		
3651	heranwachsendes		
3652	Mädchen	552	(mention_id=550|references=(entity=(entity_id=entity_0006|fullname=Ottilie|gender=f)))
3653	sich	553	(mention_id=551|references=(entity=(entity_id=entity_0006|fullname=Ottilie|gender=f)))
3654	nicht		
3655	entwickeln		
3656	,		
3657	keine		
3658	Fähigkeiten		
3659	und		
3660	keine		
3661	Fertigkeiten		
3662	zeigen		
3663	wolle		
3664	.		
3665	Das		
3666	wenige		
3667	,		
3668	was		
3669	sie	554	(mention_id=552|references=(entity=(entity_id=entity_0023|fullname=Vorsteherin der Pension|gender=f)))
3670	sonst		
3671	noch		
3672	hinzufügt		
3673	,		
3674	ist		
3675	gleichfalls		
3676	für		
3677	mich	555	(mention_id=553|references=(entity=(entity_id=entity_0002|fullname=Charlotte|gender=f)))
3678	kein		
3679	Rätsel		
3680	,		
3681	weil		
3682	ich	556	(mention_id=554|references=(entity=(entity_id=entity_0002|fullname=Charlotte|gender=f)))
3683	in		
3684	diesem		
3685	lieben		
3686	Kinde	557	(mention_id=555|references=(entity=(entity_id=entity_0006|fullname=Ottilie|gender=f)))
3687	den		
3688	ganzen		
3689	Charakter		
3690	ihrer	558	(mention_id=556|references=(entity=(entity_id=entity_0006|fullname=Ottilie|gender=f)))
3691	Mutter	559	(mention_id=557|references=(entity=(entity_id=entity_0022|fullname=Ottilies Mutter|gender=f)))
3692	,		
3693	meiner	560	(mention_id=558|references=(entity=(entity_id=entity_0002|fullname=Charlotte|gender=f)))
3694	wertesten		
3695	Freundin	561	(mention_id=559|references=(entity=(entity_id=entity_0022|fullname=Ottilies Mutter|gender=f)))
3696	,		
3697	gewahr		
3698	werde		
3699	,		
3700	die	562	(mention_id=560|references=(entity=(entity_id=entity_0022|fullname=Ottilies Mutter|gender=f)))
3701	sich	563	(mention_id=561|references=(entity=(entity_id=entity_0022|fullname=Ottilies Mutter|gender=f)))
3702	neben		
3703	mir	564	(mention_id=562|references=(entity=(entity_id=entity_0002|fullname=Charlotte|gender=f)))
3704	entwickelt		
3705	hat		
3706	und		
3707	deren	565	(mention_id=563|references=(entity=(entity_id=entity_0022|fullname=Ottilies Mutter|gender=f)))
3708	Tochter	566	(mention_id=564|references=(entity=(entity_id=entity_0006|fullname=Ottilie|gender=f)))
3709	ich	567	(mention_id=565|references=(entity=(entity_id=entity_0002|fullname=Charlotte|gender=f)))
3710	gewiß		
3711	,		
3712	wenn		
3713	ich	568	(mention_id=566|references=(entity=(entity_id=entity_0002|fullname=Charlotte|gender=f)))
3714	Erzieherin	569	(mention_id=567|references=(entity=(entity_id=entity_0002|fullname=Charlotte|gender=f)))
3715	oder		
3716	Aufseherin	570	(mention_id=568|references=(entity=(entity_id=entity_0002|fullname=Charlotte|gender=f)))
3717	sein		
3718	könnte		
3719	,		
3720	zu		
3721	einem		
3722	herrlichen		
3723	Geschöpf	571	
3724	heraufbilden		
3725	wollte		
3726	.		
3727	Da		
3728	es		
3729	aber		
3730	einmal		
3731	nicht		
3732	in		
3733	unsern	572	(mention_id=569|references=(entity=(entity_id=entity_0002|fullname=Charlotte|gender=f)),(entity=(entity_id=entity_0001|fullname=Eduard|gender=m)))
3734	Plan		
3735	geht		
3736	und		
3737	man		
3738	an		
3739	seinen	573	
3740	Lebensverhältnissen		
3741	nicht		
3742	soviel		
3743	zupfen		
3744	und		
3745	zerren		
3746	,		
3747	nicht		
3748	immer		
3749	was		
3750	Neues		
3751	an		
3752	sie	574	
3753	heranziehen		
3754	soll		
3755	,		
3756	so		
3757	trag		
3758	ich	575	(mention_id=570|references=(entity=(entity_id=entity_0002|fullname=Charlotte|gender=f)))
3759	das		
3760	lieber		
3761	,		
3762	ja		
3763	ich	576	(mention_id=571|references=(entity=(entity_id=entity_0002|fullname=Charlotte|gender=f)))
3764	überwinde		
3765	die		
3766	unangenehme		
3767	Empfindung		
3768	,		
3769	wenn		
3770	meine	577	(mention_id=572|references=(entity=(entity_id=entity_0002|fullname=Charlotte|gender=f)))
3771	Tochter	578	(mention_id=573|references=(entity=(entity_id=entity_0005|fullname=Luciane|gender=f)))
3772	,		
3773	welche	579	(mention_id=574|references=(entity=(entity_id=entity_0005|fullname=Luciane|gender=f)))
3774	recht		
3775	gut		
3776	weiß		
3777	,		
3778	daß		
3779	die		
3780	arme		
3781	Ottilie	580	(mention_id=575|references=(entity=(entity_id=entity_0006|fullname=Ottilie|gender=f)))
3782	ganz		
3783	von		
3784	uns	581	(mention_id=576|references=(entity=(entity_id=entity_0002|fullname=Charlotte|gender=f)),(entity=(entity_id=entity_0001|fullname=Eduard|gender=m)))
3785	abhängt		
3786	,		
3787	sich	582	(mention_id=577|references=(entity=(entity_id=entity_0005|fullname=Luciane|gender=f)))
3788	ihrer	583	(mention_id=578|references=(entity=(entity_id=entity_0005|fullname=Luciane|gender=f)))
3789	Vorteile		
3790	übermütig		
3791	gegen		
3792	sie	584	(mention_id=579|references=(entity=(entity_id=entity_0006|fullname=Ottilie|gender=f)))
3793	bedient		
3794	und		
3795	unsre	585	(mention_id=580|references=(entity=(entity_id=entity_0002|fullname=Charlotte|gender=f)),(entity=(entity_id=entity_0001|fullname=Eduard|gender=m)))
3796	Wohltat		
3797	dadurch		
3798	gewissermaßen		
3799	vernichtet		
3800	.		
3801	Doch		
3802	wer		
3803	ist		
3804	so		
3805	gebildet		
3806	,		
3807	daß		
3808	er	586	
3809	nicht		
3810	seine	587	
3811	Vorzüge		
3812	gegen		
3813	andre		
3814	manchmal		
3815	auf		
3816	eine		
3817	grausame		
3818	Weise		
3819	geltend		
3820	machte		
3821	!		
3822	Wer		
3823	steht		
3824	so		
3825	hoch		
3826	,		
3827	daß		
3828	er	588	
3829	unter		
3830	einem		
3831	solchen		
3832	Druck		
3833	nicht		
3834	manchmal		
3835	leiden		
3836	müßte		
3837	!		
3838	Durch		
3839	diese		
3840	Prüfungen		
3841	wächst		
3842	Ottiliens	589	(mention_id=581|references=(entity=(entity_id=entity_0006|fullname=Ottilie|gender=f)))
3843	Wert		
3844	;		
3845	aber		
3846	seitdem		
3847	ich	590	(mention_id=582|references=(entity=(entity_id=entity_0002|fullname=Charlotte|gender=f)))
3848	den		
3849	peinlichen		
3850	Zustand		
3851	recht		
3852	deutlich		
3853	einsehe		
3854	,		
3855	habe		
3856	ich	591	(mention_id=583|references=(entity=(entity_id=entity_0002|fullname=Charlotte|gender=f)))
3857	mir	592	(mention_id=584|references=(entity=(entity_id=entity_0002|fullname=Charlotte|gender=f)))
3858	Mühe		
3859	gegeben		
3860	,		
3861	sie	593	(mention_id=585|references=(entity=(entity_id=entity_0006|fullname=Ottilie|gender=f)))
3862	anderwärts		
3863	unterzubringen		
3864	.		
3865	Stündlich		
3866	soll		
3867	mir	594	(mention_id=586|references=(entity=(entity_id=entity_0002|fullname=Charlotte|gender=f)))
3868	eine		
3869	Antwort		
3870	kommen		
3871	,		
3872	und		
3873	alsdann		
3874	will		
3875	ich	595	(mention_id=587|references=(entity=(entity_id=entity_0002|fullname=Charlotte|gender=f)))
3876	nicht		
3877	zaudern		
3878	.		
3879	So		
3880	steht		
3881	es		
3882	mit		
3883	mir	596	(mention_id=588|references=(entity=(entity_id=entity_0002|fullname=Charlotte|gender=f)))
3884	,		
3885	mein	597	(mention_id=589|references=(entity=(entity_id=entity_0002|fullname=Charlotte|gender=f)))
3886	Bester	598	(mention_id=590|references=(entity=(entity_id=entity_0001|fullname=Eduard|gender=m)))
3887	.		
3888	Du	599	(mention_id=591|references=(entity=(entity_id=entity_0001|fullname=Eduard|gender=m)))
3889	siehst		
3890	,		
3891	wir	600	(mention_id=592|references=(entity=(entity_id=entity_0002|fullname=Charlotte|gender=f)),(entity=(entity_id=entity_0001|fullname=Eduard|gender=m)))
3892	tragen		
3893	beiderseits		
3894	dieselben		
3895	Sorgen		
3896	in		
3897	einem		
3898	treuen		
3899	,		
3900	freundschaftlichen		
3901	Herzen		
3902	.		
3903	Laß		
3904	sie		
3905	uns	601	(mention_id=593|references=(entity=(entity_id=entity_0002|fullname=Charlotte|gender=f)),(entity=(entity_id=entity_0001|fullname=Eduard|gender=m)))
3906	gemeinsam		
3907	tragen		
3908	,		
3909	da		
3910	sie		
3911	sich		
3912	nicht		
3913	gegeneinander		
3914	aufheben		
3915	!		
3916	«		
3917	»		
3918	Wir	602	(mention_id=594|references=(entity=(entity_id=entity_0002|fullname=Charlotte|gender=f)),(entity=(entity_id=entity_0001|fullname=Eduard|gender=m)))
3919	sind		
3920	wunderliche		
3921	Menschen	603	(mention_id=595|references=(entity=(entity_id=entity_0002|fullname=Charlotte|gender=f)),(entity=(entity_id=entity_0001|fullname=Eduard|gender=m)))
3922	,		
3923	«		
3924	sagte		
3925	Eduard	604	(mention_id=596|references=(entity=(entity_id=entity_0001|fullname=Eduard|gender=m)))
3926	lächelnd		
3927	.		
3928	»		
3929	Wenn		
3930	wir	605	(mention_id=597|references=(entity=(entity_id=entity_0002|fullname=Charlotte|gender=f)),(entity=(entity_id=entity_0001|fullname=Eduard|gender=m)))
3931	nur		
3932	etwas		
3933	,		
3934	das		
3935	uns	606	(mention_id=598|references=(entity=(entity_id=entity_0002|fullname=Charlotte|gender=f)),(entity=(entity_id=entity_0001|fullname=Eduard|gender=m)))
3936	Sorge		
3937	macht		
3938	,		
3939	aus		
3940	unserer	607	(mention_id=599|references=(entity=(entity_id=entity_0002|fullname=Charlotte|gender=f)),(entity=(entity_id=entity_0001|fullname=Eduard|gender=m)))
3941	Gegenwart		
3942	verbannen		
3943	können		
3944	,		
3945	da		
3946	glauben		
3947	wir	608	(mention_id=600|references=(entity=(entity_id=entity_0002|fullname=Charlotte|gender=f)),(entity=(entity_id=entity_0001|fullname=Eduard|gender=m)))
3948	schon		
3949	,		
3950	nun		
3951	sei		
3952	es		
3953	abgetan		
3954	.		
3955	Im		
3956	ganzen		
3957	können		
3958	wir	609	(mention_id=601|references=(entity=(entity_id=entity_0002|fullname=Charlotte|gender=f)),(entity=(entity_id=entity_0001|fullname=Eduard|gender=m)))
3959	vieles		
3960	aufopfern		
3961	,		
3962	aber		
3963	uns	610	(mention_id=602|references=(entity=(entity_id=entity_0002|fullname=Charlotte|gender=f)),(entity=(entity_id=entity_0001|fullname=Eduard|gender=m)))
3964	im		
3965	einzelnen		
3966	herzugeben		
3967	,		
3968	ist		
3969	eine		
3970	Forderung		
3971	,		
3972	der		
3973	wir	611	(mention_id=603|references=(entity=(entity_id=entity_0002|fullname=Charlotte|gender=f)),(entity=(entity_id=entity_0001|fullname=Eduard|gender=m)))
3974	selten		
3975	gewachsen		
3976	sind		
3977	.		
3978	So		
3979	war		
3980	meine	612	(mention_id=604|references=(entity=(entity_id=entity_0001|fullname=Eduard|gender=m)))
3981	Mutter	613	(mention_id=605|references=(entity=(entity_id=entity_0014|fullname=Eduards Mutter|gender=f)))
3982	.		
3983	Solange		
3984	ich	614	(mention_id=606|references=(entity=(entity_id=entity_0001|fullname=Eduard|gender=m)))
3985	als		
3986	Knabe	615	(mention_id=607|references=(entity=(entity_id=entity_0001|fullname=Eduard|gender=m)))
3987	oder		
3988	Jüngling	616	(mention_id=608|references=(entity=(entity_id=entity_0001|fullname=Eduard|gender=m)))
3989	bei		
3990	ihr	617	(mention_id=609|references=(entity=(entity_id=entity_0014|fullname=Eduards Mutter|gender=f)))
3991	lebte		
3992	,		
3993	konnte		
3994	sie	618	(mention_id=610|references=(entity=(entity_id=entity_0014|fullname=Eduards Mutter|gender=f)))
3995	der		
3996	augenblicklichen		
3997	Besorgnisse		
3998	nicht		
3999	los		
4000	werden		
4001	.		
4002	Verspätete		
4003	ich	619	(mention_id=611|references=(entity=(entity_id=entity_0001|fullname=Eduard|gender=m)))
4004	mich	620	(mention_id=612|references=(entity=(entity_id=entity_0001|fullname=Eduard|gender=m)))
4005	bei		
4006	einem		
4007	Ausritt		
4008	,		
4009	so		
4010	mußte		
4011	mir	621	(mention_id=613|references=(entity=(entity_id=entity_0001|fullname=Eduard|gender=m)))
4012	ein		
4013	Unglück		
4014	begegnet		
4015	sein		
4016	;		
4017	durchnetzte		
4018	mich	622	(mention_id=614|references=(entity=(entity_id=entity_0001|fullname=Eduard|gender=m)))
4019	ein		
4020	Regenschauer		
4021	,		
4022	so		
4023	war		
4024	das		
4025	Fieber		
4026	mir	623	(mention_id=615|references=(entity=(entity_id=entity_0001|fullname=Eduard|gender=m)))
4027	gewiß		
4028	.		
4029	Ich	624	(mention_id=616|references=(entity=(entity_id=entity_0001|fullname=Eduard|gender=m)))
4030	verreiste		
4031	,		
4032	ich	625	(mention_id=617|references=(entity=(entity_id=entity_0001|fullname=Eduard|gender=m)))
4033	entfernte		
4034	mich	626	(mention_id=618|references=(entity=(entity_id=entity_0001|fullname=Eduard|gender=m)))
4035	von		
4036	ihr	627	(mention_id=619|references=(entity=(entity_id=entity_0014|fullname=Eduards Mutter|gender=f)))
4037	,		
4038	und		
4039	nun		
4040	schien		
4041	ich	628	(mention_id=620|references=(entity=(entity_id=entity_0001|fullname=Eduard|gender=m)))
4042	ihr	629	(mention_id=621|references=(entity=(entity_id=entity_0014|fullname=Eduards Mutter|gender=f)))
4043	kaum		
4044	anzugehören		
4045	.		
4046	«		
4047	»		
4048	Betrachten		
4049	wir	630	(mention_id=622|references=(entity=(entity_id=entity_0002|fullname=Charlotte|gender=f)),(entity=(entity_id=entity_0001|fullname=Eduard|gender=m)))
4050	es		
4051	genauer		
4052	,		
4053	«		
4054	fuhr		
4055	er	631	(mention_id=623|references=(entity=(entity_id=entity_0001|fullname=Eduard|gender=m)))
4056	fort		
4057	,		
4058	»		
4059	so		
4060	handeln		
4061	wir	632	(mention_id=624|references=(entity=(entity_id=entity_0002|fullname=Charlotte|gender=f)),(entity=(entity_id=entity_0001|fullname=Eduard|gender=m)))
4062	beide	633	(mention_id=625|references=(entity=(entity_id=entity_0002|fullname=Charlotte|gender=f)),(entity=(entity_id=entity_0001|fullname=Eduard|gender=m)))
4063	töricht		
4064	und		
4065	unverantwortlich		
4066	,		
4067	zwei		
4068	der		
4069	edelsten		
4070	Naturen	634	(mention_id=626|references=(entity=(entity_id=entity_0006|fullname=Ottilie|gender=f)),(entity=(entity_id=entity_0003|fullname=Hauptmann|gender=m|possible_identity_with=entity_0374)))
4071	,		
4072	die	635	(mention_id=627|references=(entity=(entity_id=entity_0006|fullname=Ottilie|gender=f)),(entity=(entity_id=entity_0003|fullname=Hauptmann|gender=m|possible_identity_with=entity_0374)))
4073	unser	636	(mention_id=628|references=(entity=(entity_id=entity_0002|fullname=Charlotte|gender=f)),(entity=(entity_id=entity_0001|fullname=Eduard|gender=m)))
4074	Herz		
4075	so		
4076	nahe		
4077	angehen		
4078	,		
4079	im		
4080	Kummer		
4081	und		
4082	im		
4083	Druck		
4084	zu		
4085	lassen		
4086	,		
4087	nur		
4088	um		
4089	uns	637	(mention_id=629|references=(entity=(entity_id=entity_0002|fullname=Charlotte|gender=f)),(entity=(entity_id=entity_0001|fullname=Eduard|gender=m)))
4090	keiner		
4091	Gefahr		
4092	auszusetzen		
4093	.		
4094	Wenn		
4095	dies		
4096	nicht		
4097	selbstsüchtig		
4098	genannt		
4099	werden		
4100	soll		
4101	,		
4102	was		
4103	will		
4104	man		
4105	so		
4106	nennen		
4107	!		
4108	Nimm		
4109	Ottilien	638	(mention_id=630|references=(entity=(entity_id=entity_0006|fullname=Ottilie|gender=f)))
4110	,		
4111	laß		
4112	mir	639	(mention_id=631|references=(entity=(entity_id=entity_0001|fullname=Eduard|gender=m)))
4113	den		
4114	Hauptmann	640	(mention_id=632|references=(entity=(entity_id=entity_0003|fullname=Hauptmann|gender=m|possible_identity_with=entity_0374)))
4115	,		
4116	und		
4117	in		
4118	Gottes	641	
4119	Namen		
4120	sei		
4121	der		
4122	Versuch		
4123	gemacht		
4124	!		
4125	«		
4126	»		
4127	Es		
4128	möchte		
4129	noch		
4130	zu		
4131	wagen		
4132	sein		
4133	,		
4134	«		
4135	sagte		
4136	Charlotte	642	(mention_id=633|references=(entity=(entity_id=entity_0002|fullname=Charlotte|gender=f)))
4137	bedenklich		
4138	,		
4139	»		
4140	wenn		
4141	die		
4142	Gefahr		
4143	für		
4144	uns	643	(mention_id=634|references=(entity=(entity_id=entity_0002|fullname=Charlotte|gender=f)),(entity=(entity_id=entity_0001|fullname=Eduard|gender=m)))
4145	allein		
4146	wäre		
4147	.		
4148	Glaubst		
4149	du	644	(mention_id=635|references=(entity=(entity_id=entity_0002|fullname=Charlotte|gender=f)))
4150	denn		
4151	aber		
4152	,		
4153	daß		
4154	es		
4155	rätlich		
4156	sei		
4157	,		
4158	den		
4159	Hauptmann	645	(mention_id=636|references=(entity=(entity_id=entity_0003|fullname=Hauptmann|gender=m|possible_identity_with=entity_0374)))
4160	mit		
4161	Ottilien	646	(mention_id=637|references=(entity=(entity_id=entity_0006|fullname=Ottilie|gender=f)))
4162	als		
4163	Hausgenossen	647	(mention_id=638|references=(entity=(entity_id=entity_0003|fullname=Hauptmann|gender=m|possible_identity_with=entity_0374)),(entity=(entity_id=entity_0006|fullname=Ottilie|gender=f)))
4164	zu		
4165	sehen		
4166	,		
4167	einen		
4168	Mann	648	(mention_id=639|references=(entity=(entity_id=entity_0003|fullname=Hauptmann|gender=m|possible_identity_with=entity_0374)))
4169	ohngefähr		
4170	in		
4171	deinen	649	(mention_id=640|references=(entity=(entity_id=entity_0002|fullname=Charlotte|gender=f)))
4172	Jahren		
4173	,		
4174	in		
4175	den		
4176	Jahren		
4177	–		
4178	daß		
4179	ich	650	(mention_id=641|references=(entity=(entity_id=entity_0002|fullname=Charlotte|gender=f)))
4180	dir	651	(mention_id=642|references=(entity=(entity_id=entity_0001|fullname=Eduard|gender=m)))
4181	dieses		
4182	Schmeichelhafte		
4183	nur		
4184	gerade		
4185	unter		
4186	die		
4187	Augen		
4188	sage		
4189	–		
4190	,		
4191	wo		
4192	der		
4193	Mann	652	(mention_id=643|references=(entity=(entity_id=entity_0003|fullname=Hauptmann|gender=m|possible_identity_with=entity_0374)))
4194	erst		
4195	liebefähig		
4196	und		
4197	erst		
4198	der		
4199	Liebe		
4200	wert		
4201	wird		
4202	,		
4203	und		
4204	ein		
4205	Mädchen	653	(mention_id=644|references=(entity=(entity_id=entity_0006|fullname=Ottilie|gender=f)))
4206	von		
4207	Ottiliens	654	(mention_id=645|references=(entity=(entity_id=entity_0006|fullname=Ottilie|gender=f)))
4208	Vorzügen		
4209	?		
4210	«		
4211	»		
4212	Ich	655	(mention_id=646|references=(entity=(entity_id=entity_0001|fullname=Eduard|gender=m)))
4213	weiß		
4214	doch		
4215	auch		
4216	nicht		
4217	,		
4218	«		
4219	versetzte		
4220	Eduard	656	(mention_id=647|references=(entity=(entity_id=entity_0001|fullname=Eduard|gender=m)))
4221	,		
4222	»		
4223	wie		
4224	du	657	(mention_id=648|references=(entity=(entity_id=entity_0001|fullname=Eduard|gender=m)))
4225	Ottilien	658	(mention_id=649|references=(entity=(entity_id=entity_0006|fullname=Ottilie|gender=f)))
4226	so		
4227	hoch		
4228	stellen		
4229	kannst		
4230	!		
4231	Nur		
4232	dadurch		
4233	erkläre		
4234	ich	659	(mention_id=650|references=(entity=(entity_id=entity_0001|fullname=Eduard|gender=m)))
4235	mir's	660	
4236	,		
4237	daß		
4238	sie	661	(mention_id=651|references=(entity=(entity_id=entity_0006|fullname=Ottilie|gender=f)))
4239	deine	662	(mention_id=652|references=(entity=(entity_id=entity_0002|fullname=Charlotte|gender=f)))
4240	Neigung		
4241	zu		
4242	ihrer	663	(mention_id=653|references=(entity=(entity_id=entity_0006|fullname=Ottilie|gender=f)))
4243	Mutter	664	(mention_id=654|references=(entity=(entity_id=entity_0022|fullname=Ottilies Mutter|gender=f)))
4244	geerbt		
4245	hat		
4246	.		
4247	Hübsch		
4248	ist		
4249	sie	665	(mention_id=655|references=(entity=(entity_id=entity_0006|fullname=Ottilie|gender=f)))
4250	,		
4251	das		
4252	ist		
4253	wahr		
4254	,		
4255	und		
4256	ich	666	(mention_id=656|references=(entity=(entity_id=entity_0001|fullname=Eduard|gender=m)))
4257	erinnere		
4258	mich	667	(mention_id=657|references=(entity=(entity_id=entity_0001|fullname=Eduard|gender=m)))
4259	,		
4260	daß		
4261	der		
4262	Hauptmann	668	(mention_id=658|references=(entity=(entity_id=entity_0003|fullname=Hauptmann|gender=m|possible_identity_with=entity_0374)))
4263	mich	669	(mention_id=659|references=(entity=(entity_id=entity_0001|fullname=Eduard|gender=m)))
4264	auf		
4265	sie	670	(mention_id=660|references=(entity=(entity_id=entity_0006|fullname=Ottilie|gender=f)))
4266	aufmerksam		
4267	machte		
4268	,		
4269	als		
4270	wir	671	(mention_id=661|references=(entity=(entity_id=entity_0001|fullname=Eduard|gender=m)),(entity=(entity_id=entity_0003|fullname=Hauptmann|gender=m|possible_identity_with=entity_0374)))
4271	vor		
4272	einem		
4273	Jahre		
4274	zurückkamen		
4275	und		
4276	sie	672	(mention_id=662|references=(entity=(entity_id=entity_0006|fullname=Ottilie|gender=f)))
4277	mit		
4278	dir	673	(mention_id=663|references=(entity=(entity_id=entity_0002|fullname=Charlotte|gender=f)))
4279	bei		
4280	deiner	674	(mention_id=664|references=(entity=(entity_id=entity_0002|fullname=Charlotte|gender=f)))
4281	Tante	675	(mention_id=665|references=(entity=(entity_id=entity_0031|fullname=Charlottes Tante|gender=f)))
4282	trafen		
4283	.		
4284	Hübsch		
4285	ist		
4286	sie	676	(mention_id=666|references=(entity=(entity_id=entity_0006|fullname=Ottilie|gender=f)))
4287	,		
4288	besonders		
4289	hat		
4290	sie	677	(mention_id=667|references=(entity=(entity_id=entity_0006|fullname=Ottilie|gender=f)))
4291	schöne		
4292	Augen		
4293	;		
4294	aber		
4295	ich	678	(mention_id=668|references=(entity=(entity_id=entity_0001|fullname=Eduard|gender=m)))
4296	wüßte		
4297	doch		
4298	nicht		
4299	,		
4300	daß		
4301	sie	679	(mention_id=669|references=(entity=(entity_id=entity_0006|fullname=Ottilie|gender=f)))
4302	den		
4303	mindesten		
4304	Eindruck		
4305	auf		
4306	mich	680	(mention_id=670|references=(entity=(entity_id=entity_0001|fullname=Eduard|gender=m)))
4307	gemacht		
4308	hätte		
4309	.		
4310	«		
4311	»		
4312	Das		
4313	ist		
4314	löblich		
4315	an		
4316	dir	681	(mention_id=671|references=(entity=(entity_id=entity_0001|fullname=Eduard|gender=m)))
4317	,		
4318	«		
4319	sagte		
4320	Charlotte	682	(mention_id=672|references=(entity=(entity_id=entity_0002|fullname=Charlotte|gender=f)))
4321	,		
4322	»		
4323	denn		
4324	ich	683	(mention_id=673|references=(entity=(entity_id=entity_0002|fullname=Charlotte|gender=f)))
4325	war		
4326	ja		
4327	gegenwärtig		
4328	;		
4329	und		
4330	ob		
4331	sie	684	(mention_id=674|references=(entity=(entity_id=entity_0006|fullname=Ottilie|gender=f)))
4332	gleich		
4333	viel		
4334	jünger		
4335	ist		
4336	als		
4337	ich	685	(mention_id=675|references=(entity=(entity_id=entity_0002|fullname=Charlotte|gender=f)))
4338	,		
4339	so		
4340	hatte		
4341	doch		
4342	die		
4343	Gegenwart		
4344	der		
4345	ältern		
4346	Freundin	686	(mention_id=676|references=(entity=(entity_id=entity_0002|fullname=Charlotte|gender=f)))
4347	so		
4348	viele		
4349	Reize		
4350	für		
4351	dich	687	(mention_id=677|references=(entity=(entity_id=entity_0001|fullname=Eduard|gender=m)))
4352	,		
4353	daß		
4354	du	688	(mention_id=678|references=(entity=(entity_id=entity_0001|fullname=Eduard|gender=m)))
4355	über		
4356	die		
4357	aufblühende		
4358	,		
4359	versprechende		
4360	Schönheit		
4361	hinaussahest		
4362	.		
4363	Es		
4364	gehört		
4365	auch		
4366	dies		
4367	zu		
4368	deiner	689	(mention_id=679|references=(entity=(entity_id=entity_0001|fullname=Eduard|gender=m)))
4369	Art		
4370	zu		
4371	sein		
4372	,		
4373	deshalb		
4374	ich	690	(mention_id=680|references=(entity=(entity_id=entity_0002|fullname=Charlotte|gender=f)))
4375	so		
4376	gern		
4377	das		
4378	Leben		
4379	mit		
4380	dir	691	(mention_id=681|references=(entity=(entity_id=entity_0001|fullname=Eduard|gender=m)))
4381	teile		
4382	.		
4383	«		
4384	Charlotte	692	(mention_id=682|references=(entity=(entity_id=entity_0002|fullname=Charlotte|gender=f)))
4385	,		
4386	so		
4387	aufrichtig		
4388	sie	693	(mention_id=683|references=(entity=(entity_id=entity_0002|fullname=Charlotte|gender=f)))
4389	zu		
4390	sprechen		
4391	schien		
4392	,		
4393	verhehlte		
4394	doch		
4395	etwas		
4396	.		
4397	Sie	694	(mention_id=684|references=(entity=(entity_id=entity_0002|fullname=Charlotte|gender=f)))
4398	hatte		
4399	nämlich		
4400	damals		
4401	dem		
4402	von		
4403	Reisen		
4404	zurückkehrenden		
4405	Eduard	695	(mention_id=685|references=(entity=(entity_id=entity_0001|fullname=Eduard|gender=m)))
4406	Ottilien	696	(mention_id=686|references=(entity=(entity_id=entity_0006|fullname=Ottilie|gender=f)))
4407	absichtlich		
4408	vorgeführt		
4409	,		
4410	um		
4411	dieser		
4412	geliebten		
4413	Pflegetochter	697	(mention_id=687|references=(entity=(entity_id=entity_0006|fullname=Ottilie|gender=f)))
4414	eine		
4415	so		
4416	große		
4417	Partie		(mention_id=688|references=(entity=(entity_id=entity_0001|fullname=Eduard|gender=m)))
4418	zuzuwenden		
4419	;		
4420	denn		
4421	an		
4422	sich	698	(mention_id=689|references=(entity=(entity_id=entity_0002|fullname=Charlotte|gender=f)))
4423	selbst		
4424	in		
4425	bezug		
4426	auf		
4427	Eduard	699	(mention_id=690|references=(entity=(entity_id=entity_0001|fullname=Eduard|gender=m)))
4428	dachte		
4429	sie	700	(mention_id=691|references=(entity=(entity_id=entity_0002|fullname=Charlotte|gender=f)))
4430	nicht		
4431	mehr		
4432	.		
4433	Der		
4434	Hauptmann	701	(mention_id=692|references=(entity=(entity_id=entity_0003|fullname=Hauptmann|gender=m|possible_identity_with=entity_0374)))
4435	war		
4436	auch		
4437	angestiftet		
4438	,		
4439	Eduarden	702	(mention_id=693|references=(entity=(entity_id=entity_0001|fullname=Eduard|gender=m)))
4440	aufmerksam		
4441	zu		
4442	machen		
4443	;		
4444	aber		
4445	dieser	703	(mention_id=694|references=(entity=(entity_id=entity_0001|fullname=Eduard|gender=m)))
4446	,		
4447	der	704	(mention_id=695|references=(entity=(entity_id=entity_0001|fullname=Eduard|gender=m)))
4448	seine	705	(mention_id=696|references=(entity=(entity_id=entity_0001|fullname=Eduard|gender=m)))
4449	frühe		
4450	Liebe		
4451	zu		
4452	Charlotten	706	(mention_id=697|references=(entity=(entity_id=entity_0002|fullname=Charlotte|gender=f)))
4453	hartnäckig		
4454	im		
4455	Sinne		
4456	behielt		
4457	,		
4458	sah		
4459	weder		
4460	rechts		
4461	noch		
4462	links		
4463	und		
4464	war		
4465	nur		
4466	glücklich		
4467	in		
4468	dem		
4469	Gefühl		
4470	,		
4471	daß		
4472	es		
4473	möglich		
4474	sei		
4475	,		
4476	eines		
4477	so		
4478	lebhaft		
4479	gewünschten		
4480	und		
4481	durch		
4482	eine		
4483	Reihe		
4484	von		
4485	Ereignissen		
4486	scheinbar		
4487	auf		
4488	immer		
4489	versagten		
4490	Gutes		
4491	endlich		
4492	doch		
4493	teilhaft		
4494	zu		
4495	werden		
4496	.		
4497	Eben		
4498	stand		
4499	das		
4500	Ehepaar	707	(mention_id=698|references=(entity=(entity_id=entity_0002|fullname=Charlotte|gender=f)),(entity=(entity_id=entity_0001|fullname=Eduard|gender=m)))
4501	im		
4502	Begriff		
4503	,		
4504	die		
4505	neuen		
4506	Anlagen		
4507	herunter		
4508	nach		
4509	dem		
4510	Schlosse		
4511	zu		
4512	gehen		
4513	,		
4514	als		
4515	ein		
4516	Bedienter	708	(mention_id=699|references=(entity=(entity_id=entity_0026|fullname=Bedienter|gender=m)))
4517	ihnen	709	(mention_id=700|references=(entity=(entity_id=entity_0002|fullname=Charlotte|gender=f)),(entity=(entity_id=entity_0001|fullname=Eduard|gender=m)))
4518	hastig		
4519	entgegenstieg		
4520	und		
4521	mit		
4522	lachendem		
4523	Munde		
4524	sich	710	(mention_id=701|references=(entity=(entity_id=entity_0026|fullname=Bedienter|gender=m)))
4525	schon		
4526	von		
4527	unten		
4528	herauf		
4529	vernehmen		
4530	ließ		
4531	:		
4532	»		
4533	Kommen		
4534	Euer	711	(mention_id=702|references=(entity=(entity_id=entity_0001|fullname=Eduard|gender=m)),(entity=(entity_id=entity_0002|fullname=Charlotte|gender=f)))
4535	Gnaden	711	(mention_id=702|references=(entity=(entity_id=entity_0001|fullname=Eduard|gender=m)),(entity=(entity_id=entity_0002|fullname=Charlotte|gender=f)))
4536	doch		
4537	ja		
4538	schnell		
4539	herüber		
4540	!		
4541	Herr	712	(mention_id=703|references=(entity=(entity_id=entity_0021|fullname=Mittler|gender=m)))
4542	Mittler	712	(mention_id=703|references=(entity=(entity_id=entity_0021|fullname=Mittler|gender=m)))
4543	ist		
4544	in		
4545	den		
4546	Schloßhof		
4547	gesprengt		
4548	.		
4549	Er	713	(mention_id=704|references=(entity=(entity_id=entity_0021|fullname=Mittler|gender=m)))
4550	hat		
4551	uns	714	(mention_id=705|references=(entity=(entity_id=entity_0024|fullname=Bedienstete|gender=u|members=entity_0026|all_members_given=False|borderline_entity=gender|specialcase_entity=group)))
4552	alle	715	
4553	zusammengeschrieen		
4554	,		
4555	wir	716	(mention_id=706|references=(entity=(entity_id=entity_0024|fullname=Bedienstete|gender=u|members=entity_0026|all_members_given=False|borderline_entity=gender|specialcase_entity=group)))
4556	sollen		
4557	sie	717	(mention_id=707|references=(entity=(entity_id=entity_0002|fullname=Charlotte|gender=f)),(entity=(entity_id=entity_0001|fullname=Eduard|gender=m)))
4558	aufsuchen		
4559	,		
4560	wir	718	(mention_id=708|references=(entity=(entity_id=entity_0024|fullname=Bedienstete|gender=u|members=entity_0026|all_members_given=False|borderline_entity=gender|specialcase_entity=group)))
4561	sollen		
4562	Sie	719	(mention_id=709|references=(entity=(entity_id=entity_0002|fullname=Charlotte|gender=f)),(entity=(entity_id=entity_0001|fullname=Eduard|gender=m)))
4563	fragen		
4564	,		
4565	ob		
4566	es		
4567	not		
4568	tue		
4569	.		
4570	›		
4571	Ob		
4572	es		
4573	not		
4574	tut		
4575	‹		
4576	,		
4577	rief		
4578	er	720	(mention_id=710|references=(entity=(entity_id=entity_0021|fullname=Mittler|gender=m)))
4579	uns	721	(mention_id=711|references=(entity=(entity_id=entity_0024|fullname=Bedienstete|gender=u|members=entity_0026|all_members_given=False|borderline_entity=gender|specialcase_entity=group)))
4580	nach		
4581	,		
4582	›		
4583	hört		
4584	ihr	722	(mention_id=712|references=(entity=(entity_id=entity_0024|fullname=Bedienstete|gender=u|members=entity_0026|all_members_given=False|borderline_entity=gender|specialcase_entity=group)))
4585	?		
4586	aber		
4587	geschwind		
4588	,		
4589	geschwind		
4590	!		
4591	‹		
4592	«		
4593	»		
4594	Der		
4595	drollige		
4596	Mann	723	(mention_id=713|references=(entity=(entity_id=entity_0021|fullname=Mittler|gender=m)))
4597	!		
4598	«		
4599	rief		
4600	Eduard	724	(mention_id=714|references=(entity=(entity_id=entity_0001|fullname=Eduard|gender=m)))
4601	aus		
4602	;		
4603	»		
4604	kommt		
4605	er	725	(mention_id=715|references=(entity=(entity_id=entity_0021|fullname=Mittler|gender=m)))
4606	nicht		
4607	gerade		
4608	zur		
4609	rechten		
4610	Zeit		
4611	,		
4612	Charlotte	726	(mention_id=716|references=(entity=(entity_id=entity_0002|fullname=Charlotte|gender=f)))
4613	?		
4614	–		
4615	Geschwind		
4616	zurück		
4617	!		
4618	«		
4619	befahl		
4620	er	727	(mention_id=717|references=(entity=(entity_id=entity_0001|fullname=Eduard|gender=m)))
4621	dem		
4622	Bedienten	728	(mention_id=718|references=(entity=(entity_id=entity_0026|fullname=Bedienter|gender=m)))
4623	;		
4624	»		
4625	sage		
4626	ihm	729	(mention_id=719|references=(entity=(entity_id=entity_0021|fullname=Mittler|gender=m)))
4627	,		
4628	es		
4629	tue		
4630	not		
4631	,		
4632	sehr		
4633	not		
4634	!		
4635	Er	730	(mention_id=720|references=(entity=(entity_id=entity_0021|fullname=Mittler|gender=m)))
4636	soll		
4637	nur		
4638	absteigen		
4639	.		
4640	Versorgt		
4641	sein	731	(mention_id=721|references=(entity=(entity_id=entity_0021|fullname=Mittler|gender=m)))
4642	Pferd		
4643	;		
4644	führt		
4645	ihn	732	(mention_id=722|references=(entity=(entity_id=entity_0021|fullname=Mittler|gender=m)))
4646	in		
4647	den		
4648	Saal		
4649	,		
4650	setzt		
4651	ihm	733	(mention_id=723|references=(entity=(entity_id=entity_0021|fullname=Mittler|gender=m)))
4652	ein		
4653	Frühstück		
4654	vor		
4655	!		
4656	Wir	734	(mention_id=724|references=(entity=(entity_id=entity_0002|fullname=Charlotte|gender=f)),(entity=(entity_id=entity_0001|fullname=Eduard|gender=m)))
4657	kommen		
4658	gleich		
4659	.		
4660	Laß		
4661	uns	735	(mention_id=725|references=(entity=(entity_id=entity_0002|fullname=Charlotte|gender=f)),(entity=(entity_id=entity_0001|fullname=Eduard|gender=m)))
4662	den		
4663	nächsten		
4664	Weg		
4665	nehmen		
4666	!		
4667	«		
4668	sagte		
4669	er	736	(mention_id=726|references=(entity=(entity_id=entity_0001|fullname=Eduard|gender=m)))
4670	zu		
4671	seiner	737	(mention_id=727|references=(entity=(entity_id=entity_0001|fullname=Eduard|gender=m)))
4672	Frau	738	(mention_id=728|references=(entity=(entity_id=entity_0002|fullname=Charlotte|gender=f)))
4673	und		
4674	schlug		
4675	den		
4676	Pfad		
4677	über		
4678	den		
4679	Kirchhof		
4680	ein		
4681	,		
4682	den		
4683	er	739	(mention_id=729|references=(entity=(entity_id=entity_0001|fullname=Eduard|gender=m)))
4684	sonst		
4685	zu		
4686	vermeiden		
4687	pflegte		
4688	.		
4689	Aber		
4690	wie		
4691	verwundert		
4692	war		
4693	er	740	(mention_id=730|references=(entity=(entity_id=entity_0001|fullname=Eduard|gender=m)))
4694	,		
4695	als		
4696	er	741	(mention_id=731|references=(entity=(entity_id=entity_0001|fullname=Eduard|gender=m)))
4697	fand		
4698	,		
4699	daß		
4700	Charlotte	742	(mention_id=732|references=(entity=(entity_id=entity_0002|fullname=Charlotte|gender=f)))
4701	auch		
4702	hier		
4703	für		
4704	das		
4705	Gefühl		
4706	gesorgt		
4707	habe		
4708	.		
4709	Mit		
4710	möglichster		
4711	Schonung		
4712	der		
4713	alten		
4714	Denkmäler		
4715	hatte		
4716	sie	743	(mention_id=733|references=(entity=(entity_id=entity_0002|fullname=Charlotte|gender=f)))
4717	alles		
4718	so		
4719	zu		
4720	vergleichen		
4721	und		
4722	zu		
4723	ordnen		
4724	gewußt		
4725	,		
4726	daß		
4727	es		
4728	ein		
4729	angenehmer		
4730	Raum		
4731	erschien		
4732	,		
4733	auf		
4734	dem		
4735	das		
4736	Auge		
4737	und		
4738	die		
4739	Einbildungskraft		
4740	gerne		
4741	verweilten		
4742	.		
4743	Auch		
4744	dem		
4745	ältesten		
4746	Stein		
4747	hatte		
4748	sie	744	(mention_id=734|references=(entity=(entity_id=entity_0002|fullname=Charlotte|gender=f)))
4749	seine		
4750	Ehre		
4751	gegönnt		
4752	.		
4753	Den		
4754	Jahren		
4755	nach		
4756	waren		
4757	sie		
4758	an		
4759	der		
4760	Mauer		
4761	aufgerichtet		
4762	,		
4763	eingefügt		
4764	oder		
4765	sonst		
4766	angebracht		
4767	;		
4768	der		
4769	hohe		
4770	Sockel		
4771	der		
4772	Kirche		
4773	selbst		
4774	war		
4775	damit		
4776	vermannigfaltigt		
4777	und		
4778	geziert		
4779	.		
4780	Eduard	745	(mention_id=735|references=(entity=(entity_id=entity_0001|fullname=Eduard|gender=m)))
4781	fühlte		
4782	sich	746	(mention_id=736|references=(entity=(entity_id=entity_0001|fullname=Eduard|gender=m)))
4783	sonderbar		
4784	überrascht		
4785	,		
4786	wie		
4787	er	747	(mention_id=737|references=(entity=(entity_id=entity_0001|fullname=Eduard|gender=m)))
4788	durch		
4789	die		
4790	kleine		
4791	Pforte		
4792	hereintrat		
4793	:		
4794	er	748	(mention_id=738|references=(entity=(entity_id=entity_0001|fullname=Eduard|gender=m)))
4795	drückte		
4796	Charlotten	749	(mention_id=739|references=(entity=(entity_id=entity_0002|fullname=Charlotte|gender=f)))
4797	die		
4798	Hand		
4799	,		
4800	und		
4801	im		
4802	Auge		
4803	stand		
4804	ihm	750	(mention_id=740|references=(entity=(entity_id=entity_0001|fullname=Eduard|gender=m)))
4805	eine		
4806	Träne		
4807	.		
4808	Aber		
4809	der		
4810	närrische		
4811	Gast	751	(mention_id=741|references=(entity=(entity_id=entity_0021|fullname=Mittler|gender=m)))
4812	verscheuchte		
4813	sie		
4814	gleich		
4815	.		
4816	Denn		
4817	dieser	752	(mention_id=742|references=(entity=(entity_id=entity_0021|fullname=Mittler|gender=m)))
4818	hatte		
4819	keine		
4820	Ruh		
4821	im		
4822	Schloß		
4823	gehabt		
4824	,		
4825	war		
4826	spornstreichs		
4827	durchs		
4828	Dorf		
4829	bis		
4830	an		
4831	das		
4832	Kirchhoftor		
4833	geritten		
4834	,		
4835	wo		
4836	er	753	(mention_id=743|references=(entity=(entity_id=entity_0021|fullname=Mittler|gender=m)))
4837	still		
4838	hielt		
4839	und		
4840	seinen	754	(mention_id=744|references=(entity=(entity_id=entity_0021|fullname=Mittler|gender=m)))
4841	Freunden	755	(mention_id=745|references=(entity=(entity_id=entity_0002|fullname=Charlotte|gender=f)),(entity=(entity_id=entity_0001|fullname=Eduard|gender=m)))
4842	entgegenrief		
4843	:		
4844	»		
4845	Ihr	756	(mention_id=746|references=(entity=(entity_id=entity_0002|fullname=Charlotte|gender=f)),(entity=(entity_id=entity_0001|fullname=Eduard|gender=m)))
4846	habt		
4847	mich	757	(mention_id=747|references=(entity=(entity_id=entity_0021|fullname=Mittler|gender=m)))
4848	doch		
4849	nicht		
4850	zum		
4851	besten		
4852	?		
4853	Tuts		
4854	wirklich		
4855	not		
4856	,		
4857	so		
4858	bleibe		
4859	ich	758	(mention_id=748|references=(entity=(entity_id=entity_0021|fullname=Mittler|gender=m)))
4860	zu		
4861	Mittage		
4862	hier		
4863	.		
4864	Haltet		
4865	mich	759	(mention_id=749|references=(entity=(entity_id=entity_0021|fullname=Mittler|gender=m)))
4866	nicht		
4867	auf		
4868	!		
4869	Ich	760	(mention_id=750|references=(entity=(entity_id=entity_0021|fullname=Mittler|gender=m)))
4870	habe		
4871	heute		
4872	noch		
4873	viel		
4874	zu		
4875	tun		
4876	.		
4877	«		
4878	»		
4879	Da		
4880	Ihr	761	(mention_id=751|references=(entity=(entity_id=entity_0021|fullname=Mittler|gender=m)))
4881	Euch	762	(mention_id=752|references=(entity=(entity_id=entity_0021|fullname=Mittler|gender=m)))
4882	so		
4883	weit		
4884	bemüht		
4885	habt		
4886	,		
4887	«		
4888	rief		
4889	ihm	763	(mention_id=753|references=(entity=(entity_id=entity_0021|fullname=Mittler|gender=m)))
4890	Eduard	764	(mention_id=754|references=(entity=(entity_id=entity_0001|fullname=Eduard|gender=m)))
4891	entgegen		
4892	,		
4893	»		
4894	so		
4895	reitet		
4896	noch		
4897	vollends		
4898	herein		
4899	;		
4900	wir	765	(mention_id=755|references=(entity=(entity_id=entity_0002|fullname=Charlotte|gender=f)),(entity=(entity_id=entity_0001|fullname=Eduard|gender=m)),(entity=(entity_id=entity_0021|fullname=Mittler|gender=m)))
4901	kommen		
4902	an		
4903	einem		
4904	ernsthaften		
4905	Orte		
4906	zusammen		
4907	;		
4908	und		
4909	seht		
4910	,		
4911	wie		
4912	schön		
4913	Charlotte	766	(mention_id=756|references=(entity=(entity_id=entity_0002|fullname=Charlotte|gender=f)))
4914	diese		
4915	Trauer		
4916	ausgeschmückt		
4917	hat		
4918	!		
4919	«		
4920	»		
4921	Hier		
4922	herein		
4923	«		
4924	,		
4925	rief		
4926	der		
4927	Reiter	767	(mention_id=757|references=(entity=(entity_id=entity_0021|fullname=Mittler|gender=m)))
4928	,		
4929	»		
4930	komm		
4931	ich	768	(mention_id=758|references=(entity=(entity_id=entity_0021|fullname=Mittler|gender=m)))
4932	weder		
4933	zu		
4934	Pferde		
4935	,		
4936	noch		
4937	zu		
4938	Wagen		
4939	,		
4940	noch		
4941	zu		
4942	Fuße		
4943	.		
4944	Diese		
4945	da		
4946	ruhen		
4947	in		
4948	Frieden		
4949	,		
4950	mit		
4951	ihnen		(mention_id=759|references=(entity=(entity_id=entity_0032|fullname=Begrabene auf Kirchhof|gender=u|specialcase_entity=group)))
4952	habe		
4953	ich	769	(mention_id=760|references=(entity=(entity_id=entity_0021|fullname=Mittler|gender=m)))
4954	nichts		
4955	zu		
4956	schaffen		
4957	.		
4958	Gefallen		
4959	muß		
4960	ich	770	(mention_id=761|references=(entity=(entity_id=entity_0021|fullname=Mittler|gender=m)))
4961	mirs	771	(mention_id=762|references=(entity=(entity_id=entity_0021|fullname=Mittler|gender=m)))
4962	lassen		
4963	,		
4964	wenn		
4965	man		
4966	mich	772	(mention_id=763|references=(entity=(entity_id=entity_0021|fullname=Mittler|gender=m)))
4967	einmal		
4968	,		
4969	die		
4970	Füße		
4971	voran		
4972	,		
4973	hereinschleppt		
4974	.		
4975	Also		
4976	ists		
4977	Ernst		
4978	?		
4979	«		
4980	»		
4981	Ja		
4982	,		
4983	«		
4984	rief		
4985	Charlotte	773	(mention_id=764|references=(entity=(entity_id=entity_0002|fullname=Charlotte|gender=f)))
4986	,		
4987	»		
4988	recht		
4989	Ernst		
4990	!		
4991	Es		
4992	ist		
4993	das		
4994	erstemal		
4995	,		
4996	daß		
4997	wir	774	(mention_id=765|references=(entity=(entity_id=entity_0002|fullname=Charlotte|gender=f)),(entity=(entity_id=entity_0001|fullname=Eduard|gender=m)))
4998	neuen		
4999	Gatten	775	(mention_id=766|references=(entity=(entity_id=entity_0002|fullname=Charlotte|gender=f)),(entity=(entity_id=entity_0001|fullname=Eduard|gender=m)))
5000	in		
5001	Not		
5002	und		
5003	Verwirrung		
5004	sind		
5005	,		
5006	woraus		
5007	wir	776	(mention_id=767|references=(entity=(entity_id=entity_0002|fullname=Charlotte|gender=f)),(entity=(entity_id=entity_0001|fullname=Eduard|gender=m)))
5008	uns	777	(mention_id=768|references=(entity=(entity_id=entity_0002|fullname=Charlotte|gender=f)),(entity=(entity_id=entity_0001|fullname=Eduard|gender=m)))
5009	nicht		
5010	zu		
5011	helfen		
5012	wissen		
5013	.		
5014	«		
5015	»		
5016	Ihr	778	(mention_id=769|references=(entity=(entity_id=entity_0002|fullname=Charlotte|gender=f)),(entity=(entity_id=entity_0001|fullname=Eduard|gender=m)))
5017	seht		
5018	nicht		
5019	darnach		
5020	aus		
5021	,		
5022	«		
5023	versetzte		
5024	er	779	(mention_id=770|references=(entity=(entity_id=entity_0021|fullname=Mittler|gender=m)))
5025	,		
5026	»		
5027	doch		
5028	will		
5029	ichs	780	
5030	glauben		
5031	.		
5032	Führt		
5033	ihr	781	(mention_id=771|references=(entity=(entity_id=entity_0002|fullname=Charlotte|gender=f)),(entity=(entity_id=entity_0001|fullname=Eduard|gender=m)))
5034	mich	782	(mention_id=772|references=(entity=(entity_id=entity_0021|fullname=Mittler|gender=m)))
5035	an		
5036	,		
5037	so		
5038	laß		
5039	ich	783	(mention_id=773|references=(entity=(entity_id=entity_0021|fullname=Mittler|gender=m)))
5040	euch	784	(mention_id=774|references=(entity=(entity_id=entity_0002|fullname=Charlotte|gender=f)),(entity=(entity_id=entity_0001|fullname=Eduard|gender=m)))
5041	künftig		
5042	stecken		
5043	.		
5044	Folgt		
5045	geschwinde		
5046	nach		
5047	!		
5048	Meinem	785	(mention_id=775|references=(entity=(entity_id=entity_0021|fullname=Mittler|gender=m)))
5049	Pferde		
5050	mag		
5051	die		
5052	Erholung		
5053	zugut		
5054	kommen		
5055	.		
5056	«		
5057	Bald		
5058	fanden		
5059	sich	786	(mention_id=776|references=(entity=(entity_id=entity_0002|fullname=Charlotte|gender=f)),(entity=(entity_id=entity_0001|fullname=Eduard|gender=m)),(entity=(entity_id=entity_0021|fullname=Mittler|gender=m)))
5060	die		
5061	dreie	787	(mention_id=777|references=(entity=(entity_id=entity_0002|fullname=Charlotte|gender=f)),(entity=(entity_id=entity_0001|fullname=Eduard|gender=m)),(entity=(entity_id=entity_0021|fullname=Mittler|gender=m)))
5062	im		
5063	Saale		
5064	zusammen		
5065	;		
5066	das		
5067	Essen		
5068	ward		
5069	aufgetragen		
5070	,		
5071	und		
5072	Mittler	788	(mention_id=778|references=(entity=(entity_id=entity_0021|fullname=Mittler|gender=m)))
5073	erzählte		
5074	von		
5075	seinen	789	(mention_id=779|references=(entity=(entity_id=entity_0021|fullname=Mittler|gender=m)))
5076	heutigen		
5077	Taten		
5078	und		
5079	Vorhaben		
5080	.		
5081	Dieser		
5082	seltsame		
5083	Mann	790	(mention_id=780|references=(entity=(entity_id=entity_0021|fullname=Mittler|gender=m)))
5084	war		
5085	früherhin		
5086	Geistlicher	791	(mention_id=781|references=(entity=(entity_id=entity_0021|fullname=Mittler|gender=m)))
5087	gewesen		
5088	und		
5089	hatte		
5090	sich	792	(mention_id=782|references=(entity=(entity_id=entity_0021|fullname=Mittler|gender=m)))
5091	bei		
5092	einer		
5093	rastlosen		
5094	Tätigkeit		
5095	in		
5096	seinem	793	(mention_id=783|references=(entity=(entity_id=entity_0021|fullname=Mittler|gender=m)))
5097	Amte		
5098	dadurch		
5099	ausgezeichnet		
5100	,		
5101	daß		
5102	er	794	(mention_id=784|references=(entity=(entity_id=entity_0021|fullname=Mittler|gender=m)))
5103	alle		
5104	Streitigkeiten		
5105	,		
5106	sowohl		
5107	die		
5108	häuslichen		
5109	als		
5110	die		
5111	nachbarlichen		
5112	,		
5113	erst		
5114	der		
5115	einzelnen		
5116	Bewohner	795	(mention_id=785|references=(entity=(entity_id=entity_0033|fullname=Bewohner in Mittlers ehemaliger Gemeinde|gender=u|specialcase_entity=group)))
5117	,		
5118	sodann		
5119	ganzer		
5120	Gemeinden	796	
5121	und		
5122	mehrerer		
5123	Gutsbesitzer	797	(mention_id=786|references=(entity=(entity_id=entity_0034|fullname=Gutsbesitzer in Mittlers ehemaliger Gemeinde|gender=u|borderline_entity=gender|specialcase_entity=group)))
5124	zu		
5125	stillen		
5126	und		
5127	zu		
5128	schlichten		
5129	wußte		
5130	.		
5131	Solange		
5132	er	798	(mention_id=787|references=(entity=(entity_id=entity_0021|fullname=Mittler|gender=m)))
5133	im		
5134	Dienste		
5135	war		
5136	,		
5137	hatte		
5138	sich	799	(mention_id=788|references=(entity=(entity_id=entity_0029|fullname=Ehepaare in Mittlers ehemaliger Gemeinde|gender=mf|specialcase_entity=group)))
5139	kein		
5140	Ehepaar	800	(mention_id=789|references=(entity=(entity_id=entity_0029|fullname=Ehepaare in Mittlers ehemaliger Gemeinde|gender=mf|specialcase_entity=group)))
5141	scheiden		
5142	lassen		
5143	,		
5144	und		
5145	die		
5146	Landeskollegien		
5147	wurden		
5148	mit		
5149	keinen		
5150	Händeln		
5151	und		
5152	Prozessen		
5153	von		
5154	dorther		
5155	behelliget		
5156	.		
5157	Wie		
5158	nötig		
5159	ihm	801	(mention_id=790|references=(entity=(entity_id=entity_0021|fullname=Mittler|gender=m)))
5160	die		
5161	Rechtskunde		
5162	sei		
5163	,		
5164	ward		
5165	er	802	(mention_id=791|references=(entity=(entity_id=entity_0021|fullname=Mittler|gender=m)))
5166	zeitig		
5167	gewahr		
5168	.		
5169	Er	803	(mention_id=792|references=(entity=(entity_id=entity_0021|fullname=Mittler|gender=m)))
5170	warf		
5171	sein	804	(mention_id=793|references=(entity=(entity_id=entity_0021|fullname=Mittler|gender=m)))
5172	ganzes		
5173	Studium		
5174	darauf		
5175	und		
5176	fühlte		
5177	sich	805	(mention_id=794|references=(entity=(entity_id=entity_0021|fullname=Mittler|gender=m)))
5178	bald		
5179	den		
5180	geschicktesten		
5181	Advokaten	806	(mention_id=795|references=(entity=(entity_id=entity_0035|fullname=geschickteste Advokaten|gender=m|borderline_entity=generic|specialcase_entity=group)))
5182	gewachsen		
5183	.		
5184	Sein	807	(mention_id=796|references=(entity=(entity_id=entity_0021|fullname=Mittler|gender=m)))
5185	Wirkungskreis		
5186	dehnte		
5187	sich		
5188	wunderbar		
5189	aus		
5190	;		
5191	und		
5192	man		
5193	war		
5194	im		
5195	Begriff		
5196	,		
5197	ihn	808	(mention_id=797|references=(entity=(entity_id=entity_0021|fullname=Mittler|gender=m)))
5198	nach		
5199	der		
5200	Residenz		
5201	zu		
5202	ziehen		
5203	,		
5204	um		
5205	das		
5206	von		
5207	oben		
5208	herein		
5209	zu		
5210	vollenden		
5211	,		
5212	was		
5213	er	809	(mention_id=798|references=(entity=(entity_id=entity_0021|fullname=Mittler|gender=m)))
5214	von		
5215	unten		
5216	herauf		
5217	begonnen		
5218	hatte		
5219	,		
5220	als		
5221	er	810	(mention_id=799|references=(entity=(entity_id=entity_0021|fullname=Mittler|gender=m)))
5222	einen		
5223	ansehnlichen		
5224	Lotteriegewinst		
5225	tat		
5226	,		
5227	sich	811	(mention_id=800|references=(entity=(entity_id=entity_0021|fullname=Mittler|gender=m)))
5228	ein		
5229	mäßiges		
5230	Gut		
5231	kaufte		
5232	,		
5233	es		
5234	verpachtete		
5235	und		
5236	zum		
5237	Mittelpunkt		
5238	seiner	812	(mention_id=801|references=(entity=(entity_id=entity_0021|fullname=Mittler|gender=m)))
5239	Wirksamkeit		
5240	machte		
5241	,		
5242	mit		
5243	dem		
5244	festen		
5245	Vorsatz		
5246	oder		
5247	vielmehr		
5248	nach		
5249	alter		
5250	Gewohnheit		
5251	und		
5252	Neigung		
5253	,		
5254	in		
5255	keinem		
5256	Hause		
5257	zu		
5258	verweilen		
5259	,		
5260	wo		
5261	nichts		
5262	zu		
5263	schlichten		
5264	und		
5265	nichts		
5266	zu		
5267	helfen		
5268	wäre		
5269	.		
5270	Diejenigen		(mention_id=802|references=(entity=(entity_id=generic_0031|fullname=Auf Namensbedeutung Abergläubische|gender=u|specialcase_entity=generic)))
5271	,		
5272	die	813	(mention_id=803|references=(entity=(entity_id=generic_0032|fullname=Auf Namensbedeutung Abergläubische|gender=u|specialcase_entity=generic)))
5273	auf		
5274	die		
5275	Namensbedeutungen		
5276	abergläubisch		
5277	sind		
5278	,		
5279	behaupten		
5280	,		
5281	der		
5282	Name		
5283	Mittler	814	
5284	habe		
5285	ihn	815	(mention_id=804|references=(entity=(entity_id=entity_0021|fullname=Mittler|gender=m)))
5286	genötigt		
5287	,		
5288	diese		
5289	seltsamste		
5290	aller		
5291	Bestimmungen		
5292	zu		
5293	ergreifen		
5294	.		
5295	Der		
5296	Nachtisch		
5297	war		
5298	aufgetragen		
5299	,		
5300	als		
5301	der		
5302	Gast	816	(mention_id=805|references=(entity=(entity_id=entity_0021|fullname=Mittler|gender=m)))
5303	seine	817	(mention_id=806|references=(entity=(entity_id=entity_0021|fullname=Mittler|gender=m)))
5304	Wirte	818	(mention_id=807|references=(entity=(entity_id=entity_0002|fullname=Charlotte|gender=f)),(entity=(entity_id=entity_0001|fullname=Eduard|gender=m)))
5305	ernstlich		
5306	vermahnte		
5307	,		
5308	nicht		
5309	weiter		
5310	mit		
5311	ihren	819	(mention_id=808|references=(entity=(entity_id=entity_0002|fullname=Charlotte|gender=f)),(entity=(entity_id=entity_0001|fullname=Eduard|gender=m)))
5312	Entdeckungen		
5313	zurückzuhalten		
5314	,		
5315	weil		
5316	er	820	(mention_id=809|references=(entity=(entity_id=entity_0021|fullname=Mittler|gender=m)))
5317	gleich		
5318	nach		
5319	dem		
5320	Kaffee		
5321	fort		
5322	müsse		
5323	.		
5324	Die		
5325	beiden		
5326	Eheleute	821	(mention_id=810|references=(entity=(entity_id=entity_0002|fullname=Charlotte|gender=f)),(entity=(entity_id=entity_0001|fullname=Eduard|gender=m)))
5327	machten		
5328	umständlich		
5329	ihre	822	(mention_id=811|references=(entity=(entity_id=entity_0002|fullname=Charlotte|gender=f)),(entity=(entity_id=entity_0001|fullname=Eduard|gender=m)))
5330	Bekenntnisse		
5331	;		
5332	aber		
5333	kaum		
5334	hatte		
5335	er	823	(mention_id=812|references=(entity=(entity_id=entity_0021|fullname=Mittler|gender=m)))
5336	den		
5337	Sinn		
5338	der		
5339	Sache		
5340	vernommen		
5341	,		
5342	als		
5343	er	824	(mention_id=813|references=(entity=(entity_id=entity_0021|fullname=Mittler|gender=m)))
5344	verdrießlich		
5345	vom		
5346	Tische		
5347	auffuhr		
5348	,		
5349	ans		
5350	Fenster		
5351	sprang		
5352	und		
5353	sein	825	(mention_id=814|references=(entity=(entity_id=entity_0021|fullname=Mittler|gender=m)))
5354	Pferd		
5355	zu		
5356	satteln		
5357	befahl		
5358	.		
5359	»		
5360	Entweder		
5361	ihr	826	(mention_id=815|references=(entity=(entity_id=entity_0002|fullname=Charlotte|gender=f)),(entity=(entity_id=entity_0001|fullname=Eduard|gender=m)))
5362	kennt		
5363	mich	827	(mention_id=816|references=(entity=(entity_id=entity_0021|fullname=Mittler|gender=m)))
5364	nicht		
5365	,		
5366	«		
5367	rief		
5368	er	828	(mention_id=817|references=(entity=(entity_id=entity_0021|fullname=Mittler|gender=m)))
5369	aus		
5370	,		
5371	»		
5372	ihr	829	(mention_id=818|references=(entity=(entity_id=entity_0002|fullname=Charlotte|gender=f)),(entity=(entity_id=entity_0001|fullname=Eduard|gender=m)))
5373	versteht		
5374	mich	830	(mention_id=819|references=(entity=(entity_id=entity_0021|fullname=Mittler|gender=m)))
5375	nicht		
5376	,		
5377	oder		
5378	ihr	831	(mention_id=820|references=(entity=(entity_id=entity_0002|fullname=Charlotte|gender=f)),(entity=(entity_id=entity_0001|fullname=Eduard|gender=m)))
5379	seid		
5380	sehr		
5381	boshaft		
5382	.		
5383	Ist		
5384	denn		
5385	hier		
5386	ein		
5387	Streit		
5388	?		
5389	Ist		
5390	denn		
5391	hier		
5392	eine		
5393	Hülfe		
5394	nötig		
5395	?		
5396	Glaubt		
5397	ihr	832	(mention_id=821|references=(entity=(entity_id=entity_0002|fullname=Charlotte|gender=f)),(entity=(entity_id=entity_0001|fullname=Eduard|gender=m)))
5398	,		
5399	daß		
5400	ich	833	(mention_id=822|references=(entity=(entity_id=entity_0021|fullname=Mittler|gender=m)))
5401	in		
5402	der		
5403	Welt		
5404	bin		
5405	,		
5406	um		
5407	Rat		
5408	zu		
5409	geben		
5410	?		
5411	Das		
5412	ist		
5413	das		
5414	dümmste		
5415	Handwerk		
5416	,		
5417	das		
5418	einer	834	
5419	treiben		
5420	kann		
5421	.		
5422	Rate		
5423	sich	835	
5424	jeder	836	(mention_id=823|references=(entity=(entity_id=generic_0033|fullname=jeder|gender=u|specialcase_entity=generic)))
5425	selbst		
5426	und		
5427	tue		
5428	,		
5429	was		
5430	er	837	(mention_id=824|references=(entity=(entity_id=generic_0034|fullname=jeder|gender=u|specialcase_entity=generic)))
5431	nicht		
5432	lassen		
5433	kann		
5434	.		
5435	Gerät		
5436	es		
5437	gut		
5438	,		
5439	so		
5440	freue		
5441	er	838	(mention_id=825|references=(entity=(entity_id=generic_0035|fullname=jeder|gender=u|specialcase_entity=generic)))
5442	sich	839	(mention_id=826|references=(entity=(entity_id=generic_0036|fullname=jeder|gender=u|specialcase_entity=generic)))
5443	seiner	840	(mention_id=827|references=(entity=(entity_id=generic_0037|fullname=jeder|gender=u|specialcase_entity=generic)))
5444	Weisheit		
5445	und		
5446	seines	841	(mention_id=828|references=(entity=(entity_id=generic_0038|fullname=jeder|gender=u|specialcase_entity=generic)))
5447	Glücks		
5448	;		
5449	läufts		
5450	übel		
5451	ab		
5452	,		
5453	dann		
5454	bin		
5455	ich	842	(mention_id=829|references=(entity=(entity_id=entity_0021|fullname=Mittler|gender=m)))
5456	bei		
5457	der		
5458	Hand		
5459	.		
5460	Wer	843	(mention_id=830|references=(entity=(entity_id=entity_0027|fullname=Wer ein Übel los sein will|gender=u)))
5461	ein		
5462	Übel		
5463	los		
5464	sein		
5465	will		
5466	,		
5467	der	844	(mention_id=831|references=(entity=(entity_id=entity_0027|fullname=Wer ein Übel los sein will|gender=u)))
5468	weiß		
5469	immer		
5470	,		
5471	was		
5472	er	845	(mention_id=832|references=(entity=(entity_id=entity_0027|fullname=Wer ein Übel los sein will|gender=u)))
5473	will		
5474	;		
5475	wer	846	(mention_id=833|references=(entity=(entity_id=generic_0039|fullname=Wer ein Bessers will als er hat|gender=u|specialcase_entity=generic)))
5476	was		
5477	Bessers		
5478	will		
5479	,		
5480	als		
5481	er	847	(mention_id=834|references=(entity=(entity_id=generic_0040|fullname=Wer ein Bessers will als er hat|gender=u|specialcase_entity=generic)))
5482	hat		
5483	,		
5484	der	848	(mention_id=835|references=(entity=(entity_id=generic_0041|fullname=Wer ein Bessers will als er hat|gender=u|specialcase_entity=generic)))
5485	ist		
5486	ganz		
5487	starblind		
5488	–		
5489	Ja		
5490	ja		
5491	!		
5492	lacht		
5493	nur		
5494	–		
5495	er	849	(mention_id=836|references=(entity=(entity_id=generic_0042|fullname=Wer ein Bessers will als er hat|gender=u|specialcase_entity=generic)))
5496	spielt		
5497	Blindekuh		
5498	,		
5499	er	850	(mention_id=837|references=(entity=(entity_id=generic_0043|fullname=Wer ein Bessers will als er hat|gender=u|specialcase_entity=generic)))
5500	ertappts		
5501	vielleicht		
5502	;		
5503	aber		
5504	was		
5505	?		
5506	Tut		
5507	,		
5508	was		
5509	ihr	851	(mention_id=838|references=(entity=(entity_id=entity_0002|fullname=Charlotte|gender=f)),(entity=(entity_id=entity_0001|fullname=Eduard|gender=m)))
5510	wollt		
5511	:		
5512	es		
5513	ist		
5514	ganz		
5515	einerlei		
5516	!		
5517	Nehmt		
5518	die		
5519	Freunde	852	(mention_id=839|references=(entity=(entity_id=entity_0003|fullname=Hauptmann|gender=m|possible_identity_with=entity_0374)),(entity=(entity_id=entity_0006|fullname=Ottilie|gender=f)))
5520	zu		
5521	euch	853	(mention_id=840|references=(entity=(entity_id=entity_0002|fullname=Charlotte|gender=f)),(entity=(entity_id=entity_0001|fullname=Eduard|gender=m)))
5522	,		
5523	laßt		
5524	sie	854	(mention_id=841|references=(entity=(entity_id=entity_0003|fullname=Hauptmann|gender=m|possible_identity_with=entity_0374)),(entity=(entity_id=entity_0006|fullname=Ottilie|gender=f)))
5525	weg		
5526	:		
5527	alles		
5528	einerlei		
5529	!		
5530	Das		
5531	Vernünftigste		
5532	habe		
5533	ich	855	(mention_id=842|references=(entity=(entity_id=entity_0021|fullname=Mittler|gender=m)))
5534	mißlingen		
5535	sehen		
5536	,		
5537	das		
5538	Abgeschmackteste		
5539	gelingen		
5540	.		
5541	Zerbrecht		
5542	euch	856	(mention_id=843|references=(entity=(entity_id=entity_0002|fullname=Charlotte|gender=f)),(entity=(entity_id=entity_0001|fullname=Eduard|gender=m)))
5543	die		
5544	Köpfe		
5545	nicht		
5546	,		
5547	und		
5548	wenns		
5549	auf		
5550	eine		
5551	oder		
5552	die		
5553	andre		
5554	Weise		
5555	übel		
5556	abläuft		
5557	,		
5558	zerbrecht		
5559	sie		
5560	euch	857	(mention_id=844|references=(entity=(entity_id=entity_0002|fullname=Charlotte|gender=f)),(entity=(entity_id=entity_0001|fullname=Eduard|gender=m)))
5561	auch		
5562	nicht		
5563	!		
5564	Schickt		
5565	nur		
5566	nach		
5567	mir	858	(mention_id=845|references=(entity=(entity_id=entity_0021|fullname=Mittler|gender=m)))
5568	,		
5569	und		
5570	euch	859	(mention_id=846|references=(entity=(entity_id=entity_0002|fullname=Charlotte|gender=f)),(entity=(entity_id=entity_0001|fullname=Eduard|gender=m)))
5571	soll		
5572	geholfen		
5573	werden		
5574	.		
5575	Bis		
5576	dahin		
5577	euer	860	(mention_id=847|references=(entity=(entity_id=entity_0002|fullname=Charlotte|gender=f)),(entity=(entity_id=entity_0001|fullname=Eduard|gender=m)))
5578	Diener	861	(mention_id=848|references=(entity=(entity_id=entity_0021|fullname=Mittler|gender=m)))
5579	!		
5580	«		
5581	Und		
5582	so		
5583	schwang		
5584	er	862	(mention_id=849|references=(entity=(entity_id=entity_0021|fullname=Mittler|gender=m)))
5585	sich	863	(mention_id=850|references=(entity=(entity_id=entity_0021|fullname=Mittler|gender=m)))
5586	aufs		
5587	Pferd		
5588	,		
5589	ohne		
5590	den		
5591	Kaffee		
5592	abzuwarten		
5593	.		
5594	»		
5595	Hier		
5596	siehst		
5597	du	864	(mention_id=851|references=(entity=(entity_id=entity_0001|fullname=Eduard|gender=m)))
5598	,		
5599	«		
5600	sagte		
5601	Charlotte	865	(mention_id=852|references=(entity=(entity_id=entity_0002|fullname=Charlotte|gender=f)))
5602	,		
5603	»		
5604	wie		
5605	wenig		
5606	eigentlich		
5607	ein		
5608	Dritter	866	(mention_id=853|references=(entity=(entity_id=entity_0021|fullname=Mittler|gender=m)))
5609	fruchtet		
5610	,		
5611	wenn		
5612	es		
5613	zwischen		
5614	zwei		
5615	nah		
5616	verbundenen		
5617	Personen	867	(mention_id=854|references=(entity=(entity_id=entity_0002|fullname=Charlotte|gender=f)),(entity=(entity_id=entity_0001|fullname=Eduard|gender=m)))
5618	nicht		
5619	ganz		
5620	im		
5621	Gleichgewicht		
5622	steht		
5623	.		
5624	Gegenwärtig		
5625	sind		
5626	wir	868	(mention_id=855|references=(entity=(entity_id=entity_0002|fullname=Charlotte|gender=f)),(entity=(entity_id=entity_0001|fullname=Eduard|gender=m)))
5627	doch		
5628	wohl		
5629	noch		
5630	verworrner		
5631	und		
5632	ungewisser		
5633	,		
5634	wenns		
5635	möglich		
5636	ist		
5637	,		
5638	als		
5639	vorher		
5640	.		
5641	«		
5642	Beide		
5643	Gatten	869	(mention_id=856|references=(entity=(entity_id=entity_0002|fullname=Charlotte|gender=f)),(entity=(entity_id=entity_0001|fullname=Eduard|gender=m)))
5644	würden		
5645	auch		
5646	wohl		
5647	noch		
5648	eine		
5649	Zeitlang		
5650	geschwankt		
5651	haben		
5652	,		
5653	wäre		
5654	nicht		
5655	ein		
5656	Brief		
5657	des		
5658	Hauptmanns	870	(mention_id=857|references=(entity=(entity_id=entity_0003|fullname=Hauptmann|gender=m|possible_identity_with=entity_0374)))
5659	im		
5660	Wechsel		
5661	gegen		
5662	Eduards	871	(mention_id=858|references=(entity=(entity_id=entity_0001|fullname=Eduard|gender=m)))
5663	letzten		
5664	angekommen		
5665	.		
5666	Er	872	(mention_id=859|references=(entity=(entity_id=entity_0003|fullname=Hauptmann|gender=m|possible_identity_with=entity_0374)))
5667	hatte		
5668	sich	873	(mention_id=860|references=(entity=(entity_id=entity_0003|fullname=Hauptmann|gender=m|possible_identity_with=entity_0374)))
5669	entschlossen		
5670	,		
5671	eine		
5672	der		
5673	ihm	874	(mention_id=861|references=(entity=(entity_id=entity_0003|fullname=Hauptmann|gender=m|possible_identity_with=entity_0374)))
5674	angebotenen		
5675	Stellen		
5676	anzunehmen		
5677	,		
5678	ob		
5679	sie		
5680	ihm	875	(mention_id=862|references=(entity=(entity_id=entity_0003|fullname=Hauptmann|gender=m|possible_identity_with=entity_0374)))
5681	gleich		
5682	keineswegs		
5683	gemäß		
5684	war		
5685	.		
5686	Er	876	(mention_id=863|references=(entity=(entity_id=entity_0003|fullname=Hauptmann|gender=m|possible_identity_with=entity_0374)))
5687	sollte		
5688	mit		
5689	vornehmen		
5690	und		
5691	reichen		
5692	Leuten	877	(mention_id=864|references=(entity=(entity_id=entity_0036|fullname=vornehme und reiche Leute|gender=u|borderline_entity=generic|specialcase_entity=group)))
5693	die		
5694	Langeweile		
5695	teilen		
5696	,		
5697	indem		
5698	man		
5699	auf		
5700	ihn	878	(mention_id=865|references=(entity=(entity_id=entity_0003|fullname=Hauptmann|gender=m|possible_identity_with=entity_0374)))
5701	das		
5702	Zutrauen		
5703	setzte		
5704	,		
5705	daß		
5706	er	879	(mention_id=866|references=(entity=(entity_id=entity_0003|fullname=Hauptmann|gender=m|possible_identity_with=entity_0374)))
5707	sie	880	
5708	vertreiben		
5709	würde		
5710	.		
5711	Eduard	881	(mention_id=867|references=(entity=(entity_id=entity_0001|fullname=Eduard|gender=m)))
5712	übersah		
5713	das		
5714	ganze		
5715	Verhältnis		
5716	recht		
5717	deutlich		
5718	und		
5719	malte		
5720	es		
5721	noch		
5722	recht		
5723	scharf		
5724	aus		
5725	.		
5726	»		
5727	Wollen		
5728	wir	882	(mention_id=868|references=(entity=(entity_id=entity_0002|fullname=Charlotte|gender=f)),(entity=(entity_id=entity_0001|fullname=Eduard|gender=m)))
5729	unsern	883	(mention_id=869|references=(entity=(entity_id=entity_0002|fullname=Charlotte|gender=f)),(entity=(entity_id=entity_0001|fullname=Eduard|gender=m)))
5730	Freund	884	(mention_id=870|references=(entity=(entity_id=entity_0003|fullname=Hauptmann|gender=m|possible_identity_with=entity_0374)))
5731	in		
5732	einem		
5733	solchen		
5734	Zustande		
5735	wissen		
5736	?		
5737	«		
5738	rief		
5739	er	885	(mention_id=871|references=(entity=(entity_id=entity_0001|fullname=Eduard|gender=m)))
5740	.		
5741	»		
5742	Du	886	(mention_id=872|references=(entity=(entity_id=entity_0002|fullname=Charlotte|gender=f)))
5743	kannst		
5744	nicht		
5745	so		
5746	grausam		
5747	sein		
5748	,		
5749	Charlotte	887	(mention_id=873|references=(entity=(entity_id=entity_0002|fullname=Charlotte|gender=f)))
5750	!		
5751	«		
5752	»		
5753	Der		
5754	wunderliche		
5755	Mann	888	(mention_id=874|references=(entity=(entity_id=entity_0021|fullname=Mittler|gender=m)))
5756	,		
5757	unser	889	(mention_id=875|references=(entity=(entity_id=entity_0002|fullname=Charlotte|gender=f)),(entity=(entity_id=entity_0001|fullname=Eduard|gender=m)))
5758	Mittler	890	(mention_id=876|references=(entity=(entity_id=entity_0021|fullname=Mittler|gender=m)))
5759	,		
5760	«		
5761	versetzte		
5762	Charlotte	891	(mention_id=877|references=(entity=(entity_id=entity_0002|fullname=Charlotte|gender=f)))
5763	,		
5764	»		
5765	hat		
5766	am		
5767	Ende		
5768	doch		
5769	recht		
5770	.		
5771	Alle		
5772	solche		
5773	Unternehmungen		
5774	sind		
5775	Wagestücke		
5776	.		
5777	Was		
5778	daraus		
5779	werden		
5780	kann		
5781	,		
5782	sieht		
5783	kein		
5784	Mensch		
5785	voraus		
5786	.		
5787	Solche		
5788	neue		
5789	Verhältnisse		
5790	können		
5791	fruchtbar		
5792	sein		
5793	an		
5794	Glück		
5795	und		
5796	an		
5797	Unglück		
5798	,		
5799	ohne		
5800	daß		
5801	wir	892	(mention_id=878|references=(entity=(entity_id=entity_0002|fullname=Charlotte|gender=f)),(entity=(entity_id=entity_0001|fullname=Eduard|gender=m)))
5802	uns	893	(mention_id=879|references=(entity=(entity_id=entity_0002|fullname=Charlotte|gender=f)),(entity=(entity_id=entity_0001|fullname=Eduard|gender=m)))
5803	dabei		
5804	Verdienst		
5805	oder		
5806	Schuld		
5807	sonderlich		
5808	zurechnen		
5809	dürfen		
5810	.		
5811	Ich	894	(mention_id=880|references=(entity=(entity_id=entity_0002|fullname=Charlotte|gender=f)))
5812	fühle		
5813	mich	895	(mention_id=881|references=(entity=(entity_id=entity_0002|fullname=Charlotte|gender=f)))
5814	nicht		
5815	stark		
5816	genug		
5817	,		
5818	dir	896	(mention_id=882|references=(entity=(entity_id=entity_0001|fullname=Eduard|gender=m)))
5819	länger		
5820	zu		
5821	widerstehen		
5822	.		
5823	Laß		
5824	uns	897	(mention_id=883|references=(entity=(entity_id=entity_0002|fullname=Charlotte|gender=f)),(entity=(entity_id=entity_0001|fullname=Eduard|gender=m)))
5825	den		
5826	Versuch		
5827	machen		
5828	!		
5829	Das		
5830	einzige		
5831	,		
5832	was		
5833	ich	898	(mention_id=884|references=(entity=(entity_id=entity_0002|fullname=Charlotte|gender=f)))
5834	dich	899	(mention_id=885|references=(entity=(entity_id=entity_0001|fullname=Eduard|gender=m)))
5835	bitte		
5836	:		
5837	es		
5838	sei		
5839	nur		
5840	auf		
5841	kurze		
5842	Zeit		
5843	angesehen		
5844	.		
5845	Erlaube		
5846	mir	900	(mention_id=886|references=(entity=(entity_id=entity_0002|fullname=Charlotte|gender=f)))
5847	,		
5848	daß		
5849	ich	901	(mention_id=887|references=(entity=(entity_id=entity_0002|fullname=Charlotte|gender=f)))
5850	mich	902	(mention_id=888|references=(entity=(entity_id=entity_0002|fullname=Charlotte|gender=f)))
5851	tätiger		
5852	als		
5853	bisher		
5854	für		
5855	ihn	903	(mention_id=889|references=(entity=(entity_id=entity_0003|fullname=Hauptmann|gender=m|possible_identity_with=entity_0374)))
5856	verwende		
5857	und		
5858	meinen	904	(mention_id=890|references=(entity=(entity_id=entity_0002|fullname=Charlotte|gender=f)))
5859	Einfluß		
5860	,		
5861	meine	905	(mention_id=891|references=(entity=(entity_id=entity_0002|fullname=Charlotte|gender=f)))
5862	Verbindungen		
5863	eifrig		
5864	benutze		
5865	und		
5866	aufrege		
5867	,		
5868	ihm	906	(mention_id=892|references=(entity=(entity_id=entity_0003|fullname=Hauptmann|gender=m|possible_identity_with=entity_0374)))
5869	eine		
5870	Stelle		
5871	zu		
5872	verschaffen		
5873	,		
5874	die		
5875	ihm	907	(mention_id=893|references=(entity=(entity_id=entity_0003|fullname=Hauptmann|gender=m|possible_identity_with=entity_0374)))
5876	nach		
5877	seiner	908	(mention_id=894|references=(entity=(entity_id=entity_0003|fullname=Hauptmann|gender=m|possible_identity_with=entity_0374)))
5878	Weise		
5879	einige		
5880	Zufriedenheit		
5881	gewähren		
5882	kann		
5883	.		
5884	«		
5885	Eduard	909	(mention_id=895|references=(entity=(entity_id=entity_0001|fullname=Eduard|gender=m)))
5886	versicherte		
5887	seine	910	(mention_id=896|references=(entity=(entity_id=entity_0001|fullname=Eduard|gender=m)))
5888	Gattin	911	(mention_id=897|references=(entity=(entity_id=entity_0002|fullname=Charlotte|gender=f)))
5889	auf		
5890	die		
5891	anmutigste		
5892	Weise		
5893	der		
5894	lebhaftesten		
5895	Dankbarkeit		
5896	.		
5897	Er	912	(mention_id=898|references=(entity=(entity_id=entity_0001|fullname=Eduard|gender=m)))
5898	eilte		
5899	mit		
5900	freiem		
5901	,		
5902	frohem		
5903	Gemüt		
5904	,		
5905	seinem	913	(mention_id=899|references=(entity=(entity_id=entity_0001|fullname=Eduard|gender=m)))
5906	Freunde	914	(mention_id=900|references=(entity=(entity_id=entity_0003|fullname=Hauptmann|gender=m|possible_identity_with=entity_0374)))
5907	Vorschläge		
5908	schriftlich		
5909	zu		
5910	tun		
5911	.		
5912	Charlotte	915	(mention_id=901|references=(entity=(entity_id=entity_0002|fullname=Charlotte|gender=f)))
5913	mußte		
5914	in		
5915	einer		
5916	Nachschrift		
5917	ihren	916	(mention_id=902|references=(entity=(entity_id=entity_0002|fullname=Charlotte|gender=f)))
5918	Beifall		
5919	eigenhändig		
5920	hinzufügen		
5921	,		
5922	ihre	917	(mention_id=903|references=(entity=(entity_id=entity_0002|fullname=Charlotte|gender=f)))
5923	freundschaftlichen		
5924	Bitten		
5925	mit		
5926	den		
5927	seinen	918	(mention_id=904|references=(entity=(entity_id=entity_0001|fullname=Eduard|gender=m)))
5928	vereinigen		
5929	.		
5930	Sie	919	(mention_id=905|references=(entity=(entity_id=entity_0002|fullname=Charlotte|gender=f)))
5931	schrieb		
5932	mit		
5933	gewandter		
5934	Feder		
5935	gefällig		
5936	und		
5937	verbindlich		
5938	,		
5939	aber		
5940	doch		
5941	mit		
5942	einer		
5943	Art		
5944	von		
5945	Hast		
5946	,		
5947	die		
5948	ihr	920	(mention_id=906|references=(entity=(entity_id=entity_0002|fullname=Charlotte|gender=f)))
5949	sonst		
5950	nicht		
5951	gewöhnlich		
5952	war		
5953	;		
5954	und		
5955	was		
5956	ihr	921	(mention_id=907|references=(entity=(entity_id=entity_0002|fullname=Charlotte|gender=f)))
5957	nicht		
5958	leicht		
5959	begegnete		
5960	,		
5961	sie	922	(mention_id=908|references=(entity=(entity_id=entity_0002|fullname=Charlotte|gender=f)))
5962	verunstaltete		
5963	das		
5964	Papier		
5965	zuletzt		
5966	mit		
5967	einem		
5968	Tintenfleck		
5969	,		
5970	der		
5971	sie	923	(mention_id=909|references=(entity=(entity_id=entity_0002|fullname=Charlotte|gender=f)))
5972	ärgerlich		
5973	machte		
5974	und		
5975	nur		
5976	größer		
5977	wurde		
5978	,		
5979	indem		
5980	sie	924	(mention_id=910|references=(entity=(entity_id=entity_0002|fullname=Charlotte|gender=f)))
5981	ihn		
5982	wegwischen		
5983	wollte		
5984	.		
5985	Eduard	925	(mention_id=911|references=(entity=(entity_id=entity_0001|fullname=Eduard|gender=m)))
5986	scherzte		
5987	darüber		
5988	,		
5989	und		
5990	weil		
5991	noch		
5992	Platz		
5993	war		
5994	,		
5995	fügte		
5996	er	926	(mention_id=912|references=(entity=(entity_id=entity_0001|fullname=Eduard|gender=m)))
5997	eine		
5998	zweite		
5999	Nachschrift		
6000	hinzu		
6001	:		
6002	der		
6003	Freund	927	(mention_id=913|references=(entity=(entity_id=entity_0003|fullname=Hauptmann|gender=m|possible_identity_with=entity_0374)))
6004	solle		
6005	aus		
6006	diesen		
6007	Zeichen		
6008	die		
6009	Ungeduld		
6010	sehen		
6011	,		
6012	womit		
6013	er	928	(mention_id=914|references=(entity=(entity_id=entity_0003|fullname=Hauptmann|gender=m|possible_identity_with=entity_0374)))
6014	erwartet		
6015	werde		
6016	,		
6017	und		
6018	nach		
6019	der		
6020	Eile		
6021	,		
6022	womit		
6023	der		
6024	Brief		
6025	geschrieben		
6026	,		
6027	die		
6028	Eilfertigkeit		
6029	seiner	929	(mention_id=915|references=(entity=(entity_id=entity_0003|fullname=Hauptmann|gender=m|possible_identity_with=entity_0374)))
6030	Reise		
6031	einrichten		
6032	.		
6033	Der		
6034	Bote	930	(mention_id=916|references=(entity=(entity_id=entity_0030|fullname=Bote|gender=m)))
6035	war		
6036	fort		
6037	,		
6038	und		
6039	Eduard	931	(mention_id=917|references=(entity=(entity_id=entity_0001|fullname=Eduard|gender=m)))
6040	glaubte		
6041	seine	932	(mention_id=918|references=(entity=(entity_id=entity_0001|fullname=Eduard|gender=m)))
6042	Dankbarkeit		
6043	nicht		
6044	überzeugender		
6045	ausdrücken		
6046	zu		
6047	können		
6048	,		
6049	als		
6050	indem		
6051	er	933	(mention_id=919|references=(entity=(entity_id=entity_0001|fullname=Eduard|gender=m)))
6052	aber-		
6053	und		
6054	abermals		
6055	darauf		
6056	bestand		
6057	,		
6058	Charlotte	934	(mention_id=920|references=(entity=(entity_id=entity_0002|fullname=Charlotte|gender=f)))
6059	solle		
6060	zugleich		
6061	Ottilien	935	(mention_id=921|references=(entity=(entity_id=entity_0006|fullname=Ottilie|gender=f)))
6062	aus		
6063	der		
6064	Pension		
6065	holen		
6066	lassen		
6067	.		
6068	Sie	936	(mention_id=922|references=(entity=(entity_id=entity_0002|fullname=Charlotte|gender=f)))
6069	bat		
6070	um		
6071	Aufschub		
6072	und		
6073	wußte		
6074	diesen		
6075	Abend		
6076	bei		
6077	Eduard	937	(mention_id=923|references=(entity=(entity_id=entity_0001|fullname=Eduard|gender=m)))
6078	die		
6079	Lust		
6080	zu		
6081	einer		
6082	musikalischen		
6083	Unterhaltung		
6084	aufzuregen		
6085	.		
6086	Charlotte	938	(mention_id=924|references=(entity=(entity_id=entity_0002|fullname=Charlotte|gender=f)))
6087	spielte		
6088	sehr		
6089	gut		
6090	Klavier		
6091	,		
6092	Eduard	939	(mention_id=925|references=(entity=(entity_id=entity_0001|fullname=Eduard|gender=m)))
6093	nicht		
6094	ebenso		
6095	bequem		
6096	die		
6097	Flöte		
6098	;		
6099	denn		
6100	ob		
6101	er	940	(mention_id=926|references=(entity=(entity_id=entity_0001|fullname=Eduard|gender=m)))
6102	sich	941	(mention_id=927|references=(entity=(entity_id=entity_0001|fullname=Eduard|gender=m)))
6103	gleich		
6104	zuzeiten		
6105	viel		
6106	Mühe		
6107	gegeben		
6108	hatte		
6109	,		
6110	so		
6111	war		
6112	ihm	942	(mention_id=928|references=(entity=(entity_id=entity_0001|fullname=Eduard|gender=m)))
6113	doch		
6114	nicht		
6115	die		
6116	Geduld		
6117	,		
6118	die		
6119	Ausdauer		
6120	verliehen		
6121	,		
6122	die		
6123	zur		
6124	Ausbildung		
6125	eines		
6126	solchen		
6127	Talentes		
6128	gehört		
6129	.		
6130	Er	943	(mention_id=929|references=(entity=(entity_id=entity_0001|fullname=Eduard|gender=m)))
6131	führte		
6132	deshalb		
6133	seine	944	(mention_id=930|references=(entity=(entity_id=entity_0001|fullname=Eduard|gender=m)))
6134	Partie		
6135	sehr		
6136	ungleich		
6137	aus		
6138	,		
6139	einige		
6140	Stellen		
6141	gut		
6142	,		
6143	nur		
6144	vielleicht		
6145	zu		
6146	geschwind		
6147	;		
6148	bei		
6149	andern		
6150	wieder		
6151	hielt		
6152	er	945	(mention_id=931|references=(entity=(entity_id=entity_0001|fullname=Eduard|gender=m)))
6153	an		
6154	,		
6155	weil		
6156	sie		
6157	ihm	946	(mention_id=932|references=(entity=(entity_id=entity_0001|fullname=Eduard|gender=m)))
6158	nicht		
6159	geläufig		
6160	waren		
6161	,		
6162	und		
6163	so		
6164	wär		
6165	es		
6166	für		
6167	jeden	947	
6168	andern	948	
6169	schwer		
6170	gewesen		
6171	,		
6172	ein		
6173	Duett		
6174	mit		
6175	ihm	949	(mention_id=933|references=(entity=(entity_id=entity_0001|fullname=Eduard|gender=m)))
6176	durchzubringen		
6177	.		
6178	Aber		
6179	Charlotte	950	(mention_id=934|references=(entity=(entity_id=entity_0002|fullname=Charlotte|gender=f)))
6180	wußte		
6181	sich	951	(mention_id=935|references=(entity=(entity_id=entity_0002|fullname=Charlotte|gender=f)))
6182	darein		
6183	zu		
6184	finden		
6185	;		
6186	sie	952	(mention_id=936|references=(entity=(entity_id=entity_0002|fullname=Charlotte|gender=f)))
6187	hielt		
6188	an		
6189	und		
6190	ließ		
6191	sich	953	(mention_id=937|references=(entity=(entity_id=entity_0002|fullname=Charlotte|gender=f)))
6192	wieder		
6193	von		
6194	ihm	954	(mention_id=938|references=(entity=(entity_id=entity_0001|fullname=Eduard|gender=m)))
6195	fortreißen		
6196	und		
6197	versah		
6198	also		
6199	die		
6200	doppelte		
6201	Pflicht		
6202	eines		
6203	guten		
6204	Kapellmeisters	955	(mention_id=939|references=(entity=(entity_id=entity_0002|fullname=Charlotte|gender=f)))
6205	und		
6206	einer		
6207	klugen		
6208	Hausfrau	956	(mention_id=940|references=(entity=(entity_id=entity_0002|fullname=Charlotte|gender=f)))
6209	,		
6210	die	957	(mention_id=941|references=(entity=(entity_id=entity_0002|fullname=Charlotte|gender=f)))
6211	im		
6212	ganzen		
6213	immer		
6214	das		
6215	Maß		
6216	zu		
6217	erhalten		
6218	wissen		
6219	,		
6220	wenn		
6221	auch		
6222	die		
6223	einzelnen		
6224	Passagen		
6225	nicht		
6226	immer		
6227	im		
6228	Takt		
6229	bleiben		
6230	sollten		
6231	.		
