i	token	mention	gold
55911	13.		
55912	Mit		
55913	leisen		
55914	Schritten		
55915	wandelte		
55916	der		
55917	Sommer		
55918	über		
55919	das		
55920	Land		
55921	.		
55922	Gelb		
55923	bogen		
55924	sich		
55925	die		
55926	Ährenfelder		
55927	unter		
55928	dem		
55929	warmen		
55930	Winde		
55931	,		
55932	und		
55933	leergepflückt		
55934	standen		
55935	die		
55936	Kirschbäume		
55937	auf		
55938	dem		
55939	Anger		
55940	und		
55941	längs		
55942	der		
55943	Chausseen		
55944	.		
55945	Wolkenlos		
55946	blaute		
55947	der		
55948	Himmel		
55949	,		
55950	und		
55951	in		
55952	Niendorf		
55953	wurde		
55954	das		
55955	erste		
55956	Korn		
55957	eingefahren		
55958	.		
55959	Aus		
55960	der		
55961	Stadt		
55962	war		
55963	man		
55964	in		
55965	die		
55966	Bäder		
55967	geflüchtet		
55968	oder		
55969	in		
55970	die		
55971	kühlen		
55972	Bergtäler		
55973	.		
55974	Das		
55975	Erkerhaus		
55976	am		
55977	Markte		
55978	zeigte		
55979	von		
55980	oben		
55981	bis		
55982	unten		
55983	verhangene		
55984	Fenster		
55985	.		
55986	Frau	7942	(mention_id=7922|references=(entity=(entity_id=entity_0005|fullname=Ottilie Baumhagen|gender=f)))
55987	Baumhagen	7942	(mention_id=7922|references=(entity=(entity_id=entity_0005|fullname=Ottilie Baumhagen|gender=f)))
55988	weilte		
55989	in		
55990	der		
55991	Schweiz		
55992	,		
55993	Herr	7943	(mention_id=7923|references=(entity=(entity_id=entity_0007|fullname=Artur Fredrich|gender=m)))
55994	und		
55995	Frau	7944	(mention_id=7924|references=(entity=(entity_id=entity_0006|fullname=Jenny Fredrich, geb. Baumhagen|gender=f)))
55996	Fredrich	7944	(mention_id=7924|references=(entity=(entity_id=entity_0006|fullname=Jenny Fredrich, geb. Baumhagen|gender=f)))
55997	in		
55998	Baden-Baden		
55999	,		
56000	Onkel	7945	(mention_id=7925|references=(entity=(entity_id=entity_0008|fullname=Onkel Heinrich|gender=m)))
56001	Heinrich	7945	(mention_id=7925|references=(entity=(entity_id=entity_0008|fullname=Onkel Heinrich|gender=m)))
56002	war		
56003	nach		
56004	Helgoland		
56005	ausgewandert		
56006	,		
56007	weil		
56008	doch		
56009	nirgends		
56010	das		
56011	Frühstück		
56012	so		
56013	gut		
56014	schmeckt		
56015	,		
56016	wie		
56017	auf		
56018	der		
56019	Badedüne		
56020	der		
56021	Felseninsel		
56022	.		
56023	Nur		
56024	jene	7946	
56025	beiden	7947	(mention_id=7926|references=(entity=(entity_id=entity_0004|fullname=Gertrud Baumhagen|gender=f)),(entity=(entity_id=entity_0001|fullname=Franz Linden|gender=m)))
56026	saßen		
56027	still		
56028	in		
56029	ihren	7948	(mention_id=7927|references=(entity=(entity_id=entity_0004|fullname=Gertrud Baumhagen|gender=f)),(entity=(entity_id=entity_0001|fullname=Franz Linden|gender=m)))
56030	Nestern		
56031	.		
56032	Ein		
56033	kleines		
56034	Stückchen		
56035	Wald		
56036	und		
56037	Feld		
56038	trennte		
56039	sie	7949	(mention_id=7928|references=(entity=(entity_id=entity_0004|fullname=Gertrud Baumhagen|gender=f)),(entity=(entity_id=entity_0001|fullname=Franz Linden|gender=m)))
56040	,		
56041	aber		
56042	sie	7950	(mention_id=7929|references=(entity=(entity_id=entity_0004|fullname=Gertrud Baumhagen|gender=f)),(entity=(entity_id=entity_0001|fullname=Franz Linden|gender=m)))
56043	konnten		
56044	sich	7951	(mention_id=7930|references=(entity=(entity_id=entity_0004|fullname=Gertrud Baumhagen|gender=f)),(entity=(entity_id=entity_0001|fullname=Franz Linden|gender=m)))
56045	nicht		
56046	ferner		
56047	sein		
56048	,		
56049	hätte		
56050	zwischen		
56051	ihnen	7952	(mention_id=7931|references=(entity=(entity_id=entity_0004|fullname=Gertrud Baumhagen|gender=f)),(entity=(entity_id=entity_0001|fullname=Franz Linden|gender=m)))
56052	der		
56053	Ozean		
56054	gewogt		
56055	.		
56056	Es		
56057	gab		
56058	kein		
56059	Hinüber		
56060	!		
56061	In		
56062	Niendorf		
56063	ging		
56064	es		
56065	laut		
56066	her		
56067	,		
56068	ungeordnet		
56069	und		
56070	unregelmäßig		
56071	.		
56072	Woher		
56073	auch		
56074	sollte		
56075	Fräulein	7953	(mention_id=7932|references=(entity=(entity_id=entity_0021|fullname=Adelheid Strom|gender=f)))
56076	Adelheid	7953	(mention_id=7932|references=(entity=(entity_id=entity_0021|fullname=Adelheid Strom|gender=f)))
56077	das		
56078	Getriebe		
56079	einer		
56080	Landwirtschaft		
56081	verstehen		
56082	?		
56083	Sie	7954	(mention_id=7933|references=(entity=(entity_id=entity_0021|fullname=Adelheid Strom|gender=f)))
56084	war		
56085	den		
56086	ganzen		
56087	Tag		
56088	auf		
56089	den		
56090	Füßen		
56091	,		
56092	sie	7955	(mention_id=7934|references=(entity=(entity_id=entity_0021|fullname=Adelheid Strom|gender=f)))
56093	machte		
56094	hundert		
56095	unnütze		
56096	Wege		
56097	und		
56098	abends		
56099	klagte		
56100	sie	7956	(mention_id=7935|references=(entity=(entity_id=entity_0021|fullname=Adelheid Strom|gender=f)))
56101	,		
56102	daß		
56103	die		
56104	zwei		
56105	zierlichen		
56106	Dingerchen		
56107	in		
56108	den		
56109	spitzen		
56110	Hackenschuhen		
56111	ihr	7957	(mention_id=7936|references=(entity=(entity_id=entity_0021|fullname=Adelheid Strom|gender=f)))
56112	so		
56113	weh		
56114	täten		
56115	,		
56116	und		
56117	daß		
56118	die		
56119	Mädchen	7958	(mention_id=7937|references=(entity=(entity_id=entity_0307|fullname=Hausmädchen Niendorf|gender=f|members=entity_0305|all_members_given=False|specialcase_entity=group)))
56120	keinen		
56121	Respekt		
56122	vor		
56123	ihr	7959	(mention_id=7938|references=(entity=(entity_id=entity_0021|fullname=Adelheid Strom|gender=f)))
56124	hätten		
56125	.		
56126	–		
56127	Tante	7960	(mention_id=7939|references=(entity=(entity_id=entity_0011|fullname=Rosalie Kruse|gender=f)))
56128	Rosa	7960	(mention_id=7939|references=(entity=(entity_id=entity_0011|fullname=Rosalie Kruse|gender=f)))
56129	war		
56130	schlechter		
56131	Laune		
56132	,		
56133	sie	7961	(mention_id=7940|references=(entity=(entity_id=entity_0011|fullname=Rosalie Kruse|gender=f)))
56134	sah		
56135	sich	7962	(mention_id=7941|references=(entity=(entity_id=entity_0011|fullname=Rosalie Kruse|gender=f)))
56136	auf		
56137	ihre	7963	(mention_id=7942|references=(entity=(entity_id=entity_0011|fullname=Rosalie Kruse|gender=f)))
56138	alten		
56139	Tage		
56140	dazu		
56141	verurteilt		
56142	,		
56143	das		
56144	Amt		
56145	einer		
56146	Ehrendame	7964	(mention_id=7943|references=(entity=(entity_id=entity_0011|fullname=Rosalie Kruse|gender=f)))
56147	zu		
56148	üben		
56149	.		
56150	Fräulein	7965	(mention_id=7944|references=(entity=(entity_id=entity_0021|fullname=Adelheid Strom|gender=f)))
56151	Adelheid	7965	(mention_id=7944|references=(entity=(entity_id=entity_0021|fullname=Adelheid Strom|gender=f)))
56152	konnte		
56153	doch		
56154	unmöglich		
56155	mit		
56156	Linden	7966	(mention_id=7945|references=(entity=(entity_id=entity_0001|fullname=Franz Linden|gender=m)))
56157	allein		
56158	zu		
56159	Mittag		
56160	und		
56161	zu		
56162	Abend		
56163	speisen		
56164	,		
56165	und		
56166	sie	7967	(mention_id=7946|references=(entity=(entity_id=entity_0011|fullname=Rosalie Kruse|gender=f)))
56167	durfte		
56168	auch		
56169	nicht		
56170	fehlen		
56171	bei		
56172	Tische		
56173	.		
56174	Also		
56175	stülpte		
56176	sich	7968	(mention_id=7947|references=(entity=(entity_id=entity_0011|fullname=Rosalie Kruse|gender=f)))
56177	die		
56178	alte		
56179	Dame	7969	(mention_id=7948|references=(entity=(entity_id=entity_0011|fullname=Rosalie Kruse|gender=f)))
56180	jeden		
56181	Tag		
56182	um		
56183	die		
56184	zwölfte		
56185	Stunde		
56186	ihre	7970	(mention_id=7949|references=(entity=(entity_id=entity_0011|fullname=Rosalie Kruse|gender=f)))
56187	Sonntagshaube		
56188	auf		
56189	und		
56190	saß		
56191	,		
56192	wie		
56193	ein		
56194	Häufchen		
56195	Unglück		
56196	,		
56197	neben		
56198	Linden	7971	(mention_id=7950|references=(entity=(entity_id=entity_0001|fullname=Franz Linden|gender=m)))
56199	auf		
56200	Trudchens	7972	(mention_id=7951|references=(entity=(entity_id=entity_0004|fullname=Gertrud Baumhagen|gender=f)))
56201	leerem		
56202	Platz		
56203	.		
56204	Es		
56205	waren		
56206	verzweifelt		
56207	traurige		
56208	Mahlzeiten		
56209	.		
56210	Nach		
56211	und		
56212	nach		
56213	verstummte		
56214	auch		
56215	Heidchen	7973	(mention_id=7952|references=(entity=(entity_id=entity_0021|fullname=Adelheid Strom|gender=f)))
56216	,		
56217	eine		
56218	Antwort		
56219	bekam		
56220	sie	7974	(mention_id=7953|references=(entity=(entity_id=entity_0021|fullname=Adelheid Strom|gender=f)))
56221	ja		
56222	nur		
56223	in		
56224	den		
56225	seltensten		
56226	Fällen		
56227	auf		
56228	ihr	7975	(mention_id=7954|references=(entity=(entity_id=entity_0021|fullname=Adelheid Strom|gender=f)))
56229	Geplauder		
56230	.		
56231	So		
56232	aß		
56233	man	7976	(mention_id=7955|references=(entity=(entity_id=entity_0021|fullname=Adelheid Strom|gender=f)),(entity=(entity_id=entity_0001|fullname=Franz Linden|gender=m)),(entity=(entity_id=entity_0011|fullname=Rosalie Kruse|gender=f)))
56234	schweigend		
56235	und		
56236	trennte		
56237	sich	7977	(mention_id=7956|references=(entity=(entity_id=entity_0021|fullname=Adelheid Strom|gender=f)),(entity=(entity_id=entity_0001|fullname=Franz Linden|gender=m)),(entity=(entity_id=entity_0011|fullname=Rosalie Kruse|gender=f)))
56238	so		
56239	rasch		
56240	wie		
56241	möglich		
56242	,		
56243	nachdem		
56244	»		
56245	Gesegnete		
56246	Mahlzeit		
56247	!		
56248	«		
56249	gesprochen		
56250	war		
56251	.		
56252	Aber		
56253	Franz	7978	(mention_id=7957|references=(entity=(entity_id=entity_0001|fullname=Franz Linden|gender=m)))
56254	hatte		
56255	doch		
56256	wenigstens		
56257	noch		
56258	Arbeit		
56259	,		
56260	er	7979	(mention_id=7958|references=(entity=(entity_id=entity_0001|fullname=Franz Linden|gender=m)))
56261	konnte		
56262	nicht		
56263	immer		
56264	denken		
56265	und		
56266	grübeln		
56267	,		
56268	das		
56269	kam		
56270	abends		
56271	erst		
56272	im		
56273	stillen		
56274	Zimmer		
56275	,		
56276	wenn		
56277	er	7980	(mention_id=7959|references=(entity=(entity_id=entity_0001|fullname=Franz Linden|gender=m)))
56278	auf		
56279	die		
56280	festgeschlossene		
56281	Tür		
56282	blickte		
56283	,		
56284	die		
56285	in		
56286	Trudchens	7981	(mention_id=7960|references=(entity=(entity_id=entity_0004|fullname=Gertrud Baumhagen|gender=f)))
56287	Stübchen		
56288	führte		
56289	,		
56290	das		
56291	kam		
56292	,		
56293	wenn		
56294	unten		
56295	die		
56296	Stimme		
56297	der		
56298	kleinen		
56299	,		
56300	schwarzen		
56301	Adelheid	7982	(mention_id=7961|references=(entity=(entity_id=entity_0021|fullname=Adelheid Strom|gender=f)))
56302	allerlei		
56303	schwermütige		
56304	Lieder		
56305	sang		
56306	,		
56307	von		
56308	Liebe		
56309	und		
56310	Sehnsucht		
56311	.		
56312	Und		
56313	wenn		
56314	es		
56315	um		
56316	Mitternacht		
56317	ganz		
56318	still		
56319	wurde		
56320	,		
56321	wenn		
56322	alles		
56323	schlief		
56324	in		
56325	Haus		
56326	und		
56327	Hof		
56328	und		
56329	nur		
56330	noch		
56331	ein		
56332	verlorener		
56333	Hundeblaff		
56334	vom		
56335	Dorf		
56336	herüberschallte		
56337	,		
56338	da		
56339	wanderte		
56340	er	7983	(mention_id=7962|references=(entity=(entity_id=entity_0001|fullname=Franz Linden|gender=m)))
56341	im		
56342	Zimmer		
56343	auf		
56344	und		
56345	ab		
56346	,		
56347	bis		
56348	die		
56349	Lampe		
56350	trübe		
56351	wurde		
56352	und		
56353	erlosch		
56354	,		
56355	und		
56356	selbst		
56357	dann		
56358	noch		
56359	.		
56360	Er	7984	(mention_id=7963|references=(entity=(entity_id=entity_0001|fullname=Franz Linden|gender=m)))
56361	wartete		
56362	nicht		
56363	mehr		
56364	auf		
56365	ihr	7985	(mention_id=7964|references=(entity=(entity_id=entity_0004|fullname=Gertrud Baumhagen|gender=f)))
56366	Kommen		
56367	.		
56368	Tage-		
56369	,		
56370	wochenlang		
56371	hatte		
56372	er	7986	(mention_id=7965|references=(entity=(entity_id=entity_0001|fullname=Franz Linden|gender=m)))
56373	es		
56374	getan		
56375	.		
56376	Anfangs		
56377	war		
56378	er	7987	(mention_id=7966|references=(entity=(entity_id=entity_0001|fullname=Franz Linden|gender=m)))
56379	in		
56380	verzehrender		
56381	Sehnsucht		
56382	bis		
56383	an		
56384	die		
56385	Mauern		
56386	ihres	7988	(mention_id=7967|references=(entity=(entity_id=entity_0004|fullname=Gertrud Baumhagen|gender=f)))
56387	Gartens		
56388	geschritten		
56389	.		
56390	Er	7989	(mention_id=7968|references=(entity=(entity_id=entity_0001|fullname=Franz Linden|gender=m)))
56391	wollte		
56392	da		
56393	sein		
56394	,		
56395	wenn		
56396	sie	7990	(mention_id=7969|references=(entity=(entity_id=entity_0004|fullname=Gertrud Baumhagen|gender=f)))
56397	hinaustrat		
56398	aus		
56399	der		
56400	Pforte		
56401	,		
56402	beim		
56403	ersten		
56404	Schritt		
56405	schon		
56406	wollte		
56407	er	7991	(mention_id=7970|references=(entity=(entity_id=entity_0001|fullname=Franz Linden|gender=m)))
56408	ihr	7992	(mention_id=7971|references=(entity=(entity_id=entity_0004|fullname=Gertrud Baumhagen|gender=f)))
56409	entgegentreten		
56410	.		
56411	Es		
56412	war		
56413	umsonst		
56414	,		
56415	sie	7993	(mention_id=7972|references=(entity=(entity_id=entity_0004|fullname=Gertrud Baumhagen|gender=f)))
56416	kam		
56417	nicht		
56418	.		
56419	Einmal		
56420	hatte		
56421	ihn	7994	(mention_id=7973|references=(entity=(entity_id=entity_0001|fullname=Franz Linden|gender=m)))
56422	das		
56423	Gesinde	7995	(mention_id=7974|references=(entity=(entity_id=entity_0302|fullname=Gesinde Niendorfs|gender=mf|members=entity_0223,entity_0288,entity_0307|all_members_given=True|specialcase_entity=group)))
56424	mit		
56425	seltsam		
56426	geröteten		
56427	Augen		
56428	gesehen		
56429	.		
56430	»		
56431	Der		
56432	Herr	7996	(mention_id=7975|references=(entity=(entity_id=entity_0001|fullname=Franz Linden|gender=m)))
56433	weint		
56434	nach		
56435	der		
56436	Frau	7997	(mention_id=7976|references=(entity=(entity_id=entity_0004|fullname=Gertrud Baumhagen|gender=f)))
56437	«		
56438	,		
56439	war		
56440	scheu		
56441	die		
56442	Rede		
56443	gegangen		
56444	in		
56445	der		
56446	Küche		
56447	.		
56448	»		
56449	Warum		
56450	holt		
56451	er	7998	(mention_id=7977|references=(entity=(entity_id=entity_0001|fullname=Franz Linden|gender=m)))
56452	sie	7999	(mention_id=7978|references=(entity=(entity_id=entity_0004|fullname=Gertrud Baumhagen|gender=f)))
56453	sich	8000	
56454	nicht		
56455	?		
56456	«		
56457	meinte		
56458	der		
56459	Kutscher	8001	(mention_id=7979|references=(entity=(entity_id=entity_0288|fullname=Kutscher Borrmann|gender=m)))
56460	,		
56461	»		
56462	ich	8002	(mention_id=7980|references=(entity=(entity_id=entity_0288|fullname=Kutscher Borrmann|gender=m)))
56463	würde		
56464	keine		
56465	Träne		
56466	vergießen		
56467	,		
56468	wüßte		
56469	schon		
56470	,		
56471	wie		
56472	ich	8003	(mention_id=7981|references=(entity=(entity_id=entity_0288|fullname=Kutscher Borrmann|gender=m)))
56473	solch		
56474	hübschen		
56475	Trotzkopf	8004	(mention_id=7982|references=(entity=(entity_id=entity_0004|fullname=Gertrud Baumhagen|gender=f)|specialcase_reference=part))
56476	kriegen		
56477	tät		
56478	!		
56479	«		
56480	und		
56481	er	8005	
56482	machte		
56483	eine		
56484	nicht		
56485	mißzuverstehende		
56486	Gebärde		
56487	.		
56488	»		
56489	Grobian		(mention_id=7983|references=(entity=(entity_id=entity_0304|fullname=Kutscher|gender=m)))
56490	!		
56491	«		
56492	erklärte		
56493	das		
56494	Hausmädchen	8006	(mention_id=7984|references=(entity=(entity_id=entity_0305|fullname=Hausmädchen Lindens|gender=f)))
56495	wegwerfend		
56496	,		
56497	und		
56498	das		
56499	ganze		
56500	weibliche		
56501	Personal	8007	(mention_id=7985|references=(entity=(entity_id=entity_0312|fullname=weibliches Personal Niendorfs|gender=f|members=entity_0307|all_members_given=False|specialcase_entity=group)))
56502	wandte		
56503	ihm	8008	(mention_id=7986|references=(entity=(entity_id=entity_0288|fullname=Kutscher Borrmann|gender=m)))
56504	den		
56505	Rücken		
56506	.		
56507	Ach		
56508	,		
56509	und		
56510	es		
56511	war		
56512	ein		
56513	Erntejahr		
56514	,		
56515	wie		
56516	seit		
56517	langer		
56518	Zeit		
56519	nicht		
56520	,		
56521	die		
56522	Scheuern		
56523	faßten		
56524	kaum		
56525	den		
56526	Gottessegen		
56527	.		
56528	Von		
56529	den		
56530	Wiesen		
56531	kam		
56532	der		
56533	Duft		
56534	des		
56535	Heues		
56536	herüber		
56537	und		
56538	vermischte		
56539	sich		
56540	mit		
56541	den		
56542	tausend		
56543	Zentifolien		
56544	im		
56545	Garten		
56546	.		
56547	Auf		
56548	dem		
56549	Hofe		
56550	blühte		
56551	die		
56552	große		
56553	Linde		
56554	,		
56555	und		
56556	eine		
56557	Legion		
56558	kleiner		
56559	,		
56560	goldgelber		
56561	Kücken		
56562	ließ		
56563	sich		
56564	von		
56565	der		
56566	Frau	8009	
56567	Mutter	8009	
56568	spazierenführen		
56569	.		
56570	Droben		
56571	im		
56572	Storchnest		
56573	auf		
56574	der		
56575	Scheune		
56576	wuchsen		
56577	die		
56578	Jungen	8010	
56579	heran		
56580	.		
56581	Wie		
56582	eingesponnen		
56583	lag		
56584	das		
56585	alte		
56586	,		
56587	traute		
56588	Haus		
56589	im		
56590	üppigen		
56591	Grün		
56592	.		
56593	Die		
56594	Waldreben		
56595	krochen		
56596	hinauf		
56597	zu		
56598	den		
56599	Fenstern		
56600	und		
56601	sahen		
56602	ins		
56603	leere		
56604	Zimmer		
56605	,		
56606	und		
56607	die		
56608	Schwalben		
56609	,		
56610	die		
56611	unter		
56612	dem		
56613	Dache		
56614	bauten		
56615	,		
56616	erzählten		
56617	in		
56618	Stadt		
56619	und		
56620	Land		
56621	umher		
56622	:		
56623	»		
56624	Sie	8011	(mention_id=7987|references=(entity=(entity_id=entity_0004|fullname=Gertrud Baumhagen|gender=f)))
56625	ist		
56626	fort		
56627	von		
56628	ihm	8012	(mention_id=7988|references=(entity=(entity_id=entity_0001|fullname=Franz Linden|gender=m)))
56629	!		
56630	Sie	8013	(mention_id=7989|references=(entity=(entity_id=entity_0004|fullname=Gertrud Baumhagen|gender=f)))
56631	ist		
56632	fort		
56633	von		
56634	ihm	8014	(mention_id=7990|references=(entity=(entity_id=entity_0001|fullname=Franz Linden|gender=m)))
56635	!		
56636	«		
56637	Ja		
56638	,		
56639	man		
56640	wußte		
56641	sie		
56642	überall		
56643	,		
56644	die		
56645	traurige		
56646	Mär		
56647	:		
56648	Trudchen	8015	(mention_id=7991|references=(entity=(entity_id=entity_0004|fullname=Gertrud Baumhagen|gender=f)))
56649	Baumhagen	8015	(mention_id=7991|references=(entity=(entity_id=entity_0004|fullname=Gertrud Baumhagen|gender=f)))
56650	hat		
56651	sich	8016	(mention_id=7992|references=(entity=(entity_id=entity_0004|fullname=Gertrud Baumhagen|gender=f)))
56652	von		
56653	ihrem	8017	(mention_id=7993|references=(entity=(entity_id=entity_0004|fullname=Gertrud Baumhagen|gender=f)))
56654	Mann	8018	(mention_id=7994|references=(entity=(entity_id=entity_0001|fullname=Franz Linden|gender=m)))
56655	getrennt		
56656	.		
56657	In		
56658	den		
56659	Kaffeegesellschaften		
56660	erzählte		
56661	es		
56662	flüsternd		
56663	eine	8019	(mention_id=7995|references=(entity=(entity_id=entity_0301|fullname=Kaffeegesellschaftsteilnehmerin|gender=f)))
56664	der		
56665	andern	8020	(mention_id=7996|references=(entity=(entity_id=entity_0301|fullname=Kaffeegesellschaftsteilnehmerin|gender=f)))
56666	,		
56667	auf		
56668	der		
56669	Kegelbahn		
56670	und		
56671	am		
56672	Stammtisch		
56673	sprach		
56674	man	8021	(mention_id=7997|references=(entity=(entity_id=entity_0309|fullname=Stammtischler|gender=m|specialcase_entity=group)))
56675	davon		
56676	,		
56677	und		
56678	an		
56679	der		
56680	Table		
56681	d'hote		
56682	im		
56683	»		
56684	Deutschen		
56685	Hause		
56686	«		
56687	war		
56688	es		
56689	die		
56690	stehende		
56691	Unterhaltung		
56692	.		
56693	Genau		
56694	wußte		
56695	man		
56696	ja		
56697	nicht		
56698	,		
56699	weshalb		
56700	?		
56701	Tausend		
56702	Vermutungen		
56703	der		
56704	wunderbarsten		
56705	Art		
56706	wurden		
56707	laut		
56708	:		
56709	»		
56710	Er	8022	(mention_id=7998|references=(entity=(entity_id=entity_0001|fullname=Franz Linden|gender=m)))
56711	habe		
56712	etwas		
56713	gar		
56714	zu		
56715	willkürlich		
56716	über		
56717	die		
56718	Mitgift		
56719	der		
56720	Frau	8023	(mention_id=7999|references=(entity=(entity_id=entity_0004|fullname=Gertrud Baumhagen|gender=f)))
56721	verfügt		
56722	.		
56723	«		
56724	»		
56725	Sie	8024	(mention_id=8000|references=(entity=(entity_id=entity_0004|fullname=Gertrud Baumhagen|gender=f)))
56726	sei		
56727	davongegangen		
56728	,		
56729	weil		
56730	er	8025	(mention_id=8001|references=(entity=(entity_id=entity_0001|fullname=Franz Linden|gender=m)))
56731	in		
56732	bodenloser		
56733	Heftigkeit		
56734	die		
56735	Hand		
56736	gegen		
56737	sie	8026	(mention_id=8002|references=(entity=(entity_id=entity_0004|fullname=Gertrud Baumhagen|gender=f)))
56738	erhoben		
56739	habe		
56740	.		
56741	«		
56742	»		
56743	Die		
56744	Schwiegermutter	8027	(mention_id=8003|references=(entity=(entity_id=entity_0005|fullname=Ottilie Baumhagen|gender=f)))
56745	habe		
56746	etwas		
56747	dazwischen		
56748	gebracht		
56749	.		
56750	«		
56751	»		
56752	Gott		(mention_id=8004|references=(entity=(entity_id=entity_0019|fullname=Gott|gender=u|specialcase_entity=nonfact)))
56753	behüte		
56754	!		
56755	Sie	8028	(mention_id=8005|references=(entity=(entity_id=entity_0004|fullname=Gertrud Baumhagen|gender=f)))
56756	ist		
56757	eifersüchtig		
56758	–		
56759	da		
56760	soll		
56761	eine		
56762	kleine		
56763	,		
56764	schwarze		
56765	Cousine	8029	(mention_id=8006|references=(entity=(entity_id=entity_0021|fullname=Adelheid Strom|gender=f)))
56766	im		
56767	Hause		
56768	sein		
56769	.		
56770	«		
56771	»		
56772	Nicht		
56773	doch		
56774	!		
56775	Die		
56776	junge		
56777	Frau	8030	(mention_id=8007|references=(entity=(entity_id=entity_0004|fullname=Gertrud Baumhagen|gender=f)))
56778	ist		
56779	dahinter		
56780	gekommen		
56781	,		
56782	daß		
56783	er	8031	(mention_id=8008|references=(entity=(entity_id=entity_0001|fullname=Franz Linden|gender=m)))
56784	beim		
56785	Freien		
56786	um		
56787	sie	8032	(mention_id=8009|references=(entity=(entity_id=entity_0004|fullname=Gertrud Baumhagen|gender=f)))
56788	eine		
56789	›		
56790	Vermittlung		
56791	‹		
56792	zu		
56793	Hilfe		
56794	nahm		
56795	;		
56796	auf		
56797	diesem		
56798	nicht		
56799	mehr		
56800	ungewöhnlichen		
56801	Wege		
56802	.		
56803	«		
56804	»		
56805	Ah		
56806	bah		
56807	!		
56808	Darum		
56809	läuft		
56810	ein		
56811	Weib	8033	(mention_id=8010|references=(entity=(entity_id=entity_0004|fullname=Gertrud Baumhagen|gender=f)))
56812	nicht		
56813	davon		
56814	!		
56815	«		
56816	»		
56817	Alle		
56818	Wetter		
56819	,		
56820	da		
56821	kennen		
56822	Sie	8034	
56823	Trudchen	8035	(mention_id=8011|references=(entity=(entity_id=entity_0004|fullname=Gertrud Baumhagen|gender=f)))
56824	Baumhagen	8035	(mention_id=8011|references=(entity=(entity_id=entity_0004|fullname=Gertrud Baumhagen|gender=f)))
56825	schlecht		
56826	.		
56827	Tatsache		
56828	ist's		
56829	,		
56830	sie	8036	(mention_id=8012|references=(entity=(entity_id=entity_0004|fullname=Gertrud Baumhagen|gender=f)))
56831	ist		
56832	fort		
56833	von		
56834	ihm	8037	(mention_id=8013|references=(entity=(entity_id=entity_0001|fullname=Franz Linden|gender=m)))
56835	.		
56836	«		
56837	Ja		
56838	,		
56839	Tatsache		
56840	war		
56841	es		
56842	!		
56843	Und		
56844	Trudchen	8038	(mention_id=8014|references=(entity=(entity_id=entity_0004|fullname=Gertrud Baumhagen|gender=f)))
56845	saß		
56846	in		
56847	ihrem	8039	(mention_id=8015|references=(entity=(entity_id=entity_0004|fullname=Gertrud Baumhagen|gender=f)))
56848	einsamen		
56849	Hause		
56850	,		
56851	in		
56852	ihrem	8040	(mention_id=8016|references=(entity=(entity_id=entity_0004|fullname=Gertrud Baumhagen|gender=f)))
56853	wunderlich		
56854	stillen		
56855	düsteren		
56856	Zimmer		
56857	wie		
56858	eine		
56859	Lebendigbegrabene	8041	(mention_id=8017|references=(entity=(entity_id=entity_0004|fullname=Gertrud Baumhagen|gender=f)))
56860	.		
56861	Sie	8042	(mention_id=8018|references=(entity=(entity_id=entity_0004|fullname=Gertrud Baumhagen|gender=f)))
56862	las		
56863	auch		
56864	nicht		
56865	mehr		
56866	.		
56867	Es		
56868	war		
56869	,		
56870	als		
56871	ob		
56872	sie	8043	(mention_id=8019|references=(entity=(entity_id=entity_0004|fullname=Gertrud Baumhagen|gender=f)))
56873	mit		
56874	wachendem		
56875	Auge		
56876	schliefe		
56877	.		
56878	Zuweilen		
56879	brachte		
56880	Johanne	8044	(mention_id=8020|references=(entity=(entity_id=entity_0012|fullname=Johanne|gender=f)))
56881	ihr	8045	(mention_id=8021|references=(entity=(entity_id=entity_0004|fullname=Gertrud Baumhagen|gender=f)))
56882	Kind	8046	(mention_id=8022|references=(entity=(entity_id=entity_0014|fullname=Täufling|gender=m)))
56883	,		
56884	und		
56885	die		
56886	Augen		
56887	der		
56888	jungen		
56889	Frau	8047	(mention_id=8023|references=(entity=(entity_id=entity_0004|fullname=Gertrud Baumhagen|gender=f)))
56890	folgten		
56891	mechanisch		
56892	dem		
56893	kleinen		
56894	Würmchen		
56895	,		
56896	wenn		
56897	es		(mention_id=8024|references=(entity=(entity_id=entity_0014|fullname=Täufling|gender=m)))
56898	ungeschickt		
56899	durch		
56900	die		
56901	Stube		
56902	rutschte		
56903	oder		
56904	sich		
56905	am		
56906	Stuhlbein		
56907	aufzurichten		
56908	versuchte		
56909	.		
56910	Aber		
56911	anrühren		
56912	tat		
56913	sie	8048	(mention_id=8025|references=(entity=(entity_id=entity_0004|fullname=Gertrud Baumhagen|gender=f)))
56914	es		
56915	nicht		
56916	,		
56917	selbst		
56918	wenn		
56919	es		(mention_id=8026|references=(entity=(entity_id=entity_0014|fullname=Täufling|gender=m)))
56920	hinfiel		
56921	und		
56922	schrie		
56923	.		
56924	–		
56925	Gegen		
56926	Abend		
56927	aber		
56928	kam		
56929	immer		
56930	dieselbe		
56931	unerklärliche		
56932	Unruhe		
56933	über		
56934	sie	8049	(mention_id=8027|references=(entity=(entity_id=entity_0004|fullname=Gertrud Baumhagen|gender=f)))
56935	.		
56936	Dann		
56937	ging		
56938	sie	8050	(mention_id=8028|references=(entity=(entity_id=entity_0004|fullname=Gertrud Baumhagen|gender=f)))
56939	im		
56940	Garten		
56941	umher		
56942	in		
56943	stürmischem		
56944	Schritt		
56945	,		
56946	lange		
56947	Zeit		
56948	,		
56949	bis		
56950	sie	8051	(mention_id=8029|references=(entity=(entity_id=entity_0004|fullname=Gertrud Baumhagen|gender=f)))
56951	endlich		
56952	auf		
56953	dem		
56954	Luginsland		
56955	ankam		
56956	.		
56957	Und		
56958	dort		
56959	blieb		
56960	sie	8052	(mention_id=8030|references=(entity=(entity_id=entity_0004|fullname=Gertrud Baumhagen|gender=f)))
56961	stundenlang		
56962	und		
56963	sah		
56964	den		
56965	Turmberg		
56966	an		
56967	,		
56968	bis		
56969	der		
56970	Tau		
56971	ihr	8053	(mention_id=8031|references=(entity=(entity_id=entity_0004|fullname=Gertrud Baumhagen|gender=f)))
56972	Haar		
56973	und		
56974	Gewand		
56975	feuchtete		
56976	.		
56977	»		
56978	Paß		
56979	auf		
56980	,		
56981	ich	8054	(mention_id=8032|references=(entity=(entity_id=entity_0004|fullname=Gertrud Baumhagen|gender=f)))
56982	werde		
56983	krank		
56984	«		
56985	,		
56986	sagte		
56987	sie	8055	(mention_id=8033|references=(entity=(entity_id=entity_0004|fullname=Gertrud Baumhagen|gender=f)))
56988	zu		
56989	Johanne	8056	(mention_id=8034|references=(entity=(entity_id=entity_0012|fullname=Johanne|gender=f)))
56990	,		
56991	»		
56992	hier		
56993	oben		
56994	.		
56995	«		
56996	Und		
56997	sie	8057	(mention_id=8035|references=(entity=(entity_id=entity_0004|fullname=Gertrud Baumhagen|gender=f)))
56998	wies		
56999	nach		
57000	dem		
57001	Kopfe		
57002	.		
57003	»		
57004	Ich	8058	(mention_id=8036|references=(entity=(entity_id=entity_0012|fullname=Johanne|gender=f)))
57005	glaub's		
57006	«		
57007	,		
57008	nickte		
57009	diese	8059	(mention_id=8037|references=(entity=(entity_id=entity_0012|fullname=Johanne|gender=f)))
57010	;		
57011	»		
57012	man		
57013	kann		
57014	sich	8060	
57015	wissentlich		
57016	so		
57017	weit		
57018	bringen		
57019	.		
57020	«		
57021	Es		
57022	war		
57023	ein		
57024	Tag		
57025	zu		
57026	Ende		
57027	Juli		
57028	,		
57029	furchtbare		
57030	Schwüle		
57031	brütete		
57032	über		
57033	der		
57034	Welt		
57035	,		
57036	und		
57037	die		
57038	junge		
57039	Frau	8061	(mention_id=8038|references=(entity=(entity_id=entity_0004|fullname=Gertrud Baumhagen|gender=f)))
57040	litt		
57041	entsetzlich		
57042	darunter		
57043	,		
57044	selbst		
57045	in		
57046	ihrem	8062	(mention_id=8039|references=(entity=(entity_id=entity_0004|fullname=Gertrud Baumhagen|gender=f)))
57047	kühlen		
57048	Zimmer		
57049	.		
57050	Regungslos		
57051	lag		
57052	sie	8063	(mention_id=8040|references=(entity=(entity_id=entity_0004|fullname=Gertrud Baumhagen|gender=f)))
57053	nach		
57054	Tische		
57055	im		
57056	Sessel		
57057	am		
57058	Fenster		
57059	.		
57060	Ein		
57061	heftiger		
57062	einseitiger		
57063	Kopfschmerz		
57064	quälte		
57065	sie	8064	(mention_id=8041|references=(entity=(entity_id=entity_0004|fullname=Gertrud Baumhagen|gender=f)))
57066	,		
57067	wie		
57068	so		
57069	oft		
57070	jetzt		
57071	.		
57072	Johanne	8065	(mention_id=8042|references=(entity=(entity_id=entity_0012|fullname=Johanne|gender=f)))
57073	setzte		
57074	ihr	8066	(mention_id=8043|references=(entity=(entity_id=entity_0004|fullname=Gertrud Baumhagen|gender=f)))
57075	die		
57076	Tasse		
57077	mit		
57078	starkem		
57079	schwarzen		
57080	Kaffee		
57081	auf		
57082	das		
57083	Tischchen		
57084	und		
57085	legte		
57086	das		
57087	Buch		
57088	hin		
57089	,		
57090	in		
57091	dem		
57092	schon		
57093	seit		
57094	drei		
57095	Tagen		
57096	die		
57097	nämliche		
57098	Seite		
57099	aufgeschlagen		
57100	war		
57101	.		
57102	»		
57103	Hier		
57104	ist		
57105	auch		
57106	ein		
57107	Brief		
57108	«		
57109	,		
57110	fügte		
57111	sie	8067	(mention_id=8044|references=(entity=(entity_id=entity_0012|fullname=Johanne|gender=f)))
57112	hinzu		
57113	.		
57114	Trudchen	8068	(mention_id=8045|references=(entity=(entity_id=entity_0004|fullname=Gertrud Baumhagen|gender=f)))
57115	hatte		
57116	förmlich		
57117	Scheu		
57118	bekommen		
57119	vor		
57120	Briefen		
57121	.		
57122	Sie	8069	(mention_id=8046|references=(entity=(entity_id=entity_0004|fullname=Gertrud Baumhagen|gender=f)))
57123	überwand		
57124	sich	8070	(mention_id=8047|references=(entity=(entity_id=entity_0004|fullname=Gertrud Baumhagen|gender=f)))
57125	aber		
57126	doch		
57127	,		
57128	es		
57129	waren		
57130	Jennys	8071	(mention_id=8048|references=(entity=(entity_id=entity_0006|fullname=Jenny Fredrich, geb. Baumhagen|gender=f)))
57131	kritzlige		
57132	Schriftzüge		
57133	,		
57134	und		
57135	Jenny	8072	(mention_id=8049|references=(entity=(entity_id=entity_0006|fullname=Jenny Fredrich, geb. Baumhagen|gender=f)))
57136	schrieb		
57137	nur		
57138	leichtes		
57139	,		
57140	oberflächliches		
57141	Zeug		
57142	.		
57143	Ein		
57144	Blick		
57145	in		
57146	den		
57147	Brief		
57148	genügte		
57149	da		
57150	schon		
57151	.		
57152	Zwei		
57153	Blätter		
57154	fielen		
57155	ihr	8073	(mention_id=8050|references=(entity=(entity_id=entity_0004|fullname=Gertrud Baumhagen|gender=f)))
57156	entgegen		
57157	.		
57158	»		
57159	Wir	8074	(mention_id=8051|references=(entity=(entity_id=entity_0006|fullname=Jenny Fredrich, geb. Baumhagen|gender=f)),(entity=(entity_id=entity_0007|fullname=Artur Fredrich|gender=m)))
57160	haben		
57161	schon		
57162	lange		
57163	nichts		
57164	von		
57165	Dir	8075	(mention_id=8052|references=(entity=(entity_id=entity_0004|fullname=Gertrud Baumhagen|gender=f)))
57166	gehört		
57167	«		
57168	,		
57169	las		
57170	sie	8076	(mention_id=8053|references=(entity=(entity_id=entity_0006|fullname=Jenny Fredrich, geb. Baumhagen|gender=f)))
57171	,		
57172	»		
57173	daß		
57174	es		
57175	uns	8077	(mention_id=8054|references=(entity=(entity_id=entity_0006|fullname=Jenny Fredrich, geb. Baumhagen|gender=f)),(entity=(entity_id=entity_0007|fullname=Artur Fredrich|gender=m)))
57176	angst		
57177	ist		
57178	um		
57179	Dich	8078	(mention_id=8055|references=(entity=(entity_id=entity_0004|fullname=Gertrud Baumhagen|gender=f)))
57180	.		
57181	Bist		
57182	Du	8079	(mention_id=8056|references=(entity=(entity_id=entity_0004|fullname=Gertrud Baumhagen|gender=f)))
57183	noch		
57184	immer		
57185	in		
57186	›		
57187	Waldruhe		
57188	‹		
57189	?		
57190	Gestern		
57191	lernte		
57192	ich	8080	(mention_id=8057|references=(entity=(entity_id=entity_0006|fullname=Jenny Fredrich, geb. Baumhagen|gender=f)))
57193	den		
57194	Rechtsanwalt	8081	(mention_id=8058|references=(entity=(entity_id=entity_0272|fullname=Rechtsanwalt K.|gender=m)))
57195	K.	8081	(mention_id=8058|references=(entity=(entity_id=entity_0272|fullname=Rechtsanwalt K.|gender=m)))
57196	auf		
57197	der		
57198	Reunion		
57199	kennen		
57200	,		
57201	denselben		(mention_id=8059|references=(entity=(entity_id=entity_0272|fullname=Rechtsanwalt K.|gender=m)))
57202	,		
57203	der	8082	(mention_id=8060|references=(entity=(entity_id=entity_0272|fullname=Rechtsanwalt K.|gender=m)))
57204	in		
57205	dem		
57206	bekannten		
57207	Ehescheidungsprozeß		
57208	des		
57209	Herzogs	8083	(mention_id=8061|references=(entity=(entity_id=entity_0306|fullname=Herzog von P.|gender=m)))
57210	von	8083	(mention_id=8061|references=(entity=(entity_id=entity_0306|fullname=Herzog von P.|gender=m)))
57211	P.	8083	(mention_id=8061|references=(entity=(entity_id=entity_0306|fullname=Herzog von P.|gender=m)))
57212	mit		
57213	der		
57214	Gräfin	8084	(mention_id=8062|references=(entity=(entity_id=entity_0298|fullname=Gräfin V.|gender=f)))
57215	V.	8084	(mention_id=8062|references=(entity=(entity_id=entity_0298|fullname=Gräfin V.|gender=f)))
57216	Vertreter	8085	(mention_id=8063|references=(entity=(entity_id=entity_0272|fullname=Rechtsanwalt K.|gender=m)))
57217	der		
57218	letzteren	8086	(mention_id=8064|references=(entity=(entity_id=entity_0298|fullname=Gräfin V.|gender=f)))
57219	war		
57220	.		
57221	Ich	8087	(mention_id=8065|references=(entity=(entity_id=entity_0006|fullname=Jenny Fredrich, geb. Baumhagen|gender=f)))
57222	redete		
57223	ihn	8088	(mention_id=8066|references=(entity=(entity_id=entity_0272|fullname=Rechtsanwalt K.|gender=m)))
57224	scherzhaft		
57225	darauf		
57226	an		
57227	,		
57228	ob		
57229	man		
57230	sich		
57231	von		
57232	seinem	8089	
57233	Gebieter	8090	(mention_id=8067|references=(entity=(entity_id=generic_0127|fullname=Ehemann|gender=u|specialcase_entity=generic)),(entity=(entity_id=entity_0001|fullname=Franz Linden|gender=m)))
57234	trennen		
57235	könne		
57236	,		
57237	wenn		
57238	man		
57239	erführe		
57240	,		
57241	daß		
57242	dieser	8091	(mention_id=8068|references=(entity=(entity_id=generic_0128|fullname=Ehemann|gender=u|specialcase_entity=generic)),(entity=(entity_id=entity_0001|fullname=Franz Linden|gender=m)))
57243	bei		
57244	der		
57245	Werbung		
57246	mehr		
57247	unser	8092	(mention_id=8069|references=(entity=(entity_id=entity_0006|fullname=Jenny Fredrich, geb. Baumhagen|gender=f)),(entity=(entity_id=entity_0004|fullname=Gertrud Baumhagen|gender=f)))
57248	irdisches		
57249	Gut		
57250	als		
57251	unsere	8093	(mention_id=8070|references=(entity=(entity_id=entity_0006|fullname=Jenny Fredrich, geb. Baumhagen|gender=f)),(entity=(entity_id=entity_0004|fullname=Gertrud Baumhagen|gender=f)))
57252	Person	8094	
57253	im		
57254	Auge		
57255	hatte		
57256	.		
57257	Ich	8095	(mention_id=8071|references=(entity=(entity_id=entity_0006|fullname=Jenny Fredrich, geb. Baumhagen|gender=f)))
57258	deutete		
57259	ziemlich		
57260	genau		
57261	die		
57262	Situation		
57263	an		
57264	und		
57265	sprach		
57266	von		
57267	einer		
57268	Freundin	8096	(mention_id=8072|references=(entity=(entity_id=entity_0004|fullname=Gertrud Baumhagen|gender=f)))
57269	,		
57270	die	8097	(mention_id=8073|references=(entity=(entity_id=entity_0004|fullname=Gertrud Baumhagen|gender=f)))
57271	in		
57272	dieser		
57273	Lage		
57274	sei		
57275	.		
57276	Er	8098	(mention_id=8074|references=(entity=(entity_id=entity_0272|fullname=Rechtsanwalt K.|gender=m)))
57277	erwiderte		
57278	:		
57279	›		
57280	Sagen		
57281	Sie	8099	(mention_id=8075|references=(entity=(entity_id=entity_0006|fullname=Jenny Fredrich, geb. Baumhagen|gender=f)))
57282	Ihrer	8100	(mention_id=8076|references=(entity=(entity_id=entity_0006|fullname=Jenny Fredrich, geb. Baumhagen|gender=f)))
57283	Freundin	8101	(mention_id=8077|references=(entity=(entity_id=entity_0004|fullname=Gertrud Baumhagen|gender=f)))
57284	,		
57285	sie	8102	(mention_id=8078|references=(entity=(entity_id=entity_0004|fullname=Gertrud Baumhagen|gender=f)))
57286	solle		
57287	ganz		
57288	still		
57289	wieder		
57290	zu		
57291	ihrem	8103	(mention_id=8079|references=(entity=(entity_id=entity_0004|fullname=Gertrud Baumhagen|gender=f)))
57292	Gatten	8104	(mention_id=8080|references=(entity=(entity_id=entity_0001|fullname=Franz Linden|gender=m)))
57293	schleichen		
57294	,		
57295	denn		
57296	sie	8105	(mention_id=8081|references=(entity=(entity_id=entity_0004|fullname=Gertrud Baumhagen|gender=f)))
57297	ziehe		
57298	jedenfalls		
57299	den		
57300	kürzeren		
57301	!		
57302	‹		
57303	Er	8106	(mention_id=8082|references=(entity=(entity_id=entity_0272|fullname=Rechtsanwalt K.|gender=m)))
57304	drückte		
57305	sich	8107	(mention_id=8083|references=(entity=(entity_id=entity_0272|fullname=Rechtsanwalt K.|gender=m)))
57306	noch		
57307	unartiger		
57308	aus		
57309	,		
57310	er	8108	(mention_id=8084|references=(entity=(entity_id=entity_0272|fullname=Rechtsanwalt K.|gender=m)))
57311	ist		
57312	ja		
57313	bekannt		
57314	als		
57315	Grobian	8109	(mention_id=8085|references=(entity=(entity_id=entity_0272|fullname=Rechtsanwalt K.|gender=m)))
57316	!		
57317	Na		
57318	,		
57319	da		
57320	hast		
57321	Du	8110	(mention_id=8086|references=(entity=(entity_id=entity_0004|fullname=Gertrud Baumhagen|gender=f)))
57322	das		
57323	Urteil		
57324	einer		
57325	Autorität	8111	
57326	.		
57327	Mache		
57328	der		
57329	Sache		
57330	ein		
57331	Ende		
57332	,		
57333	denn		
57334	längeres		
57335	Zögern		
57336	könnte		
57337	Dich	8112	(mention_id=8087|references=(entity=(entity_id=entity_0004|fullname=Gertrud Baumhagen|gender=f)))
57338	so		
57339	bitter		
57340	gereuen		
57341	,		
57342	wie		
57343	Du	8113	(mention_id=8088|references=(entity=(entity_id=entity_0004|fullname=Gertrud Baumhagen|gender=f)))
57344	es		
57345	in		
57346	Deinem	8114	(mention_id=8089|references=(entity=(entity_id=entity_0004|fullname=Gertrud Baumhagen|gender=f)))
57347	gegenwärtigen		
57348	hoheitsvollen		
57349	Zorn		
57350	Dir	8115	(mention_id=8090|references=(entity=(entity_id=entity_0004|fullname=Gertrud Baumhagen|gender=f)))
57351	gar		
57352	nicht		
57353	auszumalen		
57354	vermagst		
57355	.		
57356	Wenn		
57357	mich	8116	(mention_id=8091|references=(entity=(entity_id=entity_0006|fullname=Jenny Fredrich, geb. Baumhagen|gender=f)))
57358	nicht		
57359	alles		
57360	täuscht		
57361	,		
57362	liebtest		
57363	Du	8117	(mention_id=8092|references=(entity=(entity_id=entity_0004|fullname=Gertrud Baumhagen|gender=f)))
57364	ihn	8118	(mention_id=8093|references=(entity=(entity_id=entity_0001|fullname=Franz Linden|gender=m)))
57365	ja		
57366	wirklich		
57367	?		
57368	Nun		
57369	,		
57370	es		
57371	gibt		
57372	Dinge		
57373	–		
57374	aber		
57375	es		
57376	ist		
57377	schwer		
57378	darüber		
57379	zu		
57380	schreiben		
57381	.		
57382	Lies		
57383	den		
57384	beigefügten		
57385	Brief		
57386	,		
57387	den		
57388	Mama	8119	(mention_id=8094|references=(entity=(entity_id=entity_0005|fullname=Ottilie Baumhagen|gender=f)))
57389	mir	8120	(mention_id=8095|references=(entity=(entity_id=entity_0006|fullname=Jenny Fredrich, geb. Baumhagen|gender=f)))
57390	vor		
57391	ein		
57392	paar		
57393	Tagen		
57394	sandte		
57395	.		
57396	Vielleicht		
57397	ahnst		
57398	Du	8121	(mention_id=8096|references=(entity=(entity_id=entity_0004|fullname=Gertrud Baumhagen|gender=f)))
57399	,		
57400	was		
57401	ich	8122	(mention_id=8097|references=(entity=(entity_id=entity_0006|fullname=Jenny Fredrich, geb. Baumhagen|gender=f)))
57402	sagen		
57403	will		
57404	.		
57405	Ich	8123	(mention_id=8098|references=(entity=(entity_id=entity_0006|fullname=Jenny Fredrich, geb. Baumhagen|gender=f)))
57406	wünschte		
57407	,		
57408	Du	8124	(mention_id=8099|references=(entity=(entity_id=entity_0004|fullname=Gertrud Baumhagen|gender=f)))
57409	wärest		
57410	mit		
57411	in		
57412	Paris		
57413	gewesen		
57414	oder		
57415	jetzt		
57416	hier		
57417	in		
57418	Baden-Baden		
57419	,		
57420	Du	8125	(mention_id=8100|references=(entity=(entity_id=entity_0004|fullname=Gertrud Baumhagen|gender=f)))
57421	würdest		
57422	einsehen		
57423	,		
57424	daß		
57425	wir	8126	
57426	deutschen		
57427	Frauen	8127	(mention_id=8101|references=(entity=(entity_id=generic_0129|fullname=deutsche Frauen|gender=u|specialcase_entity=generic)))
57428	mit		
57429	unserer	8128	(mention_id=8102|references=(entity=(entity_id=entity_0006|fullname=Jenny Fredrich, geb. Baumhagen|gender=f)),(entity=(entity_id=entity_0004|fullname=Gertrud Baumhagen|gender=f)))
57430	dickfelligen		
57431	Tugendhaftigkeit		
57432	,		
57433	unserem	8129	(mention_id=8103|references=(entity=(entity_id=entity_0006|fullname=Jenny Fredrich, geb. Baumhagen|gender=f)),(entity=(entity_id=entity_0004|fullname=Gertrud Baumhagen|gender=f)))
57434	spinnewebzarten		
57435	,		
57436	himmelblauen		
57437	Idealismus		
57438	uns	8130	(mention_id=8104|references=(entity=(entity_id=entity_0006|fullname=Jenny Fredrich, geb. Baumhagen|gender=f)),(entity=(entity_id=entity_0004|fullname=Gertrud Baumhagen|gender=f)))
57439	das		
57440	Leben		
57441	recht		
57442	unnütz		
57443	schwer		
57444	machen		
57445	.		
57446	Ich	8131	(mention_id=8105|references=(entity=(entity_id=entity_0006|fullname=Jenny Fredrich, geb. Baumhagen|gender=f)))
57447	bin		
57448	überzeugt		
57449	,		
57450	eine		
57451	Französin	8132	(mention_id=8106|references=(entity=(entity_id=generic_0130|fullname=Französin|gender=u|specialcase_entity=generic)))
57452	hielte		
57453	sich	8133	(mention_id=8107|references=(entity=(entity_id=generic_0131|fullname=Französin|gender=u|specialcase_entity=generic)))
57454	die		
57455	Seiten		
57456	vor		
57457	Lachen		
57458	,		
57459	erführe		
57460	sie	8134	(mention_id=8108|references=(entity=(entity_id=generic_0132|fullname=Französin|gender=u|specialcase_entity=generic)))
57461	die		
57462	Ursache		
57463	Deines	8135	(mention_id=8109|references=(entity=(entity_id=entity_0004|fullname=Gertrud Baumhagen|gender=f)))
57464	ehelichen		
57465	Konfliktes		
57466	.		
57467	Artur	8136	(mention_id=8110|references=(entity=(entity_id=entity_0007|fullname=Artur Fredrich|gender=m)))
57468	ist		
57469	sehr		
57470	liebenswürdig		
57471	und		
57472	pariert		
57473	aufs		
57474	Wort		
57475	.		
57476	Zur		
57477	gestrigen		
57478	Reunion		
57479	erfreute		
57480	er	8137	(mention_id=8111|references=(entity=(entity_id=entity_0007|fullname=Artur Fredrich|gender=m)))
57481	mich	8138	(mention_id=8112|references=(entity=(entity_id=entity_0006|fullname=Jenny Fredrich, geb. Baumhagen|gender=f)))
57482	mit		
57483	einer		
57484	Pariser		
57485	Toilette		
57486	.		
57487	Sobald		
57488	er	8139	(mention_id=8113|references=(entity=(entity_id=entity_0007|fullname=Artur Fredrich|gender=m)))
57489	herauskommt		
57490	aus		
57491	unserem	8140	(mention_id=8114|references=(entity=(entity_id=entity_0007|fullname=Artur Fredrich|gender=m)),(entity=(entity_id=entity_0006|fullname=Jenny Fredrich, geb. Baumhagen|gender=f)))
57492	Nest		
57493	,		
57494	ist		
57495	er	8141	(mention_id=8115|references=(entity=(entity_id=entity_0007|fullname=Artur Fredrich|gender=m)))
57496	wie		
57497	verwandelt		
57498	.		
57499	Adieu		
57500	,		
57501	nimm		
57502	die		
57503	Sache		
57504	nicht		
57505	so		
57506	tragisch		
57507	.		
57508	Deine	8142	(mention_id=8116|references=(entity=(entity_id=entity_0006|fullname=Jenny Fredrich, geb. Baumhagen|gender=f)))
57509	Schwester	8143	(mention_id=8117|references=(entity=(entity_id=entity_0006|fullname=Jenny Fredrich, geb. Baumhagen|gender=f)))
57510	.		
57511	«		
57512	Langsam		
57513	nahm		
57514	die		
57515	junge		
57516	Frau	8144	(mention_id=8118|references=(entity=(entity_id=entity_0004|fullname=Gertrud Baumhagen|gender=f)))
57517	den		
57518	zweiten		
57519	Brief		
57520	.		
57521	Es		
57522	waren		
57523	die		
57524	spitzigen		
57525	Schriftzüge		
57526	der		
57527	Tante	8145	(mention_id=8119|references=(entity=(entity_id=entity_0009|fullname=Tante Pauline|gender=f)))
57528	Stadträtin	8145	(mention_id=8119|references=(entity=(entity_id=entity_0009|fullname=Tante Pauline|gender=f)))
57529	an		
57530	Frau	8146	(mention_id=8120|references=(entity=(entity_id=entity_0005|fullname=Ottilie Baumhagen|gender=f)))
57531	Baumhagen	8146	(mention_id=8120|references=(entity=(entity_id=entity_0005|fullname=Ottilie Baumhagen|gender=f)))
57532	gerichtet		
57533	.		
57534	»		
57535	Liebste		
57536	Ottilie	8147	(mention_id=8121|references=(entity=(entity_id=entity_0005|fullname=Ottilie Baumhagen|gender=f)))
57537	!		
57538	Hier		
57539	ist		
57540	alles		
57541	beim		
57542	alten		
57543	.		
57544	Ich	8148	(mention_id=8122|references=(entity=(entity_id=entity_0009|fullname=Tante Pauline|gender=f)))
57545	war		
57546	gestern		
57547	in		
57548	Deinem	8149	(mention_id=8123|references=(entity=(entity_id=entity_0005|fullname=Ottilie Baumhagen|gender=f)))
57549	Hause		
57550	;		
57551	Sophie	8150	(mention_id=8124|references=(entity=(entity_id=entity_0071|fullname=Sophie|gender=f)))
57552	ist		
57553	auf		
57554	dem		
57555	Platze		
57556	,		
57557	hat		
57558	erst		
57559	wieder		
57560	große		
57561	Mottenjagd		
57562	gehalten		
57563	.		
57564	Dein	8151	(mention_id=8125|references=(entity=(entity_id=entity_0005|fullname=Ottilie Baumhagen|gender=f)))
57565	Papagei	8152	
57566	hatte		
57567	ein		
57568	schlimmes		
57569	Auge		
57570	,		
57571	es		
57572	geht		
57573	aber		
57574	wieder		
57575	ganz		
57576	gut		
57577	.		
57578	Von		
57579	Trudchen	8153	(mention_id=8126|references=(entity=(entity_id=entity_0004|fullname=Gertrud Baumhagen|gender=f)))
57580	hörte		
57581	ich	8154	(mention_id=8127|references=(entity=(entity_id=entity_0009|fullname=Tante Pauline|gender=f)))
57582	nichts		
57583	,		
57584	man		
57585	wird		
57586	ja		
57587	nicht		
57588	vorgelassen		
57589	bei		
57590	ihr	8155	(mention_id=8128|references=(entity=(entity_id=entity_0004|fullname=Gertrud Baumhagen|gender=f)))
57591	;		
57592	Du	8156	(mention_id=8129|references=(entity=(entity_id=entity_0005|fullname=Ottilie Baumhagen|gender=f)))
57593	wirst		
57594	wohl		
57595	Nachricht		
57596	haben		
57597	.		
57598	Über		
57599	Niendorf		
57600	schwirren		
57601	allerlei		
57602	Gerüchte		
57603	in		
57604	der		
57605	Luft		
57606	.		
57607	Gestern		
57608	abend		
57609	kam		
57610	mein	8157	(mention_id=8130|references=(entity=(entity_id=entity_0009|fullname=Tante Pauline|gender=f)))
57611	Alter	8158	(mention_id=8131|references=(entity=(entity_id=entity_0303|fullname=Ehemann der Tante Stadträtin|gender=m)))
57612	aus		
57613	dem		
57614	Kegelklub		
57615	–		
57616	es		
57617	soll		
57618	ja		
57619	eine		
57620	Cousine	8159	(mention_id=8132|references=(entity=(entity_id=entity_0021|fullname=Adelheid Strom|gender=f)))
57621	da		
57622	draußen		
57623	sein		
57624	,		
57625	die	8160	(mention_id=8133|references=(entity=(entity_id=entity_0021|fullname=Adelheid Strom|gender=f)))
57626	die		
57627	Wirtschaft		
57628	führt		
57629	.		
57630	Stadtrat	8161	(mention_id=8134|references=(entity=(entity_id=entity_0308|fullname=Stadtrat Hanke|gender=m)))
57631	Hanke	8161	(mention_id=8134|references=(entity=(entity_id=entity_0308|fullname=Stadtrat Hanke|gender=m)))
57632	will		
57633	sie	8162	(mention_id=8135|references=(entity=(entity_id=entity_0021|fullname=Adelheid Strom|gender=f)))
57634	gesehen		
57635	haben		
57636	in		
57637	der		
57638	Lindenschen	8163	
57639	Equipage		
57640	–		
57641	sehr		
57642	brünett		
57643	,		
57644	sehr		
57645	apart		
57646	und		
57647	unendlich		
57648	aufgeputzt		
57649	.		
57650	Na		
57651	,		
57652	Du	8164	(mention_id=8136|references=(entity=(entity_id=entity_0005|fullname=Ottilie Baumhagen|gender=f)))
57653	weißt		
57654	,		
57655	die		
57656	Leute	8165	(mention_id=8137|references=(entity=(entity_id=entity_0311|fullname=schwatzende Leute|gender=u)))
57657	sagen		
57658	immer		
57659	gleich		
57660	viel		
57661	,		
57662	aber		
57663	ich	8166	(mention_id=8138|references=(entity=(entity_id=entity_0009|fullname=Tante Pauline|gender=f)))
57664	will		
57665	damit		
57666	nicht		
57667	Öl		
57668	ins		
57669	Feuer		
57670	gießen		
57671	.		
57672	Einmal		
57673	sah		
57674	ich	8167	(mention_id=8139|references=(entity=(entity_id=entity_0009|fullname=Tante Pauline|gender=f)))
57675	auch		
57676	Linden	8168	(mention_id=8140|references=(entity=(entity_id=entity_0001|fullname=Franz Linden|gender=m)))
57677	,		
57678	ich	8169	(mention_id=8141|references=(entity=(entity_id=entity_0009|fullname=Tante Pauline|gender=f)))
57679	erkannte		
57680	ihn	8170	(mention_id=8142|references=(entity=(entity_id=entity_0001|fullname=Franz Linden|gender=m)))
57681	erst		
57682	,		
57683	nachdem		
57684	er	8171	(mention_id=8143|references=(entity=(entity_id=entity_0001|fullname=Franz Linden|gender=m)))
57685	beinahe		
57686	vorüber		
57687	war		
57688	.		
57689	Er	8172	(mention_id=8144|references=(entity=(entity_id=entity_0001|fullname=Franz Linden|gender=m)))
57690	kam		
57691	von		
57692	der		
57693	Bank		
57694	.		
57695	Der		
57696	Mann	8173	(mention_id=8145|references=(entity=(entity_id=entity_0001|fullname=Franz Linden|gender=m)))
57697	hat		
57698	ja		
57699	schon		
57700	graues		
57701	Haar		
57702	an		
57703	den		
57704	Schläfen		
57705	.		
57706	Er	8174	(mention_id=8146|references=(entity=(entity_id=entity_0001|fullname=Franz Linden|gender=m)))
57707	erschien		
57708	mir	8175	(mention_id=8147|references=(entity=(entity_id=entity_0009|fullname=Tante Pauline|gender=f)))
57709	überhaupt		
57710	als		
57711	ein		
57712	ganz		
57713	anderer		(mention_id=8148|references=(entity=(entity_id=entity_0001|fullname=Franz Linden|gender=m)))
57714	,		
57715	so		
57716	–		
57717	wie		
57718	soll		
57719	ich	8176	(mention_id=8149|references=(entity=(entity_id=entity_0009|fullname=Tante Pauline|gender=f)))
57720	sagen		
57721	–		
57722	vergrämt		
57723	.		
57724	«		
57725	Trudchen	8177	(mention_id=8150|references=(entity=(entity_id=entity_0004|fullname=Gertrud Baumhagen|gender=f)))
57726	ließ		
57727	den		
57728	Brief		
57729	sinken		
57730	,		
57731	dann		
57732	sprang		
57733	sie	8178	(mention_id=8151|references=(entity=(entity_id=entity_0004|fullname=Gertrud Baumhagen|gender=f)))
57734	empor		
57735	.		
57736	Es		
57737	rückte		
57738	und		
57739	schüttelte		
57740	sie	8179	(mention_id=8152|references=(entity=(entity_id=entity_0004|fullname=Gertrud Baumhagen|gender=f)))
57741	in		
57742	allen		
57743	Gliedern		
57744	.		
57745	Mit		
57746	furchtbarer		
57747	Gewalt		
57748	zwang		
57749	sie	8180	(mention_id=8153|references=(entity=(entity_id=entity_0004|fullname=Gertrud Baumhagen|gender=f)))
57750	sich	8181	(mention_id=8154|references=(entity=(entity_id=entity_0004|fullname=Gertrud Baumhagen|gender=f)))
57751	,		
57752	ruhig		
57753	zu		
57754	sein		
57755	und		
57756	vernünftig		
57757	zu		
57758	denken		
57759	.		
57760	Was		
57761	wollte		
57762	sie	8182	(mention_id=8155|references=(entity=(entity_id=entity_0004|fullname=Gertrud Baumhagen|gender=f)))
57763	denn		
57764	auch		
57765	?		
57766	Sie	8183	(mention_id=8156|references=(entity=(entity_id=entity_0004|fullname=Gertrud Baumhagen|gender=f)))
57767	hatte		
57768	sich	8184	(mention_id=8157|references=(entity=(entity_id=entity_0004|fullname=Gertrud Baumhagen|gender=f)))
57769	getrennt		
57770	von		
57771	ihm	8185	(mention_id=8158|references=(entity=(entity_id=entity_0001|fullname=Franz Linden|gender=m)))
57772	in		
57773	alle		
57774	Ewigkeit		
57775	.		
57776	Aber		
57777	das		
57778	Herz		
57779	!		
57780	Das		
57781	Herz		
57782	krampfte		
57783	sich		
57784	zusammen		
57785	,		
57786	es		
57787	tat		
57788	so		
57789	weh		
57790	auf		
57791	einmal		
57792	,		
57793	und		
57794	es		
57795	klopfte		
57796	so		
57797	laut		
57798	in		
57799	der		
57800	totenhaften		
57801	Stille		
57802	,		
57803	die		
57804	sie	8186	(mention_id=8159|references=(entity=(entity_id=entity_0004|fullname=Gertrud Baumhagen|gender=f)))
57805	umgab		
57806	,		
57807	daß		
57808	sie	8187	(mention_id=8160|references=(entity=(entity_id=entity_0004|fullname=Gertrud Baumhagen|gender=f)))
57809	glaubte		
57810	,		
57811	es		
57812	zu		
57813	hören		
57814	.		
57815	»		
57816	Johanne	8188	(mention_id=8161|references=(entity=(entity_id=entity_0012|fullname=Johanne|gender=f)))
57817	!		
57818	«		
57819	schrie		
57820	sie	8189	(mention_id=8162|references=(entity=(entity_id=entity_0004|fullname=Gertrud Baumhagen|gender=f)))
57821	auf		
57822	,		
57823	aber		
57824	niemand		
57825	antwortete		
57826	.		
57827	Sie	8190	(mention_id=8163|references=(entity=(entity_id=entity_0012|fullname=Johanne|gender=f)))
57828	war		
57829	wohl		
57830	im		
57831	Garten		
57832	draußen		
57833	oder		
57834	bei		
57835	einer		
57836	häuslichen		
57837	Arbeit		
57838	in		
57839	der		
57840	Küche		
57841	.		
57842	Was		
57843	konnte		
57844	die		(mention_id=8164|references=(entity=(entity_id=entity_0012|fullname=Johanne|gender=f)))
57845	auch		
57846	helfen		
57847	?		
57848	»		
57849	Nein		
57850	,		
57851	das		
57852	nicht		
57853	–		
57854	nur		
57855	das		
57856	nicht		
57857	!		
57858	«		
57859	Sie	8191	(mention_id=8165|references=(entity=(entity_id=entity_0004|fullname=Gertrud Baumhagen|gender=f)))
57860	saß		
57861	wieder		
57862	im		
57863	Stuhl		
57864	am		
57865	Fenster		
57866	und		
57867	schaute		
57868	in		
57869	das		
57870	Düster		
57871	der		
57872	Bäume		
57873	.		
57874	Was		
57875	gäbe		
57876	sie	8192	(mention_id=8166|references=(entity=(entity_id=entity_0004|fullname=Gertrud Baumhagen|gender=f)))
57877	darum		
57878	,		
57879	wenn		
57880	der		
57881	Wald		
57882	,		
57883	die		
57884	Berge		
57885	verschwänden		
57886	,		
57887	wenn		
57888	sie	8193	(mention_id=8167|references=(entity=(entity_id=entity_0004|fullname=Gertrud Baumhagen|gender=f)))
57889	dort		
57890	hinüberblicken		
57891	könnte		
57892	in		
57893	das		
57894	Haus		
57895	–		
57896	in		
57897	die		
57898	Zimmer		
57899	.		
57900	»		
57901	Ein		
57902	munteres		
57903	Ding	8194	(mention_id=8168|references=(entity=(entity_id=entity_0021|fullname=Adelheid Strom|gender=f)))
57904	,		
57905	das		
57906	schwarze		
57907	,		
57908	kleine		
57909	Fräulein	8195	(mention_id=8169|references=(entity=(entity_id=entity_0021|fullname=Adelheid Strom|gender=f)))
57910	«		
57911	,		
57912	hatte		
57913	Johanne	8196	(mention_id=8170|references=(entity=(entity_id=entity_0012|fullname=Johanne|gender=f)))
57914	neulich		
57915	gesagt		
57916	.		
57917	Und		
57918	Trudchen	8197	(mention_id=8171|references=(entity=(entity_id=entity_0004|fullname=Gertrud Baumhagen|gender=f)))
57919	sah		
57920	sie	8198	(mention_id=8172|references=(entity=(entity_id=entity_0004|fullname=Gertrud Baumhagen|gender=f)))
57921	vor		
57922	ihrem	8199	(mention_id=8173|references=(entity=(entity_id=entity_0004|fullname=Gertrud Baumhagen|gender=f)))
57923	geistigen		
57924	Auge		
57925	,		
57926	wie		
57927	sie	8200	(mention_id=8174|references=(entity=(entity_id=entity_0021|fullname=Adelheid Strom|gender=f)))
57928	im		
57929	Hause		
57930	umhertrippelte		
57931	,		
57932	jetzt		
57933	im		
57934	Saal		
57935	,		
57936	nun		
57937	die		
57938	Treppe		
57939	hinauf		
57940	,		
57941	die		
57942	lieben		
57943	,		
57944	alten		
57945	ausgetretenen		
57946	Stufen		
57947	.		
57948	Tapp		
57949	!		
57950	tapp		
57951	!		
57952	Nun		
57953	auf		
57954	dem		
57955	Korridor		
57956	;		
57957	da		
57958	schlagen		
57959	die		
57960	Hackenschuhchen		
57961	so		
57962	zierlich		
57963	und		
57964	fest		
57965	auf		
57966	den		
57967	Gips		
57968	;		
57969	und		
57970	nun		
57971	an		
57972	einer		
57973	braunen		
57974	Tür		
57975	–		
57976	seiner	8201	(mention_id=8175|references=(entity=(entity_id=entity_0001|fullname=Franz Linden|gender=m)))
57977	Tür		
57978	.		
57979	Sie	8202	(mention_id=8176|references=(entity=(entity_id=entity_0021|fullname=Adelheid Strom|gender=f)))
57980	darf		
57981	eintreten		
57982	?		
57983	Ach		
57984	,		
57985	sein	8203	(mention_id=8177|references=(entity=(entity_id=entity_0001|fullname=Franz Linden|gender=m)))
57986	Zimmer		
57987	,		
57988	das		
57989	traute		
57990	alte		
57991	Zimmer		
57992	!		
57993	Und		
57994	Trudchen	8204	(mention_id=8178|references=(entity=(entity_id=entity_0004|fullname=Gertrud Baumhagen|gender=f)))
57995	ringt		
57996	die		
57997	Hände		
57998	ineinander		
57999	wie		
58000	in		
58001	bitterem		
58002	Neid		
58003	.		
58004	»		
58005	Fort		
58006	!		
58007	«		
58008	sagte		
58009	sie	8205	(mention_id=8179|references=(entity=(entity_id=entity_0004|fullname=Gertrud Baumhagen|gender=f)))
58010	halblaut		
58011	,		
58012	»		
58013	fort		
58014	!		
58015	Die		
58016	Schwelle		
58017	ist		
58018	geweiht		
58019	–		
58020	ich	8206	(mention_id=8180|references=(entity=(entity_id=entity_0004|fullname=Gertrud Baumhagen|gender=f)))
58021	–		
58022	ich	8207	(mention_id=8181|references=(entity=(entity_id=entity_0004|fullname=Gertrud Baumhagen|gender=f)))
58023	bin		
58024	darüber		
58025	geschritten		
58026	am		
58027	seligsten		
58028	Tage		
58029	meines	8208	(mention_id=8182|references=(entity=(entity_id=entity_0004|fullname=Gertrud Baumhagen|gender=f)))
58030	Lebens		
58031	–		
58032	an		
58033	seiner	8209	(mention_id=8183|references=(entity=(entity_id=entity_0001|fullname=Franz Linden|gender=m)))
58034	Hand		
58035	!		
58036	«		
58037	Und		
58038	sie	8210	(mention_id=8184|references=(entity=(entity_id=entity_0004|fullname=Gertrud Baumhagen|gender=f)))
58039	sah		
58040	ihn	8211	(mention_id=8185|references=(entity=(entity_id=entity_0001|fullname=Franz Linden|gender=m)))
58041	sitzen		
58042	am		
58043	Schreibtisch		
58044	,		
58045	in		
58046	der		
58047	grauen		
58048	Joppe		
58049	und		
58050	den		
58051	hohen		
58052	Stiefeln		
58053	,		
58054	wie		
58055	er	8212	(mention_id=8186|references=(entity=(entity_id=entity_0001|fullname=Franz Linden|gender=m)))
58056	vom		
58057	Hofe		
58058	hereingekommen		
58059	war		
58060	.		
58061	Seine	8213	(mention_id=8187|references=(entity=(entity_id=entity_0001|fullname=Franz Linden|gender=m)))
58062	weiße		
58063	Stirn		
58064	hob		
58065	sich		
58066	scharf		
58067	ab		
58068	gegen		
58069	das		
58070	gebräunte		
58071	Antlitz		
58072	.		
58073	Das		
58074	hatte		
58075	sie	8214	(mention_id=8188|references=(entity=(entity_id=entity_0004|fullname=Gertrud Baumhagen|gender=f)))
58076	immer		
58077	so		
58078	gern		
58079	gesehen		
58080	.		
58081	Und		
58082	graues		
58083	Haar		
58084	an		
58085	seinen	8215	(mention_id=8189|references=(entity=(entity_id=entity_0001|fullname=Franz Linden|gender=m)))
58086	Schläfen		
58087	?		
58088	Ach		
58089	,		
58090	er	8216	(mention_id=8190|references=(entity=(entity_id=entity_0001|fullname=Franz Linden|gender=m)))
58091	hatte		
58092	es		
58093	noch		
58094	nicht		
58095	vor		
58096	ein		
58097	paar		
58098	Wochen		
58099	!		
58100	Und		
58101	wieder		
58102	gaukelt		
58103	eine		
58104	kleine		
58105	,		
58106	zierliche		
58107	Gestalt		(mention_id=8191|references=(entity=(entity_id=entity_0021|fullname=Adelheid Strom|gender=f)))
58108	vor		
58109	ihren	8217	(mention_id=8192|references=(entity=(entity_id=entity_0004|fullname=Gertrud Baumhagen|gender=f)))
58110	Augen		
58111	,		
58112	hin		
58113	zu		
58114	ihm	8218	(mention_id=8193|references=(entity=(entity_id=entity_0001|fullname=Franz Linden|gender=m)))
58115	.		
58116	Ach		
58117	,		
58118	nur		
58119	das		
58120	eine		
58121	möchte		
58122	sie	8219	(mention_id=8194|references=(entity=(entity_id=entity_0004|fullname=Gertrud Baumhagen|gender=f)))
58123	wissen		
58124	,		
58125	ob		
58126	er	8220	(mention_id=8195|references=(entity=(entity_id=entity_0001|fullname=Franz Linden|gender=m)))
58127	sie	8221	(mention_id=8196|references=(entity=(entity_id=entity_0004|fullname=Gertrud Baumhagen|gender=f)))
58128	je		
58129	vergessen		
58130	kann		
58131	über		
58132	einer		
58133	andern		
58134	–		
58135	über		
58136	dieser		(mention_id=8197|references=(entity=(entity_id=entity_0021|fullname=Adelheid Strom|gender=f)))
58137	vielleicht		
58138	?		
58139	Aber		
58140	wozu		
58141	das		
58142	alles		
58143	!		
58144	Sie	8222	(mention_id=8198|references=(entity=(entity_id=entity_0004|fullname=Gertrud Baumhagen|gender=f)))
58145	erhob		
58146	sich	8223	(mention_id=8199|references=(entity=(entity_id=entity_0004|fullname=Gertrud Baumhagen|gender=f)))
58147	und		
58148	ging		
58149	aus		
58150	der		
58151	Stube		
58152	über		
58153	den		
58154	Korridor		
58155	in		
58156	ihres	8224	(mention_id=8200|references=(entity=(entity_id=entity_0004|fullname=Gertrud Baumhagen|gender=f)))
58157	Vaters	8225	(mention_id=8201|references=(entity=(entity_id=entity_0015|fullname=Leberecht Baumhagen|gender=m)))
58158	Zimmer		
58159	.		
58160	Was		
58161	Papa	8226	(mention_id=8202|references=(entity=(entity_id=entity_0015|fullname=Leberecht Baumhagen|gender=m)))
58162	getan		
58163	hatte		
58164	,		
58165	das		
58166	hatten		
58167	schon		
58168	Tausende	8227	(mention_id=8203|references=(entity=(entity_id=generic_0133|fullname=Tausende von suizidalen Menschen|gender=u|specialcase_entity=generic)))
58169	vor		
58170	ihm	8228	(mention_id=8204|references=(entity=(entity_id=entity_0015|fullname=Leberecht Baumhagen|gender=m)))
58171	getan		
58172	,		
58173	und		
58174	Tausende	8229	(mention_id=8205|references=(entity=(entity_id=generic_0134|fullname=Tausende von suizidalen Menschen|gender=u|specialcase_entity=generic)))
58175	werden		
58176	es		
58177	noch		
58178	tun		
58179	–		
58180	man		
58181	muß		
58182	ja		
58183	nicht		
58184	leben		
58185	!		
58186	Auf		
58187	dem		
58188	Nachttischchen		
58189	am		
58190	Bette		
58191	stand		
58192	noch		
58193	das		
58194	Glas		
58195	mit		
58196	dem		
58197	geschliffenen		
58198	Namenszug		
58199	,		
58200	daraus		
58201	hatte		
58202	er	8230	(mention_id=8206|references=(entity=(entity_id=entity_0015|fullname=Leberecht Baumhagen|gender=m)))
58203	das		
58204	Schreckliche		
58205	getrunken		
58206	.		
58207	Man		
58208	hatte		
58209	das		
58210	Gefäß		
58211	gereinigt		
58212	und		
58213	wieder		
58214	dorthin		
58215	gestellt		
58216	.		
58217	–		
58218	Sie	8231	(mention_id=8207|references=(entity=(entity_id=entity_0004|fullname=Gertrud Baumhagen|gender=f)))
58219	tat		
58220	ein		
58221	paar		
58222	Schritte		
58223	nach		
58224	dem		
58225	Fenster		
58226	und		
58227	zuckte		
58228	zusammen		
58229	,		
58230	ach		
58231	so		
58232	–		
58233	ihr	8232	(mention_id=8208|references=(entity=(entity_id=entity_0004|fullname=Gertrud Baumhagen|gender=f)))
58234	Spiegelbild		
58235	.		
58236	Sie	8233	(mention_id=8209|references=(entity=(entity_id=entity_0004|fullname=Gertrud Baumhagen|gender=f)))
58237	trat		
58238	rasch		
58239	vor		
58240	das		
58241	blinkende		
58242	Glas		
58243	und		
58244	sah		
58245	hinein		
58246	,		
58247	es		
58248	war		
58249	ein		
58250	wunderlicher		
58251	,		
58252	bläulicher		
58253	Schimmer		
58254	darinnen		
58255	,		
58256	und		
58257	totenblaß		
58258	schaute		
58259	ihr	8234	(mention_id=8210|references=(entity=(entity_id=entity_0004|fullname=Gertrud Baumhagen|gender=f)))
58260	schmales		
58261	Antlitz		
58262	sie	8235	(mention_id=8211|references=(entity=(entity_id=entity_0004|fullname=Gertrud Baumhagen|gender=f)))
58263	an		
58264	.		
58265	Die		
58266	tiefen		
58267	Schatten		
58268	unter		
58269	den		
58270	Augen		
58271	zogen		
58272	sich		
58273	bis		
58274	auf		
58275	die		
58276	Wangen		
58277	herab		
58278	.		
58279	Schaudernd		
58280	wandte		
58281	sie	8236	(mention_id=8212|references=(entity=(entity_id=entity_0004|fullname=Gertrud Baumhagen|gender=f)))
58282	sich	8237	(mention_id=8213|references=(entity=(entity_id=entity_0004|fullname=Gertrud Baumhagen|gender=f)))
58283	,		
58284	es		
58285	leuchtete		
58286	ihr	8238	(mention_id=8214|references=(entity=(entity_id=entity_0004|fullname=Gertrud Baumhagen|gender=f)))
58287	etwas		
58288	Unheimliches		
58289	aus		
58290	den		
58291	eigenen		
58292	Zügen		
58293	entgegen		
58294	.		
58295	Und		
58296	wieder		
58297	stand		
58298	sie	8239	(mention_id=8215|references=(entity=(entity_id=entity_0004|fullname=Gertrud Baumhagen|gender=f)))
58299	und		
58300	grübelte		
58301	.		
58302	Was		
58303	bot		
58304	ihr	8240	(mention_id=8216|references=(entity=(entity_id=entity_0004|fullname=Gertrud Baumhagen|gender=f)))
58305	das		
58306	Leben		
58307	noch		
58308	?		
58309	Mit		
58310	ihm		(mention_id=8217|references=(entity=(entity_id=entity_0001|fullname=Franz Linden|gender=m)))
58311	war		
58312	alles		
58313	hin		
58314	,		
58315	alles		
58316	!		
58317	»		
58318	Frau	8241	(mention_id=8218|references=(entity=(entity_id=entity_0004|fullname=Gertrud Baumhagen|gender=f)))
58319	Linden	8241	(mention_id=8218|references=(entity=(entity_id=entity_0004|fullname=Gertrud Baumhagen|gender=f)))
58320	«		
58321	,		
58322	schallte		
58323	es		
58324	hinter		
58325	ihr	8242	(mention_id=8219|references=(entity=(entity_id=entity_0004|fullname=Gertrud Baumhagen|gender=f)))
58326	,		
58327	»		
58328	der		
58329	Herr	8243	(mention_id=8220|references=(entity=(entity_id=entity_0272|fullname=Rechtsanwalt K.|gender=m)))
58330	Rechtsanwalt	8243	(mention_id=8220|references=(entity=(entity_id=entity_0272|fullname=Rechtsanwalt K.|gender=m)))
58331	!		
58332	«		
58333	Sie	8244	(mention_id=8221|references=(entity=(entity_id=entity_0004|fullname=Gertrud Baumhagen|gender=f)))
58334	nickte		
58335	:		
58336	»		
58337	Nach		
58338	meinem	8245	(mention_id=8222|references=(entity=(entity_id=entity_0004|fullname=Gertrud Baumhagen|gender=f)))
58339	Zimmer		
58340	!		
58341	«		
58342	Ach		
58343	ja		
58344	,		
58345	sie	8246	(mention_id=8223|references=(entity=(entity_id=entity_0004|fullname=Gertrud Baumhagen|gender=f)))
58346	hatte		
58347	vergessen		
58348	,		
58349	daß		
58350	sie	8247	(mention_id=8224|references=(entity=(entity_id=entity_0004|fullname=Gertrud Baumhagen|gender=f)))
58351	ihn	8248	(mention_id=8225|references=(entity=(entity_id=entity_0272|fullname=Rechtsanwalt K.|gender=m)))
58352	um		
58353	seinen	8249	(mention_id=8226|references=(entity=(entity_id=entity_0272|fullname=Rechtsanwalt K.|gender=m)))
58354	Besuch		
58355	gebeten		
58356	hatte		
58357	.		
58358	Heute		
58359	schon		
58360	kam		
58361	er	8250	(mention_id=8227|references=(entity=(entity_id=entity_0272|fullname=Rechtsanwalt K.|gender=m)))
58362	.		
58363	Erst		
58364	gestern		
58365	hatte		
58366	sie	8251	(mention_id=8228|references=(entity=(entity_id=entity_0004|fullname=Gertrud Baumhagen|gender=f)))
58367	an		
58368	ihn	8252	(mention_id=8229|references=(entity=(entity_id=entity_0272|fullname=Rechtsanwalt K.|gender=m)))
58369	geschrieben		
58370	.		
58371	Aber		
58372	es		
58373	war		
58374	gut		
58375	so		
58376	,		
58377	es		
58378	mußte		
58379	ein		
58380	Anfang		
58381	gemacht		
58382	werden		
58383	.		
58384	Sie	8253	(mention_id=8230|references=(entity=(entity_id=entity_0004|fullname=Gertrud Baumhagen|gender=f)))
58385	wendete		
58386	sich	8254	(mention_id=8231|references=(entity=(entity_id=entity_0004|fullname=Gertrud Baumhagen|gender=f)))
58387	wieder		
58388	um		
58389	.		
58390	Mochte		
58391	er	8255	(mention_id=8232|references=(entity=(entity_id=entity_0272|fullname=Rechtsanwalt K.|gender=m)))
58392	warten		
58393	,		
58394	sie	8256	(mention_id=8233|references=(entity=(entity_id=entity_0004|fullname=Gertrud Baumhagen|gender=f)))
58395	konnte		
58396	nicht		
58397	hinübergehen		
58398	jetzt		
58399	.		
58400	Sie	8257	(mention_id=8234|references=(entity=(entity_id=entity_0004|fullname=Gertrud Baumhagen|gender=f)))
58401	trat		
58402	ans		
58403	Fenster		
58404	und		
58405	sah		
58406	,		
58407	wie		
58408	bleifarbig		
58409	schweres		
58410	Gewölk		
58411	am		
58412	Himmel		
58413	aufstieg		
58414	;		
58415	es		
58416	braute		
58417	sich		
58418	ein		
58419	Wetter		
58420	zusammen		
58421	im		
58422	Westen		
58423	.		
58424	Mut		
58425	,		
58426	nur		
58427	Mut		
58428	!		
58429	Wenn		
58430	es		
58431	vorüber		
58432	ist		
58433	,		
58434	lächelt		
58435	die		
58436	Sonne		
58437	wieder		
58438	.		
58439	Zuweilen		
58440	richtet		
58441	sich		
58442	ein		
58443	gebrochener		
58444	Stamm		
58445	auch		
58446	nicht		
58447	wieder		
58448	auf		
58449	–		
58450	desto		
58451	besser		
58452	!		
58453	Nur		
58454	nicht		
58455	mehr		
58456	diese		
58457	Stille		
58458	,		
58459	diese		
58460	Schwüle		
58461	.		
58462	Handeln		
58463	,		
58464	handeln		
58465	–		
58466	sollte		
58467	auch		
58468	–		
58469	»		
58470	Gnädige		
58471	Frau	8258	(mention_id=8235|references=(entity=(entity_id=entity_0004|fullname=Gertrud Baumhagen|gender=f)))
58472	!		
58473	«		
58474	rief		
58475	es		
58476	noch		
58477	einmal		
58478	mahnend		
58479	.		
58480	Da		
58481	faßte		
58482	sie	8259	(mention_id=8236|references=(entity=(entity_id=entity_0004|fullname=Gertrud Baumhagen|gender=f)))
58483	sich	8260	(mention_id=8237|references=(entity=(entity_id=entity_0004|fullname=Gertrud Baumhagen|gender=f)))
58484	und		
58485	ging		
58486	.		
58487	Sie	8261	(mention_id=8238|references=(entity=(entity_id=entity_0004|fullname=Gertrud Baumhagen|gender=f)))
58488	kannte		
58489	ihn	8262	(mention_id=8239|references=(entity=(entity_id=entity_0272|fullname=Rechtsanwalt K.|gender=m)))
58490	gut		
58491	,		
58492	den		
58493	alten		
58494	Herrn	8263	(mention_id=8240|references=(entity=(entity_id=entity_0272|fullname=Rechtsanwalt K.|gender=m)))
58495	,		
58496	der	8264	(mention_id=8241|references=(entity=(entity_id=entity_0272|fullname=Rechtsanwalt K.|gender=m)))
58497	ihr	8265	(mention_id=8242|references=(entity=(entity_id=entity_0004|fullname=Gertrud Baumhagen|gender=f)))
58498	freundlich		
58499	ernst		
58500	entgegenschritt		
58501	;		
58502	aber		
58503	sie	8266	(mention_id=8243|references=(entity=(entity_id=entity_0004|fullname=Gertrud Baumhagen|gender=f)))
58504	konnte		
58505	kein		
58506	Wort		
58507	zu		
58508	ihm	8267	(mention_id=8244|references=(entity=(entity_id=entity_0272|fullname=Rechtsanwalt K.|gender=m)))
58509	sprechen		
58510	;		
58511	nur		
58512	eine		
58513	stumme		
58514	Handbewegung		
58515	nach		
58516	dem		
58517	nächsten		
58518	Sessel		
58519	.		
58520	Er	8268	(mention_id=8245|references=(entity=(entity_id=entity_0272|fullname=Rechtsanwalt K.|gender=m)))
58521	wußte		
58522	ja		
58523	,		
58524	worum		
58525	es		
58526	sich		
58527	handelte		
58528	;		
58529	mochte		
58530	er	8269	(mention_id=8246|references=(entity=(entity_id=entity_0272|fullname=Rechtsanwalt K.|gender=m)))
58531	das		
58532	schreckliche		
58533	Gespräch		
58534	eröffnen		
58535	.		
58536	»		
58537	Sie	8270	(mention_id=8247|references=(entity=(entity_id=entity_0004|fullname=Gertrud Baumhagen|gender=f)))
58538	wünschen		
58539	meinen	8271	(mention_id=8248|references=(entity=(entity_id=entity_0004|fullname=Gertrud Baumhagen|gender=f)))
58540	Beistand		
58541	,		
58542	gnädige		
58543	Frau	8272	(mention_id=8249|references=(entity=(entity_id=entity_0004|fullname=Gertrud Baumhagen|gender=f)))
58544	,		
58545	in		
58546	dieser		
58547	recht		
58548	schweren		
58549	Angelegenheit		
58550	?		
58551	«		
58552	»		
58553	Ja		
58554	,		
58555	ich	8273	(mention_id=8250|references=(entity=(entity_id=entity_0004|fullname=Gertrud Baumhagen|gender=f)))
58556	wünsche		
58557	,		
58558	daß		
58559	Sie	8274	(mention_id=8251|references=(entity=(entity_id=entity_0272|fullname=Rechtsanwalt K.|gender=m)))
58560	mich	8275	(mention_id=8252|references=(entity=(entity_id=entity_0004|fullname=Gertrud Baumhagen|gender=f)))
58561	vertreten		
58562	«		
58563	,		
58564	sagte		
58565	sie	8276	(mention_id=8253|references=(entity=(entity_id=entity_0004|fullname=Gertrud Baumhagen|gender=f)))
58566	und		
58567	schaute		
58568	an		
58569	ihm	8277	(mention_id=8254|references=(entity=(entity_id=entity_0272|fullname=Rechtsanwalt K.|gender=m)))
58570	vorüber		
58571	in		
58572	die		
58573	Zimmerecke		
58574	,		
58575	»		
58576	und		
58577	ich	8278	(mention_id=8255|references=(entity=(entity_id=entity_0004|fullname=Gertrud Baumhagen|gender=f)))
58578	möchte		
58579	vor		
58580	allen		
58581	Dingen		
58582	,		
58583	daß		
58584	–		
58585	Herr	8279	(mention_id=8256|references=(entity=(entity_id=entity_0001|fullname=Franz Linden|gender=m)))
58586	Linden	8279	(mention_id=8256|references=(entity=(entity_id=entity_0001|fullname=Franz Linden|gender=m)))
58587	die		
58588	Bestimmung		
58589	erfährt		
58590	,		
58591	die		
58592	ich	8280	(mention_id=8257|references=(entity=(entity_id=entity_0004|fullname=Gertrud Baumhagen|gender=f)))
58593	für		
58594	diesen		
58595	Fall		
58596	getroffen		
58597	habe		
58598	.		
58599	Ich	8281	(mention_id=8258|references=(entity=(entity_id=entity_0004|fullname=Gertrud Baumhagen|gender=f)))
58600	lasse		
58601	ihn	8282	(mention_id=8259|references=(entity=(entity_id=entity_0001|fullname=Franz Linden|gender=m)))
58602	im		
58603	Besitz		
58604	meines	8283	(mention_id=8260|references=(entity=(entity_id=entity_0004|fullname=Gertrud Baumhagen|gender=f)))
58605	ganzen		
58606	Vermögens		
58607	bis		
58608	auf		
58609	dieses		
58610	Haus		
58611	und		
58612	das		
58613	Kapital		
58614	,		
58615	welches		
58616	in		
58617	meines	8284	(mention_id=8261|references=(entity=(entity_id=entity_0004|fullname=Gertrud Baumhagen|gender=f)))
58618	Schwagers	8285	(mention_id=8262|references=(entity=(entity_id=entity_0007|fullname=Artur Fredrich|gender=m)))
58619	Fabrik		
58620	eingetragen		
58621	ist		
58622	.		
58623	«		
58624	Sie	8286	(mention_id=8263|references=(entity=(entity_id=entity_0004|fullname=Gertrud Baumhagen|gender=f)))
58625	sprach		
58626	das		
58627	so		
58628	hastig		
58629	,		
58630	als		
58631	hätte		
58632	sie	8287	(mention_id=8264|references=(entity=(entity_id=entity_0004|fullname=Gertrud Baumhagen|gender=f)))
58633	es		
58634	auswendig		
58635	gelernt		
58636	.		
58637	»		
58638	Ist		
58639	es		
58640	Ihnen	8288	(mention_id=8265|references=(entity=(entity_id=entity_0004|fullname=Gertrud Baumhagen|gender=f)))
58641	denn		
58642	gar		
58643	so		
58644	ernst		
58645	darum		
58646	?		
58647	«		
58648	fragte		
58649	der		
58650	alte		
58651	Mann	8289	(mention_id=8266|references=(entity=(entity_id=entity_0272|fullname=Rechtsanwalt K.|gender=m)))
58652	.		
58653	In		
58654	ihren	8290	(mention_id=8267|references=(entity=(entity_id=entity_0004|fullname=Gertrud Baumhagen|gender=f)))
58655	Augen		
58656	blitzte		
58657	es		
58658	auf		
58659	.		
58660	»		
58661	Denken		
58662	Sie	8291	(mention_id=8268|references=(entity=(entity_id=entity_0272|fullname=Rechtsanwalt K.|gender=m)))
58663	,		
58664	ich	8292	(mention_id=8269|references=(entity=(entity_id=entity_0004|fullname=Gertrud Baumhagen|gender=f)))
58665	treibe		
58666	Scherz		
58667	mit		
58668	so		
58669	traurigen		
58670	Dingen		
58671	?		
58672	«		
58673	»		
58674	Und		
58675	glauben		
58676	Sie	8293	
58677	,		
58678	daß		
58679	Ihr	8294	(mention_id=8270|references=(entity=(entity_id=entity_0004|fullname=Gertrud Baumhagen|gender=f)))
58680	Herr	8295	(mention_id=8271|references=(entity=(entity_id=entity_0001|fullname=Franz Linden|gender=m)))
58681	Gemahl	8295	(mention_id=8271|references=(entity=(entity_id=entity_0001|fullname=Franz Linden|gender=m)))
58682	einverstanden		
58683	sein		
58684	wird		
58685	?		
58686	«		
58687	»		
58688	Es		
58689	ist		
58690	Ihre	8296	(mention_id=8272|references=(entity=(entity_id=entity_0272|fullname=Rechtsanwalt K.|gender=m)))
58691	Sache		
58692	,		
58693	Herr	8297	(mention_id=8273|references=(entity=(entity_id=entity_0272|fullname=Rechtsanwalt K.|gender=m)))
58694	Rechtsanwalt	8297	(mention_id=8273|references=(entity=(entity_id=entity_0272|fullname=Rechtsanwalt K.|gender=m)))
58695	,		
58696	dies		
58697	zu		
58698	vermitteln		
58699	.		
58700	«		
58701	Er	8298	(mention_id=8274|references=(entity=(entity_id=entity_0272|fullname=Rechtsanwalt K.|gender=m)))
58702	verbeugte		
58703	sich	8299	(mention_id=8275|references=(entity=(entity_id=entity_0272|fullname=Rechtsanwalt K.|gender=m)))
58704	stumm		
58705	.		
58706	Auch		
58707	sie	8300	(mention_id=8276|references=(entity=(entity_id=entity_0004|fullname=Gertrud Baumhagen|gender=f)))
58708	schwieg		
58709	.		
58710	Eine		
58711	unheimliche		
58712	Stille		
58713	herrschte		
58714	im		
58715	Zimmer		
58716	,		
58717	im		
58718	ganzen		
58719	Hause		
58720	,		
58721	Trudchen	8301	(mention_id=8277|references=(entity=(entity_id=entity_0004|fullname=Gertrud Baumhagen|gender=f)))
58722	war		
58723	es		
58724	,		
58725	als		
58726	sei		
58727	eben		
58728	ein		
58729	Todesurteil		
58730	unterzeichnet		
58731	worden		
58732	.		
58733	»		
58734	Es		
58735	gibt		
58736	böses		
58737	Wetter		
58738	heute		
58739	«		
58740	,		
58741	sagte		
58742	der		
58743	Rechtsanwalt	8302	(mention_id=8278|references=(entity=(entity_id=entity_0272|fullname=Rechtsanwalt K.|gender=m)))
58744	nach		
58745	einer		
58746	Weile		
58747	;		
58748	»		
58749	ich	8303	(mention_id=8279|references=(entity=(entity_id=entity_0272|fullname=Rechtsanwalt K.|gender=m)))
58750	werde		
58751	mich	8304	(mention_id=8280|references=(entity=(entity_id=entity_0272|fullname=Rechtsanwalt K.|gender=m)))
58752	bald		
58753	beurlauben		
58754	müssen		
58755	,		
58756	gnädige		
58757	Frau	8305	(mention_id=8281|references=(entity=(entity_id=entity_0004|fullname=Gertrud Baumhagen|gender=f)))
58758	.		
58759	Und		
58760	da		
58761	ich	8306	(mention_id=8282|references=(entity=(entity_id=entity_0272|fullname=Rechtsanwalt K.|gender=m)))
58762	auf		
58763	halbem		
58764	Wege		
58765	bin		
58766	,		
58767	werde		
58768	ich	8307	(mention_id=8283|references=(entity=(entity_id=entity_0272|fullname=Rechtsanwalt K.|gender=m)))
58769	nach		
58770	Niendorf		
58771	fahren		
58772	,		
58773	um		
58774	persönlich		
58775	mit		
58776	Ihrem	8308	(mention_id=8284|references=(entity=(entity_id=entity_0004|fullname=Gertrud Baumhagen|gender=f)))
58777	Herrn	8309	
58778	Gemahl	8309	
58779	zu		
58780	verhandeln		
58781	.		
58782	«		
58783	»		
58784	Heute		
58785	schon		
58786	?		
58787	«		
58788	Sie	8310	(mention_id=8285|references=(entity=(entity_id=entity_0004|fullname=Gertrud Baumhagen|gender=f)))
58789	hatte		
58790	es		
58791	erschreckt		
58792	ausgerufen		
58793	.		
58794	Er	8311	(mention_id=8286|references=(entity=(entity_id=entity_0272|fullname=Rechtsanwalt K.|gender=m)))
58795	zögerte		
58796	und		
58797	sah		
58798	sie	8312	(mention_id=8287|references=(entity=(entity_id=entity_0004|fullname=Gertrud Baumhagen|gender=f)))
58799	an		
58800	.		
58801	»		
58802	Sie	8313	(mention_id=8288|references=(entity=(entity_id=entity_0272|fullname=Rechtsanwalt K.|gender=m)))
58803	haben		
58804	recht		
58805	,		
58806	es		
58807	paßt		
58808	mir	8314	(mention_id=8289|references=(entity=(entity_id=entity_0272|fullname=Rechtsanwalt K.|gender=m)))
58809	auch		
58810	morgen		
58811	besser		
58812	,		
58813	sagen		
58814	wir	8315	(mention_id=8290|references=(entity=(entity_id=entity_0272|fullname=Rechtsanwalt K.|gender=m)),(entity=(entity_id=entity_0004|fullname=Gertrud Baumhagen|gender=f)))
58815	übermorgen		
58816	.		
58817	«		
58818	»		
58819	Nein		
58820	!		
58821	«		
58822	widerrief		
58823	sie	8316	(mention_id=8291|references=(entity=(entity_id=entity_0004|fullname=Gertrud Baumhagen|gender=f)))
58824	hastig		
58825	,		
58826	»		
58827	sprechen		
58828	Sie	8317	(mention_id=8292|references=(entity=(entity_id=entity_0272|fullname=Rechtsanwalt K.|gender=m)))
58829	heute		
58830	noch		
58831	,		
58832	gleich		
58833	,		
58834	darüber		
58835	–		
58836	es		
58837	ist		
58838	ja		
58839	besser		
58840	,		
58841	viel		
58842	besser		
58843	!		
58844	«		
58845	Sie	8318	(mention_id=8293|references=(entity=(entity_id=entity_0004|fullname=Gertrud Baumhagen|gender=f)))
58846	erhob		
58847	sich	8319	(mention_id=8294|references=(entity=(entity_id=entity_0004|fullname=Gertrud Baumhagen|gender=f)))
58848	verwirrt		
58849	.		
58850	Ihr	8320	(mention_id=8295|references=(entity=(entity_id=entity_0004|fullname=Gertrud Baumhagen|gender=f)))
58851	Kopfschmerz		
58852	,		
58853	das		
58854	Bewußtsein		
58855	,		
58856	nun		
58857	komme		
58858	der		
58859	Stein		
58860	ins		
58861	Rollen		
58862	,		
58863	stürmten		
58864	auf		
58865	sie	8321	(mention_id=8296|references=(entity=(entity_id=entity_0004|fullname=Gertrud Baumhagen|gender=f)))
58866	ein		
58867	.		
58868	Mechanisch		
58869	begleitete		
58870	sie	8322	(mention_id=8297|references=(entity=(entity_id=entity_0004|fullname=Gertrud Baumhagen|gender=f)))
58871	den		
58872	Herrn	8323	(mention_id=8298|references=(entity=(entity_id=entity_0272|fullname=Rechtsanwalt K.|gender=m)))
58873	bis		
58874	an		
58875	die		
58876	Treppe		
58877	.		
58878	Dann		
58879	stand		
58880	sie	8324	(mention_id=8299|references=(entity=(entity_id=entity_0004|fullname=Gertrud Baumhagen|gender=f)))
58881	auf		
58882	dem		
58883	Korridor		
58884	,		
58885	die		
58886	Hand		
58887	an		
58888	die		
58889	schmerzende		
58890	Schläfe		
58891	gelegt		
58892	,		
58893	schier		
58894	betäubt		
58895	.		
58896	In		
58897	der		
58898	Küche		
58899	hörte		
58900	sie	8325	(mention_id=8300|references=(entity=(entity_id=entity_0004|fullname=Gertrud Baumhagen|gender=f)))
58901	Johanne	8326	(mention_id=8301|references=(entity=(entity_id=entity_0012|fullname=Johanne|gender=f)))
58902	,		
58903	und		
58904	als		
58905	ertrüge		
58906	sie	8327	(mention_id=8302|references=(entity=(entity_id=entity_0004|fullname=Gertrud Baumhagen|gender=f)))
58907	die		
58908	Einsamkeit		
58909	nicht		
58910	mehr		
58911	,		
58912	trat		
58913	sie	8328	(mention_id=8303|references=(entity=(entity_id=entity_0004|fullname=Gertrud Baumhagen|gender=f)))
58914	hinein		
58915	und		
58916	setzte		
58917	sich	8329	(mention_id=8304|references=(entity=(entity_id=entity_0004|fullname=Gertrud Baumhagen|gender=f)))
58918	auf		
58919	den		
58920	sauberen		
58921	Bretterstuhl		
58922	neben		
58923	dem		
58924	weißgescheuerten		
58925	Tisch		
58926	.		
58927	Johanne	8330	(mention_id=8305|references=(entity=(entity_id=entity_0012|fullname=Johanne|gender=f)))
58928	stand		
58929	davor		
58930	und		
58931	wühlte		
58932	zwischen		
58933	Efeublättern		
58934	und		
58935	Zypressenzweigen		
58936	.		
58937	Sie	8331	(mention_id=8306|references=(entity=(entity_id=entity_0012|fullname=Johanne|gender=f)))
58938	hatte		
58939	rotgeweinte		
58940	Augen		
58941	,		
58942	und		
58943	es		
58944	fielen		
58945	noch		
58946	immer		
58947	ein		
58948	paar		
58949	Tropfen		
58950	auf		
58951	ihre	8332	(mention_id=8307|references=(entity=(entity_id=entity_0012|fullname=Johanne|gender=f)))
58952	Hände		
58953	,		
58954	die		
58955	einen		
58956	Kranz		
58957	banden		
58958	.		
58959	Die		
58960	ganze		
58961	Küche		
58962	roch		
58963	wie		
58964	Tod		
58965	und		
58966	Begräbnis		
58967	.		
58968	»		
58969	Was		
58970	machst		
58971	du	8333	(mention_id=8308|references=(entity=(entity_id=entity_0012|fullname=Johanne|gender=f)))
58972	da		
58973	?		
58974	«		
58975	fragte		
58976	Trudchen	8334	(mention_id=8309|references=(entity=(entity_id=entity_0004|fullname=Gertrud Baumhagen|gender=f)))
58977	.		
58978	Johanne	8335	(mention_id=8310|references=(entity=(entity_id=entity_0012|fullname=Johanne|gender=f)))
58979	sah		
58980	zur		
58981	Seite		
58982	und		
58983	unterdrückte		
58984	ein		
58985	Aufschluchzen		
58986	.		
58987	»		
58988	Morgen		
58989	wird's		
58990	ein		
58991	Jahr		
58992	«		
58993	,		
58994	sagte		
58995	sie	8336	(mention_id=8311|references=(entity=(entity_id=entity_0012|fullname=Johanne|gender=f)))
58996	halberstickt		
58997	,		
58998	»		
58999	da		
59000	brachten		
59001	sie	8337	(mention_id=8312|references=(entity=(entity_id=entity_0297|fullname=Leute, die Fritze nach Hause brachten|gender=u)))
59002	ihn	8338	
59003	mir	8339	(mention_id=8313|references=(entity=(entity_id=entity_0012|fullname=Johanne|gender=f)))
59004	tot		
59005	ins		
59006	Haus		
59007	.		
59008	«		
59009	»		
59010	Ja		
59011	richtig		
59012	!		
59013	«		
59014	Die		
59015	beiden		
59016	Frauen	8340	(mention_id=8314|references=(entity=(entity_id=entity_0004|fullname=Gertrud Baumhagen|gender=f)),(entity=(entity_id=entity_0012|fullname=Johanne|gender=f)))
59017	sahen		
59018	sich	8341	(mention_id=8315|references=(entity=(entity_id=entity_0004|fullname=Gertrud Baumhagen|gender=f)),(entity=(entity_id=entity_0012|fullname=Johanne|gender=f)))
59019	tief		
59020	in		
59021	die		
59022	traurigen		
59023	Augen		
59024	,		
59025	jede	8342	(mention_id=8316|references=(entity=(entity_id=entity_0004|fullname=Gertrud Baumhagen|gender=f)),(entity=(entity_id=entity_0012|fullname=Johanne|gender=f)))
59026	mit		
59027	dem		
59028	Gedanken		
59029	,		
59030	sie	8343	(mention_id=8317|references=(entity=(entity_id=entity_0004|fullname=Gertrud Baumhagen|gender=f)),(entity=(entity_id=entity_0012|fullname=Johanne|gender=f)))
59031	wäre		
59032	die		
59033	Unglücklichste	8344	(mention_id=8318|references=(entity=(entity_id=entity_0004|fullname=Gertrud Baumhagen|gender=f)),(entity=(entity_id=entity_0012|fullname=Johanne|gender=f)))
59034	.		
59035	Ach		
59036	,		
59037	aber		
59038	da		
59039	stand		
59040	der		
59041	Wagen		
59042	mit		
59043	dem		
59044	schlafenden		
59045	Kinde	8345	(mention_id=8319|references=(entity=(entity_id=entity_0014|fullname=Täufling|gender=m)))
59046	,		
59047	und		
59048	das	8346	
59049	gehörte		
59050	Johanne	8347	(mention_id=8320|references=(entity=(entity_id=entity_0012|fullname=Johanne|gender=f)))
59051	.		
59052	Und		
59053	Johanne	8348	(mention_id=8321|references=(entity=(entity_id=entity_0012|fullname=Johanne|gender=f)))
59054	konnte		
59055	an		
59056	ihn	8349	(mention_id=8322|references=(entity=(entity_id=entity_0060|fullname=Fritze|gender=m)))
59057	denken		
59058	ohne		
59059	anderes		
59060	Weh		
59061	und		
59062	Herzeleid		
59063	,		
59064	als		
59065	die		
59066	Trauer		
59067	um		
59068	seinen	8350	(mention_id=8323|references=(entity=(entity_id=entity_0060|fullname=Fritze|gender=m)))
59069	Verlust		
59070	.		
59071	Durch		
59072	den		
59073	Tod		
59074	verloren		
59075	–		
59076	es		
59077	ist		
59078	nicht		
59079	halb		
59080	so		
59081	schwer		
59082	,		
59083	als		
59084	durch		
59085	das		
59086	Leben		
59087	.		
59088	Trudchen	8351	(mention_id=8324|references=(entity=(entity_id=entity_0004|fullname=Gertrud Baumhagen|gender=f)))
59089	fand		
59090	kein		
59091	Wort		
59092	der		
59093	Teilnahme		
59094	.		
59095	»		
59096	Wie		
59097	man's		
59098	nur		
59099	überleben		
59100	kann		
59101	«		
59102	,		
59103	schluchzte		
59104	die		
59105	junge		
59106	Witwe	8352	(mention_id=8325|references=(entity=(entity_id=entity_0012|fullname=Johanne|gender=f)))
59107	.		
59108	»		
59109	So		
59110	frisch		
59111	und		
59112	gesund		
59113	ging		
59114	er	8353	(mention_id=8326|references=(entity=(entity_id=entity_0060|fullname=Fritze|gender=m)))
59115	über		
59116	die		
59117	Schwelle		
59118	,		
59119	ich	8354	(mention_id=8327|references=(entity=(entity_id=entity_0012|fullname=Johanne|gender=f)))
59120	meine		
59121	immer		
59122	noch		
59123	,		
59124	ich	8355	(mention_id=8328|references=(entity=(entity_id=entity_0012|fullname=Johanne|gender=f)))
59125	sehe		
59126	ihn	8356	(mention_id=8329|references=(entity=(entity_id=entity_0060|fullname=Fritze|gender=m)))
59127	die		
59128	Gasse		
59129	hinaufschreiten		
59130	.		
59131	Und		
59132	gerade		
59133	am		
59134	Abend		
59135	vorher		
59136	hatten		
59137	wir	8357	(mention_id=8330|references=(entity=(entity_id=entity_0012|fullname=Johanne|gender=f)),(entity=(entity_id=entity_0060|fullname=Fritze|gender=m)))
59138	uns	8358	(mention_id=8331|references=(entity=(entity_id=entity_0012|fullname=Johanne|gender=f)),(entity=(entity_id=entity_0060|fullname=Fritze|gender=m)))
59139	zum		
59140	ersten		
59141	Male		
59142	ein		
59143	wenig		
59144	ernsthaft		
59145	gezankt		
59146	,		
59147	und		
59148	ich	8359	(mention_id=8332|references=(entity=(entity_id=entity_0012|fullname=Johanne|gender=f)))
59149	hatte		
59150	gedacht		
59151	:		
59152	›		
59153	Wart		
59154	,		
59155	du	8360	(mention_id=8333|references=(entity=(entity_id=entity_0060|fullname=Fritze|gender=m)))
59156	sollst		
59157	schon		
59158	betteln		
59159	um		
59160	ein		
59161	freundlich		
59162	Wörtchen		
59163	.		
59164	‹		
59165	Und		
59166	da		
59167	hab'		
59168	ich	8361	(mention_id=8334|references=(entity=(entity_id=entity_0012|fullname=Johanne|gender=f)))
59169	mich	8362	(mention_id=8335|references=(entity=(entity_id=entity_0012|fullname=Johanne|gender=f)))
59170	ohne		
59171	›		
59172	Gute		
59173	Nacht		
59174	!		
59175	‹		
59176	zu		
59177	Bette		
59178	gelegt		
59179	und		
59180	hab'		
59181	ihm	8363	(mention_id=8336|references=(entity=(entity_id=entity_0060|fullname=Fritze|gender=m)))
59182	am		
59183	andern		
59184	Tage		
59185	früh		
59186	keinen		
59187	Kaffee		
59188	gekocht		
59189	.		
59190	Ich	8364	(mention_id=8337|references=(entity=(entity_id=entity_0012|fullname=Johanne|gender=f)))
59191	hörte		
59192	ihn	8365	(mention_id=8338|references=(entity=(entity_id=entity_0060|fullname=Fritze|gender=m)))
59193	so		
59194	herumhantieren		
59195	in		
59196	der		
59197	Stube		
59198	und		
59199	freute		
59200	mich	8366	(mention_id=8339|references=(entity=(entity_id=entity_0012|fullname=Johanne|gender=f)))
59201	in		
59202	mich	8367	(mention_id=8340|references=(entity=(entity_id=entity_0012|fullname=Johanne|gender=f)))
59203	hinein		
59204	,		
59205	daß		
59206	er	8368	(mention_id=8341|references=(entity=(entity_id=entity_0060|fullname=Fritze|gender=m)))
59207	so		
59208	nüchtern		
59209	fort		
59210	mußte		
59211	.		
59212	Er	8369	(mention_id=8342|references=(entity=(entity_id=entity_0060|fullname=Fritze|gender=m)))
59213	kam		
59214	nochmal		
59215	an		
59216	mein	8370	(mention_id=8343|references=(entity=(entity_id=entity_0012|fullname=Johanne|gender=f)))
59217	Bett		
59218	und		
59219	sah		
59220	mir	8371	(mention_id=8344|references=(entity=(entity_id=entity_0012|fullname=Johanne|gender=f)))
59221	ins		
59222	Gesicht		
59223	,		
59224	und		
59225	ich	8372	(mention_id=8345|references=(entity=(entity_id=entity_0012|fullname=Johanne|gender=f)))
59226	tat		
59227	,		
59228	als		
59229	ob		
59230	ich	8373	(mention_id=8346|references=(entity=(entity_id=entity_0012|fullname=Johanne|gender=f)))
59231	schliefe		
59232	.		
59233	Wie		
59234	er	8374	(mention_id=8347|references=(entity=(entity_id=entity_0060|fullname=Fritze|gender=m)))
59235	aber		
59236	kaum		
59237	die		
59238	Haustür		
59239	zu		
59240	hat		
59241	,		
59242	bin		
59243	ich	8375	(mention_id=8348|references=(entity=(entity_id=entity_0012|fullname=Johanne|gender=f)))
59244	schon		
59245	auf		
59246	den		
59247	Füßen		
59248	und		
59249	sehe		
59250	ihm	8376	(mention_id=8349|references=(entity=(entity_id=entity_0060|fullname=Fritze|gender=m)))
59251	nach		
59252	.		
59253	Er	8377	(mention_id=8350|references=(entity=(entity_id=entity_0060|fullname=Fritze|gender=m)))
59254	war		
59255	ja		
59256	mein	8378	(mention_id=8351|references=(entity=(entity_id=entity_0012|fullname=Johanne|gender=f)))
59257	ganzer		
59258	Stolz		
59259	.		
59260	Das		
59261	letztemal		
59262	ist's		
59263	gewesen		
59264	,		
59265	keine		
59266	zwei		
59267	Stunden		
59268	später		
59269	haben		
59270	sie	8379	(mention_id=8352|references=(entity=(entity_id=entity_0297|fullname=Leute, die Fritze nach Hause brachten|gender=u)))
59271	ihn	8380	(mention_id=8353|references=(entity=(entity_id=entity_0060|fullname=Fritze|gender=m)))
59272	mir	8381	(mention_id=8354|references=(entity=(entity_id=entity_0012|fullname=Johanne|gender=f)))
59273	gebracht		
59274	.		
59275	Und		
59276	Tag		
59277	und		
59278	Nacht		
59279	habe		
59280	ich	8382	(mention_id=8355|references=(entity=(entity_id=entity_0012|fullname=Johanne|gender=f)))
59281	geschrien		
59282	auf		
59283	den		
59284	Knien		
59285	vor		
59286	ihm	8383	(mention_id=8356|references=(entity=(entity_id=entity_0060|fullname=Fritze|gender=m)))
59287	und		
59288	gefragt		
59289	,		
59290	ob		
59291	er	8384	(mention_id=8357|references=(entity=(entity_id=entity_0060|fullname=Fritze|gender=m)))
59292	noch		
59293	böse		
59294	ist		
59295	.		
59296	Und		
59297	habe		
59298	Gott	8385	(mention_id=8358|references=(entity=(entity_id=entity_0019|fullname=Gott|gender=u|specialcase_entity=nonfact)))
59299	gebeten		
59300	,		
59301	daß		
59302	er	8386	(mention_id=8359|references=(entity=(entity_id=entity_0019|fullname=Gott|gender=u|specialcase_entity=nonfact)))
59303	ihn	8387	(mention_id=8360|references=(entity=(entity_id=entity_0060|fullname=Fritze|gender=m)))
59304	nur		
59305	noch		
59306	einmal		
59307	die		
59308	Augen		
59309	auftun		
59310	läßt		
59311	,		
59312	daß		
59313	ich	8388	(mention_id=8361|references=(entity=(entity_id=entity_0012|fullname=Johanne|gender=f)))
59314	sagen		
59315	könnte		
59316	:		
59317	›		
59318	Adieu		
59319	,		
59320	Fritze	8389	(mention_id=8362|references=(entity=(entity_id=entity_0060|fullname=Fritze|gender=m)))
59321	,		
59322	komm		
59323	gesund		
59324	heim		
59325	,		
59326	Fritze	8390	(mention_id=8363|references=(entity=(entity_id=entity_0060|fullname=Fritze|gender=m)))
59327	!		
59328	‹		
59329	Aber		
59330	alles		
59331	umsonst		
59332	,		
59333	er	8391	(mention_id=8364|references=(entity=(entity_id=entity_0060|fullname=Fritze|gender=m)))
59334	hat		
59335	nichts		
59336	mehr		
59337	gehört		
59338	.		
59339	«		
59340	Trudchen	8392	(mention_id=8365|references=(entity=(entity_id=entity_0004|fullname=Gertrud Baumhagen|gender=f)))
59341	sprang		
59342	plötzlich		
59343	empor		
59344	und		
59345	verließ		
59346	die		
59347	Küche		
59348	.		
59349	Herr		(mention_id=8366|references=(entity=(entity_id=entity_0019|fullname=Gott|gender=u|specialcase_entity=nonfact)))
59350	Gott		(mention_id=8366|references=(entity=(entity_id=entity_0019|fullname=Gott|gender=u|specialcase_entity=nonfact)))
59351	im		
59352	Himmel		
59353	!		
59354	Sie	8393	(mention_id=8367|references=(entity=(entity_id=entity_0004|fullname=Gertrud Baumhagen|gender=f)))
59355	fühlte		
59356	sich	8394	(mention_id=8368|references=(entity=(entity_id=entity_0004|fullname=Gertrud Baumhagen|gender=f)))
59357	zum		
59358	Sterben		
59359	elend		
59360	.		
59361	In		
59362	tollem		
59363	Wirbel		
59364	drehte		
59365	es		
59366	sich		
59367	hinter		
59368	ihrer	8395	(mention_id=8369|references=(entity=(entity_id=entity_0004|fullname=Gertrud Baumhagen|gender=f)))
59369	Stirn		
59370	,		
59371	nicht		
59372	anders		
59373	,		
59374	als		
59375	ob		
59376	Verstand		
59377	und		
59378	klares		
59379	Denken		
59380	in		
59381	wilder		
59382	regelloser		
59383	Flucht		
59384	begriffen		
59385	seien		
59386	.		
59387	Sie	8396	(mention_id=8370|references=(entity=(entity_id=entity_0004|fullname=Gertrud Baumhagen|gender=f)))
59388	wollte		
59389	hier		
59390	das		
59391	fortsausende		
59392	Ende		
59393	eines		
59394	Gedankens		
59395	festhalten		
59396	und		
59397	konnte		
59398	ihn		
59399	nicht		
59400	mehr		
59401	haschen		
59402	,		
59403	und		
59404	dort		
59405	eine		
59406	Vorstellung		
59407	,		
59408	die		
59409	noch		
59410	vor		
59411	fünf		
59412	Minuten		
59413	in		
59414	schreckensvoller		
59415	Deutlichkeit		
59416	sie	8397	(mention_id=8371|references=(entity=(entity_id=entity_0004|fullname=Gertrud Baumhagen|gender=f)))
59417	gepackt		
59418	hatte		
59419	,		
59420	und		
59421	der		
59422	sie	8398	(mention_id=8372|references=(entity=(entity_id=entity_0004|fullname=Gertrud Baumhagen|gender=f)))
59423	sich	8399	(mention_id=8373|references=(entity=(entity_id=entity_0004|fullname=Gertrud Baumhagen|gender=f)))
59424	nun		
59425	nicht		
59426	mehr		
59427	zu		
59428	erinnern		
59429	wußte		
59430	,		
59431	trotz		
59432	allem		
59433	Sinnen		
59434	.		
59435	Nur		
59436	die		
59437	dumpfe		
59438	Angst		
59439	vor		
59440	etwas		
59441	Entsetzlichem		
59442	blieb		
59443	.		
59444	Es		
59445	war		
59446	wohl		
59447	die		
59448	schwüle		
59449	Gewitterluft		
59450	,		
59451	die		
59452	beängstigende		
59453	Stille		
59454	der		
59455	Natur		
59456	vor		
59457	dem		
59458	Unwetter		
59459	,		
59460	das		
59461	ihr	8400	(mention_id=8374|references=(entity=(entity_id=entity_0004|fullname=Gertrud Baumhagen|gender=f)))
59462	die		
59463	Nerven		
59464	empörte		
59465	.		
59466	Sie	8401	(mention_id=8375|references=(entity=(entity_id=entity_0004|fullname=Gertrud Baumhagen|gender=f)))
59467	klingelte		
59468	und		
59469	ließ		
59470	Eiswasser		
59471	bringen		
59472	.		
59473	Als		
59474	Johanne	8402	(mention_id=8376|references=(entity=(entity_id=entity_0012|fullname=Johanne|gender=f)))
59475	das		
59476	tauig		
59477	beschlagene		
59478	Glas		
59479	vor		
59480	ihr	8403	(mention_id=8377|references=(entity=(entity_id=entity_0004|fullname=Gertrud Baumhagen|gender=f)))
59481	niedersetzte		
59482	,		
59483	wandte		
59484	sie	8404	(mention_id=8378|references=(entity=(entity_id=entity_0004|fullname=Gertrud Baumhagen|gender=f)))
59485	den		
59486	Kopf		
59487	zur		
59488	Seite		
59489	.		
59490	»		
59491	Johanne	8405	(mention_id=8379|references=(entity=(entity_id=entity_0012|fullname=Johanne|gender=f)))
59492	,		
59493	weißt		
59494	du	8406	(mention_id=8380|references=(entity=(entity_id=entity_0012|fullname=Johanne|gender=f)))
59495	zufällig		
59496	,		
59497	wie		
59498	lange		
59499	die		
59500	–		
59501	junge		
59502	Dame	8407	(mention_id=8381|references=(entity=(entity_id=entity_0021|fullname=Adelheid Strom|gender=f)))
59503	noch		
59504	auf		
59505	Niendorf		
59506	bleibt		
59507	?		
59508	«		
59509	»		
59510	Ich	8408	(mention_id=8382|references=(entity=(entity_id=entity_0012|fullname=Johanne|gender=f)))
59511	glaube		
59512	den		
59513	Sommer		
59514	über		
59515	,		
59516	Frau	8409	(mention_id=8383|references=(entity=(entity_id=entity_0004|fullname=Gertrud Baumhagen|gender=f)))
59517	Linden	8409	(mention_id=8383|references=(entity=(entity_id=entity_0004|fullname=Gertrud Baumhagen|gender=f)))
59518	«		
59519	,		
59520	war		
59521	die		
59522	Antwort		
59523	.		
59524	»		
59525	Es		
59526	ist		
59527	ja		
59528	auch		
59529	gut		
59530	,		
59531	was		
59532	sollte		
59533	werden		
59534	da		
59535	drüben		
59536	?		
59537	«		
59538	Trudchen	8410	(mention_id=8384|references=(entity=(entity_id=entity_0004|fullname=Gertrud Baumhagen|gender=f)))
59539	biß		
59540	sich	8411	(mention_id=8385|references=(entity=(entity_id=entity_0004|fullname=Gertrud Baumhagen|gender=f)))
59541	auf		
59542	die		
59543	Lippen		
59544	.		
59545	Sie	8412	(mention_id=8386|references=(entity=(entity_id=entity_0004|fullname=Gertrud Baumhagen|gender=f)))
59546	schämte		
59547	sich	8413	(mention_id=8387|references=(entity=(entity_id=entity_0004|fullname=Gertrud Baumhagen|gender=f)))
59548	.		
59549	Was		
59550	hatte		
59551	sie	8414	(mention_id=8388|references=(entity=(entity_id=entity_0004|fullname=Gertrud Baumhagen|gender=f)))
59552	danach		
59553	zu		
59554	fragen		
59555	?		
59556	»		
59557	Wünschen		
59558	Sie	8415	(mention_id=8389|references=(entity=(entity_id=entity_0004|fullname=Gertrud Baumhagen|gender=f)))
59559	noch		
59560	etwas		
59561	,		
59562	gnädige		
59563	Frau	8416	(mention_id=8390|references=(entity=(entity_id=entity_0004|fullname=Gertrud Baumhagen|gender=f)))
59564	?		
59565	«		
59566	»		
59567	Ich	8417	(mention_id=8391|references=(entity=(entity_id=entity_0004|fullname=Gertrud Baumhagen|gender=f)))
59568	danke		
59569	!		
59570	«		
59571	Und		
59572	sie	8418	(mention_id=8392|references=(entity=(entity_id=entity_0004|fullname=Gertrud Baumhagen|gender=f)))
59573	blieb		
59574	einsam		
59575	in		
59576	ihrem	8419	(mention_id=8393|references=(entity=(entity_id=entity_0004|fullname=Gertrud Baumhagen|gender=f)))
59577	Zimmer		
59578	,		
59579	wie		
59580	alle		
59581	Tage		
59582	bisher		
59583	.		
59584	Sie	8420	(mention_id=8394|references=(entity=(entity_id=entity_0004|fullname=Gertrud Baumhagen|gender=f)))
59585	hörte		
59586	das		
59587	Ticken		
59588	des		
59589	Wurmes		
59590	in		
59591	dem		
59592	alten		
59593	Holzwerke		
59594	und		
59595	dann		
59596	und		
59597	wann		
59598	den		
59599	Tritt		
59600	der		
59601	Dienerin	8421	(mention_id=8395|references=(entity=(entity_id=entity_0012|fullname=Johanne|gender=f)))
59602	auf		
59603	dem		
59604	Korridor		
59605	.		
59606	Mit		
59607	brennenden		
59608	Augen		
59609	starrte		
59610	sie	8422	(mention_id=8396|references=(entity=(entity_id=entity_0004|fullname=Gertrud Baumhagen|gender=f)))
59611	in		
59612	den		
59613	sich		
59614	mehr		
59615	und		
59616	mehr		
59617	verdüsternden		
59618	Himmel		
59619	.		
59620	Ihre	8423	(mention_id=8397|references=(entity=(entity_id=entity_0004|fullname=Gertrud Baumhagen|gender=f)))
59621	Hände		
59622	hatten		
59623	das		
59624	schmale		
59625	Polster		
59626	der		
59627	Stuhllehne		
59628	umklammert		
59629	,		
59630	als		
59631	müsse		
59632	sie		(mention_id=8398|references=(entity=(entity_id=entity_0004|fullname=Gertrud Baumhagen|gender=f)))
59633	wenigstens		
59634	äußerlich		
59635	einen		
59636	Halt		
59637	haben		
59638	.		
59639	Allmählich		
59640	begann		
59641	es		
59642	finster		
59643	zu		
59644	werden		
59645	.		
59646	Der		
59647	hereinbrechende		
59648	Abend		
59649	,		
59650	die		
59651	schwarzen		
59652	Wetterwolken		
59653	im		
59654	Verein		
59655	schufen		
59656	eine		
59657	völlige		
59658	Dämmerung		
59659	,		
59660	nur		
59661	zuweilen		
59662	leuchtete		
59663	es		
59664	grell		
59665	auf		
59666	hinter		
59667	dem		
59668	Geäst		
59669	der		
59670	Bäume		
59671	.		
59672	Nebenan		
59673	schloß		
59674	Johanne	8424	(mention_id=8399|references=(entity=(entity_id=entity_0012|fullname=Johanne|gender=f)))
59675	die		
59676	Fenster		
59677	der		
59678	Schlafstube		
59679	.		
59680	»		
59681	Soll		
59682	ich	8425	(mention_id=8400|references=(entity=(entity_id=entity_0012|fullname=Johanne|gender=f)))
59683	Licht		
59684	bringen		
59685	?		
59686	«		
59687	fragte		
59688	sie	8426	(mention_id=8401|references=(entity=(entity_id=entity_0012|fullname=Johanne|gender=f)))
59689	und		
59690	schaute		
59691	durch		
59692	die		
59693	halbgeöffnete		
59694	Tür		
59695	.		
59696	»		
59697	Ich	8427	(mention_id=8402|references=(entity=(entity_id=entity_0004|fullname=Gertrud Baumhagen|gender=f)))
59698	danke		
59699	.		
59700	«		
59701	»		
59702	Aber		
59703	gnädige	8428	
59704	Frau	8429	(mention_id=8403|references=(entity=(entity_id=entity_0004|fullname=Gertrud Baumhagen|gender=f)))
59705	sollten		
59706	sich	8430	(mention_id=8404|references=(entity=(entity_id=entity_0004|fullname=Gertrud Baumhagen|gender=f)))
59707	doch		
59708	vom		
59709	Fenster		
59710	fort		
59711	setzen		
59712	,		
59713	es		
59714	sieht		
59715	sich		
59716	so		
59717	schauerlich		
59718	an		
59719	.		
59720	«		
59721	Trudchen	8431	(mention_id=8405|references=(entity=(entity_id=entity_0004|fullname=Gertrud Baumhagen|gender=f)))
59722	rührte		
59723	sich	8432	(mention_id=8406|references=(entity=(entity_id=entity_0004|fullname=Gertrud Baumhagen|gender=f)))
59724	nicht		
59725	,		
59726	und		
59727	das		
59728	verweinte		
59729	Frauengesicht		
59730	verschwand		
59731	.		
59732	Da		
59733	fuhr		
59734	ein		
59735	Windstoß		
59736	durch		
59737	die		
59738	Bäume		
59739	,		
59740	wild		
59741	schlugen		
59742	die		
59743	Zweige		
59744	ineinander		
59745	,		
59746	als		
59747	erwehrten		
59748	sie		
59749	sich		
59750	der		
59751	rohen		
59752	Gewalt		
59753	.		
59754	Bis		
59755	zur		
59756	Erde		
59757	bogen		
59758	sich		
59759	die		
59760	schwanken		
59761	Äste		
59762	und		
59763	schnellten		
59764	wieder		
59765	empor		
59766	,		
59767	und		
59768	in		
59769	rasendem		
59770	Wirbel		
59771	schleuderte		
59772	der		
59773	Sturm		
59774	Sand		
59775	,		
59776	abgerissene		
59777	Blätter		
59778	und		
59779	kleine		
59780	Steine		
59781	an		
59782	die		
59783	zitternden		
59784	Fensterscheiben		
59785	.		
59786	Und		
59787	nun		
59788	ein		
59789	greller		
59790	,		
59791	zuckender		
59792	Blitz		
59793	,		
59794	ein		
59795	Donner		
59796	,		
59797	der		
59798	das		
59799	Haus		
59800	erbeben		
59801	machte		
59802	,		
59803	und		
59804	zu		
59805	gleicher		
59806	Zeit		
59807	strömender		
59808	,		
59809	wolkenbruchartiger		
59810	Regen		
59811	,		
59812	untermischt		
59813	mit		
59814	dem		
59815	eigenartigen		
59816	Prasseln		
59817	großer		
59818	Hagelkörner		
59819	.		
59820	Johanne	8433	(mention_id=8407|references=(entity=(entity_id=entity_0012|fullname=Johanne|gender=f)))
59821	kam		
59822	angstvoll		
59823	,		
59824	ihren	8434	(mention_id=8408|references=(entity=(entity_id=entity_0012|fullname=Johanne|gender=f)))
59825	Kleinen	8435	(mention_id=8409|references=(entity=(entity_id=entity_0014|fullname=Täufling|gender=m)))
59826	auf		
59827	dem		
59828	Arm		
59829	,		
59830	in		
59831	das		
59832	Zimmer		
59833	der		
59834	jungen		
59835	Frau	8436	(mention_id=8410|references=(entity=(entity_id=entity_0004|fullname=Gertrud Baumhagen|gender=f)))
59836	.		
59837	»		
59838	Heiliger		(mention_id=8411|references=(entity=(entity_id=entity_0019|fullname=Gott|gender=u|specialcase_entity=nonfact)))
59839	Gott		(mention_id=8411|references=(entity=(entity_id=entity_0019|fullname=Gott|gender=u|specialcase_entity=nonfact)))
59840	!		
59841	«		
59842	schrie		
59843	sie	8437	(mention_id=8412|references=(entity=(entity_id=entity_0012|fullname=Johanne|gender=f)))
59844	und		
59845	sank		
59846	vor		
59847	dem		
59848	nächsten		
59849	Stuhl		
59850	in		
59851	die		
59852	Knie		
59853	.		
59854	Ein		
59855	neuer		
59856	Blitz		
59857	erfüllte		
59858	den		
59859	Raum		
59860	einen		
59861	Augenblick		
59862	mit		
59863	leuchtend		
59864	rötlichem		
59865	Licht		
59866	,		
59867	und		
59868	wie		
59869	tausend		
59870	Geschütze		
59871	krachte		
59872	der		
59873	Donner		
59874	nach		
59875	.		
59876	»		
59877	Das		
59878	hat		
59879	eingeschlagen		
59880	,		
59881	gnädige		
59882	Frau	8438	(mention_id=8413|references=(entity=(entity_id=entity_0004|fullname=Gertrud Baumhagen|gender=f)))
59883	,		
59884	das		
59885	hat		
59886	eingeschlagen		
59887	!		
59888	«		
59889	rief		
59890	sie	8439	(mention_id=8414|references=(entity=(entity_id=entity_0012|fullname=Johanne|gender=f)))
59891	jammernd		
59892	.		
59893	Trudchen	8440	(mention_id=8415|references=(entity=(entity_id=entity_0004|fullname=Gertrud Baumhagen|gender=f)))
59894	war		
59895	vom		
59896	Fenster		
59897	zurückgetreten		
59898	.		
59899	Sie	8441	(mention_id=8416|references=(entity=(entity_id=entity_0004|fullname=Gertrud Baumhagen|gender=f)))
59900	stand		
59901	mitten		
59902	im		
59903	Gemach		
59904	.		
59905	Beim		
59906	Schein		
59907	der		
59908	Blitze		
59909	konnte		
59910	die		
59911	Dienerin	8442	(mention_id=8417|references=(entity=(entity_id=entity_0012|fullname=Johanne|gender=f)))
59912	ihr	8443	(mention_id=8418|references=(entity=(entity_id=entity_0004|fullname=Gertrud Baumhagen|gender=f)))
59913	blasses		
59914	,		
59915	unbewegliches		
59916	Gesicht		
59917	deutlich		
59918	erkennen		
59919	.		
59920	Sie	8444	(mention_id=8419|references=(entity=(entity_id=entity_0004|fullname=Gertrud Baumhagen|gender=f)))
59921	stützte		
59922	die		
59923	Hände		
59924	auf		
59925	die		
59926	Tischplatte		
59927	und		
59928	schaute		
59929	nach		
59930	dem		
59931	Fenster		
59932	,		
59933	als		
59934	ging		
59935	das		
59936	alles		
59937	sie	8445	(mention_id=8420|references=(entity=(entity_id=entity_0004|fullname=Gertrud Baumhagen|gender=f)))
59938	nichts		
59939	an		
59940	.		
59941	Und		
59942	immer		
59943	furchtbarer		
59944	tobte		
59945	das		
59946	Wetter		
59947	,		
59948	die		
59949	Welt		
59950	schien		
59951	in		
59952	einem		
59953	Flammenmeer		
59954	zu		
59955	stehen		
59956	.		
59957	Stunden		
59958	schien		
59959	es		
59960	zu		
59961	währen		
59962	.		
59963	Aber		
59964	allmählich		
59965	wurden		
59966	die		
59967	Blitze		
59968	seltener		
59969	,		
59970	schwächer		
59971	die		
59972	Donnerschläge		
59973	,		
59974	zuletzt		
59975	tröpfelte		
59976	nur		
59977	noch		
59978	ein		
59979	leiser		
59980	Regen		
59981	auf		
59982	die		
59983	Bäume		
59984	und		
59985	im		
59986	fernen		
59987	dumpfen		
59988	Murren		
59989	erstarb		
59990	das		
59991	Wetter		
59992	.		
59993	Trudchen	8446	(mention_id=8421|references=(entity=(entity_id=entity_0004|fullname=Gertrud Baumhagen|gender=f)))
59994	öffnete		
59995	das		
59996	Fenster		
59997	und		
59998	bog		
59999	sich	8447	(mention_id=8422|references=(entity=(entity_id=entity_0004|fullname=Gertrud Baumhagen|gender=f)))
60000	hinaus		
60001	.		
60002	Wunderbar		
60003	duftende		
60004	Luft		
60005	zog		
60006	ihr	8448	(mention_id=8423|references=(entity=(entity_id=entity_0004|fullname=Gertrud Baumhagen|gender=f)))
60007	entgegen		
60008	,		
60009	weich		
60010	und		
60011	herb		
60012	,		
60013	erquickend		
60014	und		
60015	belebend		
60016	.		
60017	Und		
60018	siehe		
60019	,		
60020	da		
60021	droben		
60022	hatten		
60023	sich		
60024	die		
60025	Wolken		
60026	geteilt		
60027	und		
60028	ein		
60029	funkelndes		
60030	Sternchen		
60031	blickte		
60032	hernieder		
60033	.		
60034	Dann		
60035	schrak		
60036	sie	8449	(mention_id=8424|references=(entity=(entity_id=entity_0004|fullname=Gertrud Baumhagen|gender=f)))
60037	zurück		
60038	.		
60039	Von		
60040	der		
60041	Landstraße		
60042	scholl		
60043	eiliges		
60044	Fahren		
60045	,		
60046	Peitschenknall		
60047	,		
60048	Menschenruf		
60049	–		
60050	was		
60051	bedeutete		
60052	das		
60053	?		
60054	Es		
60055	war		
60056	sonst		
60057	todeseinsam		
60058	hier		
60059	um		
60060	diese		
60061	Zeit		
60062	.		
60063	»		
60064	Feuer		
60065	!		
60066	«		
60067	Hatte		
60068	sie	8450	(mention_id=8425|references=(entity=(entity_id=entity_0004|fullname=Gertrud Baumhagen|gender=f)))
60069	recht		
60070	gehört		
60071	?		
60072	Sie	8451	(mention_id=8426|references=(entity=(entity_id=entity_0004|fullname=Gertrud Baumhagen|gender=f)))
60073	konnte		
60074	die		
60075	Straße		
60076	nicht		
60077	sehen		
60078	,		
60079	aber		
60080	sie	8452	(mention_id=8427|references=(entity=(entity_id=entity_0004|fullname=Gertrud Baumhagen|gender=f)))
60081	bog		
60082	sich	8453	(mention_id=8428|references=(entity=(entity_id=entity_0004|fullname=Gertrud Baumhagen|gender=f)))
60083	weit		
60084	hinaus		
60085	und		
60086	horchte		
60087	auf		
60088	den		
60089	verhallenden		
60090	Lärm		
60091	.		
60092	Ein		
60093	rasches		
60094	stürmisches		
60095	Herzklopfen		
60096	meldete		
60097	sich		
60098	.		
60099	Die		
60100	Gärtnerfrau	8454	(mention_id=8429|references=(entity=(entity_id=entity_0249|fullname=Gärtnerfrau|gender=f)))
60101	kam		
60102	eben		
60103	eilig		
60104	auf		
60105	klappernden		
60106	Holzpantoffeln		
60107	über		
60108	den		
60109	spiegelnden		
60110	Kiesplatz		
60111	zurück		
60112	,		
60113	ihre	8455	(mention_id=8430|references=(entity=(entity_id=entity_0249|fullname=Gärtnerfrau|gender=f)))
60114	schrille		
60115	Stimme		
60116	drang		
60117	bis		
60118	herauf		
60119	zu		
60120	Trudchen	8456	(mention_id=8431|references=(entity=(entity_id=entity_0004|fullname=Gertrud Baumhagen|gender=f)))
60121	:		
60122	»		
60123	David	8457	(mention_id=8432|references=(entity=(entity_id=entity_0300|fullname=David|gender=m)))
60124	,		
60125	mach		
60126	,		
60127	daß		
60128	du	8458	(mention_id=8433|references=(entity=(entity_id=entity_0300|fullname=David|gender=m)))
60129	hinüberkommst		
60130	,		
60131	in		
60132	Niendorf		
60133	brennt's		
60134	seit		
60135	einer		
60136	halben		
60137	Stunde		
60138	–		
60139	die		
60140	Spritze		
60141	ist		
60142	schon		
60143	hin		
60144	,		
60145	mach		
60146	fort		
60147	!		
60148	«		
60149	Kling		
60150	,		
60151	kling		
60152	,		
60153	kling		
60154	läutete		
60155	jetzt		
60156	die		
60157	Glocke		
60158	des		
60159	Kirchleins		
60160	.		
60161	In		
60162	Trudchens	8459	(mention_id=8434|references=(entity=(entity_id=entity_0004|fullname=Gertrud Baumhagen|gender=f)))
60163	Ohr		
60164	klang		
60165	es		
60166	markerschütternd		
60167	nach		
60168	.		
60169	–		
60170	Kling		
60171	,		
60172	kling		
60173	,		
60174	kling		
60175	!		
60176	Was		
60177	stand		
60178	sie	8460	(mention_id=8435|references=(entity=(entity_id=entity_0004|fullname=Gertrud Baumhagen|gender=f)))
60179	noch		
60180	und		
60181	hatte		
60182	die		
60183	Hände		
60184	fest		
60185	an		
60186	das		
60187	Fensterkreuz		
60188	geklammert		
60189	,		
60190	als		
60191	seien		
60192	sie		
60193	mit		
60194	ihm		
60195	verwachsen		
60196	?		
60197	Sie	8461	(mention_id=8436|references=(entity=(entity_id=entity_0004|fullname=Gertrud Baumhagen|gender=f)))
60198	hörte		
60199	Türen		
60200	klappen		
60201	,		
60202	und		
60203	Stimmen		
60204	und		
60205	Rufen		
60206	,		
60207	sie	8462	(mention_id=8437|references=(entity=(entity_id=entity_0004|fullname=Gertrud Baumhagen|gender=f)))
60208	hörte		
60209	,		
60210	wie		
60211	der		
60212	Gärtner	8463	(mention_id=8438|references=(entity=(entity_id=entity_0265|fullname=Gärtner David|gender=m)))
60213	eilig		
60214	aus		
60215	seinem	8464	(mention_id=8439|references=(entity=(entity_id=entity_0265|fullname=Gärtner David|gender=m)))
60216	Häuschen		
60217	polterte		
60218	–		
60219	und		
60220	sie	8465	(mention_id=8440|references=(entity=(entity_id=entity_0004|fullname=Gertrud Baumhagen|gender=f)))
60221	stand		
60222	noch		
60223	immer		
60224	wie		
60225	im		
60226	Bann		
60227	.		
60228	Wieder		
60229	die		
60230	hastig		
60231	mahnenden		
60232	Töne		
60233	der		
60234	stürmenden		
60235	Glocke		
60236	!		
60237	Wie		
60238	aus		
60239	schwerem		
60240	Traume		
60241	riß		
60242	sie	8466	(mention_id=8441|references=(entity=(entity_id=entity_0004|fullname=Gertrud Baumhagen|gender=f)))
60243	sich	8467	(mention_id=8442|references=(entity=(entity_id=entity_0004|fullname=Gertrud Baumhagen|gender=f)))
60244	auf		
60245	,		
60246	und		
60247	nun		
60248	war		
60249	sie	8468	(mention_id=8443|references=(entity=(entity_id=entity_0004|fullname=Gertrud Baumhagen|gender=f)))
60250	ganz		
60251	lebendig		
60252	.		
60253	Wie		
60254	gejagt		
60255	floh		
60256	sie	8469	(mention_id=8444|references=(entity=(entity_id=entity_0004|fullname=Gertrud Baumhagen|gender=f)))
60257	aus		
60258	dem		
60259	Zimmer		
60260	,		
60261	riß		
60262	im		
60263	Korridor		
60264	ein		
60265	Tuch		
60266	von		
60267	der		
60268	Wand		
60269	und		
60270	eilte		
60271	an		
60272	Johanne	8470	(mention_id=8445|references=(entity=(entity_id=entity_0012|fullname=Johanne|gender=f)))
60273	vorüber		
60274	,		
60275	die	8471	(mention_id=8446|references=(entity=(entity_id=entity_0012|fullname=Johanne|gender=f)))
60276	mit		
60277	der		
60278	Gärtnerfrau	8472	(mention_id=8447|references=(entity=(entity_id=entity_0249|fullname=Gärtnerfrau|gender=f)))
60279	und		
60280	den		
60281	Kindern	8473	(mention_id=8448|references=(entity=(entity_id=entity_0289|fullname=Gärtnerkinder|gender=u|specialcase_entity=group)))
60282	vor		
60283	der		
60284	Gitterpforte		
60285	stand		
60286	,		
60287	hinaus		
60288	auf		
60289	die		
60290	halbüberschwemmte		
60291	Landstraße		
60292	.		
60293	»		
60294	Gnädige		
60295	Frau	8474	(mention_id=8449|references=(entity=(entity_id=entity_0004|fullname=Gertrud Baumhagen|gender=f)))
60296	!		
60297	Um		
60298	des		
60299	Himmels		
60300	willen		
60301	!		
60302	«		
60303	schrie		
60304	Johanne	8475	(mention_id=8450|references=(entity=(entity_id=entity_0012|fullname=Johanne|gender=f)))
60305	hinter		
60306	ihr	8476	(mention_id=8451|references=(entity=(entity_id=entity_0004|fullname=Gertrud Baumhagen|gender=f)))
60307	drein		
60308	.		
60309	Aber		
60310	sie	8477	(mention_id=8452|references=(entity=(entity_id=entity_0004|fullname=Gertrud Baumhagen|gender=f)))
60311	achtete		
60312	auf		
60313	keinen		
60314	Ruf		
60315	.		
60316	Wie		
60317	flüsterndes		
60318	Gebet		
60319	lag		
60320	es		
60321	auf		
60322	ihren	8478	(mention_id=8453|references=(entity=(entity_id=entity_0004|fullname=Gertrud Baumhagen|gender=f)))
60323	Lippen		
60324	,		
60325	nur		
60326	weiter		
60327	–		
60328	weiter		
60329	!		
60330	Dunkel		
60331	breitete		
60332	sich		
60333	der		
60334	Weg		
60335	vor		
60336	ihr	8479	(mention_id=8454|references=(entity=(entity_id=entity_0004|fullname=Gertrud Baumhagen|gender=f)))
60337	aus		
60338	und		
60339	einsam		
60340	.		
60341	Die		
60342	Männer	8480	(mention_id=8455|references=(entity=(entity_id=entity_0294|fullname=helfende Männer|gender=m|members=entity_0265|all_members_given=False|specialcase_entity=group)))
60343	,		
60344	die	8481	(mention_id=8456|references=(entity=(entity_id=entity_0294|fullname=helfende Männer|gender=m|members=entity_0265|all_members_given=False|specialcase_entity=group)))
60345	zu		
60346	Hilfe		
60347	geeilt		
60348	,		
60349	waren		
60350	längst		
60351	an		
60352	Ort		
60353	und		
60354	Stelle		
60355	.		
60356	Sie	8482	(mention_id=8457|references=(entity=(entity_id=entity_0004|fullname=Gertrud Baumhagen|gender=f)))
60357	flog		
60358	förmlich		
60359	.		
60360	Sie	8483	(mention_id=8458|references=(entity=(entity_id=entity_0004|fullname=Gertrud Baumhagen|gender=f)))
60361	kannte		
60362	keine		
60363	Angst		
60364	in		
60365	dem		
60366	finsteren		
60367	Walde		
60368	,		
60369	sie	8484	(mention_id=8459|references=(entity=(entity_id=entity_0004|fullname=Gertrud Baumhagen|gender=f)))
60370	sah		
60371	nichts		
60372	weiter		
60373	als		
60374	ein		
60375	liebes		
60376	,		
60377	altes		
60378	,		
60379	brennendes		
60380	Haus		
60381	,		
60382	als		
60383	ein		
60384	Paar		
60385	einst		
60386	so		
60387	heiß		
60388	geliebte		
60389	Männeraugen		
60390	.		
60391	Da		
60392	kam		
60393	es		
60394	hinter		
60395	ihr	8485	(mention_id=8460|references=(entity=(entity_id=entity_0004|fullname=Gertrud Baumhagen|gender=f)))
60396	in		
60397	tappenden		
60398	Sprüngen		
60399	.		
60400	Ach		
60401	so		
60402	–		
60403	der		
60404	Hund		
60405	.		
60406	»		
60407	Komm		
60408	«		
60409	,		
60410	flüsterte		
60411	sie	8486	(mention_id=8461|references=(entity=(entity_id=entity_0004|fullname=Gertrud Baumhagen|gender=f)))
60412	und		
60413	eilte		
60414	weiter		
60415	,		
60416	ihr	8487	(mention_id=8462|references=(entity=(entity_id=entity_0004|fullname=Gertrud Baumhagen|gender=f)))
60417	auf		
60418	den		
60419	Fersen		
60420	das		
60421	kluge		
60422	Tier		
60423	.		
60424	Ach		
60425	,		
60426	der		
60427	Weg		
60428	war		
60429	weit		
60430	,		
60431	sie	8488	(mention_id=8463|references=(entity=(entity_id=entity_0004|fullname=Gertrud Baumhagen|gender=f)))
60432	hätte		
60433	Flügel		
60434	haben		
60435	mögen		
60436	.		
60437	»		
60438	Mein		
60439	Gott		(mention_id=8464|references=(entity=(entity_id=entity_0019|fullname=Gott|gender=u|specialcase_entity=nonfact)))
60440	!		
60441	«		
60442	stöhnte		
60443	sie	8489	(mention_id=8465|references=(entity=(entity_id=entity_0004|fullname=Gertrud Baumhagen|gender=f)))
60444	auf		
60445	,		
60446	als		
60447	sie	8490	(mention_id=8466|references=(entity=(entity_id=entity_0004|fullname=Gertrud Baumhagen|gender=f)))
60448	die		
60449	Anhöhe		
60450	erklommen		
60451	hatte		
60452	und		
60453	den		
60454	roten		
60455	Schein		
60456	am		
60457	Himmel		
60458	gewahrte		
60459	.		
60460	Immer		
60461	rascher		
60462	eilte		
60463	sie	8491	(mention_id=8467|references=(entity=(entity_id=entity_0004|fullname=Gertrud Baumhagen|gender=f)))
60464	am		
60465	Bergeshang		
60466	weiter		
60467	,		
60468	an		
60469	der		
60470	nächsten		
60471	Biegung		
60472	schon		
60473	mußte		
60474	sie	8492	(mention_id=8468|references=(entity=(entity_id=entity_0004|fullname=Gertrud Baumhagen|gender=f)))
60475	Niendorf		
60476	sehen		
60477	,		
60478	und		
60479	nun		
60480	stand		
60481	sie	8493	(mention_id=8469|references=(entity=(entity_id=entity_0004|fullname=Gertrud Baumhagen|gender=f)))
60482	dort		
60483	,		
60484	hochatmend		
60485	.		
60486	Fast		
60487	sinnlos		
60488	irrten		
60489	ihre	8494	(mention_id=8470|references=(entity=(entity_id=entity_0004|fullname=Gertrud Baumhagen|gender=f)))
60490	Blicke		
60491	über		
60492	das		
60493	Tal		
60494	.		
60495	Gott		(mention_id=8471|references=(entity=(entity_id=entity_0019|fullname=Gott|gender=u|specialcase_entity=nonfact)))
60496	sei		
60497	gelobt		
60498	!		
60499	Ja		
60500	,		
60501	dort		
60502	wand		
60503	sich		
60504	noch		
60505	roter		
60506	Dampf		
60507	zum		
60508	Himmel		
60509	empor		
60510	,		
60511	hier		
60512	und		
60513	da		
60514	zuckte		
60515	noch		
60516	die		
60517	Flamme		
60518	auf		
60519	,		
60520	aber		
60521	die		
60522	Wut		
60523	des		
60524	Elements		
60525	schien		
60526	gebrochen		
60527	.		
60528	Zwar		
60529	hallten		
60530	noch		
60531	Rufe		
60532	und		
60533	Stimmen		
60534	herüber		
60535	,		
60536	doch		
60537	schon		
60538	kamen		
60539	Zurückkehrende	8495	(mention_id=8472|references=(entity=(entity_id=entity_0294|fullname=helfende Männer|gender=m|members=entity_0265|all_members_given=False|specialcase_entity=group)))
60540	des		
60541	Weges		
60542	daher		
60543	.		
60544	Sie	8496	(mention_id=8473|references=(entity=(entity_id=entity_0004|fullname=Gertrud Baumhagen|gender=f)))
60545	trat		
60546	in		
60547	den		
60548	tiefsten		
60549	Schatten		
60550	und		
60551	starrte		
60552	in		
60553	die		
60554	Talsenkung		
60555	.		
60556	Heil		
60557	und		
60558	unversehrt		
60559	stand		
60560	das		
60561	Herrenhaus		
60562	,		
60563	der		
60564	rote		
60565	Schein		
60566	der		
60567	ersterbenden		
60568	Flamme		
60569	spielte		
60570	auf		
60571	seinem		
60572	grünumsponnenen		
60573	Giebel		
60574	und		
60575	streifte		
60576	die		
60577	Wipfel		
60578	des		
60579	Gartens		
60580	.		
60581	Die		
60582	Scheuern		
60583	lagen		
60584	freilich		
60585	in		
60586	Trümmern		
60587	,		
60588	aber		
60589	was		
60590	tat		
60591	das		
60592	?		
60593	Und		
60594	wie		
60595	sie	8497	(mention_id=8474|references=(entity=(entity_id=entity_0004|fullname=Gertrud Baumhagen|gender=f)))
60596	so		
60597	dastand		
60598	und		
60599	mit		
60600	nimmersatten		
60601	Blicken		
60602	das		
60603	Haus		
60604	umfaßte		
60605	,		
60606	da		
60607	flammte		
60608	Licht		
60609	auf		
60610	hinter		
60611	zwei		
60612	Fenstern		
60613	,		
60614	und		
60615	sie		(mention_id=8475|references=(entity=(entity_id=entity_0004|fullname=Gertrud Baumhagen|gender=f)))
60616	schauten		
60617	zu		
60618	ihr	8498	(mention_id=8476|references=(entity=(entity_id=entity_0004|fullname=Gertrud Baumhagen|gender=f)))
60619	herauf		
60620	wie		
60621	zwei		
60622	grüßende		
60623	,		
60624	treue		
60625	Augen		
60626	.		
60627	Es		
60628	waren		
60629	seine	8499	(mention_id=8477|references=(entity=(entity_id=entity_0001|fullname=Franz Linden|gender=m)))
60630	Fenster		
60631	.		
60632	Aber		
60633	die		
60634	junge		
60635	Frau	8500	(mention_id=8478|references=(entity=(entity_id=entity_0004|fullname=Gertrud Baumhagen|gender=f)))
60636	sah		
60637	keinen		
60638	Gruß		
60639	darin		
60640	.		
60641	Die		
60642	schreckliche		
60643	Angst		
60644	,		
60645	die		
60646	beim		
60647	Anblick		
60648	des		
60649	unversehrten		
60650	Hauses		
60651	von		
60652	ihr	8501	(mention_id=8479|references=(entity=(entity_id=entity_0004|fullname=Gertrud Baumhagen|gender=f)))
60653	gewichen		
60654	war		
60655	,		
60656	stieg		
60657	jäh		
60658	aufs		
60659	neue		
60660	empor		
60661	in		
60662	ihrer	8502	(mention_id=8480|references=(entity=(entity_id=entity_0004|fullname=Gertrud Baumhagen|gender=f)))
60663	Seele		
60664	.		
60665	Wie		
60666	kam		
60667	es		
60668	denn		
60669	,		
60670	daß		
60671	in		
60672	seinem	8503	(mention_id=8481|references=(entity=(entity_id=entity_0001|fullname=Franz Linden|gender=m)))
60673	Zimmer		
60674	Licht		
60675	war		
60676	,		
60677	dort		
60678	unten		
60679	lohte		
60680	doch		
60681	noch		
60682	immer		
60683	die		
60684	Glut		
60685	?		
60686	Er	8504	(mention_id=8482|references=(entity=(entity_id=entity_0001|fullname=Franz Linden|gender=m)))
60687	wäre		
60688	im		
60689	Hause		
60690	,		
60691	wo		
60692	seine	8505	(mention_id=8483|references=(entity=(entity_id=entity_0001|fullname=Franz Linden|gender=m)))
60693	Hilfe		
60694	noch		
60695	so		
60696	nötig		
60697	war		
60698	?		
60699	Nein		
60700	,		
60701	nimmer		
60702	–		
60703	oder		
60704	er	8506	(mention_id=8484|references=(entity=(entity_id=entity_0001|fullname=Franz Linden|gender=m)))
60705	–		
60706	–		
60707	Hinunter		
60708	!		
60709	Hinunter		
60710	–		
60711	nur		
60712	sehen		
60713	–		
60714	nur		
60715	von		
60716	weitem		
60717	sehen		
60718	,		
60719	ob		
60720	er	8507	(mention_id=8485|references=(entity=(entity_id=entity_0001|fullname=Franz Linden|gender=m)))
60721	lebt		
60722	,		
60723	ob		
60724	er	8508	(mention_id=8486|references=(entity=(entity_id=entity_0001|fullname=Franz Linden|gender=m)))
60725	gesund		
60726	ist		
60727	.		
60728	»		
60729	Das		
60730	Leben		
60731	hängt		
60732	an		
60733	einem		
60734	Faden		
60735	«		
60736	,		
60737	klangen		
60738	Johannes	8509	(mention_id=8487|references=(entity=(entity_id=entity_0012|fullname=Johanne|gender=f)))
60739	Worte		
60740	von		
60741	vorhin		
60742	in		
60743	ihren	8510	(mention_id=8488|references=(entity=(entity_id=entity_0004|fullname=Gertrud Baumhagen|gender=f)))
60744	Ohren		
60745	.		
60746	»		
60747	Herr		(mention_id=8489|references=(entity=(entity_id=entity_0019|fullname=Gott|gender=u|specialcase_entity=nonfact)))
60748	Gott		(mention_id=8489|references=(entity=(entity_id=entity_0019|fullname=Gott|gender=u|specialcase_entity=nonfact)))
60749	im		
60750	Himmel		
60751	,		
60752	sei		
60753	barmherzig		
60754	,		
60755	strafe		
60756	mich	8511	(mention_id=8490|references=(entity=(entity_id=entity_0004|fullname=Gertrud Baumhagen|gender=f)))
60757	nicht		
60758	so		
60759	!		
60760	«		
60761	An		
60762	der		
60763	Gartenpforte		
60764	blieb		
60765	sie	8512	(mention_id=8491|references=(entity=(entity_id=entity_0004|fullname=Gertrud Baumhagen|gender=f)))
60766	stehen		
60767	.		
60768	Was		
60769	wollte		
60770	sie	8513	(mention_id=8492|references=(entity=(entity_id=entity_0004|fullname=Gertrud Baumhagen|gender=f)))
60771	denn		
60772	hier		
60773	?		
60774	Dort		
60775	unten		
60776	war		
60777	heute		
60778	ihr	8514	(mention_id=8493|references=(entity=(entity_id=entity_0004|fullname=Gertrud Baumhagen|gender=f)))
60779	Abgesandter	8515	(mention_id=8494|references=(entity=(entity_id=entity_0272|fullname=Rechtsanwalt K.|gender=m)))
60780	eingekehrt		
60781	und		
60782	hatte		
60783	ihm	8516	(mention_id=8495|references=(entity=(entity_id=entity_0001|fullname=Franz Linden|gender=m)))
60784	klingendes		
60785	Geld		
60786	geboten		
60787	für		
60788	die		
60789	Freiheit		
60790	.		
60791	Ach		
60792	,		
60793	Freiheit		
60794	!		
60795	Was		
60796	hilft		
60797	sie		
60798	dem		
60799	Menschen	8517	(mention_id=8496|references=(entity=(entity_id=entity_0004|fullname=Gertrud Baumhagen|gender=f)))
60800	,		
60801	wenn		
60802	das		
60803	Herz		
60804	in		
60805	Ketten		
60806	und		
60807	Banden		
60808	geblieben		
60809	ist		
60810	?		
60811	Und		
60812	sie	8518	(mention_id=8497|references=(entity=(entity_id=entity_0004|fullname=Gertrud Baumhagen|gender=f)))
60813	lief		
60814	unter		
60815	den		
60816	dunklen		
60817	Bäumen		
60818	des		
60819	Gartens		
60820	dahin		
60821	,		
60822	um		
60823	den		
60824	kleinen		
60825	Teich		
60826	,		
60827	auf		
60828	dessen		
60829	Fläche		
60830	ein		
60831	schwacher		
60832	rosiger		
60833	Schimmer		
60834	des		
60835	verlöschenden		
60836	Brandes		
60837	sich		
60838	spiegelte		
60839	.		
60840	Nun		
60841	war		
60842	sie	8519	(mention_id=8498|references=(entity=(entity_id=entity_0004|fullname=Gertrud Baumhagen|gender=f)))
60843	unter		
60844	den		
60845	Kastanien		
60846	und		
60847	sank		
60848	erschöpft		
60849	auf		
60850	einen		
60851	Gartenstuhl		
60852	nieder		
60853	.		
60854	Dicht		
60855	vor		
60856	ihr	8520	(mention_id=8499|references=(entity=(entity_id=entity_0004|fullname=Gertrud Baumhagen|gender=f)))
60857	,		
60858	nur		
60859	über		
60860	den		
60861	Kiesplatz		
60862	hinweg		
60863	war		
60864	das		
60865	Haus		
60866	,		
60867	und		
60868	aus		
60869	dem		
60870	Gartensaal		
60871	schimmerte		
60872	mattes		
60873	Licht		
60874	.		
60875	Da		
60876	droben		
60877	hinter		
60878	seinen		(mention_id=8500|references=(entity=(entity_id=entity_0001|fullname=Franz Linden|gender=m)))
60879	Fenstern		
60880	war		
60881	der		
60882	helle		
60883	Schein		
60884	erloschen		
60885	.		
60886	Vom		
60887	Hofe		
60888	scholl		
60889	noch		
60890	lautes		
60891	Rufen		
60892	und		
60893	Lärm		
60894	herüber		
60895	,		
60896	Wagen		
60897	wurden		
60898	geschoben		
60899	,		
60900	Pferde		
60901	ausgespannt		
60902	,		
60903	der		
60904	scharfe		
60905	zischende		
60906	Ton		
60907	eines		
60908	Wasserstrahles		
60909	dazwischen		
60910	.		
60911	Trudchen	8521	(mention_id=8501|references=(entity=(entity_id=entity_0004|fullname=Gertrud Baumhagen|gender=f)))
60912	zitterte		
60913	,		
60914	eine		
60915	furchtbare		
60916	Mattigkeit		
60917	war		
60918	über		
60919	sie	8522	(mention_id=8502|references=(entity=(entity_id=entity_0004|fullname=Gertrud Baumhagen|gender=f)))
60920	gekommen		
60921	,		
60922	in		
60923	ihren	8523	(mention_id=8503|references=(entity=(entity_id=entity_0004|fullname=Gertrud Baumhagen|gender=f)))
60924	Schläfen		
60925	pochte		
60926	das		
60927	von		
60928	Angst		
60929	und		
60930	raschem		
60931	Lauf		
60932	empörte		
60933	Blut		
60934	.		
60935	Der		
60936	Brandgeruch		
60937	benahm		
60938	ihr	8524	(mention_id=8504|references=(entity=(entity_id=entity_0004|fullname=Gertrud Baumhagen|gender=f)))
60939	fast		
60940	den		
60941	Atem		
60942	.		
60943	Und		
60944	dort		
60945	saß		
60946	sie	8525	(mention_id=8505|references=(entity=(entity_id=entity_0004|fullname=Gertrud Baumhagen|gender=f)))
60947	unbeweglich		
60948	und		
60949	schaute		
60950	auf		
60951	die		
60952	Treppe		
60953	,		
60954	die		
60955	zum		
60956	Gartensaal		
60957	führte		
60958	.		
60959	Stufe		
60960	um		
60961	Stufe		
60962	verfolgten		
60963	ihre	8526	(mention_id=8506|references=(entity=(entity_id=entity_0004|fullname=Gertrud Baumhagen|gender=f)))
60964	Augen		
60965	und		
60966	blieben		
60967	an		
60968	der		
60969	Tür		
60970	hängen		
60971	.		
60972	Dort		
60973	hinauf		
60974	!		
60975	Dort		
60976	hinein		
60977	!		
60978	pochte		
60979	das		
60980	Herz		
60981	,		
60982	aber		
60983	wie		
60984	mit		
60985	eisernen		
60986	Klammern		
60987	hielten		
60988	Stolz		
60989	und		
60990	Scham		
60991	sie	8527	(mention_id=8507|references=(entity=(entity_id=entity_0004|fullname=Gertrud Baumhagen|gender=f)))
60992	fest		
60993	.		
60994	Allmählich		
60995	war		
60996	es		
60997	stiller		
60998	geworden		
60999	auf		
61000	dem		
61001	Hofe		
61002	.		
61003	Dann		
61004	näherten		
61005	sich		
61006	Schritte		
61007	,		
61008	feste		
61009	,		
61010	elastische		
61011	Schritte		
61012	.		
61013	Mit		
61014	raschem		
61015	Griff		
61016	packte		
61017	Trudchen	8528	(mention_id=8508|references=(entity=(entity_id=entity_0004|fullname=Gertrud Baumhagen|gender=f)))
61018	den		
61019	Hund		
61020	am		
61021	Halsband		
61022	.		
61023	»		
61024	Kusch		
61025	,		
61026	Diana	8529	
61027	!		
61028	«		
61029	rief		
61030	sie	8530	(mention_id=8509|references=(entity=(entity_id=entity_0004|fullname=Gertrud Baumhagen|gender=f)))
61031	,		
61032	heiser		
61033	vor		
61034	Schrecken		
61035	.		
61036	Und		
61037	nun		
61038	trat		
61039	eine		
61040	Gestalt	8531	(mention_id=8510|references=(entity=(entity_id=entity_0001|fullname=Franz Linden|gender=m)))
61041	in		
61042	den		
61043	hellen		
61044	Schein		
61045	der		
61046	Fenster		
61047	und		
61048	ging		
61049	,		
61050	nahe		
61051	an		
61052	ihr	8532	(mention_id=8511|references=(entity=(entity_id=entity_0004|fullname=Gertrud Baumhagen|gender=f)))
61053	vorüber		
61054	,		
61055	ins		
61056	Haus		
61057	hinein		
61058	.		
61059	Franz	8533	(mention_id=8512|references=(entity=(entity_id=entity_0001|fullname=Franz Linden|gender=m)))
61060	!		
61061	Er	8534	(mention_id=8513|references=(entity=(entity_id=entity_0001|fullname=Franz Linden|gender=m)))
61062	lebt		
61063	–		
61064	Gott		
61065	sei		
61066	Dank		
61067	!		
61068	Aber		
61069	er	8535	(mention_id=8514|references=(entity=(entity_id=entity_0001|fullname=Franz Linden|gender=m)))
61070	war		
61071	verletzt		
61072	,		
61073	er	8536	(mention_id=8515|references=(entity=(entity_id=entity_0001|fullname=Franz Linden|gender=m)))
61074	preßte		
61075	den		
61076	Arm		
61077	so		
61078	sonderbar		
61079	an		
61080	sich	8537	(mention_id=8516|references=(entity=(entity_id=entity_0001|fullname=Franz Linden|gender=m)))
61081	.		
61082	Ja		
61083	,		
61084	er	8538	(mention_id=8517|references=(entity=(entity_id=entity_0001|fullname=Franz Linden|gender=m)))
61085	lebte		
61086	!		
61087	Und		
61088	nun		
61089	,		
61090	nun		
61091	konnte		
61092	sie	8539	(mention_id=8518|references=(entity=(entity_id=entity_0004|fullname=Gertrud Baumhagen|gender=f)))
61093	wieder		
61094	gehen		
61095	,		
61096	still		
61097	und		
61098	unbemerkt		
61099	,		
61100	wie		
61101	sie	8540	(mention_id=8519|references=(entity=(entity_id=entity_0004|fullname=Gertrud Baumhagen|gender=f)))
61102	gekommen		
61103	war		
61104	.		
61105	Dort		
61106	innen		
61107	waren		
61108	ja		
61109	Hände		(mention_id=8520|references=(entity=(entity_id=entity_0021|fullname=Adelheid Strom|gender=f)|specialcase_reference=part))
61110	,		
61111	die		
61112	ihn	8541	(mention_id=8521|references=(entity=(entity_id=entity_0001|fullname=Franz Linden|gender=m)))
61113	verbinden		
61114	würden		
61115	,		
61116	die		
61117	–		
61118	Wie		
61119	ein		
61120	Schüttelfrost		
61121	jagte		
61122	es		
61123	wieder		
61124	durch		
61125	ihren	8542	(mention_id=8522|references=(entity=(entity_id=entity_0004|fullname=Gertrud Baumhagen|gender=f)))
61126	Körper		
61127	.		
61128	»		
61129	Komm		
61130	!		
61131	«		
61132	sagte		
61133	sie	8543	(mention_id=8523|references=(entity=(entity_id=entity_0004|fullname=Gertrud Baumhagen|gender=f)))
61134	zu		
61135	dem		
61136	leise		
61137	winselnden		
61138	Hunde		
61139	.		
61140	Sie	8544	(mention_id=8524|references=(entity=(entity_id=entity_0004|fullname=Gertrud Baumhagen|gender=f)))
61141	stand		
61142	auf		
61143	und		
61144	wollte		
61145	in		
61146	den		
61147	dunklen		
61148	Gartenweg		
61149	biegen		
61150	,		
61151	aber		
61152	das		
61153	Tier		
61154	zog		
61155	ungestüm		
61156	dem		
61157	Hause		
61158	zu		
61159	,		
61160	und		
61161	als		
61162	wisse		
61163	sie	8545	(mention_id=8525|references=(entity=(entity_id=entity_0004|fullname=Gertrud Baumhagen|gender=f)))
61164	nicht		
61165	,		
61166	was		
61167	sie	8546	(mention_id=8526|references=(entity=(entity_id=entity_0004|fullname=Gertrud Baumhagen|gender=f)))
61168	tun		
61169	solle		
61170	,		
61171	ging		
61172	sie	8547	(mention_id=8527|references=(entity=(entity_id=entity_0004|fullname=Gertrud Baumhagen|gender=f)))
61173	vorwärts		
61174	neben		
61175	ihm		
61176	.		
61177	Jetzt		
61178	stand		
61179	sie	8548	(mention_id=8528|references=(entity=(entity_id=entity_0004|fullname=Gertrud Baumhagen|gender=f)))
61180	vor		
61181	den		
61182	Stufen		
61183	,		
61184	nun		
61185	trat		
61186	ihr	8549	(mention_id=8529|references=(entity=(entity_id=entity_0004|fullname=Gertrud Baumhagen|gender=f)))
61187	Fuß		
61188	schon		
61189	darauf		
61190	.		
61191	Nur		
61192	einen		
61193	Blick		
61194	dort		
61195	hinein		
61196	;		
61197	nur		
61198	sehen		
61199	,		
61200	ob		
61201	er		(mention_id=8530|references=(entity=(entity_id=entity_0001|fullname=Franz Linden|gender=m)))
61202	sehr		
61203	leidet		
61204	,		
61205	daß		
61206	er		(mention_id=8531|references=(entity=(entity_id=entity_0001|fullname=Franz Linden|gender=m)))
61207	wirklich		
61208	lebt		
61209	.		
61210	Und		
61211	das		
61212	ungeduldige		
61213	Tier		
61214	noch		
61215	fester		
61216	packend		
61217	,		
61218	kam		
61219	sie	8550	(mention_id=8532|references=(entity=(entity_id=entity_0004|fullname=Gertrud Baumhagen|gender=f)))
61220	mit		
61221	unhörbarem		
61222	Schritt		
61223	über		
61224	die		
61225	Steinfliesen		
61226	.		
61227	Nun		
61228	lehnte		
61229	sie	8551	(mention_id=8533|references=(entity=(entity_id=entity_0004|fullname=Gertrud Baumhagen|gender=f)))
61230	an		
61231	der		
61232	Türpfoste		
61233	und		
61234	spähte		
61235	durch		
61236	die		
61237	Scheiben		
61238	in		
61239	zitternder		
61240	Aufregung		
61241	,		
61242	scheu		
61243	wie		
61244	ein		
61245	Dieb	8552	
61246	,		
61247	sehnsüchtig		
61248	wie		
61249	ein		
61250	Kind	8553	
61251	am		
61252	Weihnachtsabend		
61253	.		
61254	Das		
61255	Zimmer		
61256	wie		
61257	sonst		
61258	,		
61259	die		
61260	Tapeten		
61261	,		
61262	die		
61263	Bilder		
61264	,		
61265	alles		
61266	,		
61267	wie		
61268	sie	8554	(mention_id=8534|references=(entity=(entity_id=entity_0004|fullname=Gertrud Baumhagen|gender=f)))
61269	es		
61270	verlassen		
61271	hatte		
61272	.		
61273	Darinnen		
61274	Menschen	8555	(mention_id=8535|references=(entity=(entity_id=generic_0025|fullname=Menschen|gender=u|specialcase_entity=generic)))
61275	,		
61276	die	8556	(mention_id=8536|references=(entity=(entity_id=generic_0026|fullname=Menschen|gender=u|specialcase_entity=generic)))
61277	geschäftig		
61278	hin		
61279	und		
61280	her		
61281	eilten		
61282	,		
61283	und		
61284	am		
61285	Tische		
61286	dort		
61287	vor		
61288	der		
61289	Lampe		
61290	,		
61291	da		
61292	saß		
61293	er	8557	(mention_id=8537|references=(entity=(entity_id=entity_0001|fullname=Franz Linden|gender=m)))
61294	,		
61295	das		
61296	Gesicht		
61297	voll		
61298	der		
61299	Tür		
61300	zugewandt		
61301	,		
61302	schmerzverzogen		
61303	und		
61304	blaß		
61305	.		
61306	Und		
61307	neben		
61308	ihm	8558	(mention_id=8538|references=(entity=(entity_id=entity_0001|fullname=Franz Linden|gender=m)))
61309	,		
61310	sich	8559	(mention_id=8539|references=(entity=(entity_id=entity_0021|fullname=Adelheid Strom|gender=f)))
61311	über		
61312	ihn	8560	(mention_id=8540|references=(entity=(entity_id=entity_0001|fullname=Franz Linden|gender=m)))
61313	beugend		
61314	,		
61315	mit		
61316	der		
61317	ganzen		
61318	bezaubernden		
61319	Anmut		
61320	einer		
61321	sorgenden		
61322	besorgten		
61323	Frau	8561	(mention_id=8541|references=(entity=(entity_id=entity_0021|fullname=Adelheid Strom|gender=f)))
61324	,		
61325	das		
61326	kleine		
61327	flinke		
61328	Geschöpf	8562	(mention_id=8542|references=(entity=(entity_id=entity_0021|fullname=Adelheid Strom|gender=f)))
61329	im		
61330	schwarzen		
61331	Kleidchen		
61332	und		
61333	weißer		
61334	Schürze		
61335	,		
61336	das		
61337	Schlüsselbund		
61338	im		
61339	Gürtel		
61340	,		
61341	seinen	8563	(mention_id=8543|references=(entity=(entity_id=entity_0001|fullname=Franz Linden|gender=m)))
61342	Arm		
61343	verbindend		
61344	.		
61345	Wie		
61346	geschickt		
61347	sie	8564	(mention_id=8544|references=(entity=(entity_id=entity_0021|fullname=Adelheid Strom|gender=f)))
61348	den		
61349	Leinwandstreifen		
61350	legte		
61351	,		
61352	mit		
61353	wie		
61354	spitzen		
61355	,		
61356	behenden		
61357	Fingerchen		
61358	sie	8565	(mention_id=8545|references=(entity=(entity_id=entity_0021|fullname=Adelheid Strom|gender=f)))
61359	die		
61360	Binde		
61361	befestigte		
61362	,		
61363	wie		
61364	ihr	8566	(mention_id=8546|references=(entity=(entity_id=entity_0021|fullname=Adelheid Strom|gender=f)))
61365	dunkles		
61366	Haar		
61367	fast		
61368	sein	8567	(mention_id=8547|references=(entity=(entity_id=entity_0001|fullname=Franz Linden|gender=m)))
61369	Antlitz		
61370	streifte		
61371	.		
61372	Und		
61373	das		
61374	mußten		
61375	andere		
61376	Hände		
61377	tun		
61378	wie		
61379	die		(mention_id=8548|references=(entity=(entity_id=entity_0021|fullname=Adelheid Strom|gender=f)|specialcase_reference=part))
61380	,		
61381	die		(mention_id=8549|references=(entity=(entity_id=entity_0004|fullname=Gertrud Baumhagen|gender=f)|specialcase_reference=part))
61382	hier		
61383	draußen		
61384	sich		
61385	ineinander		
61386	rangen		
61387	?		
61388	Da		
61389	winselt		
61390	es		
61391	freudig		
61392	neben		
61393	ihr	8568	(mention_id=8550|references=(entity=(entity_id=entity_0004|fullname=Gertrud Baumhagen|gender=f)))
61394	und		
61395	reißt		
61396	sich		
61397	los		
61398	mit		
61399	gewaltigem		
61400	Ruck		
61401	von		
61402	ihren	8569	(mention_id=8551|references=(entity=(entity_id=entity_0004|fullname=Gertrud Baumhagen|gender=f)))
61403	zitternden		
61404	Fingern		
61405	,		
61406	und		
61407	der		
61408	Hund		
61409	springt		
61410	gegen		
61411	die		
61412	Tür		
61413	,		
61414	daß		
61415	sie	8570	
61416	klirrend		
61417	erbebt		
61418	.		
61419	In		
61420	schreckensvoller		
61421	Hast		
61422	wollte		
61423	sie	8571	(mention_id=8552|references=(entity=(entity_id=entity_0004|fullname=Gertrud Baumhagen|gender=f)))
61424	fliehen		
61425	,		
61426	aber		
61427	sie	8572	(mention_id=8553|references=(entity=(entity_id=entity_0004|fullname=Gertrud Baumhagen|gender=f)))
61428	fand		
61429	nicht		
61430	Kraft		
61431	.		
61432	Der		
61433	Boden		
61434	schien		
61435	unter		
61436	ihren	8573	(mention_id=8554|references=(entity=(entity_id=entity_0004|fullname=Gertrud Baumhagen|gender=f)))
61437	Füßen		
61438	zu		
61439	schwanken		
61440	.		
61441	Mit		
61442	vergehenden		
61443	Sinnen		
61444	hörte		
61445	sie	8574	(mention_id=8555|references=(entity=(entity_id=entity_0004|fullname=Gertrud Baumhagen|gender=f)))
61446	noch		
61447	,		
61448	wie		
61449	die		
61450	Tür		
61451	hastig		
61452	aufgerissen		
61453	wurde		
61454	.		
61455	Dann		
61456	schwand		
61457	ihr	8575	(mention_id=8556|references=(entity=(entity_id=entity_0004|fullname=Gertrud Baumhagen|gender=f)))
61458	das		
61459	Bewußtsein		
61460	.		
