i	token	mention	gold
46254	10.		
46255	Die		
46256	ersten		
46257	Sonnenstrahlen		
46258	legten		
46259	sich		
46260	wie		
46261	rotes		
46262	Gold		
46263	auf		
46264	die		
46265	Spitzen		
46266	des		
46267	Waldes		
46268	,		
46269	der		
46270	sich		
46271	bis		
46272	zu		
46273	dem		
46274	weißen		
46275	,		
46276	in		
46277	Villastil		
46278	gebauten		
46279	Hause		
46280	herandrängte		
46281	.		
46282	Riesenwächtern		
46283	gleich		
46284	standen		
46285	vor		
46286	der		
46287	massiven		
46288	Gartenmauer		
46289	prachtvolle		
46290	Eichen		
46291	auf		
46292	dem		
46293	Rasengrund		
46294	.		
46295	Ein		
46296	schmaler		
46297	,		
46298	wenig		
46299	betretener		
46300	Pfad		
46301	führte		
46302	zwischen		
46303	ihnen		
46304	dahin		
46305	,		
46306	wie		
46307	man		
46308	ihn		
46309	findet		
46310	an		
46311	Stellen		
46312	,		
46313	die		
46314	eigentlich		
46315	nicht		
46316	begangen		
46317	werden		
46318	sollen		
46319	.		
46320	Noch		
46321	gaben		
46322	die		
46323	stolzen		
46324	Bäume		
46325	wenig		
46326	Schatten		
46327	.		
46328	Die		
46329	Eiche		
46330	belaubt		
46331	sich		
46332	zuletzt		
46333	;		
46334	jung		
46335	und		
46336	kraus		
46337	erschienen		
46338	die		
46339	Blättchen		
46340	an		
46341	den		
46342	knorrigen		
46343	Ästen		
46344	und		
46345	stachen		
46346	reizend		
46347	ab		
46348	gegen		
46349	die		
46350	dunklen		
46351	Edeltannen		
46352	jenseits		
46353	der		
46354	Gartenmauer		
46355	,		
46356	untermischt		
46357	mit		
46358	dem		
46359	zarten		
46360	,		
46361	schleierartigen		
46362	Laub		
46363	der		
46364	Birke		
46365	.		
46366	Wie		
46367	traumverloren		
46368	lag		
46369	das		
46370	Haus		
46371	in		
46372	dieser		
46373	Morgenstille		
46374	.		
46375	Die		
46376	grünen		
46377	Jalousien		
46378	waren		
46379	sämtlich		
46380	geschlossen		
46381	,		
46382	gleich		
46383	schlafschweren		
46384	Augen		
46385	.		
46386	Auf		
46387	dem		
46388	Dache		
46389	sonnte		
46390	sich		
46391	eine		
46392	Reihe		
46393	bunter		
46394	Flüchtertauben	6630	
46395	.		
46396	Der		
46397	Rasenplatz		
46398	vor		
46399	dem		
46400	Hause		
46401	schien		
46402	verwildert		
46403	,		
46404	kaum		
46405	noch		
46406	von		
46407	dem		
46408	grasbewachsenen		
46409	Wege		
46410	zu		
46411	unterscheiden		
46412	,		
46413	der		
46414	von		
46415	der		
46416	Gitterpforte		
46417	zum		
46418	Treppenhause		
46419	führte		
46420	.		
46421	Aus		
46422	dem		
46423	Nebengebäude		
46424	stieg		
46425	leichter		
46426	Rauch		
46427	zum		
46428	blauen		
46429	Himmel		
46430	empor		
46431	,		
46432	und		
46433	eine		
46434	Katze		
46435	saß		
46436	zusammengekauert		
46437	auf		
46438	dem		
46439	hölzernen		
46440	Bänkchen		
46441	zur		
46442	Seite		
46443	der		
46444	Haustüre		
46445	.		
46446	Kein		
46447	Laut		
46448	ringsum		
46449	,		
46450	als		
46451	der		
46452	jauchzende		
46453	Triller		
46454	der		
46455	Lerchen		
46456	,		
46457	die		
46458	unsichtbar		
46459	im		
46460	blauen		
46461	Äther		
46462	standen		
46463	.		
46464	Da		
46465	kam		
46466	unter		
46467	den		
46468	Eichen		
46469	eine		
46470	schlanke		
46471	Frauengestalt	6631	(mention_id=6617|references=(entity=(entity_id=entity_0004|fullname=Gertrud Baumhagen|gender=f)))
46472	daher		
46473	.		
46474	Sie	6632	(mention_id=6618|references=(entity=(entity_id=entity_0004|fullname=Gertrud Baumhagen|gender=f)))
46475	ging		
46476	langsam		
46477	,		
46478	und		
46479	ihre	6633	(mention_id=6619|references=(entity=(entity_id=entity_0004|fullname=Gertrud Baumhagen|gender=f)))
46480	Blicke		
46481	schweiften		
46482	bald		
46483	nach		
46484	links		
46485	über		
46486	die		
46487	grünende		
46488	Saat		
46489	hinweg		
46490	ins		
46491	Land		
46492	hinaus		
46493	,		
46494	bald		
46495	hingen		
46496	sie		
46497	an		
46498	den		
46499	Bäumen		
46500	.		
46501	Sie	6634	(mention_id=6620|references=(entity=(entity_id=entity_0004|fullname=Gertrud Baumhagen|gender=f)))
46502	mußte		
46503	schon		
46504	einen		
46505	weiten		
46506	Weg		
46507	gemacht		
46508	haben		
46509	.		
46510	Das		
46511	feine		
46512	Gesicht		
46513	sah		
46514	müde		
46515	aus		
46516	,		
46517	unter		
46518	den		
46519	Augen		
46520	lagen		
46521	braune		
46522	Schatten		
46523	und		
46524	der		
46525	Saum		
46526	ihres	6635	(mention_id=6621|references=(entity=(entity_id=entity_0004|fullname=Gertrud Baumhagen|gender=f)))
46527	Kleides		
46528	war		
46529	feucht		
46530	wie		
46531	die		
46532	kleinen		
46533	halbhohen		
46534	Lederschuhe		
46535	,		
46536	die		
46537	unter		
46538	dem		
46539	grauen		
46540	Falbelrock		
46541	hervorsahen		
46542	.		
46543	Sie	6636	(mention_id=6622|references=(entity=(entity_id=entity_0004|fullname=Gertrud Baumhagen|gender=f)))
46544	ging		
46545	direkt		
46546	auf		
46547	das		
46548	Gittertor		
46549	zu		
46550	,		
46551	faßte		
46552	mit		
46553	den		
46554	unbehandschuhten		
46555	Händen		
46556	die		
46557	rostigen		
46558	Stäbe		
46559	und		
46560	blickte		
46561	auf		
46562	das		
46563	Haus		
46564	,		
46565	etwa		
46566	in		
46567	der		
46568	Stellung		
46569	eines		
46570	neugierigen		
46571	Kindes	6637	(mention_id=6623|references=(entity=(entity_id=entity_0004|fullname=Gertrud Baumhagen|gender=f)|specialcase_reference=figurative))
46572	.		
46573	Aber		
46574	ihre	6638	(mention_id=6624|references=(entity=(entity_id=entity_0004|fullname=Gertrud Baumhagen|gender=f)))
46575	Augen		
46576	sahen		
46577	zu		
46578	ernst		
46579	dafür		
46580	.		
46581	Neben		
46582	ihr	6639	(mention_id=6625|references=(entity=(entity_id=entity_0004|fullname=Gertrud Baumhagen|gender=f)))
46583	stand		
46584	schweifwedelnd		
46585	ein		
46586	brauner		
46587	Hühnerhund		
46588	und		
46589	sah		
46590	sie	6640	(mention_id=6626|references=(entity=(entity_id=entity_0004|fullname=Gertrud Baumhagen|gender=f)))
46591	wie		
46592	fragend		
46593	an		
46594	mit		
46595	den		
46596	klugen		
46597	Augen		
46598	,		
46599	aber		
46600	sie	6641	(mention_id=6627|references=(entity=(entity_id=entity_0004|fullname=Gertrud Baumhagen|gender=f)))
46601	achtete		
46602	des		
46603	Tieres		
46604	nicht		
46605	,		
46606	das		
46607	ihr	6642	(mention_id=6628|references=(entity=(entity_id=entity_0004|fullname=Gertrud Baumhagen|gender=f)))
46608	so		
46609	treulich		
46610	gefolgt		
46611	war		
46612	.		
46613	Ihre	6643	(mention_id=6629|references=(entity=(entity_id=entity_0004|fullname=Gertrud Baumhagen|gender=f)))
46614	Gedanken		
46615	hatten		
46616	nur		
46617	ein		
46618	Ziel		
46619	.		
46620	Sie	6644	(mention_id=6630|references=(entity=(entity_id=entity_0004|fullname=Gertrud Baumhagen|gender=f)))
46621	war		
46622	nie		
46623	wieder		
46624	hier		
46625	gewesen		
46626	seit		
46627	jenem		
46628	Tage		
46629	,		
46630	an		
46631	dem		
46632	sie	6645	(mention_id=6631|references=(entity=(entity_id=entity_0004|fullname=Gertrud Baumhagen|gender=f)))
46633	in		
46634	verzweifelnder		
46635	Angst		
46636	hergelaufen		
46637	,		
46638	um		
46639	–		
46640	zu		
46641	spät		
46642	zu		
46643	kommen		
46644	.		
46645	Noch		
46646	erschien		
46647	alles		
46648	wie		
46649	damals		
46650	–		
46651	aber		
46652	so		
46653	verlassen		
46654	.		
46655	Sie	6646	(mention_id=6632|references=(entity=(entity_id=entity_0004|fullname=Gertrud Baumhagen|gender=f)))
46656	zog		
46657	die		
46658	Glocke		
46659	.		
46660	Wie		
46661	schwer		
46662	das		
46663	ging		
46664	!		
46665	Ja		
46666	,		
46667	die		
46668	hatte		
46669	niemandes		
46670	Hand		
46671	wieder		
46672	berührt		
46673	.		
46674	Jedes		
46675	Frühjahr		
46676	und		
46677	jeden		
46678	Herbst		
46679	fuhr		
46680	zwar		
46681	Sophie	6647	(mention_id=6633|references=(entity=(entity_id=entity_0071|fullname=Sophie|gender=f)))
46682	pflichtschuldigst		
46683	heraus		
46684	,		
46685	um		
46686	die		
46687	Möbel		
46688	zu		
46689	klopfen		
46690	und		
46691	die		
46692	Zimmer		
46693	zu		
46694	lüften		
46695	,		
46696	von		
46697	den		
46698	anderen	6648	(mention_id=6634|references=(entity=(entity_id=entity_0285|fullname=andere Personen des Baumhagschen Anwesens|gender=mf|members=entity_0010,entity_0070,entity_0071|all_members_given=True|specialcase_entity=group)))
46699	aber		
46700	niemand		
46701	.		
46702	Frau	6649	(mention_id=6635|references=(entity=(entity_id=entity_0005|fullname=Ottilie Baumhagen|gender=f)))
46703	Baumhagen	6649	(mention_id=6635|references=(entity=(entity_id=entity_0005|fullname=Ottilie Baumhagen|gender=f)))
46704	hatte		
46705	diese		
46706	idyllische		
46707	Marotte		
46708	ihres	6650	(mention_id=6636|references=(entity=(entity_id=entity_0005|fullname=Ottilie Baumhagen|gender=f)))
46709	Gatten	6651	(mention_id=6637|references=(entity=(entity_id=entity_0015|fullname=Leberecht Baumhagen|gender=m)))
46710	vom		
46711	ersten		
46712	Moment		
46713	an		
46714	für		
46715	eine		
46716	Verrücktheit		
46717	erklärt		
46718	,		
46719	und		
46720	Jenny	6652	(mention_id=6638|references=(entity=(entity_id=entity_0006|fullname=Jenny Fredrich, geb. Baumhagen|gender=f)))
46721	nannte		
46722	das		
46723	Landhaus		
46724	die		
46725	Grillenburg		
46726	.		
46727	Sie	6653	(mention_id=6639|references=(entity=(entity_id=entity_0006|fullname=Jenny Fredrich, geb. Baumhagen|gender=f)))
46728	war		
46729	einmal		
46730	hier		
46731	gewesen		
46732	und		
46733	nie		
46734	wieder		
46735	,		
46736	»		
46737	man		
46738	verkam		
46739	ja		
46740	vor		
46741	Langweile		
46742	zwischen		
46743	den		
46744	stummen		
46745	Bäumen		
46746	!		
46747	«		
46748	Endlich		
46749	gab		
46750	die		
46751	Glocke		
46752	einen		
46753	schwachen		
46754	Laut		
46755	.		
46756	Daraufhin		
46757	erhob		
46758	sich		
46759	ein		
46760	wütendes		
46761	Hundegebell		
46762	im		
46763	Nebenhause		
46764	,		
46765	und		
46766	eine		
46767	Frau	6654	(mention_id=6640|references=(entity=(entity_id=entity_0274|fullname=Frau Rode|gender=f)))
46768	von		
46769	etlichen		
46770	fünfzig		
46771	Jahren		
46772	im		
46773	wattierten		
46774	Unterrock		
46775	und		
46776	rotgeblumter		
46777	Nachtjacke		
46778	kam		
46779	aus		
46780	dem		
46781	Gebäude		
46782	.		
46783	Starr		
46784	wie		
46785	ein		
46786	Wachsbild	6655	
46787	schaute		
46788	sie	6656	(mention_id=6641|references=(entity=(entity_id=entity_0274|fullname=Frau Rode|gender=f)))
46789	die		
46790	junge		
46791	Dame	6657	(mention_id=6642|references=(entity=(entity_id=entity_0004|fullname=Gertrud Baumhagen|gender=f)))
46792	an		
46793	,		
46794	dann		
46795	schlug		
46796	sie	6658	(mention_id=6643|references=(entity=(entity_id=entity_0274|fullname=Frau Rode|gender=f)))
46797	die		
46798	Hände		
46799	zusammen		
46800	und		
46801	rannte		
46802	auf		
46803	klappernden		
46804	Pantoffeln		
46805	ins		
46806	Haus		
46807	zurück		
46808	,		
46809	um		
46810	sofort		
46811	mit		
46812	einem		
46813	Schlüsselbund		
46814	wiederzukehren		
46815	.		
46816	»		
46817	I		
46818	du		
46819	Barmherziger	6659	(mention_id=6644|references=(entity=(entity_id=entity_0274|fullname=Frau Rode|gender=f)),(entity=(entity_id=entity_0019|fullname=Gott|gender=u|specialcase_entity=nonfact)))
46820	!		
46821	«		
46822	sagte		
46823	sie	6660	(mention_id=6645|references=(entity=(entity_id=entity_0274|fullname=Frau Rode|gender=f)))
46824	atemlos		
46825	beim		
46826	Aufschließen		
46827	,		
46828	»		
46829	das		
46830	hätte		
46831	ich	6661	(mention_id=6646|references=(entity=(entity_id=entity_0274|fullname=Frau Rode|gender=f)))
46832	mir	6662	(mention_id=6647|references=(entity=(entity_id=entity_0274|fullname=Frau Rode|gender=f)))
46833	nicht		
46834	träumen		
46835	lassen		
46836	–		
46837	die		
46838	Frau	6663	(mention_id=6648|references=(entity=(entity_id=entity_0004|fullname=Gertrud Baumhagen|gender=f)))
46839	Linden	6663	(mention_id=6648|references=(entity=(entity_id=entity_0004|fullname=Gertrud Baumhagen|gender=f)))
46840	!		
46841	Haben		
46842	einen		
46843	Morgenspaziergang		
46844	gemacht		
46845	,		
46846	gnädige		
46847	Frau	6664	(mention_id=6649|references=(entity=(entity_id=entity_0004|fullname=Gertrud Baumhagen|gender=f)))
46848	?		
46849	Dachte		
46850	schon		
46851	immer		
46852	,		
46853	ob		
46854	Sie	6665	(mention_id=6650|references=(entity=(entity_id=entity_0004|fullname=Gertrud Baumhagen|gender=f)))
46855	nicht		
46856	einmal		
46857	herkommen		
46858	mit		
46859	dem		
46860	Herrn	6666	(mention_id=6651|references=(entity=(entity_id=entity_0001|fullname=Franz Linden|gender=m)))
46861	Gemahl	6666	(mention_id=6651|references=(entity=(entity_id=entity_0001|fullname=Franz Linden|gender=m)))
46862	–		
46863	nun		
46864	sehen		
46865	Sie	6667	(mention_id=6652|references=(entity=(entity_id=entity_0004|fullname=Gertrud Baumhagen|gender=f)))
46866	nur		
46867	–		
46868	das		
46869	freut		
46870	mich	6668	(mention_id=6653|references=(entity=(entity_id=entity_0274|fullname=Frau Rode|gender=f)))
46871	aber		
46872	!		
46873	«		
46874	und		
46875	sie	6669	(mention_id=6654|references=(entity=(entity_id=entity_0274|fullname=Frau Rode|gender=f)))
46876	lief		
46877	den		
46878	Weg		
46879	voran		
46880	und		
46881	schloß		
46882	die		
46883	Tür		
46884	der		
46885	Villa		
46886	auf		
46887	.		
46888	»		
46889	Alles		
46890	in		
46891	Ordnung		
46892	,		
46893	Frau	6670	(mention_id=6655|references=(entity=(entity_id=entity_0004|fullname=Gertrud Baumhagen|gender=f)))
46894	Linden	6670	(mention_id=6655|references=(entity=(entity_id=entity_0004|fullname=Gertrud Baumhagen|gender=f)))
46895	.		
46896	Mein	6671	(mention_id=6656|references=(entity=(entity_id=entity_0274|fullname=Frau Rode|gender=f)))
46897	Mann	6672	(mention_id=6657|references=(entity=(entity_id=entity_0276|fullname=Mann von Frau Rode|gender=m)))
46898	hat		
46899	immer		
46900	darauf		
46901	gehalten		
46902	.		
46903	›		
46904	Paß		
46905	auf		
46906	‹		
46907	,		
46908	sagte		
46909	er	6673	(mention_id=6658|references=(entity=(entity_id=entity_0276|fullname=Mann von Frau Rode|gender=m)))
46910	,		
46911	›		
46912	eines		
46913	Tages		
46914	kommt		
46915	doch		
46916	einmal		
46917	jemand		(mention_id=6659|references=(entity=(entity_id=entity_0010|fullname=Familie Baumhagen|gender=mf|members=entity_0004,entity_0005,entity_0006,entity_0007,entity_0008,entity_0009,entity_0015|all_members_given=True|specialcase_entity=group)))
46918	von		
46919	den		
46920	Herrschaften	6674	(mention_id=6660|references=(entity=(entity_id=entity_0005|fullname=Ottilie Baumhagen|gender=f)))
46921	.		
46922	‹		
46923	«		
46924	Und		
46925	wieder		
46926	lief		
46927	die		
46928	vierschrötige		
46929	Person	6675	(mention_id=6661|references=(entity=(entity_id=entity_0274|fullname=Frau Rode|gender=f)))
46930	die		
46931	Treppen		
46932	vorauf		
46933	und		
46934	öffnete		
46935	ein		
46936	Zimmer		
46937	.		
46938	»		
46939	Es		
46940	ist		
46941	alles		
46942	beim		
46943	alten		
46944	–		
46945	da		
46946	steht		
46947	Ihr	6676	(mention_id=6662|references=(entity=(entity_id=entity_0004|fullname=Gertrud Baumhagen|gender=f)))
46948	Bettchen		
46949	und		
46950	da		
46951	sind		
46952	auch		
46953	noch		
46954	die		
46955	Bücher		
46956	.		
46957	Nur		
46958	die		
46959	Tannen		
46960	und		
46961	Buchen		
46962	vor		
46963	den		
46964	Fenstern		
46965	sind		
46966	gewachsen		
46967	.		
46968	«		
46969	Die		
46970	junge		
46971	Frau	6677	(mention_id=6663|references=(entity=(entity_id=entity_0004|fullname=Gertrud Baumhagen|gender=f)))
46972	nickte		
46973	.		
46974	»		
46975	Bringen		
46976	Sie	6678	(mention_id=6664|references=(entity=(entity_id=entity_0004|fullname=Gertrud Baumhagen|gender=f)))
46977	mir	6679	(mention_id=6665|references=(entity=(entity_id=entity_0004|fullname=Gertrud Baumhagen|gender=f)))
46978	ein		
46979	wenig		
46980	heiße		
46981	Milch		
46982	«		
46983	,		
46984	sagte		
46985	sie	6680	(mention_id=6666|references=(entity=(entity_id=entity_0004|fullname=Gertrud Baumhagen|gender=f)))
46986	fröstelnd		
46987	,		
46988	»		
46989	aber		
46990	recht		
46991	bald		
46992	,		
46993	Frau	6681	(mention_id=6667|references=(entity=(entity_id=entity_0274|fullname=Frau Rode|gender=f)))
46994	Rode	6681	(mention_id=6667|references=(entity=(entity_id=entity_0274|fullname=Frau Rode|gender=f)))
46995	.		
46996	«		
46997	»		
46998	Gleich		
46999	!		
47000	Gleich		
47001	!		
47002	«		
47003	Und		
47004	die		
47005	Alte	6682	(mention_id=6668|references=(entity=(entity_id=entity_0274|fullname=Frau Rode|gender=f)))
47006	hastete		
47007	fort		
47008	.		
47009	Trudchen		(mention_id=6669|references=(entity=(entity_id=entity_0004|fullname=Gertrud Baumhagen|gender=f)))
47010	hörte		
47011	das		
47012	Klappern		
47013	ihrer	6683	(mention_id=6670|references=(entity=(entity_id=entity_0274|fullname=Frau Rode|gender=f)))
47014	Pantoffeln		
47015	auf		
47016	der		
47017	Treppe		
47018	verhallen		
47019	und		
47020	die		
47021	Haustür		
47022	zuschlagen		
47023	.		
47024	Und		
47025	nun		
47026	war		
47027	sie	6684	(mention_id=6671|references=(entity=(entity_id=entity_0004|fullname=Gertrud Baumhagen|gender=f)))
47028	allein		
47029	.		
47030	Es		
47031	herrschte		
47032	eine		
47033	kühle		
47034	,		
47035	grüne		
47036	Dämmerung		
47037	in		
47038	dem		
47039	Zimmer		
47040	,		
47041	die		
47042	Buchenzweige		
47043	drängten		
47044	sich		
47045	bis		
47046	dicht		
47047	an		
47048	die		
47049	Scheiben		
47050	.		
47051	Damals		
47052	war		
47053	es		
47054	noch		
47055	nicht		
47056	so		
47057	dunkel		
47058	hier		
47059	innen		
47060	,		
47061	als		
47062	sie	6685	(mention_id=6672|references=(entity=(entity_id=entity_0004|fullname=Gertrud Baumhagen|gender=f)))
47063	zuletzt		
47064	einen		
47065	Sommer		
47066	hier		
47067	verbrachte		
47068	.		
47069	Sonst		
47070	–		
47071	die		
47072	Frau	6686	(mention_id=6673|references=(entity=(entity_id=entity_0004|fullname=Gertrud Baumhagen|gender=f)))
47073	hatte		
47074	recht		
47075	,		
47076	sonst		
47077	war		
47078	es		
47079	noch		
47080	ebenso		
47081	,		
47082	der		
47083	Spiegel		
47084	im		
47085	Rahmen		
47086	von		
47087	Pflaumenholz		
47088	zeigte		
47089	noch		
47090	immer		
47091	die		
47092	bogenspannenden		
47093	Zentauren		
47094	in		
47095	dem		
47096	gelb		
47097	und		
47098	schwarzen		
47099	Felde		
47100	der		
47101	oberen		
47102	Verzierung		
47103	.		
47104	Über		
47105	dem		
47106	kleinen		
47107	altmodischen		
47108	Schreibtisch		
47109	hing		
47110	noch		
47111	immer		
47112	der		
47113	Stahlstich		
47114	»		
47115	Paul	6687	(mention_id=6674|references=(entity=(entity_id=entity_0283|fullname=Paul|gender=m|specialcase_entity=nonfact)))
47116	und		
47117	Virginie	6688	(mention_id=6675|references=(entity=(entity_id=entity_0284|fullname=Virginie|gender=f|specialcase_entity=nonfact)))
47118	«		
47119	unter		
47120	dem		
47121	Palmenblatt		
47122	.		
47123	Die		
47124	grünen		
47125	Vorhänge		
47126	des		
47127	Himmelbettes		
47128	waren		
47129	nicht		
47130	um		
47131	die		
47132	leiseste		
47133	Schattierung		
47134	verblichen		
47135	,		
47136	das		
47137	Sofa		
47138	noch		
47139	genau		
47140	so		
47141	unbequem		
47142	,		
47143	der		
47144	Tisch		
47145	davor		
47146	mit		
47147	der		
47148	nämlichen		
47149	Plüschdecke		
47150	.		
47151	Hier		
47152	hatte		
47153	sie	6689	(mention_id=6676|references=(entity=(entity_id=entity_0004|fullname=Gertrud Baumhagen|gender=f)))
47154	so		
47155	manche		
47156	traute		
47157	Stunde		
47158	verlebt		
47159	,		
47160	in		
47161	süßer		
47162	Lenznacht		
47163	am		
47164	offenen		
47165	Fenster		
47166	,		
47167	und		
47168	an		
47169	stürmischen		
47170	Herbstabenden		
47171	,		
47172	wenn		
47173	die		
47174	Wolken		
47175	am		
47176	Himmel		
47177	jagten		
47178	,		
47179	der		
47180	Sturm		
47181	sich		
47182	über		
47183	die		
47184	Berge		
47185	stürzte		
47186	gegen		
47187	das		
47188	einsame		
47189	Haus		
47190	,		
47191	der		
47192	Regen		
47193	prasselte		
47194	und		
47195	der		
47196	Wald		
47197	so		
47198	unheimlich		
47199	rauschte		
47200	.		
47201	Dann		
47202	waren		
47203	die		
47204	Vorhänge		
47205	zugezogen		
47206	,		
47207	im		
47208	Kachelofen		
47209	brannte		
47210	das		
47211	Feuer		
47212	,		
47213	und		
47214	drüben		
47215	im		
47216	gemütlichen		
47217	Wohnzimmer		
47218	wußte		
47219	sie	6690	(mention_id=6677|references=(entity=(entity_id=entity_0004|fullname=Gertrud Baumhagen|gender=f)))
47220	den		
47221	Papa	6691	(mention_id=6678|references=(entity=(entity_id=entity_0015|fullname=Leberecht Baumhagen|gender=m)))
47222	bei		
47223	einer		
47224	L'hombrepartie		
47225	.		
47226	Sie	6692	(mention_id=6679|references=(entity=(entity_id=entity_0004|fullname=Gertrud Baumhagen|gender=f)))
47227	hatte		
47228	die		
47229	Wirtin	6693	(mention_id=6680|references=(entity=(entity_id=entity_0004|fullname=Gertrud Baumhagen|gender=f)))
47230	hier		
47231	in		
47232	»		
47233	Waldruhe		
47234	«		
47235	gemacht		
47236	,		
47237	sie	6694	(mention_id=6681|references=(entity=(entity_id=entity_0004|fullname=Gertrud Baumhagen|gender=f)))
47238	war		
47239	so		
47240	stolz		
47241	darauf		
47242	,		
47243	in		
47244	die		
47245	Küche		
47246	zu		
47247	gehen		
47248	mit		
47249	dem		
47250	weißen		
47251	Schürzchen		
47252	,		
47253	in		
47254	den		
47255	Keller		
47256	zu		
47257	steigen		
47258	,		
47259	und		
47260	die		
47261	alten		
47262	Herren	6695	(mention_id=6682|references=(entity=(entity_id=entity_0277|fullname=alte Herren in Waldruhe|gender=m|members=entity_0008,entity_0015|all_members_given=True|specialcase_entity=group)))
47263	ließen		
47264	sie	6696	(mention_id=6683|references=(entity=(entity_id=entity_0004|fullname=Gertrud Baumhagen|gender=f)))
47265	dann		
47266	bei		
47267	Tische		
47268	ob		
47269	des		
47270	wohlgelungenen		
47271	Wildbratens		
47272	hoch		
47273	leben		
47274	.		
47275	Die		
47276	alten		
47277	,		
47278	lieben		
47279	Freunde	6697	(mention_id=6684|references=(entity=(entity_id=entity_0277|fullname=alte Herren in Waldruhe|gender=m|members=entity_0008,entity_0015|all_members_given=True|specialcase_entity=group)))
47280	–		
47281	da		
47282	war		
47283	jetzt		
47284	nur		
47285	noch		
47286	Onkel	6698	(mention_id=6685|references=(entity=(entity_id=entity_0008|fullname=Onkel Heinrich|gender=m)))
47287	Heinrich	6698	(mention_id=6685|references=(entity=(entity_id=entity_0008|fullname=Onkel Heinrich|gender=m)))
47288	.		
47289	Dort		
47290	auf		
47291	jenes		
47292	Lager		
47293	hatten		
47294	sie	6699	(mention_id=6686|references=(entity=(entity_id=entity_0004|fullname=Gertrud Baumhagen|gender=f)))
47295	dann		
47296	auch		
47297	das		
47298	ohnmächtige		
47299	Mädchen	6700	(mention_id=6687|references=(entity=(entity_id=entity_0004|fullname=Gertrud Baumhagen|gender=f)))
47300	getragen		
47301	,		
47302	wie		
47303	sie	6701	(mention_id=6688|references=(entity=(entity_id=entity_0004|fullname=Gertrud Baumhagen|gender=f)))
47304	es	6702	(mention_id=6689|references=(entity=(entity_id=entity_0004|fullname=Gertrud Baumhagen|gender=f)))
47305	an		
47306	Papas	6703	(mention_id=6690|references=(entity=(entity_id=entity_0015|fullname=Leberecht Baumhagen|gender=m)))
47307	Totenbette		
47308	gefunden		
47309	hatten		
47310	.		
47311	Es		
47312	schüttelte		
47313	die		
47314	junge		
47315	Frau	6704	(mention_id=6691|references=(entity=(entity_id=entity_0004|fullname=Gertrud Baumhagen|gender=f)))
47316	plötzlich		
47317	wie		
47318	im		
47319	Fieber		
47320	.		
47321	»		
47322	Er	6705	(mention_id=6692|references=(entity=(entity_id=entity_0015|fullname=Leberecht Baumhagen|gender=m)))
47323	starb		
47324	an		
47325	seiner	6706	(mention_id=6693|references=(entity=(entity_id=entity_0015|fullname=Leberecht Baumhagen|gender=m)))
47326	unglücklichen		
47327	Ehe		
47328	«		
47329	,		
47330	hatte		
47331	sie	6707	(mention_id=6694|references=(entity=(entity_id=entity_0004|fullname=Gertrud Baumhagen|gender=f)))
47332	Onkel	6708	(mention_id=6695|references=(entity=(entity_id=entity_0008|fullname=Onkel Heinrich|gender=m)))
47333	Heinrich	6708	(mention_id=6695|references=(entity=(entity_id=entity_0008|fullname=Onkel Heinrich|gender=m)))
47334	einmal		
47335	sagen		
47336	hören		
47337	–		
47338	leise		
47339	,		
47340	aber		
47341	sie	6709	(mention_id=6696|references=(entity=(entity_id=entity_0004|fullname=Gertrud Baumhagen|gender=f)))
47342	hatte		
47343	es		
47344	doch		
47345	verstanden		
47346	.		
47347	Mama	6710	(mention_id=6697|references=(entity=(entity_id=entity_0005|fullname=Ottilie Baumhagen|gender=f)))
47348	liebte		
47349	ihn	6711	(mention_id=6698|references=(entity=(entity_id=entity_0015|fullname=Leberecht Baumhagen|gender=m)))
47350	nicht		
47351	,		
47352	Mama	6712	(mention_id=6699|references=(entity=(entity_id=entity_0005|fullname=Ottilie Baumhagen|gender=f)))
47353	hatte		
47354	einen		
47355	anderen	6713	(mention_id=6700|references=(entity=(entity_id=entity_0275|fullname=Ottilies Auserwählter|gender=m)))
47356	gern		
47357	gehabt		
47358	,		
47359	und		
47360	das		
47361	hatte		
47362	sie	6714	(mention_id=6701|references=(entity=(entity_id=entity_0005|fullname=Ottilie Baumhagen|gender=f)))
47363	ihm	6715	(mention_id=6702|references=(entity=(entity_id=entity_0015|fullname=Leberecht Baumhagen|gender=m)))
47364	einst		
47365	gesagt		
47366	,		
47367	als		
47368	es		
47369	,		
47370	einer		
47371	Kleinigkeit		
47372	wegen		
47373	,		
47374	zu		
47375	Meinungsverschiedenheiten		
47376	kam		
47377	.		
47378	»		
47379	Mit		
47380	dem		
47381	andern	6716	(mention_id=6703|references=(entity=(entity_id=entity_0275|fullname=Ottilies Auserwählter|gender=m)))
47382	wäre		
47383	ich	6717	(mention_id=6704|references=(entity=(entity_id=entity_0005|fullname=Ottilie Baumhagen|gender=f)))
47384	glücklicher		
47385	geworden		
47386	,		
47387	ich	6718	(mention_id=6705|references=(entity=(entity_id=entity_0005|fullname=Ottilie Baumhagen|gender=f)))
47388	hatte		
47389	ihn	6719	(mention_id=6706|references=(entity=(entity_id=entity_0275|fullname=Ottilies Auserwählter|gender=m)))
47390	wenigstens		
47391	lieb		
47392	–		
47393	aber		
47394	,		
47395	›		
47396	es		
47397	war		
47398	keine		
47399	Versorgung		
47400	‹		
47401	.		
47402	«		
47403	Trudchen	6720	(mention_id=6707|references=(entity=(entity_id=entity_0004|fullname=Gertrud Baumhagen|gender=f)))
47404	begriff		
47405	jetzt		
47406	alles		
47407	.		
47408	Sie	6721	(mention_id=6708|references=(entity=(entity_id=entity_0004|fullname=Gertrud Baumhagen|gender=f)))
47409	hatte		
47410	Papas	6722	(mention_id=6709|references=(entity=(entity_id=entity_0015|fullname=Leberecht Baumhagen|gender=m)))
47411	Charakter		
47412	,		
47413	sie	6723	(mention_id=6710|references=(entity=(entity_id=entity_0004|fullname=Gertrud Baumhagen|gender=f)))
47414	war		
47415	stolz		
47416	.		
47417	Oh		
47418	,		
47419	diese		
47420	düsteren		
47421	Jahre		
47422	,		
47423	da		
47424	sie	6724	(mention_id=6711|references=(entity=(entity_id=entity_0004|fullname=Gertrud Baumhagen|gender=f)))
47425	mit		
47426	wachsendem		
47427	Verständnis		
47428	erkannte		
47429	,		
47430	welcher		
47431	Sonnenschein		
47432	dem		
47433	Hause		
47434	mangelte		
47435	.		
47436	»		
47437	Hätte		
47438	ich	6725	(mention_id=6712|references=(entity=(entity_id=entity_0015|fullname=Leberecht Baumhagen|gender=m)))
47439	die		
47440	Kinder	6726	(mention_id=6713|references=(entity=(entity_id=entity_0006|fullname=Jenny Fredrich, geb. Baumhagen|gender=f)),(entity=(entity_id=entity_0004|fullname=Gertrud Baumhagen|gender=f)))
47441	nicht		
47442	«		
47443	,		
47444	hatte		
47445	er	6727	(mention_id=6714|references=(entity=(entity_id=entity_0015|fullname=Leberecht Baumhagen|gender=m)))
47446	einst		
47447	zornig		
47448	gerufen		
47449	,		
47450	»		
47451	es		
47452	wäre		
47453	längst		
47454	ein		
47455	Ende		
47456	gemacht		
47457	!		
47458	«		
47459	»		
47460	Oh		
47461	,		
47462	Qual		
47463	der		
47464	Hölle		
47465	,		
47466	wenn		
47467	zwei		
47468	Menschen	6728	(mention_id=6715|references=(entity=(entity_id=entity_0015|fullname=Leberecht Baumhagen|gender=m)),(entity=(entity_id=entity_0005|fullname=Ottilie Baumhagen|gender=f)))
47469	durch		
47470	Gott	6729	(mention_id=6716|references=(entity=(entity_id=entity_0019|fullname=Gott|gender=u|specialcase_entity=nonfact)))
47471	und		
47472	das		
47473	Gesetz		
47474	zusammengeschmiedet		
47475	sind		
47476	,		
47477	die	6730	(mention_id=6717|references=(entity=(entity_id=entity_0015|fullname=Leberecht Baumhagen|gender=m)),(entity=(entity_id=entity_0005|fullname=Ottilie Baumhagen|gender=f)))
47478	doch		
47479	am		
47480	liebsten		
47481	eine		
47482	Welt		
47483	zwischen		
47484	sich	6731	(mention_id=6718|references=(entity=(entity_id=entity_0015|fullname=Leberecht Baumhagen|gender=m)),(entity=(entity_id=entity_0005|fullname=Ottilie Baumhagen|gender=f)))
47485	legten		
47486	!		
47487	–		
47488	Unwürdig		
47489	!		
47490	unmoralisch		
47491	!		
47492	–		
47493	Hatte		
47494	er	6732	(mention_id=6719|references=(entity=(entity_id=entity_0015|fullname=Leberecht Baumhagen|gender=m)))
47495	nicht		
47496	recht		
47497	getan		
47498	,		
47499	der		
47500	Papa	6733	(mention_id=6720|references=(entity=(entity_id=entity_0015|fullname=Leberecht Baumhagen|gender=m)))
47501	,		
47502	daß		
47503	er	6734	(mention_id=6721|references=(entity=(entity_id=entity_0015|fullname=Leberecht Baumhagen|gender=m)))
47504	freiwillig		
47505	ging		
47506	–		
47507	ging		
47508	für		
47509	immer		
47510	?		
47511	Aber		
47512	ach		
47513	,		
47514	wie		
47515	schwer		
47516	ist		
47517	das		
47518	Gehen		
47519	,		
47520	wenn		
47521	man		
47522	liebt		
47523	,		
47524	so		
47525	liebt		
47526	!		
47527	–		
47528	Wie		
47529	denn		
47530	?		
47531	Liebe		
47532	,		
47533	Achtung		
47534	gehören		
47535	doch		
47536	einmal		
47537	zusammen		
47538	–		
47539	Einbildung		
47540	,		
47541	alles		
47542	Einbildung		
47543	!		
47544	Sie	6735	(mention_id=6722|references=(entity=(entity_id=entity_0004|fullname=Gertrud Baumhagen|gender=f)))
47545	wurde		
47546	plötzlich		
47547	noch		
47548	um		
47549	einen		
47550	Schein		
47551	bleicher		
47552	;		
47553	sie	6736	(mention_id=6723|references=(entity=(entity_id=entity_0004|fullname=Gertrud Baumhagen|gender=f)))
47554	dachte		
47555	,		
47556	wie		
47557	Papa	6737	(mention_id=6724|references=(entity=(entity_id=entity_0015|fullname=Leberecht Baumhagen|gender=m)))
47558	sie	6738	(mention_id=6725|references=(entity=(entity_id=entity_0004|fullname=Gertrud Baumhagen|gender=f)))
47559	geliebt		
47560	hatte		
47561	,		
47562	und		
47563	sie	6739	(mention_id=6726|references=(entity=(entity_id=entity_0004|fullname=Gertrud Baumhagen|gender=f)))
47564	dachte		
47565	an		
47566	die		
47567	kleine		
47568	Wiege		
47569	in		
47570	der		
47571	Rumpelkammer		
47572	zu		
47573	Hause		
47574	.		
47575	Gott		(mention_id=6727|references=(entity=(entity_id=entity_0019|fullname=Gott|gender=u|specialcase_entity=nonfact)))
47576	sei		
47577	Dank		
47578	,		
47579	es		
47580	war		
47581	nur		
47582	ein		
47583	Traum		
47584	,		
47585	ein		
47586	Wunsch		
47587	,		
47588	ein		
47589	Nichts		
47590	–		
47591	und		
47592	doch		
47593	–		
47594	Oh		
47595	,		
47596	diese		
47597	herzbeklemmende		
47598	Angst		
47599	!		
47600	Sie	6740	(mention_id=6728|references=(entity=(entity_id=entity_0004|fullname=Gertrud Baumhagen|gender=f)))
47601	ging		
47602	hinüber		
47603	an		
47604	das		
47605	Bett		
47606	,		
47607	sie	6741	(mention_id=6729|references=(entity=(entity_id=entity_0004|fullname=Gertrud Baumhagen|gender=f)))
47608	war		
47609	so		
47610	müde		
47611	.		
47612	Sie	6742	(mention_id=6730|references=(entity=(entity_id=entity_0004|fullname=Gertrud Baumhagen|gender=f)))
47613	schmiegte		
47614	den		
47615	Kopf		
47616	in		
47617	die		
47618	Kissen		
47619	,		
47620	zog		
47621	die		
47622	Decke		
47623	empor		
47624	und		
47625	schloß		
47626	die		
47627	Augen		
47628	.		
47629	Und		
47630	dann		
47631	standen		
47632	ihr	6743	(mention_id=6731|references=(entity=(entity_id=entity_0004|fullname=Gertrud Baumhagen|gender=f)))
47633	immer		
47634	die		
47635	Worte		
47636	vor		
47637	der		
47638	Seele		
47639	,		
47640	wie		
47641	flammende		
47642	Schrift		
47643	,		
47644	die		
47645	Worte		
47646	,		
47647	die		
47648	sie	6744	(mention_id=6732|references=(entity=(entity_id=entity_0004|fullname=Gertrud Baumhagen|gender=f)))
47649	heute		
47650	geschrieben		
47651	hatte		
47652	,		
47653	um		
47654	sie		
47655	auf		
47656	seinen	6745	(mention_id=6733|references=(entity=(entity_id=entity_0001|fullname=Franz Linden|gender=m)))
47657	Schreibtisch		
47658	zu		
47659	legen		
47660	.		
47661	Und		
47662	sie	6746	(mention_id=6734|references=(entity=(entity_id=entity_0004|fullname=Gertrud Baumhagen|gender=f)))
47663	flüsterte		
47664	:		
47665	»		
47666	Sei		
47667	barmherzig		
47668	,		
47669	gib		
47670	mich	6747	(mention_id=6735|references=(entity=(entity_id=entity_0004|fullname=Gertrud Baumhagen|gender=f)))
47671	frei		
47672	!		
47673	Suche		
47674	mich	6748	(mention_id=6736|references=(entity=(entity_id=entity_0004|fullname=Gertrud Baumhagen|gender=f)))
47675	nicht		
47676	auf		
47677	,		
47678	laß		
47679	mir	6749	(mention_id=6737|references=(entity=(entity_id=entity_0004|fullname=Gertrud Baumhagen|gender=f)))
47680	den		
47681	einzigen		
47682	Platz		
47683	,		
47684	der		
47685	mir	6750	(mention_id=6738|references=(entity=(entity_id=entity_0004|fullname=Gertrud Baumhagen|gender=f)))
47686	noch		
47687	gehört		
47688	!		
47689	«		
47690	Die		
47691	Frau	6751	(mention_id=6739|references=(entity=(entity_id=entity_0274|fullname=Frau Rode|gender=f)))
47692	brachte		
47693	die		
47694	heiße		
47695	Milch		
47696	und		
47697	sie	6752	(mention_id=6740|references=(entity=(entity_id=entity_0004|fullname=Gertrud Baumhagen|gender=f)))
47698	trank		
47699	.		
47700	Sie	6753	(mention_id=6741|references=(entity=(entity_id=entity_0004|fullname=Gertrud Baumhagen|gender=f)))
47701	wolle		
47702	schlafen		
47703	,		
47704	sagte		
47705	sie	6754	(mention_id=6742|references=(entity=(entity_id=entity_0004|fullname=Gertrud Baumhagen|gender=f)))
47706	dann		
47707	,		
47708	und		
47709	sie	6755	(mention_id=6743|references=(entity=(entity_id=entity_0004|fullname=Gertrud Baumhagen|gender=f)))
47710	konnte		
47711	nicht		
47712	schlafen		
47713	.		
47714	Sie	6756	(mention_id=6744|references=(entity=(entity_id=entity_0004|fullname=Gertrud Baumhagen|gender=f)))
47715	horchte		
47716	immer		
47717	wieder		
47718	hinaus		
47719	,		
47720	sie	6757	(mention_id=6745|references=(entity=(entity_id=entity_0004|fullname=Gertrud Baumhagen|gender=f)))
47721	meinte		
47722	Pferdegetrappel		
47723	zu		
47724	hören		
47725	und		
47726	Wagenrollen		
47727	.		
47728	–		
47729	Ach		
47730	,		
47731	nur		
47732	das		
47733	nicht		
47734	!		
47735	Und		
47736	Stunde		
47737	auf		
47738	Stunde		
47739	verrann		
47740	,		
47741	unbeweglich		
47742	lag		
47743	sie	6758	(mention_id=6746|references=(entity=(entity_id=entity_0004|fullname=Gertrud Baumhagen|gender=f)))
47744	.		
47745	Sie	6759	(mention_id=6747|references=(entity=(entity_id=entity_0004|fullname=Gertrud Baumhagen|gender=f)))
47746	hatte		
47747	nicht		
47748	mehr		
47749	den		
47750	Mut		
47751	sich	6760	(mention_id=6748|references=(entity=(entity_id=entity_0004|fullname=Gertrud Baumhagen|gender=f)))
47752	aufzuraffen		
47753	.		
47754	Warum		
47755	kann		
47756	man		
47757	nicht		
47758	sterben		
47759	,		
47760	wenn		
47761	man	6761	
47762	will		
47763	?		
47764	–		
47765	Das		
47766	Mittagläuten		
47767	im		
47768	Dorfe		
47769	war		
47770	eben		
47771	verhallt		
47772	,		
47773	da		
47774	kam		
47775	doch		
47776	ein		
47777	Wagen		
47778	und		
47779	bald		
47780	darauf		
47781	Schritte		
47782	die		
47783	Treppe		
47784	herauf		
47785	.		
47786	Gott		(mention_id=6749|references=(entity=(entity_id=entity_0019|fullname=Gott|gender=u|specialcase_entity=nonfact)))
47787	sei		
47788	Dank		
47789	,		
47790	er		
47791	war		
47792	es		
47793	nicht		
47794	!		
47795	Zur		
47796	Tür		
47797	aber		
47798	steckte		
47799	Onkel	6762	(mention_id=6750|references=(entity=(entity_id=entity_0008|fullname=Onkel Heinrich|gender=m)))
47800	Heinrich	6762	(mention_id=6750|references=(entity=(entity_id=entity_0008|fullname=Onkel Heinrich|gender=m)))
47801	sein	6763	(mention_id=6751|references=(entity=(entity_id=entity_0008|fullname=Onkel Heinrich|gender=m)))
47802	bekümmertes		
47803	Gesicht		
47804	herein		
47805	.		
47806	»		
47807	Wahrhaftig		
47808	«		
47809	,		
47810	sagte		
47811	er	6764	(mention_id=6752|references=(entity=(entity_id=entity_0008|fullname=Onkel Heinrich|gender=m)))
47812	,		
47813	»		
47814	du	6765	(mention_id=6753|references=(entity=(entity_id=entity_0004|fullname=Gertrud Baumhagen|gender=f)))
47815	bist		
47816	da		
47817	!		
47818	–		
47819	Aber		
47820	warum		
47821	denn		
47822	,		
47823	Kind	6766	(mention_id=6754|references=(entity=(entity_id=entity_0004|fullname=Gertrud Baumhagen|gender=f)))
47824	,		
47825	warum		
47826	denn		
47827	?		
47828	«		
47829	Sie	6767	(mention_id=6755|references=(entity=(entity_id=entity_0004|fullname=Gertrud Baumhagen|gender=f)))
47830	hatte		
47831	sich	6768	(mention_id=6756|references=(entity=(entity_id=entity_0004|fullname=Gertrud Baumhagen|gender=f)))
47832	rasch		
47833	aufgerichtet		
47834	und		
47835	stand		
47836	nun		
47837	vor		
47838	dem		
47839	kleinen		
47840	Herrn	6769	(mention_id=6757|references=(entity=(entity_id=entity_0008|fullname=Onkel Heinrich|gender=m)))
47841	.		
47842	»		
47843	Du	6770	(mention_id=6758|references=(entity=(entity_id=entity_0004|fullname=Gertrud Baumhagen|gender=f)))
47844	bringst		
47845	mir	6771	(mention_id=6759|references=(entity=(entity_id=entity_0004|fullname=Gertrud Baumhagen|gender=f)))
47846	Antwort		
47847	,		
47848	Onkel	6772	(mention_id=6760|references=(entity=(entity_id=entity_0008|fullname=Onkel Heinrich|gender=m)))
47849	?		
47850	«		
47851	»		
47852	Ja		
47853	freilich		
47854	!		
47855	Ich	6773	(mention_id=6761|references=(entity=(entity_id=entity_0008|fullname=Onkel Heinrich|gender=m)))
47856	wollte		
47857	aber		
47858	lieber		
47859	sonst		
47860	etwas		
47861	tun		
47862	!		
47863	Wie		
47864	kommt		
47865	ihr	6774	(mention_id=6762|references=(entity=(entity_id=entity_0004|fullname=Gertrud Baumhagen|gender=f)),(entity=(entity_id=entity_0001|fullname=Franz Linden|gender=m)))
47866	kratzbürstige		
47867	Gesellschaft	6775	(mention_id=6763|references=(entity=(entity_id=entity_0004|fullname=Gertrud Baumhagen|gender=f)),(entity=(entity_id=entity_0001|fullname=Franz Linden|gender=m)))
47868	dazu		
47869	,		
47870	mich	6776	(mention_id=6764|references=(entity=(entity_id=entity_0008|fullname=Onkel Heinrich|gender=m)))
47871	zum		
47872	Träger	6777	
47873	eurer	6778	(mention_id=6765|references=(entity=(entity_id=entity_0004|fullname=Gertrud Baumhagen|gender=f)),(entity=(entity_id=entity_0001|fullname=Franz Linden|gender=m)))
47874	liebenswürdigen		
47875	Botschaften		
47876	auszuersehen		
47877	?		
47878	«		
47879	Er	6779	(mention_id=6766|references=(entity=(entity_id=entity_0008|fullname=Onkel Heinrich|gender=m)))
47880	warf		
47881	sich	6780	(mention_id=6767|references=(entity=(entity_id=entity_0008|fullname=Onkel Heinrich|gender=m)))
47882	ins		
47883	Sofa		
47884	,		
47885	daß		
47886	das		
47887	kleine		
47888	Möbel		
47889	förmlich		
47890	aufstöhnte		
47891	.		
47892	»		
47893	Hast		
47894	du	6781	(mention_id=6768|references=(entity=(entity_id=entity_0004|fullname=Gertrud Baumhagen|gender=f)))
47895	einen		
47896	Kognak		
47897	hier		
47898	?		
47899	«		
47900	fragte		
47901	er	6782	(mention_id=6769|references=(entity=(entity_id=entity_0008|fullname=Onkel Heinrich|gender=m)))
47902	,		
47903	»		
47904	mir	6783	(mention_id=6770|references=(entity=(entity_id=entity_0008|fullname=Onkel Heinrich|gender=m)))
47905	ist's		
47906	gar		
47907	nicht		
47908	recht		
47909	um		
47910	den		
47911	Magen		
47912	.		
47913	«		
47914	Sie	6784	(mention_id=6771|references=(entity=(entity_id=entity_0004|fullname=Gertrud Baumhagen|gender=f)))
47915	schüttelte		
47916	stumm		
47917	den		
47918	Kopf		
47919	und		
47920	sah		
47921	ihn		(mention_id=6772|references=(entity=(entity_id=entity_0008|fullname=Onkel Heinrich|gender=m)))
47922	an		
47923	aus		
47924	ihren	6785	(mention_id=6773|references=(entity=(entity_id=entity_0004|fullname=Gertrud Baumhagen|gender=f)))
47925	verdüsterten		
47926	Augen		
47927	.		
47928	»		
47929	Ach		
47930	so		
47931	«		
47932	,		
47933	machte		
47934	Onkel	6786	(mention_id=6774|references=(entity=(entity_id=entity_0008|fullname=Onkel Heinrich|gender=m)))
47935	Heinrich	6786	(mention_id=6774|references=(entity=(entity_id=entity_0008|fullname=Onkel Heinrich|gender=m)))
47936	grämlich		
47937	.		
47938	»		
47939	Nun		
47940	,		
47941	er	6787	(mention_id=6775|references=(entity=(entity_id=entity_0001|fullname=Franz Linden|gender=m)))
47942	läßt		
47943	dir	6788	(mention_id=6776|references=(entity=(entity_id=entity_0004|fullname=Gertrud Baumhagen|gender=f)))
47944	sagen		
47945	,		
47946	wenn		
47947	es		
47948	dir	6789	(mention_id=6777|references=(entity=(entity_id=entity_0004|fullname=Gertrud Baumhagen|gender=f)))
47949	Spaß		
47950	machte		
47951	,		
47952	hierzubleiben		
47953	,		
47954	sollst		
47955	du	6790	(mention_id=6778|references=(entity=(entity_id=entity_0004|fullname=Gertrud Baumhagen|gender=f)))
47956	dich	6791	(mention_id=6779|references=(entity=(entity_id=entity_0004|fullname=Gertrud Baumhagen|gender=f)))
47957	nicht		
47958	genieren		
47959	.		
47960	«		
47961	Sie	6792	(mention_id=6780|references=(entity=(entity_id=entity_0004|fullname=Gertrud Baumhagen|gender=f)))
47962	zuckte		
47963	merklich		
47964	zusammen		
47965	.		
47966	»		
47967	O		
47968	la		
47969	la		
47970	!		
47971	Das		
47972	ist		
47973	der		
47974	Sinn		
47975	–		
47976	so		
47977	ungefähr		
47978	«		
47979	,		
47980	verbesserte		
47981	er	6793	(mention_id=6781|references=(entity=(entity_id=entity_0008|fullname=Onkel Heinrich|gender=m)))
47982	und		
47983	wischte		
47984	sich	6794	(mention_id=6782|references=(entity=(entity_id=entity_0008|fullname=Onkel Heinrich|gender=m)))
47985	über		
47986	die		
47987	Stirn		
47988	mit		
47989	dem		
47990	Taschentuch		
47991	.		
47992	»		
47993	Linden	6795	(mention_id=6783|references=(entity=(entity_id=entity_0001|fullname=Franz Linden|gender=m)))
47994	sprach		
47995	eigentlich		
47996	wenig		
47997	«		
47998	,		
47999	fuhr		
48000	der		
48001	alte		
48002	Herr	6796	(mention_id=6784|references=(entity=(entity_id=entity_0008|fullname=Onkel Heinrich|gender=m)))
48003	fort		
48004	,		
48005	»		
48006	er	6797	(mention_id=6785|references=(entity=(entity_id=entity_0001|fullname=Franz Linden|gender=m)))
48007	war		
48008	nur		
48009	von		
48010	einem		
48011	stillen		
48012	Zorn		
48013	über		
48014	deine	6798	(mention_id=6786|references=(entity=(entity_id=entity_0004|fullname=Gertrud Baumhagen|gender=f)))
48015	Flucht		
48016	.		
48017	Indessen		
48018	,		
48019	er	6799	(mention_id=6787|references=(entity=(entity_id=entity_0001|fullname=Franz Linden|gender=m)))
48020	nahm		
48021	sich	6800	(mention_id=6788|references=(entity=(entity_id=entity_0001|fullname=Franz Linden|gender=m)))
48022	sehr		
48023	zusammen		
48024	.		
48025	Er	6801	(mention_id=6789|references=(entity=(entity_id=entity_0001|fullname=Franz Linden|gender=m)))
48026	wolle		
48027	dich	6802	(mention_id=6790|references=(entity=(entity_id=entity_0004|fullname=Gertrud Baumhagen|gender=f)))
48028	nicht		
48029	hindern		
48030	,		
48031	meinte		
48032	er	6803	(mention_id=6791|references=(entity=(entity_id=entity_0001|fullname=Franz Linden|gender=m)))
48033	.		
48034	Mit		
48035	Gewalt		
48036	schleppe		
48037	er	6804	(mention_id=6792|references=(entity=(entity_id=entity_0001|fullname=Franz Linden|gender=m)))
48038	dich	6805	(mention_id=6793|references=(entity=(entity_id=entity_0004|fullname=Gertrud Baumhagen|gender=f)))
48039	nicht		
48040	zurück		
48041	in		
48042	sein	6806	(mention_id=6794|references=(entity=(entity_id=entity_0001|fullname=Franz Linden|gender=m)))
48043	Haus		
48044	.		
48045	Er	6807	(mention_id=6795|references=(entity=(entity_id=entity_0001|fullname=Franz Linden|gender=m)))
48046	wird		
48047	dir	6808	(mention_id=6796|references=(entity=(entity_id=entity_0004|fullname=Gertrud Baumhagen|gender=f)))
48048	Johanne	6809	(mention_id=6797|references=(entity=(entity_id=entity_0012|fullname=Johanne|gender=f)))
48049	zur		
48050	Bedienung		
48051	schicken		
48052	und		
48053	hofft		
48054	sonst		
48055	noch		
48056	jeden		
48057	deiner	6810	(mention_id=6798|references=(entity=(entity_id=entity_0004|fullname=Gertrud Baumhagen|gender=f)))
48058	Wünsche		
48059	erfüllen		
48060	zu		
48061	können		
48062	.		
48063	Er	6811	(mention_id=6799|references=(entity=(entity_id=entity_0001|fullname=Franz Linden|gender=m)))
48064	werde		
48065	sich	6812	(mention_id=6800|references=(entity=(entity_id=entity_0001|fullname=Franz Linden|gender=m)))
48066	schon		
48067	einrichten		
48068	und		
48069	–		
48070	du	6813	(mention_id=6801|references=(entity=(entity_id=entity_0004|fullname=Gertrud Baumhagen|gender=f)))
48071	habest		
48072	den		
48073	Irrtum		
48074	hoffentlich		
48075	bald		
48076	eingesehen		
48077	.		
48078	Und		
48079	«		
48080	,		
48081	schloß		
48082	Onkel	6814	(mention_id=6802|references=(entity=(entity_id=entity_0008|fullname=Onkel Heinrich|gender=m)))
48083	Heinrich	6814	(mention_id=6802|references=(entity=(entity_id=entity_0008|fullname=Onkel Heinrich|gender=m)))
48084	,		
48085	»		
48086	soweit		
48087	wären		
48088	wir	6815	(mention_id=6803|references=(entity=(entity_id=entity_0008|fullname=Onkel Heinrich|gender=m)),(entity=(entity_id=entity_0004|fullname=Gertrud Baumhagen|gender=f)))
48089	.		
48090	Nun		
48091	möchte		
48092	ich	6816	(mention_id=6804|references=(entity=(entity_id=entity_0008|fullname=Onkel Heinrich|gender=m)))
48093	von		
48094	dir	6817	(mention_id=6805|references=(entity=(entity_id=entity_0004|fullname=Gertrud Baumhagen|gender=f)))
48095	wissen		
48096	,		
48097	was		
48098	jetzt		
48099	werden		
48100	soll		
48101	,		
48102	wenn		
48103	du	6818	(mention_id=6806|references=(entity=(entity_id=entity_0004|fullname=Gertrud Baumhagen|gender=f)))
48104	nämlich		
48105	mit		
48106	deiner	6819	(mention_id=6807|references=(entity=(entity_id=entity_0004|fullname=Gertrud Baumhagen|gender=f)))
48107	bekannten		
48108	Charakterstärke		
48109	nicht		
48110	zum		
48111	Einsehen		
48112	geneigt		
48113	bist		
48114	?		
48115	«		
48116	Sie	6820	(mention_id=6808|references=(entity=(entity_id=entity_0004|fullname=Gertrud Baumhagen|gender=f)))
48117	blieb		
48118	stumm		
48119	.		
48120	»		
48121	Übrigens		
48122	leugnet		
48123	Franz	6821	(mention_id=6809|references=(entity=(entity_id=entity_0001|fullname=Franz Linden|gender=m)))
48124	in		
48125	bezug		
48126	auf		
48127	diesen		
48128	Wolff	6822	(mention_id=6810|references=(entity=(entity_id=entity_0003|fullname=Herr Wolff|gender=m)))
48129	–		
48130	alles		
48131	!		
48132	Und		
48133	höre		
48134	,		
48135	Trudchen	6823	(mention_id=6811|references=(entity=(entity_id=entity_0004|fullname=Gertrud Baumhagen|gender=f)))
48136	,		
48137	du	6824	(mention_id=6812|references=(entity=(entity_id=entity_0004|fullname=Gertrud Baumhagen|gender=f)))
48138	warst		
48139	sonst		
48140	immer		
48141	ein		
48142	recht		
48143	vernünftiges		
48144	Frauenzimmer	6825	(mention_id=6813|references=(entity=(entity_id=entity_0004|fullname=Gertrud Baumhagen|gender=f)))
48145	,		
48146	was		
48147	ist		
48148	dir	6826	(mention_id=6814|references=(entity=(entity_id=entity_0004|fullname=Gertrud Baumhagen|gender=f)))
48149	in		
48150	den		
48151	Sinn		
48152	gekommen		
48153	,		
48154	daß		
48155	du	6827	(mention_id=6815|references=(entity=(entity_id=entity_0004|fullname=Gertrud Baumhagen|gender=f)))
48156	diesem		
48157	alten		
48158	Esel	6828	(mention_id=6816|references=(entity=(entity_id=entity_0003|fullname=Herr Wolff|gender=m)))
48159	,		
48160	der	6829	(mention_id=6817|references=(entity=(entity_id=entity_0003|fullname=Herr Wolff|gender=m)))
48161	überall		
48162	als		
48163	anrüchig		
48164	bekannt		
48165	ist		
48166	,		
48167	diesem		
48168	Wolff	6830	(mention_id=6818|references=(entity=(entity_id=entity_0003|fullname=Herr Wolff|gender=m)))
48169	,		
48170	mehr		
48171	Glauben		
48172	schenkst		
48173	als		
48174	deinem	6831	(mention_id=6819|references=(entity=(entity_id=entity_0004|fullname=Gertrud Baumhagen|gender=f)))
48175	Manne	6832	(mention_id=6820|references=(entity=(entity_id=entity_0001|fullname=Franz Linden|gender=m)))
48176	?		
48177	«		
48178	Trudchen	6833	(mention_id=6821|references=(entity=(entity_id=entity_0004|fullname=Gertrud Baumhagen|gender=f)))
48179	griff		
48180	hastig		
48181	in		
48182	die		
48183	Tasche		
48184	und		
48185	faßte		
48186	den		
48187	Zettel		
48188	–		
48189	da		
48190	war		
48191	ja		
48192	der		
48193	Beweis		
48194	.		
48195	Sie	6834	(mention_id=6822|references=(entity=(entity_id=entity_0004|fullname=Gertrud Baumhagen|gender=f)))
48196	machte		
48197	eine		
48198	Bewegung		
48199	,		
48200	als		
48201	wollte		
48202	sie	6835	(mention_id=6823|references=(entity=(entity_id=entity_0004|fullname=Gertrud Baumhagen|gender=f)))
48203	ihn		
48204	hinüberreichen		
48205	–		
48206	aber		
48207	nein		
48208	,		
48209	das		
48210	konnte		
48211	sie	6836	(mention_id=6824|references=(entity=(entity_id=entity_0004|fullname=Gertrud Baumhagen|gender=f)))
48212	nicht		
48213	,		
48214	sie	6837	(mention_id=6825|references=(entity=(entity_id=entity_0004|fullname=Gertrud Baumhagen|gender=f)))
48215	brachte		
48216	die		
48217	kleine		
48218	zur		
48219	Faust		
48220	geballte		
48221	Hand		
48222	,		
48223	die		
48224	das		
48225	unglückliche		
48226	Papier		
48227	umschloß		
48228	,		
48229	nicht		
48230	hervor		
48231	.		
48232	»		
48233	Ihr	6838	(mention_id=6826|references=(entity=(entity_id=entity_0004|fullname=Gertrud Baumhagen|gender=f)),(entity=(entity_id=entity_0001|fullname=Franz Linden|gender=m)))
48234	solltet		
48235	euch	6839	(mention_id=6827|references=(entity=(entity_id=entity_0004|fullname=Gertrud Baumhagen|gender=f)),(entity=(entity_id=entity_0001|fullname=Franz Linden|gender=m)))
48236	da		
48237	beide		(mention_id=6828|references=(entity=(entity_id=entity_0004|fullname=Gertrud Baumhagen|gender=f)),(entity=(entity_id=entity_0001|fullname=Franz Linden|gender=m)))
48238	ein		
48239	wenig		
48240	entgegenkommen		
48241	,		
48242	meine		
48243	ich	6840	(mention_id=6829|references=(entity=(entity_id=entity_0008|fullname=Onkel Heinrich|gender=m)))
48244	«		
48245	,		
48246	sagte		
48247	Onkel	6841	(mention_id=6830|references=(entity=(entity_id=entity_0008|fullname=Onkel Heinrich|gender=m)))
48248	Heinrich	6841	(mention_id=6830|references=(entity=(entity_id=entity_0008|fullname=Onkel Heinrich|gender=m)))
48249	nach		
48250	einem		
48251	Weilchen		
48252	;		
48253	»		
48254	ihr	6842	(mention_id=6831|references=(entity=(entity_id=entity_0004|fullname=Gertrud Baumhagen|gender=f)),(entity=(entity_id=entity_0001|fullname=Franz Linden|gender=m)))
48255	habt		
48256	euch	6843	(mention_id=6832|references=(entity=(entity_id=entity_0004|fullname=Gertrud Baumhagen|gender=f)),(entity=(entity_id=entity_0001|fullname=Franz Linden|gender=m)))
48257	einmal		
48258	geheiratet		
48259	und		
48260	–		
48261	au		
48262	fond		
48263	–		
48264	was		
48265	ist's		
48266	denn		
48267	weiter		
48268	,		
48269	wenn		
48270	er	6844	
48271	sich	6845	
48272	nach		
48273	deinen	6846	(mention_id=6833|references=(entity=(entity_id=entity_0004|fullname=Gertrud Baumhagen|gender=f)))
48274	Verhältnissen		
48275	erkundigt		
48276	hat		
48277	–		
48278	?		
48279	«		
48280	Er	6847	(mention_id=6834|references=(entity=(entity_id=entity_0008|fullname=Onkel Heinrich|gender=m)))
48281	brach		
48282	ab		
48283	vor		
48284	ihrem	6848	(mention_id=6835|references=(entity=(entity_id=entity_0004|fullname=Gertrud Baumhagen|gender=f)))
48285	dunklen		
48286	Blick		
48287	.		
48288	»		
48289	Heutzutage		
48290	ist		
48291	es		
48292	gar		
48293	nicht		
48294	so		
48295	etwas		
48296	Besonderes		
48297	,		
48298	wenn		
48299	man		
48300	–		
48301	«		
48302	stotterte		
48303	er	6849	(mention_id=6836|references=(entity=(entity_id=entity_0008|fullname=Onkel Heinrich|gender=m)))
48304	weiter		
48305	.		
48306	»		
48307	Das		
48308	ist		
48309	es		
48310	ja		
48311	nicht		
48312	,		
48313	das		
48314	nicht		
48315	,		
48316	Onkel	6850	(mention_id=6837|references=(entity=(entity_id=entity_0008|fullname=Onkel Heinrich|gender=m)))
48317	!		
48318	Höre		
48319	auf		
48320	!		
48321	«		
48322	sagte		
48323	Trudchen	6851	(mention_id=6838|references=(entity=(entity_id=entity_0004|fullname=Gertrud Baumhagen|gender=f)))
48324	.		
48325	»		
48326	Ja		
48327	,		
48328	ja		
48329	,		
48330	ich	6852	(mention_id=6839|references=(entity=(entity_id=entity_0008|fullname=Onkel Heinrich|gender=m)))
48331	verstehe		
48332	dich	6853	(mention_id=6840|references=(entity=(entity_id=entity_0004|fullname=Gertrud Baumhagen|gender=f)))
48333	schon		
48334	,		
48335	in		
48336	dem		
48337	Punkte		
48338	sind		
48339	die		
48340	Frauen	6854	(mention_id=6841|references=(entity=(entity_id=generic_0088|fullname=Frauen|gender=u|specialcase_entity=generic)))
48341	empfindlicher		
48342	,		
48343	und		
48344	mit		
48345	Recht		
48346	«		
48347	,		
48348	nickte		
48349	Onkel	6855	(mention_id=6842|references=(entity=(entity_id=entity_0008|fullname=Onkel Heinrich|gender=m)))
48350	Heinrich	6855	(mention_id=6842|references=(entity=(entity_id=entity_0008|fullname=Onkel Heinrich|gender=m)))
48351	.		
48352	»		
48353	Na		
48354	,		
48355	mir	6856	(mention_id=6843|references=(entity=(entity_id=entity_0008|fullname=Onkel Heinrich|gender=m)))
48356	ahnt		
48357	,		
48358	der		
48359	Name		
48360	›		
48361	Baumhagen	6857	
48362	‹		
48363	wird		
48364	einmal		
48365	wieder		
48366	Stadtgespräch		
48367	sein		
48368	im		
48369	nächsten		
48370	halben		
48371	Jahr		
48372	.		
48373	Adieu		
48374	,		
48375	Trudchen	6858	(mention_id=6844|references=(entity=(entity_id=entity_0004|fullname=Gertrud Baumhagen|gender=f)))
48376	!		
48377	Kann		
48378	nicht		
48379	gerade		
48380	sagen		
48381	,		
48382	daß		
48383	mich	6859	(mention_id=6845|references=(entity=(entity_id=entity_0008|fullname=Onkel Heinrich|gender=m)))
48384	dieser		
48385	Besuch		
48386	gefreut		
48387	hat		
48388	.		
48389	Laß		
48390	dir	6860	(mention_id=6846|references=(entity=(entity_id=entity_0004|fullname=Gertrud Baumhagen|gender=f)))
48391	die		
48392	Zeit		
48393	nicht		
48394	lang		
48395	werden		
48396	.		
48397	«		
48398	In		
48399	der		
48400	Tür		
48401	drehte		
48402	er	6861	(mention_id=6847|references=(entity=(entity_id=entity_0008|fullname=Onkel Heinrich|gender=m)))
48403	sich	6862	(mention_id=6848|references=(entity=(entity_id=entity_0008|fullname=Onkel Heinrich|gender=m)))
48404	noch		
48405	einmal		
48406	um		
48407	.		
48408	»		
48409	Übrigens		
48410	,		
48411	es		
48412	wird		
48413	wohl		
48414	zur		
48415	Klage		
48416	kommen		
48417	.		
48418	Franz	6863	(mention_id=6849|references=(entity=(entity_id=entity_0001|fullname=Franz Linden|gender=m)))
48419	weigert		
48420	sich	6864	(mention_id=6850|references=(entity=(entity_id=entity_0001|fullname=Franz Linden|gender=m)))
48421	,		
48422	die		
48423	Forderung		
48424	dieses		
48425	Wolff	6865	(mention_id=6851|references=(entity=(entity_id=entity_0003|fullname=Herr Wolff|gender=m)))
48426	anzuerkennen		
48427	.		
48428	«		
48429	Sie	6866	(mention_id=6852|references=(entity=(entity_id=entity_0004|fullname=Gertrud Baumhagen|gender=f)))
48430	schüttelte		
48431	den		
48432	Kopf		
48433	.		
48434	»		
48435	Er	6867	(mention_id=6853|references=(entity=(entity_id=entity_0001|fullname=Franz Linden|gender=m)))
48436	wird		
48437	sich	6868	(mention_id=6854|references=(entity=(entity_id=entity_0001|fullname=Franz Linden|gender=m)))
48438	nicht		
48439	weigern		
48440	«		
48441	,		
48442	sagte		
48443	sie	6869	(mention_id=6855|references=(entity=(entity_id=entity_0004|fullname=Gertrud Baumhagen|gender=f)))
48444	ruhig		
48445	.		
48446	»		
48447	Aber		
48448	ich	6870	(mention_id=6856|references=(entity=(entity_id=entity_0004|fullname=Gertrud Baumhagen|gender=f)))
48449	bitte		
48450	dich	6871	(mention_id=6857|references=(entity=(entity_id=entity_0008|fullname=Onkel Heinrich|gender=m)))
48451	,		
48452	Onkel	6872	(mention_id=6858|references=(entity=(entity_id=entity_0008|fullname=Onkel Heinrich|gender=m)))
48453	,		
48454	nimm		
48455	du	6873	(mention_id=6859|references=(entity=(entity_id=entity_0008|fullname=Onkel Heinrich|gender=m)))
48456	die		
48457	Angelegenheit		
48458	in		
48459	die		
48460	Hand		
48461	und		
48462	bezahle		
48463	den		
48464	Wolff	6874	(mention_id=6860|references=(entity=(entity_id=entity_0003|fullname=Herr Wolff|gender=m)))
48465	für		
48466	seine	6875	(mention_id=6861|references=(entity=(entity_id=entity_0003|fullname=Herr Wolff|gender=m)))
48467	Bemühungen		
48468	.		
48469	«		
48470	Ihre	6876	(mention_id=6862|references=(entity=(entity_id=entity_0004|fullname=Gertrud Baumhagen|gender=f)))
48471	Augen		
48472	füllten		
48473	sich		
48474	plötzlich		
48475	mit		
48476	funkelnden		
48477	Zornestränen		
48478	.		
48479	»		
48480	O		
48481	la		
48482	la		
48483	!		
48484	Soll		
48485	ich	6877	(mention_id=6863|references=(entity=(entity_id=entity_0008|fullname=Onkel Heinrich|gender=m)))
48486	mich	6878	(mention_id=6864|references=(entity=(entity_id=entity_0008|fullname=Onkel Heinrich|gender=m)))
48487	auch		
48488	noch		
48489	da		
48490	hineinmischen		
48491	?		
48492	«		
48493	Der		
48494	alte		
48495	Herr	6879	(mention_id=6865|references=(entity=(entity_id=entity_0008|fullname=Onkel Heinrich|gender=m)))
48496	war		
48497	aufs		
48498	peinlichste		
48499	berührt		
48500	.		
48501	»		
48502	Ich	6880	(mention_id=6866|references=(entity=(entity_id=entity_0004|fullname=Gertrud Baumhagen|gender=f)))
48503	bitte		
48504	dich	6881	(mention_id=6867|references=(entity=(entity_id=entity_0008|fullname=Onkel Heinrich|gender=m)))
48505	darum		
48506	,		
48507	Onkel	6882	(mention_id=6868|references=(entity=(entity_id=entity_0008|fullname=Onkel Heinrich|gender=m)))
48508	–		
48509	ehe		
48510	es		
48511	stadtbekannt		
48512	wird		
48513	!		
48514	«		
48515	Ein		
48516	Schluchzen		
48517	erstickte		
48518	ihre	6883	(mention_id=6869|references=(entity=(entity_id=entity_0004|fullname=Gertrud Baumhagen|gender=f)))
48519	Stimme		
48520	.		
48521	»		
48522	Ja		
48523	,		
48524	meinst		
48525	du	6884	(mention_id=6870|references=(entity=(entity_id=entity_0008|fullname=Onkel Heinrich|gender=m)))
48526	denn		
48527	nicht		
48528	,		
48529	Kind	6885	(mention_id=6871|references=(entity=(entity_id=entity_0004|fullname=Gertrud Baumhagen|gender=f)))
48530	,		
48531	daß		
48532	schon		
48533	leise		
48534	,		
48535	leise		
48536	darüber		
48537	geflüstert		
48538	wird		
48539	?		
48540	Hm		
48541	!		
48542	–		
48543	Nun		
48544	,		
48545	ich	6886	(mention_id=6872|references=(entity=(entity_id=entity_0008|fullname=Onkel Heinrich|gender=m)))
48546	will		
48547	es		
48548	tun		
48549	,		
48550	schon		
48551	aus		
48552	Egoismus		
48553	,		
48554	Trudchen	6887	(mention_id=6873|references=(entity=(entity_id=entity_0004|fullname=Gertrud Baumhagen|gender=f)))
48555	.		
48556	Denkst		
48557	du	6888	(mention_id=6874|references=(entity=(entity_id=entity_0004|fullname=Gertrud Baumhagen|gender=f)))
48558	,		
48559	mir	6889	(mention_id=6875|references=(entity=(entity_id=entity_0008|fullname=Onkel Heinrich|gender=m)))
48560	ist		
48561	es		
48562	gleichgültig		
48563	!		
48564	O		
48565	la		
48566	la		
48567	,		
48568	was		
48569	das		
48570	für		
48571	große		
48572	Tropfen		
48573	sind		
48574	!		
48575	Aber		
48576	versprichst		
48577	du	6890	(mention_id=6876|references=(entity=(entity_id=entity_0004|fullname=Gertrud Baumhagen|gender=f)))
48578	mir	6891	(mention_id=6877|references=(entity=(entity_id=entity_0008|fullname=Onkel Heinrich|gender=m)))
48579	dann		
48580	auch		
48581	fünf		
48582	gerade		
48583	sein		
48584	zu		
48585	lassen		
48586	?		
48587	Wie		
48588	?		
48589	Du	6892	(mention_id=6878|references=(entity=(entity_id=entity_0004|fullname=Gertrud Baumhagen|gender=f)))
48590	kannst		
48591	doch		
48592	nicht		
48593	von		
48594	ihm	6893	(mention_id=6879|references=(entity=(entity_id=entity_0001|fullname=Franz Linden|gender=m)))
48595	!		
48596	«		
48597	Die		
48598	Tränen		
48599	in		
48600	ihren	6894	(mention_id=6880|references=(entity=(entity_id=entity_0004|fullname=Gertrud Baumhagen|gender=f)))
48601	Augen		
48602	schienen		
48603	förmlich		
48604	zu		
48605	erstarren		
48606	.		
48607	»		
48608	Nein		
48609	!		
48610	«		
48611	sagte		
48612	sie	6895	(mention_id=6881|references=(entity=(entity_id=entity_0004|fullname=Gertrud Baumhagen|gender=f)))
48613	,		
48614	»		
48615	aber		
48616	wir	6896	(mention_id=6882|references=(entity=(entity_id=entity_0004|fullname=Gertrud Baumhagen|gender=f)),(entity=(entity_id=entity_0001|fullname=Franz Linden|gender=m)))
48617	werden		
48618	uns	6897	(mention_id=6883|references=(entity=(entity_id=entity_0004|fullname=Gertrud Baumhagen|gender=f)),(entity=(entity_id=entity_0001|fullname=Franz Linden|gender=m)))
48619	über		
48620	die		
48621	Trennung		
48622	einigen		
48623	!		
48624	«		
48625	»		
48626	Bist		
48627	du	6898	(mention_id=6884|references=(entity=(entity_id=entity_0004|fullname=Gertrud Baumhagen|gender=f)))
48628	verrückt		
48629	,		
48630	Kind	6899	(mention_id=6885|references=(entity=(entity_id=entity_0004|fullname=Gertrud Baumhagen|gender=f)))
48631	?		
48632	«		
48633	rief		
48634	der		
48635	alte		
48636	Herr	6900	(mention_id=6886|references=(entity=(entity_id=entity_0008|fullname=Onkel Heinrich|gender=m)))
48637	mit		
48638	dunkelrotem		
48639	Kopf		
48640	.		
48641	Sie	6901	(mention_id=6887|references=(entity=(entity_id=entity_0004|fullname=Gertrud Baumhagen|gender=f)))
48642	wandte		
48643	langsam		
48644	den		
48645	Blick		
48646	von		
48647	ihm	6902	(mention_id=6888|references=(entity=(entity_id=entity_0008|fullname=Onkel Heinrich|gender=m)))
48648	.		
48649	»		
48650	Er	6903	(mention_id=6889|references=(entity=(entity_id=entity_0001|fullname=Franz Linden|gender=m)))
48651	hat		
48652	ja		
48653	doch		
48654	nur		
48655	mein	6904	(mention_id=6890|references=(entity=(entity_id=entity_0004|fullname=Gertrud Baumhagen|gender=f)))
48656	Geld		
48657	gewollt		
48658	,		
48659	er	6905	(mention_id=6891|references=(entity=(entity_id=entity_0001|fullname=Franz Linden|gender=m)))
48660	mag		
48661	es		
48662	behalten		
48663	«		
48664	,		
48665	klang		
48666	es		
48667	leise		
48668	an		
48669	sein	6906	(mention_id=6892|references=(entity=(entity_id=entity_0008|fullname=Onkel Heinrich|gender=m)))
48670	Ohr		
48671	.		
48672	»		
48673	Ich	6907	(mention_id=6893|references=(entity=(entity_id=entity_0004|fullname=Gertrud Baumhagen|gender=f)))
48674	war		
48675	Nebensache		
48676	,		
48677	ich	6908	(mention_id=6894|references=(entity=(entity_id=entity_0004|fullname=Gertrud Baumhagen|gender=f)))
48678	!		
48679	«		
48680	»		
48681	Na		
48682	,		
48683	das		
48684	ist		
48685	die		
48686	erste		
48687	Empfindlichkeit		
48688	«		
48689	,		
48690	meinte		
48691	der		
48692	Onkel	6909	(mention_id=6895|references=(entity=(entity_id=entity_0008|fullname=Onkel Heinrich|gender=m)))
48693	beschwichtigend		
48694	.		
48695	»		
48696	Kennst		
48697	du	6910	(mention_id=6896|references=(entity=(entity_id=entity_0008|fullname=Onkel Heinrich|gender=m)))
48698	mich	6911	(mention_id=6897|references=(entity=(entity_id=entity_0004|fullname=Gertrud Baumhagen|gender=f)))
48699	so		
48700	?		
48701	«		
48702	fragte		
48703	sie	6912	(mention_id=6898|references=(entity=(entity_id=entity_0004|fullname=Gertrud Baumhagen|gender=f)))
48704	und		
48705	richtete		
48706	sich	6913	(mention_id=6899|references=(entity=(entity_id=entity_0004|fullname=Gertrud Baumhagen|gender=f)))
48707	in		
48708	ihrer	6914	(mention_id=6900|references=(entity=(entity_id=entity_0004|fullname=Gertrud Baumhagen|gender=f)))
48709	ganzen		
48710	schlanken		
48711	Höhe		
48712	auf		
48713	.		
48714	Ihre	6915	(mention_id=6901|references=(entity=(entity_id=entity_0004|fullname=Gertrud Baumhagen|gender=f)))
48715	verweinten		
48716	Augen		
48717	sahen		
48718	unheimlich		
48719	entschlossen		
48720	in		
48721	die		
48722	seinen	6916	(mention_id=6902|references=(entity=(entity_id=entity_0008|fullname=Onkel Heinrich|gender=m)))
48723	.		
48724	Der		
48725	kleine		
48726	Herr	6917	(mention_id=6903|references=(entity=(entity_id=entity_0008|fullname=Onkel Heinrich|gender=m)))
48727	zog		
48728	eilig		
48729	die		
48730	Tür		
48731	hinter		
48732	sich	6918	(mention_id=6904|references=(entity=(entity_id=entity_0008|fullname=Onkel Heinrich|gender=m)))
48733	zu		
48734	.		
48735	Das		
48736	war		
48737	gerade		
48738	,		
48739	als		
48740	ob		
48741	sein	6919	(mention_id=6905|references=(entity=(entity_id=entity_0008|fullname=Onkel Heinrich|gender=m)))
48742	verstorbener		
48743	Bruder	6920	(mention_id=6906|references=(entity=(entity_id=entity_0015|fullname=Leberecht Baumhagen|gender=m)))
48744	ihn	6921	(mention_id=6907|references=(entity=(entity_id=entity_0008|fullname=Onkel Heinrich|gender=m)))
48745	anschaute		
48746	.		
48747	In		
48748	unbehaglichster		
48749	Stimmung		
48750	warf		
48751	er	6922	(mention_id=6908|references=(entity=(entity_id=entity_0008|fullname=Onkel Heinrich|gender=m)))
48752	sich	6923	(mention_id=6909|references=(entity=(entity_id=entity_0008|fullname=Onkel Heinrich|gender=m)))
48753	in		
48754	den		
48755	Wagen		
48756	.		
48757	Tausend		
48758	Wetter		
48759	,		
48760	wie		
48761	war		
48762	er	6924	(mention_id=6910|references=(entity=(entity_id=entity_0008|fullname=Onkel Heinrich|gender=m)))
48763	da		
48764	wieder		
48765	hineingeraten		
48766	durch		
48767	seine	6925	(mention_id=6911|references=(entity=(entity_id=entity_0008|fullname=Onkel Heinrich|gender=m)))
48768	Gutmütigkeit		
48769	!		
48770	Trudchen	6926	(mention_id=6912|references=(entity=(entity_id=entity_0004|fullname=Gertrud Baumhagen|gender=f)))
48771	blieb		
48772	allein		
48773	.		
48774	Einen		
48775	Augenblick		
48776	blickte		
48777	sie	6927	(mention_id=6913|references=(entity=(entity_id=entity_0004|fullname=Gertrud Baumhagen|gender=f)))
48778	ihm	6928	(mention_id=6914|references=(entity=(entity_id=entity_0008|fullname=Onkel Heinrich|gender=m)))
48779	nach		
48780	,		
48781	dann		
48782	schlug		
48783	sie	6929	(mention_id=6915|references=(entity=(entity_id=entity_0004|fullname=Gertrud Baumhagen|gender=f)))
48784	verzweifelt		
48785	die		
48786	Hände		
48787	vor		
48788	das		
48789	Gesicht		
48790	,		
48791	flüchtete		
48792	sich	6930	(mention_id=6916|references=(entity=(entity_id=entity_0004|fullname=Gertrud Baumhagen|gender=f)))
48793	auf		
48794	das		
48795	kleine		
48796	Sofa		
48797	und		
48798	weinte		
48799	.		
48800	Es		
48801	war		
48802	gegen		
48803	Abend		
48804	.		
48805	Franz	6931	(mention_id=6917|references=(entity=(entity_id=entity_0001|fullname=Franz Linden|gender=m)))
48806	Linden	6931	(mention_id=6917|references=(entity=(entity_id=entity_0001|fullname=Franz Linden|gender=m)))
48807	stieg		
48808	die		
48809	Treppe		
48810	hinab		
48811	,		
48812	stellte		
48813	sich	6932	(mention_id=6918|references=(entity=(entity_id=entity_0001|fullname=Franz Linden|gender=m)))
48814	auf		
48815	die		
48816	Terrasse		
48817	und		
48818	pfiff		
48819	gellend		
48820	in		
48821	den		
48822	Garten		
48823	hinaus		
48824	.		
48825	Er	6933	(mention_id=6919|references=(entity=(entity_id=entity_0001|fullname=Franz Linden|gender=m)))
48826	wartete		
48827	noch		
48828	eine		
48829	Weile		
48830	,		
48831	dann		
48832	schüttelte		
48833	er	6934	(mention_id=6920|references=(entity=(entity_id=entity_0001|fullname=Franz Linden|gender=m)))
48834	den		
48835	Kopf		
48836	:		
48837	»		
48838	Der		
48839	Köter		
48840	ist		
48841	ihr	6935	(mention_id=6921|references=(entity=(entity_id=entity_0004|fullname=Gertrud Baumhagen|gender=f)))
48842	nach		
48843	«		
48844	,		
48845	sagte		
48846	er	6936	(mention_id=6922|references=(entity=(entity_id=entity_0001|fullname=Franz Linden|gender=m)))
48847	leise		
48848	,		
48849	»		
48850	selbst		
48851	so		
48852	ein		
48853	Tier		
48854	nimmt		
48855	Partei		
48856	gegen		
48857	mich	6937	(mention_id=6923|references=(entity=(entity_id=entity_0001|fullname=Franz Linden|gender=m)))
48858	!		
48859	«		
48860	–		
48861	Er	6938	(mention_id=6924|references=(entity=(entity_id=entity_0001|fullname=Franz Linden|gender=m)))
48862	trat		
48863	wieder		
48864	zurück		
48865	in		
48866	den		
48867	Saal		
48868	und		
48869	stieß		
48870	auf		
48871	Johanne	6939	(mention_id=6925|references=(entity=(entity_id=entity_0012|fullname=Johanne|gender=f)))
48872	,		
48873	die	6940	(mention_id=6926|references=(entity=(entity_id=entity_0012|fullname=Johanne|gender=f)))
48874	am		
48875	Büfett		
48876	hantierte		
48877	.		
48878	»		
48879	Sie	6941	(mention_id=6927|references=(entity=(entity_id=entity_0012|fullname=Johanne|gender=f)))
48880	werden		
48881	also		
48882	in		
48883	einer		
48884	Stunde		
48885	nach		
48886	›		
48887	Waldruhe		
48888	‹		
48889	fahren		
48890	«		
48891	,		
48892	redete		
48893	er	6942	(mention_id=6928|references=(entity=(entity_id=entity_0001|fullname=Franz Linden|gender=m)))
48894	sie	6943	(mention_id=6929|references=(entity=(entity_id=entity_0012|fullname=Johanne|gender=f)))
48895	an		
48896	und		
48897	sah		
48898	dabei		
48899	an		
48900	ihr	6944	(mention_id=6930|references=(entity=(entity_id=entity_0012|fullname=Johanne|gender=f)))
48901	vorüber		
48902	.		
48903	»		
48904	Nehmen		
48905	Sie	6945	(mention_id=6931|references=(entity=(entity_id=entity_0012|fullname=Johanne|gender=f)))
48906	das		
48907	Nötige		
48908	an		
48909	Wäsche		
48910	und		
48911	Garderobe		
48912	meiner	6946	(mention_id=6932|references=(entity=(entity_id=entity_0001|fullname=Franz Linden|gender=m)))
48913	Frau	6947	(mention_id=6933|references=(entity=(entity_id=entity_0004|fullname=Gertrud Baumhagen|gender=f)))
48914	mit		
48915	.		
48916	Was		
48917	sie	6948	(mention_id=6934|references=(entity=(entity_id=entity_0004|fullname=Gertrud Baumhagen|gender=f)))
48918	sonst		
48919	noch		
48920	wünscht		
48921	,		
48922	steht		
48923	jeden		
48924	Augenblick		
48925	zu		
48926	ihrer	6949	(mention_id=6935|references=(entity=(entity_id=entity_0004|fullname=Gertrud Baumhagen|gender=f)))
48927	Verfügung		
48928	.		
48929	«		
48930	Johanne	6950	(mention_id=6936|references=(entity=(entity_id=entity_0012|fullname=Johanne|gender=f)))
48931	blickte		
48932	ihn	6951	(mention_id=6937|references=(entity=(entity_id=entity_0001|fullname=Franz Linden|gender=m)))
48933	scheu		
48934	an		
48935	,		
48936	das		
48937	sonst		
48938	blühende		
48939	Männergesicht		
48940	sah		
48941	so		
48942	aschfahl		
48943	aus		
48944	in		
48945	der		
48946	abendlichen		
48947	Beleuchtung		
48948	.		
48949	»		
48950	Wenn's		
48951	noch		
48952	eine		
48953	halbe		
48954	Stunde		
48955	Zeit		
48956	hätte		
48957	,		
48958	Herr	6952	(mention_id=6938|references=(entity=(entity_id=entity_0001|fullname=Franz Linden|gender=m)))
48959	Linden	6952	(mention_id=6938|references=(entity=(entity_id=entity_0001|fullname=Franz Linden|gender=m)))
48960	–		
48961	ich	6953	(mention_id=6939|references=(entity=(entity_id=entity_0012|fullname=Johanne|gender=f)))
48962	will		
48963	dem		
48964	Fräulein	6954	(mention_id=6940|references=(entity=(entity_id=entity_0021|fullname=Adelheid Strom|gender=f)))
48965	doch		
48966	wenigstens		
48967	noch		
48968	Bescheid		
48969	sagen		
48970	über		
48971	den		
48972	Milchkeller		
48973	.		
48974	«		
48975	»		
48976	Dem		
48977	Fräulein	6955	(mention_id=6941|references=(entity=(entity_id=entity_0021|fullname=Adelheid Strom|gender=f)))
48978	?		
48979	–		
48980	Ah		
48981	–		
48982	so		
48983	.		
48984	«		
48985	»		
48986	Ja		
48987	,		
48988	dem		
48989	Fräulein	6956	(mention_id=6942|references=(entity=(entity_id=entity_0021|fullname=Adelheid Strom|gender=f)))
48990	,		
48991	das	6957	(mention_id=6943|references=(entity=(entity_id=entity_0021|fullname=Adelheid Strom|gender=f)))
48992	seit		
48993	gestern		
48994	bei		
48995	der		
48996	Tante	6958	(mention_id=6944|references=(entity=(entity_id=entity_0011|fullname=Rosalie Kruse|gender=f)))
48997	Rosa	6958	(mention_id=6944|references=(entity=(entity_id=entity_0011|fullname=Rosalie Kruse|gender=f)))
48998	zu		
48999	Besuch		
49000	ist		
49001	.		
49002	Sie	6959	(mention_id=6945|references=(entity=(entity_id=entity_0021|fullname=Adelheid Strom|gender=f)))
49003	erbot		
49004	sich	6960	(mention_id=6946|references=(entity=(entity_id=entity_0021|fullname=Adelheid Strom|gender=f)))
49005	dazu		
49006	,		
49007	Herr	6961	(mention_id=6947|references=(entity=(entity_id=entity_0001|fullname=Franz Linden|gender=m)))
49008	Linden	6961	(mention_id=6947|references=(entity=(entity_id=entity_0001|fullname=Franz Linden|gender=m)))
49009	,		
49010	als		
49011	sie	6962	(mention_id=6948|references=(entity=(entity_id=entity_0021|fullname=Adelheid Strom|gender=f)))
49012	hörte		
49013	,		
49014	daß		
49015	die		
49016	gnädige		
49017	Frau	6963	(mention_id=6949|references=(entity=(entity_id=entity_0004|fullname=Gertrud Baumhagen|gender=f)))
49018	fortreiste		
49019	.		
49020	Ich	6964	(mention_id=6950|references=(entity=(entity_id=entity_0012|fullname=Johanne|gender=f)))
49021	weiß		
49022	ja		
49023	doch		
49024	sonst		
49025	nicht		
49026	,		
49027	wie		
49028	ich	6965	(mention_id=6951|references=(entity=(entity_id=entity_0012|fullname=Johanne|gender=f)))
49029	abkommen		
49030	soll		
49031	.		
49032	Die		
49033	Dore	6966	(mention_id=6952|references=(entity=(entity_id=entity_0282|fullname=Dore|gender=f)))
49034	ist		
49035	zu		
49036	dumm		
49037	und		
49038	hat		
49039	auch		
49040	zu		
49041	viel		
49042	zu		
49043	tun		
49044	.		
49045	«		
49046	Ehe		
49047	er	6967	(mention_id=6953|references=(entity=(entity_id=entity_0001|fullname=Franz Linden|gender=m)))
49048	noch		
49049	antworten		
49050	konnte		
49051	,		
49052	hatte		
49053	sich		
49054	leise		
49055	die		
49056	Saaltür		
49057	geöffnet		
49058	und		
49059	hinter		
49060	der		
49061	wunderlichen		
49062	Figur		
49063	der		
49064	Tante	6968	(mention_id=6954|references=(entity=(entity_id=entity_0011|fullname=Rosalie Kruse|gender=f)))
49065	erschien		
49066	ein		
49067	brünettes		
49068	Mädchen	6969	(mention_id=6955|references=(entity=(entity_id=entity_0021|fullname=Adelheid Strom|gender=f)))
49069	mit		
49070	roten		
49071	Wangen		
49072	und		
49073	blitzenden		
49074	Augen		
49075	.		
49076	Als		
49077	sie	6970	(mention_id=6956|references=(entity=(entity_id=entity_0021|fullname=Adelheid Strom|gender=f)))
49078	ihn	6971	
49079	erblickte		
49080	,		
49081	machte		
49082	sie	6972	(mention_id=6957|references=(entity=(entity_id=entity_0021|fullname=Adelheid Strom|gender=f)))
49083	einen		
49084	etwas		
49085	unbeholfenen		
49086	Tanzstundenknicks		
49087	,		
49088	und		
49089	wurde		
49090	von		
49091	der		
49092	alten		
49093	Dame	6973	
49094	als		
49095	Heidchen	6974	
49096	Strom	6974	
49097	vorgestellt		
49098	.		
49099	Franz	6975	(mention_id=6958|references=(entity=(entity_id=entity_0001|fullname=Franz Linden|gender=m)))
49100	verbeugte		
49101	sich	6976	(mention_id=6959|references=(entity=(entity_id=entity_0001|fullname=Franz Linden|gender=m)))
49102	vor		
49103	den		
49104	Damen	6977	(mention_id=6960|references=(entity=(entity_id=entity_0011|fullname=Rosalie Kruse|gender=f)),(entity=(entity_id=entity_0021|fullname=Adelheid Strom|gender=f)))
49105	,		
49106	stammelte		
49107	ein		
49108	paar		
49109	höfliche		
49110	Worte		
49111	und		
49112	bat		
49113	um		
49114	Entschuldigung		
49115	,		
49116	wenn		
49117	er	6978	(mention_id=6961|references=(entity=(entity_id=entity_0001|fullname=Franz Linden|gender=m)))
49118	sie	6979	(mention_id=6962|references=(entity=(entity_id=entity_0011|fullname=Rosalie Kruse|gender=f)),(entity=(entity_id=entity_0021|fullname=Adelheid Strom|gender=f)))
49119	verlassen		
49120	müsse		
49121	,		
49122	da		
49123	er	6980	(mention_id=6963|references=(entity=(entity_id=entity_0001|fullname=Franz Linden|gender=m)))
49124	noch		
49125	Briefe		
49126	zu		
49127	schreiben		
49128	habe		
49129	.		
49130	»		
49131	Es		
49132	tut		
49133	mir	6981	(mention_id=6964|references=(entity=(entity_id=entity_0011|fullname=Rosalie Kruse|gender=f)))
49134	so		
49135	leid		
49136	«		
49137	,		
49138	klagte		
49139	Tante	6982	(mention_id=6965|references=(entity=(entity_id=entity_0011|fullname=Rosalie Kruse|gender=f)))
49140	Rosa	6982	(mention_id=6965|references=(entity=(entity_id=entity_0011|fullname=Rosalie Kruse|gender=f)))
49141	,		
49142	»		
49143	daß		
49144	Frau	6983	(mention_id=6966|references=(entity=(entity_id=entity_0004|fullname=Gertrud Baumhagen|gender=f)))
49145	Trudchen	6983	(mention_id=6966|references=(entity=(entity_id=entity_0004|fullname=Gertrud Baumhagen|gender=f)))
49146	nicht		
49147	zu		
49148	Hause		
49149	ist		
49150	–		
49151	«		
49152	Er	6984	(mention_id=6967|references=(entity=(entity_id=entity_0001|fullname=Franz Linden|gender=m)))
49153	nickte		
49154	ungeduldig		
49155	.		
49156	»		
49157	Sie	6985	(mention_id=6968|references=(entity=(entity_id=entity_0004|fullname=Gertrud Baumhagen|gender=f)))
49158	wird		
49159	bald		
49160	wiederkommen		
49161	«		
49162	,		
49163	erwiderte		
49164	er	6986	(mention_id=6969|references=(entity=(entity_id=entity_0001|fullname=Franz Linden|gender=m)))
49165	schon		
49166	im		
49167	Gehen		
49168	.		
49169	»		
49170	Wenn		
49171	die		
49172	Heidchen	6987	(mention_id=6970|references=(entity=(entity_id=entity_0021|fullname=Adelheid Strom|gender=f)))
49173	irgend		
49174	etwas		
49175	helfen		
49176	könnte		
49177	in		
49178	der		
49179	Wirtschaft		
49180	–		
49181	«		
49182	schrillte		
49183	die		
49184	Stimme		
49185	der		
49186	alten		
49187	Dame	6988	
49188	ihm	6989	(mention_id=6971|references=(entity=(entity_id=entity_0001|fullname=Franz Linden|gender=m)))
49189	nach		
49190	.		
49191	»		
49192	Bemühen		
49193	Sie	6990	(mention_id=6972|references=(entity=(entity_id=entity_0021|fullname=Adelheid Strom|gender=f)))
49194	sich	6991	(mention_id=6973|references=(entity=(entity_id=entity_0021|fullname=Adelheid Strom|gender=f)))
49195	nicht		
49196	«		
49197	,		
49198	wehrte		
49199	er	6992	(mention_id=6974|references=(entity=(entity_id=entity_0001|fullname=Franz Linden|gender=m)))
49200	ab		
49201	.		
49202	»		
49203	Ich	6993	(mention_id=6975|references=(entity=(entity_id=entity_0021|fullname=Adelheid Strom|gender=f)))
49204	tue		
49205	es		
49206	so		
49207	gern		
49208	!		
49209	«		
49210	versicherte		
49211	Fräulein	6994	(mention_id=6976|references=(entity=(entity_id=entity_0021|fullname=Adelheid Strom|gender=f)))
49212	Adelheid	6994	(mention_id=6976|references=(entity=(entity_id=entity_0021|fullname=Adelheid Strom|gender=f)))
49213	schüchtern		
49214	.		
49215	Abermals		
49216	eine		
49217	stumme		
49218	Verbeugung		
49219	von		
49220	seiner	6995	(mention_id=6977|references=(entity=(entity_id=entity_0001|fullname=Franz Linden|gender=m)))
49221	Seite		
49222	,		
49223	und		
49224	dann		
49225	war		
49226	er	6996	(mention_id=6978|references=(entity=(entity_id=entity_0001|fullname=Franz Linden|gender=m)))
49227	mit		
49228	großen		
49229	Schritten		
49230	aus		
49231	der		
49232	Tür		
49233	.		
49234	Auch		
49235	das		
49236	noch		
49237	!		
49238	Hastig		
49239	lief		
49240	er	6997	(mention_id=6979|references=(entity=(entity_id=entity_0001|fullname=Franz Linden|gender=m)))
49241	die		
49242	Freitreppe		
49243	hinab		
49244	in		
49245	den		
49246	Garten		
49247	.		
49248	Er	6998	(mention_id=6980|references=(entity=(entity_id=entity_0001|fullname=Franz Linden|gender=m)))
49249	zog		
49250	noch		
49251	einmal		
49252	den		
49253	Brief		
49254	aus		
49255	der		
49256	Tasche		
49257	,		
49258	den		
49259	er	6999	(mention_id=6981|references=(entity=(entity_id=entity_0001|fullname=Franz Linden|gender=m)))
49260	heut		
49261	morgen		
49262	auf		
49263	der		
49264	Platte		
49265	seines	7000	(mention_id=6982|references=(entity=(entity_id=entity_0001|fullname=Franz Linden|gender=m)))
49266	Schreibtisches		
49267	gefunden		
49268	hatte		
49269	,		
49270	und		
49271	las		
49272	ihn		
49273	durch		
49274	.		
49275	Es		
49276	waren		
49277	nicht		
49278	die		
49279	sonst		
49280	so		
49281	zierlichen		
49282	Buchstaben		
49283	.		
49284	Hart		
49285	und		
49286	fest		
49287	und		
49288	groß		
49289	standen		
49290	sie		
49291	dort		
49292	,		
49293	und		
49294	doch		
49295	unsicher		
49296	wie		
49297	in		
49298	zitternder		
49299	Erregung		
49300	geschrieben		
49301	.		
49302	Das		
49303	Blut		
49304	schoß		
49305	ihm	7001	(mention_id=6983|references=(entity=(entity_id=entity_0001|fullname=Franz Linden|gender=m)))
49306	siedend		
49307	zum		
49308	Herzen		
49309	.		
49310	»		
49311	Es		
49312	wird		
49313	sich		
49314	schon		
49315	finden		
49316	!		
49317	«		
49318	Er	7002	(mention_id=6984|references=(entity=(entity_id=entity_0001|fullname=Franz Linden|gender=m)))
49319	steckte		
49320	das		
49321	Schreiben		
49322	wieder		
49323	ein		
49324	und		
49325	nahm		
49326	ein		
49327	anderes		
49328	aus		
49329	der		
49330	Brieftasche		
49331	,		
49332	das		
49333	vor		
49334	einer		
49335	halben		
49336	Stunde		
49337	ein		
49338	Eilbote	7003	(mention_id=6985|references=(entity=(entity_id=entity_0280|fullname=Eilbote|gender=m)))
49339	gebracht		
49340	.		
49341	»		
49342	Ich	7004	(mention_id=6986|references=(entity=(entity_id=entity_0008|fullname=Onkel Heinrich|gender=m)))
49343	komme		
49344	soeben		
49345	von		
49346	Wolff	7005	(mention_id=6987|references=(entity=(entity_id=entity_0003|fullname=Herr Wolff|gender=m)))
49347	,		
49348	mit		
49349	dem	7006	(mention_id=6988|references=(entity=(entity_id=entity_0003|fullname=Herr Wolff|gender=m)))
49350	ich	7007	(mention_id=6989|references=(entity=(entity_id=entity_0008|fullname=Onkel Heinrich|gender=m)))
49351	ein		
49352	Arrangement		
49353	Ihrer	7008	(mention_id=6990|references=(entity=(entity_id=entity_0001|fullname=Franz Linden|gender=m)))
49354	fatalen		
49355	Angelegenheit		
49356	beabsichtigte		
49357	.		
49358	Der		
49359	Biedermann	7009	(mention_id=6991|references=(entity=(entity_id=entity_0003|fullname=Herr Wolff|gender=m)))
49360	ist		
49361	leider		
49362	seit		
49363	gestern		
49364	am		
49365	Typhus		
49366	erkrankt		
49367	und		
49368	es		
49369	ist		
49370	augenblicklich		
49371	nicht		
49372	mit		
49373	ihm	7010	(mention_id=6992|references=(entity=(entity_id=entity_0003|fullname=Herr Wolff|gender=m)))
49374	zu		
49375	verhandeln		
49376	.		
49377	Ich	7011	(mention_id=6993|references=(entity=(entity_id=entity_0008|fullname=Onkel Heinrich|gender=m)))
49378	kann		
49379	nur		
49380	bedauern		
49381	,		
49382	daß		
49383	Sie	7012	(mention_id=6994|references=(entity=(entity_id=entity_0001|fullname=Franz Linden|gender=m)))
49384	gerade		
49385	an		
49386	diesen	7013	(mention_id=6995|references=(entity=(entity_id=entity_0003|fullname=Herr Wolff|gender=m)))
49387	geraten		
49388	sind		
49389	,		
49390	und		
49391	verstehe		
49392	nicht		
49393	,		
49394	warum		
49395	Sie	7014	(mention_id=6996|references=(entity=(entity_id=entity_0001|fullname=Franz Linden|gender=m)))
49396	ihn	7015	(mention_id=6997|references=(entity=(entity_id=entity_0003|fullname=Herr Wolff|gender=m)))
49397	nicht		
49398	befriedigt		
49399	haben		
49400	.		
49401	Sobald		
49402	der		
49403	Gentleman	7016	(mention_id=6998|references=(entity=(entity_id=entity_0003|fullname=Herr Wolff|gender=m)))
49404	wieder		
49405	au		
49406	fait		
49407	ist		
49408	,		
49409	werde		
49410	ich	7017	(mention_id=6999|references=(entity=(entity_id=entity_0008|fullname=Onkel Heinrich|gender=m)))
49411	mir	7018	(mention_id=7000|references=(entity=(entity_id=entity_0008|fullname=Onkel Heinrich|gender=m)))
49412	erlauben		
49413	,		
49414	im		
49415	Interesse		
49416	meiner	7019	(mention_id=7001|references=(entity=(entity_id=entity_0008|fullname=Onkel Heinrich|gender=m)))
49417	Familie	7020	(mention_id=7002|references=(entity=(entity_id=entity_0281|fullname=Familie von Onkel Heinrich|gender=u)))
49418	und		
49419	vor		
49420	allem		
49421	meiner	7021	(mention_id=7003|references=(entity=(entity_id=entity_0008|fullname=Onkel Heinrich|gender=m)))
49422	Nichte	7022	(mention_id=7004|references=(entity=(entity_id=entity_0004|fullname=Gertrud Baumhagen|gender=f)))
49423	stillschweigend		
49424	zu		
49425	handeln		
49426	,		
49427	und		
49428	bitte		
49429	Sie	7023	(mention_id=7005|references=(entity=(entity_id=entity_0001|fullname=Franz Linden|gender=m)))
49430	,		
49431	nicht		
49432	durch		
49433	ein		
49434	Vorgehen		
49435	Ihrerseits	7024	(mention_id=7006|references=(entity=(entity_id=entity_0001|fullname=Franz Linden|gender=m)))
49436	die		
49437	Sache		
49438	zu		
49439	verschlimmern		
49440	.		
49441	Sie	7025	(mention_id=7007|references=(entity=(entity_id=entity_0001|fullname=Franz Linden|gender=m)))
49442	haben		
49443	Rücksichten		
49444	zu		
49445	nehmen		
49446	!		
49447	Ich	7026	(mention_id=7008|references=(entity=(entity_id=entity_0008|fullname=Onkel Heinrich|gender=m)))
49448	darf		
49449	wohl		
49450	,		
49451	als		
49452	alter		
49453	Mann	7027	(mention_id=7009|references=(entity=(entity_id=entity_0008|fullname=Onkel Heinrich|gender=m)))
49454	,		
49455	Ihnen	7028	(mention_id=7010|references=(entity=(entity_id=entity_0001|fullname=Franz Linden|gender=m)))
49456	einen		
49457	Rat		
49458	geben		
49459	?		
49460	Ich	7029	(mention_id=7011|references=(entity=(entity_id=entity_0008|fullname=Onkel Heinrich|gender=m)))
49461	beurteile		
49462	diese		
49463	Angelegenheit		
49464	sehr		
49465	tolerant		
49466	,		
49467	aber		
49468	eine		
49469	Frau	7030	(mention_id=7012|references=(entity=(entity_id=entity_0004|fullname=Gertrud Baumhagen|gender=f)))
49470	denkt		
49471	anders		
49472	darüber		
49473	.		
49474	Gestehen		
49475	Sie	7031	(mention_id=7013|references=(entity=(entity_id=entity_0001|fullname=Franz Linden|gender=m)))
49476	doch		
49477	offen		
49478	dem		
49479	kleinen		
49480	beleidigten		
49481	Weibe	7032	(mention_id=7014|references=(entity=(entity_id=entity_0004|fullname=Gertrud Baumhagen|gender=f)))
49482	die		
49483	Wahrheit		
49484	,		
49485	bei		
49486	ihrem	7033	(mention_id=7015|references=(entity=(entity_id=entity_0004|fullname=Gertrud Baumhagen|gender=f)))
49487	Charakter		
49488	das		
49489	einzige		
49490	,		
49491	das		
49492	sie	7034	(mention_id=7016|references=(entity=(entity_id=entity_0004|fullname=Gertrud Baumhagen|gender=f)))
49493	wieder		
49494	versöhnen		
49495	könnte		
49496	.		
49497	Ich	7035	(mention_id=7017|references=(entity=(entity_id=entity_0008|fullname=Onkel Heinrich|gender=m)))
49498	will		
49499	gern		
49500	,		
49501	schon		
49502	aus		
49503	naheliegenden		
49504	Gründen		
49505	,		
49506	das		
49507	möglichste		
49508	tun		
49509	,		
49510	um		
49511	ihr	7036	(mention_id=7018|references=(entity=(entity_id=entity_0004|fullname=Gertrud Baumhagen|gender=f)))
49512	die		
49513	ganze		
49514	dumme		
49515	Geschichte		
49516	im		
49517	mildesten		
49518	Lichte		
49519	hinzustellen		
49520	.		
49521	«		
49522	»		
49523	Rücksichten		
49524	!		
49525	«		
49526	murmelte		
49527	er	7037	(mention_id=7019|references=(entity=(entity_id=entity_0001|fullname=Franz Linden|gender=m)))
49528	,		
49529	»		
49530	Rücksichten		
49531	auf		
49532	die		
49533	Familie	7038	(mention_id=7020|references=(entity=(entity_id=entity_0010|fullname=Familie Baumhagen|gender=mf|members=entity_0004,entity_0005,entity_0006,entity_0007,entity_0008,entity_0009,entity_0015|all_members_given=True|specialcase_entity=group)))
49534	!		
49535	«		
49536	Dann		
49537	lachte		
49538	er	7039	(mention_id=7021|references=(entity=(entity_id=entity_0001|fullname=Franz Linden|gender=m)))
49539	auf		
49540	und		
49541	ging		
49542	schneller		
49543	in		
49544	den		
49545	sinkenden		
49546	Abend		
49547	hinein		
49548	.		
49549	Was		
49550	sollte		
49551	er	7040	(mention_id=7022|references=(entity=(entity_id=entity_0001|fullname=Franz Linden|gender=m)))
49552	zu		
49553	Hause		
49554	,		
49555	in		
49556	den		
49557	leeren		
49558	Zimmern		
49559	,		
49560	an		
49561	dem		
49562	unwirtlichen		
49563	Tisch		
49564	und		
49565	mit		
49566	dem		
49567	Herzen		
49568	voller		
49569	Groll		
49570	?		
49571	Kindischer		
49572	,		
49573	alberner		
49574	Eigensinn		
49575	war		
49576	es		
49577	von		
49578	ihr	7041	(mention_id=7023|references=(entity=(entity_id=entity_0004|fullname=Gertrud Baumhagen|gender=f)))
49579	.		
49580	Und		
49581	kein		
49582	Vertrauen		
49583	!		
49584	Womit		
49585	hatte		
49586	er	7042	(mention_id=7024|references=(entity=(entity_id=entity_0001|fullname=Franz Linden|gender=m)))
49587	verdient		
49588	,		
49589	daß		
49590	sie	7043	(mention_id=7025|references=(entity=(entity_id=entity_0004|fullname=Gertrud Baumhagen|gender=f)))
49591	sofort		
49592	den		
49593	Stab		
49594	über		
49595	ihn	7044	(mention_id=7026|references=(entity=(entity_id=entity_0001|fullname=Franz Linden|gender=m)))
49596	brach		
49597	,		
49598	ohne		
49599	ihn	7045	
49600	zu		
49601	hören		
49602	?		
49603	Nun		
49604	,		
49605	sie	7046	(mention_id=7027|references=(entity=(entity_id=entity_0004|fullname=Gertrud Baumhagen|gender=f)))
49606	würde		
49607	austrotzen		
49608	,		
49609	sie	7047	(mention_id=7028|references=(entity=(entity_id=entity_0004|fullname=Gertrud Baumhagen|gender=f)))
49610	würde		
49611	wiederkommen		
49612	,		
49613	aber		
49614	–		
49615	der		
49616	Zauber		
49617	war		
49618	gebrochen		
49619	,		
49620	der		
49621	Duft		
49622	,		
49623	der		
49624	Farbenschmelz		
49625	war		
49626	dahin		
49627	!		
49628	Sein	7048	(mention_id=7029|references=(entity=(entity_id=entity_0001|fullname=Franz Linden|gender=m)))
49629	Recht		
49630	mußte		
49631	er	7049	(mention_id=7030|references=(entity=(entity_id=entity_0001|fullname=Franz Linden|gender=m)))
49632	haben		
49633	,		
49634	ohne		
49635	Rücksichten		
49636	auf		
49637	die		
49638	Familie	7050	(mention_id=7031|references=(entity=(entity_id=entity_0010|fullname=Familie Baumhagen|gender=mf|members=entity_0004,entity_0005,entity_0006,entity_0007,entity_0008,entity_0009,entity_0015|all_members_given=True|specialcase_entity=group)))
49639	Baumhagen	7050	(mention_id=7031|references=(entity=(entity_id=entity_0010|fullname=Familie Baumhagen|gender=mf|members=entity_0004,entity_0005,entity_0006,entity_0007,entity_0008,entity_0009,entity_0015|all_members_given=True|specialcase_entity=group)))
49640	,		
49641	auf		
49642	sie	7051	(mention_id=7032|references=(entity=(entity_id=entity_0004|fullname=Gertrud Baumhagen|gender=f)))
49643	,		
49644	der	7052	(mention_id=7033|references=(entity=(entity_id=entity_0001|fullname=Franz Linden|gender=m)))
49645	er	7053	(mention_id=7034|references=(entity=(entity_id=entity_0001|fullname=Franz Linden|gender=m)))
49646	die		
49647	Hände		
49648	unter		
49649	die		
49650	Füße		
49651	gebreitet		
49652	hatte		
49653	in		
49654	treuer		
49655	,		
49656	ehrlicher		
49657	Liebe		
49658	.		
49659	Weher		
49660	hätte		
49661	sie	7054	(mention_id=7035|references=(entity=(entity_id=entity_0004|fullname=Gertrud Baumhagen|gender=f)))
49662	ihm	7055	(mention_id=7036|references=(entity=(entity_id=entity_0001|fullname=Franz Linden|gender=m)))
49663	nicht		
49664	tun		
49665	können		
49666	,		
49667	weher		
49668	nicht		
49669	,		
49670	als		
49671	daß		
49672	sie	7056	(mention_id=7037|references=(entity=(entity_id=entity_0004|fullname=Gertrud Baumhagen|gender=f)))
49673	dem		
49674	Schurken	7057	(mention_id=7038|references=(entity=(entity_id=entity_0003|fullname=Herr Wolff|gender=m)))
49675	mehr		
49676	geglaubt		
49677	hatte		
49678	als		
49679	ihm	7058	(mention_id=7039|references=(entity=(entity_id=entity_0001|fullname=Franz Linden|gender=m)))
49680	,		
49681	sie	7059	(mention_id=7040|references=(entity=(entity_id=entity_0004|fullname=Gertrud Baumhagen|gender=f)))
49682	,		
49683	die	7060	(mention_id=7041|references=(entity=(entity_id=entity_0004|fullname=Gertrud Baumhagen|gender=f)))
49684	sonst		
49685	so		
49686	besonnen		
49687	war		
49688	.		
49689	–		
49690	Besonnen		
49691	?		
49692	Er	7061	(mention_id=7042|references=(entity=(entity_id=entity_0001|fullname=Franz Linden|gender=m)))
49693	sah		
49694	noch		
49695	ihre	7062	(mention_id=7043|references=(entity=(entity_id=entity_0004|fullname=Gertrud Baumhagen|gender=f)))
49696	Augen		
49697	vor		
49698	sich	7063	(mention_id=7044|references=(entity=(entity_id=entity_0001|fullname=Franz Linden|gender=m)))
49699	,		
49700	die		
49701	Augen		
49702	,		
49703	in		
49704	denen		
49705	tief		
49706	die		
49707	Leidenschaft		
49708	glimmte		
49709	.		
49710	Er	7064	(mention_id=7045|references=(entity=(entity_id=entity_0001|fullname=Franz Linden|gender=m)))
49711	hatte		
49712	sie	7065	(mention_id=7046|references=(entity=(entity_id=entity_0004|fullname=Gertrud Baumhagen|gender=f)))
49713	mehr		
49714	als		
49715	einmal		
49716	im		
49717	Zorn		
49718	blitzen		
49719	sehen		
49720	.		
49721	Er	7066	(mention_id=7047|references=(entity=(entity_id=entity_0001|fullname=Franz Linden|gender=m)))
49722	hörte		
49723	ihr	7067	(mention_id=7048|references=(entity=(entity_id=entity_0004|fullname=Gertrud Baumhagen|gender=f)))
49724	erschütterndes		
49725	Schluchzen		
49726	,		
49727	ihre	7068	(mention_id=7049|references=(entity=(entity_id=entity_0004|fullname=Gertrud Baumhagen|gender=f)))
49728	vor		
49729	Bewegung		
49730	tonlose		
49731	Stimme		
49732	,		
49733	als		
49734	sie	7069	(mention_id=7050|references=(entity=(entity_id=entity_0004|fullname=Gertrud Baumhagen|gender=f)))
49735	von		
49736	dem		
49737	Vater	7070	(mention_id=7051|references=(entity=(entity_id=entity_0015|fullname=Leberecht Baumhagen|gender=m)))
49738	sprach		
49739	.		
49740	Er	7071	(mention_id=7052|references=(entity=(entity_id=entity_0001|fullname=Franz Linden|gender=m)))
49741	sah		
49742	sie	7072	(mention_id=7053|references=(entity=(entity_id=entity_0004|fullname=Gertrud Baumhagen|gender=f)))
49743	,		
49744	wie		
49745	sie	7073	(mention_id=7054|references=(entity=(entity_id=entity_0004|fullname=Gertrud Baumhagen|gender=f)))
49746	am		
49747	Hochzeitsabend		
49748	droben		
49749	seine	7074	(mention_id=7055|references=(entity=(entity_id=entity_0001|fullname=Franz Linden|gender=m)))
49750	Hände		
49751	stürmisch		
49752	an		
49753	die		
49754	Lippen		
49755	preßte		
49756	,		
49757	eine		
49758	stumme		
49759	,		
49760	beredte		
49761	Unterwerfung		
49762	,		
49763	ein		
49764	Dank		
49765	für		
49766	den		
49767	Zufluchtsort		
49768	an		
49769	seiner	7075	(mention_id=7056|references=(entity=(entity_id=entity_0001|fullname=Franz Linden|gender=m)))
49770	Brust		
49771	.		
49772	Und		
49773	nun		
49774	?		
49775	Sie		
49776	war		
49777	verraucht		
49778	,		
49779	diese		
49780	leidenschaftliche		
49781	Liebe		
49782	,		
49783	unterlegen		
49784	der		
49785	ersten		
49786	Prüfung		
49787	!		
49788	Es		
49789	dämmerte		
49790	schon		
49791	,		
49792	als		
49793	er	7076	(mention_id=7057|references=(entity=(entity_id=entity_0001|fullname=Franz Linden|gender=m)))
49794	von		
49795	seinem	7077	(mention_id=7058|references=(entity=(entity_id=entity_0001|fullname=Franz Linden|gender=m)))
49796	Gange		
49797	zurückkehrte		
49798	.		
49799	Johanne	7078	(mention_id=7059|references=(entity=(entity_id=entity_0012|fullname=Johanne|gender=f)))
49800	war		
49801	fort		
49802	.		
49803	Das		
49804	Stubenmädchen	7079	(mention_id=7060|references=(entity=(entity_id=entity_0279|fullname=Stubenmädchen|gender=f)))
49805	,		
49806	das	7080	(mention_id=7061|references=(entity=(entity_id=entity_0279|fullname=Stubenmädchen|gender=f)))
49807	er	7081	(mention_id=7062|references=(entity=(entity_id=entity_0001|fullname=Franz Linden|gender=m)))
49808	auf		
49809	dem		
49810	Korridor		
49811	traf		
49812	,		
49813	erzählte		
49814	,		
49815	sie	7082	(mention_id=7063|references=(entity=(entity_id=entity_0012|fullname=Johanne|gender=f)))
49816	habe		
49817	ihr	7083	(mention_id=7064|references=(entity=(entity_id=entity_0012|fullname=Johanne|gender=f)))
49818	Kind	7084	(mention_id=7065|references=(entity=(entity_id=entity_0014|fullname=Täufling|gender=m)))
49819	mitgenommen		
49820	und		
49821	einen		
49822	Koffer		
49823	voll		
49824	Kleider		
49825	und		
49826	Wäsche		
49827	,		
49828	auch		
49829	die		
49830	Bücher		
49831	,		
49832	die		
49833	die		
49834	gnädige		
49835	Frau	7085	(mention_id=7066|references=(entity=(entity_id=entity_0004|fullname=Gertrud Baumhagen|gender=f)))
49836	gestern		
49837	zugeschickt		
49838	bekommen		
49839	hatte		
49840	.		
49841	Er	7086	(mention_id=7067|references=(entity=(entity_id=entity_0001|fullname=Franz Linden|gender=m)))
49842	trat		
49843	in		
49844	ihr	7087	(mention_id=7068|references=(entity=(entity_id=entity_0004|fullname=Gertrud Baumhagen|gender=f)))
49845	Zimmer		
49846	.		
49847	Der		
49848	süße		
49849	Veilchenduft		
49850	,		
49851	den		
49852	sie	7088	(mention_id=7069|references=(entity=(entity_id=entity_0004|fullname=Gertrud Baumhagen|gender=f)))
49853	so		
49854	liebte		
49855	,		
49856	hauchte		
49857	ihn	7089	(mention_id=7070|references=(entity=(entity_id=entity_0001|fullname=Franz Linden|gender=m)))
49858	an		
49859	,		
49860	die		
49861	Decke		
49862	der		
49863	Chaiselongue		
49864	lag		
49865	noch		
49866	so		
49867	,		
49868	wie		
49869	sie	7090	(mention_id=7071|references=(entity=(entity_id=entity_0004|fullname=Gertrud Baumhagen|gender=f)))
49870	sie		
49871	beim		
49872	Aufstehen		
49873	heute		
49874	abgeworfen		
49875	hatte		
49876	.		
49877	Er	7091	(mention_id=7072|references=(entity=(entity_id=entity_0001|fullname=Franz Linden|gender=m)))
49878	hielt		
49879	es		
49880	nicht		
49881	aus		
49882	,		
49883	die		
49884	Sehnsucht		
49885	packte		
49886	ihn	7092	(mention_id=7073|references=(entity=(entity_id=entity_0001|fullname=Franz Linden|gender=m)))
49887	zu		
49888	gewaltsam		
49889	und		
49890	drohte		
49891	ihn	7093	(mention_id=7074|references=(entity=(entity_id=entity_0001|fullname=Franz Linden|gender=m)))
49892	weich		
49893	zu		
49894	machen		
49895	.		
49896	Er	7094	(mention_id=7075|references=(entity=(entity_id=entity_0001|fullname=Franz Linden|gender=m)))
49897	ging		
49898	wieder		
49899	hinunter		
49900	in		
49901	den		
49902	Gartensaal		
49903	.		
49904	Unwillkürlich		
49905	behielt		
49906	er	7095	(mention_id=7076|references=(entity=(entity_id=entity_0001|fullname=Franz Linden|gender=m)))
49907	die		
49908	halbgeöffnete		
49909	Tür		
49910	in		
49911	der		
49912	Hand		
49913	–		
49914	da		
49915	saß		
49916	der		
49917	Amtsrichter	7096	(mention_id=7077|references=(entity=(entity_id=entity_0002|fullname=Richard Weishaupt|gender=m)))
49918	am		
49919	Tische		
49920	,		
49921	bestaubt		
49922	,		
49923	unordentlich		
49924	von		
49925	der		
49926	Brockentour		
49927	,		
49928	und		
49929	seelenvergnügt		
49930	.		
49931	Aber		
49932	–		
49933	wie		
49934	kam		
49935	diese		
49936	Fremde	7097	(mention_id=7078|references=(entity=(entity_id=entity_0021|fullname=Adelheid Strom|gender=f)))
49937	dazu		
49938	,		
49939	hier		
49940	zu		
49941	schalten		
49942	?		
49943	Das		
49944	frische		
49945	,		
49946	brünette		
49947	Mädchen	7098	(mention_id=7079|references=(entity=(entity_id=entity_0021|fullname=Adelheid Strom|gender=f)))
49948	deckte		
49949	den		
49950	Tisch		
49951	.		
49952	Sie	7099	(mention_id=7080|references=(entity=(entity_id=entity_0021|fullname=Adelheid Strom|gender=f)))
49953	hatte		
49954	über		
49955	das		
49956	dunkle		
49957	Kleidchen		
49958	eine		
49959	weiße		
49960	Schürze		
49961	gebunden		
49962	,		
49963	der		
49964	Latz		
49965	schmiegte		
49966	sich		
49967	ohne		
49968	Falten		
49969	an		
49970	die		
49971	volle		
49972	Brust		
49973	.		
49974	Sie	7100	(mention_id=7081|references=(entity=(entity_id=entity_0021|fullname=Adelheid Strom|gender=f)))
49975	schob		
49976	eben		
49977	mit		
49978	den		
49979	runden		
49980	Armen		
49981	,		
49982	die		
49983	aus		
49984	den		
49985	halblangen		
49986	Ärmeln		
49987	blickten		
49988	,		
49989	eine		
49990	Platte		
49991	mit		
49992	kaltem		
49993	Fleisch		
49994	auf		
49995	des		
49996	Amtsrichters	7101	(mention_id=7082|references=(entity=(entity_id=entity_0002|fullname=Richard Weishaupt|gender=m)))
49997	Platz		
49998	und		
49999	setzte		
50000	die		
50001	Bierflasche		
50002	neben		
50003	das		
50004	Kuvert		
50005	.		
50006	Und		
50007	sie	7102	(mention_id=7083|references=(entity=(entity_id=entity_0021|fullname=Adelheid Strom|gender=f)))
50008	lachte		
50009	den		
50010	kleinen		
50011	,		
50012	wegemüden		
50013	Freund	7103	(mention_id=7084|references=(entity=(entity_id=entity_0002|fullname=Richard Weishaupt|gender=m)))
50014	dabei		
50015	an		
50016	,		
50017	daß		
50018	alle		
50019	ihre	7104	(mention_id=7085|references=(entity=(entity_id=entity_0021|fullname=Adelheid Strom|gender=f)))
50020	weißen		
50021	Zähne		
50022	durch		
50023	die		
50024	Lippen		
50025	blitzten		
50026	.		
50027	Auch		
50028	das		
50029	noch		
50030	,		
50031	um		
50032	die		
50033	Gemütlichkeit		
50034	vollkommen		
50035	zu		
50036	machen		
50037	!		
50038	Mochte		
50039	essen		
50040	,		
50041	wer	7105	
50042	da		
50043	wollte		
50044	!		
50045	Und		
50046	nun		
50047	saß		
50048	er	7106	(mention_id=7086|references=(entity=(entity_id=entity_0001|fullname=Franz Linden|gender=m)))
50049	oben		
50050	in		
50051	seinem	7107	(mention_id=7087|references=(entity=(entity_id=entity_0001|fullname=Franz Linden|gender=m)))
50052	Zimmer		
50053	,		
50054	in		
50055	der		
50056	Sofaecke		
50057	.		
50058	Draußen		
50059	dämmerte		
50060	die		
50061	Frühlingsnacht		
50062	,		
50063	und		
50064	eine		
50065	Mädchenstimme		
50066	sang		
50067	um		
50068	die		
50069	Wette		
50070	mit		
50071	den		
50072	Nachtigallen		
50073	dort		
50074	unten		
50075	.		
50076	Das		
50077	mußte		
50078	die		
50079	kleine		
50080	,		
50081	schwarze		
50082	Adelheid	7108	(mention_id=7088|references=(entity=(entity_id=entity_0021|fullname=Adelheid Strom|gender=f)))
50083	sein		
50084	.		
50085	Zuletzt		
50086	scholl		
50087	es		
50088	nur		
50089	noch		
50090	verhallend		
50091	aus		
50092	der		
50093	Tiefe		
50094	des		
50095	Gartens		
50096	herauf		
50097	.		
50098	Er	7109	(mention_id=7089|references=(entity=(entity_id=entity_0001|fullname=Franz Linden|gender=m)))
50099	fuhr		
50100	erst		
50101	empor		
50102	,		
50103	als		
50104	der		
50105	Amtsrichter	7110	(mention_id=7090|references=(entity=(entity_id=entity_0002|fullname=Richard Weishaupt|gender=m)))
50106	vor		
50107	ihm	7111	(mention_id=7091|references=(entity=(entity_id=entity_0001|fullname=Franz Linden|gender=m)))
50108	stand		
50109	.		
50110	»		
50111	Nun		
50112	möchte		
50113	ich	7112	(mention_id=7092|references=(entity=(entity_id=entity_0002|fullname=Richard Weishaupt|gender=m)))
50114	aber		
50115	wahrhaftig		
50116	wissen		
50117	,		
50118	Franz	7113	(mention_id=7093|references=(entity=(entity_id=entity_0001|fullname=Franz Linden|gender=m)))
50119	,		
50120	bist		
50121	du	7114	(mention_id=7094|references=(entity=(entity_id=entity_0001|fullname=Franz Linden|gender=m)))
50122	verhext		
50123	,		
50124	oder		
50125	ich	7115	(mention_id=7095|references=(entity=(entity_id=entity_0002|fullname=Richard Weishaupt|gender=m)))
50126	?		
50127	Was		
50128	ist		
50129	denn		
50130	los		
50131	?		
50132	Wo		
50133	ist		
50134	Madame	7116	(mention_id=7096|references=(entity=(entity_id=entity_0004|fullname=Gertrud Baumhagen|gender=f)))
50135	?		
50136	Die		
50137	kleine		
50138	Schwarze	7117	(mention_id=7097|references=(entity=(entity_id=entity_0021|fullname=Adelheid Strom|gender=f)))
50139	da		
50140	unten		
50141	,		
50142	die		(mention_id=7098|references=(entity=(entity_id=entity_0021|fullname=Adelheid Strom|gender=f)))
50143	wie		
50144	vom		
50145	Himmel		
50146	gefallen		
50147	scheint		
50148	,		
50149	sagte		
50150	:		
50151	›		
50152	Fort		
50153	!		
50154	‹		
50155	–		
50156	Fort		
50157	?		
50158	Was		
50159	heißt		
50160	das		
50161	?		
50162	«		
50163	»		
50164	Fort		
50165	!		
50166	«		
50167	wiederholte		
50168	Franz	7118	(mention_id=7099|references=(entity=(entity_id=entity_0001|fullname=Franz Linden|gender=m)))
50169	Linden	7118	(mention_id=7099|references=(entity=(entity_id=entity_0001|fullname=Franz Linden|gender=m)))
50170	.		
50171	Es		
50172	klang		
50173	so		
50174	wunderlich		
50175	,		
50176	daß		
50177	der		
50178	Freund	7119	(mention_id=7100|references=(entity=(entity_id=entity_0002|fullname=Richard Weishaupt|gender=m)))
50179	stutzig		
50180	wurde		
50181	.		
50182	»		
50183	Es		
50184	ist		
50185	etwas		
50186	passiert		
50187	,		
50188	Franz.	7120	
50189	Die		
50190	Alte	7121	(mention_id=7101|references=(entity=(entity_id=entity_0005|fullname=Ottilie Baumhagen|gender=f)))
50191	,		
50192	die		
50193	Schwiegermama	7122	(mention_id=7102|references=(entity=(entity_id=entity_0005|fullname=Ottilie Baumhagen|gender=f)))
50194	hat's		
50195	angerichtet		
50196	.		
50197	Oh		
50198	,		
50199	diese		
50200	Weiber	7123	(mention_id=7103|references=(entity=(entity_id=generic_0118|fullname=Weiber|gender=u|specialcase_entity=generic)))
50201	!		
50202	«		
50203	»		
50204	Nein		
50205	,		
50206	nein		
50207	!		
50208	Die		
50209	Sache		
50210	mit		
50211	dem		
50212	Wolff	7124	(mention_id=7104|references=(entity=(entity_id=entity_0003|fullname=Herr Wolff|gender=m)))
50213	.		
50214	«		
50215	Der		
50216	Amtsrichter	7125	(mention_id=7105|references=(entity=(entity_id=entity_0002|fullname=Richard Weishaupt|gender=m)))
50217	stieß		
50218	ein		
50219	gut		
50220	deutsches		
50221	Schimpfwort		
50222	aus		
50223	,		
50224	dann		
50225	setzte		
50226	er	7126	(mention_id=7106|references=(entity=(entity_id=entity_0002|fullname=Richard Weishaupt|gender=m)))
50227	sich	7127	(mention_id=7107|references=(entity=(entity_id=entity_0002|fullname=Richard Weishaupt|gender=m)))
50228	neben		
50229	Linden	7128	(mention_id=7108|references=(entity=(entity_id=entity_0001|fullname=Franz Linden|gender=m)))
50230	und		
50231	schlug		
50232	ihm	7129	(mention_id=7109|references=(entity=(entity_id=entity_0001|fullname=Franz Linden|gender=m)))
50233	auf		
50234	die		
50235	Schulter		
50236	:		
50237	»		
50238	Den	7130	
50239	kriegen		
50240	wir	7131	(mention_id=7110|references=(entity=(entity_id=entity_0002|fullname=Richard Weishaupt|gender=m)),(entity=(entity_id=entity_0001|fullname=Franz Linden|gender=m)))
50241	,		
50242	Franz	7132	(mention_id=7111|references=(entity=(entity_id=entity_0001|fullname=Franz Linden|gender=m)))
50243	«		
50244	,		
50245	tröstete		
50246	er	7133	(mention_id=7112|references=(entity=(entity_id=entity_0002|fullname=Richard Weishaupt|gender=m)))
50247	,		
50248	»		
50249	und		
50250	sie	7134	(mention_id=7113|references=(entity=(entity_id=entity_0004|fullname=Gertrud Baumhagen|gender=f)))
50251	wird		
50252	wiederkommen		
50253	,		
50254	muß		
50255	wiederkommen		
50256	,		
50257	sie	7135	(mention_id=7114|references=(entity=(entity_id=entity_0004|fullname=Gertrud Baumhagen|gender=f)))
50258	wird		
50259	gar		
50260	nicht		
50261	darum		
50262	gefragt		
50263	.		
50264	Aber		
50265	sie	7136	(mention_id=7115|references=(entity=(entity_id=entity_0004|fullname=Gertrud Baumhagen|gender=f)))
50266	hat		
50267	das		
50268	Dümmste		
50269	getan		
50270	,		
50271	was		
50272	sie	7137	(mention_id=7116|references=(entity=(entity_id=entity_0004|fullname=Gertrud Baumhagen|gender=f)))
50273	tun		
50274	konnte		
50275	,		
50276	indem		
50277	sie	7138	(mention_id=7117|references=(entity=(entity_id=entity_0004|fullname=Gertrud Baumhagen|gender=f)))
50278	davonlief		
50279	.		
50280	«		
50281	Und		
50282	er	7139	(mention_id=7118|references=(entity=(entity_id=entity_0002|fullname=Richard Weishaupt|gender=m)))
50283	begann		
50284	eine		
50285	Auseinandersetzung		
50286	über		
50287	einen		
50288	Prozeß		
50289	,		
50290	der		
50291	kürzlich		
50292	in		
50293	Frankfurt		
50294	am		
50295	Main		
50296	gespielt		
50297	hatte		
50298	,		
50299	auf		
50300	Grund		
50301	böswilliger		
50302	Verlassung		
50303	.		
50304	Linden	7140	(mention_id=7119|references=(entity=(entity_id=entity_0001|fullname=Franz Linden|gender=m)))
50305	sprang		
50306	empor		
50307	.		
50308	»		
50309	Bleibe		
50310	mir	7141	(mention_id=7120|references=(entity=(entity_id=entity_0001|fullname=Franz Linden|gender=m)))
50311	mit		
50312	dem		
50313	Gesetz		
50314	vom		
50315	Leibe		
50316	«		
50317	,		
50318	sagte		
50319	er	7142	(mention_id=7121|references=(entity=(entity_id=entity_0001|fullname=Franz Linden|gender=m)))
50320	barsch		
50321	,		
50322	»		
50323	denkst		
50324	du	7143	(mention_id=7122|references=(entity=(entity_id=entity_0002|fullname=Richard Weishaupt|gender=m)))
50325	,		
50326	ich	7144	(mention_id=7123|references=(entity=(entity_id=entity_0001|fullname=Franz Linden|gender=m)))
50327	werde		
50328	sie	7145	(mention_id=7124|references=(entity=(entity_id=entity_0004|fullname=Gertrud Baumhagen|gender=f)))
50329	mit		
50330	Gewalt		
50331	zurückführen		
50332	?		
50333	«		
50334	»		
50335	Und		
50336	wenn		
50337	sie	7146	(mention_id=7125|references=(entity=(entity_id=entity_0004|fullname=Gertrud Baumhagen|gender=f)))
50338	nicht		
50339	von		
50340	selber		
50341	kommt		
50342	,		
50343	Franz	7147	(mention_id=7126|references=(entity=(entity_id=entity_0001|fullname=Franz Linden|gender=m)))
50344	?		
50345	«		
50346	»		
50347	Sie	7148	(mention_id=7127|references=(entity=(entity_id=entity_0004|fullname=Gertrud Baumhagen|gender=f)))
50348	wird		
50349	kommen		
50350	«		
50351	,		
50352	erwiderte		
50353	er	7149	(mention_id=7128|references=(entity=(entity_id=entity_0001|fullname=Franz Linden|gender=m)))
50354	kurz		
50355	.		
50356	»		
50357	Und		
50358	der		
50359	Ehrenmann	7150	(mention_id=7129|references=(entity=(entity_id=entity_0003|fullname=Herr Wolff|gender=m)))
50360	,		
50361	dieser		
50362	Wolff	7151	(mention_id=7130|references=(entity=(entity_id=entity_0003|fullname=Herr Wolff|gender=m)))
50363	?		
50364	«		
50365	Franz	7152	(mention_id=7131|references=(entity=(entity_id=entity_0001|fullname=Franz Linden|gender=m)))
50366	Linden	7152	(mention_id=7131|references=(entity=(entity_id=entity_0001|fullname=Franz Linden|gender=m)))
50367	präsentierte		
50368	dem		
50369	Freunde	7153	(mention_id=7132|references=(entity=(entity_id=entity_0002|fullname=Richard Weishaupt|gender=m)))
50370	eine		
50371	Zigarre		
50372	und		
50373	nahm		
50374	selbst		
50375	eine		
50376	.		
50377	Aber		
50378	er	7154	(mention_id=7133|references=(entity=(entity_id=entity_0001|fullname=Franz Linden|gender=m)))
50379	zündete		
50380	sie		
50381	nicht		
50382	an		
50383	,		
50384	und		
50385	indem		
50386	er	7155	(mention_id=7134|references=(entity=(entity_id=entity_0001|fullname=Franz Linden|gender=m)))
50387	sich	7156	(mention_id=7135|references=(entity=(entity_id=entity_0001|fullname=Franz Linden|gender=m)))
50388	wieder		
50389	setzte		
50390	,		
50391	sagte		
50392	er	7157	(mention_id=7136|references=(entity=(entity_id=entity_0001|fullname=Franz Linden|gender=m)))
50393	:		
50394	»		
50395	Das		
50396	fragst		
50397	du	7158	(mention_id=7137|references=(entity=(entity_id=entity_0002|fullname=Richard Weishaupt|gender=m)))
50398	?		
50399	Habe		
50400	ich	7159	(mention_id=7138|references=(entity=(entity_id=entity_0001|fullname=Franz Linden|gender=m)))
50401	mir	7160	(mention_id=7139|references=(entity=(entity_id=entity_0001|fullname=Franz Linden|gender=m)))
50402	schon		
50403	je		
50404	etwas		
50405	gefallen		
50406	lassen		
50407	,		
50408	Richard	7161	(mention_id=7140|references=(entity=(entity_id=entity_0002|fullname=Richard Weishaupt|gender=m)))
50409	?		
50410	«		
50411	»		
50412	Nein		
50413	,		
50414	aber		
50415	worauf		
50416	stützt		
50417	sich		(mention_id=7141|references=(entity=(entity_id=entity_0003|fullname=Herr Wolff|gender=m)))
50418	nur		
50419	der		
50420	Mann	7162	(mention_id=7142|references=(entity=(entity_id=entity_0003|fullname=Herr Wolff|gender=m)))
50421	eigentlich		
50422	?		
50423	«		
50424	Franz	7163	(mention_id=7143|references=(entity=(entity_id=entity_0001|fullname=Franz Linden|gender=m)))
50425	zuckte		
50426	die		
50427	Achseln		
50428	.		
50429	»		
50430	Ich	7164	(mention_id=7144|references=(entity=(entity_id=entity_0001|fullname=Franz Linden|gender=m)))
50431	sagte		
50432	dir	7165	(mention_id=7145|references=(entity=(entity_id=entity_0002|fullname=Richard Weishaupt|gender=m)))
50433	schon		
50434	,		
50435	daß		
50436	er	7166	(mention_id=7146|references=(entity=(entity_id=entity_0003|fullname=Herr Wolff|gender=m)))
50437	erklärte		
50438	,		
50439	als		
50440	ich	7167	(mention_id=7147|references=(entity=(entity_id=entity_0001|fullname=Franz Linden|gender=m)))
50441	ihn	7168	(mention_id=7148|references=(entity=(entity_id=entity_0003|fullname=Herr Wolff|gender=m)))
50442	quasi		
50443	hinauswarf		
50444	,		
50445	er	7169	(mention_id=7149|references=(entity=(entity_id=entity_0003|fullname=Herr Wolff|gender=m)))
50446	werde		
50447	sein	7170	(mention_id=7150|references=(entity=(entity_id=entity_0003|fullname=Herr Wolff|gender=m)))
50448	Recht		
50449	zu		
50450	finden		
50451	wissen		
50452	.		
50453	Übrigens		
50454	ist		
50455	der		
50456	Gentleman	7171	(mention_id=7151|references=(entity=(entity_id=entity_0003|fullname=Herr Wolff|gender=m)))
50457	krank		
50458	«		
50459	,		
50460	setzte		
50461	er	7172	(mention_id=7152|references=(entity=(entity_id=entity_0001|fullname=Franz Linden|gender=m)))
50462	hinzu		
50463	.		
50464	»		
50465	Oh		
50466	,		
50467	das		
50468	ist		
50469	fatal		
50470	!		
50471	«		
50472	bedauerte		
50473	der		
50474	Amtsrichter	7173	(mention_id=7153|references=(entity=(entity_id=entity_0002|fullname=Richard Weishaupt|gender=m)))
50475	.		
50476	Er	7174	(mention_id=7154|references=(entity=(entity_id=entity_0002|fullname=Richard Weishaupt|gender=m)))
50477	verstummte		
50478	,		
50479	denn		
50480	eben		
50481	scholl		
50482	wieder		
50483	die		
50484	volle		
50485	,		
50486	tiefe		
50487	Frauenstimme	7175	
50488	herauf		
50489	:		
50490	Du	7176	(mention_id=7155|references=(entity=(entity_id=entity_0004|fullname=Gertrud Baumhagen|gender=f)))
50491	hast		
50492	mir	7177	(mention_id=7156|references=(entity=(entity_id=entity_0004|fullname=Gertrud Baumhagen|gender=f)))
50493	viel		
50494	gegeben		
50495	,		
50496	du	7178	(mention_id=7157|references=(entity=(entity_id=entity_0001|fullname=Franz Linden|gender=m)))
50497	schenktest		
50498	mir	7179	(mention_id=7158|references=(entity=(entity_id=entity_0004|fullname=Gertrud Baumhagen|gender=f)))
50499	dein	7180	(mention_id=7159|references=(entity=(entity_id=entity_0001|fullname=Franz Linden|gender=m)))
50500	Herz		
50501	;		
50502	Du	7181	(mention_id=7160|references=(entity=(entity_id=entity_0001|fullname=Franz Linden|gender=m)))
50503	nahmst		
50504	mir	7182	(mention_id=7161|references=(entity=(entity_id=entity_0004|fullname=Gertrud Baumhagen|gender=f)))
50505	alles		
50506	wieder		
50507	und		
50508	ließest		
50509	mir	7183	(mention_id=7162|references=(entity=(entity_id=entity_0004|fullname=Gertrud Baumhagen|gender=f)))
50510	den		
50511	Schmerz		
50512	.		
50513	»		
50514	Es		
50515	muß		
50516	recht		
50517	schwer		
50518	sein		
50519	,		
50520	Franz	7184	(mention_id=7163|references=(entity=(entity_id=entity_0001|fullname=Franz Linden|gender=m)))
50521	!		
50522	«		
50523	flüsterte		
50524	der		
50525	Freund	7185	(mention_id=7164|references=(entity=(entity_id=entity_0002|fullname=Richard Weishaupt|gender=m)))
50526	nach		
50527	einer		
50528	Weile		
50529	tiefsten		
50530	Schweigens		
50531	.		
50532	»		
50533	Sehr		
50534	schwer		
50535	–		
50536	ich	7186	(mention_id=7165|references=(entity=(entity_id=entity_0002|fullname=Richard Weishaupt|gender=m)))
50537	meine		
50538	:		
50539	das		
50540	Richtige		
50541	bei		
50542	den		
50543	Weibern	7187	(mention_id=7166|references=(entity=(entity_id=generic_0119|fullname=Weiber|gender=u|specialcase_entity=generic)))
50544	zu		
50545	treffen		
50546	.		
50547	Wie		
50548	wirst		
50549	du	7188	(mention_id=7167|references=(entity=(entity_id=entity_0001|fullname=Franz Linden|gender=m)))
50550	dich	7189	(mention_id=7168|references=(entity=(entity_id=entity_0001|fullname=Franz Linden|gender=m)))
50551	benehmen		
50552	?		
50553	Mit		
50554	Strenge		
50555	oder		
50556	Milde		
50557	?		
50558	Schreibst		
50559	du	7190	(mention_id=7169|references=(entity=(entity_id=entity_0001|fullname=Franz Linden|gender=m)))
50560	ihr	7191	(mention_id=7170|references=(entity=(entity_id=entity_0004|fullname=Gertrud Baumhagen|gender=f)))
50561	einen		
50562	groben		
50563	Brief		
50564	,		
50565	oder		
50566	dichtest		
50567	du	7192	(mention_id=7171|references=(entity=(entity_id=entity_0001|fullname=Franz Linden|gender=m)))
50568	sie	7193	(mention_id=7172|references=(entity=(entity_id=entity_0004|fullname=Gertrud Baumhagen|gender=f)))
50569	an		
50570	?		
50571	Es		
50572	ist		
50573	heute		
50574	so		
50575	ein		
50576	Abend		
50577	,		
50578	ich	7194	(mention_id=7173|references=(entity=(entity_id=entity_0002|fullname=Richard Weishaupt|gender=m)))
50579	könnte		
50580	selbst		
50581	Verse		
50582	machen		
50583	.		
50584	Weißt		
50585	du	7195	(mention_id=7174|references=(entity=(entity_id=entity_0001|fullname=Franz Linden|gender=m)))
50586	,		
50587	Franz	7196	(mention_id=7175|references=(entity=(entity_id=entity_0001|fullname=Franz Linden|gender=m)))
50588	,		
50589	zünde		
50590	Licht		
50591	an		
50592	und		
50593	laß		
50594	uns	7197	(mention_id=7176|references=(entity=(entity_id=entity_0002|fullname=Richard Weishaupt|gender=m)),(entity=(entity_id=entity_0001|fullname=Franz Linden|gender=m)))
50595	die		
50596	Zeitung		
50597	lesen		
50598	.		
50599	«		
50600	»		
50601	Richard	7198	(mention_id=7177|references=(entity=(entity_id=entity_0002|fullname=Richard Weishaupt|gender=m)))
50602	«		
50603	,		
50604	sagte		
50605	der		
50606	junge		
50607	Mann	7199	(mention_id=7178|references=(entity=(entity_id=entity_0001|fullname=Franz Linden|gender=m)))
50608	laut		
50609	und		
50610	stand		
50611	auf		
50612	,		
50613	»		
50614	wenn		
50615	du	7200	(mention_id=7179|references=(entity=(entity_id=entity_0002|fullname=Richard Weishaupt|gender=m)))
50616	mir	7201	(mention_id=7180|references=(entity=(entity_id=entity_0001|fullname=Franz Linden|gender=m)))
50617	bei		
50618	der		
50619	Sache		
50620	gegen		
50621	Wolff	7202	(mention_id=7181|references=(entity=(entity_id=entity_0003|fullname=Herr Wolff|gender=m)))
50622	deinen	7203	(mention_id=7182|references=(entity=(entity_id=entity_0002|fullname=Richard Weishaupt|gender=m)))
50623	guten		
50624	Rat		
50625	leihen		
50626	willst		
50627	,		
50628	nehme		
50629	ich	7204	(mention_id=7183|references=(entity=(entity_id=entity_0001|fullname=Franz Linden|gender=m)))
50630	ihn		(mention_id=7184|references=(entity=(entity_id=entity_0002|fullname=Richard Weishaupt|gender=m)))
50631	dankbar		
50632	an		
50633	.		
50634	Aber		
50635	laß		
50636	meine	7205	(mention_id=7185|references=(entity=(entity_id=entity_0001|fullname=Franz Linden|gender=m)))
50637	Frau	7206	(mention_id=7186|references=(entity=(entity_id=entity_0004|fullname=Gertrud Baumhagen|gender=f)))
50638	aus		
50639	dem		
50640	Spiele		
50641	,		
50642	das		
50643	ist		
50644	meine	7207	(mention_id=7187|references=(entity=(entity_id=entity_0001|fullname=Franz Linden|gender=m)))
50645	Sache		
50646	allein		
50647	!		
50648	«		
