i	token	mention	gold
32690	Als		
32691	Moorfeld	3593	(mention_id=3625|references=(entity=(entity_id=entity_0001|fullname=Dr. Moorfeld|gender=m)))
32692	diesen		
32693	Zettel		
32694	las		
32695	,		
32696	mochte		
32697	er	3594	(mention_id=3626|references=(entity=(entity_id=entity_0001|fullname=Dr. Moorfeld|gender=m)))
32698	sich	3595	(mention_id=3627|references=(entity=(entity_id=entity_0001|fullname=Dr. Moorfeld|gender=m)))
32699	wohl		
32700	,		
32701	wie		
32702	jeder		
32703	Gebildete	3596	
32704	gethan		
32705	hätte		
32706	,		
32707	vorstellen		
32708	,		
32709	daß		
32710	damit		
32711	ein		
32712	anderes		
32713	,		
32714	als		
32715	das		
32716	Publikum	3597	(mention_id=3628|references=(entity=(entity_id=generic_2838|fullname=gebildetes Publikum|gender=u|specialcase_entity=generic)))
32717	seiner	3598	(mention_id=3629|references=(entity=(entity_id=generic_2789|fullname=Publikum im Theater|gender=u|specialcase_entity=generic)))
32718	Farbe		
32719	in's		
32720	Auge		
32721	gefaßt		
32722	sei		
32723	.		
32724	Das		
32725	aber		
32726	ist		
32727	die		
32728	feine		
32729	Menschenkenntniß		
32730	des		
32731	Marktbudenstyls	3599	
32732	,		
32733	daß		
32734	er	3600	
32735	mit		
32736	pfiffiger		
32737	Barbarei		
32738	scheinbar		
32739	an		
32740	die		
32741	Aermsten	3601	(mention_id=3630|references=(entity=(entity_id=generic_2839|fullname=Ärmste im Geiste|gender=u|specialcase_entity=generic)))
32742	im		
32743	Geiste		
32744	appelirt		
32745	und		
32746	damit		
32747	weit		
32748	sicherer		
32749	in		
32750	die		
32751	höheren		
32752	Kreise		
32753	hinaufreicht		
32754	,		
32755	als		
32756	er	3602	
32757	umgekehrt		
32758	mit		
32759	der		
32760	Sprache		
32761	der		
32762	Cultur		
32763	die		
32764	niederen		(mention_id=3631|references=(entity=(entity_id=generic_2840|fullname=niedere Kreise|gender=u|specialcase_entity=generic)))
32765	ergreifen		
32766	würde		
32767	.		
32768	Moorfeld	3603	(mention_id=3632|references=(entity=(entity_id=entity_0001|fullname=Dr. Moorfeld|gender=m)))
32769	war		
32770	sofort		
32771	entschlossen		
32772	,		
32773	dieser		
32774	Vorstellung		
32775	beizuwohnen		
32776	,		
32777	wenn		
32778	er	3604	(mention_id=3633|references=(entity=(entity_id=entity_0001|fullname=Dr. Moorfeld|gender=m)))
32779	auch		
32780	nichts		
32781	Anderes		
32782	erwartete		
32783	,		
32784	als		
32785	in		
32786	ein		
32787	Winkeltheater		
32788	gefahren		
32789	zu		
32790	werden		
32791	,		
32792	welches		
32793	Leute	3605	(mention_id=3634|references=(entity=(entity_id=generic_2841|fullname=Menschen wie Moorfeld|gender=u|specialcase_entity=generic)))
32794	seines	3606	(mention_id=3635|references=(entity=(entity_id=entity_0001|fullname=Dr. Moorfeld|gender=m)))
32795	Gleichen	3607	
32796	höchstens		
32797	aus		
32798	Ironie		
32799	besuchen		
32800	.		
32801	Er	3608	(mention_id=3636|references=(entity=(entity_id=entity_0001|fullname=Dr. Moorfeld|gender=m)))
32802	nannte		
32803	also		
32804	dem		
32805	nächsten		
32806	Stage-Kutscher	3609	(mention_id=3637|references=(entity=(entity_id=entity_0291|fullname=StageKutscher|gender=m)))
32807	das		
32808	Burton-Theater		
32809	und		
32810	bestieg		
32811	den		
32812	den		
32813	Wagen		
32814	.		
32815	Aber		
32816	er	3610	(mention_id=3638|references=(entity=(entity_id=entity_0001|fullname=Dr. Moorfeld|gender=m)))
32817	hatte		
32818	sich	3611	(mention_id=3639|references=(entity=(entity_id=entity_0001|fullname=Dr. Moorfeld|gender=m)))
32819	geirrt		
32820	.		
32821	Das		
32822	Fuhrwerk		
32823	setzte		
32824	ihn	3612	(mention_id=3640|references=(entity=(entity_id=entity_0001|fullname=Dr. Moorfeld|gender=m)))
32825	in		
32826	der		
32827	Chamber-Street		
32828	hinterm		
32829	„		
32830	Park		
32831	“		
32832	,		
32833	d.		
32834	h.		
32835	im		
32836	Brennpunkte		
32837	der		
32838	Stadt		
32839	ab		
32840	,		
32841	und		
32842	das		
32843	Theatergebäude		
32844	blieb		
32845	in		
32846	Größe		
32847	und		
32848	Bauform		
32849	hinter		
32850	keinem		
32851	der		
32852	ersten		
32853	Schauspielhäuser		
32854	zurück		
32855	.		
32856	Um		
32857	so		
32858	besser		
32859	,		
32860	dachte		
32861	der		
32862	Fremde	3613	(mention_id=3641|references=(entity=(entity_id=entity_0001|fullname=Dr. Moorfeld|gender=m)))
32863	.		
32864	Er	3614	(mention_id=3642|references=(entity=(entity_id=entity_0001|fullname=Dr. Moorfeld|gender=m)))
32865	wird		
32866	also		
32867	nicht		
32868	unter		
32869	,		
32870	sondern		
32871	mindestens		
32872	auf		
32873	der		
32874	Linie		
32875	der		
32876	Kunst		
32877	,		
32878	oder		
32879	dessen		
32880	,		
32881	was		
32882	hier		
32883	dafür		
32884	gilt		
32885	,		
32886	das		
32887	Gebotene		
32888	sich		(mention_id=3643|references=(entity=(entity_id=entity_0001|fullname=Dr. Moorfeld|gender=m)))
32889	bewegen		
32890	finden		
32891	und		
32892	nicht		
32893	der		
32894	Neugierde		
32895	,		
32896	sondern		
32897	wie		
32898	immer		
32899	,		
32900	des		
32901	Studiums		
32902	wegen		
32903	da		
32904	sein		
32905	.		
32906	Bei		
32907	diesem		
32908	Bewandtniß		
32909	wollen		
32910	wir	3615	(mention_id=3644|references=(entity=(entity_id=entity_0007|fullname=Erzählinstanz|gender=u)))
32911	uns	3616	(mention_id=3645|references=(entity=(entity_id=entity_0007|fullname=Erzählinstanz|gender=u)))
32912	entschließen		
32913	,		
32914	seinen	3617	(mention_id=3646|references=(entity=(entity_id=entity_0001|fullname=Dr. Moorfeld|gender=m)))
32915	Theaterbesuch		
32916	zu		
32917	theilen		
32918	.		
32919	Folgen		
32920	wir	3618	(mention_id=3647|references=(entity=(entity_id=entity_0007|fullname=Erzählinstanz|gender=u)))
32921	unserm	3619	(mention_id=3648|references=(entity=(entity_id=entity_0007|fullname=Erzählinstanz|gender=u)),(entity=(entity_id=entity_0008|fullname=Leser|gender=u)))
32922	Freunde	3620	(mention_id=3649|references=(entity=(entity_id=entity_0001|fullname=Dr. Moorfeld|gender=m)))
32923	jetzt		
32924	in		
32925	das		
32926	Innere		
32927	des		
32928	Hauses		
32929	.		
32930	Hier		
32931	strahlte		
32932	ihm	3621	(mention_id=3650|references=(entity=(entity_id=entity_0001|fullname=Dr. Moorfeld|gender=m)))
32933	eine		
32934	Pracht		
32935	entgegen		
32936	,		
32937	welche		
32938	zwar		
32939	nicht		
32940	die		
32941	Eleganz		
32942	selbst		
32943	war		
32944	,		
32945	aber		
32946	nach		
32947	amerikanischem		
32948	Geschmacke		
32949	,		
32950	soweit		
32951	ihn		
32952	Moorfeld	3622	(mention_id=3651|references=(entity=(entity_id=entity_0001|fullname=Dr. Moorfeld|gender=m)))
32953	bereits		
32954	kannte		
32955	,		
32956	doch		
32957	den		
32958	Anspruch		
32959	machte		
32960	,		
32961	die		
32962	Eleganz		
32963	zu		
32964	repräsentiren		
32965	.		
32966	Ein		
32967	Blick		
32968	auf		
32969	das		
32970	Publikum	3623	(mention_id=3652|references=(entity=(entity_id=generic_2790|fullname=Publikum im Theater|gender=u|specialcase_entity=generic)))
32971	dünkte		
32972	ihm	3624	(mention_id=3653|references=(entity=(entity_id=entity_0001|fullname=Dr. Moorfeld|gender=m)))
32973	schon		
32974	befremdender		
32975	.		
32976	Er	3625	(mention_id=3654|references=(entity=(entity_id=entity_0001|fullname=Dr. Moorfeld|gender=m)))
32977	begriff		
32978	,		
32979	daß		
32980	es		
32981	keine		
32982	Beutelschneiderei		
32983	gewesen		
32984	,		
32985	als		
32986	ihm	3626	(mention_id=3655|references=(entity=(entity_id=entity_0001|fullname=Dr. Moorfeld|gender=m)))
32987	der		
32988	Kassierer	3627	(mention_id=3656|references=(entity=(entity_id=entity_0282|fullname=Kassierer|gender=u)))
32989	,		
32990	da		
32991	er	3628	(mention_id=3657|references=(entity=(entity_id=entity_0001|fullname=Dr. Moorfeld|gender=m)))
32992	ein		
32993	Parterrebillet		
32994	gefordert		
32995	,		
32996	einen		
32997	Logensitz		
32998	für		
32999	standesgemäß		
33000	insinuirt		
33001	hatte		
33002	.		
33003	Das		
33004	Parterre		
33005	war		
33006	ein		
33007	ausschließlicher		
33008	Tummelplatz		
33009	der		
33010	Lehrlinge	3629	(mention_id=3658|references=(entity=(entity_id=entity_0277|fullname=Lehrlinge|gender=m|specialcase_entity=group)))
33011	,		
33012	Straßenjungen	3630	(mention_id=3659|references=(entity=(entity_id=entity_0268|fullname=Straßenjungen|gender=m|specialcase_entity=group)))
33013	und		
33014	Zeitungsausträger	3631	(mention_id=3660|references=(entity=(entity_id=entity_0294|fullname=Zeitungsausträger|gender=m|specialcase_entity=group)))
33015	,		
33016	kurz		
33017	eines		
33018	halberwachsenen		
33019	Publikums	3632	(mention_id=3661|references=(entity=(entity_id=entity_0260|fullname=ParterrePublikum|gender=m|members=entity_0005,entity_0268,entity_0271,entity_0277,entity_0294|all_members_given=False|specialcase_entity=group)))
33020	in		
33021	Hemdärmeln		
33022	und		
33023	Schurzfell		
33024	,		
33025	seine		(mention_id=3662|references=(entity=(entity_id=entity_0260|fullname=ParterrePublikum|gender=m|members=entity_0005,entity_0268,entity_0271,entity_0277,entity_0294|all_members_given=False|specialcase_entity=group)))
33026	Diele		
33027	glich		
33028	überdies		
33029	einer		
33030	nassen		
33031	Malerpalette		
33032	,		
33033	voll		
33034	vom		
33035	aufgesetzten		
33036	Braun		
33037	des		
33038	bekannten		
33039	Kautabak-Extractes		
33040	.		
33041	Moorfeld	3633	(mention_id=3663|references=(entity=(entity_id=entity_0001|fullname=Dr. Moorfeld|gender=m)))
33042	nahm		
33043	seinen	3634	(mention_id=3664|references=(entity=(entity_id=entity_0001|fullname=Dr. Moorfeld|gender=m)))
33044	Logenplatz		
33045	ein		
33046	.		
33047	Er	3635	(mention_id=3665|references=(entity=(entity_id=entity_0001|fullname=Dr. Moorfeld|gender=m)))
33048	kam		
33049	neben		
33050	einen		
33051	Gentleman	3636	(mention_id=3666|references=(entity=(entity_id=entity_0259|fullname=Lord Arthur Ormond|gender=m)))
33052	zu		
33053	sitzen		
33054	,		
33055	der	3637	(mention_id=3667|references=(entity=(entity_id=entity_0259|fullname=Lord Arthur Ormond|gender=m)))
33056	ihm	3638	(mention_id=3668|references=(entity=(entity_id=entity_0001|fullname=Dr. Moorfeld|gender=m)))
33057	einige		
33058	Aufmerksamkeit		
33059	abnöthigte		
33060	.		
33061	Eine		
33062	prächtige		
33063	Dogge		
33064	dehnte		
33065	und		
33066	streckte		
33067	sich		
33068	nämlich		
33069	zu		
33070	den		
33071	Füßen		
33072	des		
33073	Mannes	3639	(mention_id=3669|references=(entity=(entity_id=entity_0259|fullname=Lord Arthur Ormond|gender=m)))
33074	,		
33075	und		
33076	krümmte		
33077	sich		
33078	,		
33079	nachdem		
33080	sie		
33081	die		
33082	bequemste		
33083	Lage		
33084	aufgefunden		
33085	hatte		
33086	,		
33087	in		
33088	die		
33089	bekannte		
33090	Hufeisenform		
33091	zusammen		
33092	,		
33093	indem		
33094	sie		
33095	ihre		
33096	zierlich		
33097	gespitzte		
33098	Schnauze		
33099	gar		
33100	anmuthig		
33101	zwischen		
33102	den		
33103	schlanken		
33104	Hinterbeinen		
33105	anbrachte		
33106	.		
33107	Hoho		
33108	!		
33109	rief		
33110	der		
33111	Gentleman	3640	(mention_id=3670|references=(entity=(entity_id=entity_0259|fullname=Lord Arthur Ormond|gender=m)))
33112	dem		
33113	Hunde	3641	
33114	zu		
33115	,		
33116	Sie	3642	
33117	wollen		
33118	einschlafen		
33119	?		
33120	dann		
33121	streichelte		
33122	er	3643	(mention_id=3671|references=(entity=(entity_id=entity_0259|fullname=Lord Arthur Ormond|gender=m)))
33123	zärtlich		
33124	,		
33125	fast		
33126	rücksichtsvoll		
33127	den		
33128	Rücken		
33129	des		
33130	Thieres		
33131	und		
33132	fuhr		
33133	fort		
33134	:		
33135	Sehr		
33136	vornehm		
33137	,		
33138	wenn		
33139	man		
33140	Kemble	3644	(mention_id=3672|references=(entity=(entity_id=entity_0287|fullname=Kemble|gender=m)))
33141	und		
33142	Talma	3645	(mention_id=3673|references=(entity=(entity_id=entity_0290|fullname=Talma|gender=m)))
33143	gesehen		
33144	hat		
33145	,		
33146	aber		
33147	wenig		
33148	aufmerksam		
33149	gegen		
33150	unsre	3646	(mention_id=3674|references=(entity=(entity_id=entity_0259|fullname=Lord Arthur Ormond|gender=m)))
33151	Gastfreunde	3647	(mention_id=3675|references=(entity=(entity_id=entity_0001|fullname=Dr. Moorfeld|gender=m)))
33152	.		
33153	Nicht		
33154	zu		
33155	exclusiv’		
33156	,		
33157	mein	3648	(mention_id=3676|references=(entity=(entity_id=entity_0259|fullname=Lord Arthur Ormond|gender=m)))
33158	Freund	3649	(mention_id=3677|references=(entity=(entity_id=entity_0001|fullname=Dr. Moorfeld|gender=m)))
33159	,		
33160	hören		
33161	Sie	3650	(mention_id=3678|references=(entity=(entity_id=entity_0001|fullname=Dr. Moorfeld|gender=m)))
33162	?		
33163	Verwundert		
33164	betrachtete		
33165	Moorfeld	3651	(mention_id=3679|references=(entity=(entity_id=entity_0001|fullname=Dr. Moorfeld|gender=m)))
33166	den		
33167	Mann	3652	(mention_id=3680|references=(entity=(entity_id=entity_0259|fullname=Lord Arthur Ormond|gender=m)))
33168	.		
33169	Ein		
33170	nicht		
33171	zu		
33172	verkennender		
33173	Typus		
33174	von		
33175	osteologischer		
33176	Steifheit		
33177	,		
33178	bei		
33179	vollkommen		
33180	geübtem		
33181	Ausdruck		
33182	von		
33183	Selbstgefühl		
33184	,		
33185	verrieth		
33186	den		
33187	Engländer	3653	(mention_id=3681|references=(entity=(entity_id=entity_0259|fullname=Lord Arthur Ormond|gender=m)))
33188	und		
33189	den		
33190	Mann	3654	(mention_id=3682|references=(entity=(entity_id=entity_0259|fullname=Lord Arthur Ormond|gender=m)))
33191	von		
33192	Stande		
33193	zugleich		
33194	.		
33195	Sein	3655	(mention_id=3683|references=(entity=(entity_id=entity_0259|fullname=Lord Arthur Ormond|gender=m)))
33196	Kopf		
33197	war		
33198	von		
33199	einem		
33200	merkwürdigen		
33201	Bau		
33202	,		
33203	denn		
33204	während		
33205	die		
33206	vorgetriebene		
33207	Stirn		
33208	sich		
33209	stark		
33210	auswölbte		
33211	und		
33212	die		
33213	Nase		
33214	scharf		
33215	,		
33216	gleich		
33217	einem		
33218	Widerhaken		
33219	,		
33220	vorsprang		
33221	,		
33222	traten		
33223	Mund		
33224	und		
33225	Kinn		
33226	so		
33227	plötzlich		
33228	zurück		
33229	,		
33230	daß		
33231	die		
33232	obere		
33233	Gesichtshälfte		
33234	über		
33235	die		
33236	untere		
33237	gleichsam		
33238	hinauszufallen		
33239	schien		
33240	.		
33241	Eben		
33242	so		
33243	lag		
33244	sein	3656	(mention_id=3684|references=(entity=(entity_id=entity_0259|fullname=Lord Arthur Ormond|gender=m)))
33245	großes		
33246	rollendes		
33247	Auge		
33248	beinahe		
33249	gänzlich		
33250	außer		
33251	seiner		(mention_id=3685|references=(entity=(entity_id=entity_0259|fullname=Lord Arthur Ormond|gender=m)))
33252	Höhle		
33253	.		
33254	Man		
33255	glaubte		
33256	in		
33257	dem		
33258	ganzen		
33259	Kopfe		
33260	das		
33261	Modell		
33262	eines		
33263	Plastikers	3657	(mention_id=3686|references=(entity=(entity_id=entity_0259|fullname=Lord Arthur Ormond|gender=m)))
33264	zu		
33265	sehen		
33266	,		
33267	der	3658	(mention_id=3687|references=(entity=(entity_id=entity_0259|fullname=Lord Arthur Ormond|gender=m)))
33268	in		
33269	dem		
33270	Streben		
33271	,		
33272	durch		
33273	Ausbildung		
33274	der		
33275	Denkorgane		
33276	;		
33277	Geistigkeit		
33278	zu		
33279	erreichen		
33280	,		
33281	bis		
33282	zum		
33283	Exceß		
33284	weit		
33285	gegangen		
33286	und		
33287	eine		
33288	so		
33289	monströse		
33290	Geistigkeit		
33291	hervorgebracht		
33292	,		
33293	daß		
33294	sie		
33295	direct		
33296	in		
33297	ihr		
33298	Gegentheil		
33299	umzuschlagen		
33300	schien		
33301	.		
33302	Die		
33303	Ansprache		
33304	an		
33305	den		
33306	Hund		
33307	bestätigte		
33308	dieses		
33309	physiognomische		
33310	Urtheil		
33311	wahrhaft		
33312	verhäng		
33313	nißvoll		
33314	.		
33315	Der		
33316	Engländer	3659	(mention_id=3688|references=(entity=(entity_id=entity_0259|fullname=Lord Arthur Ormond|gender=m)))
33317	begrüßte		
33318	übrigens		
33319	seinen	3660	(mention_id=3689|references=(entity=(entity_id=entity_0259|fullname=Lord Arthur Ormond|gender=m)))
33320	ankommenden		
33321	Nachbar	3661	(mention_id=3690|references=(entity=(entity_id=entity_0001|fullname=Dr. Moorfeld|gender=m)))
33322	zuvorkommender		
33323	,		
33324	als		
33325	es		
33326	sonst		
33327	im		
33328	Charakter		
33329	seiner	3662	(mention_id=3691|references=(entity=(entity_id=entity_0259|fullname=Lord Arthur Ormond|gender=m)))
33330	Nation		
33331	liegt		
33332	,		
33333	und		
33334	erwiderte		
33335	den		
33336	psychiatrischen		
33337	Blick		
33338	desselben	3663	(mention_id=3692|references=(entity=(entity_id=entity_0001|fullname=Dr. Moorfeld|gender=m)))
33339	gänzlich		
33340	unbefangen		
33341	.		
33342	Moorfeld	3664	(mention_id=3693|references=(entity=(entity_id=entity_0001|fullname=Dr. Moorfeld|gender=m)))
33343	musterte		
33344	das		
33345	übrige		
33346	Publikum	3665	(mention_id=3694|references=(entity=(entity_id=generic_2791|fullname=Publikum im Theater|gender=u|specialcase_entity=generic)))
33347	.		
33348	Die		
33349	Logen		
33350	des		
33351	ersten		
33352	und		
33353	zweiten		
33354	Rangs		
33355	waren		
33356	schwach		
33357	besetzt		
33358	,		
33359	und		
33360	fast		
33361	durchgehend		
33362	nur		
33363	von		
33364	Herren	3666	(mention_id=3695|references=(entity=(entity_id=entity_0273|fullname=Herren ohne Damenbegleitung|gender=m|specialcase_entity=group)))
33365	ohne		
33366	Damenbegleitung		(mention_id=3696|references=(entity=(entity_id=entity_0286|fullname=Damenbegleitung|gender=f|specialcase_entity=group,nonfact)))
33367	.		
33368	Die		
33369	Galerie		
33370	dagegen		
33371	zeigte		
33372	einen		
33373	zahlreichen		
33374	Damenbesuch	3667	(mention_id=3697|references=(entity=(entity_id=entity_0265|fullname=Damen ohne Herrenbegleitung|gender=f|specialcase_entity=group)))
33375	aber		
33376	ohne		
33377	Herrenbegleitung		(mention_id=3698|references=(entity=(entity_id=entity_0283|fullname=Herrenbegleitung|gender=m|specialcase_entity=group,nonfact)))
33378	.		
33379	Die		
33380	Herren	3668	(mention_id=3699|references=(entity=(entity_id=entity_0273|fullname=Herren ohne Damenbegleitung|gender=m|specialcase_entity=group)))
33381	in		
33382	den		
33383	Logen		
33384	beschäftigten		
33385	sich	3669	(mention_id=3700|references=(entity=(entity_id=entity_0273|fullname=Herren ohne Damenbegleitung|gender=m|specialcase_entity=group)))
33386	damit		
33387	,		
33388	mittels		
33389	allerlei		
33390	optischer		
33391	Instrumente		
33392	die		
33393	Damen	3670	(mention_id=3701|references=(entity=(entity_id=entity_0265|fullname=Damen ohne Herrenbegleitung|gender=f|specialcase_entity=group)))
33394	der		
33395	Galerie		
33396	zu		
33397	inspiciren		
33398	,		
33399	diese	3671	(mention_id=3702|references=(entity=(entity_id=entity_0265|fullname=Damen ohne Herrenbegleitung|gender=f|specialcase_entity=group)))
33400	hinwieder		
33401	verriethen		
33402	durch		
33403	kein		
33404	Zeichen		
33405	,		
33406	daß		
33407	sie	3672	(mention_id=3703|references=(entity=(entity_id=entity_0265|fullname=Damen ohne Herrenbegleitung|gender=f|specialcase_entity=group)))
33408	die		
33409	Huldigung		
33410	der		
33411	bewaffneten		
33412	Augen		
33413	unterschätzten		
33414	.		
33415	In		
33416	dieser		
33417	Gruppirung		
33418	des		
33419	Publikums	3673	(mention_id=3704|references=(entity=(entity_id=generic_2792|fullname=Publikum im Theater|gender=u|specialcase_entity=generic)))
33420	fand		
33421	Moorfeld	3674	(mention_id=3705|references=(entity=(entity_id=entity_0001|fullname=Dr. Moorfeld|gender=m)))
33422	ein		
33423	gutes		
33424	Theil		
33425	Sittengeschichte		
33426	.		
33427	Wenn		
33428	das		
33429	Wechselverhältniß		
33430	der		
33431	Geschlechter	3675	(mention_id=3706|references=(entity=(entity_id=generic_2842|fullname=Geschlechter allgemein|gender=u|specialcase_entity=generic)))
33432	an		
33433	öffentlichen		
33434	Orten		
33435	überall		
33436	eines		
33437	der		
33438	stärksten		
33439	Schlaglichter		
33440	auf		
33441	das		
33442	Volksleben		
33443	wirft		
33444	,		
33445	so		
33446	war		
33447	dieses		
33448	Theaterpublikum		(mention_id=3707|references=(entity=(entity_id=generic_2793|fullname=Publikum im Theater|gender=u|specialcase_entity=generic)))
33449	der		
33450	beste		
33451	Schlüssel		
33452	zu		
33453	jenem		
33454	Theaterzettel		
33455	.		
33456	Das		
33457	Theater		
33458	fand		
33459	sich		
33460	hier		
33461	nicht		
33462	von		
33463	der		
33464	Familie		(mention_id=3708|references=(entity=(entity_id=entity_0285|fullname=Familie|gender=u|specialcase_entity=group)))
33465	besucht		
33466	,		
33467	mehr		
33468	bedurfte		
33469	es		
33470	nicht		
33471	,		
33472	um		
33473	seine		
33474	Kunststufe		
33475	zu		
33476	erklären		
33477	.		
33478	Eine		
33479	mit		
33480	dem		
33481	Schauspielhause		
33482	verbundene		
33483	Trinkstube		
33484	,		
33485	auf		
33486	welche		
33487	Moorfeld	3676	(mention_id=3709|references=(entity=(entity_id=entity_0001|fullname=Dr. Moorfeld|gender=m)))
33488	durch		
33489	den		
33490	starken		
33491	Zuspruch		
33492	der		
33493	abund		
33494	zugehenden		
33495	Personen	3677	(mention_id=3710|references=(entity=(entity_id=entity_0297|fullname=zur Trinkstube gehende Personen|gender=u|specialcase_entity=group)))
33496	aufmerksam		
33497	gemacht		
33498	wurde		
33499	,		
33500	und		
33501	welche		
33502	die		
33503	Rentabilität		
33504	der		
33505	ganzen		
33506	Kunstanstalt		
33507	nicht		
33508	wenig		
33509	zu		
33510	erhöhen		
33511	schien		
33512	,		
33513	that		
33514	zur		
33515	Charakteristik		
33516	derselben		
33517	das		
33518	Ihrige		
33519	.		
33520	Unter		
33521	diesen		
33522	Recognoscirungen		
33523	des		
33524	Europäers	3678	(mention_id=3711|references=(entity=(entity_id=entity_0001|fullname=Dr. Moorfeld|gender=m)))
33525	fing		
33526	die		
33527	Musik		
33528	an		
33529	.		
33530	Das		
33531	Orchester		(mention_id=3712|references=(entity=(entity_id=entity_0276|fullname=Orchester|gender=m|members=entity_0284|all_members_given=False|specialcase_entity=group)))
33532	war		
33533	nicht		
33534	schlecht		
33535	,		
33536	ein		
33537	Blick		
33538	darauf		
33539	lehrte		
33540	aber		
33541	,		
33542	daß		
33543	es		
33544	größtentheils		
33545	aus		
33546	deutschen		
33547	Physiognomien		(mention_id=3713|references=(entity=(entity_id=entity_0284|fullname=Deutsche Orchestermusiker|gender=m|specialcase_entity=group)))
33548	bestand		
33549	.		
33550	Nun		
33551	flog		
33552	der		
33553	Vorhang		
33554	in		
33555	die		
33556	Höhe		
33557	.		
33558	Scene		
33559	:		
33560	Neu-Schottland		
33561	,		
33562	der		
33563	Gouverneur	3679	(mention_id=3714|references=(entity=(entity_id=entity_0195|fullname=Jonathan Hodge|gender=m)))
33564	und		
33565	der		
33566	Sclavenhändler	3680	(mention_id=3715|references=(entity=(entity_id=entity_0189|fullname=Andrew Jackson Dewis|gender=m)))
33567	.		
33568	Der		
33569	Gouverneur	3681	(mention_id=3716|references=(entity=(entity_id=entity_0195|fullname=Jonathan Hodge|gender=m)))
33570	,		
33571	oder		
33572	wie		
33573	die		
33574	Yankee's	3682	(mention_id=3717|references=(entity=(entity_id=generic_2843|fullname=Yankees|gender=u|specialcase_entity=generic)))
33575	ihre	3683	
33576	englischen		
33577	Nachbarn	3684	(mention_id=3718|references=(entity=(entity_id=generic_2844|fullname=englische Nachbarn|gender=u|specialcase_entity=generic)))
33578	nennen		
33579	,		
33580	die		
33581	Blaunase	3685	(mention_id=3719|references=(entity=(entity_id=entity_0195|fullname=Jonathan Hodge|gender=m)))
33582	,		
33583	setzte		
33584	durch		
33585	ihre		(mention_id=3720|references=(entity=(entity_id=entity_0195|fullname=Jonathan Hodge|gender=m)))
33586	Charaktermaske		
33587	den		
33588	Kunststyl		
33589	der		
33590	amerikanischen		
33591	Bühne		
33592	sogleich		
33593	außer		
33594	Zweifel		
33595	.		
33596	Seine	3686	(mention_id=3721|references=(entity=(entity_id=entity_0195|fullname=Jonathan Hodge|gender=m)))
33597	Glieder		
33598	bewegten		
33599	sich		
33600	wie		
33601	die		
33602	Hand-		
33603	und		
33604	Fußgelenke		
33605	einer		
33606	Puppe		
33607	,		
33608	die		
33609	sich		
33610	um		
33611	hölzerne		
33612	Kurbeln		
33613	drehen		
33614	,		
33615	sein	3687	(mention_id=3722|references=(entity=(entity_id=entity_0195|fullname=Jonathan Hodge|gender=m)))
33616	großcarrirtes		
33617	Beinkleid		
33618	saß		
33619	ihm	3688	(mention_id=3723|references=(entity=(entity_id=entity_0195|fullname=Jonathan Hodge|gender=m)))
33620	zu		
33621	knapp		
33622	,		
33623	sein	3689	(mention_id=3724|references=(entity=(entity_id=entity_0195|fullname=Jonathan Hodge|gender=m)))
33624	schwalbenschwänziger		
33625	Frack		
33626	schlotterte		
33627	zu		
33628	weit		
33629	,		
33630	dazu		
33631	umgürtete		
33632	ein		
33633	Shawl		
33634	,		
33635	wie		
33636	eine		
33637	Fenstergardine		
33638	so		
33639	groß		
33640	,		
33641	seinen	3690	(mention_id=3725|references=(entity=(entity_id=entity_0195|fullname=Jonathan Hodge|gender=m)))
33642	Hals		
33643	,		
33644	obwohl		
33645	die		
33646	Handlung		
33647	in		
33648	einem		
33649	Zimmer		
33650	spielte		
33651	.		
33652	Kurz		
33653	,		
33654	die		
33655	Charaktermaske		
33656	war		
33657	außerordentlich		
33658	faßlich		
33659	.		
33660	Der		
33661	Dialog		
33662	begann		
33663	.		
33664	Der		
33665	Sclavenhändler	3691	(mention_id=3726|references=(entity=(entity_id=entity_0189|fullname=Andrew Jackson Dewis|gender=m)))
33666	hatte		
33667	die		
33668	Aufgabe		
33669	,		
33670	diese		
33671	Monstrosität		
33672	von		
33673	Steifheit		
33674	geschmeidig		
33675	zu		
33676	machen		
33677	.		
33678	Er	3692	(mention_id=3727|references=(entity=(entity_id=entity_0189|fullname=Andrew Jackson Dewis|gender=m)))
33679	trat		
33680	,		
33681	wie		
33682	er	3693	(mention_id=3728|references=(entity=(entity_id=entity_0189|fullname=Andrew Jackson Dewis|gender=m)))
33683	merken		
33684	ließ		
33685	,		
33686	unter		
33687	fal		
33688	schem		
33689	Namen		
33690	und		
33691	Charakter		
33692	auf		
33693	,		
33694	und		
33695	hatte		
33696	seine	3694	(mention_id=3729|references=(entity=(entity_id=entity_0189|fullname=Andrew Jackson Dewis|gender=m)))
33697	Gründe		
33698	,		
33699	sich	3695	(mention_id=3730|references=(entity=(entity_id=entity_0189|fullname=Andrew Jackson Dewis|gender=m)))
33700	im		
33701	Hause		
33702	des		
33703	Gouverneurs	3696	(mention_id=3731|references=(entity=(entity_id=entity_0195|fullname=Jonathan Hodge|gender=m)))
33704	einzuschmuggeln		
33705	.		
33706	Er	3697	(mention_id=3732|references=(entity=(entity_id=entity_0189|fullname=Andrew Jackson Dewis|gender=m)))
33707	legte		
33708	sich	3698	(mention_id=3733|references=(entity=(entity_id=entity_0189|fullname=Andrew Jackson Dewis|gender=m)))
33709	auf's		
33710	„		
33711	Kammstreicheln		
33712	“		
33713	.		
33714	So		
33715	nennt		
33716	der		
33717	Amerikaner	3699	(mention_id=3734|references=(entity=(entity_id=generic_2845|fullname=Amerikaner allgemein|gender=u|specialcase_entity=generic)))
33718	seine	3700	(mention_id=3735|references=(entity=(entity_id=generic_2846|fullname=Amerikaner allgemein|gender=u|specialcase_entity=generic)))
33719	nationale		
33720	Kunst		
33721	,		
33722	durch		
33723	Flattiren		
33724	einen		
33725	Zweck		
33726	zu		
33727	erreichen		
33728	.		
33729	Der		
33730	Darsteller	3701	(mention_id=3736|references=(entity=(entity_id=entity_0229|fullname=Mr. Blackely|gender=m)))
33731	machte		
33732	es		
33733	nicht		
33734	schlecht		
33735	.		
33736	Die		
33737	versteckte		
33738	Bosheit		
33739	und		
33740	die		
33741	geheuchelte		
33742	Freundlichkeit		
33743	mischte		
33744	er	3702	(mention_id=3737|references=(entity=(entity_id=entity_0229|fullname=Mr. Blackely|gender=m)))
33745	in		
33746	der		
33747	That		
33748	mit		
33749	einigen		
33750	Begriffen		
33751	von		
33752	Kunst		
33753	.		
33754	Im		
33755	Stücke		
33756	erreichte		
33757	er	3703	(mention_id=3738|references=(entity=(entity_id=entity_0189|fullname=Andrew Jackson Dewis|gender=m)))
33758	auch		
33759	seinen	3704	(mention_id=3739|references=(entity=(entity_id=entity_0189|fullname=Andrew Jackson Dewis|gender=m)))
33760	Zweck		
33761	,		
33762	denn		
33763	der		
33764	Gouverneur	3705	(mention_id=3740|references=(entity=(entity_id=entity_0195|fullname=Jonathan Hodge|gender=m)))
33765	bat		
33766	ihn	3706	(mention_id=3741|references=(entity=(entity_id=entity_0189|fullname=Andrew Jackson Dewis|gender=m)))
33767	zum		
33768	Thee		
33769	,		
33770	d.		
33771	h.		
33772	er	3707	(mention_id=3742|references=(entity=(entity_id=entity_0195|fullname=Jonathan Hodge|gender=m)))
33773	wünschte		
33774	seine	3708	(mention_id=3743|references=(entity=(entity_id=entity_0195|fullname=Jonathan Hodge|gender=m)))
33775	Bekanntschaft		
33776	fortzusetzen		
33777	.		
33778	In		
33779	dem		
33780	Monolog		
33781	,		
33782	der		
33783	hierauf		
33784	folgte		
33785	,		
33786	wies		
33787	aber		
33788	der		
33789	Intriguant	3709	(mention_id=3744|references=(entity=(entity_id=entity_0189|fullname=Andrew Jackson Dewis|gender=m)))
33790	sogleich		
33791	die		
33792	Teufelsklaue		
33793	.		
33794	Er	3710	(mention_id=3745|references=(entity=(entity_id=entity_0189|fullname=Andrew Jackson Dewis|gender=m)))
33795	erklärte		
33796	dem		
33797	Publikum	3711	(mention_id=3746|references=(entity=(entity_id=generic_2794|fullname=Publikum im Theater|gender=u|specialcase_entity=generic)))
33798	,		
33799	er	3712	(mention_id=3747|references=(entity=(entity_id=entity_0189|fullname=Andrew Jackson Dewis|gender=m)))
33800	habe		
33801	es		
33802	auf		
33803	die		
33804	Nichte	3713	(mention_id=3748|references=(entity=(entity_id=entity_0187|fullname=Jane Norwood|gender=f)))
33805	des		
33806	Gouverneurs	3714	(mention_id=3749|references=(entity=(entity_id=entity_0195|fullname=Jonathan Hodge|gender=m)))
33807	,		
33808	Jane	3715	(mention_id=3750|references=(entity=(entity_id=entity_0187|fullname=Jane Norwood|gender=f)))
33809	Norwood	3715	(mention_id=3750|references=(entity=(entity_id=entity_0187|fullname=Jane Norwood|gender=f)))
33810	,		
33811	abgesehen		
33812	,		
33813	deren	3716	(mention_id=3751|references=(entity=(entity_id=entity_0187|fullname=Jane Norwood|gender=f)))
33814	außerordentliche		
33815	Schönheit		
33816	ihn	3717	(mention_id=3752|references=(entity=(entity_id=entity_0189|fullname=Andrew Jackson Dewis|gender=m)))
33817	auf		
33818	den		
33819	Gedanken		
33820	gebracht		
33821	,		
33822	sie	3718	(mention_id=3753|references=(entity=(entity_id=entity_0187|fullname=Jane Norwood|gender=f)))
33823	zu		
33824	rauben		
33825	und		
33826	zu		
33827	New-Orleans		
33828	als		
33829	Sclavin	3719	(mention_id=3754|references=(entity=(entity_id=entity_0187|fullname=Jane Norwood|gender=f)))
33830	zu		
33831	verkaufen		
33832	.		
33833	Glücklicherweise		
33834	sei		
33835	sie	3720	(mention_id=3755|references=(entity=(entity_id=entity_0187|fullname=Jane Norwood|gender=f)))
33836	eine		
33837	Brünette	3721	(mention_id=3756|references=(entity=(entity_id=entity_0187|fullname=Jane Norwood|gender=f)))
33838	,		
33839	und		
33840	wenn		
33841	er's	3722	(mention_id=3757|references=(entity=(entity_id=entity_0189|fullname=Andrew Jackson Dewis|gender=m)))
33842	pfiffig		
33843	anfange		
33844	,		
33845	so		
33846	werde		
33847	er	3723	(mention_id=3758|references=(entity=(entity_id=entity_0189|fullname=Andrew Jackson Dewis|gender=m)))
33848	sie	3724	(mention_id=3759|references=(entity=(entity_id=entity_0187|fullname=Jane Norwood|gender=f)))
33849	als		
33850	angebliche		
33851	Terz-	3725	(mention_id=3760|references=(entity=(entity_id=entity_0187|fullname=Jane Norwood|gender=f)))
33852	oder		
33853	Quaterone		(mention_id=3761|references=(entity=(entity_id=entity_0187|fullname=Jane Norwood|gender=f)))
33854	(		
33855	denn		
33856	der		
33857	letzte		
33858	Tropfen		
33859	Negerblut		
33860	ist		
33861	ja		
33862	noch		
33863	verkäuflich		
33864	,		
33865	sagte		
33866	er	3726	(mention_id=3762|references=(entity=(entity_id=entity_0189|fullname=Andrew Jackson Dewis|gender=m)))
33867	mit		
33868	tendenziös		
33869	erhobener		
33870	Stimme		
33871	)		
33872	so		
33873	werde		
33874	er	3727	(mention_id=3763|references=(entity=(entity_id=entity_0189|fullname=Andrew Jackson Dewis|gender=m)))
33875	sie	3728	(mention_id=3764|references=(entity=(entity_id=entity_0187|fullname=Jane Norwood|gender=f)))
33876	ohne		
33877	Gefahr		
33878	des		
33879	Verraths		
33880	theuer		(mention_id=3765|references=(entity=(entity_id=entity_0187|fullname=Jane Norwood|gender=f)))
33881	„		
33882	an		
33883	den		
33884	Mann	3729	
33885	bringen		
33886	“		
33887	,		
33888	wie		
33889	er	3730	(mention_id=3766|references=(entity=(entity_id=entity_0189|fullname=Andrew Jackson Dewis|gender=m)))
33890	mit		
33891	faunischer		
33892	Zweideutigkeit		
33893	betonte		
33894	.		
33895	Aber		
33896	die		
33897	gelungene		
33898	Mimik		
33899	kam		
33900	dem		
33901	armen		
33902	Künstler	3731	(mention_id=3767|references=(entity=(entity_id=entity_0229|fullname=Mr. Blackely|gender=m)))
33903	zunächst		
33904	selbst		
33905	theuer		
33906	zu		
33907	stehen		
33908	.		
33909	Das		
33910	Parterre-Publikum		(mention_id=3768|references=(entity=(entity_id=entity_0260|fullname=ParterrePublikum|gender=m|members=entity_0005,entity_0268,entity_0271,entity_0277,entity_0294|all_members_given=False|specialcase_entity=group)))
33911	der		
33912	Straßenjungen	3732	(mention_id=3769|references=(entity=(entity_id=entity_0268|fullname=Straßenjungen|gender=m|specialcase_entity=group)))
33913	überschüttete		
33914	den'		
33915	Bösewicht	3733	(mention_id=3770|references=(entity=(entity_id=entity_0189|fullname=Andrew Jackson Dewis|gender=m)),(entity=(entity_id=entity_0229|fullname=Mr. Blackely|gender=m)))
33916	mit		
33917	einem		
33918	Hagel		
33919	von		
33920	faulen		
33921	Eiern		
33922	.		
33923	Sie	3734	(mention_id=3771|references=(entity=(entity_id=entity_0260|fullname=ParterrePublikum|gender=m|members=entity_0005,entity_0268,entity_0271,entity_0277,entity_0294|all_members_given=False|specialcase_entity=group)))
33924	schienen		
33925	so		
33926	unerschöpfliche		
33927	Ladungen		
33928	dieses		
33929	übelriechenden		
33930	Materials		
33931	mit		
33932	sich	3735	(mention_id=3772|references=(entity=(entity_id=entity_0260|fullname=ParterrePublikum|gender=m|members=entity_0005,entity_0268,entity_0271,entity_0277,entity_0294|all_members_given=False|specialcase_entity=group)))
33933	zu		
33934	führen		
33935	,		
33936	daß		
33937	der		
33938	Gestank		
33939	desselben		
33940	sich		
33941	bald		
33942	durch's		
33943	ganze		
33944	Haus		
33945	verbreitete		
33946	.		
33947	Moorfeld	3736	(mention_id=3773|references=(entity=(entity_id=entity_0001|fullname=Dr. Moorfeld|gender=m)))
33948	bat		
33949	seinen	3737	(mention_id=3774|references=(entity=(entity_id=entity_0001|fullname=Dr. Moorfeld|gender=m)))
33950	Nachbar	3738	(mention_id=3775|references=(entity=(entity_id=entity_0259|fullname=Lord Arthur Ormond|gender=m)))
33951	,		
33952	ob		
33953	er	3739	(mention_id=3776|references=(entity=(entity_id=entity_0001|fullname=Dr. Moorfeld|gender=m)))
33954	diesem		
33955	Kunstgenuß		
33956	vielleicht		
33957	mit		
33958	einem		
33959	Flacon		
33960	eau		
33961	de		
33962	Cologne		
33963	zu		
33964	Hilfe		
33965	kommen		
33966	könne		
33967	.		
33968	Der		
33969	Mann	3740	(mention_id=3777|references=(entity=(entity_id=entity_0259|fullname=Lord Arthur Ormond|gender=m)))
33970	reichte		
33971	seine	3741	(mention_id=3778|references=(entity=(entity_id=entity_0259|fullname=Lord Arthur Ormond|gender=m)))
33972	Tabatiere		
33973	,		
33974	brummte		
33975	aber		
33976	den		
33977	Tumultuanten	3742	(mention_id=3779|references=(entity=(entity_id=entity_0260|fullname=ParterrePublikum|gender=m|members=entity_0005,entity_0268,entity_0271,entity_0277,entity_0294|all_members_given=False|specialcase_entity=group)))
33978	im		
33979	Parterre		
33980	kopfnickend		
33981	zu		
33982	:		
33983	Brave		
33984	Bursche	3743	(mention_id=3780|references=(entity=(entity_id=entity_0260|fullname=ParterrePublikum|gender=m|members=entity_0005,entity_0268,entity_0271,entity_0277,entity_0294|all_members_given=False|specialcase_entity=group)))
33985	!		
33986	werden		
33987	früh		
33988	Abolitionisten	3744	(mention_id=3781|references=(entity=(entity_id=entity_0260|fullname=ParterrePublikum|gender=m|members=entity_0005,entity_0268,entity_0271,entity_0277,entity_0294|all_members_given=False|specialcase_entity=group)))
33989	!		
33990	Moorfeld	3745	(mention_id=3782|references=(entity=(entity_id=entity_0001|fullname=Dr. Moorfeld|gender=m)))
33991	begriff		
33992	bei		
33993	diesem		
33994	Schlagworte		
33995	die		
33996	ganze		
33997	Demonstration		
33998	,		
33999	der		
34000	Schauspieler	3746	(mention_id=3783|references=(entity=(entity_id=entity_0229|fullname=Mr. Blackely|gender=m)))
34001	selbst		
34002	aber		
34003	,		
34004	dem	3747	(mention_id=3784|references=(entity=(entity_id=entity_0229|fullname=Mr. Blackely|gender=m)))
34005	dieselbe		
34006	galt		
34007	,		
34008	schien		
34009	vollkommen		
34010	vertraut		
34011	mit		
34012	solchen		
34013	Auftritten		
34014	,		
34015	ja		
34016	fast		
34017	geschmeichelt		
34018	,		
34019	und		
34020	trat		
34021	,		
34022	als		
34023	ihm	3748	(mention_id=3785|references=(entity=(entity_id=entity_0229|fullname=Mr. Blackely|gender=m)))
34024	eben		
34025	ein		
34026	Ei		
34027	gegen		
34028	die		
34029	Stirne		
34030	flog		
34031	,		
34032	und		
34033	zum		
34034	allgemeinen		
34035	Jubel		
34036	wie		
34037	ein		
34038	Horn		
34039	daran		
34040	festkleben		
34041	blieb		
34042	,		
34043	mit		
34044	großer		
34045	Gelassenheit		
34046	vor		
34047	die		
34048	Lampen		
34049	,		
34050	indem		
34051	er	3749	(mention_id=3786|references=(entity=(entity_id=entity_0229|fullname=Mr. Blackely|gender=m)))
34052	das		
34053	jugendliche		
34054	Gesindel	3750	(mention_id=3787|references=(entity=(entity_id=entity_0260|fullname=ParterrePublikum|gender=m|members=entity_0005,entity_0268,entity_0271,entity_0277,entity_0294|all_members_given=False|specialcase_entity=group)))
34055	im		
34056	Parterre		
34057	anredete		
34058	:		
34059	Meine	3751	(mention_id=3788|references=(entity=(entity_id=entity_0229|fullname=Mr. Blackely|gender=m)))
34060	Herren	3752	(mention_id=3789|references=(entity=(entity_id=entity_0260|fullname=ParterrePublikum|gender=m|members=entity_0005,entity_0268,entity_0271,entity_0277,entity_0294|all_members_given=False|specialcase_entity=group)))
34061	!		
34062	ich	3753	(mention_id=3790|references=(entity=(entity_id=entity_0229|fullname=Mr. Blackely|gender=m)))
34063	erlaube		
34064	mir	3754	(mention_id=3791|references=(entity=(entity_id=entity_0229|fullname=Mr. Blackely|gender=m)))
34065	,		
34066	Ihnen	3755	(mention_id=3792|references=(entity=(entity_id=entity_0260|fullname=ParterrePublikum|gender=m|members=entity_0005,entity_0268,entity_0271,entity_0277,entity_0294|all_members_given=False|specialcase_entity=group)))
34067	den		
34068	Vorschlag		
34069	zu		
34070	machen		
34071	,		
34072	das		
34073	sittliche		
34074	Ungeheuer		(mention_id=3793|references=(entity=(entity_id=entity_0189|fullname=Andrew Jackson Dewis|gender=m)))
34075	,		
34076	welches		(mention_id=3794|references=(entity=(entity_id=entity_0189|fullname=Andrew Jackson Dewis|gender=m)))
34077	ich	3756	(mention_id=3795|references=(entity=(entity_id=entity_0229|fullname=Mr. Blackely|gender=m)))
34078	darzustellen		
34079	die		
34080	Ehre		
34081	habe		
34082	,		
34083	statt		
34084	mit		
34085	faulen		
34086	Eiern		
34087	vielleicht		
34088	lieber		
34089	mit		
34090	Pomeranzenschalen		
34091	oder		
34092	andern		
34093	trockenen		
34094	Dingen		
34095	zu		
34096	bewerfen		
34097	.		
34098	Hören		
34099	Sie	3757	(mention_id=3796|references=(entity=(entity_id=entity_0260|fullname=ParterrePublikum|gender=m|members=entity_0005,entity_0268,entity_0271,entity_0277,entity_0294|all_members_given=False|specialcase_entity=group)))
34100	gütigst		
34101	meine	3758	(mention_id=3797|references=(entity=(entity_id=entity_0229|fullname=Mr. Blackely|gender=m)))
34102	Gründe		
34103	.		
34104	Es		
34105	werden		
34106	gleich		
34107	in		
34108	den		
34109	folgenden		
34110	Scenen		
34111	die		
34112	Damen	3759	(mention_id=3798|references=(entity=(entity_id=entity_0264|fullname=Damen des Stücks|gender=f|members=entity_0187,entity_0209|all_members_given=False|specialcase_entity=group)))
34113	des		
34114	Stückes		
34115	auftreten		
34116	,		
34117	deren	3760	(mention_id=3799|references=(entity=(entity_id=entity_0264|fullname=Damen des Stücks|gender=f|members=entity_0187,entity_0209|all_members_given=False|specialcase_entity=group)))
34118	Roben		
34119	auf		
34120	den		
34121	also		
34122	verunreinigten		
34123	Brettern		
34124	einen		
34125	schweren		
34126	Stand		
34127	haben		
34128	dürften		
34129	.		
34130	Freie		
34131	und		
34132	aufgeklärte		
34133	Bürger	3761	(mention_id=3800|references=(entity=(entity_id=entity_0260|fullname=ParterrePublikum|gender=m|members=entity_0005,entity_0268,entity_0271,entity_0277,entity_0294|all_members_given=False|specialcase_entity=group)))
34134	einer		
34135	Nation		
34136	,		
34137	welche		
34138	allen		
34139	übrigen		
34140	in		
34141	der		
34142	Hochachtung		
34143	des		
34144	schönen		
34145	Geschlechtes		(mention_id=3801|references=(entity=(entity_id=generic_2847|fullname=schönes Geschlecht|gender=u|specialcase_entity=generic)))
34146	voranleuchtet		
34147	,		
34148	haben		
34149	Sie	3762	(mention_id=3802|references=(entity=(entity_id=entity_0260|fullname=ParterrePublikum|gender=m|members=entity_0005,entity_0268,entity_0271,entity_0277,entity_0294|all_members_given=False|specialcase_entity=group)))
34150	ein		
34151	Recht		
34152	,		
34153	von		
34154	mir	3763	(mention_id=3803|references=(entity=(entity_id=entity_0229|fullname=Mr. Blackely|gender=m)))
34155	zu		
34156	verlangen		
34157	,		
34158	daß		
34159	ich	3764	(mention_id=3804|references=(entity=(entity_id=entity_0229|fullname=Mr. Blackely|gender=m)))
34160	Sie	3765	(mention_id=3805|references=(entity=(entity_id=entity_0260|fullname=ParterrePublikum|gender=m|members=entity_0005,entity_0268,entity_0271,entity_0277,entity_0294|all_members_given=False|specialcase_entity=group)))
34161	auf		
34162	diese		
34163	Gefahr		
34164	,		
34165	Damen	3766	(mention_id=3806|references=(entity=(entity_id=entity_0264|fullname=Damen des Stücks|gender=f|members=entity_0187,entity_0209|all_members_given=False|specialcase_entity=group)))
34166	eine		
34167	Verlegenheit		
34168	zu		
34169	bereiten		
34170	,		
34171	rechtzeitig		
34172	aufmerksam		
34173	mache		
34174	.		
34175	Meine	3767	(mention_id=3807|references=(entity=(entity_id=entity_0229|fullname=Mr. Blackely|gender=m)))
34176	Herren	3768	(mention_id=3808|references=(entity=(entity_id=entity_0260|fullname=ParterrePublikum|gender=m|members=entity_0005,entity_0268,entity_0271,entity_0277,entity_0294|all_members_given=False|specialcase_entity=group)))
34177	,		
34178	ich	3769	(mention_id=3809|references=(entity=(entity_id=entity_0229|fullname=Mr. Blackely|gender=m)))
34179	thue		
34180	es		
34181	hiemit		
34182	.		
34183	—		
34184	Kaum		
34185	war		
34186	dieser		
34187	Appell		
34188	erschollen		
34189	,		
34190	so		
34191	stürzten		
34192	sich	3770	(mention_id=3810|references=(entity=(entity_id=entity_0260|fullname=ParterrePublikum|gender=m|members=entity_0005,entity_0268,entity_0271,entity_0277,entity_0294|all_members_given=False|specialcase_entity=group)))
34193	die		
34194	Straßenjungen	3771	(mention_id=3811|references=(entity=(entity_id=entity_0260|fullname=ParterrePublikum|gender=m|members=entity_0005,entity_0268,entity_0271,entity_0277,entity_0294|all_members_given=False|specialcase_entity=group)))
34195	über		
34196	das		
34197	Orchester		(mention_id=3812|references=(entity=(entity_id=entity_0276|fullname=Orchester|gender=m|members=entity_0284|all_members_given=False|specialcase_entity=group)))
34198	hinweg		
34199	auf		
34200	die		
34201	Bühne		
34202	,		
34203	requirirten		
34204	Besen		
34205	hinter		
34206	den		
34207	Coulissen		
34208	,		
34209	und		
34210	fegten		
34211	unter		
34212	dem		
34213	unermeßlichen		
34214	Jubel		
34215	des		
34216	Hauses		
34217	die		
34218	Scene		
34219	so		
34220	rein		
34221	,		
34222	als		
34223	es		
34224	der		
34225	Eifer		
34226	für		
34227	eine		
34228	große		
34229	Nationalsache		
34230	nur		
34231	immer		
34232	vermochte		
34233	.		
34234	Moorfeld	3772	(mention_id=3813|references=(entity=(entity_id=entity_0001|fullname=Dr. Moorfeld|gender=m)))
34235	sah		
34236	dieses		
34237	Schauspiel		
34238	im		
34239	Schauspiel		
34240	nicht		
34241	ohne		
34242	den		
34243	Reiz		
34244	einer		
34245	großen		
34246	Neuheit		
34247	.		
34248	Die		
34249	naive		
34250	Ritterlichkeit		
34251	des		
34252	jungen		
34253	Amerika	3773	(mention_id=3814|references=(entity=(entity_id=entity_0260|fullname=ParterrePublikum|gender=m|members=entity_0005,entity_0268,entity_0271,entity_0277,entity_0294|all_members_given=False|specialcase_entity=group)))
34254	ergötzte		
34255	ihn	3774	(mention_id=3815|references=(entity=(entity_id=entity_0001|fullname=Dr. Moorfeld|gender=m)))
34256	höchlich		
34257	,		
34258	aber		
34259	—		
34260	auf		
34261	einmal		
34262	klang		
34263	eine		
34264	Dissonanz		
34265	drein		
34266	.		
34267	Ein		
34268	pralles		
34269	,		
34270	untersetztes		
34271	Kerlchen	3775	(mention_id=3816|references=(entity=(entity_id=entity_0005|fullname=Hoby|gender=m)))
34272	warf		
34273	sich	3776	(mention_id=3817|references=(entity=(entity_id=entity_0005|fullname=Hoby|gender=m)))
34274	figurmachend		
34275	seinen	3777	(mention_id=3818|references=(entity=(entity_id=entity_0005|fullname=Hoby|gender=m)))
34276	Kameraden	3778	(mention_id=3819|references=(entity=(entity_id=entity_0271|fullname=Kameraden|gender=m|specialcase_entity=group)))
34277	in		
34278	den		
34279	Weg		
34280	,		
34281	fuhr		
34282	ihnen	3779	(mention_id=3820|references=(entity=(entity_id=entity_0271|fullname=Kameraden|gender=m|specialcase_entity=group)))
34283	mit		
34284	der		
34285	Besentünche		
34286	über		
34287	die		
34288	Köpfe		
34289	und		
34290	schrie		
34291	sie	3780	(mention_id=3821|references=(entity=(entity_id=entity_0271|fullname=Kameraden|gender=m|specialcase_entity=group)))
34292	herausfordernd		
34293	an		
34294	:		
34295	Fort		
34296	da		
34297	,		
34298	der		
34299	große		
34300	Hoby	3781	(mention_id=3822|references=(entity=(entity_id=entity_0005|fullname=Hoby|gender=m)))
34301	duldet		
34302	keine		
34303	Nebenbuhler	3782	
34304	!		
34305	Moorfeld	3783	(mention_id=3823|references=(entity=(entity_id=entity_0001|fullname=Dr. Moorfeld|gender=m)))
34306	fand		
34307	die		
34308	Knabengestalt		
34309	bekannt		
34310	;		
34311	wie		
34312	der		
34313	Range	3784	(mention_id=3824|references=(entity=(entity_id=entity_0005|fullname=Hoby|gender=m)))
34314	hier		
34315	in		
34316	Manschetten		
34317	,		
34318	Jabots		
34319	und		
34320	gesteiften		
34321	Vatermördern		
34322	als		
34323	Gentleman-Carricatur	3785	(mention_id=3825|references=(entity=(entity_id=entity_0005|fullname=Hoby|gender=m)))
34324	sich	3786	(mention_id=3826|references=(entity=(entity_id=entity_0005|fullname=Hoby|gender=m)))
34325	brüstete		
34326	,		
34327	so		
34328	glaubte		
34329	er	3787	(mention_id=3827|references=(entity=(entity_id=entity_0001|fullname=Dr. Moorfeld|gender=m)))
34330	ihn	3788	(mention_id=3828|references=(entity=(entity_id=entity_0005|fullname=Hoby|gender=m)))
34331	schon		
34332	andern		
34333	Orts		
34334	und		
34335	in		
34336	einem		
34337	andern		
34338	Aufzuge		
34339	gesehen		
34340	zu		
34341	haben		
34342	.		
34343	Wirklich		
34344	!		
34345	Es		
34346	war		
34347	jener		
34348	Newsboy	3789	(mention_id=3829|references=(entity=(entity_id=entity_0005|fullname=Hoby|gender=m)))
34349	von		
34350	der		
34351	Battery		
34352	der	3790	(mention_id=3830|references=(entity=(entity_id=entity_0005|fullname=Hoby|gender=m)))
34353	das		
34354	Ohr		
34355	von		
34356	Damen	3791	(mention_id=3831|references=(entity=(entity_id=entity_0011|fullname=Bennets Töchter|gender=f|members=entity_0014,entity_0040,entity_0041|all_members_given=True|specialcase_entity=group)))
34357	damals		
34358	mit		
34359	Zoten		
34360	verfolgt		
34361	,		
34362	und		
34363	der	3792	(mention_id=3832|references=(entity=(entity_id=entity_0005|fullname=Hoby|gender=m)))
34364	den		
34365	Roben		
34366	der		
34367	Damen	3793	(mention_id=3833|references=(entity=(entity_id=entity_0264|fullname=Damen des Stücks|gender=f|members=entity_0187,entity_0209|all_members_given=False|specialcase_entity=group)))
34368	heute		
34369	reine		
34370	Bahn		
34371	machte		
34372	.		
34373	Eine		
34374	große		
34375	Sinnesänderung		
34376	oder		
34377	—		
34378	ein		
34379	frühreifer		
34380	Heuchler	3794	(mention_id=3834|references=(entity=(entity_id=entity_0005|fullname=Hoby|gender=m)))
34381	!		
34382	Das		
34383	Stück		
34384	spielte		
34385	weiter		
34386	.		
34387	Nach		
34388	dem		
34389	Sclavenhändler	3795	(mention_id=3835|references=(entity=(entity_id=entity_0189|fullname=Andrew Jackson Dewis|gender=m)))
34390	trat		
34391	Benjamin	3796	(mention_id=3836|references=(entity=(entity_id=entity_0221|fullname=Benjamin Ridge|gender=m)))
34392	Ridge	3796	(mention_id=3836|references=(entity=(entity_id=entity_0221|fullname=Benjamin Ridge|gender=m)))
34393	,		
34394	der		
34395	junge		
34396	Schiffscadett	3797	(mention_id=3837|references=(entity=(entity_id=entity_0221|fullname=Benjamin Ridge|gender=m)))
34397	auf		
34398	.		
34399	Er	3798	(mention_id=3838|references=(entity=(entity_id=entity_0221|fullname=Benjamin Ridge|gender=m)))
34400	erklärt		
34401	sich	3799	(mention_id=3839|references=(entity=(entity_id=entity_0221|fullname=Benjamin Ridge|gender=m)))
34402	sterbens		
34403	verliebt		
34404	in		
34405	Miß	3800	(mention_id=3840|references=(entity=(entity_id=entity_0187|fullname=Jane Norwood|gender=f)))
34406	Jane	3800	(mention_id=3840|references=(entity=(entity_id=entity_0187|fullname=Jane Norwood|gender=f)))
34407	Norwood	3800	(mention_id=3840|references=(entity=(entity_id=entity_0187|fullname=Jane Norwood|gender=f)))
34408	,		
34409	und		
34410	geht		
34411	mit		
34412	dem		
34413	Plane		
34414	um		
34415	,		
34416	sie	3801	(mention_id=3841|references=(entity=(entity_id=entity_0187|fullname=Jane Norwood|gender=f)))
34417	auf		
34418	dem		
34419	Schiffe		
34420	seines	3802	(mention_id=3842|references=(entity=(entity_id=entity_0221|fullname=Benjamin Ridge|gender=m)))
34421	Patrons	3803	(mention_id=3843|references=(entity=(entity_id=entity_0212|fullname=Kapitän Ebenezer Drivvle|gender=m)))
34422	,		
34423	des		
34424	Kapitän	3804	(mention_id=3844|references=(entity=(entity_id=entity_0212|fullname=Kapitän Ebenezer Drivvle|gender=m)))
34425	Drivvle	3804	(mention_id=3844|references=(entity=(entity_id=entity_0212|fullname=Kapitän Ebenezer Drivvle|gender=m)))
34426	,		
34427	zu		
34428	entführen		
34429	.		
34430	Das		
34431	ist		
34432	aber		
34433	das		
34434	nämliche		
34435	Schiff		
34436	,		
34437	dessen		
34438	sich		
34439	zur		
34440	Ausführung		
34441	seines	3805	(mention_id=3845|references=(entity=(entity_id=entity_0189|fullname=Andrew Jackson Dewis|gender=m)))
34442	Raubes		
34443	auch		
34444	der		
34445	Sclavenhändler	3806	(mention_id=3846|references=(entity=(entity_id=entity_0189|fullname=Andrew Jackson Dewis|gender=m)))
34446	bedienen		
34447	will		
34448	.		
34449	Der		
34450	Mann	3807	(mention_id=3847|references=(entity=(entity_id=entity_0189|fullname=Andrew Jackson Dewis|gender=m)))
34451	und		
34452	der		
34453	Jüngling	3808	(mention_id=3848|references=(entity=(entity_id=entity_0221|fullname=Benjamin Ridge|gender=m)))
34454	errathen		
34455	sich	3809	(mention_id=3849|references=(entity=(entity_id=entity_0189|fullname=Andrew Jackson Dewis|gender=m)),(entity=(entity_id=entity_0221|fullname=Benjamin Ridge|gender=m)))
34456	gegenseitig		
34457	in		
34458	ihrem	3810	(mention_id=3850|references=(entity=(entity_id=entity_0189|fullname=Andrew Jackson Dewis|gender=m)),(entity=(entity_id=entity_0221|fullname=Benjamin Ridge|gender=m)))
34459	Vorhaben		
34460	und		
34461	sind		
34462	entzückt		
34463	,		
34464	daß		
34465	sie	3811	(mention_id=3851|references=(entity=(entity_id=entity_0189|fullname=Andrew Jackson Dewis|gender=m)),(entity=(entity_id=entity_0221|fullname=Benjamin Ridge|gender=m)))
34466	sich	3812	(mention_id=3852|references=(entity=(entity_id=entity_0189|fullname=Andrew Jackson Dewis|gender=m)),(entity=(entity_id=entity_0221|fullname=Benjamin Ridge|gender=m)))
34467	nolens		
34468	volens		
34469	zu		
34470	Helfershelfern	3813	(mention_id=3853|references=(entity=(entity_id=entity_0189|fullname=Andrew Jackson Dewis|gender=m)),(entity=(entity_id=entity_0221|fullname=Benjamin Ridge|gender=m)))
34471	haben		
34472	werden		
34473	,		
34474	indem		
34475	Jeder	3814	(mention_id=3854|references=(entity=(entity_id=entity_0189|fullname=Andrew Jackson Dewis|gender=m)),(entity=(entity_id=entity_0221|fullname=Benjamin Ridge|gender=m)))
34476	sich	3815	(mention_id=3855|references=(entity=(entity_id=entity_0189|fullname=Andrew Jackson Dewis|gender=m)),(entity=(entity_id=entity_0221|fullname=Benjamin Ridge|gender=m)))
34477	zutraut		
34478	,		
34479	den		
34480	Andern	3816	(mention_id=3856|references=(entity=(entity_id=entity_0189|fullname=Andrew Jackson Dewis|gender=m)),(entity=(entity_id=entity_0221|fullname=Benjamin Ridge|gender=m)))
34481	zu		
34482	überlisten		
34483	und		
34484	zu		
34485	prellen		
34486	.		
34487	Moorfeld	3817	(mention_id=3857|references=(entity=(entity_id=entity_0001|fullname=Dr. Moorfeld|gender=m)))
34488	wagte		
34489	nach		
34490	dieser		
34491	Exposition		
34492	die		
34493	Durchführung		
34494	einer		
34495	bestimmten		
34496	Intrigue		
34497	und		
34498	eine		
34499	gewisse		
34500	komische		
34501	Seele		
34502	des		
34503	Stücks		
34504	zu		
34505	er		
34506	warten		
34507	.		
34508	Der		
34509	angeknüpfte		
34510	Faden		
34511	riß		
34512	aber		
34513	bald		
34514	wieder		
34515	ab		
34516	und		
34517	die		
34518	Seele		
34519	der		
34520	folgenden		
34521	Scenen		
34522	war		
34523	der		
34524	Lärm		
34525	.		
34526	So		
34527	scheiterte		
34528	im		
34529	Anfange		
34530	des		
34531	zweiten		
34532	Actes		
34533	der		
34534	ewig		
34535	betrunkene		
34536	Steuermann	3818	(mention_id=3858|references=(entity=(entity_id=entity_0196|fullname=Nathanael Sanders|gender=m)))
34537	an		
34538	einem		
34539	wüsten		
34540	Vorgebirge		
34541	,		
34542	und		
34543	gibt		
34544	dem		
34545	Kapitän	3819	(mention_id=3859|references=(entity=(entity_id=entity_0212|fullname=Kapitän Ebenezer Drivvle|gender=m)))
34546	Drivvle	3819	(mention_id=3859|references=(entity=(entity_id=entity_0212|fullname=Kapitän Ebenezer Drivvle|gender=m)))
34547	,		
34548	dem		(mention_id=3860|references=(entity=(entity_id=entity_0212|fullname=Kapitän Ebenezer Drivvle|gender=m)))
34549	Simson	3820	(mention_id=3861|references=(entity=(entity_id=entity_0212|fullname=Kapitän Ebenezer Drivvle|gender=m)|specialcase_reference=figurative))
34550	und		
34551	Goliath	3821	(mention_id=3862|references=(entity=(entity_id=entity_0212|fullname=Kapitän Ebenezer Drivvle|gender=m)|specialcase_reference=figurative))
34552	des		
34553	Anschlagzettels		
34554	,		
34555	Gelegenheit		
34556	,		
34557	ganz		
34558	martialisch		
34559	zu		
34560	tumultuiren		
34561	.		
34562	Deßungeachtet		
34563	sinkt		
34564	sein	3822	(mention_id=3863|references=(entity=(entity_id=entity_0212|fullname=Kapitän Ebenezer Drivvle|gender=m)))
34565	Schiff		
34566	,		
34567	die		
34568	abgerichteten		
34569	Ratten		
34570	treten		
34571	auf		
34572	und		
34573	rennen		
34574	verzweiflungsvoll		
34575	auf		
34576	dem		
34577	Verdecke		
34578	herum		
34579	,		
34580	die		
34581	Newfoundländer	3823	
34582	stürzen		
34583	auf		
34584	sie		
34585	,		
34586	die		
34587	Hunde		
34588	bellen		
34589	,		
34590	die		
34591	Ratten		
34592	pfeifen		
34593	,		
34594	das		
34595	Publikum	3824	(mention_id=3864|references=(entity=(entity_id=generic_2795|fullname=Publikum im Theater|gender=u|specialcase_entity=generic)))
34596	wälzt		
34597	sich		(mention_id=3865|references=(entity=(entity_id=generic_2796|fullname=Publikum im Theater|gender=u|specialcase_entity=generic)))
34598	in		
34599	Wonne		
34600	und		
34601	Hoby	3825	(mention_id=3866|references=(entity=(entity_id=entity_0005|fullname=Hoby|gender=m)))
34602	der		
34603	Straßenjunge	3826	(mention_id=3867|references=(entity=(entity_id=entity_0005|fullname=Hoby|gender=m)))
34604	von		
34605	der		
34606	Battery		
34607	schreit		
34608	,		
34609	es		
34610	sei		
34611	der		
34612	schönste		
34613	Tag		
34614	seines	3827	(mention_id=3868|references=(entity=(entity_id=entity_0005|fullname=Hoby|gender=m)))
34615	Lebens		
34616	.		
34617	Nicht		
34618	weniger		
34619	dramatisch		
34620	als		
34621	Ratten		
34622	und		
34623	Hunde		
34624	benimmt		
34625	sich	3828	(mention_id=3869|references=(entity=(entity_id=entity_0279|fullname=Schiffspersonal|gender=u|specialcase_entity=group)))
34626	das		
34627	Schiffspersonal	3829	(mention_id=3870|references=(entity=(entity_id=entity_0279|fullname=Schiffspersonal|gender=u|specialcase_entity=group)))
34628	.		
34629	Hilferufen		
34630	,		
34631	Händeringen		
34632	,		
34633	Auf-		
34634	und		
34635	Abrennen		
34636	,		
34637	bestialisches		
34638	Kämpfen		
34639	um		
34640	die		
34641	Rettungsboote		
34642	—		
34643	das		
34644	Alles		
34645	wird		
34646	mit		
34647	einer		
34648	Wahrheit		
34649	und		
34650	Sinnlichkeit		
34651	agirt		
34652	,		
34653	daß		
34654	das		
34655	Publikum	3830	(mention_id=3871|references=(entity=(entity_id=generic_2797|fullname=Publikum im Theater|gender=u|specialcase_entity=generic)))
34656	auf		
34657	seinen	3831	(mention_id=3872|references=(entity=(entity_id=generic_2798|fullname=Publikum im Theater|gender=u|specialcase_entity=generic)))
34658	trockenen		
34659	Sitzen		
34660	die		
34661	Gräuel		
34662	eines		
34663	Schiffbruches		
34664	nicht		
34665	mehr		
34666	schrecklicher		
34667	erleben		
34668	kann		
34669	.		
34670	Der		
34671	Sclavenhändler	3832	(mention_id=3873|references=(entity=(entity_id=entity_0189|fullname=Andrew Jackson Dewis|gender=m)))
34672	,		
34673	seine	3833	(mention_id=3874|references=(entity=(entity_id=entity_0189|fullname=Andrew Jackson Dewis|gender=m)))
34674	Beute	3834	(mention_id=3875|references=(entity=(entity_id=entity_0187|fullname=Jane Norwood|gender=f)))
34675	,		
34676	Jane	3835	(mention_id=3876|references=(entity=(entity_id=entity_0187|fullname=Jane Norwood|gender=f)))
34677	Norwood	3835	(mention_id=3876|references=(entity=(entity_id=entity_0187|fullname=Jane Norwood|gender=f)))
34678	,		
34679	im		
34680	Arm		
34681	,		
34682	erkämpft		
34683	sich	3836	(mention_id=3877|references=(entity=(entity_id=entity_0189|fullname=Andrew Jackson Dewis|gender=m)))
34684	ein		
34685	Rettungsboot		
34686	,		
34687	und		
34688	droht		
34689	mit		
34690	seinem	3837	(mention_id=3878|references=(entity=(entity_id=entity_0189|fullname=Andrew Jackson Dewis|gender=m)))
34691	Revolver		
34692	alles		
34693	niederzuschießen		
34694	,		
34695	was		
34696	Miene		
34697	machte		
34698	,		
34699	ihm		(mention_id=3879|references=(entity=(entity_id=entity_0189|fullname=Andrew Jackson Dewis|gender=m)))
34700	nachzufolgen		
34701	.		
34702	Der		
34703	Schiffscadett	3838	(mention_id=3880|references=(entity=(entity_id=entity_0221|fullname=Benjamin Ridge|gender=m)))
34704	ist		
34705	wüthend		
34706	und		
34707	wirft		
34708	sich	3839	(mention_id=3881|references=(entity=(entity_id=entity_0221|fullname=Benjamin Ridge|gender=m)))
34709	um		
34710	so		
34711	eiliger		
34712	in		
34713	ein		
34714	zweites		
34715	Boot		
34716	,		
34717	womit		
34718	er	3840	(mention_id=3882|references=(entity=(entity_id=entity_0221|fullname=Benjamin Ridge|gender=m)))
34719	jenes		
34720	zu		
34721	entern		
34722	sucht		
34723	.		
34724	Die		
34725	beiden		
34726	Fahrzeuge		
34727	liefern		
34728	sich		
34729	gegenseitig		
34730	eine		
34731	Schlacht		
34732	,		
34733	aber		
34734	im		
34735	Boot		
34736	des		
34737	Cadetten	3841	(mention_id=3883|references=(entity=(entity_id=entity_0221|fullname=Benjamin Ridge|gender=m)))
34738	entsteht		
34739	selbst		
34740	wieder		
34741	ein		
34742	Aufruhr		
34743	darüber		
34744	,		
34745	daß		
34746	er	3842	(mention_id=3884|references=(entity=(entity_id=entity_0221|fullname=Benjamin Ridge|gender=m)))
34747	es		
34748	den		
34749	Kugeln		
34750	des		
34751	Sclavenhändlers	3843	(mention_id=3885|references=(entity=(entity_id=entity_0189|fullname=Andrew Jackson Dewis|gender=m)))
34752	aussetzt		
34753	.		
34754	Unter		
34755	diesem		
34756	Spektakel		
34757	verlieren		
34758	sich	3844	(mention_id=3886|references=(entity=(entity_id=entity_0189|fullname=Andrew Jackson Dewis|gender=m)),(entity=(entity_id=entity_0221|fullname=Benjamin Ridge|gender=m)))
34759	beide	3845	(mention_id=3887|references=(entity=(entity_id=entity_0189|fullname=Andrew Jackson Dewis|gender=m)),(entity=(entity_id=entity_0221|fullname=Benjamin Ridge|gender=m)))
34760	aus		
34761	dem		
34762	Auge		
34763	des		
34764	Zuschauers	3846	(mention_id=3888|references=(entity=(entity_id=generic_2799|fullname=Publikum im Theater|gender=u|specialcase_entity=generic)))
34765	,		
34766	während		
34767	das		
34768	zurückbleibende		
34769	Wrak		
34770	die		
34771	zweite		
34772	Spektakel-Violine		
34773	spielt		
34774	und		
34775	vom		
34776	Geheul		
34777	der		
34778	Hunde		
34779	und		
34780	Ratten		
34781	erfüllt		
34782	in's		
34783	Wasser		
34784	sinkt		
34785	.		
34786	Natürlich		
34787	retten		
34788	sich	3847	(mention_id=3889|references=(entity=(entity_id=entity_0212|fullname=Kapitän Ebenezer Drivvle|gender=m)),(entity=(entity_id=entity_0221|fullname=Benjamin Ridge|gender=m)),(entity=(entity_id=entity_0187|fullname=Jane Norwood|gender=f)),(entity=(entity_id=entity_0189|fullname=Andrew Jackson Dewis|gender=m)))
34789	die		
34790	Hauptpersonen	3848	(mention_id=3890|references=(entity=(entity_id=entity_0189|fullname=Andrew Jackson Dewis|gender=m)),(entity=(entity_id=entity_0187|fullname=Jane Norwood|gender=f)),(entity=(entity_id=entity_0221|fullname=Benjamin Ridge|gender=m)),(entity=(entity_id=entity_0212|fullname=Kapitän Ebenezer Drivvle|gender=m)))
34791	.		
34792	Kapitän	3849	(mention_id=3891|references=(entity=(entity_id=entity_0212|fullname=Kapitän Ebenezer Drivvle|gender=m)))
34793	Drivvle	3849	(mention_id=3891|references=(entity=(entity_id=entity_0212|fullname=Kapitän Ebenezer Drivvle|gender=m)))
34794	hat		
34795	auf		
34796	dem		
34797	Lande		
34798	durch		
34799	die		
34800	öffentlichen		
34801	Blätter		
34802	erfahren		
34803	,		
34804	daß		
34805	der		
34806	Gouverneur	3850	(mention_id=3892|references=(entity=(entity_id=entity_0195|fullname=Jonathan Hodge|gender=m)))
34807	von		
34808	New-Schottland		
34809	für		
34810	die		
34811	Zurückbringung		
34812	oder		
34813	auch		
34814	nur		
34815	für		
34816	eine		
34817	Nachricht		
34818	von		
34819	seiner	3851	(mention_id=3893|references=(entity=(entity_id=entity_0195|fullname=Jonathan Hodge|gender=m)))
34820	Nichte	3852	(mention_id=3894|references=(entity=(entity_id=entity_0187|fullname=Jane Norwood|gender=f)))
34821	eine		
34822	hohe		
34823	Prämie		
34824	aussetzt		
34825	.		
34826	Augenblicklich		
34827	macht		
34828	er	3853	(mention_id=3895|references=(entity=(entity_id=entity_0212|fullname=Kapitän Ebenezer Drivvle|gender=m)))
34829	den		
34830	kleinen		
34831	Abstecher		
34832	nach		
34833	Halifax		
34834	,		
34835	—		
34836	eine		
34837	neue		
34838	Scene		
34839	mit		
34840	der		
34841	Blaunase		(mention_id=3896|references=(entity=(entity_id=entity_0212|fullname=Kapitän Ebenezer Drivvle|gender=m)))
34842	.		
34843	Doch		
34844	das		
34845	ist		
34846	nur		
34847	ein		
34848	Intermezzo		
34849	.		
34850	Die		
34851	Hauptaction		
34852	ruft		
34853	nach		
34854	New-Orleans		
34855	auf		
34856	den		
34857	Sclavenmarkt		
34858	.		
34859	Der		
34860	abscheuliche		
34861	Andrew	3854	(mention_id=3897|references=(entity=(entity_id=entity_0189|fullname=Andrew Jackson Dewis|gender=m)))
34862	Jackson	3854	(mention_id=3897|references=(entity=(entity_id=entity_0189|fullname=Andrew Jackson Dewis|gender=m)))
34863	Dewis	3854	(mention_id=3897|references=(entity=(entity_id=entity_0189|fullname=Andrew Jackson Dewis|gender=m)))
34864	hat		
34865	seine	3855	(mention_id=3898|references=(entity=(entity_id=entity_0189|fullname=Andrew Jackson Dewis|gender=m)))
34866	Beute		(mention_id=3899|references=(entity=(entity_id=entity_0187|fullname=Jane Norwood|gender=f)))
34867	glücklich		
34868	an		
34869	Ort		
34870	gebracht		
34871	und		
34872	bezieht		
34873	mit		
34874	ihr	3856	
34875	die		
34876	Verkaufshalle		
34877	.		
34878	Menschen	3857	(mention_id=3900|references=(entity=(entity_id=entity_0281|fullname=Menschen auf Sklavenmarkt|gender=u|specialcase_entity=group)))
34879	von		
34880	allen		
34881	Schattirungen		
34882	erfüllen		
34883	dieselbe		
34884	.		
34885	Und		
34886	eben		
34887	wird		
34888	wieder		
34889	ein		
34890	starker		
34891	Negertrupp	3858	(mention_id=3901|references=(entity=(entity_id=entity_0262|fullname=Negertrupp|gender=u|specialcase_entity=group)))
34892	aus		
34893	den		
34894	Züchtereien		
34895	der		
34896	Carolinen	3859	
34897	angetrieben		
34898	,		
34899	sie	3860	(mention_id=3902|references=(entity=(entity_id=entity_0262|fullname=Negertrupp|gender=u|specialcase_entity=group)))
34900	singen		
34901	ihr	3861	(mention_id=3903|references=(entity=(entity_id=entity_0262|fullname=Negertrupp|gender=u|specialcase_entity=group)))
34902	Heimatslied		
34903	I		
34904	born		
34905	in		
34906	Suth-Carlina		
34907	Fine		
34908	country		
34909	ebber		
34910	seen		
34911	—		
34912	während		
34913	ihre	3862	(mention_id=3904|references=(entity=(entity_id=entity_0262|fullname=Negertrupp|gender=u|specialcase_entity=group)))
34914	Banjo's		
34915	dazu		
34916	klingen		
34917	,		
34918	und		
34919	Jim	3863	(mention_id=3905|references=(entity=(entity_id=entity_0272|fullname=Jim Crow|gender=m)))
34920	Crow	3863	(mention_id=3905|references=(entity=(entity_id=entity_0272|fullname=Jim Crow|gender=m)))
34921	,		
34922	die		
34923	lustige		
34924	Person	3864	(mention_id=3906|references=(entity=(entity_id=entity_0272|fullname=Jim Crow|gender=m)))
34925	ihrer	3865	(mention_id=3907|references=(entity=(entity_id=entity_0272|fullname=Jim Crow|gender=m)))
34926	Volkskomödien		
34927	,		
34928	auf		
34929	Commando		
34930	Possen		
34931	reißt		
34932	,		
34933	um		
34934	der		
34935	Menschenwaare		(mention_id=3908|references=(entity=(entity_id=entity_0262|fullname=Negertrupp|gender=u|specialcase_entity=group)))
34936	durch		
34937	Heiterkeit		
34938	einen		
34939	Firniß		
34940	zu		
34941	geben		
34942	.		
34943	—		
34944	Treten		
34945	auf		
34946	:		
34947	Magnolia	3866	(mention_id=3909|references=(entity=(entity_id=entity_0209|fullname=Magnolia|gender=f)))
34948	,		
34949	die		
34950	reiche		
34951	Kreolin	3867	(mention_id=3910|references=(entity=(entity_id=entity_0209|fullname=Magnolia|gender=f)))
34952	,		
34953	und		
34954	Junker	3868	(mention_id=3911|references=(entity=(entity_id=entity_0210|fullname=Junker Tobias Sproul|gender=m)))
34955	Tobias	3868	(mention_id=3911|references=(entity=(entity_id=entity_0210|fullname=Junker Tobias Sproul|gender=m)))
34956	Sproul	3868	(mention_id=3911|references=(entity=(entity_id=entity_0210|fullname=Junker Tobias Sproul|gender=m)))
34957	,		
34958	der		
34959	Geck	3869	(mention_id=3912|references=(entity=(entity_id=entity_0210|fullname=Junker Tobias Sproul|gender=m)))
34960	,		
34961	ihr	3870	(mention_id=3913|references=(entity=(entity_id=entity_0209|fullname=Magnolia|gender=f)))
34962	Cicisbeo	3871	(mention_id=3914|references=(entity=(entity_id=entity_0210|fullname=Junker Tobias Sproul|gender=m)))
34963	.		
34964	Magnolia	3872	(mention_id=3915|references=(entity=(entity_id=entity_0209|fullname=Magnolia|gender=f)))
34965	sucht		
34966	ein		
34967	Kammermädchen	3873	(mention_id=3916|references=(entity=(entity_id=entity_0296|fullname=potentielles Kammermädchen|gender=f|specialcase_entity=nonfact)))
34968	zu		
34969	kaufen		
34970	;		
34971	Junker	3874	(mention_id=3917|references=(entity=(entity_id=entity_0210|fullname=Junker Tobias Sproul|gender=m)))
34972	Tobias	3874	(mention_id=3917|references=(entity=(entity_id=entity_0210|fullname=Junker Tobias Sproul|gender=m)))
34973	lenkt		
34974	die		
34975	Aufmerksamkeit		
34976	auf		
34977	Jane	3875	(mention_id=3918|references=(entity=(entity_id=entity_0187|fullname=Jane Norwood|gender=f)))
34978	Norwood	3875	(mention_id=3918|references=(entity=(entity_id=entity_0187|fullname=Jane Norwood|gender=f)))
34979	,		
34980	indem		
34981	ihn	3876	(mention_id=3919|references=(entity=(entity_id=entity_0210|fullname=Junker Tobias Sproul|gender=m)))
34982	der		
34983	begreifliche		
34984	Wunsch		
34985	leitet		
34986	,		
34987	für		
34988	das		
34989	Haus		
34990	seiner	3877	(mention_id=3920|references=(entity=(entity_id=entity_0210|fullname=Junker Tobias Sproul|gender=m)))
34991	ziemlich		
34992	passirten		
34993	Gönnerin	3878	(mention_id=3921|references=(entity=(entity_id=entity_0209|fullname=Magnolia|gender=f)))
34994	etwas		
34995	Schönes		
34996	zu		
34997	erstehen		
34998	.		
34999	Die		
35000	Scene		
35001	könnte		
35002	interessant		
35003	werden		
35004	,		
35005	wie		
35006	der		
35007	arme		
35008	Ritter	3879	(mention_id=3922|references=(entity=(entity_id=entity_0210|fullname=Junker Tobias Sproul|gender=m)))
35009	die		
35010	Börse		
35011	seiner	3880	(mention_id=3923|references=(entity=(entity_id=entity_0210|fullname=Junker Tobias Sproul|gender=m)))
35012	Tyrannin	3881	(mention_id=3924|references=(entity=(entity_id=entity_0209|fullname=Magnolia|gender=f)))
35013	zu		
35014	dem		
35015	größten		
35016	Aufwande		
35017	vermögen		
35018	soll		
35019	,		
35020	ohne		
35021	doch		
35022	ihre	3882	(mention_id=3925|references=(entity=(entity_id=entity_0209|fullname=Magnolia|gender=f)))
35023	geringste		
35024	Eifersucht		
35025	zu		
35026	erregen		
35027	.		
35028	Leider		
35029	hat		
35030	der		
35031	gepriesene		
35032	Charakter-Darsteller	3883	(mention_id=3926|references=(entity=(entity_id=entity_0197|fullname=Mr. Croghan|gender=m)))
35033	der		
35034	„		(mention_id=3927|references=(entity=(entity_id=entity_0210|fullname=Junker Tobias Sproul|gender=m)))
35035	Snobs	3884	(mention_id=3927|references=(entity=(entity_id=entity_0210|fullname=Junker Tobias Sproul|gender=m)))
35036	“		(mention_id=3927|references=(entity=(entity_id=entity_0210|fullname=Junker Tobias Sproul|gender=m)))
35037	nur		
35038	wenig		
35039	Gelegenheit		
35040	,		
35041	die		
35042	komische		
35043	Situation		
35044	auszubeuten		
35045	,		
35046	denn		
35047	der		
35048	Platzregen		
35049	des		
35050	Spektakels		
35051	bricht		
35052	sogleich		
35053	wieder		
35054	herein		
35055	.		
35056	Der		
35057	vorwitzige		
35058	Amoroso	3885	(mention_id=3928|references=(entity=(entity_id=entity_0221|fullname=Benjamin Ridge|gender=m)))
35059	tritt		
35060	auf		
35061	,		
35062	Benjamin	3886	(mention_id=3929|references=(entity=(entity_id=entity_0221|fullname=Benjamin Ridge|gender=m)))
35063	Ridge	3886	(mention_id=3929|references=(entity=(entity_id=entity_0221|fullname=Benjamin Ridge|gender=m)))
35064	,		
35065	der		
35066	Schiffscadett	3887	(mention_id=3930|references=(entity=(entity_id=entity_0221|fullname=Benjamin Ridge|gender=m)))
35067	,		
35068	dem	3888	(mention_id=3931|references=(entity=(entity_id=entity_0221|fullname=Benjamin Ridge|gender=m)))
35069	es		
35070	geglückt		
35071	war		
35072	,		
35073	der		
35074	Fährte		
35075	des		
35076	Sklavenhändlers	3889	(mention_id=3932|references=(entity=(entity_id=entity_0189|fullname=Andrew Jackson Dewis|gender=m)))
35077	zu		
35078	folgen		
35079	.		
35080	Das		
35081	Idol		(mention_id=3933|references=(entity=(entity_id=entity_0187|fullname=Jane Norwood|gender=f)))
35082	seiner	3890	(mention_id=3934|references=(entity=(entity_id=entity_0221|fullname=Benjamin Ridge|gender=m)))
35083	Liebe		
35084	erblicken		
35085	,		
35086	den		
35087	Gegenstand		(mention_id=3935|references=(entity=(entity_id=entity_0189|fullname=Andrew Jackson Dewis|gender=m)))
35088	seines	3891	(mention_id=3936|references=(entity=(entity_id=entity_0221|fullname=Benjamin Ridge|gender=m)))
35089	Hasses		
35090	finden		
35091	und		
35092	Scandal		
35093	anfangen		
35094	,		
35095	ist		
35096	das		
35097	Werk		
35098	eines		
35099	Augenblicks		
35100	.		
35101	Der		
35102	Tumult		
35103	wird		
35104	furchtbar		
35105	.		
35106	Natürlich		
35107	unterliegt		
35108	der		
35109	kleine		
35110	Cadett	3892	(mention_id=3937|references=(entity=(entity_id=entity_0221|fullname=Benjamin Ridge|gender=m)))
35111	,		
35112	aber		
35113	Jane	3893	(mention_id=3938|references=(entity=(entity_id=entity_0187|fullname=Jane Norwood|gender=f)))
35114	Norwood	3893	(mention_id=3938|references=(entity=(entity_id=entity_0187|fullname=Jane Norwood|gender=f)))
35115	hat		
35116	nicht		
35117	umsonst		
35118	alle		
35119	Verse		
35120	der		
35121	Bibel		
35122	aufgeboten		
35123	in		
35124	Mitte		
35125	der		
35126	großen		
35127	Bedrängniß		
35128	.		
35129	Plötzlich		
35130	erscheint		
35131	Kapitän	3894	(mention_id=3939|references=(entity=(entity_id=entity_0212|fullname=Kapitän Ebenezer Drivvle|gender=m)))
35132	Ebenezer	3894	(mention_id=3939|references=(entity=(entity_id=entity_0212|fullname=Kapitän Ebenezer Drivvle|gender=m)))
35133	Drivvle	3894	(mention_id=3939|references=(entity=(entity_id=entity_0212|fullname=Kapitän Ebenezer Drivvle|gender=m)))
35134	,		
35135	ein		
35136	furchtbarer		
35137	Deus	3895	(mention_id=3940|references=(entity=(entity_id=entity_0212|fullname=Kapitän Ebenezer Drivvle|gender=m)))
35138	ex		
35139	machina		
35140	.		
35141	Er	3896	(mention_id=3941|references=(entity=(entity_id=entity_0212|fullname=Kapitän Ebenezer Drivvle|gender=m)))
35142	kommt		
35143	von		
35144	Halifax		
35145	.		
35146	In		
35147	einer		
35148	Hand		
35149	die		
35150	vollwichtige		
35151	Prämie		
35152	des		
35153	sehr		
35154	ehrenwerthen		
35155	Sir	3897	(mention_id=3942|references=(entity=(entity_id=entity_0195|fullname=Jonathan Hodge|gender=m)))
35156	Jonathan	3897	(mention_id=3942|references=(entity=(entity_id=entity_0195|fullname=Jonathan Hodge|gender=m)))
35157	Hodge	3897	(mention_id=3942|references=(entity=(entity_id=entity_0195|fullname=Jonathan Hodge|gender=m)))
35158	,		
35159	in		
35160	der		
35161	andern		
35162	die		
35163	Identitäts-Papiere		
35164	über		
35165	Jane	3898	(mention_id=3943|references=(entity=(entity_id=entity_0187|fullname=Jane Norwood|gender=f)))
35166	Norwood	3898	(mention_id=3943|references=(entity=(entity_id=entity_0187|fullname=Jane Norwood|gender=f)))
35167	schwingend		
35168	,		
35169	entlarvt		
35170	er	3899	(mention_id=3944|references=(entity=(entity_id=entity_0212|fullname=Kapitän Ebenezer Drivvle|gender=m)))
35171	den		
35172	Bösewicht	3900	(mention_id=3945|references=(entity=(entity_id=entity_0189|fullname=Andrew Jackson Dewis|gender=m)))
35173	,		
35174	den		
35175	schändlichen		
35176	Sclavenhändler	3901	(mention_id=3946|references=(entity=(entity_id=entity_0189|fullname=Andrew Jackson Dewis|gender=m)))
35177	,		
35178	d.		
35179	h.		
35180	,		
35181	er	3902	(mention_id=3947|references=(entity=(entity_id=entity_0212|fullname=Kapitän Ebenezer Drivvle|gender=m)))
35182	gibt		
35183	dem		
35184	Spektakel		
35185	eine		
35186	ungleich		
35187	gräulichere		
35188	Dimension		
35189	als		
35190	sein		(mention_id=3948|references=(entity=(entity_id=entity_0212|fullname=Kapitän Ebenezer Drivvle|gender=m)))
35191	schlankes		
35192	Midshippmänchen		(mention_id=3949|references=(entity=(entity_id=entity_0221|fullname=Benjamin Ridge|gender=m)))
35193	.		
35194	Sämmtliche		
35195	Sclavenhändler	3903	(mention_id=3950|references=(entity=(entity_id=entity_0267|fullname=Sklavenhändler|gender=m|specialcase_entity=group)))
35196	treten		
35197	auf		
35198	die		
35199	Seite		
35200	ihres	3904	(mention_id=3951|references=(entity=(entity_id=entity_0267|fullname=Sklavenhändler|gender=m|specialcase_entity=group)))
35201	Collegen	3905	(mention_id=3952|references=(entity=(entity_id=entity_0189|fullname=Andrew Jackson Dewis|gender=m)))
35202	,		
35203	fürchterlich		
35204	blitzen		
35205	ihre	3906	(mention_id=3953|references=(entity=(entity_id=entity_0267|fullname=Sklavenhändler|gender=m|specialcase_entity=group)))
35206	Bowiemesser		
35207	,		
35208	herzzerreißend		
35209	durchläuft		
35210	Jane	3907	(mention_id=3954|references=(entity=(entity_id=entity_0187|fullname=Jane Norwood|gender=f)))
35211	Norwood	3907	(mention_id=3954|references=(entity=(entity_id=entity_0187|fullname=Jane Norwood|gender=f)))
35212	alle		
35213	großen		
35214	und		
35215	kleinen		
35216	Propheten		
35217	der		
35218	Bibel		
35219	,		
35220	die		
35221	Stadtpolizei	3908	
35222	von		
35223	New-Orleans		
35224	tritt		
35225	auf		
35226	und		
35227	nimmt		
35228	seltsamer		
35229	Weise		
35230	Partei		
35231	für		
35232	den		
35233	Sclavenhändler	3909	(mention_id=3955|references=(entity=(entity_id=entity_0189|fullname=Andrew Jackson Dewis|gender=m)))
35234	,		
35235	da		
35236	zerschneidet		
35237	im		
35238	Tumulte		
35239	Benjamin	3910	(mention_id=3956|references=(entity=(entity_id=entity_0221|fullname=Benjamin Ridge|gender=m)))
35240	Ridge	3910	(mention_id=3956|references=(entity=(entity_id=entity_0221|fullname=Benjamin Ridge|gender=m)))
35241	die		
35242	Bande		
35243	aller		
35244	anwesenden		
35245	Sclaven	3911	(mention_id=3957|references=(entity=(entity_id=entity_0263|fullname=alle Sklaven|gender=u|specialcase_entity=group)))
35246	,		
35247	schenkt		
35248	ihnen	3912	(mention_id=3958|references=(entity=(entity_id=entity_0263|fullname=alle Sklaven|gender=u|specialcase_entity=group)))
35249	mit		
35250	dem		
35251	Rufe		
35252	brandy		
35253	for		
35254	ever		
35255	!		
35256	die		
35257	Freiheit		
35258	und		
35259	stürzt		
35260	sich	3913	(mention_id=3959|references=(entity=(entity_id=entity_0221|fullname=Benjamin Ridge|gender=m)))
35261	an		
35262	der		
35263	Spitze		
35264	dieses		
35265	frisch		
35266	geschaffenen		
35267	Contingents		(mention_id=3960|references=(entity=(entity_id=entity_0263|fullname=alle Sklaven|gender=u|specialcase_entity=group)))
35268	,		
35269	das		(mention_id=3961|references=(entity=(entity_id=entity_0263|fullname=alle Sklaven|gender=u|specialcase_entity=group)))
35270	nicht		
35271	wenig		
35272	heult		
35273	,		
35274	in		
35275	die		
35276	Schlacht		
35277	.		
35278	Auch		
35279	der		
35280	geübteste		
35281	Theaterbesucher	3914	(mention_id=3962|references=(entity=(entity_id=generic_2848|fullname=der geübteste Theaterbesucher|gender=u|specialcase_entity=generic)))
35282	kann		
35283	jetzt		
35284	vergessen		
35285	,		
35286	daß		
35287	er	3915	(mention_id=3963|references=(entity=(entity_id=generic_2849|fullname=der geübteste Theaterbesucher|gender=u|specialcase_entity=generic)))
35288	vor		
35289	einer		
35290	Bühne		
35291	sitzt		
35292	.		
35293	Ein		
35294	Stucker		
35295	hundert		
35296	Menschen	3916	(mention_id=3964|references=(entity=(entity_id=entity_0278|fullname=hundert Menschen|gender=u|specialcase_entity=group)))
35297	,		
35298	wie		
35299	Percy	3917	(mention_id=3965|references=(entity=(entity_id=entity_0288|fullname=Percy|gender=m)))
35300	sagen		
35301	würde		
35302	,		
35303	sind		
35304	hier		
35305	im		
35306	Handgemenge		
35307	und		
35308	Alles	3918	(mention_id=3966|references=(entity=(entity_id=entity_0278|fullname=hundert Menschen|gender=u|specialcase_entity=group)))
35309	prügelt		
35310	sich		
35311	wirklich		
35312	.		
35313	Es		
35314	ist		
35315	ein		
35316	Hochgenuß		
35317	.		
35318	Die		
35319	Parterre-Jugend	3919	(mention_id=3967|references=(entity=(entity_id=entity_0260|fullname=ParterrePublikum|gender=m|members=entity_0005,entity_0268,entity_0271,entity_0277,entity_0294|all_members_given=False|specialcase_entity=group)))
35320	strampelt		
35321	vor		
35322	Wonne		
35323	,		
35324	Hoby	3920	(mention_id=3968|references=(entity=(entity_id=entity_0005|fullname=Hoby|gender=m)))
35325	der		(mention_id=3968|references=(entity=(entity_id=entity_0005|fullname=Hoby|gender=m)))
35326	Newsboy	3921	(mention_id=3968|references=(entity=(entity_id=entity_0005|fullname=Hoby|gender=m)))
35327	wirft		
35328	seine	3922	(mention_id=3969|references=(entity=(entity_id=entity_0005|fullname=Hoby|gender=m)))
35329	Mütze		
35330	gegen		
35331	den		
35332	Kronleuchter		
35333	,		
35334	das		
35335	übrige		
35336	Publikum	3923	(mention_id=3970|references=(entity=(entity_id=generic_2800|fullname=Publikum im Theater|gender=u|specialcase_entity=generic)))
35337	bleibt		
35338	aber		
35339	doch		
35340	verhältnißmäßig		
35341	ruhiger		
35342	als		
35343	bei		
35344	der		
35345	Schiffbruchs-Scene		
35346	.		
35347	Es		(mention_id=3971|references=(entity=(entity_id=generic_2801|fullname=Publikum im Theater|gender=u|specialcase_entity=generic)))
35348	ist		
35349	zwar		
35350	warm		
35351	und		
35352	befriedigt		
35353	,		
35354	der		
35355	Europäer	3924	(mention_id=3972|references=(entity=(entity_id=entity_0001|fullname=Dr. Moorfeld|gender=m)))
35356	sieht		
35357	aber		
35358	,		
35359	daß		
35360	es	3925	(mention_id=3973|references=(entity=(entity_id=generic_2802|fullname=Publikum im Theater|gender=u|specialcase_entity=generic)))
35361	nichts		
35362	Geringeres		
35363	erwartet		
35364	,		
35365	und		
35366	daß		
35367	diese		
35368	Monstre-Darstellungen		
35369	des		
35370	Volkslebens		
35371	die		
35372	gewohnten		
35373	Bühnengenüsse		
35374	des		
35375	Amerikaners	3926	(mention_id=3974|references=(entity=(entity_id=generic_2850|fullname=Amerikaner allgemein 2|gender=u|specialcase_entity=generic)))
35376	sind		
35377	.		
35378	Der		
35379	Prügel-		
35380	und		
35381	Walkmühlen-Prozeß		
35382	endet		
35383	zwar		
35384	mit		
35385	dem		
35386	Siege		
35387	der		
35388	Unschuld		
35389	,		
35390	aber		
35391	der		
35392	Sieg		
35393	ist		
35394	kein		
35395	vollständiger		
35396	.		
35397	Der		
35398	Sclavenhändler	3927	(mention_id=3975|references=(entity=(entity_id=entity_0189|fullname=Andrew Jackson Dewis|gender=m)))
35399	ist		
35400	vertrieben		
35401	,		
35402	aber		
35403	er	3928	(mention_id=3976|references=(entity=(entity_id=entity_0189|fullname=Andrew Jackson Dewis|gender=m)))
35404	schnaubt		
35405	Rache		
35406	.		
35407	Jane	3929	(mention_id=3977|references=(entity=(entity_id=entity_0187|fullname=Jane Norwood|gender=f)))
35408	Norwood	3929	(mention_id=3977|references=(entity=(entity_id=entity_0187|fullname=Jane Norwood|gender=f)))
35409	ist		
35410	gerettet		
35411	,		
35412	aber		
35413	während		
35414	der		
35415	Kapitän	3930	(mention_id=3978|references=(entity=(entity_id=entity_0212|fullname=Kapitän Ebenezer Drivvle|gender=m)))
35416	sie	3931	(mention_id=3979|references=(entity=(entity_id=entity_0187|fullname=Jane Norwood|gender=f)))
35417	ehrlich		
35418	nach		
35419	Hause		
35420	führen		
35421	will		
35422	,		
35423	gedenkt		
35424	sie	3932	(mention_id=3980|references=(entity=(entity_id=entity_0187|fullname=Jane Norwood|gender=f)))
35425	sein	3933	(mention_id=3981|references=(entity=(entity_id=entity_0212|fullname=Kapitän Ebenezer Drivvle|gender=m)))
35426	Schiffscadett	3934	(mention_id=3982|references=(entity=(entity_id=entity_0221|fullname=Benjamin Ridge|gender=m)))
35427	nun		
35428	erst		
35429	auf		
35430	eigene		
35431	Rechnung		
35432	zu		
35433	entführen		
35434	.		
35435	So		
35436	wechselt		
35437	sinniger		
35438	Weise		
35439	mit		
35440	der		
35441	Prügel-		
35442	eine		
35443	neue		
35444	Intriguen		
35445	Scene		
35446	.		
35447	Der		
35448	liebenswürdige		
35449	Benjamin	3935	(mention_id=3983|references=(entity=(entity_id=entity_0221|fullname=Benjamin Ridge|gender=m)))
35450	macht		
35451	sich	3936	(mention_id=3984|references=(entity=(entity_id=entity_0221|fullname=Benjamin Ridge|gender=m)))
35452	nicht		
35453	das		
35454	geringste		
35455	Gewissen		
35456	daraus		
35457	,		
35458	seinen	3937	(mention_id=3985|references=(entity=(entity_id=entity_0221|fullname=Benjamin Ridge|gender=m)))
35459	Herrn	3938	(mention_id=3986|references=(entity=(entity_id=entity_0212|fullname=Kapitän Ebenezer Drivvle|gender=m)))
35460	der		
35461	Hafen-Polizei		
35462	zu		
35463	verrathen		
35464	und		
35465	ihn	3939	(mention_id=3987|references=(entity=(entity_id=entity_0212|fullname=Kapitän Ebenezer Drivvle|gender=m)))
35466	am		
35467	Auslaufen		
35468	nach		
35469	Halifax		
35470	zu		
35471	verhindern		
35472	,		
35473	was		
35474	ihm	3940	(mention_id=3988|references=(entity=(entity_id=entity_0221|fullname=Benjamin Ridge|gender=m)))
35475	auch		
35476	vortrefflich		
35477	gelingt		
35478	,		
35479	da		
35480	ganz		
35481	New-Orleans		
35482	sclavenhändlerisch		
35483	gesinnt		
35484	und		
35485	auf		
35486	den		
35487	Kapitän	3941	(mention_id=3989|references=(entity=(entity_id=entity_0212|fullname=Kapitän Ebenezer Drivvle|gender=m)))
35488	erbittert		
35489	ist		
35490	.		
35491	Dieser	3942	(mention_id=3990|references=(entity=(entity_id=entity_0212|fullname=Kapitän Ebenezer Drivvle|gender=m)))
35492	hat		
35493	Noth		
35494	,		
35495	sich	3943	(mention_id=3991|references=(entity=(entity_id=entity_0212|fullname=Kapitän Ebenezer Drivvle|gender=m)))
35496	mit		
35497	Jane	3944	(mention_id=3992|references=(entity=(entity_id=entity_0187|fullname=Jane Norwood|gender=f)))
35498	Norwood	3944	(mention_id=3992|references=(entity=(entity_id=entity_0187|fullname=Jane Norwood|gender=f)))
35499	auf		
35500	den		
35501	Landweg		
35502	durchzuschlagen		
35503	.		
35504	Das		
35505	eben		
35506	sucht		
35507	der		
35508	Cadett	3945	(mention_id=3993|references=(entity=(entity_id=entity_0221|fullname=Benjamin Ridge|gender=m)))
35509	zu		
35510	erreichen		
35511	,		
35512	denn		
35513	der		
35514	Landweg		
35515	verspricht		
35516	ihm	3946	(mention_id=3994|references=(entity=(entity_id=entity_0221|fullname=Benjamin Ridge|gender=m)))
35517	ungleich		
35518	günstigere		
35519	Chancen		
35520	für		
35521	seine	3947	(mention_id=3995|references=(entity=(entity_id=entity_0221|fullname=Benjamin Ridge|gender=m)))
35522	Jagd		
35523	auf		
35524	das		
35525	Mädchen	3948	(mention_id=3996|references=(entity=(entity_id=entity_0187|fullname=Jane Norwood|gender=f)))
35526	.		
35527	Ja		
35528	,		
35529	so		
35530	wenig		
35531	scrupulös		
35532	ist		
35533	der		
35534	holde		
35535	Jüngling	3949	(mention_id=3997|references=(entity=(entity_id=entity_0221|fullname=Benjamin Ridge|gender=m)))
35536	in		
35537	seinen	3950	(mention_id=3998|references=(entity=(entity_id=entity_0221|fullname=Benjamin Ridge|gender=m)))
35538	Mitteln		
35539	,		
35540	daß		
35541	er	3951	(mention_id=3999|references=(entity=(entity_id=entity_0221|fullname=Benjamin Ridge|gender=m)))
35542	unterwegs		
35543	nahe		
35544	daran		
35545	ist		
35546	,		
35547	sogar		
35548	mit		
35549	dem		
35550	Sclavenhändler	3952	(mention_id=4000|references=(entity=(entity_id=entity_0189|fullname=Andrew Jackson Dewis|gender=m)))
35551	sich	3953	(mention_id=4001|references=(entity=(entity_id=entity_0221|fullname=Benjamin Ridge|gender=m)))
35552	wieder		
35553	zu		
35554	verbinden		
35555	;		
35556	denn		
35557	,		
35558	calculirt		
35559	er	3954	(mention_id=4002|references=(entity=(entity_id=entity_0221|fullname=Benjamin Ridge|gender=m)))
35560	,		
35561	es		
35562	wäre		
35563	doch		
35564	besser		
35565	,		
35566	daß		
35567	sie	3955	(mention_id=4003|references=(entity=(entity_id=entity_0187|fullname=Jane Norwood|gender=f)))
35568	in		
35569	New-Orleans		
35570	verkauft		
35571	würde		
35572	,		
35573	er	3956	(mention_id=4004|references=(entity=(entity_id=entity_0221|fullname=Benjamin Ridge|gender=m)))
35574	könnte		
35575	sie	3957	(mention_id=4005|references=(entity=(entity_id=entity_0187|fullname=Jane Norwood|gender=f)))
35576	ihrer	3958	(mention_id=4006|references=(entity=(entity_id=entity_0187|fullname=Jane Norwood|gender=f)))
35577	Herrschaft	3959	(mention_id=4007|references=(entity=(entity_id=entity_0295|fullname=potentielle Herrschaft von Jane Norwood|gender=u|specialcase_entity=nonfact)))
35578	dann		
35579	jedenfalls		
35580	mit		
35581	besserer		
35582	Muße		
35583	entführen		
35584	,		
35585	als		
35586	so		
35587	.		
35588	Moorfeld	3960	(mention_id=4008|references=(entity=(entity_id=entity_0001|fullname=Dr. Moorfeld|gender=m)))
35589	erwartete		
35590	an		
35591	dieser		
35592	Stelle		
35593	nichts		
35594	Anderes		
35595	,		
35596	als		
35597	ein		
35598	neues		
35599	Eier-		
35600	oder		
35601	vielmehr		
35602	Orangenschalen-Bombardement		
35603	,		
35604	aber		
35605	er	3961	(mention_id=4009|references=(entity=(entity_id=entity_0001|fullname=Dr. Moorfeld|gender=m)))
35606	verzichtete		
35607	sogleich		
35608	auf		
35609	jedes		
35610	Urtheil		
35611	über		
35612	die		
35613	sittlichen		
35614	Anschauungen		
35615	des		
35616	Hauses		
35617	,		
35618	denn		
35619	das		
35620	Publikum	3962	(mention_id=4010|references=(entity=(entity_id=generic_2803|fullname=Publikum im Theater|gender=u|specialcase_entity=generic)))
35621	applaudirt		
35622	vielmehr		
35623	und		
35624	ruft		
35625	theilnehmend		
35626	:		
35627	a		
35628	smart		
35629	fellow		
35630	!		
35631	Also		
35632	keine		
35633	gêne		
35634	einer		
35635	moralischen		
35636	Volksmeinung		
35637	,		
35638	nur		
35639	die		
35640	höhere		
35641	Rücksicht		
35642	auf		
35643	eine		
35644	ergiebige		
35645	Prügelernte		
35646	schien		
35647	den		
35648	Dichter	3963	(mention_id=4011|references=(entity=(entity_id=entity_0274|fullname=Dichter des Theaterstücks|gender=m)))
35649	geleitet		
35650	zu		
35651	haben		
35652	,		
35653	daß		
35654	er	3964	(mention_id=4012|references=(entity=(entity_id=entity_0274|fullname=Dichter des Theaterstücks|gender=m)))
35655	die		
35656	schmähliche		
35657	Allianz		
35658	nicht		
35659	doch		
35660	verwirklichte		
35661	.		
35662	Denn		
35663	während		
35664	Benjamin	3965	(mention_id=4013|references=(entity=(entity_id=entity_0221|fullname=Benjamin Ridge|gender=m)))
35665	Ridge	3965	(mention_id=4013|references=(entity=(entity_id=entity_0221|fullname=Benjamin Ridge|gender=m)))
35666	und		
35667	der		
35668	Sclavenhändler	3966	(mention_id=4014|references=(entity=(entity_id=entity_0189|fullname=Andrew Jackson Dewis|gender=m)))
35669	,		
35670	der	3967	
35671	inzwischen		
35672	durch		
35673	einen		
35674	Bund		
35675	mit		
35676	den		
35677	Indianern	3968	(mention_id=4015|references=(entity=(entity_id=entity_0219|fullname=Angehörige des Indianerstammes im Theaterstück|gender=u|specialcase_entity=group)))
35678	mächtig		
35679	geworden		
35680	,		
35681	in		
35682	aller		
35683	Gemüthlichkeit		
35684	ihre	3969	(mention_id=4016|references=(entity=(entity_id=entity_0221|fullname=Benjamin Ridge|gender=m)),(entity=(entity_id=entity_0189|fullname=Andrew Jackson Dewis|gender=m)))
35685	Compactaten		
35686	besprechen		
35687	,		
35688	ändert		
35689	sich		
35690	die		
35691	politische		
35692	Sachlage		
35693	.		
35694	Die		
35695	Handlung		
35696	spielt		
35697	ungefähr		
35698	in		
35699	dem		
35700	Winkel		
35701	zwischen		
35702	Mississippi		
35703	,		
35704	Tenessee		
35705	und		
35706	Alabama		
35707	.		
35708	Von		
35709	Kentucky		
35710	herüber		
35711	passirt		
35712	ein		
35713	Zug		
35714	von		
35715	Ansiedlern	3970	(mention_id=4017|references=(entity=(entity_id=entitiy_0259a|fullname=Ansiedler im Theaterstück|gender=u|specialcase_entity=group)))
35716	durch		
35717	,		
35718	welche	3971	(mention_id=4018|references=(entity=(entity_id=entitiy_0259a|fullname=Ansiedler im Theaterstück|gender=u|specialcase_entity=group)))
35719	nach		
35720	Texas		
35721	auswandern		
35722	,		
35723	—		
35724	wilde		
35725	,		
35726	gerüstete		
35727	Hinterwaldsgestalten		(mention_id=4019|references=(entity=(entity_id=entitiy_0259a|fullname=Ansiedler im Theaterstück|gender=u|specialcase_entity=group)))
35728	wobei		
35729	dem		
35730	lieben		
35731	Benjamin	3972	(mention_id=4020|references=(entity=(entity_id=entity_0221|fullname=Benjamin Ridge|gender=m)))
35732	das		
35733	Herz		
35734	im		
35735	Leibe		
35736	lacht		
35737	.		
35738	Schnell		
35739	verläßt		
35740	er	3973	(mention_id=4021|references=(entity=(entity_id=entity_0221|fullname=Benjamin Ridge|gender=m)))
35741	die		
35742	Parthie		
35743	des		
35744	Sclavenhändlers	3974	(mention_id=4022|references=(entity=(entity_id=entity_0189|fullname=Andrew Jackson Dewis|gender=m)))
35745	,		
35746	der	3975	(mention_id=4023|references=(entity=(entity_id=entity_0189|fullname=Andrew Jackson Dewis|gender=m)))
35747	ohnedies		
35748	nicht		
35749	„		
35750	gesund		
35751	“		
35752	wäre		
35753	,		
35754	und		
35755	sucht		
35756	das		
35757	Bündniß		
35758	dieser		
35759	neuen		
35760	Abenteuerer	3976	(mention_id=4024|references=(entity=(entity_id=entitiy_0259a|fullname=Ansiedler im Theaterstück|gender=u|specialcase_entity=group)))
35761	für		
35762	sein	3977	(mention_id=4025|references=(entity=(entity_id=entity_0221|fullname=Benjamin Ridge|gender=m)))
35763	Vorhaben		
35764	.		
35765	Nun		
35766	denke		
35767	man		
35768	!		
35769	Von		
35770	einer		
35771	Seite		
35772	der		
35773	Sclavenhändler	3978	(mention_id=4026|references=(entity=(entity_id=entity_0189|fullname=Andrew Jackson Dewis|gender=m)))
35774	mit		
35775	Black	3979	(mention_id=4027|references=(entity=(entity_id=entity_0190|fullname=Black Hamk|gender=m)))
35776	Hamk	3979	(mention_id=4027|references=(entity=(entity_id=entity_0190|fullname=Black Hamk|gender=m)))
35777	und		
35778	einem		
35779	aufgewiegelten		
35780	Indianer-Stamme		(mention_id=4028|references=(entity=(entity_id=entity_0219|fullname=Angehörige des Indianerstammes im Theaterstück|gender=u|specialcase_entity=group)))
35781	,		
35782	von		
35783	der		
35784	andern		
35785	Benjamin	3980	(mention_id=4029|references=(entity=(entity_id=entity_0221|fullname=Benjamin Ridge|gender=m)))
35786	Ridge	3980	(mention_id=4029|references=(entity=(entity_id=entity_0221|fullname=Benjamin Ridge|gender=m)))
35787	mit		
35788	den		
35789	wilden		
35790	Kentuckyern	3981	(mention_id=4030|references=(entity=(entity_id=entitiy_0259a|fullname=Ansiedler im Theaterstück|gender=u|specialcase_entity=group)))
35791	und		
35792	endlich		
35793	der		
35794	Kapitän	3982	(mention_id=4031|references=(entity=(entity_id=entity_0212|fullname=Kapitän Ebenezer Drivvle|gender=m)))
35795	Drivvle	3982	(mention_id=4031|references=(entity=(entity_id=entity_0212|fullname=Kapitän Ebenezer Drivvle|gender=m)))
35796	,		
35797	der	3983	(mention_id=4032|references=(entity=(entity_id=entity_0212|fullname=Kapitän Ebenezer Drivvle|gender=m)))
35798	zu		
35799	seinem	3984	(mention_id=4033|references=(entity=(entity_id=entity_0212|fullname=Kapitän Ebenezer Drivvle|gender=m)))
35800	Schutze		
35801	ein		
35802	paar		
35803	Compagnien		
35804	Alabamer		(mention_id=4034|references=(entity=(entity_id=entity_0270|fullname=Alabamer Landmiliz|gender=m|specialcase_entity=group)))
35805	Landmiliz		(mention_id=4034|references=(entity=(entity_id=entity_0270|fullname=Alabamer Landmiliz|gender=m|specialcase_entity=group)))
35806	requirirt		
35807	—		
35808	so		
35809	thürmen		
35810	sich		
35811	drei		
35812	Prügel-Gewitter		
35813	zugleich		
35814	am		
35815	Horizonte		
35816	auf		
35817	:		
35818	wen		
35819	sollten		
35820	nicht		
35821	Wonneschauer		
35822	schütteln		
35823	?		
35824	Viele		
35825	der		
35826	Zuschauer	3985	(mention_id=4035|references=(entity=(entity_id=generic_2804|fullname=Publikum im Theater|gender=u|specialcase_entity=generic)))
35827	sieht		
35828	man		
35829	ihre	3986	(mention_id=4036|references=(entity=(entity_id=generic_2805|fullname=Publikum im Theater|gender=u|specialcase_entity=generic)))
35830	Plätze		
35831	verlassen		
35832	,		
35833	um		
35834	im		
35835	benachbarten		
35836	„		
35837	bar		
35838	“		
35839	durch		
35840	ein		
35841	Glas		
35842	Rum		
35843	ihre	3987	(mention_id=4037|references=(entity=(entity_id=generic_2806|fullname=Publikum im Theater|gender=u|specialcase_entity=generic)))
35844	Nerven		
35845	für		
35846	den		
35847	bevorstehenden		
35848	Kunstgenuß		
35849	zu		
35850	stählen		
35851	.		
35852	Der		
35853	Sturm		
35854	bricht		
35855	los		
35856	.		
35857	Kentuckyer	3988	(mention_id=4038|references=(entity=(entity_id=entitiy_0259a|fullname=Ansiedler im Theaterstück|gender=u|specialcase_entity=group)))
35858	,		
35859	Indianer	3989	(mention_id=4039|references=(entity=(entity_id=entity_0219|fullname=Angehörige des Indianerstammes im Theaterstück|gender=u|specialcase_entity=group)))
35860	,		
35861	Alabamer	3990	(mention_id=4040|references=(entity=(entity_id=entity_0270|fullname=Alabamer Landmiliz|gender=m|specialcase_entity=group)))
35862	—		
35863	die		
35864	Parteien		(mention_id=4041|references=(entity=(entity_id=entity_0270|fullname=Alabamer Landmiliz|gender=m|specialcase_entity=group)),(entity=(entity_id=entity_0219|fullname=Angehörige des Indianerstammes im Theaterstück|gender=u|specialcase_entity=group)),(entity=(entity_id=entitiy_0259a|fullname=Ansiedler im Theaterstück|gender=u|specialcase_entity=group)))
35865	sind		
35866	so		
35867	gestellt		
35868	,		
35869	daß		
35870	Alle	3991	(mention_id=4042|references=(entity=(entity_id=entity_0261|fullname=Am Schlusskampf im Theaterstück Beteiligte|gender=m|members=entity_0189,entity_0190,entity_0212,entity_0219,entity_0221,entity_0270|all_members_given=False|specialcase_entity=group)))
35871	gegen		
35872	Alle	3992	(mention_id=4043|references=(entity=(entity_id=entity_0261|fullname=Am Schlusskampf im Theaterstück Beteiligte|gender=m|members=entity_0189,entity_0190,entity_0212,entity_0219,entity_0221,entity_0270|all_members_given=False|specialcase_entity=group)))
35873	kämpfen		
35874	.		
35875	Denn		
35876	nicht		
35877	Kampf		
35878	,		
35879	sondern		
35880	Chaos		
35881	soll		
35882	es		
35883	zugleich		
35884	sein		
35885	.		
35886	Nicht		
35887	Schläge		
35888	müssen		
35889	fallen		
35890	,		
35891	sondern		
35892	sie		
35893	müssen		
35894	auch		
35895	unversehens		
35896	fallen		
35897	,		
35898	Jeder	3993	(mention_id=4044|references=(entity=(entity_id=entity_0261|fullname=Am Schlusskampf im Theaterstück Beteiligte|gender=m|members=entity_0189,entity_0190,entity_0212,entity_0219,entity_0221,entity_0270|all_members_given=False|specialcase_entity=group)))
35899	muß		
35900	doppelt		
35901	angegriffen		
35902	werden		
35903	:		
35904	wie		
35905	er's	3994	(mention_id=4045|references=(entity=(entity_id=entity_0261|fullname=Am Schlusskampf im Theaterstück Beteiligte|gender=m|members=entity_0189,entity_0190,entity_0212,entity_0219,entity_0221,entity_0270|all_members_given=False|specialcase_entity=group)))
35906	erwartet		
35907	und		
35908	wie		
35909	er's	3995	(mention_id=4046|references=(entity=(entity_id=entity_0261|fullname=Am Schlusskampf im Theaterstück Beteiligte|gender=m|members=entity_0189,entity_0190,entity_0212,entity_0219,entity_0221,entity_0270|all_members_given=False|specialcase_entity=group)))
35910	nicht		
35911	erwartet		
35912	.		
35913	Das		
35914	gibt		
35915	Ueberraschung		
35916	und		
35917	Schadenfreude		
35918	,		
35919	das		
35920	belebt		
35921	das		
35922	allgemeine		
35923	Getümmel		
35924	mit		
35925	einer		
35926	Menge		
35927	interessanter		
35928	Detailzüge		
35929	.		
35930	Oder		
35931	was		
35932	kann		
35933	wonnevoller		
35934	sein		
35935	,		
35936	als		
35937	zu		
35938	sehen		
35939	,		
35940	wie		
35941	der		
35942	Schlagriemen		
35943	gegen		
35944	das		
35945	Bowiemesser		
35946	klatscht		
35947	,		
35948	während		
35949	die		
35950	Flinte		
35951	auf		
35952	den		
35953	Schlagriemen		
35954	anlegt		
35955	,		
35956	und		
35957	der		
35958	Stahldegen		
35959	rücklings		
35960	die		
35961	Flinte		
35962	anfällt		
35963	?		
35964	Solche		
35965	Gruppen	3996	(mention_id=4047|references=(entity=(entity_id=entity_0266|fullname=kämpfende Gruppen|gender=m|specialcase_entity=group)))
35966	führen		
35967	sich	3997	(mention_id=4048|references=(entity=(entity_id=entity_0266|fullname=kämpfende Gruppen|gender=m|specialcase_entity=group)))
35968	blitzgleich		
35969	dem		
35970	Zuschauer	3998	(mention_id=4049|references=(entity=(entity_id=generic_2807|fullname=Publikum im Theater|gender=u|specialcase_entity=generic)))
35971	vor		
35972	,		
35973	lösen		
35974	sich	3999	(mention_id=4050|references=(entity=(entity_id=entity_0266|fullname=kämpfende Gruppen|gender=m|specialcase_entity=group)))
35975	auf		
35976	,		
35977	arrangiren		
35978	sich	4000	(mention_id=4051|references=(entity=(entity_id=entity_0266|fullname=kämpfende Gruppen|gender=m|specialcase_entity=group)))
35979	wieder		
35980	,		
35981	Alles	4001	
35982	reißt		
35983	sich		
35984	im		
35985	Wirbel		
35986	einander		
35987	fort		
35988	,		
35989	die		
35990	ganze		
35991	Masse		
35992	ist		
35993	im		
35994	glühenden		
35995	Fluß		
35996	,		
35997	ein		
35998	Feuer		
35999	durchrast		
36000	diese		
36001	Action		
36002	,		
36003	das		
36004	gegen		
36005	deutsche		
36006	Theaterschlachten		
36007	absticht		
36008	,		
36009	wie		
36010	eine		
36011	Brandrakete		
36012	gegen		
36013	ein		
36014	fliegendes		
36015	Glühwürmchen		
36016	.		
36017	Das		
36018	Gemälde		
36019	fällt		
36020	freilich		
36021	aus		
36022	dem		
36023	Scheinbaren		
36024	in		
36025	die		
36026	baarste		
36027	Wirklichkeit		
36028	,		
36029	aber		
36030	wenn		
36031	die		
36032	dramatische		
36033	Kunst		
36034	hier		
36035	aufhört		
36036	,		
36037	so		
36038	wird		
36039	wenigstens		
36040	die		
36041	unglaubliche		
36042	Gymnastik		
36043	bewundert		
36044	,		
36045	womit		
36046	sich		
36047	der		
36048	Menschenknäuel		(mention_id=4052|references=(entity=(entity_id=entity_0261|fullname=Am Schlusskampf im Theaterstück Beteiligte|gender=m|members=entity_0189,entity_0190,entity_0212,entity_0219,entity_0221,entity_0270|all_members_given=False|specialcase_entity=group)|specialcase_reference=figurative))
36049	wirklichen		
36050	Tödtungen		
36051	und		
36052	Verwundungen		
36053	entzieht		
36054	,		
36055	da		
36056	er		
36057	gleichwohl		
36058	einen		
36059	wirklichen		
36060	Kampf		
36061	aufführt		
36062	.		
36063	Auch		
36064	die		
36065	exactesten		
36066	Theaterproben		
36067	,		
36068	scheint's		
36069	,		
36070	können		
36071	ein		
36072	solches		
36073	Ensemble	4002	
36074	nicht		
36075	herstellen		
36076	,		
36077	und		
36078	wie		
36079	enorm		
36080	wären		
36081	die		
36082	Kosten		
36083	zahlreicher		
36084	Theaterproben		
36085	mit		
36086	so		
36087	zahlreichen		
36088	Comparsen		(mention_id=4053|references=(entity=(entity_id=entity_0269|fullname=zahlreiche Komparsen|gender=m|specialcase_entity=group)))
36089	?		
36090	Moorfeld	4003	(mention_id=4054|references=(entity=(entity_id=entity_0001|fullname=Dr. Moorfeld|gender=m)))
36091	konnte		
36092	kaum		
36093	das		
36094	Austoben		
36095	des		
36096	ärgsten		
36097	Lärmes		
36098	erwarten		
36099	,		
36100	um		
36101	sich	4004	(mention_id=4055|references=(entity=(entity_id=entity_0001|fullname=Dr. Moorfeld|gender=m)))
36102	mit		
36103	diesem		
36104	Bedenken		
36105	an		
36106	seinen	4005	(mention_id=4056|references=(entity=(entity_id=entity_0001|fullname=Dr. Moorfeld|gender=m)))
36107	Nachbar	4006	(mention_id=4057|references=(entity=(entity_id=entity_0259|fullname=Lord Arthur Ormond|gender=m)))
36108	zu		
36109	wenden		
36110	.		
36111	Die		
36112	Bedenken		
36113	,		
36114	die		
36115	er	4007	(mention_id=4058|references=(entity=(entity_id=entity_0001|fullname=Dr. Moorfeld|gender=m)))
36116	gegen		
36117	denselben	4008	(mention_id=4059|references=(entity=(entity_id=entity_0259|fullname=Lord Arthur Ormond|gender=m)))
36118	selbst		
36119	hatte		
36120	,		
36121	mußten		
36122	momentan		
36123	verstummen		
36124	davor		
36125	.		
36126	Zu		
36127	lösenswerth		
36128	schien		
36129	ihm	4009	(mention_id=4060|references=(entity=(entity_id=entity_0001|fullname=Dr. Moorfeld|gender=m)))
36130	das		
36131	Räthsel		
36132	.		
36133	Der		
36134	Engländer	4010	(mention_id=4061|references=(entity=(entity_id=entity_0259|fullname=Lord Arthur Ormond|gender=m)))
36135	fuhr		
36136	wie		
36137	aus		
36138	dem		
36139	Traume		
36140	empor		
36141	und		
36142	fragte		
36143	den		
36144	Frager	4011	(mention_id=4062|references=(entity=(entity_id=entity_0001|fullname=Dr. Moorfeld|gender=m)))
36145	naiv		
36146	:		
36147	Sind		
36148	Sie	4012	(mention_id=4063|references=(entity=(entity_id=entity_0001|fullname=Dr. Moorfeld|gender=m)))
36149	dem		
36150	Stücke		
36151	gefolgt		
36152	?		
36153	Moorfeld	4013	(mention_id=4064|references=(entity=(entity_id=entity_0001|fullname=Dr. Moorfeld|gender=m)))
36154	erstaunte		
36155	.		
36156	War		
36157	das		
36158	aristokratische		
36159	Gleichgiltigkeit		
36160	,		
36161	oder		
36162	—		
36163	die		
36164	Zerstreutheit		
36165	eines		
36166	Irren	4014	(mention_id=4065|references=(entity=(entity_id=entity_0259|fullname=Lord Arthur Ormond|gender=m)))
36167	?		
36168	Betreten		
36169	antwortete		
36170	er	4015	(mention_id=4066|references=(entity=(entity_id=entity_0001|fullname=Dr. Moorfeld|gender=m)))
36171	:		
36172	daß		
36173	ihm	4016	(mention_id=4067|references=(entity=(entity_id=entity_0001|fullname=Dr. Moorfeld|gender=m)))
36174	der		
36175	Verfolg		
36176	eines		
36177	Theaterstücks		
36178	allerdings		
36179	der		
36180	Zweck		
36181	des		
36182	Theaterbesuches		
36183	sei		
36184	.		
36185	Wahrscheinlich		
36186	sind		
36187	Sie	4017	(mention_id=4068|references=(entity=(entity_id=entity_0001|fullname=Dr. Moorfeld|gender=m)))
36188	selbst		
36189	Dichter	4018	(mention_id=4069|references=(entity=(entity_id=entity_0001|fullname=Dr. Moorfeld|gender=m)))
36190	?		
36191	gab		
36192	der		
36193	Engländer	4019	(mention_id=4070|references=(entity=(entity_id=entity_0259|fullname=Lord Arthur Ormond|gender=m)))
36194	zurück		
36195	.		
36196	Wir	4020	(mention_id=4071|references=(entity=(entity_id=entity_0007|fullname=Erzählinstanz|gender=u)))
36197	wissen		
36198	nicht		
36199	,		
36200	ob		
36201	wir	4021	(mention_id=4072|references=(entity=(entity_id=entity_0007|fullname=Erzählinstanz|gender=u)))
36202	das		
36203	Erstaunen		
36204	Moorfeld's	4022	(mention_id=4073|references=(entity=(entity_id=entity_0001|fullname=Dr. Moorfeld|gender=m)))
36205	in		
36206	diesem		
36207	Augenblicke		
36208	Bewunderung		
36209	nennen		
36210	dürfen		
36211	,		
36212	aber		
36213	mit		
36214	einem		
36215	Ausdrucke		
36216	,		
36217	der		
36218	sonst		
36219	viel		
36220	zusammengesetzter		
36221	zu		
36222	beschreiben		
36223	wäre		
36224	,		
36225	antwortete		
36226	er	4023	(mention_id=4074|references=(entity=(entity_id=entity_0001|fullname=Dr. Moorfeld|gender=m)))
36227	:		
36228	Ich	4024	(mention_id=4075|references=(entity=(entity_id=entity_0001|fullname=Dr. Moorfeld|gender=m)))
36229	bin		
36230	nicht		
36231	dramatischer		
36232	Dichter.	4025	
36233	—		
36234	Also		
36235	doch		
36236	,		
36237	erwiederte		
36238	der		
36239	Engländer	4026	(mention_id=4076|references=(entity=(entity_id=entity_0259|fullname=Lord Arthur Ormond|gender=m)))
36240	ohne		
36241	Umstände		
36242	.		
36243	Damit		
36244	war		
36245	der		
36246	Dialog		
36247	zu		
36248	Ende		
36249	.		
36250	Der		
36251	Engländer	4027	(mention_id=4077|references=(entity=(entity_id=entity_0259|fullname=Lord Arthur Ormond|gender=m)))
36252	schien		
36253	Moorfeld's	4028	(mention_id=4078|references=(entity=(entity_id=entity_0001|fullname=Dr. Moorfeld|gender=m)))
36254	erste		
36255	Anrede		
36256	vollständig		
36257	vergessen		
36258	zu		
36259	haben		
36260	.		
36261	Aber		
36262	vor		
36263	dem		
36264	Spektakel		
36265	war		
36266	inzwischen		
36267	seine	4029	(mention_id=4079|references=(entity=(entity_id=entity_0259|fullname=Lord Arthur Ormond|gender=m)))
36268	Dogge		
36269	erwacht		
36270	,		
36271	sie		
36272	sprang		
36273	mit		
36274	den		
36275	Vorderfüßen		
36276	gegen		
36277	die		
36278	Brüstung		
36279	und		
36280	fing		
36281	unter		
36282	dem		
36283	Gelächter		
36284	des		
36285	Hauses		
36286	laut		
36287	nach		
36288	der		
36289	Bühne		
36290	zu		
36291	bellen		
36292	an		
36293	.		
36294	Der		
36295	Engländer	4030	(mention_id=4080|references=(entity=(entity_id=entity_0259|fullname=Lord Arthur Ormond|gender=m)))
36296	brachte		
36297	das		
36298	Thier		
36299	zur		
36300	Ruhe		
36301	—		
36302	nicht		
36303	wahr		
36304	,		
36305	das		
36306	appellirt		
36307	an		
36308	die		
36309	bestialische		
36310	Natur		
36311	?		
36312	sagte		
36313	er	4031	(mention_id=4081|references=(entity=(entity_id=entity_0259|fullname=Lord Arthur Ormond|gender=m)))
36314	im		
36315	Tone		
36316	eines		
36317	freundschaftlichen		
36318	Vorwurfes		
36319	.		
36320	Moorfeld	4032	(mention_id=4082|references=(entity=(entity_id=entity_0001|fullname=Dr. Moorfeld|gender=m)))
36321	schüttelte		
36322	den		
36323	Kopf		
36324	.		
36325	Auf		
36326	einmal		
36327	wandte		
36328	sich	4033	(mention_id=4083|references=(entity=(entity_id=entity_0259|fullname=Lord Arthur Ormond|gender=m)))
36329	Jener	4034	(mention_id=4084|references=(entity=(entity_id=entity_0259|fullname=Lord Arthur Ormond|gender=m)))
36330	wieder		
36331	an		
36332	ihn	4035	(mention_id=4085|references=(entity=(entity_id=entity_0001|fullname=Dr. Moorfeld|gender=m)))
36333	:		
36334	—		
36335	Von		
36336	den		
36337	Comparsen		(mention_id=4086|references=(entity=(entity_id=entity_0269|fullname=zahlreiche Komparsen|gender=m|specialcase_entity=group)))
36338	sprachen		
36339	Sie	4036	(mention_id=4087|references=(entity=(entity_id=entity_0001|fullname=Dr. Moorfeld|gender=m)))
36340	?		
36341	Es		
36342	sind		
36343	lauter		
36344	Volontairs		(mention_id=4088|references=(entity=(entity_id=entity_0269|fullname=zahlreiche Komparsen|gender=m|specialcase_entity=group)))
36345	.		
36346	Die		
36347	Newyorker	4037	
36348	Rowdies	4037	(mention_id=4089|references=(entity=(entity_id=entity_0289|fullname=Newyorker Rowdies|gender=m|specialcase_entity=group)))
36349	wirken		
36350	aus		
36351	Liebhaberei		
36352	mit		
36353	,		
36354	auch		
36355	kommen		
36356	Wunden		
36357	und		
36358	Tod		
36359	wohl		
36360	im		
36361	Ernste		
36362	dabei		
36363	vor		
36364	.		
36365	Ich	4038	(mention_id=4090|references=(entity=(entity_id=entity_0259|fullname=Lord Arthur Ormond|gender=m)))
36366	bin		
36367	nicht		
36368	mehr		
36369	fremd		
36370	genug		
36371	hier		
36372	und		
36373	habe		
36374	dergleichen		
36375	selbst		
36376	schon		
36377	erlebt		
36378	.		
36379	—		
36380	In		
36381	der		
36382	That		
36383	,		
36384	das		
36385	war		
36386	die		
36387	einzig		
36388	mögliche		
36389	Erklärung		
36390	einer		
36391	solchen		
36392	mise		
36393	en		
36394	scene		
36395	.		
36396	Mit		
36397	einer		
36398	ironischen		
36399	Form		
36400	dieser		
36401	Anerkennung		
36402	sagte		
36403	Moorfeld	4039	(mention_id=4091|references=(entity=(entity_id=entity_0001|fullname=Dr. Moorfeld|gender=m)))
36404	,		
36405	er	4040	(mention_id=4092|references=(entity=(entity_id=entity_0001|fullname=Dr. Moorfeld|gender=m)))
36406	hätte		
36407	es		
36408	allerdings		
36409	denken		
36410	sollen		
36411	,		
36412	daß		
36413	nur		
36414	die		
36415	aufopferndste		
36416	Theilnahme		
36417	des		
36418	Publikums	4041	(mention_id=4093|references=(entity=(entity_id=generic_2808|fullname=Publikum im Theater|gender=u|specialcase_entity=generic)))
36419	solche		
36420	Kunstblüthen		
36421	zeitige		
36422	.		
36423	Der		
36424	Engländer	4042	(mention_id=4094|references=(entity=(entity_id=entity_0259|fullname=Lord Arthur Ormond|gender=m)))
36425	nickte		
36426	lächelnd		
36427	.		
36428	Staub		
36429	,		
36430	Pulverdampf		
36431	,		
36432	Geschrei		
36433	und		
36434	Getrampel		
36435	hatte		
36436	endlich		
36437	ausgespielt		
36438	;		
36439	das		
36440	Schlachtfeld		
36441	wurde		
36442	leerer		
36443	.		
36444	Zurück		
36445	blieb		
36446	zuletzt		
36447	nur		
36448	der		
36449	Sclavenhändler	4043	(mention_id=4095|references=(entity=(entity_id=entity_0189|fullname=Andrew Jackson Dewis|gender=m)))
36450	Andrew	4043	(mention_id=4095|references=(entity=(entity_id=entity_0189|fullname=Andrew Jackson Dewis|gender=m)))
36451	Jackson	4043	(mention_id=4095|references=(entity=(entity_id=entity_0189|fullname=Andrew Jackson Dewis|gender=m)))
36452	Dewis	4043	(mention_id=4095|references=(entity=(entity_id=entity_0189|fullname=Andrew Jackson Dewis|gender=m)))
36453	.		
36454	Er	4044	(mention_id=4096|references=(entity=(entity_id=entity_0189|fullname=Andrew Jackson Dewis|gender=m)))
36455	war		
36456	in		
36457	der		
36458	„		
36459	Affaire		
36460	”		
36461	tödtlich		
36462	getroffen		
36463	worden		
36464	,		
36465	und		
36466	hatte		
36467	jetzt		
36468	sein	4045	(mention_id=4097|references=(entity=(entity_id=entity_0189|fullname=Andrew Jackson Dewis|gender=m)))
36469	großes		
36470	Spiel		
36471	.		
36472	Er	4046	(mention_id=4098|references=(entity=(entity_id=entity_0189|fullname=Andrew Jackson Dewis|gender=m)))
36473	hatte		
36474	zu		
36475	sterben		
36476	.		
36477	Sollte		
36478	das		
36479	ein		
36480	Glanzpunkt		
36481	in		
36482	der		
36483	Kunstleistung		
36484	des		
36485	Mimen	4047	(mention_id=4099|references=(entity=(entity_id=entity_0229|fullname=Mr. Blackely|gender=m)))
36486	sein		
36487	,		
36488	so		
36489	war		
36490	der		
36491	Moment		
36492	vom		
36493	Dichter	4048	(mention_id=4100|references=(entity=(entity_id=entity_0274|fullname=Dichter des Theaterstücks|gender=m)))
36494	übel		
36495	gewählt		
36496	;		
36497	denn		
36498	nach		
36499	dem		
36500	Gewühl		
36501	der		
36502	großen		
36503	Massen-Action		
36504	war		
36505	der		
36506	Zuschauer	4049	(mention_id=4101|references=(entity=(entity_id=generic_2809|fullname=Publikum im Theater|gender=u|specialcase_entity=generic)))
36507	entweder		
36508	zu		
36509	aufgeregt		
36510	,		
36511	als		
36512	daß		
36513	das		
36514	Spiel		
36515	eines		
36516	Einzelnen	4050	(mention_id=4102|references=(entity=(entity_id=entity_0229|fullname=Mr. Blackely|gender=m)))
36517	durchschlagen		
36518	konnte		
36519	oder		
36520	dieser		
36521	Einzelne	4051	(mention_id=4103|references=(entity=(entity_id=entity_0229|fullname=Mr. Blackely|gender=m)))
36522	mußte		
36523	seiner	4052	(mention_id=4104|references=(entity=(entity_id=entity_0229|fullname=Mr. Blackely|gender=m)))
36524	Sache		
36525	sehr		
36526	gewiß		
36527	sein		
36528	.		
36529	Der		
36530	Künstler	4053	(mention_id=4105|references=(entity=(entity_id=entity_0229|fullname=Mr. Blackely|gender=m)))
36531	führte		
36532	nun		
36533	folgende		
36534	Scene		
36535	auf		
36536	.		
36537	Mit		
36538	der		
36539	klaffenden		
36540	Todeswunde		
36541	in		
36542	der		
36543	Brust		
36544	,		
36545	aus		
36546	welcher		
36547	er	4054	(mention_id=4106|references=(entity=(entity_id=entity_0229|fullname=Mr. Blackely|gender=m)))
36548	einen		
36549	wirklichen		
36550	Strom		
36551	von		
36552	rother		
36553	Flüssigkeit		
36554	hervorrinnen		
36555	ließ		
36556	,		
36557	dachte		
36558	er	4055	(mention_id=4107|references=(entity=(entity_id=entity_0189|fullname=Andrew Jackson Dewis|gender=m)))
36559	vorerst		
36560	an's		
36561	Sterben		
36562	noch		
36563	nicht		
36564	.		
36565	In		
36566	bestialischer		
36567	Kampfeswuth		
36568	rast		
36569	er	4056	(mention_id=4108|references=(entity=(entity_id=entity_0189|fullname=Andrew Jackson Dewis|gender=m)))
36570	wie		
36571	unsinnig		
36572	auf		
36573	der		
36574	Bühne		
36575	umher		
36576	,		
36577	ganz		
36578	Rache		
36579	gegen		
36580	seine	4057	(mention_id=4109|references=(entity=(entity_id=entity_0189|fullname=Andrew Jackson Dewis|gender=m)))
36581	Mörder	4058	(mention_id=4110|references=(entity=(entity_id=entity_0280|fullname=Andrews Mörder|gender=m|specialcase_entity=group)))
36582	,		
36583	schwingt		
36584	seinen	4059	(mention_id=4111|references=(entity=(entity_id=entity_0189|fullname=Andrew Jackson Dewis|gender=m)))
36585	Schlagriemen		
36586	,		
36587	peitscht		
36588	,		
36589	geißelt		
36590	,		
36591	klatscht		
36592	in		
36593	die		
36594	Luft		
36595	,		
36596	gegen		
36597	die		
36598	Coulissen		
36599	,		
36600	an		
36601	den		
36602	Boden		
36603	.		
36604	Fürchterliche		
36605	Gießbäche		
36606	von		
36607	Flüchen		
36608	schallen		
36609	aus		
36610	seinem	4060	(mention_id=4112|references=(entity=(entity_id=entity_0229|fullname=Mr. Blackely|gender=m)))
36611	Munde		
36612	und		
36613	bezeichnen		
36614	eine		
36615	noch		
36616	kraftvolle		
36617	Lunge		
36618	,		
36619	während		
36620	das		
36621	rinnende		
36622	Blut		
36623	überall		
36624	seinen	4061	(mention_id=4113|references=(entity=(entity_id=entity_0189|fullname=Andrew Jackson Dewis|gender=m)))
36625	Schritten		
36626	nachtröpfelt		
36627	.		
36628	Aber		
36629	indem		
36630	seine	4062	(mention_id=4114|references=(entity=(entity_id=entity_0189|fullname=Andrew Jackson Dewis|gender=m)))
36631	Lebensgeister		
36632	noch		
36633	unbändig		
36634	strotzen		
36635	,		
36636	fängt		
36637	sein	4063	(mention_id=4115|references=(entity=(entity_id=entity_0189|fullname=Andrew Jackson Dewis|gender=m)))
36638	Körper		
36639	zu		
36640	brechen		
36641	an		
36642	.		
36643	Glied		
36644	für		
36645	Glied		
36646	knickt		
36647	ein		
36648	,		
36649	man		
36650	sieht		
36651	den		
36652	Tod		
36653	durch		
36654	seinen	4064	(mention_id=4116|references=(entity=(entity_id=entity_0189|fullname=Andrew Jackson Dewis|gender=m)))
36655	Körper		
36656	laufen		
36657	,		
36658	wie		
36659	über		
36660	eine		
36661	stufenreiche		
36662	Treppe		
36663	,		
36664	die		
36665	Ober-		
36666	und		
36667	Unter-Gelenke		
36668	der		
36669	Arme		
36670	,		
36671	die		
36672	Ober-		
36673	und		
36674	Unter-Gelenke		
36675	der		
36676	Beine		
36677	,		
36678	jeder		
36679	einzelne		
36680	Wirbel		
36681	des		
36682	Rückgrates		
36683	bricht		
36684	zusammen		
36685	und		
36686	muß		
36687	dazu		
36688	dienen		
36689	,		
36690	die		
36691	Fortschritte		
36692	des		
36693	Todes		
36694	zu		
36695	veranschaulichen		
36696	.		
36697	Der		
36698	Künstler	4065	(mention_id=4117|references=(entity=(entity_id=entity_0229|fullname=Mr. Blackely|gender=m)))
36699	weiß		
36700	seine	4066	(mention_id=4118|references=(entity=(entity_id=entity_0229|fullname=Mr. Blackely|gender=m)))
36701	osteologischen		
36702	Mittel		
36703	mit		
36704	einem		
36705	Reichthume		
36706	zu		
36707	entfalten		
36708	,		
36709	der		
36710	ein		
36711	nur		
36712	allzu		
36713	genaues		
36714	Studium		
36715	bestaunen		
36716	läßt		
36717	.		
36718	Der		
36719	Zuschauer	4067	(mention_id=4119|references=(entity=(entity_id=generic_2810|fullname=Publikum im Theater|gender=u|specialcase_entity=generic)))
36720	verwundert		
36721	sich	4068	(mention_id=4120|references=(entity=(entity_id=generic_2811|fullname=Publikum im Theater|gender=u|specialcase_entity=generic)))
36722	über		
36723	die		
36724	Gliederung		
36725	seines	4069	(mention_id=4121|references=(entity=(entity_id=generic_2812|fullname=Publikum im Theater|gender=u|specialcase_entity=generic)))
36726	eigenen		
36727	Körpers		
36728	.		
36729	Diesen		
36730	zerhackten		
36731	,		
36732	zerknickten		
36733	,		
36734	zersprungenen		
36735	Leib		
36736	jagt		
36737	der		
36738	Sterbende	4070	(mention_id=4122|references=(entity=(entity_id=entity_0189|fullname=Andrew Jackson Dewis|gender=m)))
36739	nichts		
36740	desto		
36741	weniger		
36742	heulend		
36743	und		
36744	brüllend		
36745	noch		
36746	eine		
36747	Zeit		
36748	lang		
36749	umher		
36750	,		
36751	und		
36752	stößt		
36753	,		
36754	schleppt		
36755	und		
36756	schleift		
36757	ihn	4071	
36758	gewaltsam		
36759	in		
36760	wilden		
36761	Tigersprüngen		
36762	herum		
36763	,		
36764	während		
36765	seine	4072	(mention_id=4123|references=(entity=(entity_id=entity_0189|fullname=Andrew Jackson Dewis|gender=m)))
36766	Bewegungen		
36767	immer		
36768	eckiger		
36769	und		
36770	brüchiger		
36771	,		
36772	von		
36773	Tempo		
36774	zu		
36775	Tempo		
36776	immer		
36777	zusammenhangloser		
36778	werden		
36779	.		
36780	Er	4073	(mention_id=4124|references=(entity=(entity_id=entity_0229|fullname=Mr. Blackely|gender=m)))
36781	spielt		
36782	sein	4074	(mention_id=4125|references=(entity=(entity_id=entity_0189|fullname=Andrew Jackson Dewis|gender=m)))
36783	Leben		
36784	ab		
36785	,		
36786	wie		
36787	ein		
36788	ohrzerreißendes		
36789	Drehorgelstück		
36790	,		
36791	bei		
36792	welchem		
36793	Stift		
36794	für		
36795	Stift		
36796	,		
36797	von		
36798	der		
36799	Walze		
36800	bricht		
36801	.		
36802	Und		
36803	doch		
36804	scheint		
36805	er	4075	(mention_id=4126|references=(entity=(entity_id=entity_0189|fullname=Andrew Jackson Dewis|gender=m)))
36806	bis		
36807	hierher		
36808	seinen	4076	(mention_id=4127|references=(entity=(entity_id=entity_0189|fullname=Andrew Jackson Dewis|gender=m)))
36809	Tod		
36810	nicht		
36811	empfunden		
36812	zu		
36813	haben		
36814	.		
36815	Dieser		
36816	Moment		
36817	tritt		
36818	jetzt		
36819	ein		
36820	.		
36821	Mitten		
36822	im		
36823	wildesten		
36824	Sprunge		
36825	packt		
36826	er	4077	
36827	ihn		(mention_id=4128|references=(entity=(entity_id=entity_0189|fullname=Andrew Jackson Dewis|gender=m)))
36828	.		
36829	Der		
36830	Donner		
36831	der		
36832	Lippe		
36833	erstirbt		
36834	,		
36835	der		
36836	gehobene		
36837	Fuß		
36838	gefriert		
36839	,		
36840	der		
36841	geschwungene		
36842	Schlagriemen		
36843	erstarrt		
36844	in		
36845	der		
36846	Luft		
36847	,		
36848	so		
36849	steht		
36850	er	4078	(mention_id=4129|references=(entity=(entity_id=entity_0189|fullname=Andrew Jackson Dewis|gender=m)))
36851	da		
36852	mit		
36853	ausholendem		
36854	Körper		
36855	,		
36856	und		
36857	kann		
36858	nicht		
36859	mehr		
36860	weiter		
36861	.		
36862	Der		
36863	Schlagriemen		
36864	in		
36865	der		
36866	rechten		
36867	Hand		
36868	taumelt		
36869	schlaff		
36870	am		
36871	Stiele		
36872	herab		
36873	,		
36874	und		
36875	leise		
36876	zittert		
36877	seine		
36878	Spitze		
36879	.		
36880	Die		
36881	linke		
36882	Hand		
36883	läßt		
36884	von		
36885	der		
36886	Brustwunde		
36887	los		
36888	und		
36889	fährt		
36890	mit		
36891	den		
36892	blutigen		
36893	Fingern		
36894	über		
36895	die		
36896	Augen		
36897	,		
36898	gleichsam		
36899	den		
36900	Todesnebel		
36901	hinweg		
36902	zu		
36903	wischen		
36904	.		
36905	Diese		
36906	Gebärde		
36907	ist		
36908	namenlos		
36909	traurig		
36910	.		
36911	Aber		
36912	der		
36913	Nebel		
36914	war		
36915	nicht		
36916	zu		
36917	verwischen		
36918	,		
36919	und		
36920	der		
36921	Sterbende	4079	(mention_id=4130|references=(entity=(entity_id=entity_0189|fullname=Andrew Jackson Dewis|gender=m)))
36922	erkennt		
36923	seinen	4080	(mention_id=4131|references=(entity=(entity_id=entity_0189|fullname=Andrew Jackson Dewis|gender=m)))
36924	ganzen		
36925	Zustand		
36926	.		
36927	Der		
36928	Gedanke		
36929	:		
36930	aufhören		
36931	,		
36932	ergreift		
36933	ihn	4081	(mention_id=4132|references=(entity=(entity_id=entity_0189|fullname=Andrew Jackson Dewis|gender=m)))
36934	zum		
36935	erstenmal		
36936	mit		
36937	vollem		
36938	Bewußtsein		
36939	.		
36940	Verzweiflungsvoll		
36941	rollen		
36942	seine	4082	(mention_id=4133|references=(entity=(entity_id=entity_0189|fullname=Andrew Jackson Dewis|gender=m)))
36943	Augen		
36944	,		
36945	klappernd		
36946	schlagen		
36947	seine	4083	(mention_id=4134|references=(entity=(entity_id=entity_0189|fullname=Andrew Jackson Dewis|gender=m)))
36948	Kinnbacken		
36949	an		
36950	einander		
36951	,		
36952	die		
36953	geballte		
36954	Faust		
36955	zittert		
36956	heftiger		
36957	,		
36958	sie		
36959	löst		
36960	sich		
36961	auf		
36962	,		
36963	der		
36964	Schlagriemen		
36965	schlottert		
36966	einen		
36967	Augenblick		
36968	darin		
36969	,		
36970	dann		
36971	fällt		
36972	er		(mention_id=4135|references=(entity=(entity_id=entity_0189|fullname=Andrew Jackson Dewis|gender=m)))
36973	dröhnend		
36974	auf		
36975	die		
36976	Erde		
36977	herab		
36978	.		
36979	Die		
36980	Hand		
36981	sinkt		
36982	nach		
36983	.		
36984	Alle		
36985	Glieder		
36986	sinken		
36987	nach		
36988	.		
36989	Er	4084	(mention_id=4136|references=(entity=(entity_id=entity_0189|fullname=Andrew Jackson Dewis|gender=m)))
36990	stürzt		
36991	;		
36992	die		
36993	Hände		
36994	tappen		
36995	in		
36996	Todesfinsterniß		
36997	nach		
36998	einem		
36999	Halt		
37000	,		
37001	sie		
37002	tappen		
37003	und		
37004	greifen		
37005	in's		
37006	Leere		
37007	,		
37008	der		
37009	Körper		
37010	stolpert		
37011	taumelnd		
37012	über		
37013	sich		
37014	selbst		
37015	,		
37016	—		
37017	da		
37018	liegt		
37019	er	4085	(mention_id=4137|references=(entity=(entity_id=entity_0189|fullname=Andrew Jackson Dewis|gender=m)))
37020	!		
37021	Er	4086	(mention_id=4138|references=(entity=(entity_id=entity_0189|fullname=Andrew Jackson Dewis|gender=m)))
37022	liegt		
37023	zu		
37024	Boden		
37025	.		
37026	Aber		
37027	todt		
37028	ist		
37029	er	4087	(mention_id=4139|references=(entity=(entity_id=entity_0189|fullname=Andrew Jackson Dewis|gender=m)))
37030	noch		
37031	lange		
37032	nicht		
37033	.		
37034	Nur		
37035	die		
37036	willkürlichen		
37037	Bewegungen		
37038	haben		
37039	aufgehört		
37040	,		
37041	die		
37042	convulsivischen		
37043	treten		
37044	jetzt		
37045	ein		
37046	.		
37047	Er	4088	(mention_id=4140|references=(entity=(entity_id=entity_0189|fullname=Andrew Jackson Dewis|gender=m)))
37048	fängt		
37049	zu		
37050	zucken		
37051	an		
37052	,		
37053	er	4089	(mention_id=4141|references=(entity=(entity_id=entity_0189|fullname=Andrew Jackson Dewis|gender=m)))
37054	wälzt		
37055	sich	4090	(mention_id=4142|references=(entity=(entity_id=entity_0189|fullname=Andrew Jackson Dewis|gender=m)))
37056	unruhig		
37057	hin		
37058	und		
37059	her		
37060	,		
37061	die		
37062	Augen		
37063	rollen		
37064	nicht		
37065	mehr		
37066	,		
37067	sondern		
37068	sind		
37069	blöd		
37070	und		
37071	groß		
37072	herausgetrieben		
37073	,		
37074	seine	4091	(mention_id=4143|references=(entity=(entity_id=entity_0189|fullname=Andrew Jackson Dewis|gender=m)))
37075	Miene		
37076	durchläuft		
37077	eine		
37078	Reihe		
37079	der		
37080	fürchterlichsten		
37081	Grimassen		
37082	und		
37083	wird		
37084	immer		
37085	unkenntlicher		
37086	.		
37087	Auch		
37088	die		
37089	Stimme		
37090	verändert		
37091	sich		
37092	.		
37093	Er	4092	(mention_id=4144|references=(entity=(entity_id=entity_0189|fullname=Andrew Jackson Dewis|gender=m)))
37094	spricht		
37095	noch		
37096	fort		
37097	und		
37098	fort		
37099	,		
37100	seine	4093	(mention_id=4145|references=(entity=(entity_id=entity_0189|fullname=Andrew Jackson Dewis|gender=m)))
37101	heißen		
37102	Lebensgeister		
37103	kühlen		
37104	sich		
37105	zu		
37106	schwer		
37107	ab		
37108	,		
37109	er	4094	(mention_id=4146|references=(entity=(entity_id=entity_0189|fullname=Andrew Jackson Dewis|gender=m)))
37110	wird		
37111	sprechen		
37112	bis		
37113	zum		
37114	letzten		
37115	Athemzug		
37116	.		
37117	Aber		
37118	es		
37119	ist		
37120	keine		
37121	Sprache		
37122	mehr		
37123	;		
37124	die		
37125	Stimme		
37126	hat		
37127	keinen		
37128	Ton		
37129	,		
37130	keine		
37131	Klangfarbe		
37132	mehr		
37133	.		
37134	Hohl		
37135	wimmert		
37136	er	4095	(mention_id=4147|references=(entity=(entity_id=entity_0189|fullname=Andrew Jackson Dewis|gender=m)))
37137	die		
37138	Töne		
37139	in		
37140	sich	4096	(mention_id=4148|references=(entity=(entity_id=entity_0189|fullname=Andrew Jackson Dewis|gender=m)))
37141	hinein		
37142	,		
37143	er	4097	(mention_id=4149|references=(entity=(entity_id=entity_0189|fullname=Andrew Jackson Dewis|gender=m)))
37144	blöckt		
37145	,		
37146	er	4098	(mention_id=4150|references=(entity=(entity_id=entity_0189|fullname=Andrew Jackson Dewis|gender=m)))
37147	heult		
37148	,		
37149	er	4099	(mention_id=4151|references=(entity=(entity_id=entity_0189|fullname=Andrew Jackson Dewis|gender=m)))
37150	röchelt		
37151	und		
37152	stöhnt		
37153	in		
37154	Lauten		
37155	,		
37156	welche		
37157	nicht		
37158	mehr		
37159	dieser		
37160	Welt		
37161	gehören		
37162	.		
37163	Der		
37164	fürchterliche		
37165	Klang		
37166	dieser		
37167	Stimme		
37168	trifft		
37169	von		
37170	Zeit		
37171	zu		
37172	Zeit		
37173	sein	4100	(mention_id=4152|references=(entity=(entity_id=entity_0189|fullname=Andrew Jackson Dewis|gender=m)))
37174	eigenes		
37175	Ohr		
37176	,		
37177	er	4101	(mention_id=4153|references=(entity=(entity_id=entity_0189|fullname=Andrew Jackson Dewis|gender=m)))
37178	erschrickt		
37179	,		
37180	gibt		
37181	sich		(mention_id=4154|references=(entity=(entity_id=entity_0189|fullname=Andrew Jackson Dewis|gender=m)))
37182	Mühe		
37183	sich	4102	(mention_id=4155|references=(entity=(entity_id=entity_0189|fullname=Andrew Jackson Dewis|gender=m)))
37184	zu		
37185	verbessern		
37186	—		
37187	wechselt		
37188	zwischen		
37189	menschlichen		
37190	und		
37191	thierischen		
37192	Lauten		
37193	und		
37194	bezeichnet		
37195	dadurch		
37196	den		
37197	Kampf		
37198	des		
37199	Bewußtseins		
37200	mit		
37201	der		
37202	überhandnehmenden		
37203	Bewußtlosigkeit		
37204	.		
37205	Der		
37206	letzte		
37207	Ton		
37208	,		
37209	den		
37210	er	4103	(mention_id=4156|references=(entity=(entity_id=entity_0189|fullname=Andrew Jackson Dewis|gender=m)))
37211	in		
37212	der		
37213	menschlichen		
37214	Stimmlage		
37215	versucht		
37216	,		
37217	mißlingt		
37218	endlich		
37219	gänzlich		
37220	;		
37221	ein		
37222	raspelnder		
37223	Athem		(mention_id=4157|references=(entity=(entity_id=entity_0189|fullname=Andrew Jackson Dewis|gender=m)))
37224	wälzt		
37225	sich		
37226	durch		
37227	seine	4104	(mention_id=4158|references=(entity=(entity_id=entity_0189|fullname=Andrew Jackson Dewis|gender=m)))
37228	Brust		
37229	,		
37230	seine	4105	(mention_id=4159|references=(entity=(entity_id=entity_0189|fullname=Andrew Jackson Dewis|gender=m)))
37231	Stimme		
37232	kommt		
37233	hervor		
37234	wie		
37235	zwischen		
37236	Feilen		
37237	und		
37238	Kratzbürsten		
37239	.		
37240	Es		
37241	ist		
37242	eine		
37243	entsetzliche		
37244	Erfindung		
37245	um		
37246	diese		
37247	Sterbestimme		
37248	.		
37249	Gleichzeitig		
37250	mit		
37251	seinem	4106	(mention_id=4160|references=(entity=(entity_id=entity_0189|fullname=Andrew Jackson Dewis|gender=m)))
37252	Ausathmen		
37253	verdunkelt		
37254	sich		
37255	die		
37256	Bühne		
37257	.		
37258	Sei		
37259	es		
37260	,		
37261	daß		
37262	es		
37263	in		
37264	dem		
37265	Stücke		
37266	selbst		
37267	Abend		
37268	wird		
37269	,		
37270	oder		
37271	daß		
37272	das		
37273	Auslöschen		
37274	eines		
37275	Lebenslichtes		
37276	mit		
37277	diesem		
37278	symbolischen		
37279	Effect		
37280	gehoben		
37281	werden		
37282	soll		
37283	.		
37284	Doch		
37285	nein		
37286	,		
37287	es		
37288	wird		
37289	ein		
37290	dritter		
37291	Zweck		
37292	davon		
37293	deutlich		
37294	.		
37295	Der		
37296	Sterbende	4107	(mention_id=4161|references=(entity=(entity_id=entity_0189|fullname=Andrew Jackson Dewis|gender=m)))
37297	wälzt		
37298	sich	4108	(mention_id=4162|references=(entity=(entity_id=entity_0189|fullname=Andrew Jackson Dewis|gender=m)))
37299	nach		
37300	dem		
37301	Hintergrund		
37302	.		
37303	Er	4109	(mention_id=4163|references=(entity=(entity_id=entity_0189|fullname=Andrew Jackson Dewis|gender=m)))
37304	streckt		
37305	seinen	4110	(mention_id=4164|references=(entity=(entity_id=entity_0189|fullname=Andrew Jackson Dewis|gender=m)))
37306	Körper		
37307	dicht		
37308	an		
37309	den		
37310	Vorhang		
37311	desselben		
37312	aus		
37313	und		
37314	scheint		
37315	sich	4111	(mention_id=4165|references=(entity=(entity_id=entity_0189|fullname=Andrew Jackson Dewis|gender=m)))
37316	in		
37317	eine		
37318	ruhige		
37319	Lage		
37320	zurecht		
37321	zu		
37322	rücken		
37323	.		
37324	Sein	4112	(mention_id=4166|references=(entity=(entity_id=entity_0189|fullname=Andrew Jackson Dewis|gender=m)))
37325	Röcheln		
37326	wird		
37327	nicht		
37328	mehr		
37329	gehört		
37330	,		
37331	sein	4113	(mention_id=4167|references=(entity=(entity_id=entity_0189|fullname=Andrew Jackson Dewis|gender=m)))
37332	Zucken		
37333	nicht		
37334	mehr		
37335	gesehen		
37336	;		
37337	die		
37338	Agonie		
37339	ist		
37340	aus		
37341	,		
37342	der		
37343	Augenblick		
37344	tritt		
37345	ein		
37346	,		
37347	da		
37348	sich		
37349	die		
37350	Seele		
37351	von		
37352	dem		
37353	Leibe		
37354	scheidet		
37355	.		
37356	Aus		
37357	einmal		
37358	erblickt		
37359	man		
37360	diese		
37361	Seele		
37362	!		
37363	Ja		
37364	,		
37365	man		
37366	erblickt		
37367	sie		
37368	!		
37369	Vom		
37370	Haupte		
37371	des		
37372	Sterbenden	4114	(mention_id=4168|references=(entity=(entity_id=entity_0189|fullname=Andrew Jackson Dewis|gender=m)))
37373	hervor		
37374	taucht		
37375	ein		
37376	weißer		
37377	durch		
37378	Transparent		
37379	erleuchteter		
37380	Schatten		
37381	,		
37382	der		
37383	die		
37384	ungefähren		
37385	Umrisse		
37386	einer		
37387	menschlichen		
37388	Figur		
37389	entwickelt		
37390	,		
37391	aber		
37392	zerfedert		
37393	und		
37394	lose		
37395	,		
37396	wie		
37397	eine		
37398	Dampfwolke		
37399	,		
37400	wie		
37401	ein		
37402	Nebelflor		
37403	.		
37404	Langsam		
37405	löst		
37406	sich		
37407	dieses		
37408	Lichtbild		
37409	von		
37410	dem		
37411	dunkeln		
37412	Erdenkörper		
37413	ab		
37414	und		
37415	schwebt		
37416	an		
37417	dem		
37418	Vorhang		
37419	empor		
37420	.		
37421	Da		
37422	regt		
37423	sich		
37424	der		
37425	Körper		
37426	noch		
37427	einmal		
37428	.		
37429	Die		
37430	Hände		
37431	tappen		
37432	und		
37433	greifen		
37434	nach		
37435	dem		
37436	Lichtbilde		
37437	aus		
37438	,		
37439	wie		
37440	mit		
37441	magnetischem		
37442	Zuge		
37443	folgt		
37444	der		
37445	übrige		
37446	Körper		
37447	nach		
37448	,		
37449	der		
37450	ganze		
37451	Leib		
37452	richtet		
37453	sich		
37454	auf		
37455	und		
37456	folgt		
37457	seiner		
37458	Seele		
37459	!		
37460	Er	4115	
37461	klettert		
37462	an		
37463	den		
37464	Vorhang		
37465	hinan		
37466	,		
37467	die		
37468	Hände		
37469	immer		
37470	nach		
37471	der		
37472	entschwebenden		
37473	Seele		
37474	ausfahrend		
37475	,		
37476	im		
37477	tiefsten		
37478	Gurgelschlunde		
37479	ein		
37480	dumpfes		
37481	wimmerndes		
37482	Brüllen		
37483	.		
37484	Aber		
37485	das		
37486	Lichtbild		
37487	ist		
37488	nicht		
37489	zu		
37490	halten		
37491	.		
37492	Vergebens		
37493	streckt		
37494	sich		
37495	der		
37496	Körper		
37497	,		
37498	der		
37499	angehende		
37500	Leichnam		(mention_id=4169|references=(entity=(entity_id=entity_0189|fullname=Andrew Jackson Dewis|gender=m)))
37501	,		
37502	in		
37503	gräßlich		
37504	übernatürlicher		
37505	Länge		
37506	,		
37507	sein		(mention_id=4170|references=(entity=(entity_id=entity_0189|fullname=Andrew Jackson Dewis|gender=m)))
37508	neblicher		
37509	Licht-Extract		
37510	steigt		
37511	über		
37512	ihn		(mention_id=4171|references=(entity=(entity_id=entity_0189|fullname=Andrew Jackson Dewis|gender=m)))
37513	hinaus		
37514	wie		
37515	eine		
37516	Rauchsäule		
37517	,		
37518	höher		
37519	,		
37520	immer		
37521	höher		
37522	steigt		
37523	die		
37524	Gestalt		
37525	,		
37526	endlich		
37527	steht		
37528	sie		
37529	mit		
37530	ihrer		
37531	untersten		
37532	Fußspitze		
37533	auf		
37534	dem		
37535	Haupte		
37536	des		
37537	Sterbenden	4116	(mention_id=4172|references=(entity=(entity_id=entity_0189|fullname=Andrew Jackson Dewis|gender=m)))
37538	,		
37539	es		
37540	ist		
37541	der		
37542	Moment		
37543	der		
37544	gänzlich		
37545	vollzogenen		
37546	Loslösung		
37547	.		
37548	Noch		
37549	macht		
37550	der		
37551	Leib		
37552	einen		
37553	galvanisch-zuckenden		
37554	Sprung		
37555	nach		
37556	dieser		
37557	äußersten		
37558	Fußspitze		
37559	,		
37560	er		
37561	erreicht		
37562	sie		
37563	nicht		
37564	mehr		
37565	,		
37566	—		
37567	ein		
37568	gellender		
37569	Schrei		
37570	—		
37571	letztes		
37572	Aufflackern		
37573	—		
37574	ein		
37575	schwerer		
37576	dröhnender		
37577	Fall		
37578	—		
37579	der		
37580	Körper		
37581	stürzt		
37582	um		
37583	,		
37584	—		
37585	er		
37586	ist		
37587	todt		
37588	.		
37589	—		
37590	Moorfeld	4117	(mention_id=4173|references=(entity=(entity_id=entity_0001|fullname=Dr. Moorfeld|gender=m)))
37591	fand		
37592	sich	4118	(mention_id=4174|references=(entity=(entity_id=entity_0001|fullname=Dr. Moorfeld|gender=m)))
37593	in		
37594	einer		
37595	der		
37596	unangenehmsten		
37597	Empfindungen		
37598	nach		
37599	dieser		
37600	Scene		
37601	.		
37602	Es		
37603	war		
37604	keine		
37605	Geschmacks-Faser		
37606	in		
37607	seinem	4119	(mention_id=4175|references=(entity=(entity_id=entity_0001|fullname=Dr. Moorfeld|gender=m)))
37608	ganzen		
37609	Leibe		
37610	,		
37611	die		
37612	nicht		
37613	unerhört		
37614	beleidigt		
37615	,		
37616	zu		
37617	Gelächter		
37618	und		
37619	Abscheu		
37620	entschieden		
37621	bereit		
37622	war		
37623	.		
37624	Und		
37625	doch		
37626	mußte		
37627	er	4120	(mention_id=4176|references=(entity=(entity_id=entity_0001|fullname=Dr. Moorfeld|gender=m)))
37628	sich	4121	(mention_id=4177|references=(entity=(entity_id=entity_0001|fullname=Dr. Moorfeld|gender=m)))
37629	gestehen		
37630	,		
37631	daß		
37632	in		
37633	dieser		
37634	brutalen		
37635	Farce		
37636	ein		
37637	falscher		
37638	und		
37639	mißbrauchter		
37640	Funke		
37641	von		
37642	Genie		
37643	ihm	4122	(mention_id=4178|references=(entity=(entity_id=entity_0001|fullname=Dr. Moorfeld|gender=m)))
37644	das		
37645	reine		
37646	Aergerniß		
37647	daran		
37648	verkümmerte		
37649	,		
37650	daß		
37651	die		
37652	Affenfratze	4123	(mention_id=4179|references=(entity=(entity_id=entity_0189|fullname=Andrew Jackson Dewis|gender=m)|specialcase_reference=figurative))
37653	gewisse		
37654	Züge		
37655	von		
37656	der		
37657	Menschheit		
37658	entlehnt		
37659	hatte		
37660	,		
37661	die		
37662	man		
37663	sich	4124	
37664	erst		
37665	aus		
37666	dem		
37667	Sinn		
37668	schlagen		
37669	mußte		
37670	,		
37671	um		
37672	die		
37673	Affen-Identität		(mention_id=4180|references=(entity=(entity_id=entity_0189|fullname=Andrew Jackson Dewis|gender=m)|specialcase_reference=figurative))
37674	nicht		
37675	zu		
37676	verkennen		
37677	.		
37678	Inzwischen		
37679	übertäubte		
37680	der		
37681	Lärm		
37682	des		
37683	Hauses		
37684	jede		
37685	stillere		
37686	Reflexion		
37687	in		
37688	ihm		(mention_id=4181|references=(entity=(entity_id=entity_0001|fullname=Dr. Moorfeld|gender=m)))
37689	.		
37690	Namentlich		
37691	zog		
37692	das		
37693	Parterre		(mention_id=4182|references=(entity=(entity_id=entity_0260|fullname=ParterrePublikum|gender=m|members=entity_0005,entity_0268,entity_0271,entity_0277,entity_0294|all_members_given=False|specialcase_entity=group)))
37694	seine	4125	(mention_id=4183|references=(entity=(entity_id=entity_0001|fullname=Dr. Moorfeld|gender=m)))
37695	Aufmerksamkeit		
37696	auf		
37697	sich		
37698	.		
37699	Die		
37700	Jungen	4126	(mention_id=4184|references=(entity=(entity_id=entity_0260|fullname=ParterrePublikum|gender=m|members=entity_0005,entity_0268,entity_0271,entity_0277,entity_0294|all_members_given=False|specialcase_entity=group)))
37701	klatschten		
37702	,		
37703	als		
37704	ob		
37705	man		
37706	sich	4127	(mention_id=4185|references=(entity=(entity_id=entity_0260|fullname=ParterrePublikum|gender=m|members=entity_0005,entity_0268,entity_0271,entity_0277,entity_0294|all_members_given=False|specialcase_entity=group)))
37707	neue		
37708	Finger		
37709	,		
37710	wie		
37711	neue		
37712	Handschuhe		
37713	anschaffen		
37714	könnte		
37715	,		
37716	sie	4128	(mention_id=4186|references=(entity=(entity_id=entity_0260|fullname=ParterrePublikum|gender=m|members=entity_0005,entity_0268,entity_0271,entity_0277,entity_0294|all_members_given=False|specialcase_entity=group)))
37717	strampelten		
37718	gegen		
37719	den		
37720	Boden		
37721	,		
37722	daß		
37723	das		
37724	Fundament		
37725	des		
37726	Hauses		
37727	zitterte		
37728	.		
37729	Hoby	4129	(mention_id=4187|references=(entity=(entity_id=entity_0005|fullname=Hoby|gender=m)))
37730	,		
37731	der		
37732	Newsboy	4130	(mention_id=4188|references=(entity=(entity_id=entity_0005|fullname=Hoby|gender=m)))
37733	,		
37734	warf		
37735	endlich		
37736	vor		
37737	Begeisterung		
37738	seiner	4131	(mention_id=4189|references=(entity=(entity_id=entity_0005|fullname=Hoby|gender=m)))
37739	nicht		
37740	mächtig		
37741	,		
37742	ein		
37743	Münzstück		
37744	auf		
37745	die		
37746	Bühne		
37747	,		
37748	und		
37749	schrie		
37750	,		
37751	mit		
37752	dem		
37753	Modell		(mention_id=4190|references=(entity=(entity_id=entity_0005|fullname=Hoby|gender=m)))
37754	aller		
37755	Menschenlungen		
37756	:		
37757	„		
37758	Noch		
37759	einmal		
37760	gestorben		
37761	!		
37762	für		
37763	einen		
37764	Dime		
37765	,		
37766	Mr.	4132	(mention_id=4191|references=(entity=(entity_id=entity_0229|fullname=Mr. Blackely|gender=m)))
37767	Blackely	4132	(mention_id=4191|references=(entity=(entity_id=entity_0229|fullname=Mr. Blackely|gender=m)))
37768	,		
37769	noch		
37770	mal		
37771	gestorben		
37772	“		
37773	,		
37774	—		
37775	und		
37776	als		
37777	der		
37778	bescheidene		
37779	Künstler	4133	(mention_id=4192|references=(entity=(entity_id=entity_0229|fullname=Mr. Blackely|gender=m)))
37780	diesem		
37781	Appell		
37782	an		
37783	sein	4134	(mention_id=4193|references=(entity=(entity_id=entity_0229|fullname=Mr. Blackely|gender=m)))
37784	Genie		
37785	nicht		
37786	allsogleich		
37787	Folge		
37788	leistete		
37789	,		
37790	stürzte		
37791	der		
37792	seltsame		
37793	Kunstmäcen	4135	(mention_id=4194|references=(entity=(entity_id=entity_0005|fullname=Hoby|gender=m)))
37794	wie		
37795	rasend		
37796	seine	4136	(mention_id=4195|references=(entity=(entity_id=entity_0005|fullname=Hoby|gender=m)))
37797	Taschen		
37798	um		
37799	,		
37800	warf		
37801	ein		
37802	Münzstück		
37803	um's		
37804	andere		
37805	über		
37806	die		
37807	Lampen		
37808	,		
37809	und		
37810	schrie		
37811	dazu		
37812	:		
37813	„		
37814	Gott		
37815	verdamm'		
37816	Euch	4137	(mention_id=4196|references=(entity=(entity_id=entity_0229|fullname=Mr. Blackely|gender=m)))
37817	,		
37818	Mr.	4138	(mention_id=4197|references=(entity=(entity_id=entity_0229|fullname=Mr. Blackely|gender=m)))
37819	Blackely	4138	(mention_id=4197|references=(entity=(entity_id=entity_0229|fullname=Mr. Blackely|gender=m)))
37820	,		
37821	wir	4139	(mention_id=4198|references=(entity=(entity_id=entity_0260|fullname=ParterrePublikum|gender=m|members=entity_0005,entity_0268,entity_0271,entity_0277,entity_0294|all_members_given=False|specialcase_entity=group)))
37822	schmeißen		
37823	Euch	4140	(mention_id=4199|references=(entity=(entity_id=entity_0229|fullname=Mr. Blackely|gender=m)))
37824	mit		
37825	Dollars		
37826	todt		
37827	,		
37828	wenn		
37829	Ihr	4141	(mention_id=4200|references=(entity=(entity_id=entity_0229|fullname=Mr. Blackely|gender=m)))
37830	nicht		
37831	gutwillig		
37832	sterbt		
37833	,		
37834	Ihr	4142	(mention_id=4201|references=(entity=(entity_id=entity_0229|fullname=Mr. Blackely|gender=m)))
37835	allmächtiger		
37836	Satan	4143	(mention_id=4202|references=(entity=(entity_id=entity_0229|fullname=Mr. Blackely|gender=m)))
37837	.		
37838	“		
37839	Und		
37840	zugleich		
37841	hagelte		
37842	es		
37843	aus		
37844	allen		
37845	Taschen		
37846	der		
37847	Straßenjungen	4144	(mention_id=4203|references=(entity=(entity_id=entity_0268|fullname=Straßenjungen|gender=m|specialcase_entity=group)))
37848	,		
37849	Lehrlinge	4145	(mention_id=4204|references=(entity=(entity_id=entity_0277|fullname=Lehrlinge|gender=m|specialcase_entity=group)))
37850	und		
37851	Newsboys	4146	(mention_id=4205|references=(entity=(entity_id=entity_0275|fullname=Newsboys|gender=m|specialcase_entity=group)))
37852	eine		
37853	Sprühwolke		
37854	von		
37855	zehn		
37856	Centstücken		
37857	auf		
37858	die		
37859	Bretter		
37860	,		
37861	welche		
37862	die		
37863	Welt		
37864	bedeuten		
37865	.		
37866	Ist's		
37867	möglich		
37868	!		
37869	rief		
37870	Moorfeld	4147	(mention_id=4206|references=(entity=(entity_id=entity_0001|fullname=Dr. Moorfeld|gender=m)))
37871	mit		
37872	einer		
37873	unwillkürlichen		
37874	Bewunderung		
37875	,		
37876	dieser		
37877	Roheste	4148	(mention_id=4207|references=(entity=(entity_id=entity_0005|fullname=Hoby|gender=m)))
37878	der		
37879	Rohen	4149	(mention_id=4208|references=(entity=(entity_id=entity_0292|fullname=Rohe|gender=m)))
37880	wirft		
37881	seine	4150	(mention_id=4209|references=(entity=(entity_id=entity_0005|fullname=Hoby|gender=m)))
37882	ganze		
37883	Tagesrente		
37884	hin		
37885	,		
37886	weil		
37887	er	4151	(mention_id=4210|references=(entity=(entity_id=entity_0005|fullname=Hoby|gender=m)))
37888	die		
37889	Bestie		
37890	,		
37891	der		
37892	er	4152	(mention_id=4211|references=(entity=(entity_id=entity_0005|fullname=Hoby|gender=m)))
37893	sie		
37894	opfert		
37895	,		
37896	für		
37897	Kunst		
37898	hält		
37899	.		
37900	Welche		
37901	Höhe		
37902	müßte		
37903	bei		
37904	so		
37905	viel		
37906	Empfänglichkeit		
37907	die		
37908	Kunst		
37909	selbst		
37910	hier		
37911	erreichen		
37912	,		
37913	wenn		
37914	sie		
37915	den		
37916	Gott		
37917	statt		
37918	des		
37919	Thieres		
37920	im		
37921	Menschen	4153	(mention_id=4212|references=(entity=(entity_id=generic_2851|fullname=Mensch allgemein 3|gender=u|specialcase_entity=generic)))
37922	entzündete		
37923	!		
37924	Pardon		
37925	,		
37926	mein	4154	(mention_id=4213|references=(entity=(entity_id=entity_0259|fullname=Lord Arthur Ormond|gender=m)))
37927	Herr	4155	(mention_id=4214|references=(entity=(entity_id=entity_0001|fullname=Dr. Moorfeld|gender=m)))
37928	!		
37929	rief		
37930	der		
37931	Engländer	4156	(mention_id=4215|references=(entity=(entity_id=entity_0259|fullname=Lord Arthur Ormond|gender=m)))
37932	bei		
37933	diesem		
37934	Ausbruch		
37935	ohne		
37936	eine		
37937	Miene		
37938	zu		
37939	verziehen		
37940	,		
37941	es		
37942	ist		
37943	hier		
37944	zunächst		
37945	von		
37946	einem		
37947	Geldgeschäft		
37948	die		
37949	Rede		
37950	.		
37951	Der		
37952	Bursche	4157	(mention_id=4216|references=(entity=(entity_id=entity_0005|fullname=Hoby|gender=m)))
37953	wirft		
37954	keinen		
37955	Cent		
37956	auf		
37957	die		
37958	Bretter		
37959	,		
37960	den		
37961	er	4158	(mention_id=4217|references=(entity=(entity_id=entity_0005|fullname=Hoby|gender=m)))
37962	nicht		
37963	doppelt		
37964	zurückerhält		
37965	,		
37966	weil		
37967	er	4159	(mention_id=4218|references=(entity=(entity_id=entity_0005|fullname=Hoby|gender=m)))
37968	ihn		
37969	einzig		
37970	in		
37971	der		
37972	Absicht		
37973	wirft		
37974	,		
37975	die		
37976	Centstücke		
37977	seiner	4160	(mention_id=4219|references=(entity=(entity_id=entity_0005|fullname=Hoby|gender=m)))
37978	dupirten		
37979	Kameraden	4161	(mention_id=4220|references=(entity=(entity_id=entity_0260|fullname=ParterrePublikum|gender=m|members=entity_0005,entity_0268,entity_0271,entity_0277,entity_0294|all_members_given=False|specialcase_entity=group)))
37980	damit		
37981	zu		
37982	ködern		
37983	.		
37984	Er	4162	(mention_id=4221|references=(entity=(entity_id=entity_0005|fullname=Hoby|gender=m)))
37985	ist		
37986	der		
37987	agent		(mention_id=4222|references=(entity=(entity_id=entity_0005|fullname=Hoby|gender=m)))
37988	provocateur		(mention_id=4222|references=(entity=(entity_id=entity_0005|fullname=Hoby|gender=m)))
37989	seines	4163	(mention_id=4223|references=(entity=(entity_id=entity_0005|fullname=Hoby|gender=m)))
37990	Mr.	4164	(mention_id=4224|references=(entity=(entity_id=entity_0229|fullname=Mr. Blackely|gender=m)))
37991	Blackely	4164	(mention_id=4224|references=(entity=(entity_id=entity_0229|fullname=Mr. Blackely|gender=m)))
37992	,		
37993	er	4165	(mention_id=4225|references=(entity=(entity_id=entity_0005|fullname=Hoby|gender=m)))
37994	wird		
37995	von		
37996	dem		
37997	Mimen		(mention_id=4226|references=(entity=(entity_id=entity_0229|fullname=Mr. Blackely|gender=m)))
37998	bezahlt		
37999	,		
38000	wie		
38001	der		
38002	maître	4166	(mention_id=4227|references=(entity=(entity_id=generic_2852|fullname=maître de la claque in Paris|gender=u|specialcase_entity=generic)))
38003	de		(mention_id=4227|references=(entity=(entity_id=generic_2852|fullname=maître de la claque in Paris|gender=u|specialcase_entity=generic)))
38004	la		(mention_id=4227|references=(entity=(entity_id=generic_2852|fullname=maître de la claque in Paris|gender=u|specialcase_entity=generic)))
38005	claque		(mention_id=4227|references=(entity=(entity_id=generic_2852|fullname=maître de la claque in Paris|gender=u|specialcase_entity=generic)))
38006	in		
38007	Paris		
38008	.		
38009	Nur		
38010	die		
38011	Form		
38012	dieser		
38013	Claque		
38014	ist		
38015	amerikanisch		
38016	.		
38017	Moorfeld	4167	(mention_id=4228|references=(entity=(entity_id=entity_0001|fullname=Dr. Moorfeld|gender=m)))
38018	senkte		
38019	sein	4168	(mention_id=4229|references=(entity=(entity_id=entity_0001|fullname=Dr. Moorfeld|gender=m)))
38020	Haupt		
38021	.		
38022	Können		
38023	Sie	4169	(mention_id=4230|references=(entity=(entity_id=entity_0259|fullname=Lord Arthur Ormond|gender=m)))
38024	mir	4170	(mention_id=4231|references=(entity=(entity_id=entity_0001|fullname=Dr. Moorfeld|gender=m)))
38025	sagen		
38026	,		
38027	mein	4171	(mention_id=4232|references=(entity=(entity_id=entity_0001|fullname=Dr. Moorfeld|gender=m)))
38028	Herr	4172	(mention_id=4233|references=(entity=(entity_id=entity_0259|fullname=Lord Arthur Ormond|gender=m)))
38029	,		
38030	ob		
38031	Newyork		
38032	etwa		
38033	Liebhaberbühnen		
38034	von		
38035	Ruf		
38036	besitzt		
38037	?		
38038	begann		
38039	er	4173	(mention_id=4234|references=(entity=(entity_id=entity_0001|fullname=Dr. Moorfeld|gender=m)))
38040	nach		
38041	einer		
38042	Pause		
38043	.		
38044	Mr.	4174	(mention_id=4235|references=(entity=(entity_id=entity_0055|fullname=Mr. Bennet|gender=m)))
38045	Bennet	4174	(mention_id=4235|references=(entity=(entity_id=entity_0055|fullname=Mr. Bennet|gender=m)))
38046	,		
38047	mein	4175	(mention_id=4236|references=(entity=(entity_id=entity_0259|fullname=Lord Arthur Ormond|gender=m)))
38048	schätzbarer		
38049	Freund	4176	(mention_id=4237|references=(entity=(entity_id=entity_0055|fullname=Mr. Bennet|gender=m)))
38050	,		
38051	unterhielt		
38052	sonst		
38053	ein		
38054	vorzügliches		
38055	Haustheater		
38056	—		
38057	antwortete		
38058	der		
38059	Engländer	4177	(mention_id=4238|references=(entity=(entity_id=entity_0259|fullname=Lord Arthur Ormond|gender=m)))
38060	,		
38061	und		
38062	fügte		
38063	mit		
38064	Hast		
38065	hinzu		
38066	:		
38067	Ich	4178	(mention_id=4239|references=(entity=(entity_id=entity_0259|fullname=Lord Arthur Ormond|gender=m)))
38068	bitte		
38069	mir	4179	(mention_id=4240|references=(entity=(entity_id=entity_0259|fullname=Lord Arthur Ormond|gender=m)))
38070	das		
38071	Vergnügen		
38072	aus		
38073	,		
38074	Sie	4180	(mention_id=4241|references=(entity=(entity_id=entity_0001|fullname=Dr. Moorfeld|gender=m)))
38075	ihm	4181	(mention_id=4242|references=(entity=(entity_id=entity_0055|fullname=Mr. Bennet|gender=m)))
38076	vorzustellen		
38077	,		
38078	Sir	4182	(mention_id=4243|references=(entity=(entity_id=entity_0001|fullname=Dr. Moorfeld|gender=m)))
38079	.		
38080	Er	4183	(mention_id=4244|references=(entity=(entity_id=entity_0055|fullname=Mr. Bennet|gender=m)))
38081	hält		
38082	zwar		
38083	in		
38084	der		
38085	saison		
38086	morte		
38087	auf		
38088	New-Jersey		
38089	Villeggiatur		
38090	,		
38091	aber		
38092	wir	4184	(mention_id=4245|references=(entity=(entity_id=entity_0259|fullname=Lord Arthur Ormond|gender=m)),(entity=(entity_id=entity_0001|fullname=Dr. Moorfeld|gender=m)))
38093	wollen		
38094	hinausfahren		
38095	,		
38096	Sir	4185	(mention_id=4246|references=(entity=(entity_id=entity_0001|fullname=Dr. Moorfeld|gender=m)))
38097	.		
38098	Ich	4186	(mention_id=4247|references=(entity=(entity_id=entity_0259|fullname=Lord Arthur Ormond|gender=m)))
38099	will		
38100	Sie	4187	(mention_id=4248|references=(entity=(entity_id=entity_0001|fullname=Dr. Moorfeld|gender=m)))
38101	auf		
38102	New-Jersey		
38103	vorstellen		
38104	,		
38105	Sir	4188	(mention_id=4249|references=(entity=(entity_id=entity_0001|fullname=Dr. Moorfeld|gender=m)))
38106	;		
38107	wahrhaftig		
38108	ich	4189	(mention_id=4250|references=(entity=(entity_id=entity_0259|fullname=Lord Arthur Ormond|gender=m)))
38109	will		
38110	es		
38111	,		
38112	Sir	4190	(mention_id=4251|references=(entity=(entity_id=entity_0001|fullname=Dr. Moorfeld|gender=m)))
38113	,		
38114	nennen		
38115	Sie	4191	(mention_id=4252|references=(entity=(entity_id=entity_0001|fullname=Dr. Moorfeld|gender=m)))
38116	mir	4192	(mention_id=4253|references=(entity=(entity_id=entity_0259|fullname=Lord Arthur Ormond|gender=m)))
38117	Tag		
38118	und		
38119	Stunde		
38120	,		
38121	ich	4193	(mention_id=4254|references=(entity=(entity_id=entity_0259|fullname=Lord Arthur Ormond|gender=m)))
38122	bin		
38123	ganz		
38124	zu		
38125	Ihren	4194	(mention_id=4255|references=(entity=(entity_id=entity_0001|fullname=Dr. Moorfeld|gender=m)))
38126	Diensten		
38127	,		
38128	Sir	4195	(mention_id=4256|references=(entity=(entity_id=entity_0001|fullname=Dr. Moorfeld|gender=m)))
38129	.		
38130	Moorfeld	4196	(mention_id=4257|references=(entity=(entity_id=entity_0001|fullname=Dr. Moorfeld|gender=m)))
38131	fand		
38132	sich	4197	(mention_id=4258|references=(entity=(entity_id=entity_0001|fullname=Dr. Moorfeld|gender=m)))
38133	,		
38134	um		
38135	die		
38136	Wahrheit		
38137	zu		
38138	sagen		
38139	,		
38140	mehr		
38141	verlegen		
38142	als		
38143	dankbar		
38144	für		
38145	diese		
38146	Güte		
38147	gestimmt		
38148	.		
38149	Konnte		
38150	er	4198	(mention_id=4259|references=(entity=(entity_id=entity_0001|fullname=Dr. Moorfeld|gender=m)))
38151	annehmen		
38152	?		
38153	Die		
38154	ungewöhnliche		
38155	Zuvorkommenheit		
38156	des		
38157	Fremden	4199	(mention_id=4260|references=(entity=(entity_id=entity_0259|fullname=Lord Arthur Ormond|gender=m)))
38158	—		
38159	zwar		
38160	war		
38161	sie		
38162	nicht		
38163	mehr		
38164	,		
38165	als		
38166	folgerichtig		
38167	von		
38168	dem		
38169	Manne	4200	(mention_id=4261|references=(entity=(entity_id=entity_0259|fullname=Lord Arthur Ormond|gender=m)))
38170	,		
38171	der	4201	(mention_id=4262|references=(entity=(entity_id=entity_0259|fullname=Lord Arthur Ormond|gender=m)))
38172	schon		
38173	seinen	4202	(mention_id=4263|references=(entity=(entity_id=entity_0259|fullname=Lord Arthur Ormond|gender=m)))
38174	Hund		
38175	so		
38176	artig		
38177	behandelte		
38178	—		
38179	aber		
38180	eben		
38181	dieses		
38182	Letztere		
38183	?		
38184	—		
38185	In		
38186	diesem		
38187	Augenblicke		
38188	hatte		
38189	die		
38190	Claque		
38191	des		
38192	Newsboys	4203	(mention_id=4264|references=(entity=(entity_id=entity_0275|fullname=Newsboys|gender=m|specialcase_entity=group)))
38193	gesiegt		
38194	,		
38195	und		
38196	Mr.	4204	(mention_id=4265|references=(entity=(entity_id=entity_0229|fullname=Mr. Blackely|gender=m)))
38197	Blackely	4204	(mention_id=4265|references=(entity=(entity_id=entity_0229|fullname=Mr. Blackely|gender=m)))
38198	erklärte		
38199	sich	4205	(mention_id=4266|references=(entity=(entity_id=entity_0229|fullname=Mr. Blackely|gender=m)))
38200	bereit		
38201	,		
38202	indem		
38203	er	4206	(mention_id=4267|references=(entity=(entity_id=entity_0229|fullname=Mr. Blackely|gender=m)))
38204	das		
38205	zugeworfene		
38206	Spielhonorar		
38207	mittelst		
38208	Besen		
38209	einsammeln		
38210	ließ		
38211	,		
38212	seine	4207	(mention_id=4268|references=(entity=(entity_id=entity_0229|fullname=Mr. Blackely|gender=m)))
38213	bewunderte		
38214	Sterbescene		
38215	zu		
38216	wiederholen		
38217	.		
38218	Das		
38219	war		
38220	mehr		
38221	,		
38222	als		
38223	Moorfeld	4208	(mention_id=4269|references=(entity=(entity_id=entity_0001|fullname=Dr. Moorfeld|gender=m)))
38224	an		
38225	einem		
38226	schwülen		
38227	Sommerabend		
38228	für		
38229	wünschenswerth		
38230	hielt		
38231	.		
38232	Er	4209	(mention_id=4270|references=(entity=(entity_id=entity_0001|fullname=Dr. Moorfeld|gender=m)))
38233	griff		
38234	nach		
38235	seinem	4210	(mention_id=4271|references=(entity=(entity_id=entity_0001|fullname=Dr. Moorfeld|gender=m)))
38236	Hute		
38237	;		
38238	der		
38239	Engländer	4211	(mention_id=4272|references=(entity=(entity_id=entity_0259|fullname=Lord Arthur Ormond|gender=m)))
38240	wiederholte		
38241	sein	4212	(mention_id=4273|references=(entity=(entity_id=entity_0259|fullname=Lord Arthur Ormond|gender=m)))
38242	Anerbieten		
38243	,		
38244	ihn	4213	(mention_id=4274|references=(entity=(entity_id=entity_0001|fullname=Dr. Moorfeld|gender=m)))
38245	vorzustellen		
38246	—		
38247	ja		
38248	,		
38249	gleich		
38250	morgen		
38251	ihn	4214	
38252	abzuholen		
38253	.		
38254	Moorfeld	4215	(mention_id=4275|references=(entity=(entity_id=entity_0001|fullname=Dr. Moorfeld|gender=m)))
38255	,		
38256	zwischen		
38257	dem		
38258	Wunsche		
38259	,		
38260	den		
38261	vielgenannten		
38262	Kunstmäcen	4216	(mention_id=4276|references=(entity=(entity_id=entity_0055|fullname=Mr. Bennet|gender=m)))
38263	,		
38264	Mr.	4217	(mention_id=4277|references=(entity=(entity_id=entity_0055|fullname=Mr. Bennet|gender=m)))
38265	Bennet	4217	(mention_id=4277|references=(entity=(entity_id=entity_0055|fullname=Mr. Bennet|gender=m)))
38266	,		
38267	endlich		
38268	kennen		
38269	zu		
38270	lernen		
38271	,		
38272	und		
38273	dem		
38274	Bedenken		
38275	gegen		
38276	die		
38277	vorliegende		
38278	Gelegenheit		
38279	,		
38280	besann		
38281	sich	4218	(mention_id=4278|references=(entity=(entity_id=entity_0001|fullname=Dr. Moorfeld|gender=m)))
38282	auf		
38283	einen		
38284	aufschiebenden		
38285	Mittelweg		
38286	,		
38287	worauf		
38288	die		
38289	Herren	4219	(mention_id=4279|references=(entity=(entity_id=entity_0001|fullname=Dr. Moorfeld|gender=m)),(entity=(entity_id=entity_0259|fullname=Lord Arthur Ormond|gender=m)))
38290	ihre	4220	(mention_id=4280|references=(entity=(entity_id=entity_0001|fullname=Dr. Moorfeld|gender=m)),(entity=(entity_id=entity_0259|fullname=Lord Arthur Ormond|gender=m)))
38291	Karten		
38292	austauschten		
38293	,		
38294	sich	4221	(mention_id=4281|references=(entity=(entity_id=entity_0001|fullname=Dr. Moorfeld|gender=m)),(entity=(entity_id=entity_0259|fullname=Lord Arthur Ormond|gender=m)))
38295	wechselweise		
38296	einladend		
38297	.		
38298	Mit		
38299	Ueberraschung		
38300	las		
38301	Moorfeld	4222	(mention_id=4282|references=(entity=(entity_id=entity_0001|fullname=Dr. Moorfeld|gender=m)))
38302	auf		
38303	der		
38304	Karte		
38305	des		
38306	Fremden	4223	(mention_id=4283|references=(entity=(entity_id=entity_0259|fullname=Lord Arthur Ormond|gender=m)))
38307	den		
38308	Namen		
38309	:		
38310	Lord	4224	(mention_id=4284|references=(entity=(entity_id=entity_0259|fullname=Lord Arthur Ormond|gender=m)))
38311	Arthur	4224	(mention_id=4284|references=(entity=(entity_id=entity_0259|fullname=Lord Arthur Ormond|gender=m)))
38312	Ormond	4224	(mention_id=4284|references=(entity=(entity_id=entity_0259|fullname=Lord Arthur Ormond|gender=m)))
38313	.		
38314	Da		
38315	geschah		
38316	ein		
38317	Krach		
38318	durch		
38319	das		
38320	Haus		
38321	—		
38322	es		
38323	war		
38324	die		
38325	Stimme		
38326	Mr.	4225	(mention_id=4285|references=(entity=(entity_id=entity_0229|fullname=Mr. Blackely|gender=m)))
38327	Blackely's	4225	(mention_id=4285|references=(entity=(entity_id=entity_0229|fullname=Mr. Blackely|gender=m)))
38328	,		
38329	der	4226	(mention_id=4286|references=(entity=(entity_id=entity_0229|fullname=Mr. Blackely|gender=m)))
38330	von		
38331	Neuem		
38332	zur		
38333	Todesverzweiflung		
38334	ansetzte		
38335	.		
38336	Moorfeld	4227	(mention_id=4287|references=(entity=(entity_id=entity_0001|fullname=Dr. Moorfeld|gender=m)))
38337	ergriff		
38338	die		
38339	Flucht		
38340	.		
38341	—		
