i	token	mention	gold
156398	Siebentes		
156399	Kapitel		
156400	.		
156401	Dieser		
156402	Brief		
156403	war		
156404	der		
156405	letzte		
156406	,		
156407	den		
156408	Moorfeld	18198	(mention_id=18466|references=(entity=(entity_id=entity_0001|fullname=Dr. Moorfeld|gender=m)))
156409	aus		
156410	Ohio		
156411	an		
156412	Benthal	18199	(mention_id=18467|references=(entity=(entity_id=entity_0012|fullname=Theodor Benthal|gender=m)))
156413	schrieb		
156414	.		
156415	Die		
156416	scheinbare		
156417	Ruhe		
156418	und		
156419	Mäßigung		
156420	,		
156421	womit		
156422	er	18200	(mention_id=18468|references=(entity=(entity_id=entity_0001|fullname=Dr. Moorfeld|gender=m)))
156423	die		
156424	unglückliche		
156425	Begebenheit		
156426	erzählt		
156427	,		
156428	war		
156429	vielleicht		
156430	schon		
156431	in		
156432	dem		
156433	Augenblicke		
156434	,		
156435	da		
156436	er's	18201	(mention_id=18469|references=(entity=(entity_id=entity_0001|fullname=Dr. Moorfeld|gender=m)))
156437	that		
156438	,		
156439	entweder		
156440	nur		
156441	die		
156442	Ohnmacht		
156443	des		
156444	Betäubten	18202	(mention_id=18470|references=(entity=(entity_id=entity_0001|fullname=Dr. Moorfeld|gender=m)))
156445	,		
156446	oder		
156447	das		
156448	mühsamste		
156449	Product		
156450	der		
156451	Reflexion		
156452	,		
156453	womit		
156454	er	18203	(mention_id=18471|references=(entity=(entity_id=entity_0001|fullname=Dr. Moorfeld|gender=m)))
156455	—		
156456	ein		
156457	Mann	18204	(mention_id=18472|references=(entity=(entity_id=entity_0001|fullname=Dr. Moorfeld|gender=m)))
156458	vor		
156459	einem		
156460	Mann	18205	(mention_id=18473|references=(entity=(entity_id=entity_0012|fullname=Theodor Benthal|gender=m)))
156461	—		
156462	sich	18206	(mention_id=18474|references=(entity=(entity_id=entity_0001|fullname=Dr. Moorfeld|gender=m)))
156463	zusammennahm		
156464	.		
156465	Anders		
156466	sah		
156467	ihn	18207	(mention_id=18475|references=(entity=(entity_id=entity_0001|fullname=Dr. Moorfeld|gender=m)))
156468	seine	18208	(mention_id=18476|references=(entity=(entity_id=entity_0001|fullname=Dr. Moorfeld|gender=m)))
156469	nächste		
156470	Umgebung	18209	(mention_id=18477|references=(entity=(entity_id=entity_1077|fullname=Moorfelds Umgebung|gender=u|specialcase_entity=group)))
156471	.		
156472	Der		
156473	Ausbruch		
156474	der		
156475	Wuth		
156476	,		
156477	von		
156478	welchem		
156479	er	18210	(mention_id=18478|references=(entity=(entity_id=entity_0001|fullname=Dr. Moorfeld|gender=m)))
156480	in		
156481	knappester		
156482	Gemessenheit		
156483	Erwähnung		
156484	macht		
156485	,		
156486	daß		
156487	er		
156488	ihn		
156489	unmittelbar		
156490	gegen		
156491	den		
156492	Urheber	18211	(mention_id=18479|references=(entity=(entity_id=entity_0965|fullname=Prediger bei Camp-Meeting|gender=m)))
156493	des		
156494	Unglücks		
156495	gerichtet		
156496	,		
156497	fluthete		
156498	ungezähmt		
156499	auch		
156500	über		
156501	die		
156502	festeren		
156503	Dämme		
156504	der		
156505	geselligen		
156506	Ordnung		
156507	und		
156508	Verträglichkeit		
156509	.		
156510	Zunächst		
156511	zerfiel		
156512	er	18212	(mention_id=18480|references=(entity=(entity_id=entity_0001|fullname=Dr. Moorfeld|gender=m)))
156513	mit		
156514	Doctor	18213	(mention_id=18481|references=(entity=(entity_id=entity_0323|fullname=Arzt|gender=m)))
156515	Althof	18213	(mention_id=18481|references=(entity=(entity_id=entity_0323|fullname=Arzt|gender=m)))
156516	.		
156517	Was		
156518	er	18214	(mention_id=18482|references=(entity=(entity_id=entity_0001|fullname=Dr. Moorfeld|gender=m)))
156519	in		
156520	seinem	18215	(mention_id=18483|references=(entity=(entity_id=entity_0001|fullname=Dr. Moorfeld|gender=m)))
156521	Briefe		
156522	so		
156523	ruhig		
156524	ausspricht		
156525	:		
156526	„		
156527	Man		
156528	will		
156529	das		
156530	unglückliche		
156531	Kind	18216	(mention_id=18484|references=(entity=(entity_id=entity_0829|fullname=Annette Ermar|gender=f)))
156532	in		
156533	das		
156534	Irrenhaus		
156535	zu		
156536	Columbus		
156537	bringen		
156538	“		
156539	bekämpfte		
156540	er	18217	(mention_id=18485|references=(entity=(entity_id=entity_0001|fullname=Dr. Moorfeld|gender=m)))
156541	in		
156542	der		
156543	Wirklichkeit		
156544	mit		
156545	dem		
156546	heftigsten		
156547	Widerspruch		
156548	.		
156549	Er	18218	(mention_id=18486|references=(entity=(entity_id=entity_0001|fullname=Dr. Moorfeld|gender=m)))
156550	wolle		
156551	sie	18219	(mention_id=18487|references=(entity=(entity_id=entity_0829|fullname=Annette Ermar|gender=f)))
156552	nun		
156553	und		
156554	nimmermehr		
156555	„		
156556	unter		
156557	den		
156558	Fäusten		
156559	der		
156560	Yankees		(mention_id=18488|references=(entity=(entity_id=generic_5460|fullname=generic_1805|gender=u|specialcase_entity=generic)))
156561	“		
156562	wissen		
156563	,		
156564	schwor		
156565	er	18220	(mention_id=18489|references=(entity=(entity_id=entity_0001|fullname=Dr. Moorfeld|gender=m)))
156566	ununterbrochen		
156567	,		
156568	wie		
156569	er	18221	(mention_id=18490|references=(entity=(entity_id=entity_0001|fullname=Dr. Moorfeld|gender=m)))
156570	überhaupt		
156571	alle		
156572	Heilvorschläge		
156573	des		
156574	Doctors	18222	(mention_id=18491|references=(entity=(entity_id=entity_0323|fullname=Arzt|gender=m)))
156575	,		
156576	welche		
156577	die		
156578	gewöhnliche		
156579	Praxis		
156580	in		
156581	Lähmungsfällen		
156582	befolgt		
156583	,		
156584	leidenschaftlich		
156585	verwarf		
156586	.		
156587	Er	18223	(mention_id=18492|references=(entity=(entity_id=entity_0001|fullname=Dr. Moorfeld|gender=m)))
156588	schalt		
156589	den		
156590	Doctor	18224	(mention_id=18493|references=(entity=(entity_id=entity_0323|fullname=Arzt|gender=m)))
156591	einen		
156592	„		
156593	crassen		
156594	Somatiker	18225	(mention_id=18494|references=(entity=(entity_id=entity_0323|fullname=Arzt|gender=m)))
156595	“		
156596	,		
156597	wollte		
156598	das		
156599	Kind	18226	(mention_id=18495|references=(entity=(entity_id=entity_0829|fullname=Annette Ermar|gender=f)))
156600	mit		
156601	Adagios		
156602	auf		
156603	der		
156604	Violine		
156605	heilen		
156606	,		
156607	wollte		
156608	ihr	18227	(mention_id=18496|references=(entity=(entity_id=entity_0829|fullname=Annette Ermar|gender=f)))
156609	frische		
156610	Blumen		
156611	aus		
156612	Deutschland		
156613	kommen		
156614	lassen		
156615	und		
156616	malte		
156617	einen		
156618	„		
156619	Heilplan		
156620	der		
156621	Liebe		
156622	“		
156623	aus		
156624	,		
156625	der		
156626	vielleicht		
156627	eine		
156628	schönere		
156629	Eingebung		
156630	der		
156631	Poesie		
156632	als		
156633	der		
156634	Wissenschaft		
156635	war		
156636	.		
156637	Ganz		
156638	außer		
156639	sich	18228	
156640	gerieth		
156641	er	18229	(mention_id=18497|references=(entity=(entity_id=entity_0001|fullname=Dr. Moorfeld|gender=m)))
156642	aber		
156643	,		
156644	als		
156645	Vater	18230	(mention_id=18498|references=(entity=(entity_id=entity_0831|fullname=Vater Ermar|gender=m)))
156646	Ermar	18230	(mention_id=18498|references=(entity=(entity_id=entity_0831|fullname=Vater Ermar|gender=m)))
156647	selbst	18230	
156648	,		
156649	ohne		
156650	von		
156651	dem		
156652	ärztlichen		
156653	Streite		
156654	einen		
156655	Begriff		
156656	zu		
156657	haben		
156658	,		
156659	nur		
156660	dem		
156661	natürlichen		
156662	Instincte		
156663	des		
156664	Verstandes		
156665	folgend		
156666	,		
156667	die		
156668	Partei		
156669	des		
156670	Besonnenen	18231	(mention_id=18499|references=(entity=(entity_id=entity_0323|fullname=Arzt|gender=m)))
156671	gegen		
156672	den		
156673	Excentrischen	18232	(mention_id=18500|references=(entity=(entity_id=entity_0001|fullname=Dr. Moorfeld|gender=m)))
156674	ergriff		
156675	und		
156676	seine	18233	(mention_id=18501|references=(entity=(entity_id=entity_0831|fullname=Vater Ermar|gender=m)))
156677	Kranke	18234	(mention_id=18502|references=(entity=(entity_id=entity_0829|fullname=Annette Ermar|gender=f)))
156678	der		
156679	ausschließlichen		
156680	Behandlung		
156681	des		
156682	Doctor	18235	(mention_id=18503|references=(entity=(entity_id=entity_0323|fullname=Arzt|gender=m)))
156683	Althof	18235	(mention_id=18503|references=(entity=(entity_id=entity_0323|fullname=Arzt|gender=m)))
156684	anheimstellte		
156685	.		
156686	So		
156687	vergingen		
156688	die		
156689	ersten		
156690	Stunden		
156691	und		
156692	Tage		
156693	im		
156694	Hause		
156695	des		
156696	Doctor	18236	(mention_id=18504|references=(entity=(entity_id=entity_0323|fullname=Arzt|gender=m)))
156697	Althof	18236	(mention_id=18504|references=(entity=(entity_id=entity_0323|fullname=Arzt|gender=m)))
156698	zu		
156699	Gadshill		
156700	,		
156701	dem		
156702	unmittelbaren		
156703	Schauplatze		
156704	nach		
156705	jener		
156706	traurigen		
156707	Katastrophe		
156708	,		
156709	unter		
156710	einem		
156711	fortwährenden		
156712	Sturme		
156713	von		
156714	Aufregungen		
156715	,		
156716	die		
156717	Alles		
156718	verwirrten		
156719	,		
156720	Meinungskämpfen		
156721	,		
156722	die		
156723	Niemanden		
156724	belehrten		
156725	,		
156726	Sorgen		
156727	,		
156728	die		
156729	sich		
156730	selbst		
156731	im		
156732	Wege		
156733	standen		
156734	,		
156735	Thätigkeiten		
156736	,		
156737	die		
156738	ohne		
156739	Frucht		
156740	blieben		
156741	,		
156742	und		
156743	Moorfeld	18237	(mention_id=18505|references=(entity=(entity_id=entity_0001|fullname=Dr. Moorfeld|gender=m)))
156744	war		
156745	nahe		
156746	daran		
156747	,		
156748	das		
156749	zweite		
156750	Opfer	18238	
156751	zu		
156752	werden		
156753	.		
156754	In		
156755	seinen	18239	(mention_id=18506|references=(entity=(entity_id=entity_0001|fullname=Dr. Moorfeld|gender=m)))
156756	brennendsten		
156757	Energien		
156758	ohne		
156759	Nutzen		
156760	und		
156761	Einfluß		
156762	,		
156763	von		
156764	dem		
156765	eigenen		
156766	Triebe		
156767	der		
156768	Selbsterhaltung		
156769	dunkel		
156770	gemahnt		
156771	,		
156772	daß		
156773	sein	18240	(mention_id=18507|references=(entity=(entity_id=entity_0001|fullname=Dr. Moorfeld|gender=m)))
156774	erschüttertes		
156775	Nervenleben		
156776	die		
156777	Gefahr		
156778	nur		
156779	theilen		
156780	,		
156781	nicht		
156782	aufheben		
156783	könne		
156784	,		
156785	ergab		
156786	er	18241	(mention_id=18508|references=(entity=(entity_id=entity_0001|fullname=Dr. Moorfeld|gender=m)))
156787	sich	18242	(mention_id=18509|references=(entity=(entity_id=entity_0001|fullname=Dr. Moorfeld|gender=m)))
156788	zuletzt		
156789	in		
156790	den		
156791	Gedanken		
156792	,		
156793	einen		
156794	Menschenkreis	18243	
156795	zu		
156796	verlassen		
156797	,		
156798	in		
156799	welchem		
156800	das		
156801	ungestümste		
156802	Herz		
156803	das		
156804	unfruchtbarste		
156805	war		
156806	.		
156807	Er	18244	(mention_id=18510|references=(entity=(entity_id=entity_0001|fullname=Dr. Moorfeld|gender=m)))
156808	nahm		
156809	dem		
156810	Doctor	18245	(mention_id=18511|references=(entity=(entity_id=entity_0323|fullname=Arzt|gender=m)))
156811	Althof	18245	(mention_id=18511|references=(entity=(entity_id=entity_0323|fullname=Arzt|gender=m)))
156812	sein	18246	(mention_id=18512|references=(entity=(entity_id=entity_0323|fullname=Arzt|gender=m)))
156813	Manneswort		
156814	ab		
156815	,		
156816	vor		
156817	seiner	18247	(mention_id=18513|references=(entity=(entity_id=entity_0001|fullname=Dr. Moorfeld|gender=m)))
156818	Zurückkunft		
156819	Annetten	18248	(mention_id=18514|references=(entity=(entity_id=entity_0829|fullname=Annette Ermar|gender=f)))
156820	nicht		
156821	nach		
156822	Columbus		
156823	zu		
156824	schicken		
156825	,		
156826	dann		
156827	ritt		
156828	er	18249	(mention_id=18515|references=(entity=(entity_id=entity_0001|fullname=Dr. Moorfeld|gender=m)))
156829	aus		
156830	,		
156831	um		
156832	von		
156833	dem		
156834	schweren		
156835	Unglücksschlage		
156836	zunächst		
156837	sich	18250	(mention_id=18516|references=(entity=(entity_id=entity_0001|fullname=Dr. Moorfeld|gender=m)))
156838	selbst		
156839	zu		
156840	erhohlen		
156841	.		
156842	An		
156843	sein	18251	(mention_id=18517|references=(entity=(entity_id=entity_0001|fullname=Dr. Moorfeld|gender=m)))
156844	Haus		
156845	konnte		
156846	er	18252	(mention_id=18518|references=(entity=(entity_id=entity_0001|fullname=Dr. Moorfeld|gender=m)))
156847	nicht		
156848	denken		
156849	.		
156850	Die		
156851	öde		
156852	Waldhütte		
156853	,		
156854	des		
156855	Schottländers	18253	(mention_id=18519|references=(entity=(entity_id=entity_0881|fullname=Adin Ballan|gender=m)))
156856	dumpfe		
156857	Gesellschaft		
156858	waren		
156859	doppelt		
156860	unheimlich		
156861	in		
156862	diesen		
156863	Augenblicken		
156864	.		
156865	Eben		
156866	so		
156867	war		
156868	ihm	18254	(mention_id=18520|references=(entity=(entity_id=entity_0001|fullname=Dr. Moorfeld|gender=m)))
156869	die		
156870	gesellige		
156871	Nähe		
156872	anderer		
156873	Menschenwohnungen		
156874	verleidet		
156875	.		
156876	Die		
156877	Natur		
156878	in		
156879	ihrer		
156880	wilden		
156881	Schönheit		
156882	und		
156883	Unschuld		
156884	,		
156885	die		
156886	unberührten		
156887	Reize		
156888	verschwiegener		
156889	Einsamkeiten		
156890	hatten		
156891	vielleicht		
156892	allein		
156893	das		
156894	Wort		
156895	,		
156896	—		
156897	eines		
156898	jener		
156899	einfachen		
156900	,		
156901	ewigen		
156902	Worte		
156903	hier		
156904	auszusprechen		
156905	,		
156906	an		
156907	denen		
156908	das		
156909	Menschenherz		
156910	zu		
156911	allen		
156912	Zeiten		
156913	gesundet		
156914	.		
156915	Moorfeld	18255	(mention_id=18521|references=(entity=(entity_id=entity_0001|fullname=Dr. Moorfeld|gender=m)))
156916	folgte		
156917	diesem		
156918	Zuge		
156919	.		
156920	Er	18256	(mention_id=18522|references=(entity=(entity_id=entity_0001|fullname=Dr. Moorfeld|gender=m)))
156921	dachte		
156922	an		
156923	die		
156924	Schönheit		
156925	der		
156926	„		
156927	Seen		
156928	“		
156929	.		
156930	Erie		
156931	—		
156932	Huron		
156933	—		
156934	Michigan		
156935	—		
156936	Saginaw		
156937	—		
156938	Makinaw		
156939	—		
156940	St.		
156941	Clair		
156942	—		
156943	St.		
156944	Marie		
156945	—		
156946	das		
156947	waren		
156948	die		
156949	Namen		
156950	,		
156951	welche		
156952	damals		
156953	von		
156954	den		
156955	Thauperlen		
156956	sehnsüchtiger		
156957	Einbildungskraft		
156958	glänzten		
156959	.		
156960	Jene		
156961	wunderbaren		
156962	Binnenmeere		
156963	,		
156964	mit		
156965	ihren		
156966	durchsichtigen		
156967	,		
156968	christallhellen		
156969	Gewässern		
156970	,		
156971	mit		
156972	ihren		
156973	undurchforschten		
156974	Labyrinthen		
156975	friedensseliger		
156976	Eilande		
156977	,		
156978	mit		
156979	ihrem		
156980	dichtbelaubten		
156981	Kranze		
156982	länderbedeckender		
156983	Wälder		
156984	,		
156985	jene		
156986	duftigen		
156987	Grenzbezirke		
156988	der		
156989	Menschheit		(mention_id=18523|references=(entity=(entity_id=generic_5461|fullname=generic_1806|gender=u|specialcase_entity=generic)))
156990	,		
156991	an		
156992	welchen		
156993	der		
156994	seltene		
156995	Reisende	18257	(mention_id=18524|references=(entity=(entity_id=entity_0001|fullname=Dr. Moorfeld|gender=m)))
156996	damals		
156997	ankam		
156998	,		
156999	wie		
157000	Alexander	18258	(mention_id=18525|references=(entity=(entity_id=entity_0001|fullname=Dr. Moorfeld|gender=m)|specialcase_reference=figurative))
157001	an		
157002	den		
157003	Thoren		
157004	des		
157005	Paradieses		
157006	,		
157007	—		
157008	ihre		
157009	Kunde		
157010	erscholl		
157011	in		
157012	den		
157013	Regionen		
157014	der		
157015	Civilisation		
157016	mit		
157017	einem		
157018	Zauberklange		
157019	,		
157020	den		
157021	das		
157022	Gemüth		
157023	tief		
157024	in		
157025	sich		
157026	aufnahm		
157027	,		
157028	in		
157029	die		
157030	Wünsche		
157031	und		
157032	Träume		
157033	der		
157034	inneren		
157035	Welt		
157036	leise		
157037	mitklingen		
157038	ließ		
157039	,		
157040	den		
157041	frecheren		
157042	Geräuschen		
157043	der		
157044	zudringlichen		
157045	Gegenwart		
157046	vielleicht		
157047	unterordnete		
157048	,		
157049	aber		
157050	brach		
157051	der		
157052	rechte		
157053	Augenblick		
157054	an		
157055	,		
157056	dann		
157057	stieg		
157058	das		
157059	trost		
157060	verheißende		
157061	Bild		
157062	dieser		
157063	engelreinen		
157064	Erde		
157065	hinreißend		
157066	vor		
157067	dem		
157068	inneren		
157069	Auge		
157070	empor		
157071	und		
157072	alle		
157073	Stimmen		
157074	des		
157075	qualbeladenen		
157076	Herzens		
157077	riefen		
157078	laut		
157079	:		
157080	Auf		
157081	nach		
157082	den		
157083	Seen		
157084	!		
157085	Wir	18259	(mention_id=18526|references=(entity=(entity_id=entity_0007|fullname=Erzählinstanz|gender=u)),(entity=(entity_id=entity_0008|fullname=Leser|gender=u)))
157086	vergessen		
157087	nämlich		
157088	nicht		
157089	:		
157090	Zwischen		
157091	uns	18260	(mention_id=18527|references=(entity=(entity_id=entity_0007|fullname=Erzählinstanz|gender=u)),(entity=(entity_id=entity_0008|fullname=Leser|gender=u)))
157092	und		
157093	unsrer	18261	(mention_id=18528|references=(entity=(entity_id=entity_0007|fullname=Erzählinstanz|gender=u)),(entity=(entity_id=entity_0008|fullname=Leser|gender=u)))
157094	Geschichte		
157095	liegt		
157096	eine		
157097	Generation		
157098	.		
157099	Wenn		
157100	die		
157101	Phrase		
157102	von		
157103	dem		
157104	„		
157105	Belecken		
157106	der		
157107	Cultur		
157108	“		
157109	schon		
157110	in		
157111	den		
157112	meisten		
157113	Fällen		
157114	eine		
157115	übereilte		
157116	ist		
157117	,		
157118	da		
157119	vor		
157120	den		
157121	ungeheuren		
157122	Formen		
157123	von		
157124	Meer		
157125	und		
157126	Land		
157127	die		
157128	einzelne		
157129	Umformungen		
157130	durch		
157131	Menschenarbeit		
157132	in		
157133	der		
157134	Regel		
157135	doch		
157136	infusorischer		
157137	erscheinen		
157138	,		
157139	als		
157140	der		
157141	Schöpfungs		
157142	König		
157143	sich		
157144	schmeichelt		
157145	,		
157146	so		
157147	lag		
157148	vor		
157149	dreiundzwanzig		
157150	Jahren		
157151	die		
157152	Region		
157153	der		
157154	nordamerikanischen		
157155	Süßwasserseen		
157156	in		
157157	der		
157158	That		
157159	noch		
157160	in		
157161	dem		
157162	zauberischen		
157163	Kindheitsdämmer		
157164	einer		
157165	halbmythischen		
157166	Geographie		
157167	.		
157168	Zwar		
157169	wehte		
157170	die		
157171	Rauchflagge		
157172	des		
157173	Steamers		
157174	schon		
157175	in		
157176	jenen		
157177	Urweltsregionen		
157178	,		
157179	aber		
157180	diese		
157181	fruchtbare		
157182	Gattung		
157183	von		
157184	Seeungeheuern		
157185	hatte		
157186	ihr		
157187	Geschlecht		
157188	noch		
157189	nicht		
157190	zu		
157191	der		
157192	Ausbreitung		
157193	von		
157194	heute		
157195	gebracht		
157196	.		
157197	Noch		
157198	war		
157199	die		
157200	einsame		
157201	Welle		
157202	dieser		
157203	Gewässer		
157204	des		
157205	indianischen		
157206	Ruders		
157207	gewohnter		
157208	,		
157209	als		
157210	der		
157211	wühlenden		
157212	Dampfmaschine		
157213	,		
157214	noch		
157215	stand		
157216	der		
157217	Eichwald		
157218	in		
157219	ungelichteten		
157220	Reihen		
157221	um		
157222	die		
157223	heimatliche		
157224	Seebucht		
157225	,		
157226	der		
157227	heute		
157228	in		
157229	allen		
157230	Schiffsgestalten		
157231	die		
157232	Meere		
157233	der		
157234	Welt		
157235	durchfurcht		
157236	,		
157237	noch		
157238	hielt		
157239	der		
157240	Bär		
157241	seinen		
157242	ruhigen		
157243	Winterschlaf		
157244	in		
157245	Höhlen		
157246	,		
157247	wo		
157248	heute		
157249	Bijouterieläden		
157250	strahlen		
157251	,		
157252	und		
157253	im		
157254	gasflammenden		
157255	Lesecabinet		
157256	die		
157257	Zeitungen		
157258	von		
157259	London		
157260	und		
157261	Paris		
157262	aufliegen		
157263	.		
157264	Dahin		
157265	nun		
157266	richtete		
157267	Moorfeld	18262	(mention_id=18529|references=(entity=(entity_id=entity_0001|fullname=Dr. Moorfeld|gender=m)))
157268	nach		
157269	der		
157270	Verblutung		
157271	des		
157272	ersten		
157273	,		
157274	wildesten		
157275	Schmerzes		
157276	seine	18263	(mention_id=18530|references=(entity=(entity_id=entity_0001|fullname=Dr. Moorfeld|gender=m)))
157277	stillen		
157278	Wege		
157279	.		
157280	Im		
157281	Augenblicke		
157282	des		
157283	Abschieds		
157284	blieb		
157285	ihm	18264	(mention_id=18531|references=(entity=(entity_id=entity_0001|fullname=Dr. Moorfeld|gender=m)))
157286	mit		
157287	Doctor	18265	(mention_id=18532|references=(entity=(entity_id=entity_0323|fullname=Arzt|gender=m)))
157288	Althof	18265	(mention_id=18532|references=(entity=(entity_id=entity_0323|fullname=Arzt|gender=m)))
157289	noch		
157290	ein		
157291	harter		
157292	Kampf		
157293	zu		
157294	bestehen		
157295	.		
157296	Der		
157297	vorsichtige		
157298	Mann	18266	(mention_id=18533|references=(entity=(entity_id=entity_0323|fullname=Arzt|gender=m)))
157299	bestand		
157300	darauf		
157301	,		
157302	Moorfeld	18267	(mention_id=18534|references=(entity=(entity_id=entity_0001|fullname=Dr. Moorfeld|gender=m)))
157303	sollte		
157304	,		
157305	wie		
157306	er	18268	(mention_id=18535|references=(entity=(entity_id=entity_0323|fullname=Arzt|gender=m)))
157307	sich	18269	(mention_id=18536|references=(entity=(entity_id=entity_0323|fullname=Arzt|gender=m)))
157308	schonend		
157309	ausdrückte		
157310	,		
157311	einen		
157312	—		
157313	Diener	18270	(mention_id=18537|references=(entity=(entity_id=entity_1101|fullname=hypothetischer Diener der Moorfeld begleiten soll|gender=m|specialcase_entity=nonfact)))
157314	mitnehmen		
157315	.		
157316	Der		
157317	Arzt	18271	(mention_id=18538|references=(entity=(entity_id=entity_0001|fullname=Dr. Moorfeld|gender=m)))
157318	errieth		
157319	aber		
157320	den		
157321	Arzt	18272	(mention_id=18539|references=(entity=(entity_id=entity_0323|fullname=Arzt|gender=m)))
157322	und		
157323	kalt-beleidigt		
157324	gab		
157325	Moorfeld	18273	(mention_id=18540|references=(entity=(entity_id=entity_0001|fullname=Dr. Moorfeld|gender=m)))
157326	die		
157327	Antwort		
157328	:		
157329	Kann		
157330	unbegleitet		
157331	zur		
157332	Hölle		
157333	gehn		
157334	!		
157335	Auch		
157336	seinen	18274	(mention_id=18541|references=(entity=(entity_id=entity_0001|fullname=Dr. Moorfeld|gender=m)))
157337	Abschied		
157338	von		
157339	Annetten	18275	(mention_id=18542|references=(entity=(entity_id=entity_0829|fullname=Annette Ermar|gender=f)))
157340	suchte		
157341	Doctor	18276	(mention_id=18543|references=(entity=(entity_id=entity_0323|fullname=Arzt|gender=m)))
157342	Althof	18276	(mention_id=18543|references=(entity=(entity_id=entity_0323|fullname=Arzt|gender=m)))
157343	um		
157344	jeden		
157345	Preis		
157346	hintanzuhalten		
157347	.		
157348	Ein		
157349	Schlaganfall		
157350	hatte		
157351	sich		
157352	noch		
157353	Tags		
157354	zuvor		
157355	wiederholt		
157356	und		
157357	das		
157358	Kind	18277	(mention_id=18544|references=(entity=(entity_id=entity_0829|fullname=Annette Ermar|gender=f)))
157359	einen		
157360	entsetzlichen		
157361	Schritt		
157362	weiter		
157363	in		
157364	seiner	18278	(mention_id=18545|references=(entity=(entity_id=entity_0829|fullname=Annette Ermar|gender=f)))
157365	Krankheit		
157366	geführt		
157367	.		
157368	Die		
157369	Gesichtszüge		
157370	waren		
157371	von		
157372	der		
157373	Lähmung		
157374	bis		
157375	zur		
157376	Unkenntlichkeit		
157377	entstellt		
157378	,		
157379	die		
157380	Zunge		
157381	kaum		
157382	noch		
157383	eines		
157384	thierähnlichen		
157385	Stammeles		
157386	fähig		
157387	,		
157388	die		
157389	Irre		
157390	des		
157391	Geistes		
157392	vergröberter		
157393	,		
157394	finstrer		
157395	.		
157396	Es		
157397	war		
157398	ein		
157399	peinlicher		
157400	Augenblick		
157401	,		
157402	als		
157403	Moorfeld	18279	(mention_id=18546|references=(entity=(entity_id=entity_0001|fullname=Dr. Moorfeld|gender=m)))
157404	den		
157405	letzten		
157406	Kuß		
157407	auf		
157408	die		
157409	„		
157410	entgeisterte		
157411	Stirne		
157412	“		
157413	zu		
157414	drücken		
157415	begehrte		
157416	.		
157417	Der		
157418	Doctor	18280	(mention_id=18547|references=(entity=(entity_id=entity_0323|fullname=Arzt|gender=m)))
157419	,		
157420	der		
157421	Vater	18281	(mention_id=18548|references=(entity=(entity_id=entity_0831|fullname=Vater Ermar|gender=m)))
157422	,		
157423	die		
157424	Mutter	18282	(mention_id=18549|references=(entity=(entity_id=entity_0834|fullname=Frau Ermar|gender=f)))
157425	selbst		
157426	stellten		
157427	sich	18283	(mention_id=18550|references=(entity=(entity_id=entity_0323|fullname=Arzt|gender=m)),(entity=(entity_id=entity_0831|fullname=Vater Ermar|gender=m)),(entity=(entity_id=entity_0834|fullname=Frau Ermar|gender=f)))
157428	mit		
157429	Bitten		
157430	und		
157431	Thränen		
157432	davor		
157433	.		
157434	Je		
157435	ge		
157436	reizter		
157437	Moorfeld	18284	(mention_id=18551|references=(entity=(entity_id=entity_0001|fullname=Dr. Moorfeld|gender=m)))
157438	seinen	18285	(mention_id=18552|references=(entity=(entity_id=entity_0001|fullname=Dr. Moorfeld|gender=m)))
157439	Willen		
157440	behauptete		
157441	,		
157442	desto		
157443	gefährlicher		
157444	schien		
157445	es		
157446	,		
157447	ihn		
157448	zu		
157449	erfüllen		
157450	.		
157451	Zuletzt		
157452	bewältigt		
157453	aber		
157454	die		
157455	Menschen	18286	(mention_id=18553|references=(entity=(entity_id=entity_0323|fullname=Arzt|gender=m)),(entity=(entity_id=entity_0831|fullname=Vater Ermar|gender=m)),(entity=(entity_id=entity_0834|fullname=Frau Ermar|gender=f)))
157456	nichts		
157457	so		
157458	sehr		
157459	als		
157460	die		
157461	Leidenschaft		
157462	,		
157463	wo		
157464	sie		
157465	in		
157466	ihrem		
157467	Berufe		
157468	ist		
157469	,		
157470	und		
157471	das		
157472	Nachgeben		
157473	mußte		
157474	gewagt		
157475	werden		
157476	.		
157477	Man	18287	
157478	führte		
157479	ihn	18288	(mention_id=18554|references=(entity=(entity_id=entity_0001|fullname=Dr. Moorfeld|gender=m)))
157480	vor		
157481	das		
157482	Bild		
157483	der		
157484	Unglücklichen	18289	(mention_id=18555|references=(entity=(entity_id=entity_0829|fullname=Annette Ermar|gender=f)))
157485	.		
157486	Alles		
157487	bangte		
157488	einem		
157489	entsetzlichen		
157490	Ausbruche		
157491	entgegen		
157492	,		
157493	als		
157494	Moorfeld	18290	(mention_id=18556|references=(entity=(entity_id=entity_0001|fullname=Dr. Moorfeld|gender=m)))
157495	mit		
157496	offenen		
157497	Armen		
157498	auf		
157499	die		
157500	gräßlich		
157501	Verlorene	18291	(mention_id=18557|references=(entity=(entity_id=entity_0001|fullname=Dr. Moorfeld|gender=m)))
157502	zuschritt		
157503	.		
157504	Aber		
157505	er	18292	(mention_id=18558|references=(entity=(entity_id=entity_0001|fullname=Dr. Moorfeld|gender=m)))
157506	blieb		
157507	ruhig		
157508	.		
157509	Stillsinnend		
157510	hielt		
157511	er	18293	(mention_id=18559|references=(entity=(entity_id=entity_0001|fullname=Dr. Moorfeld|gender=m)))
157512	das		
157513	Kind	18294	(mention_id=18560|references=(entity=(entity_id=entity_0829|fullname=Annette Ermar|gender=f)))
157514	vor		
157515	sich	18295	(mention_id=18561|references=(entity=(entity_id=entity_0001|fullname=Dr. Moorfeld|gender=m)))
157516	hin		
157517	,		
157518	und		
157519	vertiefte		
157520	sich	18296	(mention_id=18562|references=(entity=(entity_id=entity_0001|fullname=Dr. Moorfeld|gender=m)))
157521	in		
157522	sein	18297	(mention_id=18563|references=(entity=(entity_id=entity_0829|fullname=Annette Ermar|gender=f)))
157523	Anschauen		
157524	.		
157525	Nach		
157526	einer		
157527	langen		
157528	Pause		
157529	rief		
157530	er	18298	(mention_id=18564|references=(entity=(entity_id=entity_0001|fullname=Dr. Moorfeld|gender=m)))
157531	aus		
157532	:		
157533	Warum		
157534	nannt'		
157535	ich	18299	(mention_id=18565|references=(entity=(entity_id=entity_0001|fullname=Dr. Moorfeld|gender=m)))
157536	dich	18300	(mention_id=18566|references=(entity=(entity_id=entity_0829|fullname=Annette Ermar|gender=f)))
157537	auch		
157538	Schwester	18301	(mention_id=18567|references=(entity=(entity_id=entity_0829|fullname=Annette Ermar|gender=f)))
157539	!		
157540	Dann		
157541	legte		
157542	er	18302	(mention_id=18568|references=(entity=(entity_id=entity_0001|fullname=Dr. Moorfeld|gender=m)))
157543	seine	18303	(mention_id=18569|references=(entity=(entity_id=entity_0001|fullname=Dr. Moorfeld|gender=m)))
157544	Hand		
157545	auf		
157546	ihren	18304	(mention_id=18570|references=(entity=(entity_id=entity_0829|fullname=Annette Ermar|gender=f)))
157547	Scheitel		
157548	und		
157549	sprach		
157550	:		
157551	Sei		
157552	gesegnet		
157553	,		
157554	mein	18305	(mention_id=18571|references=(entity=(entity_id=entity_0001|fullname=Dr. Moorfeld|gender=m)))
157555	Kind	18306	(mention_id=18572|references=(entity=(entity_id=entity_0829|fullname=Annette Ermar|gender=f)))
157556	!		
157557	Der		
157558	Gott	18307	(mention_id=18573|references=(entity=(entity_id=entity_0092|fullname=Gott|gender=u)))
157559	der		
157560	Menschenopfer	18308	
157561	hat		
157562	dein	18309	(mention_id=18574|references=(entity=(entity_id=entity_0829|fullname=Annette Ermar|gender=f)))
157563	Schicksal		
157564	erlaubt		
157565	.		
157566	Das		
157567	reine		
157568	Weib	18310	(mention_id=18575|references=(entity=(entity_id=generic_5462|fullname=generic_1807|gender=u|specialcase_entity=generic)))
157569	und		
157570	die		
157571	Schuld		
157572	dieser		
157573	Welt		
157574	haben		
157575	eine		
157576	alte		
157577	,		
157578	mystische		
157579	Gegenseitigkeit		
157580	.		
157581	Edle		
157582	Jungfrauen	18311	(mention_id=18576|references=(entity=(entity_id=generic_5463|fullname=generic_1808|gender=u|specialcase_entity=generic)))
157583	seh		
157584	ich	18312	(mention_id=18577|references=(entity=(entity_id=entity_0001|fullname=Dr. Moorfeld|gender=m)))
157585	den		
157586	Ungeheuern	18313	
157587	des		
157588	Alterthums		
157589	opfern		
157590	,		
157591	und		
157592	noch		
157593	dem		
157594	Kreuze		
157595	bringt		
157596	die		
157597	Jungfrau	18314	(mention_id=18578|references=(entity=(entity_id=generic_5464|fullname=generic_1809|gender=u|specialcase_entity=generic)))
157598	blutigen		
157599	Tribut		
157600	.		
157601	Es		
157602	mußte		
157603	so		
157604	sein		
157605	!		
157606	Diesem		
157607	Lande		
157608	fängt		
157609	sein		
157610	zweites		
157611	Zeitalter		
157612	an		
157613	.		
157614	Als		
157615	Leiber		(mention_id=18579|references=(entity=(entity_id=generic_5465|fullname=generic_1810|gender=u|specialcase_entity=generic)))
157616	mit		
157617	Leibern		(mention_id=18580|references=(entity=(entity_id=generic_5466|fullname=generic_1811|gender=u|specialcase_entity=generic)))
157618	hier		
157619	rangen		
157620	,		
157621	riß		
157622	die		
157623	Rothhaut		(mention_id=18581|references=(entity=(entity_id=generic_5467|fullname=generic_1812|gender=u|specialcase_entity=generic)))
157624	den		
157625	Scalp		
157626	vom		
157627	Haupte		
157628	des		
157629	Weißen	18315	(mention_id=18582|references=(entity=(entity_id=generic_5468|fullname=generic_1813|gender=u|specialcase_entity=generic)))
157630	;		
157631	heut		
157632	rollen		
157633	Geistersschlachten		
157634	über		
157635	diesen		
157636	Boden		
157637	und		
157638	die		
157639	Wilden	18316	(mention_id=18583|references=(entity=(entity_id=generic_5469|fullname=generic_1814|gender=u|specialcase_entity=generic)))
157640	scalpiren		
157641	Geister		
157642	.		
157643	Zu		
157644	groß		
157645	ist		
157646	,		
157647	was		
157648	hier		
157649	beginnt		
157650	,		
157651	es		
157652	muß		
157653	barbarisch		
157654	beginnen		
157655	.		
157656	Die		
157657	Sieger	18317	(mention_id=18584|references=(entity=(entity_id=generic_5470|fullname=generic_1815|gender=u|specialcase_entity=generic)))
157658	von		
157659	Teutoburg		
157660	,		
157661	die	18318	(mention_id=18585|references=(entity=(entity_id=generic_5471|fullname=generic_1816|gender=u|specialcase_entity=generic)))
157662	zweimal		
157663	Rom		
157664	überwunden		
157665	,		
157666	sollen		
157667	deutsches		
157668	Geistesbanner		
157669	auf		
157670	Washington's		
157671	Kapitol		
157672	pflanzen		
157673	.		
157674	Die		
157675	neue		
157676	Welt		
157677	ist		
157678	ihnen	18319	(mention_id=18586|references=(entity=(entity_id=generic_5472|fullname=generic_1817|gender=u|specialcase_entity=generic)))
157679	gegeben		
157680	,		
157681	wie		
157682	die		
157683	alte		
157684	.		
157685	Voran		
157686	,		
157687	deutsche		
157688	Jungfrau	18320	(mention_id=18587|references=(entity=(entity_id=entity_0829|fullname=Annette Ermar|gender=f)),(entity=(entity_id=generic_5473|fullname=generic_1818|gender=u|specialcase_entity=generic)))
157689	,		
157690	heilige		
157691	,		
157692	weihe		
157693	!		
157694	Du	18321	(mention_id=18588|references=(entity=(entity_id=entity_0829|fullname=Annette Ermar|gender=f)),(entity=(entity_id=generic_5474|fullname=generic_1819|gender=u|specialcase_entity=generic)))
157695	leidest		
157696	für		
157697	dein	18322	(mention_id=18589|references=(entity=(entity_id=entity_0829|fullname=Annette Ermar|gender=f)),(entity=(entity_id=generic_5475|fullname=generic_1820|gender=u|specialcase_entity=generic)))
157698	Volk	18323	(mention_id=18590|references=(entity=(entity_id=generic_5476|fullname=generic_1821|gender=u|specialcase_entity=generic)))
157699	;		
157700	du	18324	(mention_id=18591|references=(entity=(entity_id=entity_0829|fullname=Annette Ermar|gender=f)),(entity=(entity_id=generic_5477|fullname=generic_1822|gender=u|specialcase_entity=generic)))
157701	bist		
157702	Deutschland	18325	(mention_id=18592|references=(entity=(entity_id=entity_0829|fullname=Annette Ermar|gender=f)|specialcase_reference=figurative),(entity=(entity_id=generic_5478|fullname=generic_1823|gender=u|specialcase_entity=generic)|specialcase_reference=figurative))
157703	!		
157704	armes		
157705	,		
157706	frommes		
157707	,		
157708	mißhandeltes		
157709	Kind	18326	(mention_id=18593|references=(entity=(entity_id=entity_0829|fullname=Annette Ermar|gender=f)))
157710	.		
157711	Mit		
157712	deinem	18327	(mention_id=18594|references=(entity=(entity_id=entity_0829|fullname=Annette Ermar|gender=f)))
157713	Unglück		
157714	ist		
157715	dieser		
157716	Boden		
157717	deutsch		
157718	geworden		
157719	;		
157720	—		
157721	könnte		
157722	der		
157723	Geist		
157724	denn		
157725	siegen		
157726	,		
157727	wenn		
157728	er		
157729	nicht		
157730	zertreten		
157731	wird		
157732	?		
157733	Wir	18328	(mention_id=18595|references=(entity=(entity_id=entity_0001|fullname=Dr. Moorfeld|gender=m)),(entity=(entity_id=entity_0829|fullname=Annette Ermar|gender=f)))
157734	haben		
157735	,		
157736	liebes		
157737	Kind	18329	(mention_id=18596|references=(entity=(entity_id=entity_0829|fullname=Annette Ermar|gender=f)))
157738	,		
157739	eine		
157740	große		
157741	Schuld		
157742	in		
157743	dieses		
157744	Land		
157745	eingeführt		
157746	:		
157747	wir	18330	(mention_id=18597|references=(entity=(entity_id=entity_0001|fullname=Dr. Moorfeld|gender=m)),(entity=(entity_id=entity_0829|fullname=Annette Ermar|gender=f)))
157748	sind		
157749	unschuldig		
157750	!		
157751	Wir	18331	(mention_id=18598|references=(entity=(entity_id=entity_0001|fullname=Dr. Moorfeld|gender=m)),(entity=(entity_id=entity_0829|fullname=Annette Ermar|gender=f)))
157752	sind		
157753	wahrhaftig		
157754	unter		
157755	den		
157756	Lügnern	18332	(mention_id=18599|references=(entity=(entity_id=generic_5479|fullname=generic_1824|gender=u|specialcase_entity=generic)))
157757	,		
157758	wir	18333	(mention_id=18600|references=(entity=(entity_id=entity_0001|fullname=Dr. Moorfeld|gender=m)),(entity=(entity_id=entity_0829|fullname=Annette Ermar|gender=f)))
157759	sind		
157760	aufopfernd		
157761	unter		
157762	den		
157763	Selbstlingen	18334	(mention_id=18601|references=(entity=(entity_id=generic_5480|fullname=generic_1825|gender=u|specialcase_entity=generic)))
157764	,		
157765	wir	18335	(mention_id=18602|references=(entity=(entity_id=entity_0001|fullname=Dr. Moorfeld|gender=m)),(entity=(entity_id=entity_0829|fullname=Annette Ermar|gender=f)))
157766	sind		
157767	zart		
157768	unter		
157769	den		
157770	Ungeschlachten	18336	(mention_id=18603|references=(entity=(entity_id=generic_5481|fullname=generic_1826|gender=u|specialcase_entity=generic)))
157771	,		
157772	wir	18337	(mention_id=18604|references=(entity=(entity_id=entity_0001|fullname=Dr. Moorfeld|gender=m)),(entity=(entity_id=entity_0829|fullname=Annette Ermar|gender=f)))
157773	sind		
157774	keusch		
157775	unter		
157776	den		
157777	Frechen	18338	(mention_id=18605|references=(entity=(entity_id=generic_5482|fullname=generic_1827|gender=u|specialcase_entity=generic)))
157778	,		
157779	wir	18339	(mention_id=18606|references=(entity=(entity_id=entity_0001|fullname=Dr. Moorfeld|gender=m)),(entity=(entity_id=entity_0829|fullname=Annette Ermar|gender=f)))
157780	sind		
157781	tiefsinnig		
157782	unter		
157783	den		
157784	Stumpfen	18340	(mention_id=18607|references=(entity=(entity_id=generic_5483|fullname=generic_1828|gender=u|specialcase_entity=generic)))
157785	,		
157786	wir	18341	(mention_id=18608|references=(entity=(entity_id=entity_0001|fullname=Dr. Moorfeld|gender=m)),(entity=(entity_id=entity_0829|fullname=Annette Ermar|gender=f)))
157787	sind		
157788	fromm		
157789	unter		
157790	Heuchlern	18342	(mention_id=18609|references=(entity=(entity_id=generic_5484|fullname=generic_1829|gender=u|specialcase_entity=generic)))
157791	,		
157792	wir	18343	(mention_id=18610|references=(entity=(entity_id=entity_0001|fullname=Dr. Moorfeld|gender=m)),(entity=(entity_id=entity_0829|fullname=Annette Ermar|gender=f)))
157793	haben		
157794	Herzen		
157795	unter		
157796	Ziffern		
157797	,		
157798	wir	18344	(mention_id=18611|references=(entity=(entity_id=entity_0001|fullname=Dr. Moorfeld|gender=m)),(entity=(entity_id=entity_0829|fullname=Annette Ermar|gender=f)))
157799	sind		
157800	Menschen	18345	(mention_id=18612|references=(entity=(entity_id=entity_0001|fullname=Dr. Moorfeld|gender=m)),(entity=(entity_id=entity_0829|fullname=Annette Ermar|gender=f)))
157801	unter		
157802	Bestien		(mention_id=18613|references=(entity=(entity_id=generic_5485|fullname=generic_1830|gender=u|specialcase_entity=generic)|specialcase_reference=figurative))
157803	!		
157804	Ob		
157805	wir	18346	(mention_id=18614|references=(entity=(entity_id=entity_0001|fullname=Dr. Moorfeld|gender=m)),(entity=(entity_id=entity_0829|fullname=Annette Ermar|gender=f)))
157806	siegen		
157807	werden		
157808	;		
157809	—		
157810	wer		
157811	darf		
157812	zweifeln		
157813	,		
157814	wenn		
157815	Columbus	18347	(mention_id=18615|references=(entity=(entity_id=entity_0938|fullname=Columbus|gender=m)))
157816	nicht		
157817	der		
157818	Vater	18348	(mention_id=18616|references=(entity=(entity_id=entity_0938|fullname=Columbus|gender=m)))
157819	der		
157820	Atheisten	18349	(mention_id=18617|references=(entity=(entity_id=generic_5486|fullname=generic_1831|gender=u|specialcase_entity=generic)))
157821	sein		
157822	soll		
157823	?		
157824	Aber		
157825	bis		
157826	dahin		
157827	,		
157828	werden		
157829	sie	18350	(mention_id=18618|references=(entity=(entity_id=generic_5487|fullname=generic_1832|gender=u|specialcase_entity=generic)))
157830	uns	18351	(mention_id=18619|references=(entity=(entity_id=entity_0001|fullname=Dr. Moorfeld|gender=m)),(entity=(entity_id=entity_0829|fullname=Annette Ermar|gender=f)))
157831	erwürgen		
157832	.		
157833	Viel		
157834	schönes		
157835	Leben		
157836	wird		
157837	untergehen		
157838	.		
157839	Sie	18352	(mention_id=18620|references=(entity=(entity_id=generic_5488|fullname=generic_1833|gender=u|specialcase_entity=generic)))
157840	haben		
157841	scharfe		
157842	Messer		
157843	und		
157844	volle		
157845	Kanonen		
157846	die		
157847	weißen		
157848	Delawaren		(mention_id=18621|references=(entity=(entity_id=generic_5489|fullname=generic_1834|gender=u|specialcase_entity=generic)))
157849	und		
157850	Mohikaner	18353	(mention_id=18622|references=(entity=(entity_id=generic_5490|fullname=generic_1835|gender=u|specialcase_entity=generic)))
157851	.		
157852	Sie	18354	(mention_id=18623|references=(entity=(entity_id=generic_5491|fullname=generic_1836|gender=u|specialcase_entity=generic)))
157853	haben		
157854	uns	18355	(mention_id=18624|references=(entity=(entity_id=entity_0001|fullname=Dr. Moorfeld|gender=m)),(entity=(entity_id=entity_0829|fullname=Annette Ermar|gender=f)))
157855	das		
157856	Zauberwort		
157857	der		
157858	Cultur		
157859	nachgestammelt		
157860	,		
157861	aber		
157862	unrein		
157863	,		
157864	daß		
157865	sie	18356	(mention_id=18625|references=(entity=(entity_id=generic_5492|fullname=generic_1837|gender=u|specialcase_entity=generic)))
157866	nicht		
157867	gute		
157868	,		
157869	nur		
157870	verderbte		
157871	Geister		
157872	citiren		
157873	können		
157874	.		
157875	Und		
157876	sie	18357	(mention_id=18626|references=(entity=(entity_id=generic_5493|fullname=generic_1838|gender=u|specialcase_entity=generic)))
157877	kommen		
157878	,		
157879	sie	18358	(mention_id=18627|references=(entity=(entity_id=generic_5494|fullname=generic_1839|gender=u|specialcase_entity=generic)))
157880	kommen		
157881	die		
157882	höllischen		
157883	Schaaren		(mention_id=18628|references=(entity=(entity_id=generic_5495|fullname=generic_1840|gender=u|specialcase_entity=generic)))
157884	!		
157885	Beelzebub-Reverend		(mention_id=18629|references=(entity=(entity_id=entity_0965|fullname=Prediger bei Camp-Meeting|gender=m)))
157886	voran		
157887	!		
157888	Auf		
157889	Teufel		(mention_id=18630|references=(entity=(entity_id=generic_5496|fullname=generic_1841|gender=u|specialcase_entity=generic)))
157890	,		
157891	auf		
157892	,		
157893	das		
157894	Schlachtmesser		
157895	bloß		
157896	!		
157897	Hier		
157898	liegen		
157899	wir	18359	(mention_id=18631|references=(entity=(entity_id=entity_0001|fullname=Dr. Moorfeld|gender=m)),(entity=(entity_id=entity_0829|fullname=Annette Ermar|gender=f)))
157900	;		
157901	deutsche		
157902	Häupter	18360	
157903	liegen		
157904	da		
157905	,		
157906	morgen		
157907	deine		(mention_id=18632|references=(entity=(entity_id=generic_5497|fullname=generic_1842|gender=u|specialcase_entity=generic)))
157908	Könige	18361	(mention_id=18633|references=(entity=(entity_id=generic_5498|fullname=generic_1843|gender=u|specialcase_entity=generic)))
157909	,		
157910	heute		
157911	noch		
157912	deine	18362	(mention_id=18634|references=(entity=(entity_id=generic_5499|fullname=generic_1844|gender=u|specialcase_entity=generic)))
157913	Knechte	18363	(mention_id=18635|references=(entity=(entity_id=generic_5500|fullname=generic_1845|gender=u|specialcase_entity=generic)))
157914	!		
157915	Schnell		
157916	!		
157917	schnell		
157918	!		
157919	greif		
157920	zu		
157921	,		
157922	innre		
157923	Stirnhäute		
157924	sind		
157925	zu		
157926	gewinnen		
157927	;		
157928	reiße		
157929	,		
157930	zerre		
157931	,		
157932	—		
157933	sie		
157934	zucken		
157935	,		
157936	sie		
157937	bluten		
157938	,		
157939	—		
157940	ha		
157941	,		
157942	da		
157943	raucht		
157944	ihr		
157945	Gehirn		
157946	!		
157947	Da		
157948	raucht		
157949	es		
157950	!		
157951	es		
157952	ist		
157953	gethan		
157954	!		
157955	klatschet		
157956	,		
157957	Teufel		
157958	:		
157959	der		
157960	Deutsche	18364	(mention_id=18636|references=(entity=(entity_id=generic_5501|fullname=generic_1846|gender=u|specialcase_entity=generic)))
157961	ist		
157962	wahnsinnig		
157963	und		
157964	Yankee	18365	(mention_id=18637|references=(entity=(entity_id=generic_5502|fullname=generic_1847|gender=u|specialcase_entity=generic)))
157965	ist		
157966	ein		
157967	kluger		
157968	Mann	18366	(mention_id=18638|references=(entity=(entity_id=generic_5503|fullname=generic_1848|gender=u|specialcase_entity=generic)))
157969	!		
157970	—		
157971	Moorfeld	18367	(mention_id=18639|references=(entity=(entity_id=entity_0001|fullname=Dr. Moorfeld|gender=m)))
157972	stürzte		
157973	mit		
157974	gellendem		
157975	Lachen		
157976	hinaus		
157977	,		
157978	schwang		
157979	sich	18368	(mention_id=18640|references=(entity=(entity_id=entity_0001|fullname=Dr. Moorfeld|gender=m)))
157980	auf's		
157981	Pferd		
157982	,		
157983	und		
157984	riß		
157985	in		
157986	die		
157987	Straße		
157988	hinein		
157989	,		
157990	eh'		
157991	ein		
157992	Arm		
157993	zu		
157994	seiner	18369	(mention_id=18641|references=(entity=(entity_id=entity_0001|fullname=Dr. Moorfeld|gender=m)))
157995	Rettung		
157996	sich		
157997	erheben		
157998	konnte		
157999	.		
158000	Wir	18370	(mention_id=18642|references=(entity=(entity_id=entity_0323|fullname=Arzt|gender=m)))
158001	haben		
158002	ihn	18371	(mention_id=18643|references=(entity=(entity_id=entity_0001|fullname=Dr. Moorfeld|gender=m)))
158003	zum		
158004	letztenmal		
158005	gesehen		
158006	!		
158007	sagte		
158008	Doctor	18372	(mention_id=18644|references=(entity=(entity_id=entity_0323|fullname=Arzt|gender=m)))
158009	Althof	18372	(mention_id=18644|references=(entity=(entity_id=entity_0323|fullname=Arzt|gender=m)))
158010	,		
158011	einsylbig		
158012	hinter		
158013	ihm	18373	(mention_id=18645|references=(entity=(entity_id=entity_0323|fullname=Arzt|gender=m)))
158014	.		
158015	Die		
158016	gewöhnliche		
158017	Prophezeihung		
158018	des		
158019	Verstandesmenschen	18374	(mention_id=18646|references=(entity=(entity_id=generic_5504|fullname=generic_1849|gender=u|specialcase_entity=generic)),(entity=(entity_id=entity_0323|fullname=Arzt|gender=m)))
158020	gegenüber		
158021	dem		
158022	Gefühlsmenschen	18375	(mention_id=18647|references=(entity=(entity_id=entity_0001|fullname=Dr. Moorfeld|gender=m)),(entity=(entity_id=generic_5505|fullname=generic_1850|gender=u|specialcase_entity=generic)))
158023	.		
158024	Leider		
158025	,		
158026	er	18376	(mention_id=18648|references=(entity=(entity_id=generic_5506|fullname=generic_1851|gender=u|specialcase_entity=generic)),(entity=(entity_id=entity_0323|fullname=Arzt|gender=m)))
158027	versteht		
158028	das		
158029	Fatum		
158030	schlecht		
158031	genug		
158032	!		
158033	Denn		
158034	längst		
158035	würde		
158036	ihn	18377	(mention_id=18649|references=(entity=(entity_id=generic_5507|fullname=generic_1852|gender=u|specialcase_entity=generic)),(entity=(entity_id=entity_0323|fullname=Arzt|gender=m)))
158037	die		
158038	Erfahrung		
158039	gelehrt		
158040	haben		
158041	,		
158042	daß		
158043	eben		
158044	er	18378	(mention_id=18650|references=(entity=(entity_id=generic_5508|fullname=generic_1853|gender=u|specialcase_entity=generic)),(entity=(entity_id=entity_0323|fullname=Arzt|gender=m)))
158045	selbst		
158046	es		
158047	ist		
158048	,		
158049	der		
158050	Verstandesmensch	18379	(mention_id=18651|references=(entity=(entity_id=generic_5509|fullname=generic_1854|gender=u|specialcase_entity=generic)),(entity=(entity_id=entity_0323|fullname=Arzt|gender=m)))
158051	,		
158052	der		
158053	regelrechte		
158054	,		
158055	geordnete		
158056	Geist		(mention_id=18652|references=(entity=(entity_id=generic_5510|fullname=generic_1855|gender=u|specialcase_entity=generic)),(entity=(entity_id=entity_0323|fullname=Arzt|gender=m)))
158057	,		
158058	der		
158059	vollwangige		
158060	,		
158061	behagliche		
158062	Lebekünstler	18380	(mention_id=18653|references=(entity=(entity_id=generic_5511|fullname=generic_1856|gender=u|specialcase_entity=generic)),(entity=(entity_id=entity_0323|fullname=Arzt|gender=m)))
158063	,		
158064	der	18381	(mention_id=18654|references=(entity=(entity_id=generic_5512|fullname=generic_1857|gender=u|specialcase_entity=generic)),(entity=(entity_id=entity_0323|fullname=Arzt|gender=m)))
158065	von		
158066	jeher		
158067	die		
158068	raschesten		
158069	Blitze		
158070	des		
158071	Verhängnisses		
158072	angezogen		
158073	hat		
158074	.		
158075	Auf		
158076	lustiger		
158077	Hochzeitsreise		
158078	,		
158079	beim		
158080	schmackhaften		
158081	Lieblingsgericht		
158082	,		
158083	über		
158084	wohlabgezählten		
158085	Summen		
158086	und		
158087	schön		
158088	ausgerundeten		
158089	Codicillen		
158090	packt		
158091	ihn	18382	(mention_id=18655|references=(entity=(entity_id=generic_5513|fullname=generic_1858|gender=u|specialcase_entity=generic)),(entity=(entity_id=entity_0323|fullname=Arzt|gender=m)))
158092	die		
158093	Raubtatze		
158094	des		
158095	Todes		
158096	und		
158097	brüllt		
158098	ihm	18383	(mention_id=18656|references=(entity=(entity_id=generic_5514|fullname=generic_1859|gender=u|specialcase_entity=generic)),(entity=(entity_id=entity_0323|fullname=Arzt|gender=m)))
158099	in's		
158100	Ohr		
158101	:		
158102	ein		
158103	Ungeheures		
158104	ist		
158105	in		
158106	der		
158107	Welt		
158108	,		
158109	ein		
158110	Racheschrei		
158111	gegen		
158112	alles		
158113	Leben		
158114	,		
158115	dein		(mention_id=18657|references=(entity=(entity_id=generic_5515|fullname=generic_1860|gender=u|specialcase_entity=generic)),(entity=(entity_id=entity_0323|fullname=Arzt|gender=m)))
158116	Dasein		
158117	nur		
158118	der		
158119	secundenlange		
158120	Fall		
158121	eines		
158122	Fallbeils		
158123	!		
158124	Menschen	18384	(mention_id=18658|references=(entity=(entity_id=generic_5516|fullname=generic_1861|gender=u|specialcase_entity=generic)),(entity=(entity_id=entity_0001|fullname=Dr. Moorfeld|gender=m)))
158125	wie		
158126	Moorfeld	18385	(mention_id=18659|references=(entity=(entity_id=entity_0001|fullname=Dr. Moorfeld|gender=m)))
158127	dagegen		
158128	sind		
158129	vorher		
158130	bestimmt		
158131	nur		
158132	in		
158133	langen		
158134	,		
158135	langsamen		
158136	Zügen		
158137	den		
158138	tragischen		
158139	Schicksalsbecher		
158140	zu		
158141	trinken		
158142	.		
158143	Von		
158144	der		
158145	Lebendigkeit		
158146	ihres	18386	(mention_id=18660|references=(entity=(entity_id=generic_5517|fullname=generic_1862|gender=u|specialcase_entity=generic)),(entity=(entity_id=entity_0001|fullname=Dr. Moorfeld|gender=m)))
158147	Gefühls		
158148	,		
158149	von		
158150	der		
158151	Reizbarkeit		
158152	ihrer	18387	(mention_id=18661|references=(entity=(entity_id=entity_0001|fullname=Dr. Moorfeld|gender=m)),(entity=(entity_id=generic_5518|fullname=generic_1863|gender=u|specialcase_entity=generic)))
158153	Phantasie		
158154	,		
158155	von		
158156	der		
158157	Bahnlosigkeit		
158158	ihres	18388	(mention_id=18662|references=(entity=(entity_id=entity_0001|fullname=Dr. Moorfeld|gender=m)),(entity=(entity_id=generic_5519|fullname=generic_1864|gender=u|specialcase_entity=generic)))
158159	Geistes		
158160	,		
158161	von		
158162	der		
158163	raschen		
158164	Verbrauchskraft		
158165	all		
158166	ihrer	18389	(mention_id=18663|references=(entity=(entity_id=entity_0001|fullname=Dr. Moorfeld|gender=m)),(entity=(entity_id=generic_5520|fullname=generic_1865|gender=u|specialcase_entity=generic)))
158167	menschlichen		
158168	Mittel		
158169	erwartet		
158170	die		
158171	Welt		(mention_id=18664|references=(entity=(entity_id=generic_5521|fullname=generic_1866|gender=u|specialcase_entity=generic)|specialcase_reference=figurative))
158172	fortwährend		
158173	irgend		
158174	ein		
158175	directes		
158176	,		
158177	wundergleiches		
158178	Verderben		
158179	,		
158180	das		
158181	neu		
158182	und		
158183	plötzlich		
158184	mit		
158185	ihnen	18390	(mention_id=18665|references=(entity=(entity_id=entity_0001|fullname=Dr. Moorfeld|gender=m)),(entity=(entity_id=generic_5522|fullname=generic_1867|gender=u|specialcase_entity=generic)))
158186	ende		
158187	.		
158188	Mit		
158189	nichten		
158190	;		
158191	sie	18391	(mention_id=18666|references=(entity=(entity_id=entity_0001|fullname=Dr. Moorfeld|gender=m)),(entity=(entity_id=generic_5523|fullname=generic_1868|gender=u|specialcase_entity=generic)))
158192	wandeln		
158193	sicher		
158194	,		
158195	wie		
158196	Somnambüle		(mention_id=18667|references=(entity=(entity_id=generic_5524|fullname=generic_1869|gender=u|specialcase_entity=generic)),(entity=(entity_id=entity_0001|fullname=Dr. Moorfeld|gender=m)))
158197	,		
158198	ihre		(mention_id=18668|references=(entity=(entity_id=entity_0001|fullname=Dr. Moorfeld|gender=m)),(entity=(entity_id=generic_5525|fullname=generic_1870|gender=u|specialcase_entity=generic)))
158199	gefährliche		
158200	Bahn		
158201	.		
158202	Die		
158203	Poesie		
158204	des		
158205	Schicksals		
158206	geht		
158207	den		
158208	Poeten	18392	(mention_id=18669|references=(entity=(entity_id=entity_0001|fullname=Dr. Moorfeld|gender=m)),(entity=(entity_id=generic_5526|fullname=generic_1871|gender=u|specialcase_entity=generic)))
158209	aus		
158210	dem		
158211	Wege		
158212	.		
158213	Ja		
158214	;		
158215	die		
158216	dämonische		
158217	Nachtluft		
158218	dieser		
158219	Welt		
158220	dringt		
158221	ihnen	18393	(mention_id=18670|references=(entity=(entity_id=entity_0001|fullname=Dr. Moorfeld|gender=m)),(entity=(entity_id=generic_5527|fullname=generic_1872|gender=u|specialcase_entity=generic)))
158222	zu		
158223	allen		
158224	Poren		
158225	an's		
158226	Herz		
158227	,		
158228	ihr	18394	(mention_id=18671|references=(entity=(entity_id=entity_0001|fullname=Dr. Moorfeld|gender=m)),(entity=(entity_id=generic_5528|fullname=generic_1873|gender=u|specialcase_entity=generic)))
158229	Horizont		
158230	ist		
158231	voll		
158232	den		
158233	Schattenbildern		
158234	der		
158235	Furien		
158236	,		
158237	welche		
158238	die		
158239	Schaubühne		
158240	der		
158241	Erde		
158242	umkreisen		
158243	;		
158244	sie	18395	(mention_id=18672|references=(entity=(entity_id=entity_0001|fullname=Dr. Moorfeld|gender=m)),(entity=(entity_id=generic_5529|fullname=generic_1874|gender=u|specialcase_entity=generic)))
158245	wittern		
158246	den		
158247	Hauch		
158248	des		
158249	Todes		
158250	,		
158251	dem		
158252	alles		
158253	Leben		
158254	geweiht		
158255	ist		
158256	,		
158257	mit		
158258	einer		
158259	verhängnißvollen		
158260	Nervenschärfe		
158261	:		
158262	ihre	18396	(mention_id=18673|references=(entity=(entity_id=entity_0001|fullname=Dr. Moorfeld|gender=m)))
158263	Poesie		
158264	selbst		
158265	ist		
158266	nichts		
158267	als		
158268	das		
158269	Schnauben		
158270	,		
158271	Sträuben		
158272	,		
158273	Bäumen		
158274	und		
158275	Fliehen		
158276	des		
158277	edlen		
158278	Roßes		
158279	,		
158280	des		
158281	den		
158282	sprungfertigen		
158283	Tiger		
158284	in		
158285	seinem		
158286	Bereiche		
158287	spürt		
158288	:		
158289	aber		
158290	wie		
158291	lange		
158292	zaudert		
158293	der		
158294	Sprung		
158295	!		
158296	wie		
158297	lange		
158298	ist		
158299	der		
158300	Weg		
158301	,		
158302	den		
158303	die		
158304	Sensitiven	18397	(mention_id=18674|references=(entity=(entity_id=entity_0001|fullname=Dr. Moorfeld|gender=m)),(entity=(entity_id=generic_5530|fullname=generic_1875|gender=u|specialcase_entity=generic)))
158305	der		
158306	Lebens		
158307	Tragik		
158308	auf		
158309	der		
158310	entsetzlichen		
158311	Kante		
158312	ihrer	18398	(mention_id=18675|references=(entity=(entity_id=entity_0001|fullname=Dr. Moorfeld|gender=m)),(entity=(entity_id=generic_5531|fullname=generic_1876|gender=u|specialcase_entity=generic)))
158313	stets		
158314	geschärften		
158315	Selbstqual		
158316	zurücklegen		
158317	,		
158318	bis		
158319	dann		
158320	der		
158321	Tod		
158322	,		
158323	der		
158324	endliche		
158325	,		
158326	persönliche		
158327	Tod		
158328	,		
158329	irgend		
158330	einmal		
158331	ein		
158332	vergessenes		
158333	,		
158334	blödsinniges		
158335	Greisesauge		
158336	bricht		
158337	,		
158338	und		
158339	die		
158340	Welt		
158341	wieder		
158342	erinnert		
158343	wird		
158344	,		
158345	das		
158346	war		
158347	einer		
158348	jener		
158349	Kometen	18399	
158350	,		
158351	dessen	18400	
158352	erstes		
158353	Erscheinen		
158354	schon		
158355	ihm	18401	(mention_id=18676|references=(entity=(entity_id=entity_0001|fullname=Dr. Moorfeld|gender=m)),(entity=(entity_id=generic_5532|fullname=generic_1877|gender=u|specialcase_entity=generic)))
158356	und		
158357	ihr	18402	(mention_id=18677|references=(entity=(entity_id=entity_0001|fullname=Dr. Moorfeld|gender=m)),(entity=(entity_id=generic_5533|fullname=generic_1878|gender=u|specialcase_entity=generic)))
158358	den		
158359	vernichtenden		
158360	Zusammenstoß		
158361	zu		
158362	bedeuten		
158363	schien		
158364	!		
158365	—		
158366	Nein		
158367	!		
158368	nicht		
158369	hier		
158370	und		
158371	nicht		
158372	heute		
158373	endet		
158374	die		
158375	Bahn		
158376	unsers	18403	(mention_id=18678|references=(entity=(entity_id=entity_0007|fullname=Erzählinstanz|gender=u)),(entity=(entity_id=entity_0008|fullname=Leser|gender=u)))
158377	Helden	18404	(mention_id=18679|references=(entity=(entity_id=entity_0001|fullname=Dr. Moorfeld|gender=m)))
158378	;		
158379	seine	18405	(mention_id=18680|references=(entity=(entity_id=entity_0001|fullname=Dr. Moorfeld|gender=m)))
158380	Uhr		
158381	hatte		
158382	noch		
158383	länger		
158384	zu		
158385	laufen		
158386	.		
158387	—		
158388	Moorfeld	18406	(mention_id=18681|references=(entity=(entity_id=entity_0001|fullname=Dr. Moorfeld|gender=m)))
158389	ritt		
158390	bis		
158391	zur		
158392	Erschöpfung		
158393	.		
158394	Wohl		
158395	nannte		
158396	er	18407	(mention_id=18682|references=(entity=(entity_id=entity_0001|fullname=Dr. Moorfeld|gender=m)))
158397	das		
158398	Reiten		
158399	einst		
158400	die		
158401	schönste		
158402	Ehe		
158403	zwischen		
158404	dem		
158405	Menschen	18408	(mention_id=18683|references=(entity=(entity_id=generic_5534|fullname=generic_1879|gender=u|specialcase_entity=generic)))
158406	und		
158407	der		
158408	Naturkraft		
158409	.		
158410	Pferd		
158411	und		
158412	Reiter		(mention_id=18684|references=(entity=(entity_id=entity_0001|fullname=Dr. Moorfeld|gender=m)))
158413	wirken		
158414	auf		
158415	einander		
158416	sympathetisch		
158417	zurück		
158418	.		
158419	Moorfeld's	18409	(mention_id=18685|references=(entity=(entity_id=entity_0001|fullname=Dr. Moorfeld|gender=m)))
158420	Raserei		
158421	war		
158422	mit		
158423	Blitzesverständniß		
158424	in		
158425	das		
158426	Thier		
158427	gefahren		
158428	,		
158429	die		
158430	Ohnmacht		
158431	des		
158432	Thieres		
158433	gab		
158434	ihm	18410	(mention_id=18686|references=(entity=(entity_id=entity_0001|fullname=Dr. Moorfeld|gender=m)))
158435	hierauf		
158436	Ruhe		
158437	und		
158438	Sanftmuth		
158439	.		
158440	Sein	18411	(mention_id=18687|references=(entity=(entity_id=entity_0001|fullname=Dr. Moorfeld|gender=m)))
158441	verstörtes		
158442	Auge		
158443	gewann		
158444	wieder		
158445	Blicke		
158446	für		
158447	die		
158448	Außenwelt		
158449	.		
158450	Die		
158451	Gegend		
158452	,		
158453	die		
158454	Moorfeld	18412	(mention_id=18688|references=(entity=(entity_id=entity_0001|fullname=Dr. Moorfeld|gender=m)))
158455	durchritt		
158456	,		
158457	zeigte		
158458	größtentheils		
158459	einen		
158460	öden		
158461	,		
158462	unbestimmten		
158463	Charakter		
158464	.		
158465	In		
158466	den		
158467	früheren		
158468	Grenzkriegen		
158469	mit		
158470	den		
158471	Indianern	18413	(mention_id=18689|references=(entity=(entity_id=generic_5535|fullname=generic_1880|gender=u|specialcase_entity=generic)))
158472	waren		
158473	zwischen		
158474	dem		
158475	Erie		
158476	und		
158477	Ohio		
158478	große		
158479	Waldstrecken		
158480	niedergebrannt		
158481	worden		
158482	,		
158483	um		
158484	den		
158485	Eingebornen	18414	(mention_id=18690|references=(entity=(entity_id=generic_5536|fullname=generic_1881|gender=u|specialcase_entity=generic)))
158486	das		
158487	Jagdgebiet		
158488	zu		
158489	verderben		
158490	.		
158491	Der		
158492	jüngere		
158493	Waldanflug		
158494	hatte		
158495	nirgend		
158496	noch		
158497	die		
158498	Kraft		
158499	und		
158500	Fülle		
158501	des		
158502	alten		
158503	,		
158504	geschlossenen		
158505	Urwalds		
158506	erreicht		
158507	;		
158508	hätte		
158509	die		
158510	Sonne		
158511	nicht		
158512	so		
158513	erstickend		
158514	heiß		
158515	gebrannt		
158516	,		
158517	so		
158518	konnte		
158519	der		
158520	Wanderer	18415	(mention_id=18691|references=(entity=(entity_id=entity_0001|fullname=Dr. Moorfeld|gender=m)),(entity=(entity_id=generic_5537|fullname=generic_1882|gender=u|specialcase_entity=generic)))
158521	häufig		
158522	glauben		
158523	,		
158524	durch		
158525	die		
158526	Regionen		
158527	des		
158528	Buschholzes		
158529	im		
158530	hohen		
158531	Norden		
158532	zu		
158533	reisen		
158534	.		
158535	Die		
158536	verwüsteten		
158537	Bodenblößen		
158538	,		
158539	einer		
158540	langen		
158541	Austrocknung		
158542	preisgegeben		
158543	,		
158544	singen		
158545	nur		
158546	langsam		
158547	an		
158548	,		
158549	unter		
158550	dem		
158551	Schutz		
158552	des		
158553	Nachwuchses		
158554	Feuchtigkeit		
158555	und		
158556	Humus		
158557	wieder		
158558	zu		
158559	sammeln		
158560	.		
158561	Oft		
158562	lagen		
158563	sie		
158564	als		
158565	nackte		
158566	Wüstenstriche		
158567	da		
158568	,		
158569	nicht		
158570	Wald		
158571	,		
158572	nicht		
158573	Prairie		
158574	,		
158575	ja		
158576	und		
158577	nicht		
158578	einmal		
158579	Haide		
158580	mit		
158581	dem		
158582	ästhetischen		
158583	Charakter		
158584	der		
158585	Haide-Tinten		
158586	und		
158587	Linien		
158588	.		
158589	Hin		
158590	und		
158591	wieder		
158592	stand		
158593	eine		
158594	flache		
158595	,		
158596	formlos		
158597	begrenzte		
158598	Sumpflache		
158599	auf		
158600	diesen		
158601	Steppen		
158602	,		
158603	wahrscheinlich		
158604	die		
158605	entartete		
158606	Nachkommenschaft		
158607	früherer		
158608	Quellen		
158609	und		
158610	Bäche		
158611	,		
158612	welche		
158613	des		
158614	Waldschattens		
158615	,		
158616	ihrer		
158617	natürlichen		
158618	Leiter		
158619	,		
158620	beraubt		
158621	,		
158622	das		
158623	ursprüngliche		
158624	Rinnsal		
158625	verloren		
158626	.		
158627	Jetzt		
158628	irrten		
158629	sie		
158630	heimatlos		
158631	über		
158632	die		
158633	veränderte		
158634	Erde		
158635	,		
158636	verschwanden		
158637	auf		
158638	sandigem		
158639	Boden		
158640	,		
158641	standen		
158642	auf		
158643	fettem		
158644	und		
158645	thonigem		
158646	als		
158647	Moräste		
158648	.		
158649	In		
158650	diesen		
158651	Einöden		
158652	scheuchte		
158653	Moorfeld's	18416	(mention_id=18692|references=(entity=(entity_id=entity_0001|fullname=Dr. Moorfeld|gender=m)))
158654	Ritt		
158655	nur		
158656	selten		
158657	ein		
158658	wildes		
158659	Truthuhn		
158660	,		
158661	oder		
158662	ein		
158663	verirrtes		
158664	virginisches		
158665	Repphuhn		
158666	auf		
158667	;		
158668	aber		
158669	Schwärme		
158670	von		
158671	Raben		
158672	befleckten		
158673	den		
158674	klarblauen		
158675	Herbsthimmel		
158676	,		
158677	oder		
158678	ein		
158679	Aasgeier		
158680	kreischte		
158681	hoch		
158682	über		
158683	Schußweite		
158684	.		
158685	In		
158686	Busch		
158687	und		
158688	Gestripp		
158689	raschelte		
158690	zuweilen		
158691	eine		
158692	Ratte		
158693	—		
158694	Waidwild		
158695	,		
158696	überall		
158697	seltener		
158698	als		
158699	man		
158700	den		
158701	Europäer	18417	(mention_id=18693|references=(entity=(entity_id=entity_0001|fullname=Dr. Moorfeld|gender=m)),(entity=(entity_id=generic_5538|fullname=generic_1883|gender=u|specialcase_entity=generic)))
158702	glauben		
158703	macht		
158704	,		
158705	war		
158706	hier		
158707	gänzlich		
158708	ausgerottet		
158709	.		
158710	So		
158711	ließ		
158712	sich		
158713	auch		
158714	von		
158715	Waldsängern		
158716	einzig		
158717	die		
158718	Spottdrossel		
158719	hören		
158720	,		
158721	welche		
158722	das		
158723	Ohr		
158724	unsers	18418	(mention_id=18694|references=(entity=(entity_id=entity_0007|fullname=Erzählinstanz|gender=u)),(entity=(entity_id=entity_0008|fullname=Leser|gender=u)))
158725	Wanderers	18419	(mention_id=18695|references=(entity=(entity_id=entity_0001|fullname=Dr. Moorfeld|gender=m)))
158726	bald		
158727	mit		
158728	dem		
158729	kräftigen		
158730	Zungenschlag		
158731	des		
158732	Finken		
158733	,		
158734	bald		
158735	mit		
158736	den		
158737	weichen		
158738	Kehllauten		
158739	eines		
158740	zärtlichen		
158741	Sprossers		
158742	äffte		
158743	,		
158744	in		
158745	den		
158746	Sprachen		
158747	aller		
158748	Vögel		
158749	redete		
158750	und		
158751	das		
158752	Gemüth		
158753	keines		
158754	einzigen		
158755	ausdrückte		
158756	,		
158757	bis		
158758	sie		
158759	zuletzt		
158760	als		
158761	styllose		
158762	Manieristin	18420	
158763	gründlich		
158764	ärgerte		
158765	.		
158766	Von		
158767	Menschenwohnungen		
158768	fand		
158769	Moorfeld	18421	(mention_id=18696|references=(entity=(entity_id=entity_0001|fullname=Dr. Moorfeld|gender=m)))
158770	nur		
158771	den		
158772	spärlichen		
158773	Anflug		
158774	dessen		
158775	,		
158776	was		
158777	sich		
158778	heute		
158779	—		
158780	hall		
158781	,		
158782	oder		
158783	—		
158784	city		
158785	in		
158786	dieser		
158787	Gegend		
158788	nennt		
158789	.		
158790	Es		
158791	waren		
158792	rohe		
158793	,		
158794	eintönige		
158795	Blockhütten		
158796	von		
158797	stets		
158798	wiederholter		
158799	Form		
158800	,		
158801	die		
158802	so		
158803	ermüdend		
158804	durch		
158805	jede		
158806	Einzelnheit		
158807	lief		
158808	,		
158809	daß		
158810	sich	18422	(mention_id=18697|references=(entity=(entity_id=entity_0001|fullname=Dr. Moorfeld|gender=m)))
158811	Moorfeld	18423	(mention_id=18698|references=(entity=(entity_id=entity_0001|fullname=Dr. Moorfeld|gender=m)))
158812	mit		
158813	grauester		
158814	Ueberzeugtheit		
158815	eines		
158816	Glasers	18424	(mention_id=18699|references=(entity=(entity_id=entity_1051|fullname=Glaser|gender=m)))
158817	erinnerte		
158818	,		
158819	welcher	18425	(mention_id=18700|references=(entity=(entity_id=entity_1051|fullname=Glaser|gender=m)))
158820	ihm	18426	(mention_id=18701|references=(entity=(entity_id=entity_0001|fullname=Dr. Moorfeld|gender=m)))
158821	einst		
158822	gerühmt		
158823	,		
158824	„		
158825	jedes		
158826	Fensterglas		
158827	passe		
158828	in		
158829	jeden		
158830	Fensterrahmen		
158831	der		
158832	Union		
158833	“		
158834	.		
158835	Ein		
158836	paarmal		
158837	überraschten		
158838	ihn	18427	(mention_id=18702|references=(entity=(entity_id=entity_0001|fullname=Dr. Moorfeld|gender=m)))
158839	auch		
158840	Gruppen		
158841	von		
158842	eleganten		
158843	Frameoder		
158844	Bretterhäusern		
158845	,		
158846	welche		
158847	mit		
158848	hellgelbem		
158849	Anstrich		
158850	,		
158851	rothen		
158852	Dächern		
158853	und		
158854	grünen		
158855	Jalousien		
158856	keck		
158857	an		
158858	ein		
158859	sumpfiges		
158860	Fuhrwerkgeleise		
158861	wie		
158862	an		
158863	die		
158864	schönste		
158865	Poststraße		
158866	sich		
158867	hinstellten		
158868	,		
158869	und		
158870	irgend		
158871	einen		
158872	Balkon		
158873	,		
158874	Portikus		
158875	,		
158876	oder		
158877	eine		
158878	caktusgeschmückte		
158879	Veranda		
158880	mit		
158881	der		
158882	Koketterie		
158883	eines		
158884	nur		
158885	zu		
158886	naheliegenden		
158887	Bildes		
158888	ausluden		
158889	.		
158890	Das		
158891	waren		
158892	Häuser		
158893	von		
158894	Humbugern	18428	(mention_id=18703|references=(entity=(entity_id=generic_5539|fullname=generic_1884|gender=u|specialcase_entity=generic)))
158895	,		
158896	welche	18429	(mention_id=18704|references=(entity=(entity_id=generic_5540|fullname=generic_1885|gender=u|specialcase_entity=generic)))
158897	als		
158898	Lockvögel		(mention_id=18705|references=(entity=(entity_id=generic_5541|fullname=generic_1886|gender=u|specialcase_entity=generic)))
158899	der		
158900	Landspeculation		
158901	vor		
158902	den		
158903	unerfahrenen		
158904	Augen		
158905	der		
158906	Einwanderer	18430	(mention_id=18706|references=(entity=(entity_id=generic_5542|fullname=generic_1887|gender=u|specialcase_entity=generic)))
158907	„		
158908	Farmerglück		
158909	“		
158910	zu		
158911	spielen		
158912	hatten		
158913	.		
158914	Ihre	18431	(mention_id=18707|references=(entity=(entity_id=generic_5543|fullname=generic_1888|gender=u|specialcase_entity=generic)))
158915	„		
158916	lovely		
158917	spots		
158918	“		
158919	standen		
158920	entweder		
158921	selbst		
158922	zum		
158923	Kaufe		
158924	,		
158925	oder		
158926	das		
158927	käufliche		
158928	Land		
158929	war		
158930	so		
158931	geschickt		
158932	zwischen		
158933	sie		(mention_id=18708|references=(entity=(entity_id=generic_5544|fullname=generic_1889|gender=u|specialcase_entity=generic)))
158934	einparzellirt		
158935	,		
158936	daß		
158937	der		
158938	Käufer	18432	(mention_id=18709|references=(entity=(entity_id=generic_5545|fullname=generic_1890|gender=u|specialcase_entity=generic)))
158939	nicht		
158940	umhin		
158941	konnte		
158942	,		
158943	künstliche		
158944	geschraubte		
158945	Preise		
158946	dafür		
158947	zu		
158948	zahlen		
158949	.		
158950	In		
158951	einer		
158952	dieser		
158953	bemalten		
158954	Ostereischalen		
158955	hielt		
158956	Moorfeld	18433	(mention_id=18710|references=(entity=(entity_id=entity_0001|fullname=Dr. Moorfeld|gender=m)))
158957	seine	18434	(mention_id=18711|references=(entity=(entity_id=entity_0001|fullname=Dr. Moorfeld|gender=m)))
158958	Mittagseinkehr		
158959	.		
158960	Der		
158961	Wirth	18435	(mention_id=18712|references=(entity=(entity_id=entity_1037|fullname=Wirt|gender=m)))
158962	,		
158963	der	18436	(mention_id=18713|references=(entity=(entity_id=entity_1037|fullname=Wirt|gender=m)))
158964	ihn	18437	(mention_id=18714|references=(entity=(entity_id=entity_0001|fullname=Dr. Moorfeld|gender=m)))
158965	für		
158966	eine		
158967	Beute		(mention_id=18715|references=(entity=(entity_id=entity_0001|fullname=Dr. Moorfeld|gender=m)))
158968	halten		
158969	mochte		
158970	,		
158971	belagerte		
158972	ihn	18438	(mention_id=18716|references=(entity=(entity_id=entity_0001|fullname=Dr. Moorfeld|gender=m)))
158973	mit		
158974	lauernden		
158975	Gesprächen		
158976	.		
158977	Unwillig		
158978	blickte		
158979	ihm	18439	(mention_id=18717|references=(entity=(entity_id=entity_1037|fullname=Wirt|gender=m)))
158980	Moorfeld	18440	(mention_id=18718|references=(entity=(entity_id=entity_0001|fullname=Dr. Moorfeld|gender=m)))
158981	auf		
158982	den		
158983	Grund		
158984	,		
158985	und		
158986	legte		
158987	in		
158988	raschen		
158989	,		
158990	kurzen		
158991	Antworten		
158992	seine	18441	(mention_id=18719|references=(entity=(entity_id=entity_0001|fullname=Dr. Moorfeld|gender=m)))
158993	Sacheinsichten		
158994	zu		
158995	Tag		
158996	.		
158997	Da		
158998	sprang		
158999	der		
159000	Yankee	18442	(mention_id=18720|references=(entity=(entity_id=entity_1037|fullname=Wirt|gender=m)))
159001	ab		
159002	,		
159003	und		
159004	gefiel		
159005	sich	18443	(mention_id=18721|references=(entity=(entity_id=entity_1037|fullname=Wirt|gender=m)))
159006	hierauf		
159007	den		
159008	Frommen	18444	(mention_id=18722|references=(entity=(entity_id=entity_1037|fullname=Wirt|gender=m)))
159009	zu		
159010	spielen		
159011	.		
159012	Er	18445	(mention_id=18723|references=(entity=(entity_id=entity_1037|fullname=Wirt|gender=m)))
159013	erkundigte		
159014	sich	18446	(mention_id=18724|references=(entity=(entity_id=entity_1037|fullname=Wirt|gender=m)))
159015	eifrig		
159016	nach		
159017	dem		
159018	camp-meeting		
159019	.		
159020	Moorfeld	18447	(mention_id=18725|references=(entity=(entity_id=entity_0001|fullname=Dr. Moorfeld|gender=m)))
159021	ließ		
159022	sein	18448	(mention_id=18726|references=(entity=(entity_id=entity_0001|fullname=Dr. Moorfeld|gender=m)))
159023	Pferd		
159024	abfüttern		
159025	und		
159026	ritt		
159027	ungesättigt		
159028	von		
159029	dannen		
159030	.		
159031	Er	18449	(mention_id=18727|references=(entity=(entity_id=entity_0001|fullname=Dr. Moorfeld|gender=m)))
159032	überließ		
159033	sich	18450	(mention_id=18728|references=(entity=(entity_id=entity_0001|fullname=Dr. Moorfeld|gender=m)))
159034	planlos		
159035	der		
159036	Irre		
159037	.		
159038	Die		
159039	besuchtere		
159040	Straße		
159041	nach		
159042	Erie		
159043	,		
159044	der		
159045	Stadt		
159046	,		
159047	hatte		
159048	er	18451	(mention_id=18729|references=(entity=(entity_id=entity_0001|fullname=Dr. Moorfeld|gender=m)))
159049	absichtlich		
159050	vermieden		
159051	,		
159052	sein	18452	(mention_id=18730|references=(entity=(entity_id=entity_0001|fullname=Dr. Moorfeld|gender=m)))
159053	Weg		
159054	ging		
159055	in		
159056	die		
159057	einsamsten		
159058	Richtungen		
159059	.		
159060	Erst		
159061	als		
159062	der		
159063	Abend		
159064	niedersank		
159065	,		
159066	am		
159067	Horizont		
159068	dichtere		
159069	Waldmassen		
159070	in		
159071	finsterer		
159072	Geschlossenheit		
159073	zusammenrückten		
159074	und		
159075	die		
159076	Riesenschatten		
159077	der		
159078	Wheymuthtanne		
159079	,		
159080	wie		
159081	Landzungen		
159082	der		
159083	Nacht		
159084	tief		
159085	und		
159086	das		
159087	sonnige		
159088	Mattgold		
159089	des		
159090	wiesenflachen		
159091	Vordergrundes		
159092	einschnitten		
159093	,		
159094	dachte		
159095	Moorfeld	18453	(mention_id=18731|references=(entity=(entity_id=entity_0001|fullname=Dr. Moorfeld|gender=m)))
159096	zum		
159097	zweitenmale		
159098	an		
159099	seine	18454	(mention_id=18732|references=(entity=(entity_id=entity_0001|fullname=Dr. Moorfeld|gender=m)))
159100	Einkehr		
159101	.		
159102	Indem		
159103	er	18455	(mention_id=18733|references=(entity=(entity_id=entity_0001|fullname=Dr. Moorfeld|gender=m)))
159104	den		
159105	Zirkel		
159106	der		
159107	Gegend		
159108	nach		
159109	Spuren		
159110	menschlicher		
159111	Nähe		
159112	durchflog		
159113	,		
159114	tönten		
159115	ihm	18456	(mention_id=18734|references=(entity=(entity_id=entity_0001|fullname=Dr. Moorfeld|gender=m)))
159116	aus		
159117	dem		
159118	nahen		
159119	Waldgrund		
159120	Artschläge		
159121	entgegen		
159122	.		
159123	Moorfeld	18457	(mention_id=18735|references=(entity=(entity_id=entity_0001|fullname=Dr. Moorfeld|gender=m)))
159124	folgte		
159125	ihnen		
159126	.		
159127	Er	18458	(mention_id=18736|references=(entity=(entity_id=entity_0001|fullname=Dr. Moorfeld|gender=m)))
159128	fand		
159129	einen		
159130	Mann	18459	(mention_id=18737|references=(entity=(entity_id=entity_1028|fullname=indianischer Holzfäller|gender=m)))
159131	im		
159132	Schurzfell		
159133	und		
159134	baumwollenen		
159135	Hemde		
159136	,		
159137	welches		
159138	bis		
159139	an		
159140	den		
159141	Gürtel		
159142	eingestreift		
159143	war		
159144	,		
159145	beim		
159146	Holzfällen		
159147	.		
159148	Sein	18460	(mention_id=18738|references=(entity=(entity_id=entity_1028|fullname=indianischer Holzfäller|gender=m)))
159149	Körper		
159150	leuchtete		
159151	kupferroth		
159152	vom		
159153	Widerschein		
159154	der		
159155	untergehenden		
159156	Sonne		
159157	.		
159158	Doch		
159159	nein		
159160	;		
159161	Moorfeld	18461	(mention_id=18739|references=(entity=(entity_id=entity_0001|fullname=Dr. Moorfeld|gender=m)))
159162	erkannte		
159163	diese		
159164	Röthe		
159165	bald		
159166	als		
159167	die		
159168	natürliche		
159169	Hautfarbe		
159170	des		
159171	Mannes	18462	(mention_id=18740|references=(entity=(entity_id=entity_1028|fullname=indianischer Holzfäller|gender=m)))
159172	.		
159173	Der		
159174	Holzschläger	18463	(mention_id=18741|references=(entity=(entity_id=entity_1028|fullname=indianischer Holzfäller|gender=m)))
159175	war		
159176	ein		
159177	Indianer	18464	(mention_id=18742|references=(entity=(entity_id=entity_1028|fullname=indianischer Holzfäller|gender=m)))
159178	.		
159179	Zum		
159180	erstenmal		
159181	seit		
159182	er	18465	(mention_id=18743|references=(entity=(entity_id=entity_0001|fullname=Dr. Moorfeld|gender=m)))
159183	Amerika's		
159184	Boden		
159185	betreten		
159186	,		
159187	hatte		
159188	Moorfeld	18466	(mention_id=18744|references=(entity=(entity_id=entity_0001|fullname=Dr. Moorfeld|gender=m)))
159189	den		
159190	Anblick		
159191	der		
159192	rothen		
159193	Race	18467	
159194	.		
159195	Der		
159196	Indianer	18468	(mention_id=18745|references=(entity=(entity_id=entity_1028|fullname=indianischer Holzfäller|gender=m)))
159197	gehörte		
159198	offenbar		
159199	der		
159200	Civilisation		
159201	an		
159202	.		
159203	Sein	18469	(mention_id=18746|references=(entity=(entity_id=entity_1028|fullname=indianischer Holzfäller|gender=m)))
159204	Wesen		
159205	unterschied		
159206	sich		
159207	in		
159208	nichts		
159209	von		
159210	dem		
159211	arbeitgewohnten		
159212	Proletarier	18470	(mention_id=18747|references=(entity=(entity_id=entity_1028|fullname=indianischer Holzfäller|gender=m)),(entity=(entity_id=generic_5546|fullname=generic_1891|gender=u|specialcase_entity=generic)))
159213	.		
159214	Spuren		
159215	kriegerischer		
159216	Wildheit		
159217	leuchteten		
159218	nicht		
159219	daraus		
159220	vor		
159221	.		
159222	Seine	18471	(mention_id=18748|references=(entity=(entity_id=entity_1028|fullname=indianischer Holzfäller|gender=m)))
159223	Züge		
159224	waren		
159225	die		
159226	eines		
159227	alternden		
159228	,		
159229	sorgenvollen		
159230	Menschen	18472	(mention_id=18749|references=(entity=(entity_id=entity_1028|fullname=indianischer Holzfäller|gender=m)))
159231	,		
159232	seine	18473	(mention_id=18750|references=(entity=(entity_id=entity_1028|fullname=indianischer Holzfäller|gender=m)))
159233	schwarzen		
159234	Augen		
159235	lagen		
159236	hohl		
159237	und		
159238	wenn		
159239	sie		
159240	nicht		
159241	eben		
159242	mit		
159243	„		
159244	der		
159245	Gedankens		
159246	Blässe		
159247	“		
159248	blickten		
159249	,		
159250	so		
159251	war		
159252	es		
159253	doch		
159254	ein		
159255	—		
159256	christlicher		
159257	Leidensblick		
159258	.		
159259	Moorfeld	18474	(mention_id=18751|references=(entity=(entity_id=entity_0001|fullname=Dr. Moorfeld|gender=m)))
159260	hielt		
159261	sein	18475	(mention_id=18752|references=(entity=(entity_id=entity_0001|fullname=Dr. Moorfeld|gender=m)))
159262	Thier		
159263	an		
159264	,		
159265	und		
159266	fragte		
159267	nach		
159268	der		
159269	Lage		
159270	der		
159271	nächsten		
159272	Farm		
159273	.		
159274	Der		
159275	Indianer	18476	(mention_id=18753|references=(entity=(entity_id=entity_1028|fullname=indianischer Holzfäller|gender=m)))
159276	maß		
159277	ihn	18477	(mention_id=18754|references=(entity=(entity_id=entity_0001|fullname=Dr. Moorfeld|gender=m)))
159278	mit		
159279	argwöhnischen		
159280	Blicken		
159281	,		
159282	indem		
159283	er	18478	(mention_id=18755|references=(entity=(entity_id=entity_1028|fullname=indianischer Holzfäller|gender=m)))
159284	für		
159285	alle		
159286	Fälle		
159287	seine	18479	(mention_id=18756|references=(entity=(entity_id=entity_1028|fullname=indianischer Holzfäller|gender=m)))
159288	Axt		
159289	an		
159290	sich	18480	(mention_id=18757|references=(entity=(entity_id=entity_1028|fullname=indianischer Holzfäller|gender=m)))
159291	faßte		
159292	.		
159293	Moorfeld	18481	(mention_id=18758|references=(entity=(entity_id=entity_0001|fullname=Dr. Moorfeld|gender=m)))
159294	durchschaute		
159295	die		
159296	Lage		
159297	des		
159298	Mannes	18482	(mention_id=18759|references=(entity=(entity_id=entity_1028|fullname=indianischer Holzfäller|gender=m)))
159299	.		
159300	Aus		
159301	der		
159302	kurzen		
159303	Erfahrung		
159304	seines	18483	(mention_id=18760|references=(entity=(entity_id=entity_0001|fullname=Dr. Moorfeld|gender=m)))
159305	Grundbesitzes		
159306	wußte		
159307	er	18484	(mention_id=18761|references=(entity=(entity_id=entity_0001|fullname=Dr. Moorfeld|gender=m)))
159308	,		
159309	daß		
159310	der		
159311	Besitz		
159312	ausgedehnter		
159313	Waldstrecken		
159314	von		
159315	den		
159316	Nichtbesitzenden	18485	(mention_id=18762|references=(entity=(entity_id=generic_5547|fullname=generic_1892|gender=u|specialcase_entity=generic)),(entity=(entity_id=entity_1028|fullname=indianischer Holzfäller|gender=m)))
159317	kaum		
159318	als		
159319	ein		
159320	Recht		
159321	,		
159322	ja		
159323	fast		
159324	wie		
159325	eine		
159326	Versündigung		
159327	an		
159328	dem		
159329	Naturrechte		
159330	betrachtet		
159331	,		
159332	und		
159333	Jagd		
159334	und		
159335	Holzschlag		
159336	auf		
159337	sogenanntem		
159338	fremden		
159339	Boden		
159340	dieser		
159341	Anschauung		
159342	gemäß		
159343	überall		
159344	ausgeübt		
159345	wurde		
159346	.		
159347	Moorfeld	18486	(mention_id=18763|references=(entity=(entity_id=entity_0001|fullname=Dr. Moorfeld|gender=m)))
159348	war		
159349	kein		
159350	Gegner		(mention_id=18764|references=(entity=(entity_id=entity_0001|fullname=Dr. Moorfeld|gender=m)))
159351	dieser		
159352	Rechtsbegriffe		
159353	.		
159354	In		
159355	Amerika		
159356	,		
159357	wo		
159358	das		
159359	Holz		
159360	mehr		
159361	Last		
159362	als		
159363	Revenüe		
159364	ist		
159365	,		
159366	wo		
159367	durch		
159368	die		
159369	Landspeculation		
159370	aufgekaufte		
159371	Waldmassen		
159372	überall		
159373	herrenlos		
159374	liegen		
159375	und		
159376	sogar		
159377	oft		
159378	nicht		
159379	anders		
159380	als		
159381	mit		
159382	den		
159383	Noten		
159384	einer		
159385	Schwindelbank		
159386	bezahlt		
159387	sind		
159388	:		
159389	kann		
159390	der		
159391	größere		
159392	Waldfrevel		
159393	leicht		
159394	beim		
159395	Monopol		
159396	des		
159397	Besitzers	18487	(mention_id=18765|references=(entity=(entity_id=generic_5548|fullname=generic_1893|gender=u|specialcase_entity=generic)))
159398	selbst		
159399	zu		
159400	sein		
159401	scheinen		
159402	.		
159403	Deßungeachtet		
159404	handhabten		
159405	viele		
159406	Besitzer	18488	(mention_id=18766|references=(entity=(entity_id=generic_5549|fullname=generic_1894|gender=u|specialcase_entity=generic)))
159407	den		
159408	Schutz		
159409	ihrer	18489	(mention_id=18767|references=(entity=(entity_id=generic_5550|fullname=generic_1895|gender=u|specialcase_entity=generic)))
159410	Wälder		
159411	unerbittlich		
159412	,		
159413	mehr		
159414	mit		
159415	dem		
159416	Instinkte		
159417	der		
159418	Grausamkeit		
159419	als		
159420	der		
159421	Gerechtigkeit		
159422	,		
159423	und		
159424	der		
159425	Indianer	18490	(mention_id=18768|references=(entity=(entity_id=entity_1028|fullname=indianischer Holzfäller|gender=m)))
159426	fürchtete		
159427	seinem	18491	(mention_id=18769|references=(entity=(entity_id=entity_1028|fullname=indianischer Holzfäller|gender=m)))
159428	ganzen		
159429	Benehmen		
159430	nach		
159431	Verrath		
159432	.		
159433	Moorfeld	18492	(mention_id=18770|references=(entity=(entity_id=entity_0001|fullname=Dr. Moorfeld|gender=m)))
159434	sah		
159435	daher		
159436	ein		
159437	,		
159438	daß		
159439	er	18493	(mention_id=18771|references=(entity=(entity_id=entity_0001|fullname=Dr. Moorfeld|gender=m)))
159440	zuerst		
159441	um		
159442	das		
159443	Vertrauen		
159444	des		
159445	rothen		
159446	Mannes	18494	(mention_id=18772|references=(entity=(entity_id=entity_1028|fullname=indianischer Holzfäller|gender=m)))
159447	werben		
159448	müsse		
159449	.		
159450	Er	18495	(mention_id=18773|references=(entity=(entity_id=entity_0001|fullname=Dr. Moorfeld|gender=m)))
159451	bot		
159452	dem		
159453	Arbeitsmüden	18496	(mention_id=18774|references=(entity=(entity_id=entity_1028|fullname=indianischer Holzfäller|gender=m)))
159454	seine	18497	(mention_id=18775|references=(entity=(entity_id=entity_0001|fullname=Dr. Moorfeld|gender=m)))
159455	Feldflasche		
159456	an		
159457	,		
159458	überzeugt		
159459	,		
159460	den		
159461	kürzesten		
159462	Weg		
159463	zu		
159464	seinem	18498	(mention_id=18776|references=(entity=(entity_id=entity_0001|fullname=Dr. Moorfeld|gender=m)))
159465	Zweck		
159466	damit		
159467	einzuschlagen		
159468	.		
159469	Aber		
159470	der		
159471	Indianer	18499	(mention_id=18777|references=(entity=(entity_id=entity_1028|fullname=indianischer Holzfäller|gender=m)))
159472	stieß		
159473	die		
159474	Flasche		
159475	mit		
159476	Abscheu		
159477	zurück		
159478	.		
159479	Moorfeld	18500	(mention_id=18778|references=(entity=(entity_id=entity_0001|fullname=Dr. Moorfeld|gender=m)))
159480	staunte		
159481	.		
159482	Seid		
159483	Ihr	18501	(mention_id=18779|references=(entity=(entity_id=entity_1028|fullname=indianischer Holzfäller|gender=m)))
159484	Temperance-man	18502	(mention_id=18780|references=(entity=(entity_id=entity_1028|fullname=indianischer Holzfäller|gender=m)))
159485	?		
159486	fragte		
159487	er	18503	(mention_id=18781|references=(entity=(entity_id=entity_0001|fullname=Dr. Moorfeld|gender=m)))
159488	verwundert		
159489	.		
159490	Der		
159491	Indianer	18504	(mention_id=18782|references=(entity=(entity_id=entity_1028|fullname=indianischer Holzfäller|gender=m)))
159492	griff		
159493	fester		
159494	an		
159495	seine	18505	(mention_id=18783|references=(entity=(entity_id=entity_1028|fullname=indianischer Holzfäller|gender=m)))
159496	Axt		
159497	,		
159498	gleichsam		
159499	als		
159500	sei		
159501	es		
159502	gut		
159503	,		
159504	das		
159505	was		
159506	er	18506	(mention_id=18784|references=(entity=(entity_id=entity_1028|fullname=indianischer Holzfäller|gender=m)))
159507	sage		
159508	,		
159509	in		
159510	wehrhafter		
159511	Verfassung		
159512	zu		
159513	sagen		
159514	,		
159515	dann		
159516	stieß		
159517	er	18507	(mention_id=18785|references=(entity=(entity_id=entity_1028|fullname=indianischer Holzfäller|gender=m)))
159518	mit		
159519	Ingrimm		
159520	die		
159521	Worte		
159522	aus		
159523	:		
159524	Wollte		
159525	Gott	18508	
159526	,		
159527	nur		
159528	der		
159529	rothe		
159530	Mann	18509	(mention_id=18786|references=(entity=(entity_id=generic_5551|fullname=generic_1896|gender=u|specialcase_entity=generic)),(entity=(entity_id=entity_1028|fullname=indianischer Holzfäller|gender=m)|borderline_reference=ID))
159531	wäre		
159532	es		
159533	und		
159534	der		
159535	weißen		
159536	Männer	18510	(mention_id=18787|references=(entity=(entity_id=generic_5552|fullname=generic_1897|gender=u|specialcase_entity=generic)),(entity=(entity_id=entity_0001|fullname=Dr. Moorfeld|gender=m)|borderline_reference=ID))
159537	kein		
159538	einziger		
159539	.		
159540	Was		
159541	habt		
159542	Ihr	18511	(mention_id=18788|references=(entity=(entity_id=entity_0001|fullname=Dr. Moorfeld|gender=m)),(entity=(entity_id=generic_5553|fullname=generic_1898|gender=u|specialcase_entity=generic)))
159543	Mäßigkeitsvereine		
159544	und		
159545	führt		
159546	dem		
159547	rothen		
159548	Mann	18512	(mention_id=18789|references=(entity=(entity_id=generic_5554|fullname=generic_1899|gender=u|specialcase_entity=generic)))
159549	das		
159550	Evangelium		
159551	nie		
159552	anders		
159553	als		
159554	in		
159555	Begleitung		
159556	des		
159557	Whisky-Barrels		
159558	zu		
159559	?		
159560	Moorfeld	18513	(mention_id=18790|references=(entity=(entity_id=entity_0001|fullname=Dr. Moorfeld|gender=m)))
159561	wurde		
159562	aufmerksam		
159563	.		
159564	Er	18514	(mention_id=18791|references=(entity=(entity_id=entity_0001|fullname=Dr. Moorfeld|gender=m)))
159565	antwortete		
159566	vor		
159567	Allem		
159568	,		
159569	daß		
159570	er	18515	(mention_id=18792|references=(entity=(entity_id=entity_0001|fullname=Dr. Moorfeld|gender=m)))
159571	nicht		
159572	dem		
159573	Volke		
159574	der		
159575	Amerikaner		(mention_id=18793|references=(entity=(entity_id=generic_5555|fullname=generic_1900|gender=u|specialcase_entity=generic)))
159576	angehöre		
159577	.		
159578	Die		
159579	Züge		
159580	des		
159581	Indianers	18516	(mention_id=18794|references=(entity=(entity_id=entity_1028|fullname=indianischer Holzfäller|gender=m)))
159582	milderten		
159583	sich		
159584	.		
159585	Moorfeld	18517	(mention_id=18795|references=(entity=(entity_id=entity_0001|fullname=Dr. Moorfeld|gender=m)))
159586	fuhr		
159587	fort		
159588	und		
159589	lobte		
159590	das		
159591	tiefe		
159592	Gefühl		
159593	des		
159594	Indianers	18518	(mention_id=18796|references=(entity=(entity_id=entity_1028|fullname=indianischer Holzfäller|gender=m)))
159595	für		
159596	das		
159597	Nationalunglück		
159598	der		
159599	rothen		
159600	Race	18519	(mention_id=18797|references=(entity=(entity_id=generic_5556|fullname=generic_1901|gender=u|specialcase_entity=generic)))
159601	.		
159602	Der		
159603	Indianer	18520	(mention_id=18798|references=(entity=(entity_id=entity_1028|fullname=indianischer Holzfäller|gender=m)))
159604	,		
159605	auf		
159606	sein	18521	(mention_id=18799|references=(entity=(entity_id=entity_1028|fullname=indianischer Holzfäller|gender=m)))
159607	Beil		
159608	gelehnt		
159609	,		
159610	hörte		
159611	mit		
159612	einer		
159613	traurigen		
159614	Resignation		
159615	zu		
159616	.		
159617	Es		
159618	ist		
159619	nicht		
159620	das		
159621	,		
159622	sagte		
159623	er	18522	(mention_id=18800|references=(entity=(entity_id=entity_1028|fullname=indianischer Holzfäller|gender=m)))
159624	kopfschüttelnd		
159625	.		
159626	Es		
159627	ist		
159628	nicht		
159629	das		
159630	.		
159631	Der		
159632	rothe		
159633	Mann	18523	(mention_id=18801|references=(entity=(entity_id=generic_5557|fullname=generic_1902|gender=u|specialcase_entity=generic)))
159634	muß		
159635	untergehen		
159636	.		
159637	Ich	18524	(mention_id=18802|references=(entity=(entity_id=generic_5558|fullname=generic_1903|gender=u|specialcase_entity=generic)))
159638	sehe		
159639	den		
159640	Beschluß		
159641	des		
159642	Himmels		
159643	ein		
159644	,		
159645	und		
159646	ob		
159647	dieser		
159648	Beschluß		
159649	mit		
159650	Pulver		
159651	oder		
159652	mit		
159653	Branntwein		
159654	vollzogen		
159655	wird		
159656	,		
159657	kann		
159658	mir	18525	(mention_id=18803|references=(entity=(entity_id=entity_1028|fullname=indianischer Holzfäller|gender=m)))
159659	gleichgiltig		
159660	sein		
159661	.		
159662	Ich	18526	(mention_id=18804|references=(entity=(entity_id=entity_1028|fullname=indianischer Holzfäller|gender=m)))
159663	habe		
159664	es		
159665	öfter		
159666	als		
159667	einmal		
159668	gesehen		
159669	,		
159670	Sir	18527	(mention_id=18805|references=(entity=(entity_id=entity_0001|fullname=Dr. Moorfeld|gender=m)))
159671	,		
159672	wie		
159673	der		
159674	weiße		
159675	Mann	18528	(mention_id=18806|references=(entity=(entity_id=entity_1061|fullname=weißer Mann im Nanking|gender=m|borderline_entity=generic)))
159676	im		
159677	Nanking		
159678	schmunzelnd		
159679	dabeistand		
159680	,		
159681	wenn		
159682	ein		
159683	Haufe		
159684	halbnackter		
159685	Indianer	18529	(mention_id=18807|references=(entity=(entity_id=entity_1064|fullname=Haufe Indianer|gender=u|borderline_entity=generic|specialcase_entity=group)))
159686	nach		
159687	der		
159688	Wirkung		
159689	seines	18530	(mention_id=18808|references=(entity=(entity_id=entity_1061|fullname=weißer Mann im Nanking|gender=m|borderline_entity=generic)))
159690	Branntweinfaßes		
159691	sich	18531	
159692	mordgierig		
159693	in		
159694	die		
159695	Schlachtmesser		
159696	rannte		
159697	;		
159698	ich	18532	(mention_id=18809|references=(entity=(entity_id=entity_1028|fullname=indianischer Holzfäller|gender=m)))
159699	habe		
159700	es		
159701	gesehen		
159702	,		
159703	wie		
159704	der		
159705	feine		
159706	Staatsmann	18533	(mention_id=18810|references=(entity=(entity_id=entity_1099|fullname=feiner Staatsmann|gender=m|borderline_entity=generic|specialcase_entity=group)))
159707	aus		
159708	Washington		
159709	lächelte		
159710	,		
159711	wenn		
159712	betrunkene		
159713	Häuptlinge	18534	(mention_id=18811|references=(entity=(entity_id=entity_1041|fullname=Häuptlinge|gender=m|borderline_entity=generic|specialcase_entity=group)))
159714	ihren	18535	(mention_id=18812|references=(entity=(entity_id=entity_1041|fullname=Häuptlinge|gender=m|borderline_entity=generic|specialcase_entity=group)))
159715	Pfeil		
159716	,		
159717	ihren	18536	(mention_id=18813|references=(entity=(entity_id=entity_1041|fullname=Häuptlinge|gender=m|borderline_entity=generic|specialcase_entity=group)))
159718	Waschbär		
159719	,		
159720	ihre	18537	(mention_id=18814|references=(entity=(entity_id=entity_1041|fullname=Häuptlinge|gender=m|borderline_entity=generic|specialcase_entity=group)))
159721	Schildkröte		
159722	,		
159723	oder		
159724	was		
159725	sonst		
159726	ihren	18538	(mention_id=18815|references=(entity=(entity_id=entity_1041|fullname=Häuptlinge|gender=m|borderline_entity=generic|specialcase_entity=group)))
159727	Namenszug		
159728	bedeutete		
159729	,		
159730	besinnungslos		
159731	unter		
159732	einen		
159733	Staatsvertrag		
159734	malten		
159735	,		
159736	der		
159737	Tausende	18539	
159738	von		
159739	heldenmüthigen		
159740	Kriegern	18540	(mention_id=18816|references=(entity=(entity_id=entity_1081|fullname=Krieger|gender=m|borderline_entity=generic|specialcase_entity=group)))
159741	und		
159742	Jägern	18541	(mention_id=18817|references=(entity=(entity_id=entity_1085|fullname=Jäger|gender=m|borderline_entity=generic|specialcase_entity=group)))
159743	in		
159744	die		
159745	Verbannung		
159746	trieb		
159747	;		
159748	ich	18542	(mention_id=18818|references=(entity=(entity_id=entity_1028|fullname=indianischer Holzfäller|gender=m)))
159749	habe		
159750	es		
159751	gesehen		
159752	,		
159753	wie		
159754	der		
159755	Indian	18543	(mention_id=18819|references=(entity=(entity_id=entity_1044|fullname=Indian Trader|gender=m|borderline_entity=generic)))
159756	Trader	18543	(mention_id=18819|references=(entity=(entity_id=entity_1044|fullname=Indian Trader|gender=m|borderline_entity=generic)))
159757	sich	18544	(mention_id=18820|references=(entity=(entity_id=entity_1044|fullname=Indian Trader|gender=m|borderline_entity=generic)))
159758	die		
159759	Hände		
159760	rieb		
159761	,		
159762	wenn		
159763	er	18545	(mention_id=18821|references=(entity=(entity_id=entity_1044|fullname=Indian Trader|gender=m|borderline_entity=generic)))
159764	die		
159765	Jahresrente		
159766	eines		
159767	ausgekauften		
159768	Indianerstamms	18546	(mention_id=18822|references=(entity=(entity_id=entity_1074|fullname=Indianerstamm|gender=u|borderline_entity=generic|specialcase_entity=group)))
159769	,		
159770	wie		
159771	sie		
159772	blank		
159773	von		
159774	Washington		
159775	kam		
159776	,		
159777	im		
159778	Branntweinhandel		
159779	an		
159780	sich	18547	(mention_id=18823|references=(entity=(entity_id=entity_1044|fullname=Indian Trader|gender=m|borderline_entity=generic)))
159781	riß		
159782	und		
159783	habe		
159784	es		
159785	gesehen		
159786	wie		
159787	für		
159788	den		
159789	Genuß		
159790	des		
159791	Augenblicks		
159792	Hunderte		
159793	von		
159794	armen		
159795	Rothhäuten	18548	(mention_id=18824|references=(entity=(entity_id=entity_1093|fullname=Rothhäute|gender=u|borderline_entity=generic|specialcase_entity=group)))
159796	den		
159797	Winter		
159798	darauf		
159799	verhungerten		
159800	.		
159801	Ich	18549	(mention_id=18825|references=(entity=(entity_id=entity_1028|fullname=indianischer Holzfäller|gender=m)))
159802	habe		
159803	den		
159804	Branntweinkrieg		
159805	in		
159806	allen		
159807	Gestalten		
159808	gesehen		
159809	,		
159810	Sir	18550	(mention_id=18826|references=(entity=(entity_id=entity_0001|fullname=Dr. Moorfeld|gender=m)))
159811	,		
159812	und		
159813	habe		
159814	es		
159815	fühllos		
159816	gesehen		
159817	,		
159818	wie		
159819	man		
159820	das		
159821	Unvermeidliche		
159822	sieht		
159823	.		
159824	Aber		
159825	Eins		
159826	habe		
159827	ich	18551	(mention_id=18827|references=(entity=(entity_id=entity_1028|fullname=indianischer Holzfäller|gender=m)))
159828	nicht		
159829	fühllos		
159830	gesehen		
159831	.		
159832	Von		
159833	diesem		
159834	Tage		
159835	an		
159836	trank		
159837	ich	18552	(mention_id=18828|references=(entity=(entity_id=entity_1028|fullname=indianischer Holzfäller|gender=m)))
159838	kein		
159839	gebranntes		
159840	Wasser		
159841	mehr		
159842	.		
159843	Es		
159844	war		
159845	vor		
159846	zwei		
159847	Jahren		
159848	.		
159849	Der		
159850	Congreß		
159851	schickte		
159852	eine		
159853	Commission		(mention_id=18829|references=(entity=(entity_id=entity_1065|fullname=Commission des Congreß|gender=m|specialcase_entity=group)))
159854	zur		
159855	Schlichtung		
159856	von		
159857	Grenzstreitigkeiten		
159858	an		
159859	die		
159860	obern		
159861	Seen		
159862	;		
159863	ich	18553	(mention_id=18830|references=(entity=(entity_id=entity_1028|fullname=indianischer Holzfäller|gender=m)))
159864	ging		
159865	im		
159866	Solde		
159867	einer		
159868	Bibelgesellschaft		(mention_id=18831|references=(entity=(entity_id=entity_1071|fullname=Bibelgesellschaft|gender=u|specialcase_entity=group)))
159869	mit		
159870	.		
159871	Der		
159872	Ort		
159873	der		
159874	Staatsverhandlung		
159875	war		
159876	in		
159877	der		
159878	Nähe		
159879	von		
159880	Fort		
159881	Howard		
159882	zwischen		
159883	Greenbay		
159884	und		
159885	dem		
159886	Winnebagosee		
159887	.		
159888	Dort		
159889	wurde		
159890	das		
159891	Berathungsfeuer		
159892	angezündet		
159893	.		
159894	Die		
159895	Ufer		
159896	des		
159897	Foxflusses		
159898	wimmelten		
159899	von		
159900	Indianern	18554	(mention_id=18832|references=(entity=(entity_id=entity_1050|fullname=dreitausend Indianer|gender=u|members=entity_1043,entity_1068,entity_1073,entity_1075,entity_1076,entity_1078,entity_1084,entity_1095,entity_1097|all_members_given=True|specialcase_entity=group)))
159901	.		
159902	An		
159903	dreitausend		(mention_id=18833|references=(entity=(entity_id=entity_1050|fullname=dreitausend Indianer|gender=u|members=entity_1043,entity_1068,entity_1073,entity_1075,entity_1076,entity_1078,entity_1084,entity_1095,entity_1097|all_members_given=True|specialcase_entity=group)))
159904	waren		
159905	gekommen		
159906	im		
159907	Gefolge		
159908	ihrer	18555	(mention_id=18834|references=(entity=(entity_id=entity_1050|fullname=dreitausend Indianer|gender=u|members=entity_1043,entity_1068,entity_1073,entity_1075,entity_1076,entity_1078,entity_1084,entity_1095,entity_1097|all_members_given=True|specialcase_entity=group)))
159909	Häuptlinge	18556	(mention_id=18835|references=(entity=(entity_id=entity_1084|fullname=Häuptlinge der dreitausend Indianer|gender=m|members=entity_1096|all_members_given=False|specialcase_entity=group)))
159910	.		
159911	Die		
159912	Menomenies	18557	(mention_id=18836|references=(entity=(entity_id=entity_1078|fullname=Menomenies|gender=u|specialcase_entity=group)))
159913	,		
159914	die		
159915	Winnebagoes	18558	(mention_id=18837|references=(entity=(entity_id=entity_1043|fullname=Winnebagoes|gender=mf|members=entity_1034,entity_1053,entity_1058|all_members_given=False|specialcase_entity=group)))
159916	,		
159917	die		
159918	Stockbridges	18559	(mention_id=18838|references=(entity=(entity_id=entity_1095|fullname=Stockbridges|gender=u|specialcase_entity=group)))
159919	,		
159920	die		
159921	Oneidas	18560	(mention_id=18839|references=(entity=(entity_id=entity_1076|fullname=Oneidas|gender=u|specialcase_entity=group)))
159922	,		
159923	die		
159924	Chippeways	18561	(mention_id=18840|references=(entity=(entity_id=entity_1073|fullname=Chippeways|gender=u|specialcase_entity=group)))
159925	,		
159926	die		
159927	Brothertons	18562	(mention_id=18841|references=(entity=(entity_id=entity_1068|fullname=Brothertons|gender=u|specialcase_entity=group)))
159928	und		
159929	noch		
159930	viele		
159931	andere	18563	
159932	,		
159933	bekehrte		
159934	und		
159935	wilde		
159936	,		
159937	Ost-	18564	(mention_id=18842|references=(entity=(entity_id=entity_1075|fullname=Ostvölker|gender=u|specialcase_entity=group)))
159938	und		
159939	Westvölker	18565	(mention_id=18843|references=(entity=(entity_id=entity_1097|fullname=Westvölker|gender=u|specialcase_entity=group)))
159940	sah		
159941	man		
159942	vertreten		
159943	.		
159944	Vor		
159945	allen		
159946	herrlich		
159947	schritten		
159948	die		
159949	Männer	18566	(mention_id=18844|references=(entity=(entity_id=entity_1058|fullname=Männer der Winnebagoes|gender=m|specialcase_entity=group)))
159950	und		
159951	Frauen	18567	(mention_id=18845|references=(entity=(entity_id=entity_1053|fullname=Frauen der Winnebagoes|gender=f|specialcase_entity=group)))
159952	der		
159953	stolzen		
159954	Winnebagoes	18568	(mention_id=18846|references=(entity=(entity_id=entity_1043|fullname=Winnebagoes|gender=mf|members=entity_1034,entity_1053,entity_1058|all_members_given=False|specialcase_entity=group)))
159955	.		
159956	Sie	18569	(mention_id=18847|references=(entity=(entity_id=entity_1058|fullname=Männer der Winnebagoes|gender=m|specialcase_entity=group)),(entity=(entity_id=entity_1053|fullname=Frauen der Winnebagoes|gender=f|specialcase_entity=group)))
159957	trugen		
159958	die		
159959	schönsten		
159960	Waffen		
159961	,		
159962	den		
159963	schönsten		
159964	Schmuck		
159965	,		
159966	hatten		
159967	die		
159968	besten		
159969	Canoes		
159970	,		
159971	die		
159972	stattlichsten		
159973	Zelte		
159974	.		
159975	An		
159976	einem		
159977	strahlenreichen		
159978	Morgen		
159979	,		
159980	als		
159981	über		
159982	der		
159983	stillen		
159984	Fläche		
159985	des		
159986	Foxflusses		
159987	die		
159988	Nebel		
159989	zu		
159990	wallen		
159991	und		
159992	sich		
159993	zu		
159994	brechen		
159995	anfingen		
159996	,		
159997	betrat		
159998	ich	18570	(mention_id=18848|references=(entity=(entity_id=entity_1028|fullname=indianischer Holzfäller|gender=m)))
159999	zuerst		
160000	ihr	18571	(mention_id=18849|references=(entity=(entity_id=entity_1043|fullname=Winnebagoes|gender=mf|members=entity_1034,entity_1053,entity_1058|all_members_given=False|specialcase_entity=group)))
160001	weitverstreutes		
160002	Zeltlager		
160003	.		
160004	Hier		
160005	erblickt'		
160006	ich	18572	(mention_id=18850|references=(entity=(entity_id=entity_1028|fullname=indianischer Holzfäller|gender=m)))
160007	die		
160008	Tochter	18573	(mention_id=18851|references=(entity=(entity_id=entity_1034|fullname=Tochter des Häuptlings|gender=f)))
160009	eines		
160010	Häuptlings	18574	(mention_id=18852|references=(entity=(entity_id=entity_1096|fullname=ein Winnebagoe-Häuptling|gender=m)))
160011	,		
160012	ein		
160013	junges		
160014	,		
160015	schönes		
160016	,		
160017	reichgekleidetes		
160018	Mädchen	18575	(mention_id=18853|references=(entity=(entity_id=entity_1034|fullname=Tochter des Häuptlings|gender=f)))
160019	.		
160020	Sie	18576	(mention_id=18854|references=(entity=(entity_id=entity_1034|fullname=Tochter des Häuptlings|gender=f)))
160021	schritt		
160022	einher		
160023	mit		
160024	dem		
160025	ganzen		
160026	Stolze		
160027	jungfräulicher		
160028	Reinheit		
160029	und		
160030	Anmuth		
160031	.		
160032	Eine		
160033	natürliche		
160034	Heiterkeit		
160035	strahlte		
160036	aus		
160037	ihrem	18577	(mention_id=18855|references=(entity=(entity_id=entity_1034|fullname=Tochter des Häuptlings|gender=f)))
160038	Auge		
160039	,		
160040	jede		
160041	ihrer	18578	(mention_id=18856|references=(entity=(entity_id=entity_1034|fullname=Tochter des Häuptlings|gender=f)))
160042	Bewegungen		
160043	war		
160044	reizend		
160045	und		
160046	würdevoll		
160047	.		
160048	Sie	18579	(mention_id=18857|references=(entity=(entity_id=entity_1034|fullname=Tochter des Häuptlings|gender=f)))
160049	glich		
160050	einer		
160051	Blume		
160052	im		
160053	Glanze		
160054	des		
160055	ersten		
160056	Morgenthau'		
160057	s.		
160058	Nach		
160059	drei		
160060	Tagen		
160061	führte		
160062	mich	18580	(mention_id=18858|references=(entity=(entity_id=entity_1028|fullname=indianischer Holzfäller|gender=m)))
160063	mein	18581	(mention_id=18859|references=(entity=(entity_id=entity_1028|fullname=indianischer Holzfäller|gender=m)))
160064	Dienst		
160065	wieder		
160066	zu		
160067	den		
160068	Winnebagoes	18582	(mention_id=18860|references=(entity=(entity_id=entity_1043|fullname=Winnebagoes|gender=mf|members=entity_1034,entity_1053,entity_1058|all_members_given=False|specialcase_entity=group)))
160069	.		
160070	Ich	18583	(mention_id=18861|references=(entity=(entity_id=entity_1028|fullname=indianischer Holzfäller|gender=m)))
160071	begegnete		
160072	demselben		
160073	Mädchen	18584	(mention_id=18862|references=(entity=(entity_id=entity_1034|fullname=Tochter des Häuptlings|gender=f)))
160074	.		
160075	Sie	18585	(mention_id=18863|references=(entity=(entity_id=entity_1034|fullname=Tochter des Häuptlings|gender=f)))
160076	saß		
160077	in		
160078	einsamer		
160079	Entfernung		
160080	von		
160081	dem		
160082	väterlichen		
160083	Zelte		
160084	am		
160085	Ufer		
160086	des		
160087	Foxflusses		
160088	.		
160089	Ihr	18586	(mention_id=18864|references=(entity=(entity_id=entity_1034|fullname=Tochter des Häuptlings|gender=f)))
160090	Haar		
160091	war		
160092	los		
160093	,		
160094	ihr	18587	(mention_id=18865|references=(entity=(entity_id=entity_1034|fullname=Tochter des Häuptlings|gender=f)))
160095	Schmuck		
160096	,		
160097	ihre	18588	(mention_id=18866|references=(entity=(entity_id=entity_1034|fullname=Tochter des Häuptlings|gender=f)))
160098	kostbaren		
160099	Kleider		
160100	verschwunden		
160101	,		
160102	ein		
160103	Tuch		
160104	hing		
160105	über		
160106	ihre	18589	(mention_id=18867|references=(entity=(entity_id=entity_1034|fullname=Tochter des Häuptlings|gender=f)))
160107	Schultern		
160108	und		
160109	bedeckte		
160110	nothdürftig		
160111	ihren	18590	(mention_id=18868|references=(entity=(entity_id=entity_1034|fullname=Tochter des Häuptlings|gender=f)))
160112	Körper		
160113	.		
160114	Ihr	18591	(mention_id=18869|references=(entity=(entity_id=entity_1034|fullname=Tochter des Häuptlings|gender=f)))
160115	ganzes		
160116	Aeußere		
160117	war		
160118	ein		
160119	Bild		
160120	von		
160121	verlorener		
160122	Selbstachtung		
160123	.		
160124	Geist		
160125	und		
160126	Adel		
160127	hatten		
160128	ihr	18592	(mention_id=18870|references=(entity=(entity_id=entity_1034|fullname=Tochter des Häuptlings|gender=f)))
160129	Antlitz		
160130	verlassen		
160131	,		
160132	ihr	18593	(mention_id=18871|references=(entity=(entity_id=entity_1034|fullname=Tochter des Häuptlings|gender=f)))
160133	Auge		
160134	stierte		
160135	todt		
160136	in		
160137	die		
160138	Wellen		
160139	des		
160140	Flusses		
160141	.		
160142	Bestürzt		
160143	fragte		
160144	ich	18594	(mention_id=18872|references=(entity=(entity_id=entity_1028|fullname=indianischer Holzfäller|gender=m)))
160145	.		
160146	Ach		
160147	,		
160148	sie	18595	(mention_id=18873|references=(entity=(entity_id=entity_1034|fullname=Tochter des Häuptlings|gender=f)))
160149	war		
160150	zu		
160151	unschuldig		
160152	ihr	18596	(mention_id=18874|references=(entity=(entity_id=entity_1034|fullname=Tochter des Häuptlings|gender=f)))
160153	Unglück		
160154	zu		
160155	verheimlichen		
160156	.		
160157	Ein		
160158	weißer		
160159	Mann	18597	(mention_id=18875|references=(entity=(entity_id=entity_1102|fullname=weißer Mann|gender=m)))
160160	hatte		
160161	ihr	18598	(mention_id=18876|references=(entity=(entity_id=entity_1034|fullname=Tochter des Häuptlings|gender=f)))
160162	Feuerwasser		
160163	gegeben		
160164	und		
160165	sie	18599	(mention_id=18877|references=(entity=(entity_id=entity_1034|fullname=Tochter des Häuptlings|gender=f)))
160166	entehrt		
160167	.		
160168	Als		
160169	ich	18600	(mention_id=18878|references=(entity=(entity_id=entity_1028|fullname=indianischer Holzfäller|gender=m)))
160170	dieses		
160171	hörte		
160172	,		
160173	warf		
160174	ich	18601	(mention_id=18879|references=(entity=(entity_id=entity_1028|fullname=indianischer Holzfäller|gender=m)))
160175	meine	18602	(mention_id=18880|references=(entity=(entity_id=entity_1028|fullname=indianischer Holzfäller|gender=m)))
160176	Bibeln		
160177	in		
160178	den		
160179	Foxfluß		
160180	,		
160181	kehrte		
160182	zurück		
160183	,		
160184	und		
160185	gewinne		
160186	mein	18603	(mention_id=18881|references=(entity=(entity_id=entity_1028|fullname=indianischer Holzfäller|gender=m)))
160187	armes		
160188	Leben		
160189	mit		
160190	dieser		
160191	Axt		
160192	.		
160193	So		
160194	sprach		
160195	der		
160196	Indianer	18604	(mention_id=18882|references=(entity=(entity_id=entity_1028|fullname=indianischer Holzfäller|gender=m)))
160197	.		
160198	Moorfeld	18605	(mention_id=18883|references=(entity=(entity_id=entity_0001|fullname=Dr. Moorfeld|gender=m)))
160199	aber		
160200	fragte		
160201	nicht		
160202	mehr		
160203	nach		
160204	der		
160205	nächsten		
160206	Farm		
160207	;		
160208	er	18606	(mention_id=18884|references=(entity=(entity_id=entity_0001|fullname=Dr. Moorfeld|gender=m)))
160209	übernachtete		
160210	in		
160211	dem		
160212	Reisigzelte		
160213	des		
160214	rothen		
160215	Mannes	18607	(mention_id=18885|references=(entity=(entity_id=entity_1028|fullname=indianischer Holzfäller|gender=m)))
160216	.		
160217	Wie		
160218	erwachte		
160219	er	18608	(mention_id=18886|references=(entity=(entity_id=entity_0001|fullname=Dr. Moorfeld|gender=m)))
160220	morgens		
160221	!		
160222	Verdrossen		
160223	,		
160224	nicht		
160225	leidenschaftlich		
160226	schleppte		
160227	er	18609	(mention_id=18887|references=(entity=(entity_id=entity_0001|fullname=Dr. Moorfeld|gender=m)))
160228	diesen		
160229	Tag		
160230	sich	18610	(mention_id=18888|references=(entity=(entity_id=entity_0001|fullname=Dr. Moorfeld|gender=m)))
160231	weiter		
160232	.		
160233	Sein	18611	(mention_id=18889|references=(entity=(entity_id=entity_0001|fullname=Dr. Moorfeld|gender=m)))
160234	Reisetrieb		
160235	war		
160236	gedämpft		
160237	,		
160238	der		
160239	Schmelz		
160240	jener		
160241	duftigen		
160242	Waldregionen		
160243	dahin		
160244	.		
160245	Hätte		
160246	er	18612	(mention_id=18890|references=(entity=(entity_id=entity_0001|fullname=Dr. Moorfeld|gender=m)))
160247	nicht		
160248	Anhorst		(mention_id=18891|references=(entity=(entity_id=entity_0782|fullname=Max Anhorst|gender=m)))
160249	in		
160250	Detroit		
160251	zu		
160252	finden		
160253	,		
160254	oder		
160255	zu		
160256	erwarten		
160257	gehofft		
160258	,		
160259	so		
160260	stand		
160261	er	18613	(mention_id=18892|references=(entity=(entity_id=entity_0001|fullname=Dr. Moorfeld|gender=m)))
160262	ganz		
160263	ziellos		
160264	jetzt		
160265	auf		
160266	seinen	18614	(mention_id=18893|references=(entity=(entity_id=entity_0001|fullname=Dr. Moorfeld|gender=m)))
160267	wilden		
160268	Irrwegen		
160269	.		
160270	Dieser		
160271	Eine		
160272	Zug		
160273	bewegte		
160274	ihn	18615	(mention_id=18894|references=(entity=(entity_id=entity_0001|fullname=Dr. Moorfeld|gender=m)))
160275	noch		
160276	vorwärts		
160277	.		
160278	Die		
160279	Landschaft		
160280	war		
160281	heute		
160282	angenehmer		
160283	,		
160284	die		
160285	Luft		
160286	dagegen		
160287	gänzlich		
160288	verstimmt		
160289	.		
160290	Gegen		
160291	Mittag		
160292	verfinsterte		
160293	sich		
160294	der		
160295	Horizont		
160296	.		
160297	Vom		
160298	Norden		
160299	brach		
160300	ein		
160301	heftiger		
160302	Sturm		
160303	ins		
160304	Land		
160305	,		
160306	überflügelte		
160307	den		
160308	Himmel		
160309	im		
160310	Nu		
160311	mit		
160312	einer		
160313	Beduinenarmee		
160314	von		
160315	kaltgrauen		
160316	Haufwolken		
160317	.		
160318	Wildbrüllend		
160319	wälzte		
160320	der		
160321	gigantische		
160322	Schwarm		
160323	sich		
160324	übers		
160325	Firmament		
160326	und		
160327	auf		
160328	der		
160329	Erde		
160330	verrannte		
160331	sich		
160332	Schatten		
160333	in		
160334	Schatten		
160335	.		
160336	Die		
160337	Temperatur		
160338	sank		
160339	empfindlich		
160340	;		
160341	schneller		
160342	wechselt		
160343	auf		
160344	einer		
160345	Schaubühne		
160346	die		
160347	Scene		
160348	nicht		
160349	,		
160350	als		
160351	an		
160352	diesem		
160353	Tage		
160354	der		
160355	Personenwechsel		
160356	von		
160357	Sommer		
160358	und		
160359	Herbst		
160360	vorzugehen		
160361	schien		
160362	.		
160363	Moorfeld	18616	(mention_id=18895|references=(entity=(entity_id=entity_0001|fullname=Dr. Moorfeld|gender=m)))
160364	suchte		
160365	jetzt		
160366	nothgedrungen		
160367	den		
160368	Schutz		
160369	der		
160370	Wälder		
160371	,		
160372	deren		
160373	Einsamkeit		
160374	und		
160375	dunkleres		
160376	Colorit		
160377	er	18617	(mention_id=18896|references=(entity=(entity_id=entity_0001|fullname=Dr. Moorfeld|gender=m)))
160378	sonst		
160379	nur		
160380	gesucht		
160381	.		
160382	Sie		
160383	standen		
160384	streckenweise		
160385	wieder		
160386	so		
160387	unwüchsig		
160388	heute		
160389	,		
160390	daß		
160391	unter		
160392	ihren		
160393	Gewölben		
160394	,		
160395	wie		
160396	in		
160397	Kasematten		
160398	einer		
160399	natürlichen		
160400	Festung		
160401	,		
160402	dem		
160403	stärksten		
160404	Bombardement		
160405	eines		
160406	Wetters		
160407	zu		
160408	trotzen		
160409	.		
160410	Ein		
160411	solches		
160412	erwartete		
160413	Moorfeld	18618	(mention_id=18897|references=(entity=(entity_id=entity_0001|fullname=Dr. Moorfeld|gender=m)))
160414	.		
160415	Aber		
160416	der		
160417	Ausbruch		
160418	war		
160419	kein		
160420	Sommergewitter		
160421	mit		
160422	Blitz		
160423	und		
160424	Donner		
160425	und		
160426	dem		
160427	raschen		
160428	Abprasseln		
160429	eines		
160430	Stromregens		
160431	.		
160432	Moorfeld	18619	(mention_id=18898|references=(entity=(entity_id=entity_0001|fullname=Dr. Moorfeld|gender=m)))
160433	ritt		
160434	manche		
160435	Stunde		
160436	zu		
160437	,		
160438	bis		
160439	er	18620	(mention_id=18899|references=(entity=(entity_id=entity_0001|fullname=Dr. Moorfeld|gender=m)))
160440	erkannte		
160441	,		
160442	daß		
160443	nicht		
160444	die		
160445	letzte		
160446	Wuth		
160447	des		
160448	Sirius		
160449	,		
160450	sondern		
160451	die		
160452	erste		
160453	der		
160454	Aequinoktialstürme		
160455	über		
160456	ihn	18621	(mention_id=18900|references=(entity=(entity_id=entity_0001|fullname=Dr. Moorfeld|gender=m)))
160457	ausgebrochen		
160458	.		
160459	Der		
160460	Regen		
160461	begann		
160462	zwar		
160463	,		
160464	aber		
160465	in		
160466	unruhigen		
160467	,		
160468	zerflatterten		
160469	Zwischenpausen		
160470	;		
160471	das		
160472	wüste		
160473	Getriebe		
160474	der		
160475	Haufwolken		
160476	ballte		
160477	sich		
160478	regellos		
160479	in		
160480	verschiedener		
160481	Dichtigkeit		
160482	,		
160483	Temperatur		
160484	und		
160485	Lufthöhe		
160486	,		
160487	eine		
160488	Wolke		
160489	regnete		
160490	in		
160491	die		
160492	andere		
160493	,		
160494	und		
160495	die		
160496	frostschauernden		
160497	Windstoße		
160498	rißen		
160499	sie		
160500	eben		
160501	so		
160502	oft		
160503	auseinander		
160504	,		
160505	als		
160506	sie		
160507	im		
160508	nächsten		
160509	Nu		
160510	,		
160511	wie		
160512	mit		
160513	Keulen		
160514	der		
160515	Treibjagd		
160516	,		
160517	den		
160518	nassen		
160519	Pferch		
160520	zusammenhetzten		
160521	.		
160522	Die		
160523	Nacht		
160524	fiel		
160525	an		
160526	diesem		
160527	Abend		
160528	früher		
160529	herein		
160530	,		
160531	als		
160532	es		
160533	Gesetz		
160534	der		
160535	Jahreszeit		
160536	.		
160537	Moorfeld	18622	(mention_id=18901|references=(entity=(entity_id=entity_0001|fullname=Dr. Moorfeld|gender=m)))
160538	erkannte		
160539	an		
160540	der		
160541	Harzluft		
160542	und		
160543	an		
160544	den		
160545	verworrenen		
160546	Figuren		
160547	der		
160548	Bäume		
160549	,		
160550	daß		
160551	es		
160552	ein		
160553	Wald		
160554	von		
160555	Nadelholz		
160556	war		
160557	,		
160558	in		
160559	welchem		
160560	sie		
160561	mit		
160562	plötzlich		
160563	verzehrendem		
160564	Dunkel		
160565	ihn	18623	(mention_id=18902|references=(entity=(entity_id=entity_0001|fullname=Dr. Moorfeld|gender=m)))
160566	überraschte		
160567	.		
160568	Er	18624	(mention_id=18903|references=(entity=(entity_id=entity_0001|fullname=Dr. Moorfeld|gender=m)))
160569	stieg		
160570	vom		
160571	Pferde		
160572	,		
160573	schlug		
160574	Feuer		
160575	,		
160576	hieb		
160577	sich	18625	(mention_id=18904|references=(entity=(entity_id=entity_0001|fullname=Dr. Moorfeld|gender=m)))
160578	einen		
160579	Fichtenzweig		
160580	ab		
160581	,		
160582	und		
160583	leuchtete		
160584	seinen	18626	(mention_id=18905|references=(entity=(entity_id=entity_0001|fullname=Dr. Moorfeld|gender=m)))
160585	unergründlichen		
160586	Wegen		
160587	.		
160588	Sein	18627	(mention_id=18906|references=(entity=(entity_id=entity_0001|fullname=Dr. Moorfeld|gender=m)))
160589	Thier		
160590	war		
160591	vor		
160592	Angst		
160593	und		
160594	Anstrengung		
160595	gebadet		
160596	in		
160597	Schweiß		
160598	,		
160599	von		
160600	seinen		
160601	Weichen		
160602	wirbelte		
160603	Dampf		
160604	auf		
160605	.		
160606	Moorfeld	18628	(mention_id=18907|references=(entity=(entity_id=entity_0001|fullname=Dr. Moorfeld|gender=m)))
160607	führte		
160608	es		
160609	am		
160610	Zaume		
160611	neben		
160612	sich	18629	(mention_id=18908|references=(entity=(entity_id=entity_0001|fullname=Dr. Moorfeld|gender=m)))
160613	her		
160614	.		
160615	Aber		
160616	seltsamer		
160617	Weise		
160618	zeigte		
160619	es		
160620	einen		
160621	begierigen		
160622	Trieb		
160623	nach		
160624	vorwärts		
160625	,		
160626	es		
160627	warf		
160628	den		
160629	Kopf		
160630	hoch		
160631	an		
160632	den		
160633	Hals		
160634	zurück		
160635	,		
160636	schnob		
160637	mit		
160638	weiten		
160639	Nüstern		
160640	sehnsüchtig		
160641	in		
160642	die		
160643	Luft		
160644	und		
160645	setzte		
160646	sich		
160647	wiederholt		
160648	in		
160649	einen		
160650	Trab		
160651	,		
160652	dem		
160653	Moorfeld	18630	(mention_id=18909|references=(entity=(entity_id=entity_0001|fullname=Dr. Moorfeld|gender=m)))
160654	zu		
160655	Fuße		
160656	nicht		
160657	folgen		
160658	konnte		
160659	.		
160660	Er	18631	(mention_id=18910|references=(entity=(entity_id=entity_0001|fullname=Dr. Moorfeld|gender=m)))
160661	schloß		
160662	,		
160663	daß		
160664	das		
160665	Thier		
160666	irgend		
160667	eine		
160668	Wasserstelle		
160669	wittere		
160670	.		
160671	So		
160672	bestieg		
160673	er	18632	(mention_id=18911|references=(entity=(entity_id=entity_0001|fullname=Dr. Moorfeld|gender=m)))
160674	es		
160675	wieder		
160676	und		
160677	überließ		
160678	es		
160679	seinem		
160680	Instinkte		
160681	.		
160682	Das		
160683	Pferd		
160684	griff		
160685	sogleich		
160686	mit		
160687	munterem		
160688	Gewieher		
160689	aus		
160690	.		
160691	Der		
160692	Wald		
160693	war		
160694	so		
160695	frei		
160696	,		
160697	wie		
160698	rasirt		
160699	,		
160700	von		
160701	Unterholz		
160702	;		
160703	das		
160704	Thier		
160705	trabte		
160706	lebhafter		
160707	,		
160708	als		
160709	seit		
160710	Stunden		
160711	.		
160712	Rasch		
160713	flogen		
160714	die		
160715	Stämme		
160716	der		
160717	Bäume		
160718	an		
160719	Moorfeld's	18633	(mention_id=18912|references=(entity=(entity_id=entity_0001|fullname=Dr. Moorfeld|gender=m)))
160720	Fackel		
160721	vorüber		
160722	,		
160723	die		
160724	Beleuchtung		
160725	schnitt		
160726	ein		
160727	Bild		
160728	um		
160729	das		
160730	andere		
160731	aus		
160732	der		
160733	allgemeinen		
160734	Finsterniß		
160735	heraus		
160736	,		
160737	um		
160738	es		
160739	eben		
160740	so		
160741	schnell		
160742	wieder		
160743	verschwinden		
160744	zu		
160745	machen		
160746	.		
160747	Droben		
160748	aber		
160749	verschränkte		
160750	sich		
160751	Alles		
160752	zu		
160753	einer		
160754	dichten		
160755	undurchdringlichen		
160756	Schattenmasse		
160757	,		
160758	durch		
160759	welche		
160760	Sturm		
160761	und		
160762	Regen		
160763	dumpfbrausend		
160764	heulte		
160765	;		
160766	zuweilen		
160767	fand		
160768	ein		
160769	gebrochener		
160770	Ast		
160771	im		
160772	Herabfallen		
160773	bis		
160774	auf		
160775	den		
160776	Boden		
160777	des		
160778	Waldes		
160779	seinen		
160780	Weg		
160781	und		
160782	verrieth		
160783	den		
160784	Wurzeln		
160785	und		
160786	Stämmen		
160787	der		
160788	Bäume		
160789	,		
160790	in		
160791	welchem		
160792	Schlachtgewühl		
160793	ihre		
160794	Spitzen		
160795	trieben		
160796	.		
160797	Nach		
160798	einem		
160799	Ritt		
160800	von		
160801	ungefähr		
160802	einer		
160803	englischen		
160804	Meile		
160805	glaubte		
160806	Moorfeld	18634	(mention_id=18913|references=(entity=(entity_id=entity_0001|fullname=Dr. Moorfeld|gender=m)))
160807	eine		
160808	veränderte		
160809	Luft		
160810	zu		
160811	athmen		
160812	.		
160813	Auf		
160814	einmal		
160815	sah		
160816	er	18635	(mention_id=18914|references=(entity=(entity_id=entity_0001|fullname=Dr. Moorfeld|gender=m)))
160817	durch		
160818	die		
160819	Bäume		
160820	des		
160821	Waldes		
160822	seinen	18636	
160823	Boden		
160824	wanken		
160825	und		
160826	schwanken		
160827	,		
160828	ein		
160829	flüssig		
160830	gewordener		
160831	Horizont		
160832	rannte		
160833	auf		
160834	und		
160835	ab		
160836	vor		
160837	seinen	18637	(mention_id=18915|references=(entity=(entity_id=entity_0001|fullname=Dr. Moorfeld|gender=m)))
160838	Augen		
160839	,		
160840	auf		
160841	eine		
160842	tief		
160843	graue		
160844	Ferne		
160845	hinaus		
160846	erblickte		
160847	er	18638	(mention_id=18916|references=(entity=(entity_id=entity_0001|fullname=Dr. Moorfeld|gender=m)))
160848	nichts		
160849	als		
160850	einen		
160851	Taumel		
160852	zerbrochener		
160853	Linien		
160854	die		
160855	in		
160856	blitzschnellen		
160857	Veränderungen		
160858	über		
160859	einander		
160860	herstürzten		
160861	und		
160862	mit		
160863	Wind		
160864	und		
160865	Wolken		
160866	vermischt		
160867	in		
160868	rythmuslosen		
160869	Zischlauten		
160870	siedeten		
160871	und		
160872	surrten		
160873	,		
160874	daß		
160875	Aug'		
160876	und		
160877	Ohr		
160878	vor		
160879	dem		
160880	sinnlosen		
160881	Wunder		
160882	erstarrten		
160883	.		
160884	Moorfeld	18639	(mention_id=18917|references=(entity=(entity_id=entity_0001|fullname=Dr. Moorfeld|gender=m)))
160885	hielt		
160886	die		
160887	Fackel		
160888	hoch		
160889	,		
160890	blickte		
160891	,		
160892	staunte		
160893	,		
160894	combinirte		
160895	wie		
160896	im		
160897	Traume		
160898	und		
160899	erkannte		
160900	endlich		
160901	das		
160902	Bild		
160903	einer		
160904	großen		
160905	sturmbewegten		
160906	Flut		
160907	.		
160908	Er	18640	(mention_id=18918|references=(entity=(entity_id=entity_0001|fullname=Dr. Moorfeld|gender=m)))
160909	stand		
160910	am		
160911	Eriesee		
160912	.		
160913	Es		
160914	war		
160915	ein		
160916	Bild		
160917	wie		
160918	zur		
160919	Verzweiflung		
160920	gemacht		
160921	.		
160922	Oben		
160923	eine		
160924	Decke		
160925	grauer		
160926	und		
160927	formlos		
160928	zerfließender		
160929	,		
160930	unten		
160931	ein		
160932	Chaos		
160933	schwarzer		
160934	und		
160935	starrer		
160936	Schatten		
160937	,		
160938	dort		
160939	die		
160940	Wolken-		
160941	hier		
160942	die		
160943	Waldlandschaft		
160944	einräthselnd		
160945	;		
160946	dazwischen		
160947	eine		
160948	wilde		
160949	Jagd		
160950	von		
160951	Wellen		
160952	und		
160953	Wogen		
160954	,		
160955	in		
160956	raumloser		
160957	Finsterniß		
160958	unendlich		
160959	für		
160960	die		
160961	Sinne		
160962	wie		
160963	für		
160964	die		
160965	Ahnung		
160966	,		
160967	und		
160968	drüber		
160969	her		
160970	ein		
160971	reißender		
160972	Sturm		
160973	,		
160974	der		
160975	über		
160976	den		
160977	See		
160978	mit		
160979	einem		
160980	hohen		
160981	und		
160982	zischenden		
160983	,		
160984	über		
160985	den		
160986	Wald		
160987	mit		
160988	einem		
160989	tiefen		
160990	und		
160991	brüllenden		
160992	Ton		
160993	fuhr		
160994	und		
160995	so		
160996	die		
160997	ungefähre		
160998	Grenze		
160999	von		
161000	Wasser		
161001	und		
161002	Erde		
161003	aus		
161004	dem		
161005	grobsten		
161006	Naturlaut		
161007	heraus		
161008	verkündete		
161009	.		
161010	Moorfeld	18641	(mention_id=18919|references=(entity=(entity_id=entity_0001|fullname=Dr. Moorfeld|gender=m)))
161011	stand		
161012	und		
161013	erlabte		
161014	sich	18642	(mention_id=18920|references=(entity=(entity_id=entity_0001|fullname=Dr. Moorfeld|gender=m)))
161015	in		
161016	einem		
161017	langen		
161018	bewundernden		
161019	Blicke		
161020	an		
161021	dieser		
161022	Unterwelts-Scene		
161023	.		
161024	Er	18643	(mention_id=18921|references=(entity=(entity_id=entity_0001|fullname=Dr. Moorfeld|gender=m)))
161025	hörte		
161026	sein	18644	(mention_id=18922|references=(entity=(entity_id=entity_0001|fullname=Dr. Moorfeld|gender=m)))
161027	Pferd		
161028	unter		
161029	sich	18645	(mention_id=18923|references=(entity=(entity_id=entity_0001|fullname=Dr. Moorfeld|gender=m)))
161030	in		
161031	tiefen		
161032	Zügen		
161033	schlürfen		
161034	,		
161035	leuchtete		
161036	hinab		
161037	und		
161038	sah		
161039	eine		
161040	Wasserlache		
161041	,		
161042	welche		
161043	die		
161044	Brandung		
161045	des		
161046	Sees		
161047	landeinwärts		
161048	ausgegossen		
161049	.		
161050	Es		
161051	war		
161052	gewiß		
161053	,		
161054	daß		
161055	das		
161056	Ufer		
161057	in		
161058	mehr		
161059	oder		
161060	minderer		
161061	Tiefe		
161062	rings		
161063	her		
161064	eine		
161065	gefährliche		
161066	,		
161067	wenn		
161068	nicht		
161069	unmögliche		
161070	Passage		
161071	bot		
161072	.		
161073	Moorfeld	18646	(mention_id=18924|references=(entity=(entity_id=entity_0001|fullname=Dr. Moorfeld|gender=m)))
161074	stieg		
161075	zum		
161076	zweiten		
161077	Male		
161078	vom		
161079	Pferde		
161080	und		
161081	dachte		
161082	an		
161083	einen		
161084	Rückzug		
161085	in		
161086	das		
161087	Waldinnere		
161088	.		
161089	Es		
161090	galt		
161091	das		
161092	Standquartier		
161093	dieser		
161094	Nacht		
161095	auszuwählen		
161096	.		
161097	Da		
161098	geschah		
161099	ihm	18647	(mention_id=18925|references=(entity=(entity_id=entity_0001|fullname=Dr. Moorfeld|gender=m)))
161100	,		
161101	als		
161102	trüg'		
161103	ihm	18648	(mention_id=18926|references=(entity=(entity_id=entity_0001|fullname=Dr. Moorfeld|gender=m)))
161104	der		
161105	Sturm		
161106	Gesangstöne		
161107	zu		
161108	.		
161109	Moorfeld	18649	(mention_id=18927|references=(entity=(entity_id=entity_0001|fullname=Dr. Moorfeld|gender=m)))
161110	horchte		
161111	hoch		
161112	auf		
161113	.		
161114	Die		
161115	Entdeckung		
161116	war		
161117	zu		
161118	ansprechend		
161119	,		
161120	wenn		
161121	sie		
161122	sich		
161123	bestätigen		
161124	sollte		
161125	.		
161126	Eine		
161127	neue		
161128	Windeswelle		
161129	leitete		
161130	den		
161131	Schall		
161132	deutlicher		
161133	.		
161134	Es		
161135	war		
161136	ohne		
161137	Zweifel		
161138	,		
161139	es		
161140	sang		
161141	Jemand		
161142	in		
161143	der		
161144	Nähe		
161145	.		
161146	Moorfeld	18650	(mention_id=18928|references=(entity=(entity_id=entity_0001|fullname=Dr. Moorfeld|gender=m)))
161147	ließ		
161148	einen		
161149	hellen		
161150	Jagdruf		
161151	erschallen		
161152	,		
161153	aber		
161154	er	18651	(mention_id=18929|references=(entity=(entity_id=entity_0001|fullname=Dr. Moorfeld|gender=m)))
161155	hatte		
161156	den		
161157	Wind		
161158	gegen		
161159	sich	18652	(mention_id=18930|references=(entity=(entity_id=entity_0001|fullname=Dr. Moorfeld|gender=m)))
161160	.		
161161	Er	18653	(mention_id=18931|references=(entity=(entity_id=entity_0001|fullname=Dr. Moorfeld|gender=m)))
161162	kehrte		
161163	sein	18654	(mention_id=18932|references=(entity=(entity_id=entity_0001|fullname=Dr. Moorfeld|gender=m)))
161164	Auge		
161165	mit		
161166	Anstrengung		
161167	in		
161168	die		
161169	Finsterniß		
161170	,		
161171	ob		
161172	er	18655	(mention_id=18933|references=(entity=(entity_id=entity_0001|fullname=Dr. Moorfeld|gender=m)))
161173	nicht		
161174	die		
161175	Begleiterin		
161176	menschlicher		
161177	Cultur		
161178	,		
161179	eine		
161180	Lichtflamme		
161181	,		
161182	entdecken		
161183	könne		
161184	,		
161185	aber		
161186	gleichfalls		
161187	vergebens		
161188	.		
161189	Er	18656	(mention_id=18934|references=(entity=(entity_id=entity_0001|fullname=Dr. Moorfeld|gender=m)))
161190	mußte		
161191	sich	18657	(mention_id=18935|references=(entity=(entity_id=entity_0001|fullname=Dr. Moorfeld|gender=m)))
161192	darauf		
161193	beschränken		
161194	,		
161195	sein	18658	(mention_id=18936|references=(entity=(entity_id=entity_0001|fullname=Dr. Moorfeld|gender=m)))
161196	Pferd		
161197	vorsichtig		
161198	der		
161199	Richtung		
161200	der		
161201	Töne		
161202	entgegen		
161203	zu		
161204	führen		
161205	,		
161206	dem		
161207	Zufall		
161208	anheimgestellt		
161209	,		
161210	daß		
161211	sie		
161212	vielleicht		
161213	wieder		
161214	aufhörten		
161215	und		
161216	ihre		
161217	Spur		
161218	ihm	18659	
161219	entzogen		
161220	.		
161221	Glücklicherweise		
161222	geschah		
161223	dieses		
161224	nicht		
161225	.		
161226	Der		
161227	Gesang		
161228	erhob		
161229	sich		
161230	vielmehr		
161231	immer		
161232	vernehmlicher		
161233	.		
161234	Es		
161235	war		
161236	ein		
161237	marschartiger		
161238	Rythmus		
161239	und		
161240	eine		
161241	leichte		
161242	,		
161243	leichtsinnige		
161244	Baudeville-Melodie		
161245	nach		
161246	altem		
161247	Zuschnitt		
161248	.		
161249	Moorfeld	18660	(mention_id=18937|references=(entity=(entity_id=entity_0001|fullname=Dr. Moorfeld|gender=m)))
161250	konnte		
161251	sich	18661	(mention_id=18938|references=(entity=(entity_id=entity_0001|fullname=Dr. Moorfeld|gender=m)))
161252	bald		
161253	darauf		
161254	verlegen		
161255	,		
161256	die		
161257	Textworte		
161258	selbst		
161259	herauszuhören		
161260	.		
161261	Buvons		
161262	—		
161263	buvons		
161264	—		
161265	klang		
161266	es		
161267	einige		
161268	Male		
161269	,		
161270	—		
161271	dann		
161272	brüllte		
161273	ein		
161274	breiter		
161275	Sturmdonner		
161276	dazwischen		
161277	,		
161278	daß		
161279	der		
161280	Wald		
161281	krachte		
161282	,		
161283	Cäsar's	18662	
161284	erhitzte		
161285	Haut		
161286	schaudernd		
161287	zusammenfuhr		
161288	und		
161289	Moorfeld	18663	(mention_id=18939|references=(entity=(entity_id=entity_0001|fullname=Dr. Moorfeld|gender=m)))
161290	aus		
161291	dem		
161292	See		
161293	heraus		
161294	den		
161295	spritzenden		
161296	Gischt		
161297	im		
161298	Gesichte		
161299	spürte		
161300	.		
161301	Das		
161302	schien		
161303	aber		
161304	den		
161305	nächtlichen		
161306	Sänger	18664	(mention_id=18940|references=(entity=(entity_id=entity_1026|fullname=der Canadier|gender=m)))
161307	wenig		
161308	zu		
161309	geniren		
161310	.		
161311	Denn		
161312	bald		
161313	darauf		
161314	hatte		
161315	sein	18665	(mention_id=18941|references=(entity=(entity_id=entity_1026|fullname=der Canadier|gender=m)))
161316	fröhliches		
161317	Herz		
161318	mit		
161319	le		
161320	vin		
161321	bon		
161322	zu		
161323	thun		
161324	und		
161325	der		
161326	nächste		
161327	Windstoß		
161328	war		
161329	noch		
161330	galanter		
161331	,		
161332	er		
161333	kam		
161334	avec		
161335	ma		
161336	Lison		
161337	.		
161338	Als		
161339	Moorfeld	18666	(mention_id=18942|references=(entity=(entity_id=entity_0001|fullname=Dr. Moorfeld|gender=m)))
161340	erst		
161341	die		
161342	Sprache		
161343	herausgehört		
161344	,		
161345	war		
161346	es		
161347	ihm	18667	(mention_id=18943|references=(entity=(entity_id=entity_0001|fullname=Dr. Moorfeld|gender=m)))
161348	um		
161349	so		
161350	leichter		
161351	zu		
161352	folgen		
161353	.		
161354	Ein		
161355	gut		
161356	gelaunter		
161357	Franzose	18668	(mention_id=18944|references=(entity=(entity_id=entity_1026|fullname=der Canadier|gender=m)))
161358	,		
161359	wahrscheinlich		
161360	ein		
161361	„		
161362	heureux		
161363	Canadicn	18669	
161364	“		
161365	vom		
161366	nördlichen		
161367	Erieufer		
161368	herübergekommen		
161369	,		
161370	trieb		
161371	sich	18670	(mention_id=18945|references=(entity=(entity_id=entity_1026|fullname=der Canadier|gender=m)))
161372	in		
161373	der		
161374	Nähe		
161375	.		
161376	Wahrlich		
161377	,		
161378	der		
161379	Sänger	18671	(mention_id=18946|references=(entity=(entity_id=entity_1026|fullname=der Canadier|gender=m)))
161380	konnte		
161381	auch		
161382	nur		
161383	Franzose	18672	(mention_id=18947|references=(entity=(entity_id=entity_1026|fullname=der Canadier|gender=m)))
161384	,		
161385	oder		
161386	Irländer	18673	(mention_id=18948|references=(entity=(entity_id=entity_1026|fullname=der Canadier|gender=m)))
161387	sein		
161388	.		
161389	Ein		
161390	Amerikaner	18674	(mention_id=18949|references=(entity=(entity_id=generic_5559|fullname=generic_1904|gender=u|specialcase_entity=generic)))
161391	hätte		
161392	nicht		
161393	gesungen		
161394	.		
161395	In		
161396	dieser		
161397	einsamen		
161398	,		
161399	melancholischen		
161400	Lage		
161401	vielleicht		
161402	kaum		
161403	ein		
161404	Deutscher	18675	(mention_id=18950|references=(entity=(entity_id=generic_5560|fullname=generic_1905|gender=u|specialcase_entity=generic)))
161405	.		
161406	Moorfeld	18676	(mention_id=18951|references=(entity=(entity_id=entity_0001|fullname=Dr. Moorfeld|gender=m)))
161407	tappte		
161408	sich	18677	(mention_id=18952|references=(entity=(entity_id=entity_0001|fullname=Dr. Moorfeld|gender=m)))
161409	am		
161410	Leitseile		
161411	dieser		
161412	Vocal-Production		
161413	Schritt		
161414	für		
161415	Schritt		
161416	näher		
161417	.		
161418	Der		
161419	syllabisch-recitirende		
161420	Styl		
161421	des		
161422	französischen		
161423	Gesanges		
161424	ließ		
161425	ihn	18678	(mention_id=18953|references=(entity=(entity_id=entity_0001|fullname=Dr. Moorfeld|gender=m)))
161426	bald		
161427	jedes		
161428	einzelne		
161429	Wort		
161430	vernehmen		
161431	,		
161432	wozu		
161433	noch		
161434	beitrug		
161435	,		
161436	daß		
161437	die		
161438	accentuirten		
161439	Sylben		
161440	durch		
161441	ihren		
161442	regelmäßigen		
161443	Fall		
161444	auf		
161445	die		
161446	guten		
161447	Tacttheile		
161448	ungemein		
161449	markirt		
161450	hervortraten		
161451	,		
161452	was		
161453	auch		
161454	dem		
161455	Chanson		
161456	,		
161457	trotz		
161458	seiner		
161459	Schäferlichkeit		
161460	,		
161461	seinen		
161462	gallischen		
161463	,		
161464	sturmschrittartigen		
161465	Geist		
161466	verlieh		
161467	.		
161468	Der		
161469	Sänger	18679	(mention_id=18954|references=(entity=(entity_id=entity_1026|fullname=der Canadier|gender=m)))
161470	nahm		
161471	zu		
161472	einer		
161473	neuen		
161474	Strophe		
161475	seinen	18680	(mention_id=18955|references=(entity=(entity_id=entity_1026|fullname=der Canadier|gender=m)))
161476	Aufschwung		
161477	.		
161478	Belle		
161479	Iris	18681	(mention_id=18956|references=(entity=(entity_id=entity_1036|fullname=Iris|gender=f)))
161480	,		
161481	de		
161482	tous		(mention_id=18957|references=(entity=(entity_id=entity_1036|fullname=Iris|gender=f)))
161483	vos	18682	(mention_id=18958|references=(entity=(entity_id=entity_1036|fullname=Iris|gender=f)))
161484	amants	18683	(mention_id=18959|references=(entity=(entity_id=entity_1069|fullname=Amants|gender=u|specialcase_entity=group)))
161485	Faites		
161486	une		
161487	différence		
161488	—		
161489	forderte		
161490	er	18684	(mention_id=18960|references=(entity=(entity_id=entity_1026|fullname=der Canadier|gender=m)))
161491	patheiisch		
161492	,		
161493	Je		(mention_id=18961|references=(entity=(entity_id=entity_1026|fullname=der Canadier|gender=m)|borderline_reference=ID))
161494	ne		
161495	suis		
161496	pas		
161497	le		
161498	plus		
161499	charmant		
161500	gab		
161501	er	18685	(mention_id=18962|references=(entity=(entity_id=entity_1026|fullname=der Canadier|gender=m)))
161502	aufrichtig		
161503	zu		
161504	;		
161505	Mais		
161506	je	18686	(mention_id=18963|references=(entity=(entity_id=entity_1026|fullname=der Canadier|gender=m)))
161507	suis		
161508	le		
161509	plus		
161510	tendre		
161511	behauptete		
161512	er	18687	(mention_id=18964|references=(entity=(entity_id=entity_1026|fullname=der Canadier|gender=m)))
161513	.		
161514	Si		
161515	j'		(mention_id=18965|references=(entity=(entity_id=entity_1026|fullname=der Canadier|gender=m)))
161516	étais		
161517	seul		
161518	auprès		
161519	de		
161520	vous	18688	(mention_id=18966|references=(entity=(entity_id=entity_1036|fullname=Iris|gender=f)))
161521	—		
161522	ein		
161523	witziger		
161524	Windstoß		
161525	machte		
161526	hier		
161527	wieder		
161528	eine		
161529	Pause		
161530	,		
161531	worauf		
161532	Moorfeld	18689	(mention_id=18967|references=(entity=(entity_id=entity_0001|fullname=Dr. Moorfeld|gender=m)))
161533	nur		
161534	noch		
161535	—		
161536	—		
161537	les		
161538	moments		
161539	les		
161540	plus		
161541	doux		
161542	hörte		
161543	,		
161544	welche		
161545	der		
161546	arme		
161547	Schelm	18690	(mention_id=18968|references=(entity=(entity_id=entity_1026|fullname=der Canadier|gender=m)))
161548	sich	18691	(mention_id=18969|references=(entity=(entity_id=entity_1026|fullname=der Canadier|gender=m)))
161549	davon		
161550	versprach		
161551	.		
161552	Moorfeld	18692	(mention_id=18970|references=(entity=(entity_id=entity_0001|fullname=Dr. Moorfeld|gender=m)))
161553	fürchtete		
161554	mit		
161555	poetischer		
161556	Kennerschaft		
161557	,		
161558	daß		
161559	diese		
161560	schönsten		
161561	Momente		
161562	auch		
161563	billig		
161564	die		
161565	letzten		
161566	und		
161567	das		
161568	Lied		
161569	damit		
161570	an		
161571	seiner	18693	
161572	Pointe		
161573	angelangt		
161574	sei		
161575	.		
161576	Er	18694	(mention_id=18971|references=(entity=(entity_id=entity_0001|fullname=Dr. Moorfeld|gender=m)))
161577	erhob		
161578	daher		
161579	von		
161580	Neuem		
161581	seine	18695	(mention_id=18972|references=(entity=(entity_id=entity_0001|fullname=Dr. Moorfeld|gender=m)))
161582	Stimme		
161583	,		
161584	in		
161585	der		
161586	Voraussicht		
161587	,		
161588	den		
161589	Leitton		
161590	jetzt		
161591	einzubüßen		
161592	.		
161593	Aber		
161594	sein	18696	(mention_id=18973|references=(entity=(entity_id=entity_0001|fullname=Dr. Moorfeld|gender=m)))
161595	kritischer		
161596	Blick		
161597	hatte		
161598	ihn	18697	(mention_id=18974|references=(entity=(entity_id=entity_0001|fullname=Dr. Moorfeld|gender=m)))
161599	diesmal		
161600	getäuscht		
161601	.		
161602	Der		
161603	unverwüstliche		
161604	Chansonier		(mention_id=18975|references=(entity=(entity_id=entity_1026|fullname=der Canadier|gender=m)))
161605	fuhr		
161606	fort		
161607	:		
161608	Allons		
161609	donc		
161610	nous		(mention_id=18976|references=(entity=(entity_id=entity_1026|fullname=der Canadier|gender=m)),(entity=(entity_id=entity_1036|fullname=Iris|gender=f)))
161611	y		
161612	promener		
161613	.		
161614	Sous		
161615	ces		
161616	sombres		
161617	feuillages		
161618	—		
161619	eine		
161620	directe		
161621	Satyre		
161622	zu		
161623	der		
161624	Promenade		
161625	unsers	18698	(mention_id=18977|references=(entity=(entity_id=entity_0007|fullname=Erzählinstanz|gender=u)),(entity=(entity_id=entity_0008|fullname=Leser|gender=u)))
161626	Wanderers	18699	(mention_id=18978|references=(entity=(entity_id=entity_0001|fullname=Dr. Moorfeld|gender=m)))
161627	—		
161628	Nous		(mention_id=18979|references=(entity=(entity_id=entity_1036|fullname=Iris|gender=f)),(entity=(entity_id=entity_1026|fullname=der Canadier|gender=m)))
161629	entendrons		
161630	le		
161631	rossignol		
161632	chanter		
161633	—		
161634	diesmal		
161635	mußte		
161636	selbst		
161637	Moorfeld	18700	(mention_id=18980|references=(entity=(entity_id=entity_0001|fullname=Dr. Moorfeld|gender=m)))
161638	lächeln		
161639	.		
161640	Rossignol	18701	
161641	und		
161642	diese		
161643	Scene		
161644	!		
161645	In		
161646	demselben		
161647	Augenblicke		
161648	verschränkte		
161649	sich		
161650	der		
161651	Wald		
161652	so		
161653	dicht		
161654	vor		
161655	seinem	18702	(mention_id=18981|references=(entity=(entity_id=entity_0001|fullname=Dr. Moorfeld|gender=m)))
161656	Fuße		
161657	,		
161658	daß		
161659	er	18703	(mention_id=18982|references=(entity=(entity_id=entity_0001|fullname=Dr. Moorfeld|gender=m)))
161660	sich	18704	(mention_id=18983|references=(entity=(entity_id=entity_0001|fullname=Dr. Moorfeld|gender=m)))
161661	genöthigt		
161662	sah		
161663	,		
161664	auf		
161665	einen		
161666	ziemlichen		
161667	Umweg		
161668	auszubeugen		
161669	.		
161670	Bevor		
161671	er	18705	(mention_id=18984|references=(entity=(entity_id=entity_0001|fullname=Dr. Moorfeld|gender=m)))
161672	es		
161673	that		
161674	,		
161675	rief		
161676	er	18706	(mention_id=18985|references=(entity=(entity_id=entity_0001|fullname=Dr. Moorfeld|gender=m)))
161677	zum		
161678	Drittenmal		
161679	die		
161680	singende		
161681	Stimme		(mention_id=18986|references=(entity=(entity_id=entity_1026|fullname=der Canadier|gender=m)|specialcase_reference=part))
161682	an		
161683	,		
161684	und		
161685	Cäsar	18707	
161686	begleitete		
161687	ihn	18708	(mention_id=18987|references=(entity=(entity_id=entity_0001|fullname=Dr. Moorfeld|gender=m)))
161688	mit		
161689	einem		
161690	kräftigen		
161691	Gewieher		
161692	.		
161693	Dieses		
161694	Doppelsignal		
161695	weckte		
161696	den		
161697	Sänger	18709	(mention_id=18988|references=(entity=(entity_id=entity_1026|fullname=der Canadier|gender=m)))
161698	endlich		
161699	aus		
161700	seinen	18710	(mention_id=18989|references=(entity=(entity_id=entity_1026|fullname=der Canadier|gender=m)))
161701	Träumen		
161702	.		
161703	Q’est-ce		
161704	que		
161705	cela		
161706	?		
161707	un		
161708	chevalier		(mention_id=18990|references=(entity=(entity_id=entity_0001|fullname=Dr. Moorfeld|gender=m)))
161709	avec		
161710	son		
161711	cheval		
161712	?		
161713	Soyez		
161714	les		
161715	bien		
161716	–		
161717	venus		
161718	me		(mention_id=18991|references=(entity=(entity_id=entity_1026|fullname=der Canadier|gender=m)))
161719	bons		
161720	camarades		(mention_id=18992|references=(entity=(entity_id=entity_0001|fullname=Dr. Moorfeld|gender=m)))
161721	!		
161722	Je	18711	(mention_id=18993|references=(entity=(entity_id=entity_0001|fullname=Dr. Moorfeld|gender=m)))
161723	vous	18712	(mention_id=18994|references=(entity=(entity_id=entity_1026|fullname=der Canadier|gender=m)))
161724	rendes		
161725	bon		
161726	grace		
161727	,		
161728	Monsieur	18713	(mention_id=18995|references=(entity=(entity_id=entity_1026|fullname=der Canadier|gender=m)))
161729	!		
161730	mais		
161731	dites-moi		(mention_id=18996|references=(entity=(entity_id=entity_0001|fullname=Dr. Moorfeld|gender=m)))
161732	s'il	18714	
161733	vous	18715	(mention_id=18997|references=(entity=(entity_id=entity_1026|fullname=der Canadier|gender=m)))
161734	plait		
161735	...		
161736	Je		(mention_id=18998|references=(entity=(entity_id=entity_1026|fullname=der Canadier|gender=m)))
161737	comprend		
161738	,		
161739	je		(mention_id=18999|references=(entity=(entity_id=entity_1026|fullname=der Canadier|gender=m)))
161740	comprend		
161741	!		
161742	Je	18716	(mention_id=19000|references=(entity=(entity_id=entity_1026|fullname=der Canadier|gender=m)))
161743	serais		
161744	votre	18717	
161745	guide		(mention_id=19001|references=(entity=(entity_id=entity_1026|fullname=der Canadier|gender=m)))
161746	.		
161747	Le		
161748	passage		
161749	est		
161750	horrible		
161751	.		
161752	Restez		
161753	,		
161754	s'il		
161755	vous	18718	(mention_id=19002|references=(entity=(entity_id=entity_0001|fullname=Dr. Moorfeld|gender=m)))
161756	plait		
161757	.		
161758	Je	18719	(mention_id=19003|references=(entity=(entity_id=entity_1026|fullname=der Canadier|gender=m)))
161759	serais		
161760	directement		
161761	à		
161762	votre	18720	(mention_id=19004|references=(entity=(entity_id=entity_0001|fullname=Dr. Moorfeld|gender=m)))
161763	service		
161764	.		
161765	Tenez		
161766	place		
161767	,		
161768	Monsieur	18721	(mention_id=19005|references=(entity=(entity_id=entity_0001|fullname=Dr. Moorfeld|gender=m)))
161769	.		
161770	C'est	18722	
161771	votre	18723	
161772	flambeau		
161773	,		
161774	qui		
161775	me	18724	(mention_id=19006|references=(entity=(entity_id=entity_1026|fullname=der Canadier|gender=m)))
161776	dirige		
161777	.		
161778	„		
161779	Ah		
161780	!		
161781	rendez-moi		(mention_id=19007|references=(entity=(entity_id=entity_1038|fullname=Sprecher im Lied|gender=m)))
161782	mon		(mention_id=19008|references=(entity=(entity_id=entity_1038|fullname=Sprecher im Lied|gender=m)))
161783	cour		
161784	,		
161785	Maman	18725	(mention_id=19009|references=(entity=(entity_id=entity_1057|fullname=Maman|gender=f)))
161786	me	18726	(mention_id=19010|references=(entity=(entity_id=entity_1038|fullname=Sprecher im Lied|gender=m)))
161787	le		
161788	demande		(mention_id=19011|references=(entity=(entity_id=entity_1057|fullname=Maman|gender=f)))
161789	.		
161790	“		
161791	„		
161792	„		
161793	Il		
161794	est		
161795	à		
161796	vous	18727	(mention_id=19012|references=(entity=(entity_id=entity_1038|fullname=Sprecher im Lied|gender=m)))
161797	,		
161798	si	18728	
161799	vous	18729	(mention_id=19013|references=(entity=(entity_id=entity_1038|fullname=Sprecher im Lied|gender=m)))
161800	pouvez		
161801	le		
161802	reprendre		
161803	.		
161804	Il		
161805	est		
161806	confondu		
161807	dans		
161808	le		
161809	mien		(mention_id=19014|references=(entity=(entity_id=entity_1055|fullname=Angesprochener im Lied|gender=u)))
161810	Je		(mention_id=19015|references=(entity=(entity_id=entity_1055|fullname=Angesprochener im Lied|gender=u)))
161811	ne		
161812	saurais		
161813	lequel		
161814	est		
161815	le		
161816	tien		(mention_id=19016|references=(entity=(entity_id=entity_1038|fullname=Sprecher im Lied|gender=m)))
161817	.		
161818	“		
161819	“		
161820	Der		
161821	Sturm		
161822	pfiff		
161823	,		
161824	der		
161825	See		
161826	brandete		
161827	,		
161828	die		
161829	Waldwipfel		
161830	brausten		
161831	,		
161832	die		
161833	Nacht		
161834	lag		
161835	undurchdringlich		
161836	auf		
161837	jeder		
161838	Fußbreite		
161839	Weges		
161840	und		
161841	durch		
161842	diesen		
161843	Tartarus		
161844	sang		
161845	sich		
161846	dieser		
161847	Amor		(mention_id=19017|references=(entity=(entity_id=entity_1026|fullname=der Canadier|gender=m)|specialcase_reference=figurative))
161848	,		
161849	als		
161850	wäre		
161851	Cerberus	18730	
161852	nur		
161853	ein		
161854	Wachtelhündchen		
161855	seiner	18731	(mention_id=19018|references=(entity=(entity_id=entity_1026|fullname=der Canadier|gender=m)))
161856	Iris		(mention_id=19019|references=(entity=(entity_id=entity_1036|fullname=Iris|gender=f)))
161857	!		
161858	Werden		
161859	wir	18732	(mention_id=19020|references=(entity=(entity_id=entity_0007|fullname=Erzählinstanz|gender=u)),(entity=(entity_id=entity_0008|fullname=Leser|gender=u)))
161860	heute		
161861	unseren	18733	(mention_id=19021|references=(entity=(entity_id=entity_0007|fullname=Erzählinstanz|gender=u)),(entity=(entity_id=entity_0008|fullname=Leser|gender=u)))
161862	armen		
161863	Irrenden	18734	(mention_id=19022|references=(entity=(entity_id=entity_0001|fullname=Dr. Moorfeld|gender=m)))
161864	bei		
161865	diesem		
161866	Franzosen	18735	(mention_id=19023|references=(entity=(entity_id=entity_1026|fullname=der Canadier|gender=m)))
161867	besser		
161868	betten		
161869	,		
161870	als		
161871	gestern		
161872	bei		
161873	dem		
161874	Indianer	18736	(mention_id=19024|references=(entity=(entity_id=entity_1028|fullname=indianischer Holzfäller|gender=m)))
161875	?		
161876	Moorfeld	18737	(mention_id=19025|references=(entity=(entity_id=entity_0001|fullname=Dr. Moorfeld|gender=m)))
161877	hörte		
161878	Baumäste		
161879	knattern		
161880	,		
161881	Büsche		
161882	rauschen		
161883	,		
161884	Fußschritte		
161885	schreiten		
161886	,		
161887	springen		
161888	,		
161889	im		
161890	Sumpfwasser		
161891	quitschen		
161892	und		
161893	mit		
161894	einem		
161895	bon		
161896	soir		
161897	,		
161898	Monsieur	18738	(mention_id=19026|references=(entity=(entity_id=entity_0001|fullname=Dr. Moorfeld|gender=m)))
161899	!		
161900	traten		
161901	die		
161902	Umrisse		
161903	eines		
161904	Menschen	18739	(mention_id=19027|references=(entity=(entity_id=entity_1026|fullname=der Canadier|gender=m)))
161905	aus		
161906	der		
161907	Waldfinsterniß		
161908	.		
161909	Die		
161910	Kienfackel		
161911	beleuchtete		
161912	den		
161913	beiden		(mention_id=19028|references=(entity=(entity_id=entity_0001|fullname=Dr. Moorfeld|gender=m)),(entity=(entity_id=entity_1026|fullname=der Canadier|gender=m)))
161914	Begegnenden	18740	(mention_id=19029|references=(entity=(entity_id=entity_0001|fullname=Dr. Moorfeld|gender=m)),(entity=(entity_id=entity_1026|fullname=der Canadier|gender=m)))
161915	ihr		(mention_id=19030|references=(entity=(entity_id=entity_0001|fullname=Dr. Moorfeld|gender=m)),(entity=(entity_id=entity_1026|fullname=der Canadier|gender=m)))
161916	tête		
161917	à		
161918	tête		
161919	.		
161920	Was		
161921	für		
161922	ein		
161923	anderes		
161924	Bild		
161925	hatte		
161926	sich	18741	(mention_id=19031|references=(entity=(entity_id=entity_0001|fullname=Dr. Moorfeld|gender=m)))
161927	Moorfeld	18742	(mention_id=19032|references=(entity=(entity_id=entity_0001|fullname=Dr. Moorfeld|gender=m)))
161928	von		
161929	dem		
161930	Schäfer	18743	(mention_id=19033|references=(entity=(entity_id=entity_1026|fullname=der Canadier|gender=m)))
161931	der		
161932	schönen		
161933	Iris		(mention_id=19034|references=(entity=(entity_id=entity_1036|fullname=Iris|gender=f)))
161934	gemacht		
161935	!		
161936	Es		
161937	war		
161938	ein		
161939	Mann	18744	(mention_id=19035|references=(entity=(entity_id=entity_1026|fullname=der Canadier|gender=m)))
161940	von		
161941	mittlerem		
161942	,		
161943	ja		
161944	späterem		
161945	Lebensalter		
161946	,		
161947	seine	18745	(mention_id=19036|references=(entity=(entity_id=entity_1026|fullname=der Canadier|gender=m)))
161948	Stirne		
161949	gefurcht		
161950	,		
161951	wir	18746	(mention_id=19037|references=(entity=(entity_id=entity_0007|fullname=Erzählinstanz|gender=u)))
161952	möchten		
161953	sagen		
161954	gekerbt		
161955	,		
161956	sein	18747	(mention_id=19038|references=(entity=(entity_id=entity_1026|fullname=der Canadier|gender=m)))
161957	Teint		
161958	tief		
161959	dunkelbraun		
161960	,		
161961	sei’s		
161962	von		
161963	der		
161964	Sonne		
161965	und		
161966	Luft		
161967	,		
161968	oder		
161969	von		
161970	einem		
161971	starken		
161972	Zusatz		
161973	indianischen		
161974	Blutes		
161975	,		
161976	—		
161977	kurz		
161978	der		
161979	ganze		
161980	Kopf		
161981	,		
161982	hart		
161983	und		
161984	erzfarbig		
161985	wie		
161986	eine		
161987	Büste		
161988	aus		
161989	Bronce		
161990	.		
161991	Sein	18748	(mention_id=19039|references=(entity=(entity_id=entity_1026|fullname=der Canadier|gender=m)))
161992	Auge		
161993	,		
161994	klein		
161995	und		
161996	schwarz		
161997	,		
161998	blickte		
161999	fast		
162000	hohl		
162001	und		
162002	nichts		
162003	weniger		
162004	als		
162005	sorglos		
162006	;		
162007	seine	18749	(mention_id=19040|references=(entity=(entity_id=entity_1026|fullname=der Canadier|gender=m)))
162008	stark		
162009	hervortretenden		
162010	Backenknochen		
162011	,		
162012	gleichfalls		
162013	der		
162014	indianischen		
162015	Abstammung		
162016	verdächtig		
162017	,		
162018	verliehen		
162019	ihm	18750	(mention_id=19041|references=(entity=(entity_id=entity_1026|fullname=der Canadier|gender=m)))
162020	sogar		
162021	etwas		
162022	Abschreckendes		
162023	;		
162024	nur		
162025	um		
162026	Kinn		
162027	und		
162028	Mund		
162029	spielte		
162030	ein		
162031	Abglanz		
162032	des		
162033	feinen		
162034	,		
162035	sinnlichen		
162036	Frankreichs		
162037	.		
162038	Seine	18751	(mention_id=19042|references=(entity=(entity_id=entity_1026|fullname=der Canadier|gender=m)))
162039	Tracht		
162040	war		
162041	äußerst		
162042	roh		
162043	und		
162044	wild		
162045	;		
162046	er	18752	(mention_id=19043|references=(entity=(entity_id=entity_1026|fullname=der Canadier|gender=m)))
162047	trug		
162048	ein		
162049	Hemd		
162050	von		
162051	Hirschleder		
162052	,		
162053	mit		
162054	eben		
162055	solchen		
162056	Beinkleidern		
162057	,		
162058	beide		
162059	Stücke		
162060	durch		
162061	lange		
162062	Abnutzung		
162063	fast		
162064	unkenntlich		
162065	,		
162066	die		
162067	Füße		
162068	standen		
162069	in		
162070	indianischen		
162071	Mocassins		
162072	,		
162073	um		
162074	die		
162075	Schultern		
162076	hing		
162077	ein		
162078	gräulicher		
162079	Mantel		
162080	von		
162081	Büffelhaut		
162082	.		
162083	Als		
162084	er	18753	(mention_id=19044|references=(entity=(entity_id=entity_1026|fullname=der Canadier|gender=m)))
162085	Moorfelden	18754	(mention_id=19045|references=(entity=(entity_id=entity_0001|fullname=Dr. Moorfeld|gender=m)))
162086	die		
162087	Hand		
162088	zum		
162089	Gruß		
162090	reichte		
162091	,		
162092	glaubte		
162093	dieser	18755	(mention_id=19046|references=(entity=(entity_id=entity_0001|fullname=Dr. Moorfeld|gender=m)))
162094	,		
162095	er	18756	(mention_id=19047|references=(entity=(entity_id=entity_1026|fullname=der Canadier|gender=m)))
162096	habe		
162097	ihm	18757	(mention_id=19048|references=(entity=(entity_id=entity_0001|fullname=Dr. Moorfeld|gender=m)))
162098	einen		
162099	Kieselstein		
162100	in		
162101	die		
162102	seinige	18758	(mention_id=19049|references=(entity=(entity_id=entity_0001|fullname=Dr. Moorfeld|gender=m)))
162103	gelegt		
162104	.		
162105	Nun		
162106	will		
162107	ich	18759	(mention_id=19050|references=(entity=(entity_id=entity_1026|fullname=der Canadier|gender=m)))
162108	Sie	18760	(mention_id=19051|references=(entity=(entity_id=entity_0001|fullname=Dr. Moorfeld|gender=m)))
162109	in		
162110	mein	18761	(mention_id=19052|references=(entity=(entity_id=entity_1026|fullname=der Canadier|gender=m)))
162111	Pavillon		
162112	führen		
162113	,		
162114	sagte		
162115	der		
162116	Halbwilde	18762	(mention_id=19053|references=(entity=(entity_id=entity_1026|fullname=der Canadier|gender=m)))
162117	,		
162118	und		
162119	Moorfeld	18763	(mention_id=19054|references=(entity=(entity_id=entity_0001|fullname=Dr. Moorfeld|gender=m)))
162120	empfand		
162121	erst		
162122	jetzt		
162123	die		
162124	ganze		
162125	Heiterkeit		
162126	des		
162127	Contrastes		
162128	der		
162129	belle		
162130	France	18764	
162131	mit		
162132	dem		
162133	sauvage		(mention_id=19055|references=(entity=(entity_id=entity_1026|fullname=der Canadier|gender=m)))
162134	de		
162135	Canada		
162136	.		
162137	Was		
162138	der		
162139	Franzose	18765	(mention_id=19056|references=(entity=(entity_id=entity_1026|fullname=der Canadier|gender=m)))
162140	sein	18766	(mention_id=19057|references=(entity=(entity_id=entity_1026|fullname=der Canadier|gender=m)))
162141	Pavillon		
162142	nannte		
162143	,		
162144	war		
162145	eine		
162146	Erderhebung		
162147	,		
162148	die		
162149	sich		
162150	wie		
162151	eine		
162152	natürliche		
162153	Terrasse		
162154	in		
162155	den		
162156	See		
162157	auslud		
162158	,		
162159	gekrönt		
162160	mit		
162161	einem		
162162	Hain		
162163	von		
162164	prachtvollen		
162165	Ulmen		
162166	.		
162167	Die		
162168	Stelle		
162169	bildete		
162170	eine		
162171	kleine		
162172	Landzunge		
162173	,		
162174	aber		
162175	die		
162176	Erosion		
162177	des		
162178	Sees		
162179	hatte		
162180	beide		
162181	Seiten		
162182	derselben		
162183	in		
162184	tiefen		
162185	Einschnitten		
162186	versumpft		
162187	,		
162188	den		
162189	Sumpf		
162190	jedoch		
162191	mit		
162192	einer		
162193	trügerischen		
162194	Vegetation		
162195	von		
162196	Erlen-		
162197	,		
162198	Weiden-		
162199	,		
162200	Berberizen-		
162201	und		
162202	Thuja-Gestripp		
162203	so		
162204	reichlich		
162205	überwuchert		
162206	,		
162207	daß		
162208	der		
162209	Reisende	18767	(mention_id=19058|references=(entity=(entity_id=generic_5561|fullname=generic_1906|gender=u|specialcase_entity=generic)))
162210	,		
162211	der	18768	(mention_id=19059|references=(entity=(entity_id=generic_5562|fullname=generic_1907|gender=u|specialcase_entity=generic)))
162212	etwa		
162213	einen		
162214	festen		
162215	Weg		
162216	durch		
162217	diese		
162218	Au-Striche		
162219	suchte		
162220	,		
162221	unfehlbar		
162222	darin		
162223	zu		
162224	Grunde		
162225	ging		
162226	.		
162227	Der		
162228	Franzose	18769	(mention_id=19060|references=(entity=(entity_id=entity_1026|fullname=der Canadier|gender=m)))
162229	führte		
162230	Roß	18770	
162231	und		
162232	Reiter	18771	(mention_id=19061|references=(entity=(entity_id=entity_0001|fullname=Dr. Moorfeld|gender=m)))
162233	den		
162234	einzig		
162235	praktikablen		
162236	Zugang		
162237	,		
162238	einen		
162239	kiesigen		
162240	Pfad		
162241	,		
162242	der		
162243	sanft		
162244	aufwärts		
162245	führte		
162246	und		
162247	nach		
162248	einer		
162249	kurzen		
162250	Strecke		
162251	die		
162252	Spitze		
162253	der		
162254	Landzunge		
162255	erreichte		
162256	.		
162257	Diese		
162258	Spitze		
162259	war		
162260	fast		
162261	ein		
162262	Vorgebirge		
162263	.		
162264	Der		
162265	Platz		
162266	war		
162267	ungemein		
162268	wirthlich		
162269	.		
162270	Der		
162271	Wald		
162272	hatte		
162273	hier		
162274	,		
162275	wo		
162276	er		
162277	unmittelbar		
162278	in		
162279	den		
162280	See		
162281	abstürzte		
162282	,		
162283	gleichsam		
162284	seine		
162285	trotzigste		
162286	Kraft		
162287	zusammengerafft		
162288	und		
162289	auf		
162290	die		
162291	Landzungenterrasse		
162292	eine		
162293	Fülle		
162294	seines		
162295	stolzesten		
162296	Holzes		
162297	geworfen		
162298	.		
162299	Man		(mention_id=19062|references=(entity=(entity_id=entity_0001|fullname=Dr. Moorfeld|gender=m)),(entity=(entity_id=entity_1026|fullname=der Canadier|gender=m)))
162300	stand		
162301	wie		
162302	in		
162303	einer		
162304	Kammer		
162305	.		
162306	Der		
162307	Franzose	18772	(mention_id=19063|references=(entity=(entity_id=entity_1026|fullname=der Canadier|gender=m)))
162308	hatte		
162309	den		
162310	Ausdruck		
162311	Pavillon		
162312	kaum		
162313	scherzweise		
162314	gebraucht		
162315	.		
162316	Er	18773	(mention_id=19064|references=(entity=(entity_id=entity_1026|fullname=der Canadier|gender=m)))
162317	führte		
162318	seinen	18774	(mention_id=19065|references=(entity=(entity_id=entity_1026|fullname=der Canadier|gender=m)))
162319	Gast	18775	(mention_id=19066|references=(entity=(entity_id=entity_0001|fullname=Dr. Moorfeld|gender=m)))
162320	,		
162321	man		
162322	konnte		
162323	sagen		
162324	,		
162325	in		
162326	ein		
162327	geheiztes		
162328	Cabinet		
162329	;		
162330	denn		
162331	in		
162332	einem		
162333	Winkel		
162334	von		
162335	drei		
162336	dicht		
162337	neben		
162338	einanderstehenden		
162339	Ulmen		
162340	sah		
162341	Moorfeld	18776	(mention_id=19067|references=(entity=(entity_id=entity_0001|fullname=Dr. Moorfeld|gender=m)))
162342	ein		
162343	Feuer		
162344	lodern		
162345	,		
162346	welches		
162347	eine		
162348	behagliche		
162349	Wärme		
162350	verbreitete		
162351	.		
162352	Die		
162353	Zwischenräume		
162354	der		
162355	drei		
162356	Bäume		
162357	waren		
162358	mit		
162359	Reisig		
162360	vollgeschichtet		
162361	,		
162362	und		
162363	auf		
162364	diese		
162365	Weise		
162366	eine		
162367	vollkommen		
162368	windfeste		
162369	Wand		
162370	hergestellt		
162371	.		
162372	Auf		
162373	der		
162374	andern		
162375	Seite		
162376	des		
162377	Feuers		
162378	dagegen		
162379	schloß		
162380	ein		
162381	um		
162382	die		
162383	Baumstämme		
162384	gepflöcktes		
162385	Segeltuch		
162386	den		
162387	Raum		
162388	ein		
162389	,		
162390	indeß		
162391	am		
162392	Boden		
162393	ein		
162394	Teppich		
162395	aus		
162396	Büffelhaut		
162397	ausgespannt		
162398	lag		
162399	,		
162400	hinter		
162401	welchem		
162402	ein		
162403	Erdaufwurf		
162404	dem		
162405	darauf		
162406	Sitzenden	18777	(mention_id=19068|references=(entity=(entity_id=generic_5563|fullname=generic_1908|gender=u|specialcase_entity=generic)))
162407	sybaritisch		
162408	zur		
162409	Rücklehne		
162410	diente		
162411	.		
162412	Das		
162413	Dach		
162414	bildeten		
162415	die		
162416	zusammengedrängten		
162417	Ulmenkronen		
162418	fest		
162419	und		
162420	dicht		
162421	wie		
162422	ein		
162423	Gewölbe		
162424	.		
162425	In		
162426	ihren		
162427	obersten		
162428	Spitzen		
162429	hörte		
162430	man		
162431	den		
162432	Sturm		
162433	rauschen		
162434	,		
162435	im		
162436	See		
162437	drunten		
162438	klatschten		
162439	die		
162440	brandenden		
162441	Wellen		
162442	,		
162443	—		
162444	in		
162445	der		
162446	Mitte		
162447	von		
162448	Beiden	18778	(mention_id=19069|references=(entity=(entity_id=entity_0001|fullname=Dr. Moorfeld|gender=m)),(entity=(entity_id=entity_1026|fullname=der Canadier|gender=m)))
162449	dieser		
162450	Raum		
162451	voll		
162452	Sicherheit		
162453	war		
162454	wie		
162455	ein		
162456	Ding		
162457	des		
162458	Zaubers		
162459	.		
162460	Für		
162461	die		
162462	Höhe		
162463	der		
162464	Civilisation		
162465	hat		
162466	der		
162467	Rückblick		
162468	auf		
162469	ihre		
162470	Anfänge		
162471	unter		
162472	allen		
162473	Umständen		
162474	etwas		
162475	wohlthuend		
162476	Ergreifendes		
162477	.		
162478	Dieser		
162479	Sänger	18779	(mention_id=19070|references=(entity=(entity_id=entity_1026|fullname=der Canadier|gender=m)))
162480	in		
162481	diesem		
162482	Foyer		
162483	war		
162484	ein		
162485	Rendezvous		
162486	,		
162487	das		
162488	unserm	18780	(mention_id=19071|references=(entity=(entity_id=entity_0007|fullname=Erzählinstanz|gender=u)),(entity=(entity_id=entity_0008|fullname=Leser|gender=u)))
162489	Repräsentanten	18781	(mention_id=19072|references=(entity=(entity_id=entity_0001|fullname=Dr. Moorfeld|gender=m)))
162490	der		
162491	europäischen		
162492	Cultur		
162493	mächtig		
162494	und		
162495	freundlich		
162496	in		
162497	die		
162498	Seele		
162499	griff		
162500	.		
162501	Er	18782	(mention_id=19073|references=(entity=(entity_id=entity_0001|fullname=Dr. Moorfeld|gender=m)))
162502	fühlte		
162503	es		
162504	zum		
162505	erstenmale		
162506	seit		
162507	seinem	18783	(mention_id=19074|references=(entity=(entity_id=entity_0001|fullname=Dr. Moorfeld|gender=m)))
162508	zweitägigen		
162509	Ritt		
162510	wie		
162511	einen		
162512	Moment		
162513	des		
162514	Friedens		
162515	in		
162516	sich	18784	(mention_id=19075|references=(entity=(entity_id=entity_0001|fullname=Dr. Moorfeld|gender=m)))
162517	.		
162518	In		
162519	dieser		
162520	Stimmung		
162521	ließ		
162522	sich	18785	(mention_id=19076|references=(entity=(entity_id=entity_0001|fullname=Dr. Moorfeld|gender=m)))
162523	Moorfeld	18786	(mention_id=19077|references=(entity=(entity_id=entity_0001|fullname=Dr. Moorfeld|gender=m)))
162524	an		
162525	die		
162526	gastliche		
162527	Heerdstelle		
162528	nieder		
162529	.		
162530	Monsieur	18787	(mention_id=19078|references=(entity=(entity_id=entity_0001|fullname=Dr. Moorfeld|gender=m)))
162531	,		
162532	wir	18788	(mention_id=19079|references=(entity=(entity_id=entity_1026|fullname=der Canadier|gender=m)),(entity=(entity_id=entity_0001|fullname=Dr. Moorfeld|gender=m)))
162533	werden		
162534	soupiren		
162535	wilden		
162536	Reis		
162537	in		
162538	Wasser		
162539	gekocht		
162540	,		
162541	ein		
162542	paar		
162543	Wasserschnepfen		
162544	und		
162545	eine		
162546	Ente		
162547	.		
162548	Brod		
162549	wollen		
162550	wir	18789	(mention_id=19080|references=(entity=(entity_id=entity_1026|fullname=der Canadier|gender=m)),(entity=(entity_id=entity_0001|fullname=Dr. Moorfeld|gender=m)))
162551	für		
162552	schädlich		
162553	erklären		
162554	.		
162555	Cider-Bordeaux		
162556	von		
162557	Charlotteville		
162558	in		
162559	Ober-Canada		
162560	wird		
162561	uns	18790	(mention_id=19081|references=(entity=(entity_id=entity_1026|fullname=der Canadier|gender=m)),(entity=(entity_id=entity_0001|fullname=Dr. Moorfeld|gender=m)))
162562	diese		
162563	Kürbisbouteille		
162564	liefern		
162565	.		
162566	Charlotteville		
162567	ist		
162568	meine	18791	(mention_id=19082|references=(entity=(entity_id=entity_1026|fullname=der Canadier|gender=m)))
162569	Heimath		
162570	,		
162571	Monsieur	18792	(mention_id=19083|references=(entity=(entity_id=entity_0001|fullname=Dr. Moorfeld|gender=m)))
162572	.		
162573	Dort		
162574	drüben		
162575	liegt		
162576	es		
162577	.		
162578	Wagh		
162579	!		
162580	eine		
162581	Location		
162582	mitten		
162583	unter		
162584	Engländern	18793	(mention_id=19084|references=(entity=(entity_id=generic_5564|fullname=generic_1909|gender=u|specialcase_entity=generic)))
162585	,		
162586	die	18794	(mention_id=19085|references=(entity=(entity_id=generic_5565|fullname=generic_1910|gender=u|specialcase_entity=generic)))
162587	Gott	18795	
162588	verdammen		
162589	möge		
162590	.		
162591	Hätt'		
162592	ich	18796	(mention_id=19086|references=(entity=(entity_id=entity_1026|fullname=der Canadier|gender=m)))
162593	nicht		
162594	ein		
162595	paar		
162596	gute		
162597	Freunde	18797	(mention_id=19087|references=(entity=(entity_id=entity_1062|fullname=Freunde des Sängers|gender=u|specialcase_entity=group)))
162598	in		
162599	New-Orleans		
162600	,		
162601	die	18798	(mention_id=19088|references=(entity=(entity_id=entity_1062|fullname=Freunde des Sängers|gender=u|specialcase_entity=group)))
162602	ich	18799	(mention_id=19089|references=(entity=(entity_id=entity_1026|fullname=der Canadier|gender=m)))
162603	Winters		
162604	über		
162605	besuche		
162606	pour		
162607	avoir		
162608	quelque		
162609	conversation		
162610	,		
162611	ich	18800	(mention_id=19090|references=(entity=(entity_id=entity_1026|fullname=der Canadier|gender=m)))
162612	möchte		
162613	mehr		
162614	Waschbär	18801	(mention_id=19091|references=(entity=(entity_id=entity_1026|fullname=der Canadier|gender=m)))
162615	sein		
162616	als		
162617	Mensch	18802	(mention_id=19092|references=(entity=(entity_id=entity_1026|fullname=der Canadier|gender=m)))
162618	.		
162619	Wagh		
162620	!		
162621	Der		
162622	Canadier	18803	(mention_id=19093|references=(entity=(entity_id=entity_1026|fullname=der Canadier|gender=m)))
162623	hing		
162624	einen		
162625	kleinen		
162626	Kessel		
162627	mit		
162628	Reis		
162629	über		
162630	sein	18804	(mention_id=19094|references=(entity=(entity_id=entity_1026|fullname=der Canadier|gender=m)))
162631	Feuer		
162632	,		
162633	steckte		
162634	sein	18805	(mention_id=19095|references=(entity=(entity_id=entity_1026|fullname=der Canadier|gender=m)))
162635	genanntes		
162636	Geflügel		
162637	an		
162638	ein		
162639	paar		
162640	Bratspieße		
162641	und		
162642	reichte		
162643	Moorfelden	18806	(mention_id=19096|references=(entity=(entity_id=entity_0001|fullname=Dr. Moorfeld|gender=m)))
162644	die		
162645	Kürbisflasche		
162646	.		
162647	Die		
162648	ganze		
162649	Scene		
162650	war		
162651	unserm	18807	(mention_id=19097|references=(entity=(entity_id=entity_0007|fullname=Erzählinstanz|gender=u)),(entity=(entity_id=entity_0008|fullname=Leser|gender=u)))
162652	Helden	18808	(mention_id=19098|references=(entity=(entity_id=entity_0001|fullname=Dr. Moorfeld|gender=m)))
162653	so		
162654	neu		
162655	,		
162656	so		
162657	sehr		
162658	im		
162659	Geiste		
162660	dessen		
162661	,		
162662	was		
162663	sich		
162664	wohl		
162665	sonst		
162666	europäische		
162667	Poesie		
162668	unter		
162669	dem		
162670	„		
162671	romantischen		
162672	Westen		
162673	“		
162674	denkt		
162675	,		
162676	daß		
162677	Moorfeld	18809	(mention_id=19099|references=(entity=(entity_id=entity_0001|fullname=Dr. Moorfeld|gender=m)))
162678	aus		
162679	seinem	18810	(mention_id=19100|references=(entity=(entity_id=entity_0001|fullname=Dr. Moorfeld|gender=m)))
162680	dumpfen		
162681	,		
162682	selbstertödtenden		
162683	Brüten		
162684	mehr		
162685	und		
162686	mehr		
162687	zu		
162688	erwachen		
162689	anfing		
162690	.		
162691	Und		
162692	konnte		
162693	er	18811	(mention_id=19101|references=(entity=(entity_id=entity_0001|fullname=Dr. Moorfeld|gender=m)))
162694	gleich		
162695	sein	18812	(mention_id=19102|references=(entity=(entity_id=entity_0001|fullname=Dr. Moorfeld|gender=m)))
162696	krampfhaft		
162697	zusammengeschnürtes		
162698	Herz		
162699	nicht		
162700	frei		
162701	und		
162702	fröhlich		
162703	als		
162704	Gastgeschenk		
162705	bieten		
162706	,		
162707	so		
162708	erinnerte		
162709	er	18813	(mention_id=19103|references=(entity=(entity_id=entity_0001|fullname=Dr. Moorfeld|gender=m)))
162710	sich	18814	(mention_id=19104|references=(entity=(entity_id=entity_0001|fullname=Dr. Moorfeld|gender=m)))
162711	doch		
162712	,		
162713	daß		
162714	zur		
162715	Unterhaltung		
162716	auffordern		
162717	auch		
162718	unterhalten		
162719	heiße		
162720	.		
162721	Wie		
162722	schwer		
162723	aber		
162724	hätte		
162725	ihm	18815	(mention_id=19105|references=(entity=(entity_id=entity_0001|fullname=Dr. Moorfeld|gender=m)))
162726	diese		
162727	Aufgabe		
162728	werden		
162729	sollen		
162730	bei		
162731	einem		
162732	Manne	18816	(mention_id=19106|references=(entity=(entity_id=entity_1026|fullname=der Canadier|gender=m)))
162733	,		
162734	der	18817	(mention_id=19107|references=(entity=(entity_id=entity_1026|fullname=der Canadier|gender=m)))
162735	von		
162736	Canada		
162737	nach		
162738	New-Orleans		
162739	reist		
162740	pour		
162741	avoir		
162742	quelque		
162743	conversation		
162744	?		
162745	Er	18818	(mention_id=19108|references=(entity=(entity_id=entity_0001|fullname=Dr. Moorfeld|gender=m)))
162746	begann		
162747	sich's	18819	(mention_id=19109|references=(entity=(entity_id=entity_0001|fullname=Dr. Moorfeld|gender=m)))
162748	an		
162749	der		
162750	Feuerstelle		
162751	bequem		
162752	zu		
162753	machen		
162754	.		
162755	Bitte		
162756	,		
162757	stellt		
162758	mich	18820	(mention_id=19110|references=(entity=(entity_id=entity_0001|fullname=Dr. Moorfeld|gender=m)))
162759	auch		
162760	Frau	18821	(mention_id=19111|references=(entity=(entity_id=entity_1066|fullname=Frau des Sängers|gender=f|specialcase_entity=nonfact)))
162761	und		
162762	Kind	18822	(mention_id=19112|references=(entity=(entity_id=entity_1087|fullname=Kind des Sängers|gender=u|specialcase_entity=nonfact)))
162763	vor		
162764	!		
162765	scherzte		
162766	er	18823	(mention_id=19113|references=(entity=(entity_id=entity_0001|fullname=Dr. Moorfeld|gender=m)))
162767	dazu		
162768	.		
162769	Der		
162770	Franzose	18824	(mention_id=19114|references=(entity=(entity_id=entity_1026|fullname=der Canadier|gender=m)))
162771	aber		
162772	schien		
162773	dieses		
162774	Compliment		
162775	über		
162776	seine	18825	(mention_id=19115|references=(entity=(entity_id=entity_1026|fullname=der Canadier|gender=m)))
162777	glückliche		
162778	Nachahmung		
162779	von		
162780	Häuslichkeit		
162781	zu		
162782	verkennen		
162783	,		
162784	denn		
162785	er	18826	(mention_id=19116|references=(entity=(entity_id=entity_1026|fullname=der Canadier|gender=m)))
162786	schlug		
162787	ein		
162788	Schnippchen		
162789	und		
162790	antwortete		
162791	fast		
162792	mürrisch		
162793	:		
162794	Wagh		
162795	!		
162796	Familienleben		
162797	schönes		
162798	Leben		
162799	!		
162800	Ich	18827	(mention_id=19117|references=(entity=(entity_id=entity_1026|fullname=der Canadier|gender=m)))
162801	bin		
162802	Amateur	18828	
162803	von		
162804	dem		
162805	Familienleben		
162806	—		
162807	anderer		
162808	Leute	18829	(mention_id=19118|references=(entity=(entity_id=generic_5566|fullname=generic_1911|gender=u|specialcase_entity=generic)))
162809	!		
162810	Ich	18830	(mention_id=19119|references=(entity=(entity_id=entity_1026|fullname=der Canadier|gender=m)))
162811	liebe		
162812	es		
162813	außerordentlich		
162814	.		
162815	Aber		
162816	zu		
162817	Hause		
162818	will		
162819	ich	18831	(mention_id=19120|references=(entity=(entity_id=entity_1026|fullname=der Canadier|gender=m)))
162820	frei		
162821	sein		
162822	.		
162823	Wagh		
162824	!		
162825	Familie		
162826	ist		
162827	Silber		
162828	,		
162829	Freiheit		
162830	ist		
162831	Gold		
162832	!		
162833	Und		
162834	plaudernd		
162835	fuhr		
162836	er	18832	(mention_id=19121|references=(entity=(entity_id=entity_1026|fullname=der Canadier|gender=m)))
162837	fort		
162838	:		
162839	Als		
162840	ich	18833	(mention_id=19122|references=(entity=(entity_id=entity_1026|fullname=der Canadier|gender=m)))
162841	vor		
162842	mehreren		
162843	Jahren		
162844	für		
162845	die		
162846	Nordwest		
162847	Biberjagd		
162848	trieb		
162849	,		
162850	da		
162851	besaß		
162852	ich	18834	(mention_id=19123|references=(entity=(entity_id=entity_1026|fullname=der Canadier|gender=m)))
162853	zwei		
162854	Weiber	18835	(mention_id=19124|references=(entity=(entity_id=entity_1030|fullname=Juanita|gender=f)),(entity=(entity_id=entity_1032|fullname=Chilchothe|gender=f)))
162855	,		
162856	wie		
162857	es		
162858	im		
162859	Westen		
162860	der		
162861	Trapper	18836	(mention_id=19125|references=(entity=(entity_id=generic_5567|fullname=generic_1912|gender=u|specialcase_entity=generic)),(entity=(entity_id=entity_1026|fullname=der Canadier|gender=m)))
162862	Brauch		
162863	.		
162864	Ah		
162865	,		
162866	Monsieur	18837	(mention_id=19126|references=(entity=(entity_id=entity_0001|fullname=Dr. Moorfeld|gender=m)))
162867	,		
162868	Schöneres		
162869	hat		
162870	die		
162871	Welt		
162872	nicht		
162873	gesehen		
162874	!		
162875	Die		
162876	Eine	18838	(mention_id=19127|references=(entity=(entity_id=entity_1030|fullname=Juanita|gender=f)))
162877	,		
162878	Juanita	18839	(mention_id=19128|references=(entity=(entity_id=entity_1030|fullname=Juanita|gender=f)))
162879	,		
162880	hatte		
162881	ich	18840	(mention_id=19129|references=(entity=(entity_id=entity_1026|fullname=der Canadier|gender=m)))
162882	aus		
162883	einer		
162884	Mission		
162885	in		
162886	Kalifornien		
162887	entführt		
162888	;		
162889	aus		
162890	ihren	18841	(mention_id=19130|references=(entity=(entity_id=entity_1030|fullname=Juanita|gender=f)))
162891	schwarzen		
162892	Augen		
162893	brannte		
162894	es		
162895	wie		
162896	der		
162897	Blitz		
162898	einer		
162899	Doppelflinte		
162900	,		
162901	aber		
162902	das		
162903	dunkle		
162904	spanische		
162905	Feuerblut		
162906	ihrer	18842	(mention_id=19131|references=(entity=(entity_id=entity_1030|fullname=Juanita|gender=f)))
162907	Wangen		
162908	verrieth		
162909	,		
162910	daß		
162911	sie	18843	(mention_id=19132|references=(entity=(entity_id=entity_1030|fullname=Juanita|gender=f)))
162912	eben		
162913	so		
162914	berufen		
162915	,		
162916	Wunden		
162917	zu		
162918	heilen		
162919	als		
162920	zu		
162921	schlagen		
162922	.		
162923	Ihr	18844	(mention_id=19133|references=(entity=(entity_id=entity_1030|fullname=Juanita|gender=f)))
162924	weißes		
162925	Chemisettchen		
162926	war		
162927	im		
162928	Besitz		
162929	von		
162930	Geheimnissen		
162931	,		
162932	die		
162933	einen		
162934	König	18845	(mention_id=19134|references=(entity=(entity_id=generic_5568|fullname=generic_1913|gender=u|specialcase_entity=generic)))
162935	glücklich		
162936	gemacht		
162937	hätten		
162938	,		
162939	ihr	18846	(mention_id=19135|references=(entity=(entity_id=entity_1030|fullname=Juanita|gender=f)))
162940	kurzes		
162941	rothes		
162942	Sergeröckchen		
162943	schloß		
162944	sich		
162945	an		
162946	einen		
162947	bunten		
162948	mit		
162949	Glasperlen		
162950	verzierten		
162951	Gürtel		
162952	um		
162953	Hüften		
162954	—		
162955	das		
162956	war		
162957	ein		
162958	wonnevoller		
162959	Anblick		
162960	.		
162961	Als		
162962	ich	18847	(mention_id=19136|references=(entity=(entity_id=entity_1026|fullname=der Canadier|gender=m)))
162963	sie	18848	(mention_id=19137|references=(entity=(entity_id=entity_1030|fullname=Juanita|gender=f)))
162964	von		
162965	ihrer	18849	(mention_id=19138|references=(entity=(entity_id=entity_1030|fullname=Juanita|gender=f)))
162966	verdammten		
162967	Stampfmühle		
162968	auf		
162969	meinen	18850	(mention_id=19139|references=(entity=(entity_id=entity_1026|fullname=der Canadier|gender=m)))
162970	Sattel		
162971	hob		
162972	und		
162973	rief		
162974	—		
162975	ah		
162976	,		
162977	Juanita	18851	(mention_id=19140|references=(entity=(entity_id=entity_1030|fullname=Juanita|gender=f)))
162978	,		
162979	du	18852	(mention_id=19141|references=(entity=(entity_id=entity_1030|fullname=Juanita|gender=f)))
162980	bist		
162981	zu		
162982	bessern		
162983	Dingen		
162984	geboren		
162985	,		
162986	als		
162987	ewig		
162988	Korn		
162989	zu		
162990	stampfen		
162991	und		
162992	Tortilla's		
162993	zu		
162994	backen		
162995	—		
162996	parbleu		
162997	!		
162998	da		
162999	wußt'		
163000	ich	18853	(mention_id=19142|references=(entity=(entity_id=entity_1026|fullname=der Canadier|gender=m)))
163001	was		
163002	ich	18854	(mention_id=19143|references=(entity=(entity_id=entity_1026|fullname=der Canadier|gender=m)))
163003	in		
163004	Armen		
163005	hielt		
163006	.		
163007	Wenn		
163008	mir	18855	(mention_id=19144|references=(entity=(entity_id=entity_1026|fullname=der Canadier|gender=m)))
163009	die		
163010	Engländer	18856	(mention_id=19145|references=(entity=(entity_id=entity_1054|fullname=Engländer in Bentsfort|gender=u|specialcase_entity=group)))
163011	und		
163012	die		
163013	Yankees	18857	(mention_id=19146|references=(entity=(entity_id=entity_1056|fullname=Yankees in Bentsfort|gender=u|specialcase_entity=group)))
163014	—		
163015	Gott		
163016	verdamme		
163017	sie	18858	(mention_id=19147|references=(entity=(entity_id=entity_1054|fullname=Engländer in Bentsfort|gender=u|specialcase_entity=group)),(entity=(entity_id=entity_1056|fullname=Yankees in Bentsfort|gender=u|specialcase_entity=group)))
163018	;		
163019	—		
163020	in		
163021	Bentsfort		
163022	nicht		
163023	um		
163024	die		
163025	Wette		
163026	zehn		
163027	der		
163028	schönsten		
163029	Pferde		
163030	und		
163031	Maulthiere		
163032	für		
163033	sie	18859	(mention_id=19148|references=(entity=(entity_id=entity_1030|fullname=Juanita|gender=f)))
163034	geboten		
163035	,		
163036	so		
163037	will		
163038	ich	18860	(mention_id=19149|references=(entity=(entity_id=entity_1026|fullname=der Canadier|gender=m)))
163039	ein		
163040	todter		
163041	Biber	18861	
163042	sein		
163043	;		
163044	die		
163045	mexikanischen		
163046	Fettlappen		(mention_id=19150|references=(entity=(entity_id=entity_1079|fullname=Mexikaner|gender=u|specialcase_entity=group)))
163047	aber		
163048	klimperten		
163049	mir	18862	(mention_id=19151|references=(entity=(entity_id=entity_1026|fullname=der Canadier|gender=m)))
163050	mit		
163051	Dublonen		
163052	und		
163053	Dolchen		
163054	vor		
163055	die		
163056	Ohren		
163057	,		
163058	daß		
163059	ich	18863	(mention_id=19152|references=(entity=(entity_id=entity_1026|fullname=der Canadier|gender=m)))
163060	mehr		
163061	als		
163062	Einem	18864	
163063	mein	18865	(mention_id=19153|references=(entity=(entity_id=entity_1026|fullname=der Canadier|gender=m)))
163064	Messer		
163065	bis		
163066	zum		
163067	Greenviver		
163068	in		
163069	den		
163070	Leib		
163071	jagen		
163072	mußte		
163073	,		
163074	um		
163075	mir	18866	(mention_id=19154|references=(entity=(entity_id=entity_1026|fullname=der Canadier|gender=m)))
163076	Ruhe		
163077	zu		
163078	schaffen		
163079	.		
163080	Die		
163081	Zweite	18867	(mention_id=19155|references=(entity=(entity_id=entity_1032|fullname=Chilchothe|gender=f)))
163082	war		
163083	eine		
163084	Yuta-Indianerin	18868	(mention_id=19156|references=(entity=(entity_id=entity_1032|fullname=Chilchothe|gender=f)))
163085	,		
163086	hieß		
163087	Chil-cho-the	18869	(mention_id=19157|references=(entity=(entity_id=entity_1032|fullname=Chilchothe|gender=f)))
163088	,		
163089	das		
163090	schwankende		
163091	Rohr		
163092	.		
163093	Ihre	18870	(mention_id=19158|references=(entity=(entity_id=entity_1032|fullname=Chilchothe|gender=f)))
163094	Schilfrohrtaille		
163095	bildete		
163096	zu		
163097	der		
163098	Fülle		
163099	der		
163100	Spanierin	18871	(mention_id=19159|references=(entity=(entity_id=entity_1030|fullname=Juanita|gender=f)))
163101	den		
163102	reizendsten		
163103	Gegensatz		
163104	,		
163105	sie	18872	(mention_id=19160|references=(entity=(entity_id=entity_1032|fullname=Chilchothe|gender=f)))
163106	war		
163107	noch		
163108	ein		
163109	ganz		
163110	junger		
163111	Schößling	18873	(mention_id=19161|references=(entity=(entity_id=entity_1032|fullname=Chilchothe|gender=f)))
163112	.		
163113	Ich	18874	(mention_id=19162|references=(entity=(entity_id=entity_1026|fullname=der Canadier|gender=m)))
163114	hatte		
163115	sie	18875	(mention_id=19163|references=(entity=(entity_id=entity_1032|fullname=Chilchothe|gender=f)))
163116	nach		
163117	Kriegsrecht		
163118	im		
163119	Kampf		
163120	mit		
163121	den		
163122	Indianern	18876	(mention_id=19164|references=(entity=(entity_id=entity_1100|fullname=vom Sänger besiegte Indianer|gender=u|specialcase_entity=group)))
163123	erbeutet		
163124	,		
163125	und		
163126	brauchte		
163127	ihr	18877	(mention_id=19165|references=(entity=(entity_id=entity_1032|fullname=Chilchothe|gender=f)))
163128	nur		
163129	die		
163130	verdammten		
163131	Ockerfarben		
163132	,		
163133	das		
163134	abscheuliche		
163135	fanfaron		
163136	der		
163137	Wilden	18878	(mention_id=19166|references=(entity=(entity_id=generic_5569|fullname=generic_1914|gender=u|specialcase_entity=generic)))
163138	,		
163139	aus		
163140	dem		
163141	Gesichte		
163142	zu		
163143	reiben		
163144	,		
163145	um		
163146	zu		
163147	sehen		
163148	,		
163149	was		
163150	für		
163151	eine		
163152	Perle		(mention_id=19167|references=(entity=(entity_id=entity_1032|fullname=Chilchothe|gender=f)))
163153	ich	18879	(mention_id=19168|references=(entity=(entity_id=entity_1026|fullname=der Canadier|gender=m)))
163154	gefischt		
163155	.		
163156	Sie	18880	(mention_id=19169|references=(entity=(entity_id=entity_1032|fullname=Chilchothe|gender=f)))
163157	war		
163158	gehorsam		
163159	wie		
163160	ein		
163161	zahmes		
163162	Kaninchen		(mention_id=19170|references=(entity=(entity_id=entity_1032|fullname=Chilchothe|gender=f)|specialcase_reference=figurative))
163163	und		
163164	in		
163165	Künsten		
163166	geschickt		
163167	wie		
163168	eine		
163169	Spinne		(mention_id=19171|references=(entity=(entity_id=generic_5570|fullname=Chilchothe|gender=u|specialcase_entity=generic)))
163170	.		
163171	Sie	18881	(mention_id=19172|references=(entity=(entity_id=entity_1032|fullname=Chilchothe|gender=f)))
163172	verstand		
163173	die		
163174	zierlichsten		
163175	Mocassins		
163176	,		
163177	die		
163178	dauerndsten		
163179	Teppiche		
163180	zu		
163181	flechten		
163182	,		
163183	sie	18882	(mention_id=19173|references=(entity=(entity_id=entity_1032|fullname=Chilchothe|gender=f)))
163184	machte		
163185	aus		
163186	Glasperlen		
163187	und		
163188	den		
163189	gefärbten		
163190	Nadeln		
163191	des		
163192	Stachelschweins		
163193	fanfaron		
163194	,		
163195	das		
163196	uns	18883	(mention_id=19174|references=(entity=(entity_id=entity_1026|fullname=der Canadier|gender=m)),(entity=(entity_id=entity_1030|fullname=Juanita|gender=f)),(entity=(entity_id=entity_1032|fullname=Chilchothe|gender=f)))
163197	im		
163198	Handel		
163199	mit		
163200	Indianerstämmen		(mention_id=19175|references=(entity=(entity_id=entity_1086|fullname=Indianerstämme|gender=u|specialcase_entity=group)))
163201	allerorts		
163202	zu		
163203	statten		
163204	kam		
163205	,		
163206	und		
163207	Niemand		
163208	wußte		
163209	zähes		
163210	Büffelfleisch		
163211	so		
163212	weich		
163213	zu		
163214	klopfen		
163215	,		
163216	wie		
163217	sie	18884	(mention_id=19176|references=(entity=(entity_id=entity_1032|fullname=Chilchothe|gender=f)))
163218	;		
163219	Sie	18885	(mention_id=19177|references=(entity=(entity_id=entity_0001|fullname=Dr. Moorfeld|gender=m)))
163220	mögen		
163221	das		
163222	glauben		
163223	,		
163224	wie		
163225	Geschriebenes	18886	
163226	Monsieur	18887	(mention_id=19178|references=(entity=(entity_id=entity_0001|fullname=Dr. Moorfeld|gender=m)))
163227	!		
163228	Enfin		
163229	,		
163230	von		
163231	einer		
163232	Nacht		
163233	auf		
163234	die		
163235	andere		
163236	fort		
163237	waren		
163238	meine	18888	(mention_id=19179|references=(entity=(entity_id=entity_1026|fullname=der Canadier|gender=m)))
163239	Squaws		(mention_id=19180|references=(entity=(entity_id=entity_1030|fullname=Juanita|gender=f)),(entity=(entity_id=entity_1032|fullname=Chilchothe|gender=f)))
163240	beide		(mention_id=19181|references=(entity=(entity_id=entity_1030|fullname=Juanita|gender=f)),(entity=(entity_id=entity_1032|fullname=Chilchothe|gender=f)))
163241	.		
163242	Als		
163243	wir	18889	(mention_id=19182|references=(entity=(entity_id=entity_1026|fullname=der Canadier|gender=m)),(entity=(entity_id=entity_1030|fullname=Juanita|gender=f)),(entity=(entity_id=entity_1032|fullname=Chilchothe|gender=f)))
163244	über		
163245	das		
163246	Gebirge		
163247	durch		
163248	das		
163249	Bayou		
163250	Solade		
163251	nach		
163252	dem		
163253	Platte		
163254	gingen		
163255	,		
163256	verlor		
163257	ich	18890	(mention_id=19183|references=(entity=(entity_id=entity_1026|fullname=der Canadier|gender=m)))
163258	bei		
163259	einem		
163260	nächtlichen		
163261	Ueberfall		
163262	der		
163263	verdammten		
163264	Schlangenindianer		(mention_id=19184|references=(entity=(entity_id=entity_1092|fullname=Schlangenindianer die Sänger überfallen|gender=u|specialcase_entity=group)))
163265	meine	18891	(mention_id=19185|references=(entity=(entity_id=entity_1026|fullname=der Canadier|gender=m)))
163266	Pferde		
163267	,		
163268	meine	18892	(mention_id=19186|references=(entity=(entity_id=entity_1026|fullname=der Canadier|gender=m)))
163269	Maulthiere		
163270	,		
163271	meine	18893	(mention_id=19187|references=(entity=(entity_id=entity_1026|fullname=der Canadier|gender=m)))
163272	Biberfelle		
163273	,		
163274	meine	18894	(mention_id=19188|references=(entity=(entity_id=entity_1026|fullname=der Canadier|gender=m)))
163275	Weiber	18895	(mention_id=19189|references=(entity=(entity_id=entity_1030|fullname=Juanita|gender=f)),(entity=(entity_id=entity_1032|fullname=Chilchothe|gender=f)))
163276	,		
163277	Alles		
163278	.		
163279	Nichts		
163280	behielt		
163281	ich	18896	(mention_id=19190|references=(entity=(entity_id=entity_1026|fullname=der Canadier|gender=m)))
163282	,		
163283	als		
163284	meine	18897	(mention_id=19191|references=(entity=(entity_id=entity_1026|fullname=der Canadier|gender=m)))
163285	doppelläufige		
163286	Flinte		
163287	.		
163288	Bon		
163289	!		
163290	Ein		
163291	Schuft		
163292	,		
163293	der		
163294	sich		
163295	nicht		
163296	seine		
163297	Ehre		
163298	gibt		
163299	.		
163300	Und		
163301	wenn		
163302	ich	18898	(mention_id=19192|references=(entity=(entity_id=entity_1026|fullname=der Canadier|gender=m)))
163303	gestehen		
163304	müßte		
163305	,		
163306	daß		
163307	ich	18899	(mention_id=19193|references=(entity=(entity_id=entity_1026|fullname=der Canadier|gender=m)))
163308	aus		
163309	dieser		
163310	Flinte		
163311	an		
163312	diesem		
163313	Tage		
163314	einen		
163315	schlechtern		
163316	Schuß		
163317	gethan		
163318	,		
163319	als		
163320	an		
163321	jedem		
163322	andern		
163323	,		
163324	daß		
163325	mir	18900	(mention_id=19194|references=(entity=(entity_id=entity_1026|fullname=der Canadier|gender=m)))
163326	das		
163327	Auge		
163328	trüber		
163329	ins		
163330	Visirglas		
163331	guckte		
163332	,		
163333	oder		
163334	die		
163335	Hand		
163336	nur		
163337	ein		
163338	Zehntels		
163339	Haar		
163340	zitterte		
163341	,		
163342	so		
163343	wollt		
163344	ich	18901	(mention_id=19195|references=(entity=(entity_id=entity_1026|fullname=der Canadier|gender=m)))
163345	vor		
163346	die		
163347	Hunde		
163348	kommen		
163349	.		
163350	Wagh		
163351	!		
163352	Was		
163353	ein		
163354	rechter		
163355	Philosoph	18902	(mention_id=19196|references=(entity=(entity_id=generic_5571|fullname=generic_1916|gender=u|specialcase_entity=generic)),(entity=(entity_id=entity_1026|fullname=der Canadier|gender=m)))
163356	ist		
163357	,		
163358	der	18903	(mention_id=19197|references=(entity=(entity_id=entity_1026|fullname=der Canadier|gender=m)),(entity=(entity_id=generic_5572|fullname=generic_1917|gender=u|specialcase_entity=generic)))
163359	sieht		
163360	Dinge		
163361	,		
163362	die		
163363	er	18904	(mention_id=19198|references=(entity=(entity_id=entity_1026|fullname=der Canadier|gender=m)),(entity=(entity_id=generic_5573|fullname=generic_1918|gender=u|specialcase_entity=generic)))
163364	hat		
163365	,		
163366	von		
163367	ihrer		
163368	guten		
163369	,		
163370	und		
163371	Dinge		
163372	,		
163373	die		
163374	er	18905	(mention_id=19199|references=(entity=(entity_id=entity_1026|fullname=der Canadier|gender=m)),(entity=(entity_id=generic_5574|fullname=generic_1919|gender=u|specialcase_entity=generic)))
163375	verliert		
163376	,		
163377	von		
163378	ihrer		
163379	schlimmen		
163380	Seite		
163381	.		
163382	Und		
163383	meine	18906	(mention_id=19200|references=(entity=(entity_id=entity_1026|fullname=der Canadier|gender=m)))
163384	Juanita	18907	(mention_id=19201|references=(entity=(entity_id=entity_1030|fullname=Juanita|gender=f)))
163385	war		
163386	doch		
163387	ein		
163388	verdammt		
163389	übermüthiges		
163390	Ding		(mention_id=19202|references=(entity=(entity_id=entity_1030|fullname=Juanita|gender=f)))
163391	,		
163392	und		
163393	meine	18908	(mention_id=19203|references=(entity=(entity_id=entity_1026|fullname=der Canadier|gender=m)))
163394	Chil-cho-the	18909	(mention_id=19204|references=(entity=(entity_id=entity_1032|fullname=Chilchothe|gender=f)))
163395	nur		
163396	ein		
163397	willenloses		
163398	Schaf		
163399	.		
163400	Wagh		
163401	!		
163402	Weiber		(mention_id=19205|references=(entity=(entity_id=entity_1032|fullname=Chilchothe|gender=f)),(entity=(entity_id=entity_1030|fullname=Juanita|gender=f)),(entity=(entity_id=generic_5575|fullname=generic_1920|gender=u|specialcase_entity=generic)))
163403	sind		
163404	gut		
163405	,		
163406	aber		
163407	die		
163408	Freiheit		
163409	ist		
163410	besser		
163411	!		
163412	Das		
163413	klingt		
163414	wild		
163415	,		
163416	mein	18910	(mention_id=19206|references=(entity=(entity_id=entity_0001|fullname=Dr. Moorfeld|gender=m)))
163417	Freund	18911	(mention_id=19207|references=(entity=(entity_id=entity_1026|fullname=der Canadier|gender=m)))
163418	,		
163419	antwortete		
163420	Moorfeld	18912	(mention_id=19208|references=(entity=(entity_id=entity_0001|fullname=Dr. Moorfeld|gender=m)))
163421	,		
163422	und		
163423	experimentirend		
163424	wie		
163425	weit		
163426	der		
163427	Leichtsinn		
163428	oder		
163429	das		
163430	Selbstvertrauen		
163431	dieser		
163432	Natursöhne	18913	(mention_id=19209|references=(entity=(entity_id=entity_1026|fullname=der Canadier|gender=m)),(entity=(entity_id=generic_5576|fullname=generic_1921|gender=u|specialcase_entity=generic)))
163433	gehe		
163434	,		
163435	fügte		
163436	er	18914	(mention_id=19210|references=(entity=(entity_id=entity_0001|fullname=Dr. Moorfeld|gender=m)))
163437	hinzu		
163438	:		
163439	Fürchtet		
163440	Ihr	18915	(mention_id=19211|references=(entity=(entity_id=entity_1026|fullname=der Canadier|gender=m)))
163441	nicht		
163442	die		
163443	Tage		
163444	des		
163445	Alters		
163446	?		
163447	wenn		
163448	eine		
163449	liebevolle		
163450	Hand		(mention_id=19212|references=(entity=(entity_id=generic_5577|fullname=generic_1922|gender=u|specialcase_entity=generic)),(entity=(entity_id=entity_1030|fullname=Juanita|gender=f)),(entity=(entity_id=entity_1032|fullname=Chilchothe|gender=f)))
163451	nicht		
163452	mehr		
163453	Luxus		
163454	,		
163455	sondern		
163456	Bedürfniß		
163457	ist		
163458	?		
163459	Wagh		
163460	!		
163461	sagte		
163462	der		
163463	Canadier	18916	(mention_id=19213|references=(entity=(entity_id=entity_1026|fullname=der Canadier|gender=m)))
163464	sich	18917	(mention_id=19214|references=(entity=(entity_id=entity_1026|fullname=der Canadier|gender=m)))
163465	schüttelnd		
163466	,		
163467	haben		
163468	Sie	18918	(mention_id=19215|references=(entity=(entity_id=entity_0001|fullname=Dr. Moorfeld|gender=m)))
163469	schon		
163470	einen		
163471	alten		
163472	Franzosen	18919	(mention_id=19216|references=(entity=(entity_id=generic_5578|fullname=generic_1923|gender=u|specialcase_entity=generic)))
163473	gesehen		
163474	?		
163475	So		
163476	wenig		
163477	als		
163478	einen		
163479	jungen		
163480	Engländer	18920	(mention_id=19217|references=(entity=(entity_id=generic_5579|fullname=generic_1924|gender=u|specialcase_entity=generic)))
163481	!		
163482	Alt		
163483	?		
163484	qu'est		
163485	ce		
163486	que		
163487	cela		
163488	?		
163489	Ein		
163490	Franzose	18921	(mention_id=19218|references=(entity=(entity_id=generic_5580|fullname=generic_1925|gender=u|specialcase_entity=generic)),(entity=(entity_id=entity_1026|fullname=der Canadier|gender=m)))
163491	wird		
163492	nicht		
163493	alt		
163494	!		
163495	Eine		
163496	charakteristische		
163497	Antwort		
163498	!		
163499	Ein		
163500	Sittenforscher	18922	(mention_id=19219|references=(entity=(entity_id=generic_5581|fullname=generic_1926|gender=u|specialcase_entity=generic)))
163501	könnte		
163502	sich	18923	(mention_id=19220|references=(entity=(entity_id=generic_5582|fullname=generic_1927|gender=u|specialcase_entity=generic)))
163503	wohl		
163504	an		
163505	ihr		
163506	genügen		
163507	lassen		
163508	.		
163509	Und		
163510	damit		
163511	war		
163512	zugleich		
163513	auch		
163514	das		
163515	Thema		
163516	für		
163517	eine		
163518	ausreichende		
163519	Abendunterhaltung		
163520	gefunden		
163521	.		
163522	Der		
163523	Canadier	18924	(mention_id=19221|references=(entity=(entity_id=entity_1026|fullname=der Canadier|gender=m)))
163524	hatte		
163525	an		
163526	eine		
163527	Zeit		
163528	seines	18925	(mention_id=19222|references=(entity=(entity_id=entity_1026|fullname=der Canadier|gender=m)))
163529	Lebens		
163530	erinnert		
163531	,		
163532	wo		
163533	er	18926	(mention_id=19223|references=(entity=(entity_id=entity_1026|fullname=der Canadier|gender=m)))
163534	„		
163535	Trapper	18927	(mention_id=19224|references=(entity=(entity_id=entity_1026|fullname=der Canadier|gender=m)))
163536	“		
163537	gewesen		
163538	.		
163539	Moorfeld	18928	(mention_id=19225|references=(entity=(entity_id=entity_0001|fullname=Dr. Moorfeld|gender=m)))
163540	brauchte		
163541	ihn	18929	(mention_id=19226|references=(entity=(entity_id=entity_1026|fullname=der Canadier|gender=m)))
163542	nur		
163543	zu		
163544	Erzählungen		
163545	aus		
163546	dieser		
163547	bewegten		
163548	Sphäre		
163549	zu		
163550	ermuntern		
163551	,		
163552	und		
163553	er	18930	(mention_id=19227|references=(entity=(entity_id=entity_0001|fullname=Dr. Moorfeld|gender=m)))
163554	unterhielt		
163555	seinen	18931	(mention_id=19228|references=(entity=(entity_id=entity_0001|fullname=Dr. Moorfeld|gender=m)))
163556	freundlichen		
163557	Wirth	18932	(mention_id=19229|references=(entity=(entity_id=entity_1026|fullname=der Canadier|gender=m)))
163558	ganz		
163559	auf		
163560	seine	18933	(mention_id=19230|references=(entity=(entity_id=entity_1026|fullname=der Canadier|gender=m)))
163561	eigenen		
163562	Kosten		
163563	,		
163564	während		
163565	er	18934	(mention_id=19231|references=(entity=(entity_id=entity_0001|fullname=Dr. Moorfeld|gender=m)))
163566	selbst		
163567	die		
163568	passive		
163569	Rolle		
163570	,		
163571	die		
163572	so		
163573	sehr		
163574	zu		
163575	seinem	18935	(mention_id=19232|references=(entity=(entity_id=entity_0001|fullname=Dr. Moorfeld|gender=m)))
163576	Gemüthe		
163577	stimmte		
163578	,		
163579	ohne		
163580	Zwang		
163581	inne		
163582	haben		
163583	konnte		
163584	.		
163585	Der		
163586	Canadier	18936	(mention_id=19233|references=(entity=(entity_id=entity_1026|fullname=der Canadier|gender=m)))
163587	ließ		
163588	sich	18937	(mention_id=19234|references=(entity=(entity_id=entity_1026|fullname=der Canadier|gender=m)))
163589	nicht		
163590	nöthigen		
163591	.		
163592	Im		
163593	dämmerungsvollen		
163594	Schein		
163595	seines	18938	(mention_id=19235|references=(entity=(entity_id=entity_1026|fullname=der Canadier|gender=m)))
163596	Herdfeuers		
163597	und		
163598	bei		
163599	einer		
163600	ziemlich		
163601	unverkürzten		
163602	Mitgift		
163603	französischer		
163604	Selbsteingenommenheit		
163605	hatte		
163606	er	18939	(mention_id=19236|references=(entity=(entity_id=entity_1026|fullname=der Canadier|gender=m)))
163607	wenig		
163608	Blick		
163609	für		
163610	den		
163611	Seelenzustand		
163612	seines	18940	(mention_id=19237|references=(entity=(entity_id=entity_1026|fullname=der Canadier|gender=m)))
163613	Gastes	18941	(mention_id=19238|references=(entity=(entity_id=entity_0001|fullname=Dr. Moorfeld|gender=m)))
163614	.		
163615	Auch		
163616	fragte		
163617	er	18942	(mention_id=19239|references=(entity=(entity_id=entity_1026|fullname=der Canadier|gender=m)))
163618	nicht		
163619	:		
163620	woher		
163621	?		
163622	und		
163623	wohin		
163624	?		
163625	Eine		
163626	Reiseerscheinung		
163627	wie		
163628	Moorfeld	18943	(mention_id=19240|references=(entity=(entity_id=entity_0001|fullname=Dr. Moorfeld|gender=m)))
163629	bot		
163630	einem		
163631	Manne	18944	(mention_id=19241|references=(entity=(entity_id=entity_1026|fullname=der Canadier|gender=m)),(entity=(entity_id=generic_5583|fullname=generic_1928|gender=u|specialcase_entity=generic)))
163632	wie		
163633	ihm	18945	(mention_id=19242|references=(entity=(entity_id=entity_1026|fullname=der Canadier|gender=m)))
163634	nichts		
163635	Merkwürdiges		
163636	.		
163637	So		
163638	überließ		
163639	er	18946	(mention_id=19243|references=(entity=(entity_id=entity_1026|fullname=der Canadier|gender=m)))
163640	sich	18947	(mention_id=19244|references=(entity=(entity_id=entity_1026|fullname=der Canadier|gender=m)))
163641	ganz		
163642	seinen	18948	(mention_id=19245|references=(entity=(entity_id=entity_1026|fullname=der Canadier|gender=m)))
163643	eigenen		
163644	Merkwürdigkeiten		
163645	.		
163646	Wahrlich		
163647	,		
163648	er	18949	(mention_id=19246|references=(entity=(entity_id=entity_1026|fullname=der Canadier|gender=m)))
163649	war		
163650	ein		
163651	unerschöpflicher		
163652	Erzähler	18950	(mention_id=19247|references=(entity=(entity_id=entity_1026|fullname=der Canadier|gender=m)))
163653	!		
163654	Nach		
163655	Stoff		
163656	und		
163657	Neigung		
163658	.		
163659	Der		
163660	Himmel		
163661	stürmte		
163662	,		
163663	der		
163664	See		
163665	zischte		
163666	,		
163667	die		
163668	Schnepfen		
163669	brieten		
163670	,		
163671	der		
163672	Reis		
163673	kochte		
163674	,		
163675	der		
163676	Canadier	18951	(mention_id=19248|references=(entity=(entity_id=entity_1026|fullname=der Canadier|gender=m)))
163677	sah		
163678	fleißig		
163679	zur		
163680	Küche		
163681	,		
163682	man		(mention_id=19249|references=(entity=(entity_id=entity_1026|fullname=der Canadier|gender=m)),(entity=(entity_id=entity_0001|fullname=Dr. Moorfeld|gender=m)))
163683	speiste		
163684	,		
163685	trank		
163686	dazu		
163687	,		
163688	und		
163689	hatte		
163690	abgespeist		
163691	,		
163692	und		
163693	der		
163694	Fluß		
163695	seiner	18952	(mention_id=19250|references=(entity=(entity_id=entity_1026|fullname=der Canadier|gender=m)))
163696	Rede		
163697	schwebte		
163698	wie		
163699	ein		
163700	ewiges		
163701	Element		
163702	über		
163703	all		
163704	diesen		
163705	endlichen		
163706	Dingen		
163707	.		
163708	Leider		
163709	können		
163710	wir	18953	(mention_id=19251|references=(entity=(entity_id=entity_0007|fullname=Erzählinstanz|gender=u)))
163711	uns	18954	(mention_id=19252|references=(entity=(entity_id=entity_0007|fullname=Erzählinstanz|gender=u)))
163712	nicht		
163713	darauf		
163714	einlassen		
163715	,		
163716	unsern	18955	(mention_id=19253|references=(entity=(entity_id=entity_0007|fullname=Erzählinstanz|gender=u)))
163717	Antheil		
163718	an		
163719	dieser		
163720	Conversation		
163721	zu		
163722	fordern		
163723	.		
163724	Welche		
163725	Episode		
163726	dürften		
163727	wir	18956	(mention_id=19254|references=(entity=(entity_id=entity_0007|fullname=Erzählinstanz|gender=u)))
163728	herausheben		
163729	,		
163730	ohne		
163731	Parteilichkeit		
163732	gegen		
163733	die		
163734	übrigen		
163735	?		
163736	Und		
163737	welcher		
163738	Raum		
163739	dieser		
163740	Blätter		
163741	wäre		
163742	geräumig		
163743	genug		
163744	,		
163745	das		
163746	Ganze		
163747	zu		
163748	geben		
163749	?		
163750	Wo		
163751	begänne		
163752	und		
163753	wo		
163754	endete		
163755	der		
163756	groß		
163757	und		
163758	wild		
163759	gezeichnete		
163760	Carton		
163761	eines		
163762	amerikanischen		
163763	Trapperlebens		
163764	?		
163765	Jede		
163766	Stunde		
163767	darin		
163768	ist		
163769	ein		
163770	Bild		
163771	für		
163772	einen		
163773	Michael	18957	(mention_id=19255|references=(entity=(entity_id=entity_1080|fullname=Michael Angelo|gender=m)))
163774	Angelo	18957	(mention_id=19255|references=(entity=(entity_id=entity_1080|fullname=Michael Angelo|gender=m)))
163775	,		
163776	jeder		
163777	Tag		
163778	ein		
163779	Epos		
163780	von		
163781	Abenteuern		
163782	,		
163783	Kämpfen		
163784	,		
163785	Gefahren		
163786	,		
163787	Heldenthaten		
163788	,		
163789	Unthaten		
163790	.		
163791	Wenn		
163792	der		
163793	Trapper	18958	(mention_id=19256|references=(entity=(entity_id=entity_1026|fullname=der Canadier|gender=m)),(entity=(entity_id=generic_5584|fullname=generic_1929|gender=u|specialcase_entity=generic)))
163794	von		
163795	St.		
163796	Louis		
163797	oder		
163798	Independence		
163799	aufbricht		
163800	mit		
163801	seinen	18959	(mention_id=19257|references=(entity=(entity_id=entity_1026|fullname=der Canadier|gender=m)),(entity=(entity_id=generic_5585|fullname=generic_1930|gender=u|specialcase_entity=generic)))
163802	Pferden		
163803	und		
163804	Maulthieren		
163805	,		
163806	seinen	18960	(mention_id=19258|references=(entity=(entity_id=entity_1026|fullname=der Canadier|gender=m)),(entity=(entity_id=generic_5586|fullname=generic_1931|gender=u|specialcase_entity=generic)))
163807	Zeltwagen		
163808	,		
163809	seiner	18961	(mention_id=19259|references=(entity=(entity_id=entity_1026|fullname=der Canadier|gender=m)),(entity=(entity_id=generic_5587|fullname=generic_1932|gender=u|specialcase_entity=generic)))
163810	ungeheuren		
163811	„		
163812	Rifle		
163813	“		
163814	sammt		
163815	seinen	18962	(mention_id=19260|references=(entity=(entity_id=entity_1026|fullname=der Canadier|gender=m)),(entity=(entity_id=generic_5588|fullname=generic_1933|gender=u|specialcase_entity=generic)))
163816	Vorräthen		
163817	an		
163818	Pulver		
163819	und		
163820	Blei		
163821	,		
163822	—		
163823	so		
163824	hat		
163825	er	18963	(mention_id=19261|references=(entity=(entity_id=entity_1026|fullname=der Canadier|gender=m)),(entity=(entity_id=generic_5589|fullname=generic_1934|gender=u|specialcase_entity=generic)))
163826	das		
163827	Uhrblatt		
163828	der		
163829	Civilisation		
163830	hinter		
163831	sich	18964	(mention_id=19262|references=(entity=(entity_id=entity_1026|fullname=der Canadier|gender=m)),(entity=(entity_id=generic_5590|fullname=generic_1935|gender=u|specialcase_entity=generic)))
163832	zertrümmert		
163833	,		
163834	sein		(mention_id=19263|references=(entity=(entity_id=entity_1026|fullname=der Canadier|gender=m)),(entity=(entity_id=generic_5591|fullname=generic_1936|gender=u|specialcase_entity=generic)))
163835	Tag		
163836	ist		
163837	nicht		
163838	mehr		
163839	Sonnen-		
163840	,		
163841	sondern		
163842	Kometenbahn		
163843	.		
163844	Uebersprungen		
163845	ist		
163846	der		
163847	schützende		
163848	,		
163849	nivellirende		
163850	Damm		
163851	des		
163852	Gesetzes		
163853	,		
163854	er		(mention_id=19264|references=(entity=(entity_id=entity_1026|fullname=der Canadier|gender=m)),(entity=(entity_id=generic_5592|fullname=generic_1937|gender=u|specialcase_entity=generic)))
163855	wirft		
163856	sich		
163857	in		
163858	den		
163859	Ocean		
163860	der		
163861	ewig		
163862	originellen		
163863	,		
163864	ewig		
163865	erfinderischen		
163866	,		
163867	ewig		
163868	vernichtenden		
163869	und		
163870	im		
163871	Guten		
163872	und		
163873	Schlimmen		
163874	ewig		
163875	sich		
163876	selbst		
163877	gehorchenden		
163878	Noth		
163879	.		
163880	Aus		
163881	diesem		
163882	Ocean		
163883	tauchen		
163884	dann		
163885	alle		
163886	jene		
163887	Schwärme		
163888	von		
163889	Ungeheuern		
163890	wieder		
163891	auf		
163892	,		
163893	die		
163894	der		
163895	Mensch	18965	(mention_id=19265|references=(entity=(entity_id=generic_5593|fullname=generic_1938|gender=u|specialcase_entity=generic)))
163896	seit		
163897	Theseus		(mention_id=19266|references=(entity=(entity_id=entity_1091|fullname=Theseus|gender=m)))
163898	und		
163899	Herkules	18966	(mention_id=19267|references=(entity=(entity_id=entity_1063|fullname=Herkules|gender=m)))
163900	,		
163901	seit		
163902	Thyest	18967	(mention_id=19268|references=(entity=(entity_id=entity_1090|fullname=Thyest|gender=m)))
163903	und		
163904	Atreus	18968	(mention_id=19269|references=(entity=(entity_id=entity_1070|fullname=Atreus|gender=m)))
163905	von		
163906	der		
163907	Erde		
163908	gebannt		
163909	glaubte		
163910	.		
163911	Frische		
163912	Schrecken		
163913	und		
163914	frische		
163915	Freuden		
163916	schöpft		
163917	er	18969	(mention_id=19270|references=(entity=(entity_id=entity_1026|fullname=der Canadier|gender=m)),(entity=(entity_id=generic_5594|fullname=generic_1939|gender=u|specialcase_entity=generic)))
163918	aus		
163919	einer		
163920	jugendlichen		
163921	Urweltsnatur		
163922	,		
163923	—		
163924	die		
163925	Freuden		
163926	kurz		
163927	und		
163928	ausschweifend		
163929	,		
163930	wie		
163931	eine		
163932	Hochzeit		
163933	der		
163934	Lapithen		(mention_id=19271|references=(entity=(entity_id=entity_1082|fullname=Lapithen|gender=u|specialcase_entity=group)))
163935	und		
163936	Centauren		(mention_id=19272|references=(entity=(entity_id=entity_1072|fullname=Centauren|gender=u|specialcase_entity=group)))
163937	,		
163938	die		
163939	Schrecken		
163940	anhaltend		
163941	,		
163942	mit		
163943	einem		
163944	festen		
163945	,		
163946	mannherzigen		
163947	,		
163948	unter		
163949	uns	18970	(mention_id=19273|references=(entity=(entity_id=entity_0007|fullname=Erzählinstanz|gender=u)),(entity=(entity_id=entity_0008|fullname=Leser|gender=u)))
163950	nicht		
163951	mehr		
163952	leserlichen		
163953	Muthe		
163954	.		
163955	Sein	18971	(mention_id=19274|references=(entity=(entity_id=entity_1026|fullname=der Canadier|gender=m)),(entity=(entity_id=generic_5595|fullname=generic_1940|gender=u|specialcase_entity=generic)))
163956	ostensibles		
163957	Ziel		
163958	ist		
163959	:		
163960	Biber		
163961	zu		
163962	fangen		
163963	,		
163964	im		
163965	Grunde		
163966	geht		
163967	er	18972	(mention_id=19275|references=(entity=(entity_id=entity_1026|fullname=der Canadier|gender=m)),(entity=(entity_id=generic_5596|fullname=generic_1941|gender=u|specialcase_entity=generic)))
163968	aber		
163969	ohne		
163970	es		
163971	selbst		
163972	zu		
163973	wissen		
163974	,		
163975	nur		
163976	jenem		
163977	Urruf		
163978	nach		
163979	Freiheit		
163980	nach		
163981	,		
163982	welcher		
163983	in		
163984	keiner		
163985	menschlichen		
163986	Brust		
163987	je		
163988	verstummt		
163989	,		
163990	und		
163991	wenn		
163992	er	18973	(mention_id=19276|references=(entity=(entity_id=entity_1026|fullname=der Canadier|gender=m)),(entity=(entity_id=generic_5597|fullname=generic_1942|gender=u|specialcase_entity=generic)))
163993	sich	18974	(mention_id=19277|references=(entity=(entity_id=entity_1026|fullname=der Canadier|gender=m)),(entity=(entity_id=generic_5598|fullname=generic_1943|gender=u|specialcase_entity=generic)))
163994	den		
163995	Grenzen		
163996	eines		
163997	Landes		
163998	nähert		
163999	,		
164000	worin		
164001	auf		
164002	einer		
164003	Quadratmeile		
164004	sechs		
164005	Ackerbauer	18975	(mention_id=19278|references=(entity=(entity_id=generic_5599|fullname=Sänger|gender=u|specialcase_entity=generic)))
164006	sitzen		
164007	,		
164008	so		
164009	klagt		
164010	er	18976	(mention_id=19279|references=(entity=(entity_id=entity_1026|fullname=der Canadier|gender=m)),(entity=(entity_id=generic_5600|fullname=generic_1945|gender=u|specialcase_entity=generic)))
164011	über		
164012	den		
164013	„		
164014	verengten		
164015	Raum		
164016	“		
164017	.		
164018	Diesen		
164019	Freiheitstrieb		
164020	faßte		
164021	Moorfeld	18977	(mention_id=19280|references=(entity=(entity_id=entity_0001|fullname=Dr. Moorfeld|gender=m)))
164022	auch		
164023	als		
164024	den		
164025	eigentlichen		
164026	Kern		
164027	all		
164028	jener		
164029	überwuchernden		
164030	Begebenheitspoesie		
164031	.		
164032	Psychologisch		
164033	merkwürdiger		
164034	als		
164035	die		
164036	ganze		
164037	Romantik		
164038	des		
164039	Trapperlebens		
164040	wurde		
164041	ihm	18978	(mention_id=19281|references=(entity=(entity_id=entity_0001|fullname=Dr. Moorfeld|gender=m)))
164042	daher		
164043	bald		
164044	die		
164045	Frage		
164046	:		
164047	wie		
164048	ein		
164049	Trapper	18979	
164050	aufhören		
164051	könne		
164052	ein		
164053	Trapper	18980	
164054	zu		
164055	sein		
164056	?		
164057	Seine	18981	(mention_id=19282|references=(entity=(entity_id=entity_0001|fullname=Dr. Moorfeld|gender=m)))
164058	äußere		
164059	Aufmerksamkeit		
164060	war		
164061	lang		
164062	schon		
164063	gesättigt		
164064	,		
164065	vielleicht		
164066	übersättigt		
164067	,		
164068	als		
164069	er	18982	(mention_id=19283|references=(entity=(entity_id=entity_0001|fullname=Dr. Moorfeld|gender=m)))
164070	sich's	18983	(mention_id=19284|references=(entity=(entity_id=entity_0001|fullname=Dr. Moorfeld|gender=m)))
164071	nicht		
164072	versagen		
164073	mochte		
164074	,		
164075	noch		
164076	diese		
164077	Frage		
164078	zu		
164079	thun		
164080	.		
164081	Es		
164082	fehlte		
164083	wenig		
164084	,		
164085	daß		
164086	sie		
164087	der		
164088	Canadier	18984	(mention_id=19285|references=(entity=(entity_id=entity_1026|fullname=der Canadier|gender=m)))
164089	fast		
164090	übel		
164091	nahm		
164092	.		
164093	Parbleu		
164094	!		
164095	antwortete		
164096	er	18985	(mention_id=19286|references=(entity=(entity_id=entity_1026|fullname=der Canadier|gender=m)))
164097	,		
164098	ich	18986	(mention_id=19287|references=(entity=(entity_id=entity_1026|fullname=der Canadier|gender=m)))
164099	war		
164100	kein		
164101	vite-poche		
164102	Mann	18987	(mention_id=19288|references=(entity=(entity_id=entity_1026|fullname=der Canadier|gender=m)))
164103	,		
164104	das		
164105	mögen		
164106	Sie	18988	(mention_id=19289|references=(entity=(entity_id=entity_0001|fullname=Dr. Moorfeld|gender=m)))
164107	glauben		
164108	.		
164109	Auch		
164110	mein	18989	(mention_id=19290|references=(entity=(entity_id=entity_1026|fullname=der Canadier|gender=m)))
164111	Kamerad	18990	(mention_id=19291|references=(entity=(entity_id=entity_0782|fullname=Max Anhorst|gender=m)))
164112	stand		
164113	seinen	18991	(mention_id=19292|references=(entity=(entity_id=entity_0782|fullname=Max Anhorst|gender=m)))
164114	Mann	18992	
164115	,		
164116	der		
164117	gute		
164118	Au	18993	(mention_id=19293|references=(entity=(entity_id=entity_0782|fullname=Max Anhorst|gender=m)))
164119	Reste	18993	(mention_id=19293|references=(entity=(entity_id=entity_0782|fullname=Max Anhorst|gender=m)))
164120	,		
164121	das		
164122	hat		
164123	er	18994	(mention_id=19294|references=(entity=(entity_id=entity_0782|fullname=Max Anhorst|gender=m)))
164124	hundertmal		
164125	bewiesen		
164126	.		
164127	Der		
164128	arme		
164129	Teufel	18995	(mention_id=19295|references=(entity=(entity_id=entity_0782|fullname=Max Anhorst|gender=m)))
164130	kam		
164131	freilich		
164132	mit		
164133	einem		
164134	verflucht		
164135	gebrochenen		
164136	Herzen		
164137	,		
164138	wie		
164139	sie's	18996	(mention_id=19296|references=(entity=(entity_id=generic_5601|fullname=generic_1946|gender=u|specialcase_entity=generic)))
164140	nennen		
164141	,		
164142	in		
164143	unsere	18997	(mention_id=19297|references=(entity=(entity_id=entity_1026|fullname=der Canadier|gender=m)),(entity=(entity_id=entity_1048|fullname=Trapper|gender=m|specialcase_entity=group)))
164144	Gesellschaft		
164145	;		
164146	die		
164147	Bourgeois	18998	(mention_id=19298|references=(entity=(entity_id=entity_1067|fullname=Bourgeois in Cincinnati|gender=u|specialcase_entity=group)))
164148	in		
164149	Cincinnati		
164150	hatten		
164151	ihn	18999	(mention_id=19299|references=(entity=(entity_id=entity_0782|fullname=Max Anhorst|gender=m)))
164152	abscheulich		
164153	ausgerieben		
164154	und		
164155	Weib	19000	(mention_id=19300|references=(entity=(entity_id=entity_0796|fullname=Anhorsts Frau|gender=f)))
164156	und		
164157	Kind	19001	(mention_id=19301|references=(entity=(entity_id=entity_0809|fullname=Anhorsts Kind|gender=u)))
164158	war		
164159	ihm	19002	(mention_id=19302|references=(entity=(entity_id=entity_0782|fullname=Max Anhorst|gender=m)))
164160	darüber		
164161	untergegangen		
164162	,		
164163	—		
164164	er	19003	(mention_id=19303|references=(entity=(entity_id=entity_0782|fullname=Max Anhorst|gender=m)))
164165	hatte		
164166	Unglück		
164167	haufenweis		
164168	!		
164169	Sein	19004	(mention_id=19304|references=(entity=(entity_id=entity_0782|fullname=Max Anhorst|gender=m)))
164170	Anschluß		
164171	an		
164172	die		
164173	Trapper	19005	(mention_id=19305|references=(entity=(entity_id=entity_1048|fullname=Trapper|gender=m|specialcase_entity=group)))
164174	war		
164175	eine		
164176	Sache		
164177	mehr		
164178	der		
164179	Desperation		
164180	als		
164181	der		
164182	Erholung		
164183	,		
164184	er	19006	(mention_id=19306|references=(entity=(entity_id=entity_0782|fullname=Max Anhorst|gender=m)))
164185	wollte		
164186	unter		
164187	ein		
164188	indanisch'		
164189	Messer		
164190	,		
164191	das		
164192	war		
164193	klar		
164194	wie		
164195	eine		
164196	Biberfährte		
164197	.		
164198	Enfin		
164199	,		
164200	solche		
164201	Dünste		
164202	verdunsten		
164203	nach		
164204	dem		
164205	ersten		
164206	Schluck		
164207	Büffelblut		
164208	in		
164209	der		
164210	Prairie		
164211	und		
164212	Au	19007	(mention_id=19307|references=(entity=(entity_id=entity_0782|fullname=Max Anhorst|gender=m)))
164213	Reste	19007	(mention_id=19307|references=(entity=(entity_id=entity_0782|fullname=Max Anhorst|gender=m)))
164214	war		
164215	bald		
164216	ein		
164217	Kerl	19008	(mention_id=19308|references=(entity=(entity_id=entity_0782|fullname=Max Anhorst|gender=m)))
164218	,		
164219	dem	19009	(mention_id=19309|references=(entity=(entity_id=entity_0782|fullname=Max Anhorst|gender=m)))
164220	zwischen		
164221	Platte		
164222	und		
164223	Arkansas		
164224	Keiner		
164225	das		
164226	Visirglas		
164227	von		
164228	der		
164229	Flinte		
164230	schlug		
164231	—		
164232	ich	19010	(mention_id=19310|references=(entity=(entity_id=entity_1026|fullname=der Canadier|gender=m)))
164233	fresse		
164234	mich	19011	(mention_id=19311|references=(entity=(entity_id=entity_1026|fullname=der Canadier|gender=m)))
164235	selbst		
164236	,		
164237	wenn		
164238	ich	19012	(mention_id=19312|references=(entity=(entity_id=entity_1026|fullname=der Canadier|gender=m)))
164239	lüge		
164240	!		
164241	Ich	19013	(mention_id=19313|references=(entity=(entity_id=entity_1026|fullname=der Canadier|gender=m)))
164242	muß		
164243	plaidyren		
164244	für		
164245	den		
164246	armen		
164247	Gaul	19014	(mention_id=19314|references=(entity=(entity_id=entity_0782|fullname=Max Anhorst|gender=m)))
164248	,		
164249	denn		
164250	ich	19015	(mention_id=19315|references=(entity=(entity_id=entity_1026|fullname=der Canadier|gender=m)))
164251	hatte		
164252	mich	19016	(mention_id=19316|references=(entity=(entity_id=entity_1026|fullname=der Canadier|gender=m)))
164253	so		
164254	attachirt		
164255	an		
164256	ihn	19017	(mention_id=19317|references=(entity=(entity_id=entity_0782|fullname=Max Anhorst|gender=m)))
164257	,		
164258	daß		
164259	ich	19018	(mention_id=19318|references=(entity=(entity_id=entity_1026|fullname=der Canadier|gender=m)))
164260	mit		
164261	ihm	19019	(mention_id=19319|references=(entity=(entity_id=entity_0782|fullname=Max Anhorst|gender=m)))
164262	zugleich		
164263	das		
164264	Trapperleben		
164265	ließ		
164266	,		
164267	und		
164268	soll		
164269	mir	19020	(mention_id=19320|references=(entity=(entity_id=entity_1026|fullname=der Canadier|gender=m)))
164270	Niemand		
164271	sagen		
164272	,		
164273	er	19021	(mention_id=19321|references=(entity=(entity_id=entity_0782|fullname=Max Anhorst|gender=m)))
164274	war		
164275	ein		
164276	Bleichgesicht	19022	(mention_id=19322|references=(entity=(entity_id=entity_0782|fullname=Max Anhorst|gender=m)))
164277	wie		
164278	die		
164279	andern		
164280	Kornknacker	19023	(mention_id=19323|references=(entity=(entity_id=generic_5602|fullname=generic_1947|gender=u|specialcase_entity=generic)))
164281	;		
164282	ich	19024	(mention_id=19324|references=(entity=(entity_id=entity_1026|fullname=der Canadier|gender=m)))
164283	mache		
164284	Fleisch		
164285	aus		
164286	dem		
164287	Kerl	19025	(mention_id=19325|references=(entity=(entity_id=generic_5603|fullname=generic_1948|gender=u|specialcase_entity=generic)))
164288	,		
164289	der	19026	(mention_id=19326|references=(entity=(entity_id=generic_5604|fullname=generic_1949|gender=u|specialcase_entity=generic)))
164290	das		
164291	behauptet		
164292	.		
164293	Urtheilen		
164294	Sie	19027	(mention_id=19327|references=(entity=(entity_id=entity_0001|fullname=Dr. Moorfeld|gender=m)))
164295	selbst		
164296	,		
164297	mein	19028	(mention_id=19328|references=(entity=(entity_id=entity_1026|fullname=der Canadier|gender=m)))
164298	Herr	19029	(mention_id=19329|references=(entity=(entity_id=entity_0001|fullname=Dr. Moorfeld|gender=m)))
164299	.		
164300	Im		
164301	Sommer		
164302	war		
164303	er	19030	(mention_id=19330|references=(entity=(entity_id=entity_0782|fullname=Max Anhorst|gender=m)))
164304	zu		
164305	uns	19031	(mention_id=19331|references=(entity=(entity_id=entity_1026|fullname=der Canadier|gender=m)),(entity=(entity_id=entity_1048|fullname=Trapper|gender=m|specialcase_entity=group)))
164306	gekommen		
164307	und		
164308	gleich		
164309	im		
164310	Spätherbst		
164311	passirte		
164312	folgendes		
164313	Abenteuer		
164314	.		
164315	Wir	19032	(mention_id=19332|references=(entity=(entity_id=entity_1026|fullname=der Canadier|gender=m)),(entity=(entity_id=entity_0782|fullname=Max Anhorst|gender=m)),(entity=(entity_id=entity_1031|fullname=Drei weitere Trapper|gender=m|members=entity_1049,entity_1060|all_members_given=False|specialcase_entity=group)))
164316	kaschten		
164317	,		
164318	von		
164319	einer		
164320	größern		
164321	Schaar		(mention_id=19333|references=(entity=(entity_id=entity_1098|fullname=Trapperschar|gender=u|specialcase_entity=group)))
164322	abgeschnitten		
164323	,		
164324	zu		
164325	fünf		
164326	Mann	19033	(mention_id=19334|references=(entity=(entity_id=entity_1026|fullname=der Canadier|gender=m)),(entity=(entity_id=entity_0782|fullname=Max Anhorst|gender=m)),(entity=(entity_id=entity_1031|fullname=Drei weitere Trapper|gender=m|members=entity_1049,entity_1060|all_members_given=False|specialcase_entity=group)))
164327	vor		
164328	einem		
164329	Haufen		
164330	Sioux-Indianer	19034	(mention_id=19335|references=(entity=(entity_id=entity_1047|fullname=ein Haufen Siouxindianer|gender=u|specialcase_entity=group)))
164331	,		
164332	welche	19035	(mention_id=19336|references=(entity=(entity_id=entity_1047|fullname=ein Haufen Siouxindianer|gender=u|specialcase_entity=group)))
164333	in		
164334	übermächtiger		
164335	Anzahl		
164336	uns	19036	(mention_id=19337|references=(entity=(entity_id=entity_1026|fullname=der Canadier|gender=m)),(entity=(entity_id=entity_0782|fullname=Max Anhorst|gender=m)),(entity=(entity_id=entity_1031|fullname=Drei weitere Trapper|gender=m|members=entity_1049,entity_1060|all_members_given=False|specialcase_entity=group)))
164337	auf		
164338	den		
164339	Fersen		
164340	waren		
164341	.		
164342	Wir	19037	(mention_id=19338|references=(entity=(entity_id=entity_1026|fullname=der Canadier|gender=m)),(entity=(entity_id=entity_0782|fullname=Max Anhorst|gender=m)),(entity=(entity_id=entity_1031|fullname=Drei weitere Trapper|gender=m|members=entity_1049,entity_1060|all_members_given=False|specialcase_entity=group)))
164343	entrannen		
164344	glücklich		
164345	und		
164346	erreichten		
164347	an		
164348	einem		
164349	stürmischen		
164350	Abend		
164351	in		
164352	der		
164353	Nähe		
164354	des		
164355	Hochgebirgsthales		
164356	,		
164357	welches		
164358	man		
164359	den		
164360	stillen		
164361	Park		
164362	nennt		
164363	,		
164364	eine		
164365	wilde		
164366	Schlucht		
164367	.		
164368	—		
164369	Es		
164370	war		
164371	das		
164372	felsige		
164373	Bett		
164374	eines		
164375	ausgetrockneten		
164376	Bergstroms		
164377	.		
164378	Schroff		
164379	und		
164380	steil		
164381	stiegen		
164382	die		
164383	Uferwände		
164384	von		
164385	allen		
164386	Seiten		
164387	aus		
164388	dem		
164389	Creek		
164390	auf		
164391	,		
164392	und		
164393	gewährten		
164394	selbst		
164395	dem		
164396	flüchtigen		
164397	Dickhorn		
164398	,		
164399	welches		
164400	zuweilen		
164401	hoch		
164402	über		
164403	uns	19038	(mention_id=19339|references=(entity=(entity_id=entity_1026|fullname=der Canadier|gender=m)),(entity=(entity_id=entity_0782|fullname=Max Anhorst|gender=m)),(entity=(entity_id=entity_1031|fullname=Drei weitere Trapper|gender=m|members=entity_1049,entity_1060|all_members_given=False|specialcase_entity=group)))
164404	in		
164405	die		
164406	gräuliche		
164407	Steinspalte		
164408	niederlugte		
164409	,		
164410	kaum		
164411	einen		
164412	Platz		
164413	zum		
164414	Fußen		
164415	.		
164416	Dazu		
164417	verrammelten		
164418	Fichtenstämme		
164419	,		
164420	die		
164421	der		
164422	Sturm		
164423	oben		
164424	abgerissen		
164425	und		
164426	in		
164427	die		
164428	Tiefe		
164429	gestürzt		
164430	,		
164431	beständig		
164432	den		
164433	Weg		
164434	,		
164435	und		
164436	Felsblöcke		
164437	,		
164438	welche		
164439	das		
164440	Flußbett		
164441	beinahe		
164442	ausfüllten		
164443	,		
164444	hinderten		
164445	noch		
164446	mehr		
164447	am		
164448	Vordringen		
164449	.		
164450	So		
164451	krochen		
164452	wir	19039	(mention_id=19340|references=(entity=(entity_id=entity_1026|fullname=der Canadier|gender=m)),(entity=(entity_id=entity_0782|fullname=Max Anhorst|gender=m)),(entity=(entity_id=entity_1031|fullname=Drei weitere Trapper|gender=m|members=entity_1049,entity_1060|all_members_given=False|specialcase_entity=group)))
164453	unter		
164454	unsäglichen		
164455	Beschwerden		
164456	in		
164457	das		
164458	Berginnere		
164459	und		
164460	Mann		(mention_id=19341|references=(entity=(entity_id=entity_1026|fullname=der Canadier|gender=m)),(entity=(entity_id=entity_0782|fullname=Max Anhorst|gender=m)),(entity=(entity_id=entity_1031|fullname=Drei weitere Trapper|gender=m|members=entity_1049,entity_1060|all_members_given=False|specialcase_entity=group)))
164461	und		
164462	Pferd		
164463	war		
164464	öfter		
164465	als		
164466	einmal		
164467	in		
164468	Gefahr		
164469	unterzugehen		
164470	.		
164471	—		
164472	Gegen		
164473	Abend		
164474	gelangten		
164475	wir	19040	(mention_id=19342|references=(entity=(entity_id=entity_1026|fullname=der Canadier|gender=m)),(entity=(entity_id=entity_0782|fullname=Max Anhorst|gender=m)),(entity=(entity_id=entity_1031|fullname=Drei weitere Trapper|gender=m|members=entity_1049,entity_1060|all_members_given=False|specialcase_entity=group)))
164476	endlich		
164477	an		
164478	einen		
164479	Punkt		
164480	,		
164481	wo		
164482	die		
164483	Schlucht		
164484	sich		
164485	zu		
164486	einer		
164487	kleinen		
164488	abschüssigen		
164489	Prairie		
164490	von		
164491	einigen		
164492	hundert		
164493	Schritten		
164494	erweiterte		
164495	,		
164496	deren		
164497	Zugang		
164498	ein		
164499	Dickicht		
164500	von		
164501	Zwergfichten		
164502	und		
164503	Cedern		
164504	wie		
164505	ein		
164506	Vorhang		
164507	verbarg		
164508	.		
164509	Hier		
164510	beschlossen		
164511	wir	19041	(mention_id=19343|references=(entity=(entity_id=entity_1026|fullname=der Canadier|gender=m)),(entity=(entity_id=entity_0782|fullname=Max Anhorst|gender=m)),(entity=(entity_id=entity_1031|fullname=Drei weitere Trapper|gender=m|members=entity_1049,entity_1060|all_members_given=False|specialcase_entity=group)))
164512	das		
164513	Nachtlager		
164514	aufzuschlagen		
164515	.		
164516	Nie		
164517	waren		
164518	Trapper	19042	(mention_id=19344|references=(entity=(entity_id=generic_5605|fullname=generic_1950|gender=u|specialcase_entity=generic)),(entity=(entity_id=entity_1026|fullname=der Canadier|gender=m)),(entity=(entity_id=entity_0782|fullname=Max Anhorst|gender=m)),(entity=(entity_id=entity_1031|fullname=Drei weitere Trapper|gender=m|members=entity_1049,entity_1060|all_members_given=False|specialcase_entity=group)))
164519	vor		
164520	Indianern	19043	(mention_id=19345|references=(entity=(entity_id=entity_1047|fullname=ein Haufen Siouxindianer|gender=u|specialcase_entity=group)),(entity=(entity_id=generic_5606|fullname=generic_1951|gender=u|specialcase_entity=generic)))
164521	besser		
164522	gekascht		
164523	:		
164524	wir	19044	(mention_id=19346|references=(entity=(entity_id=entity_1026|fullname=der Canadier|gender=m)),(entity=(entity_id=entity_0782|fullname=Max Anhorst|gender=m)),(entity=(entity_id=entity_1031|fullname=Drei weitere Trapper|gender=m|members=entity_1049,entity_1060|all_members_given=False|specialcase_entity=group)))
164525	hielten		
164526	uns	19045	(mention_id=19347|references=(entity=(entity_id=entity_1026|fullname=der Canadier|gender=m)),(entity=(entity_id=entity_0782|fullname=Max Anhorst|gender=m)),(entity=(entity_id=entity_1031|fullname=Drei weitere Trapper|gender=m|members=entity_1049,entity_1060|all_members_given=False|specialcase_entity=group)))
164527	Alle		(mention_id=19348|references=(entity=(entity_id=entity_1026|fullname=der Canadier|gender=m)),(entity=(entity_id=entity_0782|fullname=Max Anhorst|gender=m)),(entity=(entity_id=entity_1031|fullname=Drei weitere Trapper|gender=m|members=entity_1049,entity_1060|all_members_given=False|specialcase_entity=group)))
164528	überzeugt		
164529	,		
164530	kein		
164531	menschlicher		
164532	Fuß		
164533	habe		
164534	je		
164535	vor		
164536	uns	19046	(mention_id=19349|references=(entity=(entity_id=entity_1026|fullname=der Canadier|gender=m)),(entity=(entity_id=entity_0782|fullname=Max Anhorst|gender=m)),(entity=(entity_id=entity_1031|fullname=Drei weitere Trapper|gender=m|members=entity_1049,entity_1060|all_members_given=False|specialcase_entity=group)))
164537	diese		
164538	Stelle		
164539	betreten		
164540	,		
164541	oder		
164542	nur		
164543	je		
164544	zu		
164545	betreten		
164546	versucht		
164547	.		
164548	—		
164549	Wie		
164550	groß		
164551	war		
164552	daher		
164553	unser	19047	(mention_id=19350|references=(entity=(entity_id=entity_1026|fullname=der Canadier|gender=m)),(entity=(entity_id=entity_0782|fullname=Max Anhorst|gender=m)),(entity=(entity_id=entity_1031|fullname=Drei weitere Trapper|gender=m|members=entity_1049,entity_1060|all_members_given=False|specialcase_entity=group)))
164554	Erstaunen		
164555	,		
164556	als		
164557	wir	19048	(mention_id=19351|references=(entity=(entity_id=entity_1026|fullname=der Canadier|gender=m)),(entity=(entity_id=entity_0782|fullname=Max Anhorst|gender=m)),(entity=(entity_id=entity_1031|fullname=Drei weitere Trapper|gender=m|members=entity_1049,entity_1060|all_members_given=False|specialcase_entity=group)))
164558	hinter		
164559	dem		
164560	Dickicht		
164561	ein		
164562	Pferd		
164563	stehen		
164564	sahen		
164565	!		
164566	Einsam		
164567	und		
164568	unbeweglich		
164569	stand		
164570	es		
164571	in		
164572	der		
164573	Mitte		
164574	der		
164575	Prairie		
164576	—		
164577	wie		
164578	das		
164579	Bruchstück		
164580	einer		
164581	Reiterstatue		
164582	!		
164583	Es		
164584	war		
164585	ein		
164586	alter		
164587	ergrauter		
164588	Mustang		
164589	,		
164590	oder		
164591	indianischer		
164592	Pony		
164593	,		
164594	mit		
164595	gestutzten		
164596	Ohren		
164597	,		
164598	von		
164599	der		
164600	Kälte		
164601	zusammengekrümmt		
164602	,		
164603	vom		
164604	hohen		
164605	Alter		
164606	aufs		
164607	Aeußerste		
164608	herabgebracht		
164609	,		
164610	und		
164611	hungrige		
164612	Maulthiere		
164613	hatten		
164614	weiland		
164615	seinen	19049	
164616	Schweif		
164617	ausgerauft		
164618	.		
164619	Parbleu		
164620	,		
164621	es		
164622	war		
164623	ein		
164624	pitoyabler		
164625	Anblick		
164626	!		
164627	Die		
164628	Knochen		
164629	drangen		
164630	dem		
164631	Thiere		
164632	durch		
164633	die		
164634	steife		
164635	Haut		
164636	,		
164637	es		
164638	hatte		
164639	seine		
164640	Beine		
164641	unter		
164642	sich		
164643	eingezogen		
164644	,		
164645	sein		
164646	müder		
164647	Kopf		
164648	und		
164649	ausgestreckter		
164650	Hals		
164651	hingen		
164652	gleichgiltig		
164653	herab		
164654	,		
164655	und		
164656	schienen		
164657	ein		
164658	Uebergewicht		
164659	zu		
164660	bilden		
164661	,		
164662	das		
164663	der		
164664	schwankende		
164665	Körper		
164666	kaum		
164667	mehr		
164668	zu		
164669	tragen		
164670	vermochte		
164671	!		
164672	Das		
164673	verglaste		
164674	und		
164675	eingesunkene		
164676	Auge		
164677	,		
164678	die		
164679	heraushängende		
164680	,		
164681	schaumbedeckte		
164682	Zunge		
164683	,		
164684	die		
164685	keuchende		
164686	Flanke		
164687	und		
164688	der		
164689	zuckende		
164690	Schweif		
164691	—		
164692	Alles		
164693	verrieth		
164694	,		
164695	daß		
164696	die		
164697	Laufbahn		
164698	dieses		
164699	Thieres		
164700	zu		
164701	Ende		
164702	,		
164703	und		
164704	Schnee-		
164705	und		
164706	Hagelgestöber		
164707	und		
164708	der		
164709	durchdringende		
164710	Herbststurm		
164711	machten		
164712	kaum		
164713	noch		
164714	einen		
164715	Eindruck		
164716	auf		
164717	seinen		
164718	unempfindlichen		
164719	Körper		
164720	.		
164721	Ah		
164722	,		
164723	ein		
164724	erbärmlicher		
164725	Anblick		
164726	!		
164727	—		
164728	Wir	19050	(mention_id=19352|references=(entity=(entity_id=entity_1026|fullname=der Canadier|gender=m)),(entity=(entity_id=entity_0782|fullname=Max Anhorst|gender=m)),(entity=(entity_id=entity_1031|fullname=Drei weitere Trapper|gender=m|members=entity_1049,entity_1060|all_members_given=False|specialcase_entity=group)))
164729	hatten		
164730	aber		
164731	Einen	19051	(mention_id=19353|references=(entity=(entity_id=entity_0782|fullname=Max Anhorst|gender=m)))
164732	unter		
164733	uns	19052	(mention_id=19354|references=(entity=(entity_id=entity_1026|fullname=der Canadier|gender=m)),(entity=(entity_id=entity_0782|fullname=Max Anhorst|gender=m)),(entity=(entity_id=entity_1031|fullname=Drei weitere Trapper|gender=m|members=entity_1049,entity_1060|all_members_given=False|specialcase_entity=group)))
164734	,		
164735	der	19053	(mention_id=19355|references=(entity=(entity_id=entity_0782|fullname=Max Anhorst|gender=m)))
164736	das		
164737	Thier		
164738	in		
164739	all		
164740	seiner		
164741	Decadence		
164742	auf		
164743	den		
164744	ersten		
164745	Blick		
164746	erkannte		
164747	.		
164748	Hört		
164749	ihr's	19054	(mention_id=19356|references=(entity=(entity_id=entity_1026|fullname=der Canadier|gender=m)),(entity=(entity_id=entity_1031|fullname=Drei weitere Trapper|gender=m|members=entity_1049,entity_1060|all_members_given=False|specialcase_entity=group)))
164750	,		
164751	rief		
164752	er	19055	(mention_id=19357|references=(entity=(entity_id=entity_0782|fullname=Max Anhorst|gender=m)))
164753	,		
164754	das		
164755	ist		
164756	das		
164757	berühmte		
164758	nezpercé-Pferd		
164759	des		
164760	berühmten		
164761	Bill	19056	(mention_id=19358|references=(entity=(entity_id=entity_1035|fullname=Bill Williams|gender=m)))
164762	Williams	19056	(mention_id=19358|references=(entity=(entity_id=entity_1035|fullname=Bill Williams|gender=m)))
164763	,		
164764	des		
164765	ältesten		
164766	,		
164767	tapfersten		
164768	und		
164769	schlauesten		
164770	Gebirgsjägers	19057	(mention_id=19359|references=(entity=(entity_id=entity_1035|fullname=Bill Williams|gender=m)))
164771	,		
164772	der		
164773	Krone	19058	
164774	aller		
164775	Trappers	19059	(mention_id=19360|references=(entity=(entity_id=generic_5607|fullname=generic_1952|gender=u|specialcase_entity=generic)))
164776	!		
164777	Man		
164778	hat		
164779	lange		
164780	nichts		
164781	gehört		
164782	von		
164783	dem		
164784	alten		
164785	Gaul		(mention_id=19361|references=(entity=(entity_id=entity_1035|fullname=Bill Williams|gender=m)))
164786	,		
164787	gebt		
164788	Acht		
164789	,		
164790	er	19060	(mention_id=19362|references=(entity=(entity_id=entity_1035|fullname=Bill Williams|gender=m)))
164791	muß		
164792	in		
164793	der		
164794	Nähe		
164795	sein		
164796	.		
164797	Und		
164798	so		
164799	war		
164800	es		
164801	!		
164802	Als		
164803	wir	19061	(mention_id=19363|references=(entity=(entity_id=entity_1026|fullname=der Canadier|gender=m)),(entity=(entity_id=entity_0782|fullname=Max Anhorst|gender=m)),(entity=(entity_id=entity_1031|fullname=Drei weitere Trapper|gender=m|members=entity_1049,entity_1060|all_members_given=False|specialcase_entity=group)))
164804	das		
164805	Fichten-		
164806	und		
164807	Cederngebüsch		
164808	sorgfältig		
164809	zu		
164810	durchsuchen		
164811	anfingen		
164812	,		
164813	stießen		
164814	wir	19062	(mention_id=19364|references=(entity=(entity_id=entity_1026|fullname=der Canadier|gender=m)),(entity=(entity_id=entity_0782|fullname=Max Anhorst|gender=m)),(entity=(entity_id=entity_1031|fullname=Drei weitere Trapper|gender=m|members=entity_1049,entity_1060|all_members_given=False|specialcase_entity=group)))
164815	auf		
164816	ein		
164817	altes		
164818	Lager		
164819	,		
164820	von		
164821	welchem		
164822	die		
164823	geschwärzten		
164824	Ueberreste		
164825	einer		
164826	Feuerstelle		
164827	aus		
164828	dem		
164829	frühen		
164830	Herbstschnee		
164831	hervorragten		
164832	.		
164833	Hier		
164834	saß		
164835	die		
164836	Leiche		
164837	des		
164838	alten		
164839	Williams	19063	(mention_id=19365|references=(entity=(entity_id=entity_1035|fullname=Bill Williams|gender=m)))
164840	.		
164841	Sie	19064	
164842	saß		
164843	mit		
164844	untergeschlagenen		
164845	Beinen		
164846	,		
164847	den		
164848	Rücken		
164849	an		
164850	einen		
164851	Fichtenstamm		
164852	gelehnt		
164853	,		
164854	den		
164855	Kopf		
164856	tief		
164857	auf		
164858	die		
164859	Brust		
164860	hängend		
164861	und		
164862	mit		
164863	Schnee		
164864	bedeckt		
164865	.		
164866	Sein	19065	(mention_id=19366|references=(entity=(entity_id=entity_1035|fullname=Bill Williams|gender=m)))
164867	bekannter		
164868	Jagdrock		
164869	von		
164870	Elenleder		
164871	hing		
164872	steif		
164873	um		
164874	seine	19066	(mention_id=19367|references=(entity=(entity_id=entity_1035|fullname=Bill Williams|gender=m)))
164875	Glieder		
164876	,		
164877	welche		
164878	der		
164879	Nachtfrost		
164880	steif		
164881	wie		
164882	Glas		
164883	gemacht		
164884	hatte		
164885	,		
164886	seine	19067	(mention_id=19368|references=(entity=(entity_id=entity_1035|fullname=Bill Williams|gender=m)))
164887	Büchse		
164888	,		
164889	seine	19068	(mention_id=19369|references=(entity=(entity_id=entity_1035|fullname=Bill Williams|gender=m)))
164890	Munition		
164891	,		
164892	seine	19069	(mention_id=19370|references=(entity=(entity_id=entity_1035|fullname=Bill Williams|gender=m)))
164893	Biberfelle		
164894	und		
164895	Fallen		
164896	lagen		
164897	unverletzt		
164898	um		
164899	ihn	19070	(mention_id=19371|references=(entity=(entity_id=entity_1035|fullname=Bill Williams|gender=m)))
164900	her		
164901	,		
164902	sein	19071	(mention_id=19372|references=(entity=(entity_id=entity_1035|fullname=Bill Williams|gender=m)))
164903	Körper		
164904	zeigte		
164905	neben		
164906	den		
164907	vernarbten		
164908	,		
164909	keine		
164910	frische		
164911	blutgeronnene		
164912	Wunde		
164913	.		
164914	Er	19072	(mention_id=19373|references=(entity=(entity_id=entity_1035|fullname=Bill Williams|gender=m)))
164915	hatte		
164916	die		
164917	Laufbahn		
164918	eines		
164919	Trappers	19073	(mention_id=19374|references=(entity=(entity_id=entity_1035|fullname=Bill Williams|gender=m)))
164920	unbesiegt		
164921	zu		
164922	Ende		
164923	gemessen		
164924	,		
164925	er	19074	(mention_id=19375|references=(entity=(entity_id=entity_1035|fullname=Bill Williams|gender=m)))
164926	war		
164927	eines		
164928	natürlichen		
164929	Todes		
164930	—		
164931	verhungert		
164932	!		
164933	—		
164934	Ah		
164935	,		
164936	dacht'		
164937	ich	19075	(mention_id=19376|references=(entity=(entity_id=entity_1026|fullname=der Canadier|gender=m)))
164938	,		
164939	das		
164940	ist		
164941	kein		
164942	Anblick		
164943	für		
164944	einen		
164945	Anfänger	19076	(mention_id=19377|references=(entity=(entity_id=entity_0782|fullname=Max Anhorst|gender=m)))
164946	.		
164947	Au	19077	(mention_id=19378|references=(entity=(entity_id=entity_0782|fullname=Max Anhorst|gender=m)))
164948	Reste	19077	(mention_id=19378|references=(entity=(entity_id=entity_0782|fullname=Max Anhorst|gender=m)))
164949	wird		
164950	zurückschrecken		
164951	.		
164952	Aber		
164953	Au	19078	(mention_id=19379|references=(entity=(entity_id=entity_0782|fullname=Max Anhorst|gender=m)))
164954	Reste	19078	(mention_id=19379|references=(entity=(entity_id=entity_0782|fullname=Max Anhorst|gender=m)))
164955	erschrack		
164956	nicht		
164957	.		
164958	Wir	19079	(mention_id=19380|references=(entity=(entity_id=entity_1026|fullname=der Canadier|gender=m)),(entity=(entity_id=entity_0782|fullname=Max Anhorst|gender=m)),(entity=(entity_id=entity_1031|fullname=Drei weitere Trapper|gender=m|members=entity_1049,entity_1060|all_members_given=False|specialcase_entity=group)))
164959	gaben		
164960	dem		
164961	Pferd		
164962	einen		
164963	mitleidigen		
164964	Schuß		
164965	,		
164966	machten		
164967	ein		
164968	großes		
164969	Grab		
164970	,		
164971	wozu		
164972	der		
164973	aufgehende		
164974	Mond		
164975	uns	19080	(mention_id=19381|references=(entity=(entity_id=entity_1026|fullname=der Canadier|gender=m)),(entity=(entity_id=entity_0782|fullname=Max Anhorst|gender=m)),(entity=(entity_id=entity_1031|fullname=Drei weitere Trapper|gender=m|members=entity_1049,entity_1060|all_members_given=False|specialcase_entity=group)))
164976	leuchtete		
164977	,		
164978	legten		
164979	Roß		
164980	und		
164981	Reiter		(mention_id=19382|references=(entity=(entity_id=entity_1035|fullname=Bill Williams|gender=m)))
164982	hinein		
164983	,		
164984	und		
164985	Au	19081	(mention_id=19383|references=(entity=(entity_id=entity_0782|fullname=Max Anhorst|gender=m)))
164986	Reste	19081	(mention_id=19383|references=(entity=(entity_id=entity_0782|fullname=Max Anhorst|gender=m)))
164987	half		
164988	so		
164989	unverzagt		
164990	,		
164991	wie		
164992	jeder		
164993	Andere	19082	(mention_id=19384|references=(entity=(entity_id=entity_1031|fullname=Drei weitere Trapper|gender=m|members=entity_1049,entity_1060|all_members_given=False|specialcase_entity=group)),(entity=(entity_id=entity_1026|fullname=der Canadier|gender=m)))
164994	und		
164995	nach		
164996	gethaner		
164997	Arbeit		
164998	sagte		
164999	er	19083	(mention_id=19385|references=(entity=(entity_id=entity_0782|fullname=Max Anhorst|gender=m)))
165000	:		
165001	wagh		
165002	!		
165003	—		
165004	Ha		
165005	,		
165006	Monsieur	19084	(mention_id=19386|references=(entity=(entity_id=entity_0001|fullname=Dr. Moorfeld|gender=m)))
165007	!		
165008	ob		
165009	mein	19085	(mention_id=19387|references=(entity=(entity_id=entity_1026|fullname=der Canadier|gender=m)))
165010	braver		
165011	Kamerad	19086	(mention_id=19388|references=(entity=(entity_id=entity_0782|fullname=Max Anhorst|gender=m)))
165012	ein		
165013	festes		
165014	Herz		
165015	hatte		
165016	!		
165017	Denselben		
165018	Winter		
165019	,		
165020	fuhr		
165021	der		
165022	Canadier		(mention_id=19389|references=(entity=(entity_id=entity_1026|fullname=der Canadier|gender=m)))
165023	fort		
165024	,		
165025	wär'		
165026	es		
165027	uns	19087	(mention_id=19390|references=(entity=(entity_id=entity_1026|fullname=der Canadier|gender=m)),(entity=(entity_id=entity_0782|fullname=Max Anhorst|gender=m)))
165028	auf		
165029	ein		
165030	Haar		
165031	selbst		
165032	so		
165033	passirt		
165034	,		
165035	wie		
165036	dem		
165037	alten		
165038	Bill	19088	(mention_id=19391|references=(entity=(entity_id=entity_1035|fullname=Bill Williams|gender=m)))
165039	Williams	19088	(mention_id=19391|references=(entity=(entity_id=entity_1035|fullname=Bill Williams|gender=m)))
165040	.		
165041	Ich	19089	(mention_id=19392|references=(entity=(entity_id=entity_1026|fullname=der Canadier|gender=m)))
165042	spreche		
165043	von		
165044	Au	19090	(mention_id=19393|references=(entity=(entity_id=entity_0782|fullname=Max Anhorst|gender=m)))
165045	Reste	19090	(mention_id=19393|references=(entity=(entity_id=entity_0782|fullname=Max Anhorst|gender=m)))
165046	und		
165047	mir	19091	(mention_id=19394|references=(entity=(entity_id=entity_1026|fullname=der Canadier|gender=m)))
165048	.		
165049	Denn		
165050	wir	19092	(mention_id=19395|references=(entity=(entity_id=entity_1026|fullname=der Canadier|gender=m)),(entity=(entity_id=entity_0782|fullname=Max Anhorst|gender=m)))
165051	zwei	19092	(mention_id=19396|references=(entity=(entity_id=entity_1026|fullname=der Canadier|gender=m)),(entity=(entity_id=entity_0782|fullname=Max Anhorst|gender=m)))
165052	waren		
165053	von		
165054	den		
165055	Fünfen	19093	(mention_id=19397|references=(entity=(entity_id=entity_1031|fullname=Drei weitere Trapper|gender=m|members=entity_1049,entity_1060|all_members_given=False|specialcase_entity=group)),(entity=(entity_id=entity_1026|fullname=der Canadier|gender=m)),(entity=(entity_id=entity_0782|fullname=Max Anhorst|gender=m)))
165056	allein		
165057	übrig		
165058	geblieben		
165059	.		
165060	Einer	19094	(mention_id=19398|references=(entity=(entity_id=entity_1060|fullname=einer der fünf Männer|gender=m)))
165061	hatte		
165062	sich	19095	(mention_id=19399|references=(entity=(entity_id=entity_1060|fullname=einer der fünf Männer|gender=m)))
165063	verirrt		
165064	,		
165065	zwei	19096	(mention_id=19400|references=(entity=(entity_id=entity_1049|fullname=zwei der fünf Männer|gender=m|specialcase_entity=group)))
165066	waren		
165067	am		
165068	nächtlichen		
165069	Wachtfeuer		
165070	hungernd		
165071	und		
165072	frierend		
165073	eingeschlafen		
165074	,		
165075	und		
165076	ein		
165077	Indianerknabe	19097	(mention_id=19401|references=(entity=(entity_id=entity_1059|fullname=Indianerknabe|gender=m)))
165078	,		
165079	der	19098	(mention_id=19402|references=(entity=(entity_id=entity_1059|fullname=Indianerknabe|gender=m)))
165080	sie	19099	(mention_id=19403|references=(entity=(entity_id=entity_1049|fullname=zwei der fünf Männer|gender=m|specialcase_entity=group)))
165081	beschlich		
165082	,		
165083	hatte		
165084	sie	19100	(mention_id=19404|references=(entity=(entity_id=entity_1049|fullname=zwei der fünf Männer|gender=m|specialcase_entity=group)))
165085	mit		
165086	Pfeilen		
165087	getödtet		
165088	wie		
165089	Sperlinge		
165090	.		
165091	Wir	19101	(mention_id=19405|references=(entity=(entity_id=entity_1026|fullname=der Canadier|gender=m)),(entity=(entity_id=entity_0782|fullname=Max Anhorst|gender=m)))
165092	beide		(mention_id=19406|references=(entity=(entity_id=entity_1026|fullname=der Canadier|gender=m)),(entity=(entity_id=entity_0782|fullname=Max Anhorst|gender=m)))
165093	also		
165094	Au	19102	(mention_id=19407|references=(entity=(entity_id=entity_0782|fullname=Max Anhorst|gender=m)))
165095	Reste	19102	(mention_id=19407|references=(entity=(entity_id=entity_0782|fullname=Max Anhorst|gender=m)))
165096	und		
165097	ich	19103	(mention_id=19408|references=(entity=(entity_id=entity_1026|fullname=der Canadier|gender=m)))
165098	—		
165099	Moorfeld	19104	(mention_id=19409|references=(entity=(entity_id=entity_0001|fullname=Dr. Moorfeld|gender=m)))
165100	sah		
165101	wohl		
165102	,		
165103	daß		
165104	dieser		
165105	Geist		(mention_id=19410|references=(entity=(entity_id=entity_1026|fullname=der Canadier|gender=m)|specialcase_reference=figurative))
165106	voll		
165107	Erinnerungen		
165108	eine		
165109	einfache		
165110	Frage		
165111	nicht		
165112	anders		
165113	als		
165114	durch		
165115	eine		
165116	Reihe		
165117	von		
165118	Abentheuern		
165119	zu		
165120	beantworten		
165121	im		
165122	Stande		
165123	war		
165124	.		
165125	Sein	19105	(mention_id=19411|references=(entity=(entity_id=entity_0001|fullname=Dr. Moorfeld|gender=m)))
165126	gespannter		
165127	Geist		
165128	und		
165129	sein	19106	(mention_id=19412|references=(entity=(entity_id=entity_0001|fullname=Dr. Moorfeld|gender=m)))
165130	erschöpfter		
165131	Körper		
165132	lagen		
165133	bereits		
165134	in		
165135	einem		
165136	bedenklichen		
165137	Conflict		
165138	,		
165139	den		
165140	die		
165141	ruhende		
165142	Lage		
165143	und		
165144	die		
165145	behagliche		
165146	Feuerwärme		
165147	mit		
165148	jeder		
165149	Minute		
165150	mehr		
165151	zu		
165152	Gunsten		
165153	des		
165154	letztern	19107	
165155	entschied		
165156	.		
165157	Unumwunden		
165158	:		
165159	es		
165160	fielen		
165161	ihm	19108	(mention_id=19413|references=(entity=(entity_id=entity_0001|fullname=Dr. Moorfeld|gender=m)))
165162	die		
165163	Augen		
165164	zu		
165165	.		
165166	Indeß		
165167	recitirte		
165168	der		
165169	Improvisator	19109	(mention_id=19414|references=(entity=(entity_id=entity_1026|fullname=der Canadier|gender=m)))
165170	im		
165171	schlimmsten		
165172	Falle		
165173	noch		
165174	während		
165175	Moorfeld	19110	(mention_id=19415|references=(entity=(entity_id=entity_0001|fullname=Dr. Moorfeld|gender=m)))
165176	schon		
165177	schlief		
165178	und		
165179	er	19111	(mention_id=19416|references=(entity=(entity_id=entity_0001|fullname=Dr. Moorfeld|gender=m)))
165180	hatte		
165181	dann		
165182	doch		
165183	die		
165184	Genugthuung		
165185	,		
165186	daß		
165187	sich	19112	(mention_id=19417|references=(entity=(entity_id=entity_1026|fullname=der Canadier|gender=m)))
165188	sein	19113	(mention_id=19418|references=(entity=(entity_id=entity_0001|fullname=Dr. Moorfeld|gender=m)))
165189	Wirth	19114	(mention_id=19419|references=(entity=(entity_id=entity_1026|fullname=der Canadier|gender=m)))
165190	gut		
165191	unterhalte		
165192	,		
165193	wenn		
165194	gleich		
165195	die		
165196	einzige		
165197	Frage		
165198	,		
165199	die		
165200	er	19115	(mention_id=19420|references=(entity=(entity_id=entity_0001|fullname=Dr. Moorfeld|gender=m)))
165201	selbst		
165202	mit		
165203	wirklichem		
165204	Interesse		
165205	gestellt		
165206	,		
165207	leer		
165208	ausging		
165209	.		
165210	So		
165211	streckte		
165212	er	19116	(mention_id=19421|references=(entity=(entity_id=entity_0001|fullname=Dr. Moorfeld|gender=m)))
165213	sich	19117	(mention_id=19422|references=(entity=(entity_id=entity_0001|fullname=Dr. Moorfeld|gender=m)))
165214	auf		
165215	sein	19118	(mention_id=19423|references=(entity=(entity_id=entity_0001|fullname=Dr. Moorfeld|gender=m)))
165216	Büffellager		
165217	hin		
165218	und		
165219	überließ		
165220	sich	19119	(mention_id=19424|references=(entity=(entity_id=entity_0001|fullname=Dr. Moorfeld|gender=m)))
165221	zwischen		
165222	den		
165223	Forderungen		
165224	der		
165225	Natur		
165226	und		
165227	der		
165228	Kunst		
165229	,		
165230	ihn	19120	(mention_id=19425|references=(entity=(entity_id=entity_0001|fullname=Dr. Moorfeld|gender=m)))
165231	wach		
165232	zu		
165233	erhalten		
165234	,		
165235	ganz		
165236	der		
165237	Neutralität		
165238	.		
165239	Au	19121	
165240	Reste	19121	
165241	und		
165242	ich	19122	(mention_id=19426|references=(entity=(entity_id=entity_1026|fullname=der Canadier|gender=m)))
165243	,		
165244	erzählte		
165245	also		
165246	der		
165247	Trapper	19123	(mention_id=19427|references=(entity=(entity_id=entity_1026|fullname=der Canadier|gender=m)))
165248	,		
165249	hatten		
165250	uns	19124	(mention_id=19428|references=(entity=(entity_id=entity_1026|fullname=der Canadier|gender=m)),(entity=(entity_id=entity_0782|fullname=Max Anhorst|gender=m)))
165251	vergebens		
165252	bemüht		
165253	,		
165254	einen		
165255	Paß		
165256	über		
165257	das		
165258	Gebirge		
165259	auszukundschaften		
165260	und		
165261	in		
165262	eine		
165263	Region		
165264	mit		
165265	Wild		
165266	und		
165267	Weide		
165268	zu		
165269	gelangen		
165270	.		
165271	Der		
165272	Winter		
165273	war		
165274	ungewöhnlich		
165275	früh		
165276	und		
165277	rauh		
165278	angebrochen		
165279	;		
165280	Frost		
165281	,		
165282	Hunger		
165283	und		
165284	Erschöpfung		
165285	überraschten		
165286	uns	19125	(mention_id=19429|references=(entity=(entity_id=entity_1026|fullname=der Canadier|gender=m)),(entity=(entity_id=entity_0782|fullname=Max Anhorst|gender=m)))
165287	,		
165288	eh'		
165289	wirs	19126	(mention_id=19430|references=(entity=(entity_id=entity_1026|fullname=der Canadier|gender=m)),(entity=(entity_id=entity_0782|fullname=Max Anhorst|gender=m)))
165290	dachten		
165291	.		
165292	Von		
165293	unsern	19127	(mention_id=19431|references=(entity=(entity_id=entity_1026|fullname=der Canadier|gender=m)),(entity=(entity_id=entity_0782|fullname=Max Anhorst|gender=m)))
165294	Pferden		
165295	war		
165296	eins		
165297	gefallen		
165298	,		
165299	das		
165300	andere		
165301	schlachteten		
165302	wir	19128	(mention_id=19432|references=(entity=(entity_id=entity_1026|fullname=der Canadier|gender=m)),(entity=(entity_id=entity_0782|fullname=Max Anhorst|gender=m)))
165303	selbst		
165304	und		
165305	verzehrten		
165306	es		
165307	:		
165308	ein		
165309	weiteres		
165310	Vordringen		
165311	war		
165312	damit		
165313	aufgegeben		
165314	.		
165315	Ueberdies		
165316	wurde		
165317	Au	19129	(mention_id=19433|references=(entity=(entity_id=entity_0782|fullname=Max Anhorst|gender=m)))
165318	Reste	19129	(mention_id=19433|references=(entity=(entity_id=entity_0782|fullname=Max Anhorst|gender=m)))
165319	krank		
165320	um		
165321	diese		
165322	Zeit		
165323	,		
165324	eine		
165325	Kugel		
165326	hatte		
165327	ihn	19130	(mention_id=19434|references=(entity=(entity_id=entity_0782|fullname=Max Anhorst|gender=m)))
165328	kürzlich		
165329	an		
165330	der		
165331	Ferse		
165332	verwundet		
165333	und		
165334	war		
165335	noch		
165336	nicht		
165337	ausgezogen		
165338	.		
165339	Durch		
165340	das		
165341	Gehen		
165342	und		
165343	die		
165344	übermäßige		
165345	Kälte		
165346	verschlimmerte		
165347	sich		
165348	die		
165349	Wunde		
165350	,		
165351	nahm		
165352	ein		
165353	häßliches		
165354	Aussehen		
165355	an		
165356	,		
165357	und		
165358	machte		
165359	ihn	19131	(mention_id=19435|references=(entity=(entity_id=entity_0782|fullname=Max Anhorst|gender=m)))
165360	bald		
165361	unfähig		
165362	zu		
165363	jeder		
165364	anhaltenden		
165365	Bewegung		
165366	.		
165367	So		
165368	sahen		
165369	wir	19132	(mention_id=19436|references=(entity=(entity_id=entity_1026|fullname=der Canadier|gender=m)),(entity=(entity_id=entity_0782|fullname=Max Anhorst|gender=m)))
165370	uns	19133	(mention_id=19437|references=(entity=(entity_id=entity_1026|fullname=der Canadier|gender=m)),(entity=(entity_id=entity_0782|fullname=Max Anhorst|gender=m)))
165371	genöthigt		
165372	,		
165373	in		
165374	die		
165375	Tiefschlucht		
165376	des		
165377	Creeks		
165378	wieder		
165379	zurückzukehren		
165380	,		
165381	auf		
165382	die		
165383	kleine		
165384	versteckte		
165385	Prairie		
165386	,		
165387	wo		
165388	wir	19134	(mention_id=19438|references=(entity=(entity_id=entity_1026|fullname=der Canadier|gender=m)),(entity=(entity_id=entity_0782|fullname=Max Anhorst|gender=m)))
165389	den		
165390	alten		
165391	Bill	19135	(mention_id=19439|references=(entity=(entity_id=entity_1035|fullname=Bill Williams|gender=m)))
165392	Williams	19135	(mention_id=19439|references=(entity=(entity_id=entity_1035|fullname=Bill Williams|gender=m)))
165393	begraben		
165394	.		
165395	Hier		
165396	mußten		
165397	wir	19136	(mention_id=19440|references=(entity=(entity_id=entity_1026|fullname=der Canadier|gender=m)),(entity=(entity_id=entity_0782|fullname=Max Anhorst|gender=m)))
165398	uns	19137	(mention_id=19441|references=(entity=(entity_id=entity_1026|fullname=der Canadier|gender=m)),(entity=(entity_id=entity_0782|fullname=Max Anhorst|gender=m)))
165399	entschließen		
165400	zu		
165401	überwintern		
165402	.		
165403	Wir	19138	(mention_id=19442|references=(entity=(entity_id=entity_1026|fullname=der Canadier|gender=m)),(entity=(entity_id=entity_0782|fullname=Max Anhorst|gender=m)))
165404	bauten		
165405	uns	19139	(mention_id=19443|references=(entity=(entity_id=entity_1026|fullname=der Canadier|gender=m)),(entity=(entity_id=entity_0782|fullname=Max Anhorst|gender=m)))
165406	eine		
165407	kleine		
165408	Hütte		
165409	,		
165410	Au	19140	(mention_id=19444|references=(entity=(entity_id=entity_0782|fullname=Max Anhorst|gender=m)))
165411	Reste	19140	(mention_id=19444|references=(entity=(entity_id=entity_0782|fullname=Max Anhorst|gender=m)))
165412	wurde		
165413	auf		
165414	ein		
165415	Lager		
165416	von		
165417	Fichtenzweigen		
165418	gebettet		
165419	,		
165420	mein	19141	(mention_id=19445|references=(entity=(entity_id=entity_1026|fullname=der Canadier|gender=m)))
165421	Geschäft		
165422	sollte		
165423	es		
165424	sein		
165425	,		
165426	auf		
165427	Jagd		
165428	auszugehen		
165429	und		
165430	für		
165431	Fleisch		
165432	zu		
165433	sorgen		
165434	.		
165435	Mon		
165436	Dieu		
165437	,		
165438	eine		
165439	Büffelfährte		
165440	,		
165441	die		
165442	vielleicht		
165443	mehrere		
165444	Monate		
165445	alt		
165446	war		
165447	,		
165448	war		
165449	alles		
165450	was		
165451	ich	19142	(mention_id=19446|references=(entity=(entity_id=entity_1026|fullname=der Canadier|gender=m)))
165452	von		
165453	Wildspuren		
165454	in		
165455	vielen		
165456	Tagen		
165457	entdeckte		
165458	!		
165459	Der		
165460	Hunger		
165461	setzte		
165462	uns	19143	(mention_id=19447|references=(entity=(entity_id=entity_1026|fullname=der Canadier|gender=m)),(entity=(entity_id=entity_0782|fullname=Max Anhorst|gender=m)))
165463	gräßlich		
165464	zu		
165465	.		
165466	Es		
165467	kam		
165468	eine		
165469	Zeit		
165470	,		
165471	da		
165472	wir	19144	(mention_id=19448|references=(entity=(entity_id=entity_1026|fullname=der Canadier|gender=m)),(entity=(entity_id=entity_0782|fullname=Max Anhorst|gender=m)))
165473	in		
165474	drei		
165475	Tagen		
165476	nichts		
165477	zu		
165478	essen		
165479	hatten		
165480	,		
165481	als		
165482	ein		
165483	Stück		
165484	Parflêche		
165485	,		
165486	welches		
165487	die		
165488	Rückseite		
165489	von		
165490	Au	19145	(mention_id=19449|references=(entity=(entity_id=entity_0782|fullname=Max Anhorst|gender=m)))
165491	Restes	19145	(mention_id=19449|references=(entity=(entity_id=entity_0782|fullname=Max Anhorst|gender=m)))
165492	Kugeltasche		
165493	bildete		
165494	:		
165495	das		
165496	weichten		
165497	wir	19146	(mention_id=19450|references=(entity=(entity_id=entity_1026|fullname=der Canadier|gender=m)),(entity=(entity_id=entity_0782|fullname=Max Anhorst|gender=m)))
165498	im		
165499	Wasser		
165500	des		
165501	Creeks		
165502	ein		
165503	und		
165504	verzehrten		
165505	es		
165506	gierig		
165507	.		
165508	Am		
165509	vierten		
165510	Tag		
165511	kroch		
165512	ich	19147	(mention_id=19451|references=(entity=(entity_id=entity_1026|fullname=der Canadier|gender=m)))
165513	wieder		
165514	zur		
165515	Jagd		
165516	aus		
165517	aber		
165518	ich	19148	(mention_id=19452|references=(entity=(entity_id=entity_1026|fullname=der Canadier|gender=m)))
165519	konnte		
165520	mich	19149	(mention_id=19453|references=(entity=(entity_id=entity_1026|fullname=der Canadier|gender=m)))
165521	kaum		
165522	schleppen		
165523	,		
165524	konnte		
165525	kaum		
165526	die		
165527	Büchse		
165528	heben		
165529	,		
165530	und		
165531	aufrichtig		
165532	,		
165533	ich	19150	(mention_id=19454|references=(entity=(entity_id=entity_1026|fullname=der Canadier|gender=m)))
165534	machte		
165535	mich	19151	(mention_id=19455|references=(entity=(entity_id=entity_1026|fullname=der Canadier|gender=m)))
165536	fort		
165537	um		
165538	draußen		
165539	vor		
165540	der		
165541	Hütte		
165542	zu		
165543	verhungern		
165544	und		
165545	nicht		
165546	vor		
165547	den		
165548	Augen		
165549	meines	19152	(mention_id=19456|references=(entity=(entity_id=entity_1026|fullname=der Canadier|gender=m)))
165550	Kameraden	19153	(mention_id=19457|references=(entity=(entity_id=entity_0782|fullname=Max Anhorst|gender=m)))
165551	.		
165552	—		
165553	Da		
165554	rief		
165555	mich	19154	(mention_id=19458|references=(entity=(entity_id=entity_1026|fullname=der Canadier|gender=m)))
165556	Au	19155	(mention_id=19459|references=(entity=(entity_id=entity_0782|fullname=Max Anhorst|gender=m)))
165557	Reste	19155	(mention_id=19459|references=(entity=(entity_id=entity_0782|fullname=Max Anhorst|gender=m)))
165558	an		
165559	.		
165560	Er	19156	(mention_id=19460|references=(entity=(entity_id=entity_0782|fullname=Max Anhorst|gender=m)))
165561	hatte		
165562	meinen	19157	(mention_id=19461|references=(entity=(entity_id=entity_1026|fullname=der Canadier|gender=m)))
165563	Zustand		
165564	wohl		
165565	gemerkt		
165566	.		
165567	Mit		
165568	sterbender		
165569	Stimme		
165570	hieß		
165571	er	19158	(mention_id=19462|references=(entity=(entity_id=entity_0782|fullname=Max Anhorst|gender=m)))
165572	mich	19159	(mention_id=19463|references=(entity=(entity_id=entity_1026|fullname=der Canadier|gender=m)))
165573	zu		
165574	sich	19160	(mention_id=19464|references=(entity=(entity_id=entity_0782|fullname=Max Anhorst|gender=m)))
165575	setzen		
165576	und		
165577	redete		
165578	mich	19161	(mention_id=19465|references=(entity=(entity_id=entity_1026|fullname=der Canadier|gender=m)))
165579	also		
165580	an		
165581	:		
165582	Höre		
165583	,		
165584	Junge	19162	(mention_id=19466|references=(entity=(entity_id=entity_1026|fullname=der Canadier|gender=m)))
165585	,		
165586	sagte		
165587	er	19163	(mention_id=19467|references=(entity=(entity_id=entity_0782|fullname=Max Anhorst|gender=m)))
165588	,		
165589	es		
165590	ist		
165591	diesem		
165592	alten		
165593	Gaul		(mention_id=19468|references=(entity=(entity_id=entity_0782|fullname=Max Anhorst|gender=m)|specialcase_reference=figurative))
165594	,		
165595	als		
165596	ob		
165597	er		(mention_id=19469|references=(entity=(entity_id=entity_0782|fullname=Max Anhorst|gender=m)))
165598	untergehen		
165599	müßte		
165600	und		
165601	zwar		
165602	in		
165603	Kurzem		
165604	.		
165605	Ihr	19164	(mention_id=19470|references=(entity=(entity_id=entity_1026|fullname=der Canadier|gender=m)))
165606	aber		
165607	seid		
165608	mir	19165	(mention_id=19471|references=(entity=(entity_id=entity_0782|fullname=Max Anhorst|gender=m)))
165609	in		
165610	Kräften		
165611	um		
165612	eine		
165613	Kopflänge		
165614	noch		
165615	voraus		
165616	,		
165617	und		
165618	wenn		
165619	Ihr	19166	(mention_id=19472|references=(entity=(entity_id=entity_1026|fullname=der Canadier|gender=m)))
165620	Fleisch		
165621	fändet		
165622	,		
165623	so		
165624	würdet		
165625	Ihr	19167	(mention_id=19473|references=(entity=(entity_id=entity_1026|fullname=der Canadier|gender=m)))
165626	bald		
165627	wieder		
165628	herumkommen		
165629	.		
165630	Nun		
165631	Junge	19168	(mention_id=19474|references=(entity=(entity_id=entity_1026|fullname=der Canadier|gender=m)))
165632	,		
165633	ich	19169	(mention_id=19475|references=(entity=(entity_id=entity_0782|fullname=Max Anhorst|gender=m)))
165634	werde		
165635	wie		
165636	gesagt		
165637	,		
165638	ehe		
165639	viele		
165640	Stunden		
165641	vergehen		
165642	,		
165643	fort		
165644	sein		
165645	,		
165646	und		
165647	wenn		
165648	Ihr	19170	(mention_id=19476|references=(entity=(entity_id=entity_1026|fullname=der Canadier|gender=m)))
165649	kein		
165650	Fleisch		
165651	findet		
165652	,		
165653	wird		
165654	es		
165655	Euch	19171	(mention_id=19477|references=(entity=(entity_id=entity_1026|fullname=der Canadier|gender=m)))
165656	nicht		
165657	besser		
165658	werden		
165659	.		
165660	Ich	19172	(mention_id=19478|references=(entity=(entity_id=entity_0782|fullname=Max Anhorst|gender=m)))
165661	selbst		
165662	esse		
165663	nie		
165664	Aasfleisch		
165665	und		
165666	würde		
165667	von		
165668	Keinem		
165669	verlangen		
165670	,		
165671	daß		
165672	er's	19173	
165673	thun		
165674	soll		
165675	,		
165676	aber		
165677	gehörig		
165678	geschlachtetes		
165679	Fleisch		
165680	ist		
165681	immer		
165682	eßbar		
165683	.		
165684	Stecht		
165685	mir	19174	(mention_id=19479|references=(entity=(entity_id=entity_0782|fullname=Max Anhorst|gender=m)))
165686	also		
165687	Euer	19175	(mention_id=19480|references=(entity=(entity_id=entity_1026|fullname=der Canadier|gender=m)))
165688	Messer		
165689	in		
165690	den		
165691	Leib		
165692	,		
165693	so		
165694	lang		
165695	dieser		
165696	Leichnam		
165697	noch		
165698	Puls		
165699	macht		
165700	.		
165701	Ihr	19176	(mention_id=19481|references=(entity=(entity_id=entity_1026|fullname=der Canadier|gender=m)))
165702	werdet		
165703	mich	19177	(mention_id=19482|references=(entity=(entity_id=entity_0782|fullname=Max Anhorst|gender=m)))
165704	freilich		
165705	dürr		
165706	und		
165707	zäh		
165708	genug		
165709	finden		
165710	,		
165711	aber		
165712	vielleicht		
165713	sitzt		
165714	um		
165715	die		
165716	Nieren		
165717	noch		
165718	etwas		
165719	und		
165720	—		
165721	ein		
165722	Schelm		
165723	gibt		
165724	mehr		
165725	als		
165726	er		(mention_id=19483|references=(entity=(entity_id=entity_0782|fullname=Max Anhorst|gender=m)),(entity=(entity_id=generic_5608|fullname=generic_1953|gender=u|specialcase_entity=generic)))
165727	hat		
165728	!		
165729	—		
165730	Langt		
165731	zu		
165732	.		
165733	Oho		
165734	,		
165735	sagt'		
165736	ich	19178	(mention_id=19484|references=(entity=(entity_id=entity_1026|fullname=der Canadier|gender=m)))
165737	,		
165738	Ihr	19179	(mention_id=19485|references=(entity=(entity_id=entity_0782|fullname=Max Anhorst|gender=m)))
165739	seid		
165740	ein		
165741	guter		
165742	Kamerad	19180	(mention_id=19486|references=(entity=(entity_id=entity_0782|fullname=Max Anhorst|gender=m)))
165743	,		
165744	aber		
165745	ich	19181	(mention_id=19487|references=(entity=(entity_id=entity_1026|fullname=der Canadier|gender=m)))
165746	bin		
165747	noch		
165748	kein		
165749	Nigger		(mention_id=19488|references=(entity=(entity_id=entity_1026|fullname=der Canadier|gender=m)|specialcase_reference=figurative))
165750	.		
165751	Und		
165752	damit		
165753	macht		
165754	ich	19182	(mention_id=19489|references=(entity=(entity_id=entity_1026|fullname=der Canadier|gender=m)))
165755	,		
165756	daß		
165757	ich	19183	(mention_id=19490|references=(entity=(entity_id=entity_1026|fullname=der Canadier|gender=m)))
165758	aus		
165759	der		
165760	Hütte		
165761	kam		
165762	,		
165763	denn		
165764	ich	19184	(mention_id=19491|references=(entity=(entity_id=entity_1026|fullname=der Canadier|gender=m)))
165765	fing		
165766	an		
165767	weich		
165768	zu		
165769	werden		
165770	wie		
165771	eine		
165772	Squaw	19185	(mention_id=19492|references=(entity=(entity_id=entity_1026|fullname=der Canadier|gender=m)))
165773	.		
165774	Eh		
165775	bien		
165776	,		
165777	was		
165778	erblickt		
165779	ich	19186	(mention_id=19493|references=(entity=(entity_id=entity_1026|fullname=der Canadier|gender=m)))
165780	,		
165781	als		
165782	ich	19187	(mention_id=19494|references=(entity=(entity_id=entity_1026|fullname=der Canadier|gender=m)))
165783	vor		
165784	die		
165785	Hütte		
165786	trat		
165787	?		
165788	Ich	19188	(mention_id=19495|references=(entity=(entity_id=entity_1026|fullname=der Canadier|gender=m)))
165789	dachte		
165790	,		
165791	es		
165792	müßte		
165793	eine		
165794	Mirage		
165795	sein		
165796	!		
165797	Ein		
165798	Büffel		
165799	lag		
165800	mitten		
165801	auf		
165802	der		
165803	Prairie		
165804	im		
165805	Schnee		
165806	!		
165807	das		
165808	Thier		
165809	war		
165810	freilich		
165811	unser	19189	(mention_id=19496|references=(entity=(entity_id=entity_1026|fullname=der Canadier|gender=m)),(entity=(entity_id=entity_0782|fullname=Max Anhorst|gender=m)))
165812	eigenes		
165813	Conterfei		
165814	.		
165815	Es		
165816	lag		
165817	in		
165818	den		
165819	letzten		
165820	Zügen		
165821	des		
165822	Hungertodes		
165823	.		
165824	Es		
165825	wiegte		
165826	seinen		
165827	schweren		
165828	Kopf		
165829	ohnmächtig		
165830	von		
165831	einer		
165832	Seite		
165833	auf		
165834	die		
165835	andere		
165836	,		
165837	während		
165838	große		
165839	mit		
165840	Blut		
165841	vermischte		
165842	Schaumflocken		
165843	aus		
165844	seinem		
165845	Maule		
165846	auf		
165847	den		
165848	langen		
165849	zottigen		
165850	Bart		
165851	herabhingen		
165852	,		
165853	und		
165854	seine		
165855	stieren		
165856	,		
165857	blutunterlaufenen		
165858	Augen		
165859	wüthend		
165860	auf		
165861	zwei		
165862	Wölfe		
165863	schielten		
165864	,		
165865	welche		
165866	auf		
165867	ihren		
165868	Hintervierteln		
165869	in		
165870	der		
165871	Nähe		
165872	saßen		
165873	und		
165874	mit		
165875	lechzendem		
165876	Rachen		
165877	das		
165878	Ausathmen		
165879	des		
165880	alten		
165881	Patriarchen	19190	
165882	erwarteten		
165883	.		
165884	Bei		
165885	diesem		
165886	Anblick		
165887	stand		
165888	ich	19191	(mention_id=19497|references=(entity=(entity_id=entity_1026|fullname=der Canadier|gender=m)))
165889	wie		
165890	versteinert		
165891	.		
165892	Mein	19192	(mention_id=19498|references=(entity=(entity_id=entity_1026|fullname=der Canadier|gender=m)))
165893	erster		
165894	Gedanke		
165895	war		
165896	die		
165897	Furcht		
165898	,		
165899	daß		
165900	sich		
165901	der		
165902	Büffel		
165903	doch		
165904	noch		
165905	aufraffen		
165906	und		
165907	weiter		
165908	marschiren		
165909	möchte		
165910	:		
165911	—		
165912	so		
165913	langsam		
165914	es		
165915	geschehen		
165916	wäre		
165917	,		
165918	ich	19193	(mention_id=19499|references=(entity=(entity_id=entity_1026|fullname=der Canadier|gender=m)))
165919	hätte		
165920	ihm		
165921	nicht		
165922	zu		
165923	folgen		
165924	vermocht		
165925	.		
165926	Dann		
165927	war		
165928	es		
165929	wirklich		
165930	—		
165931	eine		
165932	Mirage		
165933	!		
165934	Ah		
165935	,		
165936	wie		
165937	nahm		
165938	ich	19194	(mention_id=19500|references=(entity=(entity_id=entity_1026|fullname=der Canadier|gender=m)))
165939	mich	19195	(mention_id=19501|references=(entity=(entity_id=entity_1026|fullname=der Canadier|gender=m)))
165940	zusammen		
165941	!		
165942	Wie		
165943	klopfte		
165944	mir	19196	(mention_id=19502|references=(entity=(entity_id=entity_1026|fullname=der Canadier|gender=m)))
165945	das		
165946	Herz		
165947	,		
165948	als		
165949	ich	19197	(mention_id=19503|references=(entity=(entity_id=entity_1026|fullname=der Canadier|gender=m)))
165950	heranschlich		
165951	,		
165952	als		
165953	ich	19198	(mention_id=19504|references=(entity=(entity_id=entity_1026|fullname=der Canadier|gender=m)))
165954	den		
165955	Hahn		
165956	aufzog		
165957	,		
165958	als		
165959	ich	19199	(mention_id=19505|references=(entity=(entity_id=entity_1026|fullname=der Canadier|gender=m)))
165960	anlegte		
165961	!		
165962	Von		
165963	diesem		
165964	Schuße		
165965	hing		
165966	mein	19200	(mention_id=19506|references=(entity=(entity_id=entity_1026|fullname=der Canadier|gender=m)))
165967	und		
165968	meines	19201	(mention_id=19507|references=(entity=(entity_id=entity_1026|fullname=der Canadier|gender=m)))
165969	Bruders	19202	(mention_id=19508|references=(entity=(entity_id=entity_0782|fullname=Max Anhorst|gender=m)))
165970	Leben		
165971	ab		
165972	.		
165973	Endlich		
165974	fühlte		
165975	ich	19203	(mention_id=19509|references=(entity=(entity_id=entity_1026|fullname=der Canadier|gender=m)))
165976	meine	19204	(mention_id=19510|references=(entity=(entity_id=entity_1026|fullname=der Canadier|gender=m)))
165977	Hand		
165978	fest		
165979	,		
165980	der		
165981	Schuß		
165982	krachte		
165983	,		
165984	—		
165985	ich	19205	(mention_id=19511|references=(entity=(entity_id=entity_1026|fullname=der Canadier|gender=m)))
165986	sah		
165987	hin		
165988	.		
165989	Der		
165990	Büffel		
165991	schüttelte		
165992	sein		
165993	struppig		
165994	verworrenes		
165995	Kopfhaar		
165996	,		
165997	warf		
165998	den		
165999	Schädel		
166000	wild		
166001	hin		
166002	und		
166003	her		
166004	,		
166005	dann		
166006	streckte		
166007	er		
166008	convulsivisch		
166009	seine		
166010	Glieder		
166011	,		
166012	legte		
166013	sich		
166014	auf		
166015	die		
166016	Seite		
166017	und		
166018	war		
166019	todt		
166020	.		
166021	Grace		
166022	à		
166023	Dieu		
166024	!		
166025	Ich	19206	(mention_id=19512|references=(entity=(entity_id=entity_1026|fullname=der Canadier|gender=m)))
166026	athmete		
166027	auf		
166028	.		
166029	Au	19207	(mention_id=19513|references=(entity=(entity_id=entity_0782|fullname=Max Anhorst|gender=m)))
166030	Reste	19207	(mention_id=19513|references=(entity=(entity_id=entity_0782|fullname=Max Anhorst|gender=m)))
166031	,		
166032	der	19208	(mention_id=19514|references=(entity=(entity_id=entity_0782|fullname=Max Anhorst|gender=m)))
166033	in		
166034	der		
166035	Hütte		
166036	den		
166037	Schuß		
166038	gehört		
166039	hatte		
166040	,		
166041	kam		
166042	jetzt		
166043	auf		
166044	allen		
166045	Vieren		
166046	heraus		
166047	.		
166048	Hurrah		
166049	,		
166050	Fleisch		
166051	!		
166052	rief		
166053	er	19209	(mention_id=19515|references=(entity=(entity_id=entity_0782|fullname=Max Anhorst|gender=m)))
166054	mit		
166055	matter		
166056	Stimme		
166057	und		
166058	sank		
166059	vor		
166060	Freuden		
166061	in		
166062	Ohnmacht		
166063	.		
166064	Ich	19210	(mention_id=19516|references=(entity=(entity_id=entity_1026|fullname=der Canadier|gender=m)))
166065	ließ		
166066	ihn	19211	(mention_id=19517|references=(entity=(entity_id=entity_0782|fullname=Max Anhorst|gender=m)))
166067	liegen		
166068	und		
166069	machte		
166070	mich	19212	(mention_id=19518|references=(entity=(entity_id=entity_1026|fullname=der Canadier|gender=m)))
166071	hurtig		
166072	an		
166073	die		
166074	Arznei		
166075	,		
166076	die		
166077	allein		
166078	hier		
166079	helfen		
166080	konnte		
166081	.		
166082	Erst		
166083	wies		
166084	ich	19213	(mention_id=19519|references=(entity=(entity_id=entity_1026|fullname=der Canadier|gender=m)))
166085	den		
166086	Wölfen		
166087	noch		
166088	meine	19214	(mention_id=19520|references=(entity=(entity_id=entity_1026|fullname=der Canadier|gender=m)))
166089	Flinte		
166090	,		
166091	die		
166092	ohne		
166093	Verzug		
166094	Reißaus		
166095	nahmen		
166096	,		
166097	dann		
166098	ging		
166099	ich	19215	(mention_id=19521|references=(entity=(entity_id=entity_1026|fullname=der Canadier|gender=m)))
166100	dran		
166101	,		
166102	den		
166103	Büffel		
166104	auszuweiden		
166105	.		
166106	Ein		
166107	schweres		
166108	Stück		
166109	Arbeit		
166110	!		
166111	Ich	19216	(mention_id=19522|references=(entity=(entity_id=entity_1026|fullname=der Canadier|gender=m)))
166112	schnitt		
166113	vor		
166114	Allem		
166115	einen		
166116	Theil		
166117	der		
166118	Leber		
166119	aus		
166120	,		
166121	tauchte		
166122	sie		
166123	in		
166124	die		
166125	Gallenblase		
166126	,		
166127	und		
166128	schlug		
166129	es		
166130	meinem	19217	(mention_id=19523|references=(entity=(entity_id=entity_1026|fullname=der Canadier|gender=m)))
166131	Patienten	19218	(mention_id=19524|references=(entity=(entity_id=entity_0782|fullname=Max Anhorst|gender=m)))
166132	um's		
166133	Gesicht		
166134	.		
166135	Wußt'		
166136	ich's	19219	(mention_id=19525|references=(entity=(entity_id=entity_1026|fullname=der Canadier|gender=m)))
166137	doch		
166138	!		
166139	das		
166140	wirkte		
166141	,		
166142	trotz		
166143	Riechsalz		
166144	und		
166145	Vinaigrette		
166146	.		
166147	Au	19220	(mention_id=19526|references=(entity=(entity_id=entity_0782|fullname=Max Anhorst|gender=m)))
166148	Reste	19220	(mention_id=19526|references=(entity=(entity_id=entity_0782|fullname=Max Anhorst|gender=m)))
166149	schlug		
166150	die		
166151	Augen		
166152	auf		
166153	und		
166154	fing		
166155	zu		
166156	essen		
166157	an		
166158	.		
166159	Von		
166160	dem		
166161	Tage		
166162	an		
166163	erholten		
166164	wir	19221	(mention_id=19527|references=(entity=(entity_id=entity_1026|fullname=der Canadier|gender=m)),(entity=(entity_id=entity_0782|fullname=Max Anhorst|gender=m)))
166165	uns	19222	(mention_id=19528|references=(entity=(entity_id=entity_1026|fullname=der Canadier|gender=m)),(entity=(entity_id=entity_0782|fullname=Max Anhorst|gender=m)))
166166	Schritt		
166167	für		
166168	Schritt		
166169	,		
166170	es		
166171	besuchten		
166172	den		
166173	Winter		
166174	noch		
166175	mehrere		
166176	Büffel		
166177	die		
166178	Thalschlucht		
166179	,		
166180	früher		
166181	als		
166182	sonst		
166183	brach		
166184	auch		
166185	diesmal		
166186	der		
166187	Frühling		
166188	an		
166189	,		
166190	—		
166191	wir	19223	(mention_id=19529|references=(entity=(entity_id=entity_1026|fullname=der Canadier|gender=m)),(entity=(entity_id=entity_0782|fullname=Max Anhorst|gender=m)))
166192	waren		
166193	gerettet		
166194	.		
166195	Aber		
166196	,		
166197	dacht'		
166198	ich	19224	(mention_id=19530|references=(entity=(entity_id=entity_1026|fullname=der Canadier|gender=m)))
166199	,		
166200	Au	19225	(mention_id=19531|references=(entity=(entity_id=entity_0782|fullname=Max Anhorst|gender=m)))
166201	Reste	19225	(mention_id=19531|references=(entity=(entity_id=entity_0782|fullname=Max Anhorst|gender=m)))
166202	wird		
166203	sich	19226	(mention_id=19532|references=(entity=(entity_id=entity_0782|fullname=Max Anhorst|gender=m)))
166204	diese		
166205	Passage		
166206	gemerkt		
166207	haben		
166208	.		
166209	Die		
166210	erste		
166211	Pflanzung		
166212	,		
166213	die		
166214	wir	19227	(mention_id=19533|references=(entity=(entity_id=entity_1026|fullname=der Canadier|gender=m)),(entity=(entity_id=entity_0782|fullname=Max Anhorst|gender=m)))
166215	zu		
166216	Gesichte		
166217	bekommen		
166218	,		
166219	werd'		
166220	ich's	19228	(mention_id=19534|references=(entity=(entity_id=entity_1026|fullname=der Canadier|gender=m)))
166221	zu		
166222	hören		
166223	haben		
166224	:		
166225	Junge	19229	(mention_id=19535|references=(entity=(entity_id=entity_1026|fullname=der Canadier|gender=m)))
166226	,		
166227	wir	19230	(mention_id=19536|references=(entity=(entity_id=entity_1026|fullname=der Canadier|gender=m)),(entity=(entity_id=entity_0782|fullname=Max Anhorst|gender=m)))
166228	wollen		
166229	wieder		
166230	Kornknacker	19231	(mention_id=19537|references=(entity=(entity_id=entity_0782|fullname=Max Anhorst|gender=m)),(entity=(entity_id=entity_1026|fullname=der Canadier|gender=m)))
166231	werden		
166232	!		
166233	Pardon		
166234	,		
166235	mon		(mention_id=19538|references=(entity=(entity_id=entity_1026|fullname=der Canadier|gender=m)))
166236	brave		(mention_id=19539|references=(entity=(entity_id=entity_0782|fullname=Max Anhorst|gender=m)))
166237	!		
166238	Es		
166239	kam		
166240	ihm	19232	(mention_id=19540|references=(entity=(entity_id=entity_0782|fullname=Max Anhorst|gender=m)))
166241	nicht		
166242	in		
166243	den		
166244	Sinn		
166245	.		
166246	Au	19233	(mention_id=19541|references=(entity=(entity_id=entity_0782|fullname=Max Anhorst|gender=m)))
166247	Reste	19233	(mention_id=19541|references=(entity=(entity_id=entity_0782|fullname=Max Anhorst|gender=m)))
166248	trappte		
166249	fort		
166250	mit		
166251	mir	19234	(mention_id=19542|references=(entity=(entity_id=entity_1026|fullname=der Canadier|gender=m)))
166252	,		
166253	und		
166254	trappte		
166255	in		
166256	seinem	19235	(mention_id=19543|references=(entity=(entity_id=entity_0782|fullname=Max Anhorst|gender=m)))
166257	ersten		
166258	Jahre		
166259	,		
166260	wie		
166261	ein		
166262	Anderer	19236	(mention_id=19544|references=(entity=(entity_id=generic_5609|fullname=generic_1954|gender=u|specialcase_entity=generic)))
166263	in		
166264	seinen	19237	(mention_id=19545|references=(entity=(entity_id=generic_5610|fullname=generic_1955|gender=u|specialcase_entity=generic)))
166265	dreißigsten		
166266	.		
166267	Ah		
166268	,		
166269	Monsieur	19238	(mention_id=19546|references=(entity=(entity_id=entity_0001|fullname=Dr. Moorfeld|gender=m)))
166270	,		
166271	sagen		
166272	Sie	19239	(mention_id=19547|references=(entity=(entity_id=entity_0001|fullname=Dr. Moorfeld|gender=m)))
166273	,		
166274	ob		
166275	mein	19240	(mention_id=19548|references=(entity=(entity_id=entity_1026|fullname=der Canadier|gender=m)))
166276	Camerad		(mention_id=19549|references=(entity=(entity_id=entity_0782|fullname=Max Anhorst|gender=m)))
166277	ein		
166278	homme		(mention_id=19550|references=(entity=(entity_id=entity_0782|fullname=Max Anhorst|gender=m)))
166279	du		
166280	coeur		
166281	war		
166282	!		
166283	Nun		
166284	sollen		
166285	Sie	19241	(mention_id=19551|references=(entity=(entity_id=entity_0001|fullname=Dr. Moorfeld|gender=m)))
166286	hören		
166287	,		
166288	was		
166289	dieses		
166290	Herz		
166291	wendete		
166292	,		
166293	fuhr		
166294	der		
166295	Canadier	19242	(mention_id=19552|references=(entity=(entity_id=entity_1026|fullname=der Canadier|gender=m)))
166296	fort		
166297	,		
166298	und		
166299	wir	19243	(mention_id=19553|references=(entity=(entity_id=entity_0007|fullname=Erzählinstanz|gender=u)),(entity=(entity_id=entity_0008|fullname=Leser|gender=u)))
166300	dürfen		
166301	vielleicht		
166302	das		
166303	Concept		
166304	des		
166305	wilden		
166306	Erzählers	19244	(mention_id=19554|references=(entity=(entity_id=entity_1026|fullname=der Canadier|gender=m)))
166307	anerkennen		
166308	,		
166309	der	19245	(mention_id=19555|references=(entity=(entity_id=entity_1026|fullname=der Canadier|gender=m)))
166310	den		
166311	begonnenen		
166312	Faden		
166313	doch		
166314	nicht		
166315	verloren		
166316	.		
166317	Wir	19246	(mention_id=19556|references=(entity=(entity_id=entity_1026|fullname=der Canadier|gender=m)),(entity=(entity_id=entity_0782|fullname=Max Anhorst|gender=m)))
166318	wollten		
166319	den		
166320	hierauf		
166321	folgenden		
166322	Sommer		
166323	nach		
166324	Californien		
166325	aufbrechen		
166326	,		
166327	um		
166328	uns	19247	(mention_id=19557|references=(entity=(entity_id=entity_1026|fullname=der Canadier|gender=m)),(entity=(entity_id=entity_0782|fullname=Max Anhorst|gender=m)))
166329	Pferde		
166330	und		
166331	Maulthiere		
166332	aus		
166333	der		
166334	Mission		
166335	San		
166336	Fernando		
166337	zu		
166338	holen		
166339	,		
166340	derselben		
166341	,		
166342	woher		
166343	ich	19248	(mention_id=19558|references=(entity=(entity_id=entity_1026|fullname=der Canadier|gender=m)))
166344	früher		
166345	meine	19249	(mention_id=19559|references=(entity=(entity_id=entity_1026|fullname=der Canadier|gender=m)))
166346	Gattin	19250	(mention_id=19560|references=(entity=(entity_id=entity_1030|fullname=Juanita|gender=f)))
166347	Juanita	19250	(mention_id=19561|references=(entity=(entity_id=entity_1030|fullname=Juanita|gender=f)))
166348	geholt		
166349	.		
166350	Wir	19251	(mention_id=19562|references=(entity=(entity_id=entity_1026|fullname=der Canadier|gender=m)),(entity=(entity_id=entity_0782|fullname=Max Anhorst|gender=m)))
166351	hatten		
166352	uns	19252	(mention_id=19563|references=(entity=(entity_id=entity_1026|fullname=der Canadier|gender=m)),(entity=(entity_id=entity_0782|fullname=Max Anhorst|gender=m)))
166353	einer		
166354	größeren		
166355	Trappergesellschaft		(mention_id=19564|references=(entity=(entity_id=entity_1046|fullname=Trappergesellschaft|gender=m|specialcase_entity=group)))
166356	angeschlossen		
166357	und		
166358	Alles		
166359	ging		
166360	gut		
166361	.		
166362	Die		
166363	Prairien		
166364	waren		
166365	dunkel		
166366	von		
166367	Büffelheerden		
166368	,		
166369	die		
166370	Creeks		
166371	wimmelten		
166372	von		
166373	Bibern		
166374	,		
166375	täglich		
166376	wurden		
166377	siegreiche		
166378	Gefechte		
166379	mit		
166380	den		
166381	Indianern	19253	(mention_id=19565|references=(entity=(entity_id=entity_1089|fullname=Indianer mit denen sich Trappergesellschaft schlägt|gender=u|specialcase_entity=group)))
166382	bestanden		
166383	,		
166384	wir	19254	(mention_id=19566|references=(entity=(entity_id=entity_1026|fullname=der Canadier|gender=m)),(entity=(entity_id=entity_0782|fullname=Max Anhorst|gender=m)))
166385	behingen		
166386	uns	19255	(mention_id=19567|references=(entity=(entity_id=entity_1026|fullname=der Canadier|gender=m)),(entity=(entity_id=entity_0782|fullname=Max Anhorst|gender=m)))
166387	um		
166388	und		
166389	um		
166390	mit		
166391	Scalps		
166392	,		
166393	erbeuteten		
166394	Weiber		(mention_id=19568|references=(entity=(entity_id=entity_1088|fullname=Indianerfrauen|gender=f|specialcase_entity=group)))
166395	und		
166396	lebten		
166397	en		
166398	Seigneur		
166399	.		
166400	Da		
166401	geschah's		
166402	mit		
166403	dem		
166404	Teufel		
166405	,		
166406	daß		
166407	wir	19256	(mention_id=19569|references=(entity=(entity_id=entity_1026|fullname=der Canadier|gender=m)),(entity=(entity_id=entity_0782|fullname=Max Anhorst|gender=m)))
166408	eines		
166409	Tags		
166410	gegen		
166411	den		
166412	Führer	19257	(mention_id=19570|references=(entity=(entity_id=entity_1052|fullname=Führer des Zugs|gender=m)))
166413	des		
166414	Zugs		
166415	uns	19258	(mention_id=19571|references=(entity=(entity_id=entity_1026|fullname=der Canadier|gender=m)),(entity=(entity_id=entity_0782|fullname=Max Anhorst|gender=m)))
166416	einbildeten		
166417	,		
166418	eine		
166419	kürzere		
166420	Route		
166421	,		
166422	als		
166423	die		
166424	er	19259	(mention_id=19572|references=(entity=(entity_id=entity_1052|fullname=Führer des Zugs|gender=m)))
166425	selbst		
166426	vorschlug		
166427	,		
166428	einschlagen		
166429	zu		
166430	können		
166431	;		
166432	Kürze		
166433	aber		
166434	war		
166435	nöthig		
166436	,		
166437	denn		
166438	wir	19260	(mention_id=19573|references=(entity=(entity_id=entity_1026|fullname=der Canadier|gender=m)),(entity=(entity_id=entity_0782|fullname=Max Anhorst|gender=m)))
166439	betraten		
166440	eben		
166441	das		
166442	Land		
166443	der		
166444	Gräber-Indianer	19261	(mention_id=19574|references=(entity=(entity_id=entity_1045|fullname=Gräberindianer|gender=u|specialcase_entity=group)))
166445	,		
166446	was		(mention_id=19575|references=(entity=(entity_id=entity_1045|fullname=Gräberindianer|gender=u|specialcase_entity=group)))
166447	ein		
166448	heilloses		
166449	Gesindel	19262	(mention_id=19576|references=(entity=(entity_id=entity_1045|fullname=Gräberindianer|gender=u|specialcase_entity=group)))
166450	ist		
166451	,		
166452	und		
166453	in		
166454	seiner		(mention_id=19577|references=(entity=(entity_id=entity_1045|fullname=Gräberindianer|gender=u|specialcase_entity=group)))
166455	feigen		
166456	,		
166457	tückischen		
166458	Kriegsweise		
166459	viel		
166460	gefährlicher		
166461	als		
166462	die		
166463	muthigsten		
166464	Stämme		(mention_id=19578|references=(entity=(entity_id=generic_5611|fullname=generic_1956|gender=u|specialcase_entity=generic)))
166465	.		
166466	Wir	19263	(mention_id=19579|references=(entity=(entity_id=entity_1026|fullname=der Canadier|gender=m)),(entity=(entity_id=entity_0782|fullname=Max Anhorst|gender=m)),(entity=(entity_id=entity_1029|fullname=Sublette|gender=m)),(entity=(entity_id=entity_1027|fullname=mexikanischer Spanier aus Au Restes und des Canadiers Gruppe|gender=m)))
166467	konnten		
166468	uns	19264	(mention_id=19580|references=(entity=(entity_id=entity_1026|fullname=der Canadier|gender=m)),(entity=(entity_id=entity_0782|fullname=Max Anhorst|gender=m)),(entity=(entity_id=entity_1029|fullname=Sublette|gender=m)),(entity=(entity_id=entity_1027|fullname=mexikanischer Spanier aus Au Restes und des Canadiers Gruppe|gender=m)))
166469	nicht		
166470	einigen		
166471	und		
166472	trennten		
166473	uns	19265	(mention_id=19581|references=(entity=(entity_id=entity_1026|fullname=der Canadier|gender=m)),(entity=(entity_id=entity_0782|fullname=Max Anhorst|gender=m)),(entity=(entity_id=entity_1029|fullname=Sublette|gender=m)),(entity=(entity_id=entity_1027|fullname=mexikanischer Spanier aus Au Restes und des Canadiers Gruppe|gender=m)))
166474	zu		
166475	Vieren		
166476	von		
166477	der		
166478	größeren		
166479	Compagnie	19266	(mention_id=19582|references=(entity=(entity_id=entity_1046|fullname=Trappergesellschaft|gender=m|specialcase_entity=group)))
166480	,		
166481	der		(mention_id=19583|references=(entity=(entity_id=entity_1046|fullname=Trappergesellschaft|gender=m|specialcase_entity=group)))
166482	wir	19267	(mention_id=19584|references=(entity=(entity_id=entity_1026|fullname=der Canadier|gender=m)),(entity=(entity_id=entity_0782|fullname=Max Anhorst|gender=m)),(entity=(entity_id=entity_1029|fullname=Sublette|gender=m)),(entity=(entity_id=entity_1027|fullname=mexikanischer Spanier aus Au Restes und des Canadiers Gruppe|gender=m)))
166483	nach		
166484	längstens		
166485	drei		
166486	Tagen		
166487	,		
166488	wie		
166489	wir	19268	(mention_id=19585|references=(entity=(entity_id=entity_1026|fullname=der Canadier|gender=m)),(entity=(entity_id=entity_0782|fullname=Max Anhorst|gender=m)),(entity=(entity_id=entity_1029|fullname=Sublette|gender=m)),(entity=(entity_id=entity_1027|fullname=mexikanischer Spanier aus Au Restes und des Canadiers Gruppe|gender=m)))
166490	behaupteten		
166491	,		
166492	an		
166493	einer		
166494	Station		
166495	unter		
166496	befreundeten		
166497	Stämmen	19269	(mention_id=19586|references=(entity=(entity_id=entity_1094|fullname=Stämme|gender=u)))
166498	vorausgekommen		
166499	sein		
166500	wallten		
166501	.		
166502	Das		
166503	war		
166504	mein	19270	(mention_id=19587|references=(entity=(entity_id=entity_1026|fullname=der Canadier|gender=m)))
166505	letzter		
166506	Zug		
166507	.		
166508	Wir	19271	(mention_id=19588|references=(entity=(entity_id=entity_1026|fullname=der Canadier|gender=m)),(entity=(entity_id=entity_0782|fullname=Max Anhorst|gender=m)),(entity=(entity_id=entity_1029|fullname=Sublette|gender=m)),(entity=(entity_id=entity_1027|fullname=mexikanischer Spanier aus Au Restes und des Canadiers Gruppe|gender=m)))
166509	waren		
166510	wie		
166511	gesagt		
166512	zu		
166513	Vieren		
166514	:		
166515	Au	19272	(mention_id=19589|references=(entity=(entity_id=entity_0782|fullname=Max Anhorst|gender=m)))
166516	Reste	19272	(mention_id=19589|references=(entity=(entity_id=entity_0782|fullname=Max Anhorst|gender=m)))
166517	und		
166518	ich	19273	(mention_id=19590|references=(entity=(entity_id=entity_1026|fullname=der Canadier|gender=m)))
166519	,		
166520	ein		
166521	Canadier	19274	(mention_id=19591|references=(entity=(entity_id=entity_1029|fullname=Sublette|gender=m)))
166522	Namens		
166523	Sublette	19275	(mention_id=19592|references=(entity=(entity_id=entity_1029|fullname=Sublette|gender=m)))
166524	und		
166525	ein		
166526	mexikanischer		
166527	Spanier	19276	(mention_id=19593|references=(entity=(entity_id=entity_1027|fullname=mexikanischer Spanier aus Au Restes und des Canadiers Gruppe|gender=m)))
166528	,		
166529	der	19277	(mention_id=19594|references=(entity=(entity_id=entity_1027|fullname=mexikanischer Spanier aus Au Restes und des Canadiers Gruppe|gender=m)))
166530	aber		
166531	kein		
166532	Fettlappen		
166533	war		
166534	,		
166535	wie		
166536	die		
166537	übrigen		
166538	Männer	19278	(mention_id=19595|references=(entity=(entity_id=generic_5612|fullname=generic_1957|gender=u|specialcase_entity=generic)))
166539	seiner	19279	(mention_id=19596|references=(entity=(entity_id=entity_1027|fullname=mexikanischer Spanier aus Au Restes und des Canadiers Gruppe|gender=m)))
166540	Nation	19280	
166541	.		
166542	Außerdem		
166543	führten		
166544	wir	19281	(mention_id=19597|references=(entity=(entity_id=entity_1026|fullname=der Canadier|gender=m)),(entity=(entity_id=entity_0782|fullname=Max Anhorst|gender=m)),(entity=(entity_id=entity_1029|fullname=Sublette|gender=m)),(entity=(entity_id=entity_1027|fullname=mexikanischer Spanier aus Au Restes und des Canadiers Gruppe|gender=m)))
166545	drei		
166546	gefangene		
166547	Squaws		(mention_id=19598|references=(entity=(entity_id=entity_1033|fullname=gefangene Squaws|gender=f|members=entity_1042|all_members_given=False|specialcase_entity=group)))
166548	mit		
166549	uns	19282	(mention_id=19599|references=(entity=(entity_id=entity_1026|fullname=der Canadier|gender=m)),(entity=(entity_id=entity_0782|fullname=Max Anhorst|gender=m)),(entity=(entity_id=entity_1029|fullname=Sublette|gender=m)),(entity=(entity_id=entity_1027|fullname=mexikanischer Spanier aus Au Restes und des Canadiers Gruppe|gender=m)))
166550	.		
166551	Wir	19283	(mention_id=19600|references=(entity=(entity_id=entity_1026|fullname=der Canadier|gender=m)),(entity=(entity_id=entity_0782|fullname=Max Anhorst|gender=m)),(entity=(entity_id=entity_1029|fullname=Sublette|gender=m)),(entity=(entity_id=entity_1027|fullname=mexikanischer Spanier aus Au Restes und des Canadiers Gruppe|gender=m)))
166552	nahmen		
166553	unsern	19284	(mention_id=19601|references=(entity=(entity_id=entity_1026|fullname=der Canadier|gender=m)),(entity=(entity_id=entity_0782|fullname=Max Anhorst|gender=m)),(entity=(entity_id=entity_1029|fullname=Sublette|gender=m)),(entity=(entity_id=entity_1027|fullname=mexikanischer Spanier aus Au Restes und des Canadiers Gruppe|gender=m)))
166554	Weg		
166555	,		
166556	welchen		
166557	wir	19285	(mention_id=19602|references=(entity=(entity_id=entity_1026|fullname=der Canadier|gender=m)),(entity=(entity_id=entity_0782|fullname=Max Anhorst|gender=m)),(entity=(entity_id=entity_1029|fullname=Sublette|gender=m)),(entity=(entity_id=entity_1027|fullname=mexikanischer Spanier aus Au Restes und des Canadiers Gruppe|gender=m)))
166558	abzuschneiden		
166559	gedachten		
166560	,		
166561	durch		
166562	eine		
166563	Wüste		
166564	,		
166565	die		
166566	von		
166567	Wild		
166568	und		
166569	Wasser		
166570	völlig		
166571	entblößt		
166572	war		
166573	und		
166574	nichts		
166575	als		
166576	den		
166577	Anblick		
166578	einer		
166579	öden		
166580	sandigen		
166581	Fläche		
166582	mit		
166583	einer		
166584	dünnen		
166585	Bedeckung		
166586	von		
166587	Zwergfichten		
166588	und		
166589	Cedergestrüpp		
166590	bot		
166591	.		
166592	Indeß		
166593	erwarteten		
166594	wir	19286	(mention_id=19603|references=(entity=(entity_id=entity_1026|fullname=der Canadier|gender=m)),(entity=(entity_id=entity_0782|fullname=Max Anhorst|gender=m)),(entity=(entity_id=entity_1029|fullname=Sublette|gender=m)),(entity=(entity_id=entity_1027|fullname=mexikanischer Spanier aus Au Restes und des Canadiers Gruppe|gender=m)))
166595	schon		
166596	am		
166597	Abend		
166598	desselben		
166599	Tags		
166600	einen		
166601	kleinen		
166602	Creek		
166603	unter		
166604	Kirsch-		
166605	und		
166606	Cottonbäumen		
166607	und		
166608	morgen		
166609	meinten		
166610	wir	19287	(mention_id=19604|references=(entity=(entity_id=entity_1026|fullname=der Canadier|gender=m)),(entity=(entity_id=entity_0782|fullname=Max Anhorst|gender=m)),(entity=(entity_id=entity_1029|fullname=Sublette|gender=m)),(entity=(entity_id=entity_1027|fullname=mexikanischer Spanier aus Au Restes und des Canadiers Gruppe|gender=m)))
166611	wieder		
166612	in		
166613	die		
166614	Region		
166615	des		
166616	fetten		
166617	Büffelgrases		
166618	zu		
166619	kommen		
166620	.		
166621	Der		
166622	Tag		
166623	ging		
166624	zu		
166625	Ende		
166626	,		
166627	aber		
166628	weit		
166629	und		
166630	breit		
166631	zeigte		
166632	sich		
166633	von		
166634	einer		
166635	Wasserstelle		
166636	keine		
166637	Spur		
166638	.		
166639	Wir	19288	(mention_id=19605|references=(entity=(entity_id=entity_1026|fullname=der Canadier|gender=m)),(entity=(entity_id=entity_0782|fullname=Max Anhorst|gender=m)),(entity=(entity_id=entity_1029|fullname=Sublette|gender=m)),(entity=(entity_id=entity_1027|fullname=mexikanischer Spanier aus Au Restes und des Canadiers Gruppe|gender=m)))
166640	mußten		
166641	unser	19289	(mention_id=19606|references=(entity=(entity_id=entity_1026|fullname=der Canadier|gender=m)),(entity=(entity_id=entity_0782|fullname=Max Anhorst|gender=m)),(entity=(entity_id=entity_1029|fullname=Sublette|gender=m)),(entity=(entity_id=entity_1027|fullname=mexikanischer Spanier aus Au Restes und des Canadiers Gruppe|gender=m)))
166642	Lager		
166643	aufschlagen		
166644	ohne		
166645	die		
166646	Pferde		
166647	tränken		
166648	zu		
166649	können		
166650	,		
166651	indeß		
166652	wir	19290	(mention_id=19607|references=(entity=(entity_id=entity_1026|fullname=der Canadier|gender=m)),(entity=(entity_id=entity_0782|fullname=Max Anhorst|gender=m)),(entity=(entity_id=entity_1029|fullname=Sublette|gender=m)),(entity=(entity_id=entity_1027|fullname=mexikanischer Spanier aus Au Restes und des Canadiers Gruppe|gender=m)))
166653	selbst		
166654	vor		
166655	Trockniß		
166656	fast		
166657	verschmachteten		
166658	und		
166659	in		
166660	jeder		
166661	Stunde		
166662	der		
166663	Nacht		
166664	aus		
166665	dem		
166666	erbärmlichen		
166667	Schlafe		
166668	fuhren		
166669	.		
166670	Nur		
166671	die		
166672	Ueberzeugung		
166673	,		
166674	den		
166675	Creek		
166676	desto		
166677	gewisser		
166678	morgen		
166679	zu		
166680	erreichen		
166681	,		
166682	hielt		
166683	uns	19291	(mention_id=19608|references=(entity=(entity_id=entity_1026|fullname=der Canadier|gender=m)),(entity=(entity_id=entity_0782|fullname=Max Anhorst|gender=m)),(entity=(entity_id=entity_1029|fullname=Sublette|gender=m)),(entity=(entity_id=entity_1027|fullname=mexikanischer Spanier aus Au Restes und des Canadiers Gruppe|gender=m)))
166684	bei		
166685	Muthe		
166686	.		
166687	Indeß		
166688	stürzten		
166689	schon		
166690	Tags		
166691	darauf		
166692	drei		
166693	von		
166694	unsern	19292	
166695	Thieren		
166696	,		
166697	und		
166698	eins		
166699	schleppte		
166700	sich		
166701	so		
166702	erschöpft		
166703	,		
166704	daß		
166705	wir	19293	(mention_id=19609|references=(entity=(entity_id=entity_1026|fullname=der Canadier|gender=m)),(entity=(entity_id=entity_0782|fullname=Max Anhorst|gender=m)),(entity=(entity_id=entity_1029|fullname=Sublette|gender=m)),(entity=(entity_id=entity_1027|fullname=mexikanischer Spanier aus Au Restes und des Canadiers Gruppe|gender=m)))
166706	es		
166707	tödteten		
166708	und		
166709	sein		
166710	Blut		
166711	tranken		
166712	.		
166713	Den		
166714	Creek		
166715	aber		
166716	erreichten		
166717	wir	19294	(mention_id=19610|references=(entity=(entity_id=entity_1026|fullname=der Canadier|gender=m)),(entity=(entity_id=entity_0782|fullname=Max Anhorst|gender=m)),(entity=(entity_id=entity_1029|fullname=Sublette|gender=m)),(entity=(entity_id=entity_1027|fullname=mexikanischer Spanier aus Au Restes und des Canadiers Gruppe|gender=m)))
166718	auch		
166719	heute		
166720	nicht		
166721	.		
166722	Beim		
166723	Anbruch		
166724	des		
166725	dritten		
166726	Tages		
166727	lagen		
166728	abermals		
166729	drei		
166730	von		
166731	unsern	19295	
166732	Thieren		
166733	an		
166734	den		
166735	Pfählen		
166736	,		
166737	woran		
166738	sie		
166739	angepflöckt		
166740	,		
166741	todt		
166742	.		
166743	Wir	19296	(mention_id=19611|references=(entity=(entity_id=entity_1026|fullname=der Canadier|gender=m)),(entity=(entity_id=entity_0782|fullname=Max Anhorst|gender=m)),(entity=(entity_id=entity_1029|fullname=Sublette|gender=m)),(entity=(entity_id=entity_1027|fullname=mexikanischer Spanier aus Au Restes und des Canadiers Gruppe|gender=m)))
166744	besaßen		
166745	jetzt		
166746	nur		
166747	noch		
166748	eines		
166749	und		
166750	zwar		
166751	in		
166752	einem		
166753	marschunfähigen		
166754	Zustande		
166755	.		
166756	Wir	19297	(mention_id=19612|references=(entity=(entity_id=entity_1026|fullname=der Canadier|gender=m)),(entity=(entity_id=entity_0782|fullname=Max Anhorst|gender=m)),(entity=(entity_id=entity_1029|fullname=Sublette|gender=m)),(entity=(entity_id=entity_1027|fullname=mexikanischer Spanier aus Au Restes und des Canadiers Gruppe|gender=m)))
166757	schlachteten		
166758	es		
166759	,		
166760	tranken		
166761	sein		
166762	Blut		
166763	und		
166764	machten		
166765	es		
166766	zu		
166767	Fleisch		
166768	,		
166769	denn		
166770	zu		
166771	der		
166772	gräßlichen		
166773	Trockniß		
166774	hatte		
166775	sich		
166776	nunmehr		
166777	auch		
166778	wüthender		
166779	Hunger		
166780	eingestellt		
166781	,		
166782	und		
166783	die		
166784	Wüste		
166785	war		
166786	eben		
166787	so		
166788	leer		
166789	von		
166790	Wild		
166791	als		
166792	von		
166793	Wasser		
166794	.		
166795	Das		
166796	Thier		
166797	verschwand		
166798	unter		
166799	uns	19298	(mention_id=19613|references=(entity=(entity_id=entity_1026|fullname=der Canadier|gender=m)),(entity=(entity_id=entity_0782|fullname=Max Anhorst|gender=m)),(entity=(entity_id=entity_1029|fullname=Sublette|gender=m)),(entity=(entity_id=entity_1027|fullname=mexikanischer Spanier aus Au Restes und des Canadiers Gruppe|gender=m)),(entity=(entity_id=entity_1033|fullname=gefangene Squaws|gender=f|members=entity_1042|all_members_given=False|specialcase_entity=group)))
166800	Sieben		
166801	fast		
166802	auf		
166803	Eine		
166804	Mahlzeit		
166805	,		
166806	den		
166807	Rest		
166808	aber		
166809	verloren		
166810	wir	19299	(mention_id=19614|references=(entity=(entity_id=entity_1026|fullname=der Canadier|gender=m)),(entity=(entity_id=entity_0782|fullname=Max Anhorst|gender=m)),(entity=(entity_id=entity_1029|fullname=Sublette|gender=m)),(entity=(entity_id=entity_1027|fullname=mexikanischer Spanier aus Au Restes und des Canadiers Gruppe|gender=m)),(entity=(entity_id=entity_1033|fullname=gefangene Squaws|gender=f|members=entity_1042|all_members_given=False|specialcase_entity=group)))
166811	Nachts		
166812	bei		
166813	einer		
166814	Ueberumplung		
166815	oder		
166816	vielmehr		
166817	bei		
166818	Beschleichung		
166819	der		
166820	elenden		
166821	Gräberindianer	19300	(mention_id=19615|references=(entity=(entity_id=entity_1045|fullname=Gräberindianer|gender=u|specialcase_entity=group)))
166822	,		
166823	welche	19301	(mention_id=19616|references=(entity=(entity_id=entity_1045|fullname=Gräberindianer|gender=u|specialcase_entity=group)))
166824	uns	19302	(mention_id=19617|references=(entity=(entity_id=entity_1026|fullname=der Canadier|gender=m)),(entity=(entity_id=entity_0782|fullname=Max Anhorst|gender=m)),(entity=(entity_id=entity_1029|fullname=Sublette|gender=m)),(entity=(entity_id=entity_1027|fullname=mexikanischer Spanier aus Au Restes und des Canadiers Gruppe|gender=m)),(entity=(entity_id=entity_1033|fullname=gefangene Squaws|gender=f|members=entity_1042|all_members_given=False|specialcase_entity=group)))
166825	das		
166826	Fleisch		
166827	mit		
166828	wölfischer		
166829	Gier		
166830	stahlen		
166831	,		
166832	da		
166833	das		
166834	miserable		
166835	Volk	19303	(mention_id=19618|references=(entity=(entity_id=entity_1045|fullname=Gräberindianer|gender=u|specialcase_entity=group)))
166836	keine		
166837	andere		
166838	Nahrung		
166839	als		
166840	getrocknete		
166841	Ameisen		
166842	gewohnt		
166843	ist		
166844	.		
166845	Leider		
166846	ging		
166847	uns	19304	(mention_id=19619|references=(entity=(entity_id=entity_1026|fullname=der Canadier|gender=m)),(entity=(entity_id=entity_0782|fullname=Max Anhorst|gender=m)),(entity=(entity_id=entity_1027|fullname=mexikanischer Spanier aus Au Restes und des Canadiers Gruppe|gender=m)))
166848	bei		
166849	dieser		
166850	Attake		
166851	auch		
166852	unser	19305	(mention_id=19620|references=(entity=(entity_id=entity_1026|fullname=der Canadier|gender=m)),(entity=(entity_id=entity_0782|fullname=Max Anhorst|gender=m)),(entity=(entity_id=entity_1027|fullname=mexikanischer Spanier aus Au Restes und des Canadiers Gruppe|gender=m)))
166853	Gefährte	19306	(mention_id=19621|references=(entity=(entity_id=entity_1029|fullname=Sublette|gender=m)))
166854	Sublette	19307	(mention_id=19622|references=(entity=(entity_id=entity_1029|fullname=Sublette|gender=m)))
166855	unter		
166856	.		
166857	Wir	19308	(mention_id=19623|references=(entity=(entity_id=entity_1026|fullname=der Canadier|gender=m)),(entity=(entity_id=entity_0782|fullname=Max Anhorst|gender=m)),(entity=(entity_id=entity_1027|fullname=mexikanischer Spanier aus Au Restes und des Canadiers Gruppe|gender=m)),(entity=(entity_id=entity_1033|fullname=gefangene Squaws|gender=f|members=entity_1042|all_members_given=False|specialcase_entity=group)))
166858	sechs		
166859	schleppten		
166860	uns	19309	(mention_id=19624|references=(entity=(entity_id=entity_1026|fullname=der Canadier|gender=m)),(entity=(entity_id=entity_0782|fullname=Max Anhorst|gender=m)),(entity=(entity_id=entity_1027|fullname=mexikanischer Spanier aus Au Restes und des Canadiers Gruppe|gender=m)),(entity=(entity_id=entity_1033|fullname=gefangene Squaws|gender=f|members=entity_1042|all_members_given=False|specialcase_entity=group)))
166861	nun		
166862	gänzlich		
166863	unberitten		
166864	weiter		
166865	.		
166866	Es		
166867	half		
166868	uns	19310	(mention_id=19625|references=(entity=(entity_id=entity_1026|fullname=der Canadier|gender=m)),(entity=(entity_id=entity_0782|fullname=Max Anhorst|gender=m)),(entity=(entity_id=entity_1027|fullname=mexikanischer Spanier aus Au Restes und des Canadiers Gruppe|gender=m)),(entity=(entity_id=entity_1033|fullname=gefangene Squaws|gender=f|members=entity_1042|all_members_given=False|specialcase_entity=group)))
166869	nichts		
166870	,		
166871	daß		
166872	wir	19311	(mention_id=19626|references=(entity=(entity_id=entity_1026|fullname=der Canadier|gender=m)),(entity=(entity_id=entity_0782|fullname=Max Anhorst|gender=m)),(entity=(entity_id=entity_1027|fullname=mexikanischer Spanier aus Au Restes und des Canadiers Gruppe|gender=m)),(entity=(entity_id=entity_1033|fullname=gefangene Squaws|gender=f|members=entity_1042|all_members_given=False|specialcase_entity=group)))
166873	längst		
166874	unsers	19312	(mention_id=19627|references=(entity=(entity_id=entity_1026|fullname=der Canadier|gender=m)),(entity=(entity_id=entity_0782|fullname=Max Anhorst|gender=m)),(entity=(entity_id=entity_1027|fullname=mexikanischer Spanier aus Au Restes und des Canadiers Gruppe|gender=m)),(entity=(entity_id=entity_1033|fullname=gefangene Squaws|gender=f|members=entity_1042|all_members_given=False|specialcase_entity=group)))
166875	Irrthums		
166876	inne		
166877	wurden		
166878	,		
166879	wir	19313	(mention_id=19628|references=(entity=(entity_id=entity_1026|fullname=der Canadier|gender=m)),(entity=(entity_id=entity_0782|fullname=Max Anhorst|gender=m)),(entity=(entity_id=entity_1027|fullname=mexikanischer Spanier aus Au Restes und des Canadiers Gruppe|gender=m)))
166880	hatten		
166881	bei		
166882	einem		
166883	Rückzug		
166884	bereits		
166885	eben		
166886	so		
166887	viel		
166888	zu		
166889	verlieren		
166890	und		
166891	vorwärts		
166892	leuchtete		
166893	uns	19314	(mention_id=19629|references=(entity=(entity_id=entity_1026|fullname=der Canadier|gender=m)),(entity=(entity_id=entity_0782|fullname=Max Anhorst|gender=m)),(entity=(entity_id=entity_1027|fullname=mexikanischer Spanier aus Au Restes und des Canadiers Gruppe|gender=m)),(entity=(entity_id=entity_1033|fullname=gefangene Squaws|gender=f|members=entity_1042|all_members_given=False|specialcase_entity=group)))
166894	doch		
166895	die		
166896	Hoffnung		
166897	.		
166898	So		
166899	krochen		
166900	wir	19315	(mention_id=19630|references=(entity=(entity_id=entity_1026|fullname=der Canadier|gender=m)),(entity=(entity_id=entity_0782|fullname=Max Anhorst|gender=m)),(entity=(entity_id=entity_1027|fullname=mexikanischer Spanier aus Au Restes und des Canadiers Gruppe|gender=m)),(entity=(entity_id=entity_1033|fullname=gefangene Squaws|gender=f|members=entity_1042|all_members_given=False|specialcase_entity=group)))
166901	von		
166902	Neuem		
166903	zwei		
166904	lange		
166905	,		
166906	ewige		
166907	Tage		
166908	durch		
166909	.		
166910	Der		
166911	Hunger		
166912	packte		
166913	uns	19316	(mention_id=19631|references=(entity=(entity_id=entity_1026|fullname=der Canadier|gender=m)),(entity=(entity_id=entity_0782|fullname=Max Anhorst|gender=m)),(entity=(entity_id=entity_1027|fullname=mexikanischer Spanier aus Au Restes und des Canadiers Gruppe|gender=m)),(entity=(entity_id=entity_1033|fullname=gefangene Squaws|gender=f|members=entity_1042|all_members_given=False|specialcase_entity=group)))
166914	wieder		
166915	so		
166916	wüthend		
166917	an		
166918	,		
166919	als		
166920	zuvor		
166921	,		
166922	der		
166923	Durst		
166924	aber		
166925	war		
166926	martervoll		
166927	über		
166928	allen		
166929	Ausdruck		
166930	.		
166931	Die		
166932	Lippen		
166933	wurden		
166934	uns	19317	(mention_id=19632|references=(entity=(entity_id=entity_1026|fullname=der Canadier|gender=m)),(entity=(entity_id=entity_0782|fullname=Max Anhorst|gender=m)),(entity=(entity_id=entity_1027|fullname=mexikanischer Spanier aus Au Restes und des Canadiers Gruppe|gender=m)),(entity=(entity_id=entity_1033|fullname=gefangene Squaws|gender=f|members=entity_1042|all_members_given=False|specialcase_entity=group)))
166935	glühend		
166936	und		
166937	aufgeschwollen		
166938	,		
166939	unsre	19318	(mention_id=19633|references=(entity=(entity_id=entity_1026|fullname=der Canadier|gender=m)),(entity=(entity_id=entity_0782|fullname=Max Anhorst|gender=m)),(entity=(entity_id=entity_1027|fullname=mexikanischer Spanier aus Au Restes und des Canadiers Gruppe|gender=m)),(entity=(entity_id=entity_1033|fullname=gefangene Squaws|gender=f|members=entity_1042|all_members_given=False|specialcase_entity=group)))
166940	Augen		
166941	unterliefen		
166942	mit		
166943	Blut		
166944	,		
166945	ein		
166946	schwindelndes		
166947	Unwohlsein		
166948	befiel		
166949	uns	19319	(mention_id=19634|references=(entity=(entity_id=entity_1026|fullname=der Canadier|gender=m)),(entity=(entity_id=entity_0782|fullname=Max Anhorst|gender=m)),(entity=(entity_id=entity_1027|fullname=mexikanischer Spanier aus Au Restes und des Canadiers Gruppe|gender=m)),(entity=(entity_id=entity_1033|fullname=gefangene Squaws|gender=f|members=entity_1042|all_members_given=False|specialcase_entity=group)))
166950	in		
166951	gewissen		
166952	von		
166953	Zeit		
166954	zu		
166955	Zeit		
166956	wiederkehrenden		
166957	Pausen		
166958	.		
166959	Mit		
166960	dem		
166961	Ausdrucke		
166962	der		
166963	Verzweiflung		
166964	stierten		
166965	wir	19320	(mention_id=19635|references=(entity=(entity_id=entity_1026|fullname=der Canadier|gender=m)),(entity=(entity_id=entity_0782|fullname=Max Anhorst|gender=m)),(entity=(entity_id=entity_1027|fullname=mexikanischer Spanier aus Au Restes und des Canadiers Gruppe|gender=m)),(entity=(entity_id=entity_1033|fullname=gefangene Squaws|gender=f|members=entity_1042|all_members_given=False|specialcase_entity=group)))
166966	Alle		
166967	nach		
166968	Rettung		
166969	in		
166970	die		
166971	Wüste		
166972	hinaus		
166973	.		
166974	Da		
166975	ließ		
166976	der		
166977	Spanier	19321	(mention_id=19636|references=(entity=(entity_id=entity_1027|fullname=mexikanischer Spanier aus Au Restes und des Canadiers Gruppe|gender=m)))
166978	das		
166979	Wort		
166980	hören		
166981	:		
166982	Fleisch		
166983	und		
166984	Blut		
166985	ist		
166986	uns	19322	(mention_id=19637|references=(entity=(entity_id=entity_1026|fullname=der Canadier|gender=m)),(entity=(entity_id=entity_0782|fullname=Max Anhorst|gender=m)),(entity=(entity_id=entity_1027|fullname=mexikanischer Spanier aus Au Restes und des Canadiers Gruppe|gender=m)))
166987	vielleicht		
166988	näher		
166989	als		
166990	wir	19323	(mention_id=19638|references=(entity=(entity_id=entity_1026|fullname=der Canadier|gender=m)),(entity=(entity_id=entity_0782|fullname=Max Anhorst|gender=m)),(entity=(entity_id=entity_1027|fullname=mexikanischer Spanier aus Au Restes und des Canadiers Gruppe|gender=m)))
166991	denken		
166992	;		
166993	—		
166994	es		
166995	klang		
166996	aber		
166997	nicht		
166998	nach		
166999	Trost		
167000	,		
167001	sondern		
167002	nach		
167003	Entsetzen		
167004	in		
167005	seiner	19324	(mention_id=19639|references=(entity=(entity_id=entity_1027|fullname=mexikanischer Spanier aus Au Restes und des Canadiers Gruppe|gender=m)))
167006	Stimme		
167007	.		
167008	Wir	19325	(mention_id=19640|references=(entity=(entity_id=entity_1026|fullname=der Canadier|gender=m)),(entity=(entity_id=entity_0782|fullname=Max Anhorst|gender=m)))
167009	verstanden		
167010	ihn	19326	(mention_id=19641|references=(entity=(entity_id=entity_1027|fullname=mexikanischer Spanier aus Au Restes und des Canadiers Gruppe|gender=m)))
167011	wohl		
167012	.		
167013	Wir	19327	(mention_id=19642|references=(entity=(entity_id=entity_1026|fullname=der Canadier|gender=m)),(entity=(entity_id=entity_0782|fullname=Max Anhorst|gender=m)))
167014	ließen		
167015	das		
167016	Wort		
167017	fallen		
167018	und		
167019	schleppten		
167020	uns	19328	(mention_id=19643|references=(entity=(entity_id=entity_1026|fullname=der Canadier|gender=m)),(entity=(entity_id=entity_0782|fullname=Max Anhorst|gender=m)),(entity=(entity_id=entity_1027|fullname=mexikanischer Spanier aus Au Restes und des Canadiers Gruppe|gender=m)))
167021	schweigend		
167022	weiter		
167023	.		
167024	Die		
167025	drei		
167026	Indianerinnen	19329	(mention_id=19644|references=(entity=(entity_id=entity_1033|fullname=gefangene Squaws|gender=f|members=entity_1042|all_members_given=False|specialcase_entity=group)))
167027	aber		
167028	folgten		
167029	uns	19330	(mention_id=19645|references=(entity=(entity_id=entity_1026|fullname=der Canadier|gender=m)),(entity=(entity_id=entity_0782|fullname=Max Anhorst|gender=m)),(entity=(entity_id=entity_1027|fullname=mexikanischer Spanier aus Au Restes und des Canadiers Gruppe|gender=m)))
167030	in		
167031	ergebenem		
167032	Stumpfsinn		
167033	.		
167034	Von		
167035	Zeit		
167036	zu		
167037	Zelt		
167038	bückten		
167039	sie	19331	(mention_id=19646|references=(entity=(entity_id=entity_1033|fullname=gefangene Squaws|gender=f|members=entity_1042|all_members_given=False|specialcase_entity=group)))
167040	sich	19332	(mention_id=19647|references=(entity=(entity_id=entity_1033|fullname=gefangene Squaws|gender=f|members=entity_1042|all_members_given=False|specialcase_entity=group)))
167041	,		
167042	um		
167043	einen		
167044	Käfer		
167045	am		
167046	Wege		
167047	zu		
167048	fangen		
167049	,		
167050	welchen		
167051	sie	19333	(mention_id=19648|references=(entity=(entity_id=entity_1033|fullname=gefangene Squaws|gender=f|members=entity_1042|all_members_given=False|specialcase_entity=group)))
167052	gierig		
167053	verschluckten		
167054	.		
167055	—		
167056	Am		
167057	vierten		
167058	Tage		
167059	theilten		
167060	wir	19334	(mention_id=19649|references=(entity=(entity_id=entity_1026|fullname=der Canadier|gender=m)),(entity=(entity_id=entity_0782|fullname=Max Anhorst|gender=m)),(entity=(entity_id=entity_1027|fullname=mexikanischer Spanier aus Au Restes und des Canadiers Gruppe|gender=m)))
167061	einander	19335	(mention_id=19650|references=(entity=(entity_id=entity_1026|fullname=der Canadier|gender=m)),(entity=(entity_id=entity_0782|fullname=Max Anhorst|gender=m)),(entity=(entity_id=entity_1027|fullname=mexikanischer Spanier aus Au Restes und des Canadiers Gruppe|gender=m)))
167062	mit		
167063	,		
167064	daß		
167065	wir	19336	(mention_id=19651|references=(entity=(entity_id=entity_1026|fullname=der Canadier|gender=m)),(entity=(entity_id=entity_0782|fullname=Max Anhorst|gender=m)),(entity=(entity_id=entity_1027|fullname=mexikanischer Spanier aus Au Restes und des Canadiers Gruppe|gender=m)))
167066	wölfisch		
167067	sahen		
167068	.		
167069	Unsere	19337	(mention_id=19652|references=(entity=(entity_id=entity_1026|fullname=der Canadier|gender=m)),(entity=(entity_id=entity_0782|fullname=Max Anhorst|gender=m)),(entity=(entity_id=entity_1027|fullname=mexikanischer Spanier aus Au Restes und des Canadiers Gruppe|gender=m)))
167070	Gesichter		
167071	waren		
167072	verdummt		
167073	und		
167074	verquollen		
167075	und		
167076	Keiner		
167077	sah		
167078	mehr		
167079	sich	19338	(mention_id=19653|references=(entity=(entity_id=entity_1026|fullname=der Canadier|gender=m)),(entity=(entity_id=entity_0782|fullname=Max Anhorst|gender=m)),(entity=(entity_id=entity_1027|fullname=mexikanischer Spanier aus Au Restes und des Canadiers Gruppe|gender=m)))
167080	selbst		
167081	ähnlich		
167082	.		
167083	Wir	19339	(mention_id=19654|references=(entity=(entity_id=entity_1026|fullname=der Canadier|gender=m)),(entity=(entity_id=entity_0782|fullname=Max Anhorst|gender=m)),(entity=(entity_id=entity_1027|fullname=mexikanischer Spanier aus Au Restes und des Canadiers Gruppe|gender=m)))
167084	schlugen		
167085	Rath		
167086	.		
167087	Der		
167088	Untergang		
167089	lag		
167090	uns	19340	(mention_id=19655|references=(entity=(entity_id=entity_1026|fullname=der Canadier|gender=m)),(entity=(entity_id=entity_0782|fullname=Max Anhorst|gender=m)),(entity=(entity_id=entity_1027|fullname=mexikanischer Spanier aus Au Restes und des Canadiers Gruppe|gender=m)))
167091	dicht		
167092	zu		
167093	Füßen		
167094	,		
167095	es		
167096	galt		
167097	,		
167098	etwas		
167099	zu		
167100	thun		
167101	so		
167102	lange		
167103	noch		
167104	die		
167105	letzten		
167106	Funken		
167107	unserer	19341	(mention_id=19656|references=(entity=(entity_id=entity_1026|fullname=der Canadier|gender=m)),(entity=(entity_id=entity_0782|fullname=Max Anhorst|gender=m)),(entity=(entity_id=entity_1027|fullname=mexikanischer Spanier aus Au Restes und des Canadiers Gruppe|gender=m)))
167108	Kräfte		
167109	flimmerten		
167110	.		
167111	Wir	19342	(mention_id=19657|references=(entity=(entity_id=entity_1026|fullname=der Canadier|gender=m)),(entity=(entity_id=entity_0782|fullname=Max Anhorst|gender=m)),(entity=(entity_id=entity_1027|fullname=mexikanischer Spanier aus Au Restes und des Canadiers Gruppe|gender=m)))
167112	beschlossen		
167113	also		
167114	uns	19343	(mention_id=19658|references=(entity=(entity_id=entity_1026|fullname=der Canadier|gender=m)),(entity=(entity_id=entity_0782|fullname=Max Anhorst|gender=m)),(entity=(entity_id=entity_1027|fullname=mexikanischer Spanier aus Au Restes und des Canadiers Gruppe|gender=m)))
167115	zu		
167116	trennen		
167117	und		
167118	anstatt		
167119	in		
167120	einer		
167121	einzigen		
167122	in		
167123	drei		
167124	verschiedenen		
167125	Richtungen		
167126	nach		
167127	Wild-		
167128	oder		
167129	Wasserspuren		
167130	auszugehen		
167131	.		
167132	Die		
167133	Indianerinnen	19344	(mention_id=19659|references=(entity=(entity_id=entity_1033|fullname=gefangene Squaws|gender=f|members=entity_1042|all_members_given=False|specialcase_entity=group)))
167134	sollten		
167135	zurückbleiben		
167136	und		
167137	eine		
167138	große		
167139	Rauchsäule		
167140	anzünden		
167141	,		
167142	die		
167143	uns	19345	(mention_id=19660|references=(entity=(entity_id=entity_1026|fullname=der Canadier|gender=m)),(entity=(entity_id=entity_0782|fullname=Max Anhorst|gender=m)),(entity=(entity_id=entity_1027|fullname=mexikanischer Spanier aus Au Restes und des Canadiers Gruppe|gender=m)))
167144	den		
167145	Punkt		
167146	der		
167147	Wiedervereinigung		
167148	bezeichnete		
167149	.		
167150	Das		
167151	geschah		
167152	.		
167153	Au	19346	(mention_id=19661|references=(entity=(entity_id=entity_0782|fullname=Max Anhorst|gender=m)))
167154	Reste	19346	(mention_id=19661|references=(entity=(entity_id=entity_0782|fullname=Max Anhorst|gender=m)))
167155	und		
167156	ich	19347	(mention_id=19662|references=(entity=(entity_id=entity_1026|fullname=der Canadier|gender=m)))
167157	,		
167158	wir	19348	(mention_id=19663|references=(entity=(entity_id=entity_1026|fullname=der Canadier|gender=m)),(entity=(entity_id=entity_0782|fullname=Max Anhorst|gender=m)))
167159	jagten		
167160	vergebens		
167161	.		
167162	Als		
167163	wir	19349	(mention_id=19664|references=(entity=(entity_id=entity_1026|fullname=der Canadier|gender=m)),(entity=(entity_id=entity_0782|fullname=Max Anhorst|gender=m)))
167164	aber		
167165	beim		
167166	letzten		
167167	Tageslicht		
167168	nach		
167169	dem		
167170	Rauchzeichen		
167171	zurückkrochen		
167172	,		
167173	duftete		
167174	uns	19350	(mention_id=19665|references=(entity=(entity_id=entity_1026|fullname=der Canadier|gender=m)),(entity=(entity_id=entity_0782|fullname=Max Anhorst|gender=m)))
167175	schon		
167176	von		
167177	Ferne		
167178	Bratengeruch		
167179	entgegen		
167180	.		
167181	Wir	19351	(mention_id=19666|references=(entity=(entity_id=entity_1026|fullname=der Canadier|gender=m)),(entity=(entity_id=entity_0782|fullname=Max Anhorst|gender=m)))
167182	fanden		
167183	den		
167184	Spanier	19352	(mention_id=19667|references=(entity=(entity_id=entity_1027|fullname=mexikanischer Spanier aus Au Restes und des Canadiers Gruppe|gender=m)))
167185	an		
167186	einer		
167187	Herdstelle		
167188	,		
167189	er	19353	(mention_id=19668|references=(entity=(entity_id=entity_1027|fullname=mexikanischer Spanier aus Au Restes und des Canadiers Gruppe|gender=m)))
167190	war		
167191	glücklicher		
167192	gewesen		
167193	als		
167194	wir	19354	(mention_id=19669|references=(entity=(entity_id=entity_1026|fullname=der Canadier|gender=m)),(entity=(entity_id=entity_0782|fullname=Max Anhorst|gender=m)))
167195	,		
167196	und		
167197	hatte		
167198	,		
167199	wie		
167200	er	19355	(mention_id=19670|references=(entity=(entity_id=entity_1027|fullname=mexikanischer Spanier aus Au Restes und des Canadiers Gruppe|gender=m)))
167201	sagte		
167202	,		
167203	eine		
167204	Antilope		
167205	geschossen		
167206	.		
167207	Wie		
167208	fielen		
167209	wir	19356	(mention_id=19671|references=(entity=(entity_id=entity_1026|fullname=der Canadier|gender=m)),(entity=(entity_id=entity_0782|fullname=Max Anhorst|gender=m)))
167210	her		
167211	über		
167212	das		
167213	Fleisch		
167214	!		
167215	So		
167216	haben		
167217	Menschen	19357	(mention_id=19672|references=(entity=(entity_id=generic_5613|fullname=generic_1958|gender=u|specialcase_entity=generic)))
167218	,		
167219	seit		
167220	die		
167221	Welt		
167222	steht		
167223	,		
167224	nicht		
167225	geschmaust		
167226	.		
167227	Erst		
167228	als		
167229	die		
167230	wüthendste		
167231	Gier		
167232	gestillt		
167233	war		
167234	,		
167235	fiel		
167236	es		
167237	uns	19358	(mention_id=19673|references=(entity=(entity_id=entity_1026|fullname=der Canadier|gender=m)),(entity=(entity_id=entity_0782|fullname=Max Anhorst|gender=m)))
167238	auf		
167239	,		
167240	daß		
167241	Eine	19359	(mention_id=19674|references=(entity=(entity_id=entity_1042|fullname=Eine Squaw|gender=f)))
167242	unsrer	19360	(mention_id=19675|references=(entity=(entity_id=entity_1026|fullname=der Canadier|gender=m)),(entity=(entity_id=entity_0782|fullname=Max Anhorst|gender=m)))
167243	Gefangenen	19361	(mention_id=19676|references=(entity=(entity_id=entity_1033|fullname=gefangene Squaws|gender=f|members=entity_1042|all_members_given=False|specialcase_entity=group)))
167244	fehlte		
167245	.		
167246	Sie	19362	(mention_id=19677|references=(entity=(entity_id=entity_1042|fullname=Eine Squaw|gender=f)))
167247	habe		
167248	sich	19363	(mention_id=19678|references=(entity=(entity_id=entity_1042|fullname=Eine Squaw|gender=f)))
167249	verlaufen		
167250	,		
167251	sagte		
167252	der		
167253	Spanier	19364	(mention_id=19679|references=(entity=(entity_id=entity_1027|fullname=mexikanischer Spanier aus Au Restes und des Canadiers Gruppe|gender=m)))
167254	.		
167255	Wir	19365	(mention_id=19680|references=(entity=(entity_id=entity_1026|fullname=der Canadier|gender=m)),(entity=(entity_id=entity_0782|fullname=Max Anhorst|gender=m)))
167256	sahen		
167257	ihn	19366	(mention_id=19681|references=(entity=(entity_id=entity_1027|fullname=mexikanischer Spanier aus Au Restes und des Canadiers Gruppe|gender=m)))
167258	an		
167259	,		
167260	und		
167261	indem		
167262	ich	19367	(mention_id=19682|references=(entity=(entity_id=entity_1026|fullname=der Canadier|gender=m)))
167263	gleichzeitig		
167264	einen		
167265	Streifen		
167266	Fleisch		
167267	in		
167268	den		
167269	Kürbis		
167270	voll		
167271	Blut		
167272	tauchte		
167273	,		
167274	warf		
167275	ich	19368	(mention_id=19683|references=(entity=(entity_id=entity_1026|fullname=der Canadier|gender=m)))
167276	die		
167277	Bemerkung		
167278	hin		
167279	,		
167280	daß		
167281	der		
167282	Geschmack		
167283	der		
167284	Antilope		
167285	eigentlich		
167286	wenig		
167287	zu		
167288	spüren		
167289	,		
167290	wenn		
167291	man		
167292	bedächtiger		
167293	esse		
167294	.		
167295	Da		
167296	wurde		
167297	der		
167298	Spanier	19369	(mention_id=19684|references=(entity=(entity_id=entity_1027|fullname=mexikanischer Spanier aus Au Restes und des Canadiers Gruppe|gender=m)))
167299	wild		
167300	,		
167301	riß		
167302	seinen	19370	(mention_id=19685|references=(entity=(entity_id=entity_1027|fullname=mexikanischer Spanier aus Au Restes und des Canadiers Gruppe|gender=m)))
167303	Mantel		
167304	von		
167305	einem		
167306	Dinge		
167307	weg		
167308	,		
167309	das		
167310	seitwärts		
167311	hinter		
167312	einem		
167313	magern		
167314	Dornbusch		
167315	lag		
167316	und		
167317	schrie		
167318	:		
167319	Valga		
167320	me		
167321	Dios		
167322	!		
167323	Fleisch		
167324	ist		
167325	Fleisch		
167326	;		
167327	seid		
167328	ihr	19371	(mention_id=19686|references=(entity=(entity_id=entity_1026|fullname=der Canadier|gender=m)),(entity=(entity_id=entity_0782|fullname=Max Anhorst|gender=m)))
167329	satt		
167330	oder		
167331	nicht		
167332	?		
167333	Unter		
167334	dem		
167335	Mantel		
167336	lag		
167337	der		
167338	Kopf		
167339	und		
167340	der		
167341	blutende		
167342	Körperrest		
167343	des		
167344	fehlenden		
167345	Indianermädchens	19372	(mention_id=19687|references=(entity=(entity_id=entity_1042|fullname=Eine Squaw|gender=f)))
167346	.		
167347	—		
167348	Da		
167349	war		
167350	es		
167351	,		
167352	mein	19373	(mention_id=19688|references=(entity=(entity_id=entity_1026|fullname=der Canadier|gender=m)))
167353	Herr	19374	(mention_id=19689|references=(entity=(entity_id=entity_0001|fullname=Dr. Moorfeld|gender=m)))
167354	,		
167355	aber		
167356	auch		
167357	nicht		
167358	früher		
167359	als		
167360	da		
167361	,		
167362	wo		
167363	Au		(mention_id=19690|references=(entity=(entity_id=entity_0782|fullname=Max Anhorst|gender=m)))
167364	Reste		(mention_id=19690|references=(entity=(entity_id=entity_0782|fullname=Max Anhorst|gender=m)))
167365	ausrief		
167366	:		
167367	Auf		
167368	der		
167369	nächsten		
167370	Straße		
167371	kehr'		
167372	ich	19375	(mention_id=19691|references=(entity=(entity_id=entity_0782|fullname=Max Anhorst|gender=m)))
167373	zu		
167374	den		
167375	Kornknackern	19376	(mention_id=19692|references=(entity=(entity_id=entity_0782|fullname=Max Anhorst|gender=m)),(entity=(entity_id=generic_5614|fullname=generic_1959|gender=u|specialcase_entity=generic)))
167376	zurück		
167377	.		
167378	Er	19377	(mention_id=19693|references=(entity=(entity_id=entity_0782|fullname=Max Anhorst|gender=m)))
167379	hat		
167380	Wort		
167381	gehalten		
167382	.		
167383	So		
167384	,		
167385	mein	19378	(mention_id=19694|references=(entity=(entity_id=entity_1026|fullname=der Canadier|gender=m)))
167386	Herr	19379	(mention_id=19695|references=(entity=(entity_id=entity_0001|fullname=Dr. Moorfeld|gender=m)))
167387	,		
167388	hörten		
167389	wir	19380	(mention_id=19696|references=(entity=(entity_id=entity_1026|fullname=der Canadier|gender=m)),(entity=(entity_id=entity_0782|fullname=Max Anhorst|gender=m)))
167390	auf		
167391	,		
167392	Trapper	19381	(mention_id=19697|references=(entity=(entity_id=entity_1026|fullname=der Canadier|gender=m)),(entity=(entity_id=entity_0782|fullname=Max Anhorst|gender=m)))
167393	zu		
167394	sein		
167395	.		
167396	Mit		
167397	Recht		
167398	!		
167399	rief		
167400	Moorfeld	19382	(mention_id=19698|references=(entity=(entity_id=entity_0001|fullname=Dr. Moorfeld|gender=m)))
167401	aus		
167402	,		
167403	der	19383	(mention_id=19699|references=(entity=(entity_id=entity_0001|fullname=Dr. Moorfeld|gender=m)))
167404	schreckensstarr		
167405	nur		
167406	die		
167407	einfachste		
167408	Antwort		
167409	für		
167410	so		
167411	viel		
167412	Entsetzen		
167413	hatte		
167414	.		
167415	Es		
167416	folgte		
167417	eine		
167418	längere		
167419	Pause		
167420	zwischen		
167421	unsern	19384	(mention_id=19700|references=(entity=(entity_id=entity_0007|fullname=Erzählinstanz|gender=u)),(entity=(entity_id=entity_0008|fullname=Leser|gender=u)))
167422	Gastfreunden	19385	(mention_id=19701|references=(entity=(entity_id=entity_1026|fullname=der Canadier|gender=m)),(entity=(entity_id=entity_0001|fullname=Dr. Moorfeld|gender=m)))
167423	.		
167424	Moorfeld's	19386	(mention_id=19702|references=(entity=(entity_id=entity_0001|fullname=Dr. Moorfeld|gender=m)))
167425	Lebensgeister		
167426	waren		
167427	gewaltsam		
167428	wieder		
167429	ermuntert		
167430	.		
167431	Vor		
167432	Allem		
167433	rege		
167434	war		
167435	sein	19387	(mention_id=19703|references=(entity=(entity_id=entity_0001|fullname=Dr. Moorfeld|gender=m)))
167436	Interesse		
167437	für		
167438	Au		(mention_id=19704|references=(entity=(entity_id=entity_0782|fullname=Max Anhorst|gender=m)))
167439	Reste		(mention_id=19704|references=(entity=(entity_id=entity_0782|fullname=Max Anhorst|gender=m)))
167440	.		
167441	Der		
167442	Mann	19388	(mention_id=19705|references=(entity=(entity_id=entity_0782|fullname=Max Anhorst|gender=m)))
167443	,		
167444	der	19389	(mention_id=19706|references=(entity=(entity_id=entity_0782|fullname=Max Anhorst|gender=m)))
167445	sich	19390	(mention_id=19707|references=(entity=(entity_id=entity_0782|fullname=Max Anhorst|gender=m)))
167446	bei		
167447	lebendigem		
167448	Leibe		
167449	seinem	19391	(mention_id=19708|references=(entity=(entity_id=entity_0782|fullname=Max Anhorst|gender=m)))
167450	Freunde	19392	(mention_id=19709|references=(entity=(entity_id=entity_1026|fullname=der Canadier|gender=m)))
167451	zur		
167452	Nahrung		
167453	geboten		
167454	,		
167455	und		
167456	doch		
167457	vor		
167458	der		
167459	gleichen		
167460	Nahrung		
167461	mit		
167462	unbefleckter		
167463	Menschlichkeit		
167464	zurückgeschreckt		
167465	,		
167466	—		
167467	er	19393	(mention_id=19710|references=(entity=(entity_id=entity_0782|fullname=Max Anhorst|gender=m)))
167468	war		
167469	in		
167470	einem		
167471	Petrefact		
167472	von		
167473	Barbarei		
167474	ein		
167475	so		
167476	unschätzbarer		
167477	,		
167478	tiefliegender		
167479	Juwel		
167480	des		
167481	Menschengemüthes		
167482	,		
167483	daß		
167484	ihn	19394	(mention_id=19711|references=(entity=(entity_id=entity_0782|fullname=Max Anhorst|gender=m)))
167485	Moorfeld	19395	(mention_id=19712|references=(entity=(entity_id=entity_0001|fullname=Dr. Moorfeld|gender=m)))
167486	lebhafter		
167487	ergriff		
167488	,		
167489	als		
167490	die		
167491	Schattengestalt		
167492	einer		
167493	flüchtigen		
167494	Abendunterhaltung		
167495	.		
167496	Und		
167497	was		
167498	ist		
167499	aus		
167500	Au		(mention_id=19713|references=(entity=(entity_id=entity_0782|fullname=Max Anhorst|gender=m)))
167501	Reste		(mention_id=19713|references=(entity=(entity_id=entity_0782|fullname=Max Anhorst|gender=m)))
167502	geworden		
167503	?		
167504	war		
167505	daher		
167506	seine	19396	(mention_id=19714|references=(entity=(entity_id=entity_0001|fullname=Dr. Moorfeld|gender=m)))
167507	erste		
167508	Frage		
167509	,		
167510	als		
167511	er	19397	(mention_id=19715|references=(entity=(entity_id=entity_0001|fullname=Dr. Moorfeld|gender=m)))
167512	von		
167513	dem		
167514	Eindruck		
167515	des		
167516	gehörten		
167517	Gräuels		
167518	sich	19398	(mention_id=19716|references=(entity=(entity_id=entity_0001|fullname=Dr. Moorfeld|gender=m)))
167519	erholt		
167520	.		
167521	Ah		
167522	,		
167523	le		
167524	pauvre		
167525	diable		(mention_id=19717|references=(entity=(entity_id=entity_0782|fullname=Max Anhorst|gender=m)))
167526	!		
167527	seufzte		
167528	der		
167529	Canadier	19399	(mention_id=19718|references=(entity=(entity_id=entity_1026|fullname=der Canadier|gender=m)))
167530	,		
167531	mehr		
167532	für		
167533	sich	19400	(mention_id=19719|references=(entity=(entity_id=entity_1026|fullname=der Canadier|gender=m)))
167534	als		
167535	zur		
167536	Antwort		
167537	.		
167538	Erreichte		
167539	er	19401	(mention_id=19720|references=(entity=(entity_id=entity_0782|fullname=Max Anhorst|gender=m)))
167540	noch		
167541	die		
167542	Bezirke		
167543	der		
167544	Civilisation		
167545	?		
167546	ging		
167547	er	19402	(mention_id=19721|references=(entity=(entity_id=entity_0782|fullname=Max Anhorst|gender=m)))
167548	zu		
167549	Grunde		
167550	?		
167551	starb		
167552	er	19403	(mention_id=19722|references=(entity=(entity_id=entity_0782|fullname=Max Anhorst|gender=m)))
167553	?		
167554	wie		
167555	?		
167556	Monsieur	19404	(mention_id=19723|references=(entity=(entity_id=entity_0001|fullname=Dr. Moorfeld|gender=m)))
167557	,		
167558	ce		
167559	sont		
167560	des		
167561	choses		
167562	bien		
167563	—		
167564	bien		
167565	—		
167566	ah		
167567	,		
167568	fort		
167569	damit		
167570	!		
167571	Was		
167572	wäre		
167573	das		
167574	Leben		
167575	ohne		
167576	Wein		
167577	und		
167578	Gesang		
167579	!		
167580	Rien		
167581	jamais		
167582	si		
167583	jolie		
167584	qu'Aèdle		
167585	Qui		
167586	,		
167587	grâce		
167588	à		
167589	Lukas		(mention_id=19724|references=(entity=(entity_id=entity_1083|fullname=Lukas|gender=m)))
167590	—		
167591	Trinken		
167592	wir	19405	(mention_id=19725|references=(entity=(entity_id=entity_1026|fullname=der Canadier|gender=m)),(entity=(entity_id=entity_0001|fullname=Dr. Moorfeld|gender=m)))
167593	aus		
167594	!		
167595	Primasorte		
167596	,		
167597	mein	19406	(mention_id=19726|references=(entity=(entity_id=entity_1026|fullname=der Canadier|gender=m)))
167598	Cider	19407	
167599	;		
167600	spüren		
167601	ihn		
167602	bis		
167603	in		
167604	die		
167605	Fußspitze		
167606	!		
167607	Wir	19408	(mention_id=19727|references=(entity=(entity_id=entity_1026|fullname=der Canadier|gender=m)),(entity=(entity_id=entity_0001|fullname=Dr. Moorfeld|gender=m)))
167608	müssen		
167609	lustig		
167610	sein		
167611	,		
167612	quand		
167613	même		
167614	!		
167615	Wie		
167616	,		
167617	mein	19409	(mention_id=19728|references=(entity=(entity_id=entity_0001|fullname=Dr. Moorfeld|gender=m)))
167618	Herr	19410	(mention_id=19729|references=(entity=(entity_id=entity_1026|fullname=der Canadier|gender=m)))
167619	,		
167620	ehrt		
167621	man		
167622	so		
167623	das		
167624	Andenken		
167625	der		
167626	Braven	19411	(mention_id=19730|references=(entity=(entity_id=entity_0782|fullname=Max Anhorst|gender=m)),(entity=(entity_id=generic_5615|fullname=generic_1960|gender=u|specialcase_entity=generic)))
167627	?		
167628	Was		
167629	ist		
167630	aus		
167631	Au		(mention_id=19731|references=(entity=(entity_id=entity_0782|fullname=Max Anhorst|gender=m)))
167632	Reste		(mention_id=19731|references=(entity=(entity_id=entity_0782|fullname=Max Anhorst|gender=m)))
167633	geworden		
167634	?		
167635	Mon		
167636	Dieu		
167637	—		
167638	wenn		
167639	es		
167640	sein		
167641	soll		
167642	—		
167643	Sie	19412	(mention_id=19732|references=(entity=(entity_id=entity_0001|fullname=Dr. Moorfeld|gender=m)))
167644	schlafen		
167645	auf		
167646	seinem	19413	(mention_id=19733|references=(entity=(entity_id=entity_0782|fullname=Max Anhorst|gender=m)))
167647	Grabhügel		
167648	.		
167649	Moorfeld	19414	(mention_id=19734|references=(entity=(entity_id=entity_0001|fullname=Dr. Moorfeld|gender=m)))
167650	sprang		
167651	auf		
167652	.		
167653	Auf		
167654	seinem	19415	(mention_id=19735|references=(entity=(entity_id=entity_0782|fullname=Max Anhorst|gender=m)))
167655	Grabhügel		
167656	?		
167657	Ja		
167658	,		
167659	hier		
167660	unten		
167661	liegt		
167662	er	19416	(mention_id=19736|references=(entity=(entity_id=entity_0782|fullname=Max Anhorst|gender=m)))
167663	und		
167664	kommt		
167665	nicht		
167666	wieder		
167667	herauf		
167668	.		
167669	Freut		
167670	es		
167671	mich	19417	(mention_id=19737|references=(entity=(entity_id=entity_1026|fullname=der Canadier|gender=m)))
167672	doch		
167673	,		
167674	daß		
167675	ihn	19418	(mention_id=19738|references=(entity=(entity_id=entity_0782|fullname=Max Anhorst|gender=m)))
167676	die		
167677	Yankee's	19419	(mention_id=19739|references=(entity=(entity_id=generic_5616|fullname=generic_1961|gender=u|specialcase_entity=generic)))
167678	—		
167679	Gott		(mention_id=19740|references=(entity=(entity_id=entity_0092|fullname=Gott|gender=u)))
167680	verdamme		
167681	sie	19420	(mention_id=19741|references=(entity=(entity_id=generic_5617|fullname=generic_1962|gender=u|specialcase_entity=generic)))
167682	!		
167683	—		
167684	nicht		
167685	eingescharrt		
167686	haben		
167687	.		
167688	Sie	19421	(mention_id=19742|references=(entity=(entity_id=generic_5618|fullname=generic_1963|gender=u|specialcase_entity=generic)))
167689	haben		
167690	ihm	19422	(mention_id=19743|references=(entity=(entity_id=entity_0782|fullname=Max Anhorst|gender=m)))
167691	das		
167692	Leben		
167693	leid		
167694	genug		
167695	gemacht		
167696	.		
167697	Ruhe		
167698	seiner	19423	(mention_id=19744|references=(entity=(entity_id=entity_0782|fullname=Max Anhorst|gender=m)))
167699	Seele		
167700	!		
167701	Ich	19424	(mention_id=19745|references=(entity=(entity_id=entity_1026|fullname=der Canadier|gender=m)))
167702	danke		
167703	Gott	19425	(mention_id=19746|references=(entity=(entity_id=entity_0092|fullname=Gott|gender=u)))
167704	,		
167705	daß		
167706	ich	19426	(mention_id=19747|references=(entity=(entity_id=entity_1026|fullname=der Canadier|gender=m)))
167707	wenigstens		
167708	berufen		
167709	war		
167710	,		
167711	ihm	19427	(mention_id=19748|references=(entity=(entity_id=entity_0782|fullname=Max Anhorst|gender=m)))
167712	den		
167713	letzten		
167714	Dienst		
167715	zu		
167716	erweisen		
167717	.		
167718	Mann	19428	(mention_id=19749|references=(entity=(entity_id=entity_1026|fullname=der Canadier|gender=m)))
167719	!		
167720	Was		
167721	ging		
167722	hier		
167723	vor		
167724	?		
167725	Auf		
167726	welchem		
167727	Boden		
167728	steh'		
167729	ich	19429	(mention_id=19750|references=(entity=(entity_id=entity_0001|fullname=Dr. Moorfeld|gender=m)))
167730	?		
167731	Bei		
167732	Gott	19430	
167733	,		
167734	sprechen		
167735	Sie	19431	(mention_id=19751|references=(entity=(entity_id=entity_1026|fullname=der Canadier|gender=m)))
167736	!		
167737	Nun		
167738	ja		
167739	doch		
167740	—		
167741	ja		
167742	!		
167743	Ich	19432	(mention_id=19752|references=(entity=(entity_id=entity_1026|fullname=der Canadier|gender=m)))
167744	will		
167745	Ihre	19433	(mention_id=19753|references=(entity=(entity_id=entity_0001|fullname=Dr. Moorfeld|gender=m)))
167746	curiosité		
167747	pour		
167748	des		
167749	evene		
167750	mens		(mention_id=19754|references=(entity=(entity_id=entity_0001|fullname=Dr. Moorfeld|gender=m)))
167751	funestes		
167752	befriedigen		
167753	.		
167754	Aber		
167755	behalten		
167756	Sie	19434	(mention_id=19755|references=(entity=(entity_id=entity_0001|fullname=Dr. Moorfeld|gender=m)))
167757	Platz		
167758	,		
167759	Monsieur	19435	(mention_id=19756|references=(entity=(entity_id=entity_0001|fullname=Dr. Moorfeld|gender=m)))
167760	.		
167761	Glauben		
167762	Sie	19436	(mention_id=19757|references=(entity=(entity_id=entity_0001|fullname=Dr. Moorfeld|gender=m)))
167763	,		
167764	man		
167765	schläft		
167766	auf		
167767	einem		
167768	Grabhügel		
167769	wie		
167770	in		
167771	jedem		
167772	andern		
167773	Fauteuil		
167774	.		
167775	Wenn		
167776	wir	19437	(mention_id=19758|references=(entity=(entity_id=entity_1026|fullname=der Canadier|gender=m)),(entity=(entity_id=entity_0782|fullname=Max Anhorst|gender=m)))
167777	im		
167778	Westen		
167779	einen		
167780	Trapper	19438	(mention_id=19759|references=(entity=(entity_id=generic_5619|fullname=generic_1964|gender=u|specialcase_entity=generic)))
167781	begruben		
167782	,		
167783	—		
167784	und		
167785	keine		
167786	Woche		
167787	verging		
167788	ohne		
167789	das		
167790	—		
167791	Auf		
167792	einem		
167793	frischen		
167794	Grabe		
167795	!		
167796	Sie	19439	(mention_id=19760|references=(entity=(entity_id=entity_1026|fullname=der Canadier|gender=m)),(entity=(entity_id=entity_0782|fullname=Max Anhorst|gender=m)))
167797	litten		
167798	Schiffbruch		
167799	auf		
167800	dem		
167801	stürmischen		
167802	See		
167803	,		
167804	und		
167805	Er	19440	(mention_id=19761|references=(entity=(entity_id=entity_0782|fullname=Max Anhorst|gender=m)))
167806	blieb		
167807	das		
167808	Opfer		
167809	?		
167810	Pardon		
167811	,		
167812	der		
167813	Sturm		
167814	war		
167815	sehr		
167816	gut		
167817	;		
167818	—		
167819	steifer		
167820	Strich		
167821	aus		
167822	Nord		
167823	,		
167824	mein	19441	(mention_id=19762|references=(entity=(entity_id=entity_1026|fullname=der Canadier|gender=m)))
167825	Canoe		
167826	flog		
167827	wie		
167828	eine		
167829	Schwalbe		
167830	!		
167831	Ja		
167832	freilich		
167833	litt		
167834	er	19442	(mention_id=19763|references=(entity=(entity_id=entity_0782|fullname=Max Anhorst|gender=m)))
167835	Schiffbruch		
167836	;		
167837	aber		
167838	nicht		
167839	mit		
167840	mir	19443	(mention_id=19764|references=(entity=(entity_id=entity_1026|fullname=der Canadier|gender=m)))
167841	—		
167842	ah		
167843	,		
167844	je		(mention_id=19765|references=(entity=(entity_id=entity_1026|fullname=der Canadier|gender=m)))
167845	comprends		
167846	;		
167847	Sie	19444	(mention_id=19766|references=(entity=(entity_id=entity_0001|fullname=Dr. Moorfeld|gender=m)))
167848	denken		
167849	wir	19445	(mention_id=19767|references=(entity=(entity_id=entity_1026|fullname=der Canadier|gender=m)),(entity=(entity_id=entity_0782|fullname=Max Anhorst|gender=m)))
167850	fuhren		
167851	ensemble		
167852	von		
167853	Canada		
167854	herüber		
167855	?		
167856	Keineswegs		
167857	,		
167858	mein	19446	(mention_id=19768|references=(entity=(entity_id=entity_1026|fullname=der Canadier|gender=m)))
167859	Herr	19447	(mention_id=19769|references=(entity=(entity_id=entity_0001|fullname=Dr. Moorfeld|gender=m)))
167860	,		
167861	zwei		
167862	Trapper	19448	(mention_id=19770|references=(entity=(entity_id=generic_5620|fullname=generic_1965|gender=u|specialcase_entity=generic)),(entity=(entity_id=entity_0782|fullname=Max Anhorst|gender=m)),(entity=(entity_id=entity_1026|fullname=der Canadier|gender=m)))
167863	bleiben		
167864	unter		
167865	dem		
167866	Bourgeois	19449	(mention_id=19771|references=(entity=(entity_id=generic_5621|fullname=generic_1966|gender=u|specialcase_entity=generic)))
167867	nie		
167868	beisammen		
167869	,		
167870	die		
167871	besten		
167872	Freunde	19450	(mention_id=19772|references=(entity=(entity_id=generic_5622|fullname=generic_1967|gender=u|specialcase_entity=generic)),(entity=(entity_id=entity_1026|fullname=der Canadier|gender=m)),(entity=(entity_id=entity_0782|fullname=Max Anhorst|gender=m)))
167873	nicht		
167874	.		
167875	Mon		
167876	Dieu		
167877	,		
167878	was		
167879	sind		
167880	Trapper	19451	(mention_id=19773|references=(entity=(entity_id=generic_5623|fullname=generic_1968|gender=u|specialcase_entity=generic)))
167881	in		
167882	den		
167883	Städten		
167884	?		
167885	Wachsstumpen		
167886	in		
167887	des		
167888	Küsters	19452	(mention_id=19774|references=(entity=(entity_id=generic_5624|fullname=generic_1969|gender=u|specialcase_entity=generic)))
167889	Lade		
167890	.		
167891	Meidet		
167892	Einer	19453	(mention_id=19775|references=(entity=(entity_id=generic_5625|fullname=generic_1970|gender=u|specialcase_entity=generic)))
167893	den		
167894	Andern	19454	(mention_id=19776|references=(entity=(entity_id=generic_5626|fullname=generic_1971|gender=u|specialcase_entity=generic)))
167895	.		
167896	Nein		
167897	,		
167898	ich	19455	(mention_id=19777|references=(entity=(entity_id=entity_1026|fullname=der Canadier|gender=m)))
167899	wußte		
167900	in		
167901	Wahrheit		
167902	nicht		
167903	,		
167904	was		
167905	aus		
167906	Au	19456	(mention_id=19778|references=(entity=(entity_id=entity_0782|fullname=Max Anhorst|gender=m)))
167907	Reste	19456	(mention_id=19778|references=(entity=(entity_id=entity_0782|fullname=Max Anhorst|gender=m)))
167908	geworden		
167909	.		
167910	Wir	19457	(mention_id=19779|references=(entity=(entity_id=entity_1026|fullname=der Canadier|gender=m)),(entity=(entity_id=entity_0782|fullname=Max Anhorst|gender=m)))
167911	hatten		
167912	uns	19458	(mention_id=19780|references=(entity=(entity_id=entity_1026|fullname=der Canadier|gender=m)),(entity=(entity_id=entity_0782|fullname=Max Anhorst|gender=m)))
167913	getrennt		
167914	als		
167915	gute		
167916	Freunde	19459	(mention_id=19781|references=(entity=(entity_id=entity_1026|fullname=der Canadier|gender=m)),(entity=(entity_id=entity_0782|fullname=Max Anhorst|gender=m)))
167917	und		
167918	Brüder	19460	(mention_id=19782|references=(entity=(entity_id=entity_1026|fullname=der Canadier|gender=m)),(entity=(entity_id=entity_0782|fullname=Max Anhorst|gender=m)))
167919	,		
167920	aber		
167921	wir	19461	(mention_id=19783|references=(entity=(entity_id=entity_1026|fullname=der Canadier|gender=m)),(entity=(entity_id=entity_0782|fullname=Max Anhorst|gender=m)))
167922	hatten		
167923	uns	19462	(mention_id=19784|references=(entity=(entity_id=entity_1026|fullname=der Canadier|gender=m)),(entity=(entity_id=entity_0782|fullname=Max Anhorst|gender=m)))
167924	getrennt		
167925	.		
167926	Erst		
167927	heute		
167928	,		
167929	erst		
167930	hier		
167931	sah		
167932	ich	19463	(mention_id=19785|references=(entity=(entity_id=entity_1026|fullname=der Canadier|gender=m)))
167933	ihn	19464	(mention_id=19786|references=(entity=(entity_id=entity_0782|fullname=Max Anhorst|gender=m)))
167934	nach		
167935	fünf		
167936	Jahren		
167937	zum		
167938	ersten-		
167939	und		
167940	letztenmal		
167941	wieder		
167942	.		
167943	Hier		
167944	landete		
167945	ich	19465	(mention_id=19787|references=(entity=(entity_id=entity_1026|fullname=der Canadier|gender=m)))
167946	,		
167947	dort		
167948	zog		
167949	ich	19466	(mention_id=19788|references=(entity=(entity_id=entity_1026|fullname=der Canadier|gender=m)))
167950	mein	19467	(mention_id=19789|references=(entity=(entity_id=entity_1026|fullname=der Canadier|gender=m)))
167951	Canoe		
167952	in's		
167953	Dickicht		
167954	,		
167955	wo		
167956	ich	19468	(mention_id=19790|references=(entity=(entity_id=entity_1026|fullname=der Canadier|gender=m)))
167957	es		
167958	,		
167959	von		
167960	New-Orleans		
167961	retour		
167962	,		
167963	regelmäßig		
167964	wieder		
167965	zu		
167966	finden		
167967	pflege		
167968	,		
167969	und		
167970	so		
167971	war		
167972	Alles		
167973	gut		
167974	für		
167975	diesmal		
167976	,		
167977	dacht'		
167978	ich	19469	(mention_id=19791|references=(entity=(entity_id=entity_1026|fullname=der Canadier|gender=m)))
167979	.		
167980	Stehenden		
167981	Fußes		
167982	sollte		
167983	es		
167984	nun		
167985	weiter		
167986	gehen		
167987	nach		
167988	dem		
167989	Ohio		
167990	.		
167991	Ein		
167992	paar		
167993	hundert		
167994	Schritte		
167995	von		
167996	hier		
167997	kenn'		
167998	ich	19470	(mention_id=19792|references=(entity=(entity_id=entity_1026|fullname=der Canadier|gender=m)))
167999	eine		
168000	der		
168001	besten		
168002	Waldpassagen		
168003	,		
168004	dahinab		
168005	marschirte		
168006	ich	19471	(mention_id=19793|references=(entity=(entity_id=entity_1026|fullname=der Canadier|gender=m)))
168007	längs		
168008	dem		
168009	Seeufer		
168010	.		
168011	Nun		
168012	,		
168013	was		
168014	soll		
168015	ich	19472	(mention_id=19794|references=(entity=(entity_id=entity_1026|fullname=der Canadier|gender=m)))
168016	finden		
168017	unter		
168018	wegs		
168019	dieser		
168020	détour		
168021	?		
168022	Eine		
168023	Leiche		
168024	am		
168025	Strande		
168026	.		
168027	Und		
168028	wer		
168029	soll		
168030	diese		
168031	Leiche	19473	
168032	sein		
168033	?		
168034	Mein	19474	(mention_id=19795|references=(entity=(entity_id=entity_1026|fullname=der Canadier|gender=m)))
168035	alter		
168036	Gaul	19475	(mention_id=19796|references=(entity=(entity_id=entity_0782|fullname=Max Anhorst|gender=m)|specialcase_reference=figurative))
168037	,		
168038	Au	19476	(mention_id=19797|references=(entity=(entity_id=entity_0782|fullname=Max Anhorst|gender=m)))
168039	Reste	19476	(mention_id=19797|references=(entity=(entity_id=entity_0782|fullname=Max Anhorst|gender=m)))
168040	,		
168041	der		
168042	arme		
168043	brave		
168044	Narr	19477	(mention_id=19798|references=(entity=(entity_id=entity_0782|fullname=Max Anhorst|gender=m)))
168045	!		
168046	Zwar		
168047	Leiche		
168048	war		
168049	er	19478	(mention_id=19799|references=(entity=(entity_id=entity_0782|fullname=Max Anhorst|gender=m)))
168050	noch		
168051	nicht		
168052	.		
168053	Der		
168054	See		
168055	hatte		
168056	ihn	19479	(mention_id=19800|references=(entity=(entity_id=entity_0782|fullname=Max Anhorst|gender=m)))
168057	besinnungslos		
168058	an's		
168059	Ufer		
168060	geworfen		
168061	und		
168062	was		
168063	solch		
168064	eine		
168065	blinde		
168066	,		
168067	dumme		
168068	Welle		
168069	vermag		
168070	,		
168071	das		
168072	war		
168073	hier		
168074	geschehen		
168075	.		
168076	Sie		
168077	hatte		
168078	ihn	19480	(mention_id=19801|references=(entity=(entity_id=entity_0782|fullname=Max Anhorst|gender=m)))
168079	anstatt		
168080	in's		
168081	weiche		
168082	Gras		
168083	,		
168084	gegen		
168085	einen		
168086	verdammten		
168087	alten		
168088	Eichknorren		
168089	geschnellt		
168090	,		
168091	der		
168092	in		
168093	der		
168094	lieben		
168095	weiten		
168096	Welt		
168097	just		
168098	auch		
168099	dort		
168100	seinen		
168101	einfältigen		
168102	Stamm		
168103	vorhangen		
168104	ließ		
168105	.		
168106	Das		
168107	Gehirn		
168108	war		
168109	erschüttert		
168110	,		
168111	wie		
168112	es		
168113	ein		
168114	Büffelschädel		
168115	vielleicht		
168116	eben		
168117	noch		
168118	verknus't		
168119	hätte		
168120	,		
168121	aber		
168122	hier		
168123	war's		
168124	genug		
168125	zum		
168126	letzten		
168127	Datum		
168128	.		
168129	Wagh		
168130	!		
168131	Sturzwellen		
168132	und		
168133	Eichkloben		
168134	verstehen		
168135	sich		
168136	schlecht		
168137	auf		
168138	gute		
168139	Manieren		
168140	;		
168141	hätt'		
168142	ich	19481	(mention_id=19802|references=(entity=(entity_id=entity_1026|fullname=der Canadier|gender=m)))
168143	nur		
168144	den		
168145	verdammten		
168146	Yankee		(mention_id=19803|references=(entity=(entity_id=entity_1040|fullname=Kapitän|gender=m)))
168147	vor		
168148	meiner	19482	(mention_id=19804|references=(entity=(entity_id=entity_1026|fullname=der Canadier|gender=m)))
168149	Rifle		
168150	,		
168151	den		
168152	Hund		
168153	von		
168154	einem		
168155	Kapitän	19483	(mention_id=19805|references=(entity=(entity_id=entity_1040|fullname=Kapitän|gender=m)))
168156	!		
168157	Das		
168158	Schiff		
168159	konnte		
168160	sich		
168161	noch		
168162	ganz		
168163	gut		
168164	retten		
168165	.		
168166	Es		
168167	war		
168168	von		
168169	Detroit		
168170	nach		
168171	Stadt		
168172	Erie		
168173	in		
168174	Ladung		
168175	und		
168176	hatte		
168177	das		
168178	Unglück		
168179	heut		
168180	Nacht		
168181	im		
168182	Nebel		
168183	gegen		
168184	einen		
168185	Propellor		
168186	zu		
168187	stoßen		
168188	,		
168189	welcher		
168190	in		
168191	der		
168192	entgegengesetzten		
168193	Richtung		
168194	kam		
168195	.		
168196	Die		
168197	zwei		
168198	Waschbären		
168199	von		
168200	Kapitäns	19484	(mention_id=19806|references=(entity=(entity_id=entity_1039|fullname=Kapitäne|gender=m|members=entity_1040|all_members_given=False|specialcase_entity=group)))
168201	fuhren		
168202	beide		
168203	mit		
168204	ihrer		
168205	vollen		
168206	Maschinenkraft		
168207	trotz		
168208	Nacht		
168209	und		
168210	Nebel		
168211	;		
168212	Au	19485	(mention_id=19807|references=(entity=(entity_id=entity_0782|fullname=Max Anhorst|gender=m)))
168213	Reste's	19485	(mention_id=19807|references=(entity=(entity_id=entity_0782|fullname=Max Anhorst|gender=m)))
168214	seiner	19486	(mention_id=19808|references=(entity=(entity_id=entity_0782|fullname=Max Anhorst|gender=m)))
168215	hatte		
168216	überdies		
168217	noch		
168218	versäumt		
168219	,		
168220	die		
168221	Warnungsglocke		
168222	anschlagen		
168223	zu		
168224	lassen		
168225	.		
168226	'Sind		
168227	Niggers	19487	(mention_id=19809|references=(entity=(entity_id=generic_5627|fullname=generic_1972|gender=u|specialcase_entity=generic)),(entity=(entity_id=entity_1039|fullname=Kapitäne|gender=m|members=entity_1040|all_members_given=False|specialcase_entity=group)))
168228	diese		
168229	Yankees		(mention_id=19810|references=(entity=(entity_id=generic_5628|fullname=generic_1973|gender=u|specialcase_entity=generic)),(entity=(entity_id=entity_1039|fullname=Kapitäne|gender=m|members=entity_1040|all_members_given=False|specialcase_entity=group)))
168230	schwören		
168231	Sie	19488	(mention_id=19811|references=(entity=(entity_id=entity_0001|fullname=Dr. Moorfeld|gender=m)))
168232	drauf		
168233	,		
168234	Monsieur	19489	(mention_id=19812|references=(entity=(entity_id=entity_0001|fullname=Dr. Moorfeld|gender=m)))
168235	.		
168236	Eh		
168237	bien		
168238	,		
168239	sie	19490	
168240	stießen		
168241	zusammen		
168242	.		
168243	Beide	19491	(mention_id=19813|references=(entity=(entity_id=entity_1039|fullname=Kapitäne|gender=m|members=entity_1040|all_members_given=False|specialcase_entity=group)))
168244	im		
168245	vollen		
168246	Gange		
168247	,		
168248	wie		
168249	ich	19492	(mention_id=19814|references=(entity=(entity_id=entity_1026|fullname=der Canadier|gender=m)))
168250	sage		
168251	.		
168252	Der		
168253	Choc		
168254	kann		
168255	nicht		
168256	sanft		
168257	gewesen		
168258	sein		
168259	.		
168260	Nun		
168261	,		
168262	sollen		
168263	Sie	19493	(mention_id=19815|references=(entity=(entity_id=entity_0001|fullname=Dr. Moorfeld|gender=m)))
168264	sagen		
168265	,		
168266	ob		
168267	die		
168268	Yankees		(mention_id=19816|references=(entity=(entity_id=entity_1039|fullname=Kapitäne|gender=m|members=entity_1040|all_members_given=False|specialcase_entity=group)),(entity=(entity_id=generic_5629|fullname=generic_1974|gender=u|specialcase_entity=generic)))
168269	verdammte		
168270	Seehunde		
168271	sind		
168272	.		
168273	Unmittelbar		
168274	nach		
168275	dem		
168276	Zusammenstoß		
168277	setzt		
168278	der		
168279	Propellor		
168280	seinen		
168281	Weg		
168282	fort		
168283	,		
168284	ohne		
168285	sich		
168286	um		
168287	den		
168288	Zustand		
168289	des		
168290	andern		
168291	Dampfers		
168292	nur		
168293	im		
168294	Mindesten		
168295	zu		
168296	bekümmern		
168297	.		
168298	Dieser		
168299	aber		
168300	bekümmert		
168301	sich		
168302	auch		
168303	um		
168304	sich		
168305	selbst		
168306	nicht		
168307	.		
168308	Der		
168309	Kapitän	19494	(mention_id=19817|references=(entity=(entity_id=entity_1040|fullname=Kapitän|gender=m)))
168310	läßt		
168311	dem		
168312	Leck		
168313	kaum		
168314	nachsehen		
168315	,		
168316	schlägt		
168317	ihn		(mention_id=19818|references=(entity=(entity_id=entity_1040|fullname=Kapitän|gender=m)))
168318	gering		
168319	an		
168320	,		
168321	und		
168322	will		
168323	so		
168324	wie		
168325	er		(mention_id=19819|references=(entity=(entity_id=entity_1040|fullname=Kapitän|gender=m)))
168326	ist		
168327	Stadt		
168328	Erie		
168329	noch		
168330	erreichen		
168331	.		
168332	Go		
168333	ahead		
168334	!		
168335	sagen		
168336	diese		
168337	Niggers	19495	(mention_id=19820|references=(entity=(entity_id=entity_1039|fullname=Kapitäne|gender=m|members=entity_1040|all_members_given=False|specialcase_entity=group)),(entity=(entity_id=generic_5630|fullname=generic_1975|gender=u|specialcase_entity=generic)))
168338	,		
168339	und		
168340	der		
168341	Mensch	19496	(mention_id=19821|references=(entity=(entity_id=generic_5631|fullname=generic_1976|gender=u|specialcase_entity=generic)))
168342	gilt		
168343	nichts		
168344	,		
168345	die		
168346	Waare		
168347	Alles		
168348	unter		
168349	der		
168350	verdammten		
168351	Devise		
168352	.		
168353	Enfin		
168354	,		
168355	das		
168356	Schiff		
168357	sinkt		
168358	,		
168359	als		
168360	es		
168361	beizulegen		
168362	schon		
168363	zu		
168364	spät		
168365	war		
168366	,		
168367	im		
168368	Nu		
168369	sind		
168370	die		
168371	Lichter		
168372	aus		
168373	,		
168374	Maschin		
168375	Heitzung		
168376	gelöscht		
168377	,		
168378	und		
168379	—		
168380	ein		
168381	Schelm		
168382	will		
168383	ich	19497	(mention_id=19822|references=(entity=(entity_id=entity_1026|fullname=der Canadier|gender=m)))
168384	sein		
168385	,		
168386	wenn		
168387	ich	19498	(mention_id=19823|references=(entity=(entity_id=entity_1026|fullname=der Canadier|gender=m)))
168388	ein		
168389	Wort		
168390	nur		
168391	verstanden		
168392	,		
168393	was		
168394	Au		(mention_id=19824|references=(entity=(entity_id=entity_0782|fullname=Max Anhorst|gender=m)))
168395	Reste		(mention_id=19824|references=(entity=(entity_id=entity_0782|fullname=Max Anhorst|gender=m)))
168396	noch		
168397	weiter		
168398	röchelte		
168399	.		
168400	Nehmt		
168401	diese		
168402	Brieftasche		
168403	,		
168404	alter		
168405	Gaul	19499	(mention_id=19825|references=(entity=(entity_id=entity_1026|fullname=der Canadier|gender=m)))
168406	,		
168407	schrie		
168408	er	19500	(mention_id=19826|references=(entity=(entity_id=entity_0782|fullname=Max Anhorst|gender=m)))
168409	mit		
168410	seinem	19501	(mention_id=19827|references=(entity=(entity_id=entity_0782|fullname=Max Anhorst|gender=m)))
168411	letzten		
168412	Funken		
168413	,		
168414	und		
168415	merkt		
168416	aus		
168417	den		
168418	Namen		
168419	,		
168420	Freund	19502	(mention_id=19828|references=(entity=(entity_id=entity_1026|fullname=der Canadier|gender=m)|specialcase_reference=figurative))
168421	Leichtfuß	19502	(mention_id=19828|references=(entity=(entity_id=entity_1026|fullname=der Canadier|gender=m)|specialcase_reference=figurative))
168422	:		
168423	sie		
168424	soll		
168425	für		
168426	Doctor	19503	(mention_id=19829|references=(entity=(entity_id=entity_0001|fullname=Dr. Moorfeld|gender=m)))
168427	Moorfeld	19503	(mention_id=19829|references=(entity=(entity_id=entity_0001|fullname=Dr. Moorfeld|gender=m)))
168428	bei		
168429	Neu		
168430	Lisbon		
168431	,		
168432	der	19504	(mention_id=19830|references=(entity=(entity_id=entity_0001|fullname=Dr. Moorfeld|gender=m)))
168433	hat		
168434	ein		
168435	Recht		
168436	daran		
168437	.		
168438	Moorfeld	19505	(mention_id=19831|references=(entity=(entity_id=entity_0001|fullname=Dr. Moorfeld|gender=m)))
168439	sah		
168440	das		
168441	Gesicht		
168442	einer		
168443	Meduse	19506	
168444	.		
168445	Anhorst		(mention_id=19832|references=(entity=(entity_id=entity_0782|fullname=Max Anhorst|gender=m)))
168446	!		
168447	schrie		
168448	er	19507	(mention_id=19833|references=(entity=(entity_id=entity_0001|fullname=Dr. Moorfeld|gender=m)))
168449	außer		
168450	sich	19508	(mention_id=19834|references=(entity=(entity_id=entity_0001|fullname=Dr. Moorfeld|gender=m)))
168451	.		
168452	C'est		
168453	juste		
168454	!		
168455	Das		
168456	war		
168457	sein	19509	(mention_id=19835|references=(entity=(entity_id=entity_0782|fullname=Max Anhorst|gender=m)))
168458	Name		
168459	.		
168460	Mon		
168461	Dieu		
168462	,		
168463	un		
168464	nome		
168465	très		
168466	difficile		
168467	;		
168468	die		
168469	Yankees		(mention_id=19836|references=(entity=(entity_id=generic_5632|fullname=generic_1977|gender=u|specialcase_entity=generic)))
168470	verhunzten		
168471	ihn	19510	(mention_id=19837|references=(entity=(entity_id=entity_0782|fullname=Max Anhorst|gender=m)))
168472	,		
168473	Gott		(mention_id=19838|references=(entity=(entity_id=entity_0092|fullname=Gott|gender=u)))
168474	verdamme		
168475	sie		
168476	;		
168477	und		
168478	ich	19511	(mention_id=19839|references=(entity=(entity_id=entity_1026|fullname=der Canadier|gender=m)))
168479	prononcirte		
168480	Anorest		(mention_id=19840|references=(entity=(entity_id=entity_0782|fullname=Max Anhorst|gender=m)))
168481	—		
168482	Orest		(mention_id=19841|references=(entity=(entity_id=entity_0782|fullname=Max Anhorst|gender=m)))
168483	und		
168484	zuletzt		
168485	Au	19512	(mention_id=19842|references=(entity=(entity_id=entity_0782|fullname=Max Anhorst|gender=m)))
168486	Reste		(mention_id=19842|references=(entity=(entity_id=entity_0782|fullname=Max Anhorst|gender=m)))
168487	,		
168488	denn		
168489	wahrlich		
168490	er	19513	(mention_id=19843|references=(entity=(entity_id=entity_0782|fullname=Max Anhorst|gender=m)))
168491	war		
168492	arrivé		
168493	au		
168494	reste		
168495	,		
168496	als		
168497	er	19514	(mention_id=19844|references=(entity=(entity_id=entity_0782|fullname=Max Anhorst|gender=m)))
168498	zu		
168499	den		
168500	Trappers	19515	(mention_id=19845|references=(entity=(entity_id=entity_1048|fullname=Trapper|gender=m|specialcase_entity=group)))
168501	kam		
168502	.		
168503	Aber		
168504	kannten		
168505	Sie	19516	(mention_id=19846|references=(entity=(entity_id=entity_0001|fullname=Dr. Moorfeld|gender=m)))
168506	ihn	19517	(mention_id=19847|references=(entity=(entity_id=entity_0782|fullname=Max Anhorst|gender=m)))
168507	,		
168508	Monsieur	19518	(mention_id=19848|references=(entity=(entity_id=entity_0001|fullname=Dr. Moorfeld|gender=m)))
168509	?		
