i	token	mention	gold
85567	Ja		
85568	,		
85569	ja		
85570	,		
85571	unsre	10055	(mention_id=10155|references=(entity=(entity_id=entity_0510|fullname=Mr. Woods Schwager|gender=m)),(entity=(entity_id=entity_0512|fullname=Mr. Woods Schwiegersohn|gender=m)),(entity=(entity_id=generic_3999|fullname=generic_0344|gender=u|specialcase_entity=generic)))
85572	Schulen		
85573	!		
85574	das		
85575	ist'		
85576	s.		
85577	Welche		
85578	Nation		(mention_id=10156|references=(entity=(entity_id=generic_4000|fullname=generic_0345|gender=u|specialcase_entity=generic)))
85579	der		
85580	Welt		
85581	thut		
85582	so		
85583	viel		
85584	für		
85585	sie		
85586	wie		
85587	wir	10056	(mention_id=10157|references=(entity=(entity_id=entity_0512|fullname=Mr. Woods Schwiegersohn|gender=m)),(entity=(entity_id=entity_0510|fullname=Mr. Woods Schwager|gender=m)),(entity=(entity_id=generic_4001|fullname=generic_0346|gender=u|specialcase_entity=generic)))
85588	?		
85589	Unsre	10057	(mention_id=10158|references=(entity=(entity_id=entity_0510|fullname=Mr. Woods Schwager|gender=m)),(entity=(entity_id=entity_0512|fullname=Mr. Woods Schwiegersohn|gender=m)),(entity=(entity_id=generic_4002|fullname=generic_0347|gender=u|specialcase_entity=generic)))
85590	Schulen		
85591	mehren		
85592	sich		
85593	täglich		
85594	,		
85595	und		
85596	mit		
85597	ihnen		
85598	wächst		
85599	stündlich		
85600	die		
85601	Hoffnung		
85602	—		
85603	Unsre	10058	(mention_id=10159|references=(entity=(entity_id=entity_0508|fullname=Doctor Channing|gender=m)),(entity=(entity_id=generic_4003|fullname=generic_0348|gender=u|specialcase_entity=generic)),(entity=(entity_id=entity_0510|fullname=Mr. Woods Schwager|gender=m)),(entity=(entity_id=entity_0512|fullname=Mr. Woods Schwiegersohn|gender=m)))
85604	Schulen		
85605	mehren		
85606	sich		
85607	täglich		
85608	,		
85609	antwortete		
85610	Doctor	10059	(mention_id=10160|references=(entity=(entity_id=entity_0508|fullname=Doctor Channing|gender=m)))
85611	Channing	10059	(mention_id=10160|references=(entity=(entity_id=entity_0508|fullname=Doctor Channing|gender=m)))
85612	gelassen		
85613	,		
85614	aber		
85615	mehrt		
85616	sich		
85617	der		
85618	Geist		
85619	,		
85620	den		
85621	unsre	10060	(mention_id=10161|references=(entity=(entity_id=entity_0508|fullname=Doctor Channing|gender=m)),(entity=(entity_id=entity_0510|fullname=Mr. Woods Schwager|gender=m)),(entity=(entity_id=entity_0512|fullname=Mr. Woods Schwiegersohn|gender=m)),(entity=(entity_id=generic_4004|fullname=generic_0349|gender=u|specialcase_entity=generic)))
85622	Schulen		
85623	zu		
85624	überliefern		
85625	haben		
85626	?		
85627	Wie		
85628	wird		
85629	der		
85630	junge		
85631	Amerikaner	10061	(mention_id=10162|references=(entity=(entity_id=generic_4005|fullname=generic_0350|gender=u|specialcase_entity=generic)))
85632	erzogen		
85633	?		
85634	fragen		
85635	wir	10062	(mention_id=10163|references=(entity=(entity_id=entity_0510|fullname=Mr. Woods Schwager|gender=m)),(entity=(entity_id=entity_0512|fullname=Mr. Woods Schwiegersohn|gender=m)),(entity=(entity_id=entity_0508|fullname=Doctor Channing|gender=m)))
85636	uns	10063	(mention_id=10164|references=(entity=(entity_id=entity_0510|fullname=Mr. Woods Schwager|gender=m)),(entity=(entity_id=entity_0512|fullname=Mr. Woods Schwiegersohn|gender=m)),(entity=(entity_id=entity_0508|fullname=Doctor Channing|gender=m)))
85637	vor		
85638	Allem		
85639	das		
85640	,		
85641	meine	10064	(mention_id=10165|references=(entity=(entity_id=entity_0508|fullname=Doctor Channing|gender=m)))
85642	Herren	10065	(mention_id=10166|references=(entity=(entity_id=entity_0510|fullname=Mr. Woods Schwager|gender=m)),(entity=(entity_id=entity_0512|fullname=Mr. Woods Schwiegersohn|gender=m)))
85643	.		
85644	Der		
85645	Geist		
85646	unsrer	10066	(mention_id=10167|references=(entity=(entity_id=entity_0510|fullname=Mr. Woods Schwager|gender=m)),(entity=(entity_id=entity_0512|fullname=Mr. Woods Schwiegersohn|gender=m)),(entity=(entity_id=entity_0508|fullname=Doctor Channing|gender=m)),(entity=(entity_id=generic_4006|fullname=generic_0351|gender=u|specialcase_entity=generic)))
85647	Pädagogik		
85648	ist		
85649	nicht		
85650	der		
85651	,		
85652	Menschen	10067	(mention_id=10168|references=(entity=(entity_id=generic_4007|fullname=generic_0352|gender=u|specialcase_entity=generic)))
85653	zu		
85654	bilden		
85655	,		
85656	sondern		
85657	Rechenmaschinen		(mention_id=10169|references=(entity=(entity_id=generic_4008|fullname=generic_0353|gender=u|specialcase_entity=generic)|specialcase_reference=figurative))
85658	zu		
85659	machen		
85660	.		
85661	Der		
85662	Amerikaner	10068	(mention_id=10170|references=(entity=(entity_id=generic_4009|fullname=generic_0354|gender=u|specialcase_entity=generic)))
85663	soll		
85664	baldmöglichst		
85665	ein		
85666	Dollar		
85667	erzeugendes		
85668	Automat		(mention_id=10171|references=(entity=(entity_id=generic_4010|fullname=generic_0355|gender=u|specialcase_entity=generic)|specialcase_reference=figurative))
85669	werden		
85670	,		
85671	das		
85672	allein		
85673	ist's		
85674	,		
85675	wofür		
85676	die		
85677	Schule		
85678	zu		
85679	sorgen		
85680	hat		
85681	.		
85682	Für		
85683	sein	10069	(mention_id=10172|references=(entity=(entity_id=generic_4011|fullname=generic_0356|gender=u|specialcase_entity=generic)))
85684	warmes		
85685	,		
85686	aufquellendes		
85687	Menschenherz		
85688	kümmert		
85689	sich		
85690	kein		
85691	gemietheter		
85692	Lehrer	10070	(mention_id=10173|references=(entity=(entity_id=generic_4012|fullname=generic_0357|gender=u|specialcase_entity=generic)))
85693	,		
85694	der	10071	(mention_id=10174|references=(entity=(entity_id=generic_4013|fullname=generic_0358|gender=u|specialcase_entity=generic)))
85695	ja		
85696	selbst		
85697	nur		
85698	Dollars		
85699	erzeugt		
85700	aus		
85701	dem		
85702	menschlichen		
85703	Rohstoff		
85704	seines	10072	(mention_id=10175|references=(entity=(entity_id=generic_4014|fullname=generic_0359|gender=u|specialcase_entity=generic)))
85705	Schülers	10073	(mention_id=10176|references=(entity=(entity_id=generic_4015|fullname=generic_0360|gender=u|specialcase_entity=generic)))
85706	.		
85707	Eine		
85708	zartere		
85709	Vorsorge		
85710	findet		
85711	der		
85712	Amerikaner	10074	(mention_id=10177|references=(entity=(entity_id=generic_4016|fullname=generic_0361|gender=u|specialcase_entity=generic)))
85713	eigentlich		
85714	nur		
85715	in		
85716	seiner	10075	(mention_id=10178|references=(entity=(entity_id=generic_4017|fullname=generic_0362|gender=u|specialcase_entity=generic)))
85717	frühesten		
85718	Kindheit		
85719	;		
85720	da		
85721	aber		
85722	allerdings		
85723	mehr		
85724	als		
85725	bei		
85726	jedem		
85727	andern		
85728	Volke	10076	(mention_id=10179|references=(entity=(entity_id=generic_4018|fullname=generic_0363|gender=u|specialcase_entity=generic)))
85729	.		
85730	Die		
85731	Mühe		
85732	und		
85733	Sorgfalt		
85734	,		
85735	die		
85736	auf		
85737	die		
85738	Wartung		
85739	und		
85740	Ausschmückung		
85741	unsrer	10077	(mention_id=10180|references=(entity=(entity_id=entity_0508|fullname=Doctor Channing|gender=m)),(entity=(entity_id=entity_0510|fullname=Mr. Woods Schwager|gender=m)),(entity=(entity_id=entity_0512|fullname=Mr. Woods Schwiegersohn|gender=m)),(entity=(entity_id=generic_4019|fullname=generic_0364|gender=u|specialcase_entity=generic)))
85742	Kinder	10078	(mention_id=10181|references=(entity=(entity_id=generic_4020|fullname=generic_0365|gender=u|specialcase_entity=generic)))
85743	verwendet		
85744	wird		
85745	,		
85746	ist		
85747	in		
85748	der		
85749	That		
85750	groß		
85751	genug		
85752	,		
85753	den		
85754	reichsten		
85755	Mann	10079	(mention_id=10182|references=(entity=(entity_id=generic_4021|fullname=generic_0366|gender=u|specialcase_entity=generic)))
85756	arm		
85757	zu		
85758	machen		
85759	,		
85760	wenn		
85761	ihm	10080	(mention_id=10183|references=(entity=(entity_id=generic_4022|fullname=generic_0367|gender=u|specialcase_entity=generic)))
85762	der		
85763	Himmel		
85764	der		
85765	Nachkommen	10081	(mention_id=10184|references=(entity=(entity_id=generic_4023|fullname=generic_0368|gender=u|specialcase_entity=generic)))
85766	Viele		(mention_id=10185|references=(entity=(entity_id=generic_4024|fullname=generic_0369|gender=u|specialcase_entity=generic)))
85767	beschert		
85768	.		
85769	Die		
85770	weichlichste		
85771	Pflege		
85772	entkräftet		
85773	frühzeitig		
85774	den		
85775	Körper		
85776	,		
85777	die		
85778	Fütterung		
85779	mit		
85780	süßen		
85781	und		
85782	starkgewürzten		
85783	Sachen		
85784	verdirbt		
85785	den		
85786	natürlichen		
85787	Geschmack		
85788	,		
85789	die		
85790	Stubenerziehung		
85791	und		
85792	Verhätschelung		
85793	erstickt		
85794	den		
85795	derben		
85796	Kern		
85797	der		
85798	Gesundheit		
85799	.		
85800	Freilich		
85801	sind		
85802	unsre	10082	(mention_id=10186|references=(entity=(entity_id=entity_0508|fullname=Doctor Channing|gender=m)),(entity=(entity_id=generic_4025|fullname=generic_0370|gender=u|specialcase_entity=generic)),(entity=(entity_id=entity_0510|fullname=Mr. Woods Schwager|gender=m)),(entity=(entity_id=entity_0512|fullname=Mr. Woods Schwiegersohn|gender=m)))
85803	Kinder	10083	(mention_id=10187|references=(entity=(entity_id=generic_4026|fullname=generic_0371|gender=u|specialcase_entity=generic)))
85804	dafür		
85805	wahre		
85806	Modells	10084	
85807	von		
85808	Engeln	10085	(mention_id=10188|references=(entity=(entity_id=generic_4027|fullname=generic_0372|gender=u|specialcase_entity=generic)))
85809	,		
85810	und		
85811	ich	10086	(mention_id=10189|references=(entity=(entity_id=entity_0508|fullname=Doctor Channing|gender=m)))
85812	gebe		
85813	gerne		
85814	zu		
85815	,		
85816	es		
85817	sei		
85818	kein		
85819	holderer		
85820	Anblick		
85821	in		
85822	der		
85823	Welt		
85824	als		
85825	ein		
85826	amerikanisches		
85827	Baby		(mention_id=10190|references=(entity=(entity_id=generic_4028|fullname=generic_0373|gender=u|specialcase_entity=generic)))
85828	.		
85829	Trauriger		
85830	Ruhm		
85831	,		
85832	daß		
85833	wir	10087	(mention_id=10191|references=(entity=(entity_id=entity_0508|fullname=Doctor Channing|gender=m)),(entity=(entity_id=generic_4029|fullname=generic_0374|gender=u|specialcase_entity=generic)),(entity=(entity_id=entity_0510|fullname=Mr. Woods Schwager|gender=m)),(entity=(entity_id=entity_0512|fullname=Mr. Woods Schwiegersohn|gender=m)))
85834	die		
85835	schönsten		
85836	Puppen	10088	(mention_id=10192|references=(entity=(entity_id=generic_4030|fullname=generic_0375|gender=u|specialcase_entity=generic)))
85837	erziehen		
85838	,		
85839	zu		
85840	unschönen		
85841	Menschen	10089	(mention_id=10193|references=(entity=(entity_id=generic_4031|fullname=generic_0376|gender=u|specialcase_entity=generic)))
85842	.		
85843	Denn		
85844	kaum		
85845	vermag		
85846	nun		
85847	das		
85848	Kleine		
85849	Händchen		
85850	und		
85851	Füßchen		
85852	zu		
85853	regen		
85854	,		
85855	so		
85856	läßt		
85857	man		(mention_id=10194|references=(entity=(entity_id=generic_4032|fullname=generic_0377|gender=u|specialcase_entity=generic)))
85858	diesen		
85859	zarten		
85860	Spiegel		
85861	der		
85862	Volkssouverainetät		
85863	bereits		
85864	nach		
85865	Herzenslust		
85866	schalten		
85867	und		
85868	walten		
85869	.		
85870	Wo		
85871	sich		
85872	Trotz		
85873	,		
85874	Muthwillen		
85875	,		
85876	Starrsinn		
85877	und		
85878	Hang		
85879	zur		
85880	Widersetzlichkeit		
85881	kund		
85882	gibt		
85883	,		
85884	wird		
85885	sie		
85886	mit		
85887	Freude		
85888	begrüßt		
85889	,		
85890	als		
85891	ein		
85892	Zeichen		
85893	künftiger		
85894	Mannestüchtigkeit		
85895	.		
85896	Die		
85897	Kinder	10090	(mention_id=10195|references=(entity=(entity_id=generic_4033|fullname=generic_0378|gender=u|specialcase_entity=generic)))
85898	üben		
85899	vollkommene		
85900	Ueberlegenheit		
85901	gegen		
85902	ihre	10091	(mention_id=10196|references=(entity=(entity_id=generic_4034|fullname=generic_0379|gender=u|specialcase_entity=generic)))
85903	Eltern	10092	(mention_id=10197|references=(entity=(entity_id=generic_4035|fullname=generic_0380|gender=u|specialcase_entity=generic)))
85904	.		
85905	In		
85906	die		
85907	erste		
85908	Schule		
85909	kommen		
85910	sie	10093	(mention_id=10198|references=(entity=(entity_id=generic_4036|fullname=generic_0381|gender=u|specialcase_entity=generic)))
85911	schon		
85912	als		
85913	unbeugsame		
85914	Republikaner-Gamins	10094	(mention_id=10199|references=(entity=(entity_id=generic_4037|fullname=generic_0382|gender=u|specialcase_entity=generic)))
85915	,		
85916	und		
85917	die		
85918	Lust		
85919	,		
85920	nach		
85921	ihren	10095	(mention_id=10200|references=(entity=(entity_id=generic_4038|fullname=generic_0383|gender=u|specialcase_entity=generic)))
85922	Einfällen		
85923	ihre	10096	(mention_id=10201|references=(entity=(entity_id=generic_4039|fullname=generic_0384|gender=u|specialcase_entity=generic)))
85924	Kraft		
85925	zu		
85926	versuchen		
85927	,		
85928	wächst		
85929	mit		
85930	jedem		
85931	Tage		
85932	.		
85933	Sie	10097	(mention_id=10202|references=(entity=(entity_id=generic_4040|fullname=generic_0385|gender=u|specialcase_entity=generic)))
85934	lernen		
85935	bereits		
85936	nach		
85937	ihrem	10098	(mention_id=10203|references=(entity=(entity_id=generic_4041|fullname=generic_0386|gender=u|specialcase_entity=generic)))
85938	Tadler		
85939	mit		
85940	Pistolen		
85941	schießen		
85942	,		
85943	und		
85944	schieben		
85945	das		
85946	erste		
85947	Primchen		
85948	Kautabak		
85949	in		
85950	den		
85951	verschlemmten		
85952	Süßmund		
85953	.		
85954	Auch		
85955	betrinken		
85956	sie	10099	(mention_id=10204|references=(entity=(entity_id=generic_4042|fullname=generic_0387|gender=u|specialcase_entity=generic)))
85957	sich	10100	(mention_id=10205|references=(entity=(entity_id=generic_4043|fullname=generic_0388|gender=u|specialcase_entity=generic)))
85958	.		
85959	Mit		
85960	dem		
85961	zwölften		
85962	Jahre		
85963	wird		
85964	der		
85965	Knabe	10101	(mention_id=10206|references=(entity=(entity_id=generic_4044|fullname=generic_0389|gender=u|specialcase_entity=generic)))
85966	in		
85967	die		
85968	höhere		
85969	Schule		
85970	geschickt		
85971	,		
85972	er	10102	(mention_id=10207|references=(entity=(entity_id=generic_4045|fullname=generic_0390|gender=u|specialcase_entity=generic)))
85973	denkt		
85974	aber		
85975	wenig		
85976	mehr		
85977	an		
85978	Schulen		
85979	,		
85980	sondern		
85981	an		
85982	Dinge		
85983	,		
85984	welche		
85985	die		
85986	Natur		
85987	sonst		
85988	nur		
85989	auf		
85990	die		
85991	Gedankenbahn		
85992	bringt		
85993	,		
85994	wenn		
85995	der		
85996	Bart		
85997	keimt		
85998	.		
85999	Sein	10103	(mention_id=10208|references=(entity=(entity_id=generic_4046|fullname=generic_0391|gender=u|specialcase_entity=generic)))
86000	Griechisch		
86001	und		
86002	Latein		
86003	,		
86004	seine	10104	(mention_id=10209|references=(entity=(entity_id=generic_4047|fullname=generic_0392|gender=u|specialcase_entity=generic)))
86005	Physik		
86006	und		
86007	Mathematik		
86008	und		
86009	endlich		
86010	jene		
86011	banausische		
86012	Mischung		
86013	von		
86014	Denk-		
86015	und		
86016	Naturgesetzen		
86017	,		
86018	Sittenlehren		
86019	und		
86020	Geschichts-Anekdoten		
86021	,		
86022	welche		
86023	man		
86024	Philosophie		
86025	nennt		
86026	—		
86027	das		
86028	Alles		
86029	nimmt		
86030	ihm	10105	(mention_id=10210|references=(entity=(entity_id=generic_4048|fullname=generic_0393|gender=u|specialcase_entity=generic)))
86031	nur		
86032	vier		
86033	,		
86034	oft		
86035	nur		
86036	zwei		
86037	Jahre		
86038	weg		
86039	.		
86040	Von		
86041	einer		
86042	tieferen		
86043	classischen		
86044	Bildung		
86045	,		
86046	welche		
86047	dem		
86048	Jüngling	10106	(mention_id=10211|references=(entity=(entity_id=generic_4049|fullname=generic_0394|gender=u|specialcase_entity=generic)))
86049	die		
86050	geistigen		
86051	Besitzthümer		
86052	der		
86053	Menschheit		(mention_id=10212|references=(entity=(entity_id=generic_4050|fullname=generic_0395|gender=u|specialcase_entity=generic)))
86054	alter		
86055	und		
86056	neuer		
86057	Zeit		
86058	übermittelte		
86059	,		
86060	welche		
86061	ebenmäßig		
86062	seine	10107	(mention_id=10213|references=(entity=(entity_id=generic_4051|fullname=generic_0396|gender=u|specialcase_entity=generic)))
86063	Seele		
86064	ausbildete		
86065	und		
86066	ihm	10108	(mention_id=10214|references=(entity=(entity_id=generic_4052|fullname=generic_0397|gender=u|specialcase_entity=generic)))
86067	ein-		
86068	für		
86069	allemale		
86070	die		
86071	Gerechtigkeit		
86072	und		
86073	die		
86074	Schönheit		
86075	,		
86076	statt		
86077	die		
86078	Nützlichkeit		
86079	zum		
86080	Lebensprinzip		
86081	machte		
86082	—		
86083	von		
86084	einer		
86085	solchen		
86086	Bildung		
86087	ist		
86088	in		
86089	unsern	10109	(mention_id=10215|references=(entity=(entity_id=entity_0508|fullname=Doctor Channing|gender=m)),(entity=(entity_id=generic_4053|fullname=generic_0398|gender=u|specialcase_entity=generic)),(entity=(entity_id=entity_0510|fullname=Mr. Woods Schwager|gender=m)),(entity=(entity_id=entity_0512|fullname=Mr. Woods Schwiegersohn|gender=m)))
86090	Schulen		
86091	nicht		
86092	die		
86093	Rede		
86094	.		
86095	Es		
86096	wird		
86097	schnell		
86098	und		
86099	oberflächlich		
86100	viel		
86101	gelernt		
86102	,		
86103	der		
86104	Unterricht		
86105	in		
86106	der		
86107	Weltgeschichte		
86108	fällt		
86109	so		
86110	gut		
86111	wie		
86112	gänzlich		
86113	weg		
86114	.		
86115	Kann		
86116	der		
86117	Knabe	10110	(mention_id=10216|references=(entity=(entity_id=generic_4054|fullname=generic_0399|gender=u|specialcase_entity=generic)))
86118	nur		
86119	die		
86120	Aeußerlichkeit		
86121	,		
86122	die		
86123	Handgriffe		
86124	einer		
86125	Sprache		
86126	oder		
86127	Wissenschaft		
86128	zur		
86129	Schau		
86130	tragen		
86131	,		
86132	so		
86133	ist		
86134	man		(mention_id=10217|references=(entity=(entity_id=generic_4055|fullname=generic_0400|gender=u|specialcase_entity=generic)))
86135	sehr		
86136	zufrieden		
86137	.		
86138	Bei		
86139	den		
86140	öffentlichen		
86141	Prüfungen		
86142	ein		
86143	Stück		
86144	her		
86145	zu		
86146	übersetzen		
86147	,		
86148	darauf		
86149	allein		
86150	steuert		
86151	man		(mention_id=10218|references=(entity=(entity_id=generic_4056|fullname=generic_0401|gender=u|specialcase_entity=generic)))
86152	los		
86153	;		
86154	gerade		
86155	so		
86156	wie		
86157	der		
86158	Musiklehrer	10111	(mention_id=10219|references=(entity=(entity_id=generic_4057|fullname=generic_0402|gender=u|specialcase_entity=generic)))
86159	am		
86160	Besten		
86161	fährt		
86162	,		
86163	der	10112	(mention_id=10220|references=(entity=(entity_id=generic_4058|fullname=generic_0403|gender=u|specialcase_entity=generic)))
86164	statt		
86165	das		
86166	Verständniß		
86167	eines		
86168	mehrstimmigen		
86169	Tonsatzes		
86170	zu		
86171	lehren		
86172	,		
86173	viele		
86174	neue		
86175	und		
86176	melodische		
86177	Musikstückchen		
86178	einfingern		
86179	läßt		
86180	.		
86181	So		
86182	werden		
86183	die		
86184	Klassen		
86185	durchlaufen		
86186	,		
86187	die		
86188	Zeugnisse		
86189	darüber		
86190	in		
86191	die		
86192	Tasche		
86193	gesteckt		
86194	,		
86195	die		
86196	Schule		
86197	ist		
86198	abgethan		
86199	.		
86200	Der		
86201	junge		
86202	Mann	10113	(mention_id=10221|references=(entity=(entity_id=generic_4059|fullname=generic_0404|gender=u|specialcase_entity=generic)))
86203	,		
86204	denn		
86205	Mann	10114	(mention_id=10222|references=(entity=(entity_id=generic_4060|fullname=generic_0405|gender=u|specialcase_entity=generic)))
86206	ist		
86207	er	10115	(mention_id=10223|references=(entity=(entity_id=generic_4061|fullname=generic_0406|gender=u|specialcase_entity=generic)))
86208	nunmehr		
86209	,		
86210	und		
86211	hätte		
86212	er	10116	(mention_id=10224|references=(entity=(entity_id=generic_4062|fullname=generic_0407|gender=u|specialcase_entity=generic)))
86213	auch		
86214	das		
86215	sechszehnte		
86216	Jahr		
86217	nicht		
86218	zurückgelegt		
86219	—		
86220	der		
86221	junge		
86222	Mann	10117	(mention_id=10225|references=(entity=(entity_id=generic_4063|fullname=generic_0408|gender=u|specialcase_entity=generic)))
86223	schlendert		
86224	hierauf		
86225	eine		
86226	gute		
86227	Weile		
86228	frei		
86229	und		
86230	müssig		
86231	umher		
86232	und		
86233	nennt		
86234	das		
86235	,		
86236	die		
86237	Welt		
86238	kennen		
86239	lernen		
86240	.		
86241	Diese		
86242	Welt		
86243	sind		
86244	die		
86245	Promenaden		
86246	,		
86247	die		
86248	Austernkeller		
86249	,		
86250	die		
86251	Kegelbahnen		
86252	,		
86253	die		
86254	Theater		
86255	,		
86256	die		
86257	Matrosenkneipen		
86258	und		
86259	—		
86260	die		
86261	dritte		
86262	Avenüe		
86263	!		
86264	Aeußerst		
86265	zufrieden		
86266	mit		
86267	sich	10118	(mention_id=10226|references=(entity=(entity_id=generic_4064|fullname=generic_0409|gender=u|specialcase_entity=generic)))
86268	selbst		
86269	,		
86270	sieht		
86271	man		
86272	ihn	10119	(mention_id=10227|references=(entity=(entity_id=generic_4065|fullname=generic_0410|gender=u|specialcase_entity=generic)))
86273	durch		
86274	die		
86275	Straßen		
86276	stolziren		
86277	,		
86278	den		
86279	Mantel		
86280	malerisch		
86281	,		
86282	nämlich		
86283	für		
86284	Carricaturmaler	10120	
86285	,		
86286	um		
86287	die		
86288	Schultern		
86289	geworfen		
86290	,		
86291	den		
86292	langen		
86293	nackten		
86294	Hals		
86295	über		
86296	den		
86297	niedrigen		
86298	Hemdkragen		
86299	emporstreckend		
86300	,		
86301	das		
86302	schnell		
86303	verknöcherte		
86304	Haupt		
86305	in		
86306	einer		
86307	Tackelage		
86308	von		
86309	zottigen		
86310	Locken		
86311	.		
86312	Die		
86313	ganze		
86314	Welt		
86315	steht		
86316	ihm	10121	(mention_id=10228|references=(entity=(entity_id=generic_4066|fullname=generic_0411|gender=u|specialcase_entity=generic)))
86317	offen		
86318	,		
86319	er	10122	(mention_id=10229|references=(entity=(entity_id=generic_4067|fullname=generic_0412|gender=u|specialcase_entity=generic)))
86320	ist		
86321	Bürger	10123	(mention_id=10230|references=(entity=(entity_id=generic_4068|fullname=generic_0413|gender=u|specialcase_entity=generic)))
86322	des		
86323	freiesten		
86324	Volkes		
86325	der		
86326	Erde		
86327	.		
86328	Die		
86329	Weichheit		
86330	und		
86331	Keuschheit		
86332	,		
86333	die		
86334	Begeisterung		
86335	des		
86336	ersten		
86337	Jünglingsalters		
86338	liegt		
86339	schon		
86340	lang		
86341	hinter		
86342	ihm	10124	(mention_id=10231|references=(entity=(entity_id=generic_4069|fullname=generic_0414|gender=u|specialcase_entity=generic)))
86343	,		
86344	oder		
86345	besser		
86346	,		
86347	er	10125	(mention_id=10232|references=(entity=(entity_id=generic_4070|fullname=generic_0415|gender=u|specialcase_entity=generic)))
86348	hat		
86349	sie		
86350	nie		
86351	gekannt		
86352	.		
86353	Jetzt		
86354	steht		
86355	sein	10126	(mention_id=10233|references=(entity=(entity_id=generic_4071|fullname=generic_0416|gender=u|specialcase_entity=generic)))
86356	einziger		
86357	Ehrgeiz		
86358	darnach		
86359	,		
86360	der		
86361	Welt		
86362	zu		
86363	zeigen		
86364	,		
86365	was		
86366	er	10127	(mention_id=10234|references=(entity=(entity_id=generic_4072|fullname=generic_0417|gender=u|specialcase_entity=generic)))
86367	für		
86368	ein		
86369	Mann	10128	(mention_id=10235|references=(entity=(entity_id=generic_4073|fullname=generic_0418|gender=u|specialcase_entity=generic)))
86370	ist		
86371	.		
86372	Zu		
86373	diesem		
86374	Ende		
86375	wird		
86376	er	10129	(mention_id=10236|references=(entity=(entity_id=generic_4074|fullname=generic_0419|gender=u|specialcase_entity=generic)))
86377	Mitglied	10130	(mention_id=10237|references=(entity=(entity_id=generic_4075|fullname=generic_0420|gender=u|specialcase_entity=generic)))
86378	einer		
86379	Feuerlöschcompagnie		
86380	,		
86381	liest		
86382	die		
86383	Zeitungen		
86384	,		
86385	entscheidet		
86386	sich	10131	(mention_id=10238|references=(entity=(entity_id=generic_4076|fullname=generic_0421|gender=u|specialcase_entity=generic)))
86387	für		
86388	eine		
86389	Partei		
86390	,		
86391	und		
86392	spricht		
86393	klein		
86394	von		
86395	großen		
86396	Verdiensten		
86397	.		
86398	Aber		
86399	das		
86400	Alles		
86401	greift		
86402	ihn	10132	(mention_id=10239|references=(entity=(entity_id=generic_4077|fullname=generic_0422|gender=u|specialcase_entity=generic)))
86403	fürchterlich		
86404	an		
86405	.		
86406	Er	10133	(mention_id=10240|references=(entity=(entity_id=generic_4078|fullname=generic_0423|gender=u|specialcase_entity=generic)))
86407	muß		
86408	bereits		
86409	seine	10134	(mention_id=10241|references=(entity=(entity_id=generic_4079|fullname=generic_0424|gender=u|specialcase_entity=generic)))
86410	erste		
86411	Gesundheitsreise		
86412	machen		
86413	.		
86414	Gewiß		
86415	,		
86416	er	10135	(mention_id=10242|references=(entity=(entity_id=generic_4080|fullname=generic_0425|gender=u|specialcase_entity=generic)))
86417	muß		
86418	nach		
86419	dem		
86420	Süden		
86421	,		
86422	oder		
86423	nach		
86424	den		
86425	Rocky-Mountains		
86426	,		
86427	oder		
86428	nach		
86429	Baden-Baden		
86430	,		
86431	nach		
86432	Nizza		
86433	,		
86434	nach		
86435	Vauxhall		
86436	.		
86437	Ohne		
86438	die		
86439	letzte		
86440	Suppe		
86441	mit		
86442	der		
86443	Familie	10136	(mention_id=10243|references=(entity=(entity_id=generic_4081|fullname=generic_0426|gender=u|specialcase_entity=generic)))
86444	zu		
86445	essen		
86446	,		
86447	ohne		
86448	den		
86449	letzten		
86450	väterlichen		
86451	Gruß		
86452	,		
86453	aber		
86454	mit		
86455	desto		
86456	mehr		
86457	väterlichen		
86458	Wechseln		
86459	sitzt		
86460	er	10137	(mention_id=10244|references=(entity=(entity_id=generic_4082|fullname=generic_0427|gender=u|specialcase_entity=generic)))
86461	eines		
86462	Morgens		
86463	auf		
86464	der		
86465	Eisenbahn		
86466	,		
86467	im		
86468	Schiffe		
86469	,		
86470	und		
86471	durchstöbert		
86472	die		
86473	Erde		
86474	,		
86475	so		
86476	weit		
86477	der		
86478	letzte		
86479	Cent		
86480	reicht		
86481	.		
86482	Man		
86483	könnte		
86484	dies		
86485	Schwärmen		
86486	dichterisch		
86487	nennen		
86488	,		
86489	wäre		
86490	nur		
86491	etwas		
86492	Gemüth		
86493	dabei		
86494	,		
86495	etwas		
86496	Lust		
86497	oder		
86498	Qual		
86499	.		
86500	Aber		
86501	er	10138	(mention_id=10245|references=(entity=(entity_id=generic_4083|fullname=generic_0428|gender=u|specialcase_entity=generic)))
86502	langweilt		
86503	sich	10139	(mention_id=10246|references=(entity=(entity_id=generic_4084|fullname=generic_0429|gender=u|specialcase_entity=generic)))
86504	,		
86505	genießt		
86506	gähnend		
86507	und		
86508	im		
86509	Contrast		
86510	mit		
86511	der		
86512	Fremde		
86513	beschleicht		
86514	ihn	10140	(mention_id=10247|references=(entity=(entity_id=generic_4085|fullname=generic_0430|gender=u|specialcase_entity=generic)))
86515	dann		
86516	doch		
86517	ein		
86518	gewisses		
86519	Bewußtsein		
86520	seiner	10141	(mention_id=10248|references=(entity=(entity_id=generic_4086|fullname=generic_0431|gender=u|specialcase_entity=generic)))
86521	Scheinbildung		
86522	.		
86523	Das		
86524	Alles		
86525	macht		
86526	ihm	10142	(mention_id=10249|references=(entity=(entity_id=generic_4087|fullname=generic_0432|gender=u|specialcase_entity=generic)))
86527	das		
86528	Reisen		
86529	unbehaglich		
86530	.		
86531	Zu		
86532	Hause		
86533	aber		
86534	sagt		
86535	er	10143	(mention_id=10250|references=(entity=(entity_id=generic_4088|fullname=generic_0433|gender=u|specialcase_entity=generic)))
86536	,		
86537	die		
86538	Sehnsucht		
86539	nach		
86540	unserm	10144	(mention_id=10251|references=(entity=(entity_id=generic_4089|fullname=generic_0434|gender=u|specialcase_entity=generic)))
86541	freien		
86542	und		
86543	aufgeklärten		
86544	Lande		
86545	habe		
86546	ihn	10145	(mention_id=10252|references=(entity=(entity_id=generic_4090|fullname=generic_0435|gender=u|specialcase_entity=generic)))
86547	heimwärts		
86548	getrieben		
86549	,		
86550	denn		
86551	Alles		
86552	Uebrige		
86553	wäre		
86554	ja		
86555	doch		
86556	nur		
86557	Bettel		
86558	.		
86559	Jetzt		
86560	ist		
86561	er	10146	(mention_id=10253|references=(entity=(entity_id=generic_4091|fullname=generic_0436|gender=u|specialcase_entity=generic)))
86562	zwanzig		
86563	Jahre		
86564	alt		
86565	und		
86566	beginnt		
86567	seine	10147	(mention_id=10254|references=(entity=(entity_id=generic_4092|fullname=generic_0437|gender=u|specialcase_entity=generic)))
86568	Bekehrung		
86569	.		
86570	Er	10148	(mention_id=10255|references=(entity=(entity_id=generic_4093|fullname=generic_0438|gender=u|specialcase_entity=generic)))
86571	überzeugt		
86572	sich	10149	(mention_id=10256|references=(entity=(entity_id=generic_4094|fullname=generic_0439|gender=u|specialcase_entity=generic)))
86573	,		
86574	daß		
86575	er	10150	(mention_id=10257|references=(entity=(entity_id=generic_4095|fullname=generic_0440|gender=u|specialcase_entity=generic)))
86576	zu		
86577	dem		
86578	sham		
86579	seiner	10151	(mention_id=10258|references=(entity=(entity_id=generic_4096|fullname=generic_0441|gender=u|specialcase_entity=generic)))
86580	Studien		
86581	,		
86582	zu		
86583	dem		
86584	sham		
86585	seiner	10152	(mention_id=10259|references=(entity=(entity_id=generic_4097|fullname=generic_0442|gender=u|specialcase_entity=generic)))
86586	Reisebildung		
86587	,		
86588	zu		
86589	dem		
86590	sham		
86591	eines		
86592	weit		
86593	gereisten		
86594	smart-mans	10153	(mention_id=10260|references=(entity=(entity_id=generic_4098|fullname=generic_0443|gender=u|specialcase_entity=generic)))
86595	zu		
86596	guter		
86597	Letzt		
86598	auch		
86599	den		
86600	sham		
86601	des		
86602	Christenthums		
86603	nöthig		
86604	habe		
86605	,		
86606	um		
86607	unter		
86608	seinen	10154	(mention_id=10261|references=(entity=(entity_id=generic_4099|fullname=generic_0444|gender=u|specialcase_entity=generic)))
86609	Mitbürgern	10155	(mention_id=10262|references=(entity=(entity_id=generic_4100|fullname=generic_0445|gender=u|specialcase_entity=generic)))
86610	zu		
86611	reüssiren		
86612	.		
86613	In		
86614	dieser		
86615	Stimmung		
86616	trifft		
86617	ihn	10156	(mention_id=10263|references=(entity=(entity_id=generic_4101|fullname=generic_0446|gender=u|specialcase_entity=generic)))
86618	der		
86619	Prediger	10157	(mention_id=10264|references=(entity=(entity_id=generic_4102|fullname=generic_0447|gender=u|specialcase_entity=generic)))
86620	,		
86621	der		
86622	Freund	10158	(mention_id=10265|references=(entity=(entity_id=generic_4103|fullname=generic_0448|gender=u|specialcase_entity=generic)))
86623	seiner	10159	(mention_id=10266|references=(entity=(entity_id=generic_4104|fullname=generic_0449|gender=u|specialcase_entity=generic)))
86624	Mutter	10160	(mention_id=10267|references=(entity=(entity_id=generic_4105|fullname=generic_0450|gender=u|specialcase_entity=generic)))
86625	.		
86626	Er	10161	(mention_id=10268|references=(entity=(entity_id=generic_4106|fullname=generic_0451|gender=u|specialcase_entity=generic)))
86627	redet		
86628	auf		
86629	den		
86630	jungen		
86631	Mann	10162	(mention_id=10269|references=(entity=(entity_id=generic_4107|fullname=generic_0452|gender=u|specialcase_entity=generic)))
86632	ein		
86633	,		
86634	er	10163	(mention_id=10270|references=(entity=(entity_id=generic_4108|fullname=generic_0453|gender=u|specialcase_entity=generic)))
86635	zeigt		
86636	ihm	10164	(mention_id=10271|references=(entity=(entity_id=generic_4109|fullname=generic_0454|gender=u|specialcase_entity=generic)))
86637	,		
86638	wie		
86639	viel		
86640	Geld		
86641	das		
86642	tolle		
86643	Leben		
86644	kostet		
86645	,		
86646	wie		
86647	wohlfeil		
86648	dagegen		
86649	das		
86650	Abonnement		
86651	eines		
86652	Kirchenstuhls		
86653	sei		
86654	.		
86655	Er	10165	(mention_id=10272|references=(entity=(entity_id=generic_4110|fullname=generic_0455|gender=u|specialcase_entity=generic)))
86656	empfiehlt		
86657	ihm	10166	(mention_id=10273|references=(entity=(entity_id=generic_4111|fullname=generic_0456|gender=u|specialcase_entity=generic)))
86658	das		
86659	Sacrament		
86660	der		
86661	Ehe		
86662	—		
86663	natürlich		
86664	mit		
86665	einem		
86666	reichen		
86667	Mädchen	10167	(mention_id=10274|references=(entity=(entity_id=generic_4112|fullname=generic_0457|gender=u|specialcase_entity=generic)))
86668	.		
86669	Er	10168	(mention_id=10275|references=(entity=(entity_id=generic_4113|fullname=generic_0458|gender=u|specialcase_entity=generic)))
86670	stellt		
86671	ihm	10169	(mention_id=10276|references=(entity=(entity_id=generic_4114|fullname=generic_0459|gender=u|specialcase_entity=generic)))
86672	die		
86673	Ausgaben		
86674	für		
86675	die		
86676	dritte		
86677	Avenüe		
86678	und		
86679	die		
86680	Einkünfte		
86681	aus		
86682	dem		
86683	Vermögen		
86684	einer		
86685	„		
86686	respectablen		
86687	“		
86688	Frau	10170	(mention_id=10277|references=(entity=(entity_id=generic_4115|fullname=generic_0460|gender=u|specialcase_entity=generic)))
86689	so		
86690	faßlich		
86691	gegeneinander		
86692	,		
86693	daß		
86694	Zahlen		
86695	,		
86696	welche		
86697	Alles		
86698	beweisen		
86699	,		
86700	in		
86701	diesem		
86702	Falle		
86703	auch		
86704	die		
86705	Tugend		
86706	beweisen		
86707	.		
86708	Zuweilen		
86709	kommt		
86710	es		
86711	aber		
86712	auch		
86713	vor		
86714	,		
86715	daß		
86716	die		
86717	Bekehrung		
86718	länger		
86719	auf		
86720	sich		
86721	warten		
86722	läßt		
86723	.		
86724	Dann		
86725	ist		
86726	die		
86727	gewöhnliche		
86728	Krisis		
86729	eine		
86730	heftige		
86731	Scene		
86732	zwischen		
86733	Vater	10171	(mention_id=10278|references=(entity=(entity_id=generic_4116|fullname=generic_0461|gender=u|specialcase_entity=generic)))
86734	und		
86735	Sohn	10172	(mention_id=10279|references=(entity=(entity_id=generic_4117|fullname=generic_0462|gender=u|specialcase_entity=generic)))
86736	.		
86737	Der		
86738	Letztere	10173	(mention_id=10280|references=(entity=(entity_id=generic_4118|fullname=generic_0463|gender=u|specialcase_entity=generic)))
86739	verläßt		
86740	noch		
86741	einmal		
86742	das		
86743	Haus		
86744	und		
86745	jahrelang		
86746	hört		
86747	und		
86748	sieht		
86749	man		
86750	nichts		
86751	von		
86752	ihm	10174	(mention_id=10281|references=(entity=(entity_id=generic_4119|fullname=generic_0464|gender=u|specialcase_entity=generic)))
86753	.		
86754	Fragt		
86755	man		
86756	den		
86757	Papa	10175	(mention_id=10282|references=(entity=(entity_id=generic_4120|fullname=generic_0465|gender=u|specialcase_entity=generic)))
86758	,		
86759	wo		
86760	John	10176	(mention_id=10283|references=(entity=(entity_id=generic_4121|fullname=generic_0466|gender=u|specialcase_entity=generic)))
86761	sei		
86762	,		
86763	so		
86764	heißt		
86765	es		
86766	:		
86767	John	10177	(mention_id=10284|references=(entity=(entity_id=generic_4122|fullname=generic_0467|gender=u|specialcase_entity=generic)))
86768	ist		
86769	gegangen		
86770	,		
86771	er	10178	(mention_id=10285|references=(entity=(entity_id=generic_4123|fullname=generic_0468|gender=u|specialcase_entity=generic)))
86772	wollte		
86773	nicht		
86774	gut		
86775	thun		
86776	,		
86777	er	10179	(mention_id=10286|references=(entity=(entity_id=generic_4124|fullname=generic_0469|gender=u|specialcase_entity=generic)))
86778	wird		
86779	eines		
86780	Tags		
86781	wohl		
86782	wieder		
86783	kommen		
86784	—		
86785	und		
86786	im		
86787	Stillen		
86788	setzt		
86789	er	10180	(mention_id=10287|references=(entity=(entity_id=generic_4125|fullname=generic_0470|gender=u|specialcase_entity=generic)))
86790	hinzu		
86791	:		
86792	als		
86793	Millionär	10181	(mention_id=10288|references=(entity=(entity_id=generic_4126|fullname=generic_0471|gender=u|specialcase_entity=generic)))
86794	.		
86795	Und		
86796	so		
86797	kommt		
86798	er	10182	(mention_id=10289|references=(entity=(entity_id=generic_4127|fullname=generic_0472|gender=u|specialcase_entity=generic)))
86799	auch		
86800	!		
86801	randalirte		
86802	Mr.	10183	(mention_id=10290|references=(entity=(entity_id=entity_0055|fullname=Mr. Bennet|gender=m)))
86803	Bennet	10183	(mention_id=10290|references=(entity=(entity_id=entity_0055|fullname=Mr. Bennet|gender=m)))
86804	,		
86805	im		
86806	scherzhaften		
86807	Charakter		
86808	eines		
86809	Yankee-Boys	10184	(mention_id=10291|references=(entity=(entity_id=entity_0055|fullname=Mr. Bennet|gender=m)|specialcase_reference=figurative))
86810	,		
86811	indem		
86812	er	10185	(mention_id=10292|references=(entity=(entity_id=entity_0055|fullname=Mr. Bennet|gender=m)))
86813	mit		
86814	seinem	10186	(mention_id=10293|references=(entity=(entity_id=entity_0055|fullname=Mr. Bennet|gender=m)))
86815	Gaste	10187	(mention_id=10294|references=(entity=(entity_id=entity_0001|fullname=Dr. Moorfeld|gender=m)))
86816	jetzt		
86817	vortrat		
86818	—		
86819	hören		
86820	Sie	10188	(mention_id=10295|references=(entity=(entity_id=entity_0508|fullname=Doctor Channing|gender=m)))
86821	,		
86822	Doctor	10189	(mention_id=10296|references=(entity=(entity_id=entity_0508|fullname=Doctor Channing|gender=m)))
86823	,		
86824	die		
86825	Million		
86826	ist		
86827	sehr		
86828	gut		
86829	!		
86830	Aus		
86831	Geld		
86832	wird		
86833	Geist		
86834	,		
86835	kein		
86836	armes		
86837	Volk	10190	(mention_id=10297|references=(entity=(entity_id=generic_4128|fullname=generic_0473|gender=u|specialcase_entity=generic)))
86838	bringt's		
86839	zur		
86840	Cultur		
86841	.		
86842	Es		
86843	lebe		
86844	die		
86845	Million		
86846	!		
86847	Die		
86848	Tischgesellschaft		(mention_id=10298|references=(entity=(entity_id=entity_0529|fullname=Theepartie|gender=m|members=entity_0505,entity_0508,entity_0509,entity_0510,entity_0512,entity_0514,entity_0524|all_members_given=False|specialcase_entity=group)))
86849	blickte		
86850	auf		
86851	.		
86852	Jubelnd		
86853	begrüßte		
86854	man		(mention_id=10299|references=(entity=(entity_id=entity_0529|fullname=Theepartie|gender=m|members=entity_0505,entity_0508,entity_0509,entity_0510,entity_0512,entity_0514,entity_0524|all_members_given=False|specialcase_entity=group)))
86855	den		
86856	Hausherrn	10191	(mention_id=10300|references=(entity=(entity_id=entity_0055|fullname=Mr. Bennet|gender=m)))
86857	.		
86858	Jubelnd		
86859	applaudirte		
86860	man	10192	(mention_id=10301|references=(entity=(entity_id=entity_0529|fullname=Theepartie|gender=m|members=entity_0505,entity_0508,entity_0509,entity_0510,entity_0512,entity_0514,entity_0524|all_members_given=False|specialcase_entity=group)))
86861	seinem	10193	(mention_id=10302|references=(entity=(entity_id=entity_0055|fullname=Mr. Bennet|gender=m)))
86862	Impromptü		
86863	zu		
86864	,		
86865	alle		
86866	Gläser		
86867	erhoben		
86868	sich		
86869	,		
86870	und		
86871	im		
86872	bacchanalischen		
86873	Chor		
86874	scholl		
86875	es		
86876	von		
86877	Mund		
86878	zu		
86879	Mund		
86880	:		
86881	Es		
86882	lebe		
86883	die		
86884	Million		
86885	!		
86886	Man		
86887	sah		
86888	es		
86889	den		
86890	vergnügten		
86891	Gesichtern		
86892	der		
86893	armen		
86894	Milizoffiziere	10194	(mention_id=10303|references=(entity=(entity_id=entity_0510|fullname=Mr. Woods Schwager|gender=m)),(entity=(entity_id=entity_0512|fullname=Mr. Woods Schwiegersohn|gender=m)))
86895	an		
86896	,		
86897	wie		
86898	unendlich		
86899	froh		
86900	sie	10195	(mention_id=10304|references=(entity=(entity_id=entity_0510|fullname=Mr. Woods Schwager|gender=m)),(entity=(entity_id=entity_0512|fullname=Mr. Woods Schwiegersohn|gender=m)))
86901	über		
86902	diese		
86903	glückliche		
86904	Ausbeugung		
86905	waren		
86906	.		
86907	Bennet	10196	(mention_id=10305|references=(entity=(entity_id=entity_0055|fullname=Mr. Bennet|gender=m)))
86908	und		
86909	Moorfeld	10197	(mention_id=10306|references=(entity=(entity_id=entity_0001|fullname=Dr. Moorfeld|gender=m)))
86910	nahmen		
86911	ihre	10198	(mention_id=10307|references=(entity=(entity_id=entity_0055|fullname=Mr. Bennet|gender=m)),(entity=(entity_id=entity_0001|fullname=Dr. Moorfeld|gender=m)))
86912	Plätze		
86913	ein		
86914	.		
86915	Moorfeld	10199	(mention_id=10308|references=(entity=(entity_id=entity_0001|fullname=Dr. Moorfeld|gender=m)))
86916	fand		
86917	es		
86918	nicht		
86919	ohne		
86920	Reiz		
86921	,		
86922	daß		
86923	in		
86924	einem		
86925	amerikanischen		
86926	Salon		
86927	Reden		
86928	gehalten		
86929	werden		
86930	konnten		
86931	,		
86932	wie		
86933	er	10200	(mention_id=10309|references=(entity=(entity_id=entity_0001|fullname=Dr. Moorfeld|gender=m)))
86934	zuvor		
86935	von		
86936	Mr.	10201	(mention_id=10310|references=(entity=(entity_id=entity_0505|fullname=Mr. Livingstone|gender=m)))
86937	Livingstone	10201	(mention_id=10310|references=(entity=(entity_id=entity_0505|fullname=Mr. Livingstone|gender=m)))
86938	und		
86939	jetzt		
86940	aus		
86941	Dr.	10202	(mention_id=10311|references=(entity=(entity_id=entity_0508|fullname=Doctor Channing|gender=m)))
86942	Channing's	10202	(mention_id=10311|references=(entity=(entity_id=entity_0508|fullname=Doctor Channing|gender=m)))
86943	Munde		
86944	gehört		
86945	.		
86946	Diese		
86947	Strafoden		
86948	schienen		
86949	ihm	10203	(mention_id=10312|references=(entity=(entity_id=entity_0001|fullname=Dr. Moorfeld|gender=m)))
86950	ein		
86951	weit		
86952	besseres		
86953	Zeugniß		
86954	für		
86955	Amerika's		
86956	Kraft		
86957	und		
86958	Gesundheit		
86959	,		
86960	als		
86961	seines	10204	(mention_id=10313|references=(entity=(entity_id=entity_0001|fullname=Dr. Moorfeld|gender=m)))
86962	Herrn	10205	(mention_id=10314|references=(entity=(entity_id=entity_0075|fullname=Herr Staunton|gender=m)))
86963	Staunton's	10205	(mention_id=10314|references=(entity=(entity_id=entity_0075|fullname=Herr Staunton|gender=m)))
86964	Bausch-		
86965	und		
86966	Bogen-Patriotismus		
86967	.		
86968	Er	10206	(mention_id=10315|references=(entity=(entity_id=entity_0001|fullname=Dr. Moorfeld|gender=m)))
86969	sah		
86970	in		
86971	Bennet's	10207	(mention_id=10316|references=(entity=(entity_id=entity_0055|fullname=Mr. Bennet|gender=m)))
86972	Salon		
86973	einen		
86974	jener		
86975	Centralpunkte		
86976	,		
86977	in		
86978	welchem		
86979	die		
86980	wahrhaft		
86981	vorwärts		
86982	treibenden		
86983	und		
86984	idealisirenden		
86985	Kräfte		
86986	einer		
86987	Nation		(mention_id=10317|references=(entity=(entity_id=generic_4129|fullname=generic_0474|gender=u|specialcase_entity=generic)))
86988	pulsiren		
86989	.		
86990	Nicht		
86991	plattes		
86992	Selbstlob		
86993	,		
86994	sondern		
86995	der		
86996	aristokratische		
86997	Ton		
86998	der		
86999	Absprechung		
87000	,		
87001	der		
87002	Voltaireanismus		
87003	,		
87004	die		
87005	Kritik		
87006	,		
87007	die		
87008	Satyre		
87009	—		
87010	horazische		
87011	wie		
87012	juvenalische		
87013	—		
87014	verrichten		
87015	dieses		
87016	Amt		
87017	.		
87018	Man		
87019	erweitert		
87020	die		
87021	Volkssitte		
87022	,		
87023	indem		
87024	man		
87025	sie		
87026	negirt		
87027	;		
87028	der		
87029	Spott		
87030	ist		
87031	productiv		
87032	und		
87033	der		
87034	Tadel		
87035	wird		
87036	zum		
87037	Verdienst		
87038	in		
87039	solchen		
87040	Zirkeln		
87041	,		
87042	man		
87043	beleidigt		
87044	das		
87045	Volksleben		
87046	nicht		
87047	,		
87048	man		
87049	nützt		
87050	ihm		
87051	.		
87052	Man		
87053	bricht		
87054	das		
87055	Herkommen		
87056	,		
87057	man		
87058	macht		
87059	Zukunft		
87060	.		
87061	So		
87062	war		
87063	es		
87064	der		
87065	Yankee	10208	(mention_id=10318|references=(entity=(entity_id=generic_4130|fullname=generic_0475|gender=u|specialcase_entity=generic)))
87066	selbst		
87067	,		
87068	der	10209	(mention_id=10319|references=(entity=(entity_id=generic_4131|fullname=generic_0476|gender=u|specialcase_entity=generic)))
87069	sich	10210	(mention_id=10320|references=(entity=(entity_id=generic_4132|fullname=generic_0477|gender=u|specialcase_entity=generic)))
87070	zum		
87071	lustigen		
87072	Verbrauche		
87073	dieses		
87074	Kreises		
87075	hergeben		
87076	mußte		
87077	.		
87078	Der		
87079	Ton		
87080	,		
87081	den		
87082	Dr.	10211	(mention_id=10321|references=(entity=(entity_id=entity_0508|fullname=Doctor Channing|gender=m)))
87083	Channing	10211	(mention_id=10321|references=(entity=(entity_id=entity_0508|fullname=Doctor Channing|gender=m)))
87084	angeschlagen		
87085	,		
87086	klang		
87087	fort		
87088	,		
87089	nur		
87090	seit		
87091	dem		
87092	Eintritt		
87093	Bennet's	10212	(mention_id=10322|references=(entity=(entity_id=entity_0055|fullname=Mr. Bennet|gender=m)))
87094	und		
87095	Moorfeld's	10213	(mention_id=10323|references=(entity=(entity_id=entity_0001|fullname=Dr. Moorfeld|gender=m)))
87096	in		
87097	minder		
87098	tragischer		
87099	Weise		
87100	.		
87101	Der		
87102	heitere		
87103	Schaumwein		
87104	von		
87105	der		
87106	Marne		
87107	moussirte		
87108	,		
87109	die		
87110	Temperatur		
87111	der		
87112	Anecdoten-Blüthe		
87113	entwickelte		
87114	sich		
87115	.		
87116	Man		
87117	beutete		
87118	das		
87119	originelle		
87120	Volksthum		
87121	Oncle		(mention_id=10324|references=(entity=(entity_id=entity_0682|fullname=Oncle Sam|gender=m)))
87122	Sams		(mention_id=10324|references=(entity=(entity_id=entity_0682|fullname=Oncle Sam|gender=m)))
87123	in		
87124	zahllosen		
87125	Charakterzügen		
87126	aus		
87127	:		
87128	von		
87129	vielen		
87130	derselben		
87131	erkannte		
87132	Moorfeld	10214	(mention_id=10325|references=(entity=(entity_id=entity_0001|fullname=Dr. Moorfeld|gender=m)))
87133	wohl		
87134	,		
87135	daß		
87136	sie		
87137	zu		
87138	jenen		
87139	gestempelten		
87140	gehörten		
87141	,		
87142	dergleichen		
87143	jede		
87144	Nation	10215	
87145	als		
87146	stehende		
87147	Symbole		
87148	ihres	10216	
87149	Begriffes		
87150	aufzuweisen		
87151	hat		
87152	.		
87153	Andere		
87154	aber		
87155	waren		
87156	unmittelbare		
87157	,		
87158	rein		
87159	persönliche		
87160	Erlebnisse		
87161	.		
87162	Mr.	10217	(mention_id=10326|references=(entity=(entity_id=entity_0055|fullname=Mr. Bennet|gender=m)))
87163	Bennet	10217	(mention_id=10326|references=(entity=(entity_id=entity_0055|fullname=Mr. Bennet|gender=m)))
87164	erzählte		
87165	z.		
87166	B.		
87167	,		
87168	er	10218	(mention_id=10327|references=(entity=(entity_id=entity_0055|fullname=Mr. Bennet|gender=m)))
87169	habe		
87170	in		
87171	Rom		
87172	eine		
87173	Parthie		
87174	alter		
87175	kostbarer		
87176	Italiener	10219	
87177	verpackt		
87178	,		
87179	als		
87180	über		
87181	dieser		
87182	Arbeit		
87183	ein		
87184	Yankee	10220	(mention_id=10328|references=(entity=(entity_id=entity_0639|fullname=Yankee aus Connecticut|gender=m)))
87185	aus		
87186	Connecticut		
87187	in's		
87188	Bureau		
87189	des		
87190	Spediteurs	10221	(mention_id=10329|references=(entity=(entity_id=entity_0686|fullname=Spediteur|gender=m)))
87191	trat		
87192	.		
87193	Ei		
87194	,		
87195	ei		
87196	,		
87197	Mister	10222	(mention_id=10330|references=(entity=(entity_id=entity_0055|fullname=Mr. Bennet|gender=m)))
87198	,		
87199	rief		
87200	er	10223	(mention_id=10331|references=(entity=(entity_id=entity_0639|fullname=Yankee aus Connecticut|gender=m)))
87201	sogleich		
87202	,		
87203	ich	10224	(mention_id=10332|references=(entity=(entity_id=entity_0639|fullname=Yankee aus Connecticut|gender=m)))
87204	rathe		
87205	,		
87206	Ihr	10225	(mention_id=10333|references=(entity=(entity_id=entity_0055|fullname=Mr. Bennet|gender=m)))
87207	werdet		
87208	da		
87209	ein		
87210	dickes		
87211	Stück		
87212	Geld		
87213	Eingangszoll		
87214	bezahlen		
87215	;		
87216	Oelgemälde		
87217	bezahlen		
87218	doch		
87219	Zoll		
87220	,		
87221	das		
87222	wißt		
87223	Ihr	10226	(mention_id=10334|references=(entity=(entity_id=entity_0055|fullname=Mr. Bennet|gender=m)))
87224	.		
87225	Aber		
87226	was		
87227	thut's		
87228	?		
87229	Ofenschirme		
87230	bezahlen		
87231	keinen		
87232	.		
87233	Nun		
87234	,		
87235	Mister	10227	(mention_id=10335|references=(entity=(entity_id=entity_0055|fullname=Mr. Bennet|gender=m)))
87236	,		
87237	ich	10228	(mention_id=10336|references=(entity=(entity_id=entity_0639|fullname=Yankee aus Connecticut|gender=m)))
87238	wäre		
87239	meines	10229	(mention_id=10337|references=(entity=(entity_id=entity_0639|fullname=Yankee aus Connecticut|gender=m)))
87240	Vaters	10230	(mention_id=10338|references=(entity=(entity_id=entity_0688|fullname=Vater des Yankee aus Connecticut|gender=m)))
87241	schlechtester		
87242	Sohn	10231	(mention_id=10339|references=(entity=(entity_id=entity_0639|fullname=Yankee aus Connecticut|gender=m)))
87243	,		
87244	rathe		
87245	ich	10232	(mention_id=10340|references=(entity=(entity_id=entity_0639|fullname=Yankee aus Connecticut|gender=m)))
87246	,		
87247	wenn		
87248	ich	10233	(mention_id=10341|references=(entity=(entity_id=entity_0639|fullname=Yankee aus Connecticut|gender=m)))
87249	nicht		
87250	eine		
87251	Auflösung		
87252	aus		
87253	Kalk		
87254	oder		
87255	Leim		
87256	nähme		
87257	,		
87258	und		
87259	den		
87260	ganzen		
87261	Krickelkrackel		
87262	damit		
87263	übertünchte		
87264	.		
87265	Verdammt		
87266	seien		
87267	meine	10234	(mention_id=10342|references=(entity=(entity_id=entity_0639|fullname=Yankee aus Connecticut|gender=m)))
87268	Augen		
87269	,		
87270	ich	10235	(mention_id=10343|references=(entity=(entity_id=entity_0639|fullname=Yankee aus Connecticut|gender=m)))
87271	importirte		
87272	das		
87273	Zeug		
87274	wahrhaftig		
87275	unter		
87276	Ofenschirm-Declaration		
87277	;		
87278	an		
87279	Ort		
87280	und		
87281	Stelle		
87282	ließe		
87283	sich		
87284	der		
87285	Anstrich		
87286	ja		
87287	wieder		
87288	ablösen		
87289	.		
87290	Das		
87291	thät'		
87292	ich	10236	(mention_id=10344|references=(entity=(entity_id=entity_0639|fullname=Yankee aus Connecticut|gender=m)))
87293	,		
87294	oder		
87295	ich	10237	(mention_id=10345|references=(entity=(entity_id=entity_0639|fullname=Yankee aus Connecticut|gender=m)))
87296	will		
87297	nicht		
87298	mehr		
87299	weiß		
87300	spucken		
87301	,		
87302	Mister	10238	(mention_id=10346|references=(entity=(entity_id=entity_0055|fullname=Mr. Bennet|gender=m)))
87303	.		
87304	Und		
87305	in		
87306	der		
87307	That		
87308	begriff		
87309	der		
87310	smart-man	10239	(mention_id=10347|references=(entity=(entity_id=entity_0639|fullname=Yankee aus Connecticut|gender=m)))
87311	aus		
87312	Connecticut		
87313	nicht		
87314	,		
87315	was		
87316	mich	10240	(mention_id=10348|references=(entity=(entity_id=entity_0055|fullname=Mr. Bennet|gender=m)))
87317	abhielt		
87318	,		
87319	seinen	10241	(mention_id=10349|references=(entity=(entity_id=entity_0639|fullname=Yankee aus Connecticut|gender=m)))
87320	vortrefflichen		
87321	Rath		
87322	zu		
87323	befolgen		
87324	.		
87325	Von		
87326	der		
87327	naiven		
87328	Roheit		
87329	des		
87330	amerikanischen		
87331	Kunstgefühls		
87332	erzählte		
87333	Moorfeld	10242	(mention_id=10350|references=(entity=(entity_id=entity_0001|fullname=Dr. Moorfeld|gender=m)))
87334	,		
87335	der	10243	(mention_id=10351|references=(entity=(entity_id=entity_0001|fullname=Dr. Moorfeld|gender=m)))
87336	diese		
87337	Saite		
87338	nicht		
87339	stärker		
87340	berühren		
87341	mochte		
87342	,		
87343	als		
87344	er	10244	(mention_id=10352|references=(entity=(entity_id=entity_0001|fullname=Dr. Moorfeld|gender=m)))
87345	sonst		
87346	wohl		
87347	gekonnt		
87348	,		
87349	jenen		
87350	artigen		
87351	Zug		
87352	aus		
87353	der		
87354	ersten		
87355	Stunde		
87356	seines	10245	(mention_id=10353|references=(entity=(entity_id=entity_0001|fullname=Dr. Moorfeld|gender=m)))
87357	Landens		
87358	,		
87359	da		
87360	er	10246	(mention_id=10354|references=(entity=(entity_id=entity_0001|fullname=Dr. Moorfeld|gender=m)))
87361	ein		
87362	Kinder-Träubchen		(mention_id=10355|references=(entity=(entity_id=entity_0024|fullname=Kinder|gender=u|specialcase_entity=group)))
87363	in		
87364	die		
87365	Mitte		
87366	zweier		
87367	spielender		
87368	Neger	10247	(mention_id=10356|references=(entity=(entity_id=entity_0013|fullname=Orchester von Schwarzen|gender=u|members=entity_0046|all_members_given=False|specialcase_entity=group)),(entity=(entity_id=entity_0031|fullname=Orchester 2|gender=u|specialcase_entity=group)))
87369	Orchester	10248	(mention_id=10356|references=(entity=(entity_id=entity_0013|fullname=Orchester von Schwarzen|gender=u|members=entity_0046|all_members_given=False|specialcase_entity=group)),(entity=(entity_id=entity_0031|fullname=Orchester 2|gender=u|specialcase_entity=group)))
87370	sich	10249	
87371	stellen		
87372	sah		
87373	,		
87374	weil		
87375	sie	10250	(mention_id=10357|references=(entity=(entity_id=entity_0024|fullname=Kinder|gender=u|specialcase_entity=group)))
87376	„		
87377	zwei		
87378	Musik		
87379	“		
87380	hören		
87381	wollten		
87382	.		
87383	Der		
87384	gelehrte		
87385	Doctor	10251	(mention_id=10358|references=(entity=(entity_id=entity_0514|fullname=Doctor Griswold|gender=m)))
87386	Griswold	10251	(mention_id=10358|references=(entity=(entity_id=entity_0514|fullname=Doctor Griswold|gender=m)))
87387	ließ		
87388	den		
87389	stets		
87390	verehrten		
87391	Ton		
87392	seiner	10252	(mention_id=10359|references=(entity=(entity_id=entity_0514|fullname=Doctor Griswold|gender=m)))
87393	dünnen		
87394	Kinderstimme		
87395	hören		
87396	und		
87397	sagte		
87398	:		
87399	Von		
87400	diesem		
87401	Thema		
87402	können		
87403	wir	10253	(mention_id=10360|references=(entity=(entity_id=entity_0529|fullname=Theepartie|gender=m|members=entity_0505,entity_0508,entity_0509,entity_0510,entity_0512,entity_0514,entity_0524|all_members_given=False|specialcase_entity=group)),(entity=(entity_id=entity_0001|fullname=Dr. Moorfeld|gender=m)),(entity=(entity_id=entity_0055|fullname=Mr. Bennet|gender=m)))
87404	nicht		
87405	sprechen		
87406	,		
87407	ohne		
87408	des		
87409	unsterblichen		
87410	Factums		
87411	zu		
87412	gedenken		
87413	,		
87414	daß		
87415	eine		
87416	ganze		
87417	Nation	10254	(mention_id=10361|references=(entity=(entity_id=generic_4133|fullname=generic_0478|gender=u|specialcase_entity=generic)))
87418	ein		
87419	Spottlied		
87420	auf		
87421	sich		(mention_id=10362|references=(entity=(entity_id=generic_4134|fullname=generic_0479|gender=u|specialcase_entity=generic)))
87422	selbst		
87423	in		
87424	Text		
87425	und		
87426	Musik		
87427	verkennt		
87428	und		
87429	es		
87430	zu		
87431	ihrer	10255	(mention_id=10363|references=(entity=(entity_id=generic_4135|fullname=generic_0480|gender=u|specialcase_entity=generic)))
87432	National-Hymne		
87433	macht		
87434	.		
87435	In		
87436	einem		
87437	satyrischen		
87438	Schlagworte		
87439	,		
87440	Parteinamen		
87441	u.		
87442	dgl.		
87443	sich		
87444	selbst		
87445	zu		
87446	ironisiren		
87447	,		
87448	ist		
87449	bekanntlich		
87450	ein		
87451	historischer		
87452	Lieblingszug		
87453	der		
87454	Völker	10256	(mention_id=10364|references=(entity=(entity_id=generic_4136|fullname=generic_0481|gender=u|specialcase_entity=generic)))
87455	:		
87456	aber		
87457	Satyre		
87458	und		
87459	Ironie		
87460	gar		
87461	nicht		
87462	zu		
87463	merken		
87464	,		
87465	das		
87466	konnte		
87467	nur		
87468	unserm	10257	(mention_id=10365|references=(entity=(entity_id=generic_4137|fullname=generic_0482|gender=u|specialcase_entity=generic)),(entity=(entity_id=entity_0514|fullname=Doctor Griswold|gender=m)))
87469	Bruder	10258	(mention_id=10366|references=(entity=(entity_id=entity_0675|fullname=Bruder Jonathan|gender=m)))
87470	Jonathan	10258	(mention_id=10366|references=(entity=(entity_id=entity_0675|fullname=Bruder Jonathan|gender=m)))
87471	passiren		
87472	.		
87473	Ich	10259	(mention_id=10367|references=(entity=(entity_id=entity_0514|fullname=Doctor Griswold|gender=m)))
87474	spreche		
87475	von		
87476	dem		
87477	Ursprunge		
87478	des		
87479	Yankee-Doodle		
87480	.		
87481	Sie	10260	(mention_id=10368|references=(entity=(entity_id=entity_0529|fullname=Theepartie|gender=m|members=entity_0505,entity_0508,entity_0509,entity_0510,entity_0512,entity_0514,entity_0524|all_members_given=False|specialcase_entity=group)))
87482	wissen		
87483	,		
87484	meine	10261	(mention_id=10369|references=(entity=(entity_id=entity_0514|fullname=Doctor Griswold|gender=m)))
87485	Herren	10262	(mention_id=10370|references=(entity=(entity_id=entity_0529|fullname=Theepartie|gender=m|members=entity_0505,entity_0508,entity_0509,entity_0510,entity_0512,entity_0514,entity_0524|all_members_given=False|specialcase_entity=group)))
87486	,		
87487	wie		
87488	lange		
87489	uns	10263	(mention_id=10371|references=(entity=(entity_id=entity_0514|fullname=Doctor Griswold|gender=m)),(entity=(entity_id=generic_4138|fullname=generic_0483|gender=u|specialcase_entity=generic)))
87490	dieser		
87491	Ursprung		
87492	apokryphisch		
87493	war		
87494	,		
87495	und		
87496	heute		
87497	noch		
87498	weiß		
87499	man		
87500	im		
87501	größeren		
87502	Publikum	10264	(mention_id=10372|references=(entity=(entity_id=generic_4139|fullname=generic_0484|gender=u|specialcase_entity=generic)))
87503	nicht		
87504	,		
87505	welcher		
87506	der		
87507	vielen		
87508	Versionen		
87509	darüber		
87510	man		
87511	die		
87512	historische		
87513	Aechtheit		
87514	zusprechen		
87515	soll		
87516	.		
87517	Authentisch		
87518	aber		
87519	ist		
87520	folgende		
87521	Version		
87522	:		
87523	Im		
87524	Anfange		
87525	des		
87526	Jahres		
87527	1755		
87528	versammelten		
87529	sich	10265	(mention_id=10373|references=(entity=(entity_id=entity_0668|fullname=Colonialtruppen|gender=m|members=entity_0637,entity_0665|all_members_given=True|specialcase_entity=group)))
87530	die		
87531	Colonialtruppen	10266	(mention_id=10374|references=(entity=(entity_id=entity_0668|fullname=Colonialtruppen|gender=m|members=entity_0637,entity_0665|all_members_given=True|specialcase_entity=group)))
87532	von		
87533	Neu-England		
87534	bei		
87535	Albany		
87536	,		
87537	um		
87538	mit		
87539	den		
87540	Truppen		
87541	des		
87542	Mutterlandes		
87543	unter		
87544	General	10267	(mention_id=10375|references=(entity=(entity_id=entity_0679|fullname=General Johnston|gender=m)))
87545	Johnston	10267	(mention_id=10375|references=(entity=(entity_id=entity_0679|fullname=General Johnston|gender=m)))
87546	gegen		
87547	die		
87548	Franzosen	10268	(mention_id=10376|references=(entity=(entity_id=entity_0676|fullname=Franzosen in Crownpoint|gender=m|specialcase_entity=group)))
87549	in		
87550	Crownpoint		
87551	zu		
87552	marschiren		
87553	.		
87554	Die		
87555	Amerikaner	10269	(mention_id=10377|references=(entity=(entity_id=entity_0637|fullname=amerikanische Milizen|gender=m|specialcase_entity=group)))
87556	bildeten		
87557	den		
87558	linken		
87559	Flügel		
87560	,		
87561	die		
87562	Europäer	10270	(mention_id=10378|references=(entity=(entity_id=entity_0665|fullname=Europäer in Colonialtruppen|gender=m|specialcase_entity=group)))
87563	den		
87564	rechten		
87565	der		
87566	britischen		
87567	Streitmacht		
87568	.		
87569	Von		
87570	der		
87571	altenglischen		
87572	Truppe		(mention_id=10379|references=(entity=(entity_id=entity_0665|fullname=Europäer in Colonialtruppen|gender=m|specialcase_entity=group)))
87573	berichtet		
87574	die		
87575	Chronica		
87576	nichts		
87577	,		
87578	wohl		
87579	aber		
87580	von		
87581	der		
87582	unsrigen	10271	(mention_id=10380|references=(entity=(entity_id=entity_0514|fullname=Doctor Griswold|gender=m)),(entity=(entity_id=generic_4140|fullname=generic_0485|gender=u|specialcase_entity=generic)),(entity=(entity_id=entity_0637|fullname=amerikanische Milizen|gender=m|specialcase_entity=group)))
87583	.		
87584	Der		
87585	Aufzug		
87586	der		
87587	amerikanischen		
87588	Milizen	10272	(mention_id=10381|references=(entity=(entity_id=entity_0637|fullname=amerikanische Milizen|gender=m|specialcase_entity=group)))
87589	soll		
87590	nämlich		
87591	so		
87592	lächerlich		
87593	gewesen		
87594	sein		
87595	,		
87596	wie		
87597	das		
87598	Corps	10273	(mention_id=10382|references=(entity=(entity_id=entity_0667|fullname=Corps unter Fallstaff|gender=m|specialcase_entity=group)))
87599	jener		
87600	wahrhaft		
87601	Unsterblichen	10274	(mention_id=10383|references=(entity=(entity_id=entity_0667|fullname=Corps unter Fallstaff|gender=m|specialcase_entity=group)))
87602	unter		
87603	Sir	10275	(mention_id=10384|references=(entity=(entity_id=entity_0382|fullname=Fallstaff|gender=m)))
87604	John	10275	(mention_id=10384|references=(entity=(entity_id=entity_0382|fullname=Fallstaff|gender=m)))
87605	Fallstaff	10275	(mention_id=10384|references=(entity=(entity_id=entity_0382|fullname=Fallstaff|gender=m)))
87606	.		
87607	Einige	10276	(mention_id=10385|references=(entity=(entity_id=entity_0637|fullname=amerikanische Milizen|gender=m|specialcase_entity=group)))
87608	waren		
87609	in		
87610	langen		
87611	Röcken		
87612	erschienen		
87613	,		
87614	Andere	10277	(mention_id=10386|references=(entity=(entity_id=entity_0637|fullname=amerikanische Milizen|gender=m|specialcase_entity=group)))
87615	in		
87616	kurzen		
87617	,		
87618	wieder		
87619	Andere	10278	
87620	in		
87621	gar		
87622	keinen		
87623	.		
87624	Einige	10279	(mention_id=10387|references=(entity=(entity_id=entity_0637|fullname=amerikanische Milizen|gender=m|specialcase_entity=group)))
87625	trugen		
87626	ihre	10280	(mention_id=10388|references=(entity=(entity_id=entity_0637|fullname=amerikanische Milizen|gender=m|specialcase_entity=group)))
87627	Haare		
87628	kurz		
87629	geschoren		
87630	,		
87631	nach		
87632	Art		
87633	der		
87634	Rundköpfe		
87635	Cromwell's	10281	(mention_id=10389|references=(entity=(entity_id=entity_0090|fullname=Cromwell|gender=m)))
87636	,		
87637	Andere	10282	(mention_id=10390|references=(entity=(entity_id=entity_0637|fullname=amerikanische Milizen|gender=m|specialcase_entity=group)))
87638	stolzirten		
87639	in		
87640	gravitätischen		
87641	Puderperücken		
87642	à		
87643	la		
87644	Louis-quatorze		(mention_id=10391|references=(entity=(entity_id=entity_0664|fullname=Louisquatorze|gender=m)))
87645	.		
87646	quatorze		(mention_id=10392|references=(entity=(entity_id=entity_0664|fullname=Louisquatorze|gender=m)))
87647	.		
87648	Ihre	10283	(mention_id=10393|references=(entity=(entity_id=entity_0637|fullname=amerikanische Milizen|gender=m|specialcase_entity=group)))
87649	Uniformen		
87650	imitirten		
87651	alle		
87652	Farben		
87653	des		
87654	Regenbogens		
87655	,		
87656	ihre	10284	(mention_id=10394|references=(entity=(entity_id=entity_0637|fullname=amerikanische Milizen|gender=m|specialcase_entity=group)))
87657	Bewaffnung		
87658	spielte		
87659	mitunter		
87660	ins		
87661	Nachtwächterliche		
87662	.		
87663	Von		
87664	ihrer	10285	(mention_id=10395|references=(entity=(entity_id=entity_0637|fullname=amerikanische Milizen|gender=m|specialcase_entity=group)))
87665	Feldmusik		
87666	war		
87667	das		
87668	neueste		
87669	Stück		
87670	zweihundert		
87671	Jahre		
87672	alt		
87673	.		
87674	Letzteren		
87675	Umstand		
87676	benützten		
87677	die		
87678	englischen	10286	
87679	Offiziere	10287	(mention_id=10396|references=(entity=(entity_id=entity_0641|fullname=englische Offiziere|gender=m|specialcase_entity=group)))
87680	,		
87681	die	10288	(mention_id=10397|references=(entity=(entity_id=entity_0641|fullname=englische Offiziere|gender=m|specialcase_entity=group)))
87682	schon		
87683	längst		
87684	darauf		
87685	gesonnen		
87686	,		
87687	für		
87688	das		
87689	Ridikül		
87690	einer		
87691	solchen		
87692	Kameradschaft		(mention_id=10398|references=(entity=(entity_id=entity_0637|fullname=amerikanische Milizen|gender=m|specialcase_entity=group)))
87693	mit		
87694	einem		
87695	lustigen		
87696	Streich		
87697	sich	10289	(mention_id=10399|references=(entity=(entity_id=entity_0641|fullname=englische Offiziere|gender=m|specialcase_entity=group)))
87698	zu		
87699	entschädigen		
87700	.		
87701	Dieser		
87702	ganzen		
87703	Pyramus-	10290	
87704	und		
87705	Thisbe-Truppe		
87706	,		
87707	sagten		
87708	sie	10291	(mention_id=10400|references=(entity=(entity_id=entity_0641|fullname=englische Offiziere|gender=m|specialcase_entity=group)))
87709	,		
87710	fehlt		
87711	nichts		
87712	,		
87713	als		
87714	daß		
87715	ein		
87716	Tonsetzer	10292	(mention_id=10401|references=(entity=(entity_id=entity_0690|fullname=hypothetischer Tonsetzer|gender=m|specialcase_entity=nonfact)))
87717	,		
87718	so		
87719	wie		
87720	sie	10293	
87721	leibt		
87722	und		
87723	lebt		
87724	,		
87725	sie	10294	(mention_id=10402|references=(entity=(entity_id=entity_0637|fullname=amerikanische Milizen|gender=m|specialcase_entity=group)))
87726	in		
87727	Musik		
87728	setzte		
87729	.		
87730	Die		
87731	Kerls	10295	(mention_id=10403|references=(entity=(entity_id=entity_0637|fullname=amerikanische Milizen|gender=m|specialcase_entity=group)))
87732	müßten		
87733	offenbar		
87734	nach		
87735	einem		
87736	travestirten		
87737	Feldmarsch		
87738	marschiren		
87739	,		
87740	der		
87741	ihre	10296	(mention_id=10404|references=(entity=(entity_id=entity_0637|fullname=amerikanische Milizen|gender=m|specialcase_entity=group)))
87742	militärische		
87743	Lächerlichkeit		
87744	auch		
87745	musikalisch		
87746	ausdrückte		
87747	.		
87748	Gesagt		
87749	,		
87750	gethan		
87751	.		
87752	Die		
87753	Engländer	10297	(mention_id=10405|references=(entity=(entity_id=entity_0641|fullname=englische Offiziere|gender=m|specialcase_entity=group)))
87754	hatten		
87755	einen		
87756	Spaßvogel	10298	(mention_id=10406|references=(entity=(entity_id=entity_0636|fullname=Dr. Shekbourg|gender=m)))
87757	unter		
87758	sich	10299	(mention_id=10407|references=(entity=(entity_id=entity_0641|fullname=englische Offiziere|gender=m|specialcase_entity=group)))
87759	,		
87760	einen		
87761	gewissen		
87762	Dr.	10300	(mention_id=10408|references=(entity=(entity_id=entity_0636|fullname=Dr. Shekbourg|gender=m)))
87763	Shekbourg	10300	(mention_id=10408|references=(entity=(entity_id=entity_0636|fullname=Dr. Shekbourg|gender=m)))
87764	.		
87765	Dieser	10301	(mention_id=10409|references=(entity=(entity_id=entity_0636|fullname=Dr. Shekbourg|gender=m)))
87766	erinnerte		
87767	sich	10302	(mention_id=10410|references=(entity=(entity_id=entity_0636|fullname=Dr. Shekbourg|gender=m)))
87768	einer		
87769	Schweinstreiber-Melodie		
87770	,		
87771	die		
87772	er	10303	(mention_id=10411|references=(entity=(entity_id=entity_0636|fullname=Dr. Shekbourg|gender=m)))
87773	einst		
87774	von		
87775	einem		
87776	Hannoveraner	10304	(mention_id=10412|references=(entity=(entity_id=entity_0666|fullname=Hannoveraner|gender=m)))
87777	gehört		
87778	hatte		
87779	,		
87780	welcher	10305	(mention_id=10413|references=(entity=(entity_id=entity_0666|fullname=Hannoveraner|gender=m)))
87781	sie		
87782	von		
87783	einer		
87784	westphälischen		
87785	Bauernhochzeit		
87786	herübergebracht		
87787	.		
87788	(		
87789	Unsre	10306	(mention_id=10414|references=(entity=(entity_id=entity_0514|fullname=Doctor Griswold|gender=m)),(entity=(entity_id=generic_4141|fullname=generic_0486|gender=u|specialcase_entity=generic)))
87790	National-Hymne		
87791	ist		
87792	also		
87793	deutsch		
87794	,		
87795	schaltete		
87796	der		
87797	Doctor	10307	(mention_id=10415|references=(entity=(entity_id=entity_0514|fullname=Doctor Griswold|gender=m)))
87798	verbindlich		
87799	gegen		
87800	Moorfeld	10308	(mention_id=10416|references=(entity=(entity_id=entity_0001|fullname=Dr. Moorfeld|gender=m)))
87801	ein		
87802	.		
87803	)		
87804	Dieser		
87805	Dr.	10309	(mention_id=10417|references=(entity=(entity_id=entity_0636|fullname=Dr. Shekbourg|gender=m)))
87806	Shekbourg	10309	(mention_id=10417|references=(entity=(entity_id=entity_0636|fullname=Dr. Shekbourg|gender=m)))
87807	,		
87808	fuhr		
87809	er	10310	(mention_id=10418|references=(entity=(entity_id=entity_0514|fullname=Doctor Griswold|gender=m)))
87810	fort		
87811	,		
87812	war		
87813	ein		
87814	Stück		
87815	von		
87816	einem		
87817	Componisten	10311	(mention_id=10419|references=(entity=(entity_id=entity_0636|fullname=Dr. Shekbourg|gender=m)))
87818	,		
87819	daneben		
87820	Dilettant	10312	(mention_id=10420|references=(entity=(entity_id=entity_0636|fullname=Dr. Shekbourg|gender=m)))
87821	in		
87822	der		
87823	Poeterei		
87824	,		
87825	vor		
87826	Allem		
87827	aber		
87828	,		
87829	wie		
87830	es		
87831	scheint		
87832	,		
87833	ein		
87834	Genie	10313	(mention_id=10421|references=(entity=(entity_id=entity_0636|fullname=Dr. Shekbourg|gender=m)))
87835	in		
87836	der		
87837	bas		
87838	comique		
87839	.		
87840	Er	10314	(mention_id=10422|references=(entity=(entity_id=entity_0636|fullname=Dr. Shekbourg|gender=m)))
87841	schrieb		
87842	also		
87843	seine	10315	(mention_id=10423|references=(entity=(entity_id=entity_0636|fullname=Dr. Shekbourg|gender=m)))
87844	Dudelsack-Melodie		
87845	al		
87846	marchia		
87847	nieder		
87848	,		
87849	verschnörkelte		
87850	sie		
87851	und		
87852	dichtete		
87853	einen		
87854	spaßhaften		
87855	Text		
87856	dazu		
87857	—		
87858	d.		
87859	h.		
87860	spaßhaft		
87861	wie		
87862	man		
87863	es		
87864	vor		
87865	hundert		
87866	Jahren		
87867	war		
87868	.		
87869	Satyrische		
87870	Stupfer		
87871	mit		
87872	Zaunpfählen		
87873	.		
87874	Als		
87875	ein		
87876	Humorist	10316	(mention_id=10424|references=(entity=(entity_id=entity_0636|fullname=Dr. Shekbourg|gender=m)))
87877	von		
87878	Tact		
87879	versäumte		
87880	er	10317	(mention_id=10425|references=(entity=(entity_id=entity_0636|fullname=Dr. Shekbourg|gender=m)))
87881	aber		
87882	auch		
87883	den		
87884	eingestreuten		
87885	Ernst		
87886	nicht		
87887	.		
87888	So		
87889	scheinen		
87890	namentlich		
87891	die		
87892	zwei		
87893	Verse		
87894	im		
87895	Refrain		
87896	:		
87897	Yankee		(mention_id=10426|references=(entity=(entity_id=generic_4142|fullname=generic_0487|gender=u|specialcase_entity=generic)))
87898	wahr'		
87899	die		
87900	Küste		
87901	dein		(mention_id=10427|references=(entity=(entity_id=generic_4143|fullname=generic_0488|gender=u|specialcase_entity=generic)))
87902	—		
87903	Kehr'		
87904	dich		(mention_id=10428|references=(entity=(entity_id=generic_4144|fullname=generic_0489|gender=u|specialcase_entity=generic)))
87905	nicht		
87906	an		
87907	Droh'n		
87908	und		
87909	Schrei'n		
87910	—		
87911	unsere	10318	(mention_id=10429|references=(entity=(entity_id=entity_0514|fullname=Doctor Griswold|gender=m)),(entity=(entity_id=generic_4145|fullname=generic_0490|gender=u|specialcase_entity=generic)))
87912	Vorfahren	10319	(mention_id=10430|references=(entity=(entity_id=entity_0637|fullname=amerikanische Milizen|gender=m|specialcase_entity=group)))
87913	dergestalt		
87914	satisfacirt		
87915	zu		
87916	haben		
87917	,		
87918	daß		
87919	sie	10320	(mention_id=10431|references=(entity=(entity_id=entity_0637|fullname=amerikanische Milizen|gender=m|specialcase_entity=group)))
87920	darüber		
87921	den		
87922	burlesken		
87923	Ton		
87924	des		
87925	ganzen		
87926	Liedes		
87927	,		
87928	besonders		
87929	aber		
87930	den		
87931	katzbuckelnden		
87932	Bedienten-Styl		
87933	in		
87934	der		
87935	fortwährenden		
87936	Wiederholung		
87937	des		
87938	Wortes		
87939	Sir	10321	(mention_id=10432|references=(entity=(entity_id=generic_4146|fullname=generic_0491|gender=u|specialcase_entity=generic)))
87940	,		
87941	Sir	10322	(mention_id=10433|references=(entity=(entity_id=generic_4147|fullname=generic_0492|gender=u|specialcase_entity=generic)))
87942	,		
87943	nicht		
87944	im		
87945	mindesten		
87946	krumm		
87947	nahmen		
87948	.		
87949	Die		
87950	Chronik		
87951	sagt		
87952	,		
87953	das		
87954	Offiziercorps	10323	(mention_id=10434|references=(entity=(entity_id=entity_0641|fullname=englische Offiziere|gender=m|specialcase_entity=group)))
87955	soll		
87956	sich	10324	(mention_id=10435|references=(entity=(entity_id=entity_0641|fullname=englische Offiziere|gender=m|specialcase_entity=group)))
87957	halb		
87958	todt		
87959	gelacht		
87960	haben		
87961	,		
87962	als		
87963	Dr.	10325	(mention_id=10436|references=(entity=(entity_id=entity_0636|fullname=Dr. Shekbourg|gender=m)))
87964	Shekbourg	10325	(mention_id=10436|references=(entity=(entity_id=entity_0636|fullname=Dr. Shekbourg|gender=m)))
87965	sein	10326	(mention_id=10437|references=(entity=(entity_id=entity_0636|fullname=Dr. Shekbourg|gender=m)))
87966	Machwerk		
87967	zum		
87968	erstenmal		
87969	producirte		
87970	.		
87971	Natürlich		
87972	kam		
87973	alles		
87974	auf		
87975	die		
87976	mimische		
87977	Selbstbeherrschung		
87978	an		
87979	,		
87980	womit		
87981	dieser	10327	(mention_id=10438|references=(entity=(entity_id=entity_0636|fullname=Dr. Shekbourg|gender=m)))
87982	seinen	10328	(mention_id=10439|references=(entity=(entity_id=entity_0636|fullname=Dr. Shekbourg|gender=m)))
87983	Bären		
87984	aufzubinden		
87985	verstand		
87986	.		
87987	Und		
87988	nun		
87989	seh'		
87990	ich	10329	(mention_id=10440|references=(entity=(entity_id=entity_0514|fullname=Doctor Griswold|gender=m)))
87991	den		
87992	närrischen		
87993	Kauz	10330	(mention_id=10441|references=(entity=(entity_id=entity_0636|fullname=Dr. Shekbourg|gender=m)))
87994	von		
87995	den		
87996	Schuhschnallen		
87997	bis		
87998	zur		
87999	Stutzperücke		
88000	mit		
88001	seiner	10331	(mention_id=10442|references=(entity=(entity_id=entity_0636|fullname=Dr. Shekbourg|gender=m)))
88002	Habichtsnase		
88003	und		
88004	seinen	10332	(mention_id=10443|references=(entity=(entity_id=entity_0636|fullname=Dr. Shekbourg|gender=m)))
88005	kleinen		
88006	klugen		
88007	Augen		
88008	hinter		
88009	der		
88010	großen		
88011	Brille		
88012	leibhaftig		
88013	vor		
88014	mir	10333	(mention_id=10444|references=(entity=(entity_id=entity_0514|fullname=Doctor Griswold|gender=m)))
88015	,		
88016	wie		
88017	er	10334	(mention_id=10445|references=(entity=(entity_id=entity_0636|fullname=Dr. Shekbourg|gender=m)))
88018	gravitätisch		
88019	in		
88020	unser	10335	(mention_id=10446|references=(entity=(entity_id=entity_0637|fullname=amerikanische Milizen|gender=m|specialcase_entity=group)),(entity=(entity_id=entity_0514|fullname=Doctor Griswold|gender=m)),(entity=(entity_id=generic_4148|fullname=generic_0493|gender=u|specialcase_entity=generic)))
88021	Lager		
88022	hinüberschreitet		
88023	und		
88024	die		
88025	Yankee's	10336	(mention_id=10447|references=(entity=(entity_id=entity_0637|fullname=amerikanische Milizen|gender=m|specialcase_entity=group)))
88026	mit		
88027	der		
88028	ernsthaftesten		
88029	Miene		
88030	von		
88031	der		
88032	Welt		
88033	versichert		
88034	,		
88035	ihre	10337	(mention_id=10448|references=(entity=(entity_id=entity_0637|fullname=amerikanische Milizen|gender=m|specialcase_entity=group)))
88036	Brüder	10338	(mention_id=10449|references=(entity=(entity_id=entity_0641|fullname=englische Offiziere|gender=m|specialcase_entity=group)))
88037	am		
88038	jenseitigen		
88039	Flügel		
88040	hätten		
88041	sich	10339	(mention_id=10450|references=(entity=(entity_id=entity_0641|fullname=englische Offiziere|gender=m|specialcase_entity=group)))
88042	ihre	10340	(mention_id=10451|references=(entity=(entity_id=entity_0637|fullname=amerikanische Milizen|gender=m|specialcase_entity=group)))
88043	veraltete		
88044	Feldmusik		
88045	zu		
88046	Herzen		
88047	genommen		
88048	.		
88049	Er	10341	(mention_id=10452|references=(entity=(entity_id=entity_0636|fullname=Dr. Shekbourg|gender=m)))
88050	bringe		
88051	da		
88052	ein		
88053	neues		
88054	,		
88055	feines		
88056	Feldstückchen		
88057	,		
88058	habe		
88059	auch		
88060	neue		
88061	liebliche		
88062	Verse		
88063	dazu		
88064	,		
88065	das		
88066	Alles		
88067	sei		
88068	fine		
88069	,		
88070	very		
88071	fine		
88072	.		
88073	Sie	10342	(mention_id=10453|references=(entity=(entity_id=entity_0637|fullname=amerikanische Milizen|gender=m|specialcase_entity=group)))
88074	möchten		
88075	sich	10343	(mention_id=10454|references=(entity=(entity_id=entity_0637|fullname=amerikanische Milizen|gender=m|specialcase_entity=group)))
88076	nur		
88077	bedienen		
88078	,		
88079	die		
88080	Engländer	10344	(mention_id=10455|references=(entity=(entity_id=entity_0641|fullname=englische Offiziere|gender=m|specialcase_entity=group)))
88081	gäben		
88082	es		
88083	gern		
88084	.		
88085	Ihr	10345	(mention_id=10456|references=(entity=(entity_id=entity_0641|fullname=englische Offiziere|gender=m|specialcase_entity=group)))
88086	großer		
88087	Händel		(mention_id=10457|references=(entity=(entity_id=entity_0678|fullname=Georg Friedrich Händel|gender=m)))
88088	versorge		
88089	sie	10346	(mention_id=10458|references=(entity=(entity_id=entity_0641|fullname=englische Offiziere|gender=m|specialcase_entity=group)))
88090	überflüssig		
88091	mit		
88092	so		
88093	galanten		
88094	Sachen		
88095	,		
88096	—		
88097	dies		
88098	sei		
88099	freilich		
88100	eins		
88101	der		
88102	galantesten		
88103	.		
88104	In		
88105	Wahrheit		
88106	,		
88107	der		
88108	alte		
88109	lustige		
88110	Herr	10347	(mention_id=10459|references=(entity=(entity_id=entity_0636|fullname=Dr. Shekbourg|gender=m)))
88111	muß		
88112	seine	10348	(mention_id=10460|references=(entity=(entity_id=entity_0636|fullname=Dr. Shekbourg|gender=m)))
88113	Sache		
88114	gut		
88115	gemacht		
88116	haben		
88117	,		
88118	denn		
88119	unsre	10349	(mention_id=10461|references=(entity=(entity_id=entity_0514|fullname=Doctor Griswold|gender=m)),(entity=(entity_id=generic_4149|fullname=generic_0494|gender=u|specialcase_entity=generic)))
88120	Jugend		(mention_id=10462|references=(entity=(entity_id=generic_4150|fullname=generic_0495|gender=u|specialcase_entity=generic)))
88121	tanzt		
88122	nun		
88123	für		
88124	ewig		
88125	nach		
88126	seinem	10350	(mention_id=10463|references=(entity=(entity_id=entity_0636|fullname=Dr. Shekbourg|gender=m)))
88127	Dudelsack		
88128	.		
88129	Der		
88130	Pfiff		
88131	war		
88132	vollkommen		
88133	geglückt		
88134	.		
88135	Unser	10351	(mention_id=10464|references=(entity=(entity_id=entity_0007|fullname=Erzählinstanz|gender=u)))
88136	Theezirkel		(mention_id=10465|references=(entity=(entity_id=entity_0529|fullname=Theepartie|gender=m|members=entity_0505,entity_0508,entity_0509,entity_0510,entity_0512,entity_0514,entity_0524|all_members_given=False|specialcase_entity=group)))
88137	erbaute		
88138	sich		(mention_id=10466|references=(entity=(entity_id=entity_0529|fullname=Theepartie|gender=m|members=entity_0505,entity_0508,entity_0509,entity_0510,entity_0512,entity_0514,entity_0524|all_members_given=False|specialcase_entity=group)))
88139	,		
88140	so		
88141	harmlos		
88142	,		
88143	als		
88144	sie		
88145	erzählt		
88146	war		
88147	,		
88148	an		
88149	dieser		
88150	Entstehung		
88151	von		
88152	Amerika's		
88153	National-Hymne		
88154	.		
88155	Nur		
88156	die		
88157	Milizoffiziere	10352	(mention_id=10467|references=(entity=(entity_id=entity_0510|fullname=Mr. Woods Schwager|gender=m)),(entity=(entity_id=entity_0512|fullname=Mr. Woods Schwiegersohn|gender=m)))
88158	lächelten		
88159	etwas		
88160	säuerlich		
88161	dazu		
88162	,		
88163	eingedenk		
88164	,		
88165	daß		
88166	sie	10353	(mention_id=10468|references=(entity=(entity_id=entity_0510|fullname=Mr. Woods Schwager|gender=m)),(entity=(entity_id=entity_0512|fullname=Mr. Woods Schwiegersohn|gender=m)))
88167	den		
88168	Vollgenuß		
88169	ihrer	10354	(mention_id=10469|references=(entity=(entity_id=entity_0510|fullname=Mr. Woods Schwager|gender=m)),(entity=(entity_id=entity_0512|fullname=Mr. Woods Schwiegersohn|gender=m)))
88170	strahlenden		
88171	Uniformen		
88172	selbst		
88173	nur		
88174	unter		
88175	den		
88176	süßen		
88177	Klängen		
88178	des		
88179	Yankee-Doodle		
88180	feierten		
88181	,		
88182	wenn		
88183	sie	10355	(mention_id=10470|references=(entity=(entity_id=entity_0510|fullname=Mr. Woods Schwager|gender=m)),(entity=(entity_id=entity_0512|fullname=Mr. Woods Schwiegersohn|gender=m)))
88184	nämlich		
88185	zweimal		
88186	des		
88187	Jahres		
88188	,		
88189	am		
88190	14.		
88191	Juni		
88192	,		
88193	dem		
88194	Gründungstage		
88195	der		
88196	Newyorker		
88197	Feuerwehr		
88198	,		
88199	und		
88200	am		
88201	4.		
88202	Juli		
88203	,		
88204	dem		
88205	Unabhängigkeitsfeste		
88206	der		
88207	Union		
88208	,		
88209	in		
88210	voller		
88211	Parade		
88212	ihre	10356	(mention_id=10471|references=(entity=(entity_id=entity_0510|fullname=Mr. Woods Schwager|gender=m)),(entity=(entity_id=entity_0512|fullname=Mr. Woods Schwiegersohn|gender=m)))
88213	Aufzüge		
88214	hielten		
88215	.		
88216	Mr.	10357	(mention_id=10472|references=(entity=(entity_id=entity_0509|fullname=Mr. Wood|gender=m)))
88217	Wood	10357	(mention_id=10472|references=(entity=(entity_id=entity_0509|fullname=Mr. Wood|gender=m)))
88218	,		
88219	der		
88220	hochschottische		
88221	Seifensieder	10358	(mention_id=10473|references=(entity=(entity_id=entity_0509|fullname=Mr. Wood|gender=m)))
88222	,		
88223	der	10359	(mention_id=10474|references=(entity=(entity_id=entity_0509|fullname=Mr. Wood|gender=m)))
88224	nie		
88225	ermangelte		
88226	,		
88227	den		
88228	Director	10360	(mention_id=10475|references=(entity=(entity_id=entity_0670|fullname=Director der Kriegsschule|gender=m)))
88229	der		
88230	Kriegsschule		
88231	zu		
88232	West-Point		
88233	Herr		
88234	College	10361	
88235	zu		
88236	tituliren		
88237	,		
88238	strengte		
88239	darum		
88240	schleunigst		
88241	seinen	10362	(mention_id=10476|references=(entity=(entity_id=entity_0509|fullname=Mr. Wood|gender=m)))
88242	Witz		
88243	an		
88244	,		
88245	das		
88246	Thema		
88247	des		
88248	amerikanischen		
88249	Kunstgefühls		
88250	mit		
88251	einem		
88252	dankbareren		
88253	zu		
88254	überbieten		
88255	.		
88256	Er	10363	(mention_id=10477|references=(entity=(entity_id=entity_0509|fullname=Mr. Wood|gender=m)))
88257	erzählte		
88258	Anecdoten		
88259	aus		
88260	dem		
88261	Gebiete		
88262	jener		
88263	National		
88264	Eigenschaft		
88265	,		
88266	die		
88267	der		
88268	Amerikaner	10364	(mention_id=10478|references=(entity=(entity_id=generic_4151|fullname=generic_0496|gender=u|specialcase_entity=generic)))
88269	„		
88270	smart		
88271	“		
88272	nennt		
88273	und		
88274	worin		
88275	seine	10365	(mention_id=10479|references=(entity=(entity_id=generic_4152|fullname=generic_0497|gender=u|specialcase_entity=generic)))
88276	stärkste		
88277	Seite		
88278	liegt		
88279	.		
88280	Von		
88281	der		
88282	Kunst		
88283	,		
88284	dem		
88285	Gesetze		
88286	eine		
88287	wächserne		
88288	Nase		
88289	zu		
88290	drehen		
88291	,		
88292	wollte		
88293	er	10366	(mention_id=10480|references=(entity=(entity_id=entity_0509|fullname=Mr. Wood|gender=m)))
88294	selbst		
88295	folgende		
88296	zwei		
88297	Beispiele		
88298	erlebt		
88299	haben		
88300	.		
88301	In		
88302	Connecticut		
88303	,		
88304	wo		
88305	am		
88306	Sonntag		
88307	das		
88308	Reisen		
88309	verboten		
88310	ist		
88311	,		
88312	fuhr		
88313	ich	10367	(mention_id=10481|references=(entity=(entity_id=entity_0509|fullname=Mr. Wood|gender=m)))
88314	mit		
88315	einem		
88316	Eingebornen	10368	(mention_id=10482|references=(entity=(entity_id=entity_0642|fullname=Eingeborener|gender=m)))
88317	am		
88318	Sonntag		
88319	spazieren		
88320	.		
88321	Mitten		
88322	auf		
88323	der		
88324	Landstraße		
88325	wurde		
88326	die		
88327	Equipage		
88328	von		
88329	einem		
88330	Konstabler	10369	(mention_id=10483|references=(entity=(entity_id=entity_0647|fullname=Konstabler|gender=m)))
88331	angehalten		
88332	.		
88333	Der		
88334	Konstabler	10370	(mention_id=10484|references=(entity=(entity_id=entity_0647|fullname=Konstabler|gender=m)))
88335	hielt		
88336	uns	10371	(mention_id=10485|references=(entity=(entity_id=entity_0509|fullname=Mr. Wood|gender=m)),(entity=(entity_id=entity_0642|fullname=Eingeborener|gender=m)))
88337	das		
88338	Gesetz		
88339	vor		
88340	,		
88341	und		
88342	forderte		
88343	uns	10372	(mention_id=10486|references=(entity=(entity_id=entity_0509|fullname=Mr. Wood|gender=m)),(entity=(entity_id=entity_0642|fullname=Eingeborener|gender=m)))
88344	auf		
88345	,		
88346	sofort		
88347	mit		
88348	ihm		(mention_id=10487|references=(entity=(entity_id=entity_0647|fullname=Konstabler|gender=m)))
88349	umzukehren		
88350	.		
88351	Gott		
88352	bewahre		
88353	,		
88354	mein	10373	(mention_id=10488|references=(entity=(entity_id=entity_0642|fullname=Eingeborener|gender=m)))
88355	Freund	10374	(mention_id=10489|references=(entity=(entity_id=entity_0509|fullname=Mr. Wood|gender=m)))
88356	,		
88357	rief		
88358	der		
88359	Mann	10375	(mention_id=10490|references=(entity=(entity_id=entity_0642|fullname=Eingeborener|gender=m)))
88360	aus		
88361	Connecticut		
88362	ohne		
88363	Anstand		
88364	,		
88365	wenn		
88366	es		
88367	bei		
88368	uns	10376	(mention_id=10491|references=(entity=(entity_id=entity_0642|fullname=Eingeborener|gender=m)),(entity=(entity_id=entity_0509|fullname=Mr. Wood|gender=m)))
88369	Gesetz		
88370	ist		
88371	,		
88372	am		
88373	Sonntage		
88374	nicht		
88375	zu		
88376	fahren		
88377	,		
88378	was		
88379	ich	10377	(mention_id=10492|references=(entity=(entity_id=entity_0642|fullname=Eingeborener|gender=m)))
88380	leider		
88381	nicht		
88382	wußte		
88383	,		
88384	so		
88385	kann		
88386	dem		
88387	Gesetze		
88388	nicht		
88389	prompt		
88390	genug		
88391	Folge		
88392	geleistet		
88393	werden		
88394	.		
88395	Ich	10378	(mention_id=10493|references=(entity=(entity_id=entity_0642|fullname=Eingeborener|gender=m)))
88396	darf		
88397	die		
88398	Pferde		
88399	jetzt		
88400	keinen		
88401	Huf		
88402	mehr		
88403	aufheben		
88404	lassen		
88405	,		
88406	weder		
88407	vor-		
88408	noch		
88409	rückwärts		
88410	.		
88411	Es		
88412	bleibt		
88413	uns	10379	(mention_id=10494|references=(entity=(entity_id=entity_0642|fullname=Eingeborener|gender=m)),(entity=(entity_id=entity_0509|fullname=Mr. Wood|gender=m)))
88414	nichts		
88415	anders		
88416	übrig		
88417	,		
88418	als		
88419	auf		
88420	diesem		
88421	Punkte		
88422	hier		
88423	stehen		
88424	zu		
88425	bleiben		
88426	und		
88427	den		
88428	Montag		
88429	abzuwarten		
88430	.		
88431	Das		
88432	ist		
88433	klar		
88434	.		
88435	Nicht		
88436	wahr		
88437	,		
88438	Herr	10380	(mention_id=10495|references=(entity=(entity_id=entity_0509|fullname=Mr. Wood|gender=m)))
88439	Major	10380	(mention_id=10495|references=(entity=(entity_id=entity_0509|fullname=Mr. Wood|gender=m)))
88440	,		
88441	Sie	10381	(mention_id=10496|references=(entity=(entity_id=entity_0509|fullname=Mr. Wood|gender=m)))
88442	bringen		
88443	unsern	10382	(mention_id=10497|references=(entity=(entity_id=entity_0642|fullname=Eingeborener|gender=m)),(entity=(entity_id=entity_0509|fullname=Mr. Wood|gender=m)),(entity=(entity_id=entity_0647|fullname=Konstabler|gender=m)),(entity=(entity_id=generic_4153|fullname=generic_0498|gender=u|specialcase_entity=generic)))
88444	heiligen		
88445	Institutionen		
88446	dieses		
88447	Opfer		
88448	.		
88449	Mit		
88450	Vergnügen		
88451	,		
88452	sagte		
88453	ich	10383	(mention_id=10498|references=(entity=(entity_id=entity_0509|fullname=Mr. Wood|gender=m)))
88454	.		
88455	Der		
88456	Konstabler	10384	(mention_id=10499|references=(entity=(entity_id=entity_0647|fullname=Konstabler|gender=m)))
88457	machte		
88458	ein		
88459	langes		
88460	Gesicht		
88461	und		
88462	zog		
88463	ab		
88464	.		
88465	Als		
88466	wir	10385	(mention_id=10500|references=(entity=(entity_id=entity_0509|fullname=Mr. Wood|gender=m)),(entity=(entity_id=entity_0642|fullname=Eingeborener|gender=m)))
88467	ihn	10386	(mention_id=10501|references=(entity=(entity_id=entity_0647|fullname=Konstabler|gender=m)))
88468	aus		
88469	den		
88470	Augen		
88471	verloren		
88472	hatten		
88473	,		
88474	fuhren		
88475	wir	10387	(mention_id=10502|references=(entity=(entity_id=entity_0509|fullname=Mr. Wood|gender=m)),(entity=(entity_id=entity_0642|fullname=Eingeborener|gender=m)))
88476	weiter		
88477	.		
88478	—		
88479	Ein		
88480	andermal		
88481	begegne		
88482	ich	10388	(mention_id=10503|references=(entity=(entity_id=entity_0509|fullname=Mr. Wood|gender=m)))
88483	meinem	10389	(mention_id=10504|references=(entity=(entity_id=entity_0509|fullname=Mr. Wood|gender=m)))
88484	alten		
88485	Freund	10390	(mention_id=10505|references=(entity=(entity_id=entity_0635|fullname=Kapitän Tim Auspice|gender=m)))
88486	,		
88487	dem		
88488	lustigen		
88489	Kapitän	10391	(mention_id=10506|references=(entity=(entity_id=entity_0635|fullname=Kapitän Tim Auspice|gender=m)))
88490	Tim	10391	(mention_id=10506|references=(entity=(entity_id=entity_0635|fullname=Kapitän Tim Auspice|gender=m)))
88491	Auspice	10391	(mention_id=10506|references=(entity=(entity_id=entity_0635|fullname=Kapitän Tim Auspice|gender=m)))
88492	,		
88493	auf		
88494	der		
88495	Straße		
88496	von		
88497	Newburyport		
88498	nach		
88499	Salem		
88500	in		
88501	Massachusetts		
88502	.		
88503	Der		
88504	gute		
88505	Alte	10392	(mention_id=10507|references=(entity=(entity_id=entity_0635|fullname=Kapitän Tim Auspice|gender=m)))
88506	hatte		
88507	längst		
88508	„		
88509	beigelegt		
88510	“		
88511	und		
88512	rauchte		
88513	seine	10393	(mention_id=10508|references=(entity=(entity_id=entity_0635|fullname=Kapitän Tim Auspice|gender=m)))
88514	Friedenspfeife		
88515	im		
88516	sicheren		
88517	Port		
88518	,		
88519	damals		
88520	aber		
88521	trabte		
88522	er	10394	(mention_id=10509|references=(entity=(entity_id=entity_0635|fullname=Kapitän Tim Auspice|gender=m)))
88523	einen		
88524	wahren		
88525	Bräutigamstrab		
88526	mit		
88527	seinem	10395	(mention_id=10510|references=(entity=(entity_id=entity_0635|fullname=Kapitän Tim Auspice|gender=m)))
88528	hartmäuligen		
88529	Cyrus		
88530	;		
88531	ich	10396	(mention_id=10511|references=(entity=(entity_id=entity_0509|fullname=Mr. Wood|gender=m)))
88532	denke		
88533	,		
88534	es		
88535	gilt		
88536	irgend		
88537	eine		
88538	capitale		
88539	Wette		
88540	.		
88541	Wo		
88542	hinaus		
88543	,		
88544	flotte		
88545	Seele		(mention_id=10512|references=(entity=(entity_id=entity_0635|fullname=Kapitän Tim Auspice|gender=m)|specialcase_reference=figurative))
88546	?		
88547	ruf'		
88548	ich	10397	(mention_id=10513|references=(entity=(entity_id=entity_0509|fullname=Mr. Wood|gender=m)))
88549	ganz		
88550	erstaunt		
88551	über		
88552	den		
88553	närrischen		
88554	Ritt		
88555	,		
88556	ich	10398	(mention_id=10514|references=(entity=(entity_id=entity_0509|fullname=Mr. Wood|gender=m)))
88557	rathe		
88558	,		
88559	Ihr	10399	(mention_id=10515|references=(entity=(entity_id=entity_0635|fullname=Kapitän Tim Auspice|gender=m)))
88560	habt		
88561	des		
88562	Orts		
88563	hier		
88564	herum		
88565	eine		
88566	halbe		
88567	Million		
88568	aufzuheben		
88569	?		
88570	Nicht		
88571	doch		
88572	,		
88573	lieber		
88574	Major	10400	(mention_id=10516|references=(entity=(entity_id=entity_0509|fullname=Mr. Wood|gender=m)))
88575	,		
88576	ich	10401	(mention_id=10517|references=(entity=(entity_id=entity_0635|fullname=Kapitän Tim Auspice|gender=m)))
88577	will		
88578	bloß		
88579	die		
88580	hübschen		
88581	Mädchen	10402	(mention_id=10518|references=(entity=(entity_id=entity_0681|fullname=Mädchen in Salem|gender=f|specialcase_entity=group)))
88582	in		
88583	Salem		
88584	küssen		
88585	.		
88586	Gut		
88587	,		
88588	dann		
88589	reiten		
88590	wir	10403	(mention_id=10519|references=(entity=(entity_id=entity_0509|fullname=Mr. Wood|gender=m)),(entity=(entity_id=entity_0635|fullname=Kapitän Tim Auspice|gender=m)))
88591	miteinander		
88592	,		
88593	sag'		
88594	ich	10404	(mention_id=10520|references=(entity=(entity_id=entity_0509|fullname=Mr. Wood|gender=m)))
88595	lachend		
88596	.		
88597	Das		
88598	sollt'		
88599	Euch	10405	(mention_id=10521|references=(entity=(entity_id=entity_0509|fullname=Mr. Wood|gender=m)))
88600	übel		
88601	bekommen		
88602	,		
88603	ich	10406	(mention_id=10522|references=(entity=(entity_id=entity_0635|fullname=Kapitän Tim Auspice|gender=m)))
88604	denke		
88605	,		
88606	Ihr	10407	(mention_id=10523|references=(entity=(entity_id=entity_0509|fullname=Mr. Wood|gender=m)))
88607	seid		
88608	noch		
88609	ein		
88610	wenig		
88611	zu		
88612	jung		
88613	dazu		
88614	,		
88615	Herr	10408	(mention_id=10524|references=(entity=(entity_id=entity_0509|fullname=Mr. Wood|gender=m)))
88616	Major	10408	(mention_id=10524|references=(entity=(entity_id=entity_0509|fullname=Mr. Wood|gender=m)))
88617	.		
88618	Ich	10409	(mention_id=10525|references=(entity=(entity_id=entity_0509|fullname=Mr. Wood|gender=m)))
88619	will		
88620	verdammt		
88621	sein		
88622	,		
88623	wenn		
88624	man		
88625	nicht		
88626	schon		
88627	einen		
88628	bessern		
88629	Scherz		
88630	von		
88631	Euch	10410	(mention_id=10526|references=(entity=(entity_id=entity_0635|fullname=Kapitän Tim Auspice|gender=m)))
88632	hörte		
88633	,		
88634	sagt'		
88635	ich	10411	(mention_id=10527|references=(entity=(entity_id=entity_0509|fullname=Mr. Wood|gender=m)))
88636	empfindlich		
88637	,		
88638	denn		
88639	das		
88640	werd		
88641	ich	10412	(mention_id=10528|references=(entity=(entity_id=entity_0509|fullname=Mr. Wood|gender=m)))
88642	bald		
88643	.		
88644	Gut		
88645	,		
88646	dann		
88647	seid		
88648	Ihr	10413	(mention_id=10529|references=(entity=(entity_id=entity_0509|fullname=Mr. Wood|gender=m)))
88649	verdammt		
88650	,		
88651	lieber		
88652	Major	10414	(mention_id=10530|references=(entity=(entity_id=entity_0509|fullname=Mr. Wood|gender=m)))
88653	,		
88654	denn		
88655	ich	10415	(mention_id=10531|references=(entity=(entity_id=entity_0635|fullname=Kapitän Tim Auspice|gender=m)))
88656	rathe		
88657	,		
88658	es		
88659	ist		
88660	mein	10416	(mention_id=10532|references=(entity=(entity_id=entity_0635|fullname=Kapitän Tim Auspice|gender=m)))
88661	bester		
88662	Scherz		
88663	,		
88664	den		
88665	ich	10417	(mention_id=10533|references=(entity=(entity_id=entity_0635|fullname=Kapitän Tim Auspice|gender=m)))
88666	da		
88667	vorhabe		
88668	.		
88669	Was		
88670	meint		
88671	Ihr	10418	(mention_id=10534|references=(entity=(entity_id=entity_0509|fullname=Mr. Wood|gender=m)))
88672	?		
88673	Ich	10419	(mention_id=10535|references=(entity=(entity_id=entity_0635|fullname=Kapitän Tim Auspice|gender=m)))
88674	lese		
88675	auf		
88676	meine	10420	(mention_id=10536|references=(entity=(entity_id=entity_0635|fullname=Kapitän Tim Auspice|gender=m)))
88677	alten		
88678	Tage		
88679	allerlei		
88680	alten		
88681	Schnack		
88682	durcheinander		
88683	,		
88684	unter		
88685	anderen		
88686	auch		
88687	die		
88688	Geschichten		
88689	und		
88690	Rechtsgewohnheiten		
88691	unsrer	10421	(mention_id=10537|references=(entity=(entity_id=entity_0635|fullname=Kapitän Tim Auspice|gender=m)),(entity=(entity_id=entity_0509|fullname=Mr. Wood|gender=m)),(entity=(entity_id=generic_4154|fullname=generic_0499|gender=u|specialcase_entity=generic)))
88692	Neuenglandstaaten	10422	
88693	hier		
88694	.		
88695	Nun		
88696	haben		
88697	die		
88698	Narren	10423	(mention_id=10538|references=(entity=(entity_id=generic_4155|fullname=generic_0500|gender=u|specialcase_entity=generic)))
88699	zu		
88700	Salem		
88701	heutiges		
88702	Tags		
88703	noch		
88704	ein		
88705	Gesetz		
88706	,		
88707	lieber		
88708	Major	10424	(mention_id=10539|references=(entity=(entity_id=entity_0509|fullname=Mr. Wood|gender=m)))
88709	,		
88710	ein		
88711	puritanisches		
88712	Gesetz		
88713	,		
88714	das		
88715	lautet		
88716	buchstäblich		
88717	wie		
88718	folgt		
88719	:		
88720	Wenn		
88721	ein		
88722	junger		
88723	Mann	10425	(mention_id=10540|references=(entity=(entity_id=generic_4156|fullname=generic_0501|gender=u|specialcase_entity=generic)))
88724	ein		
88725	Mädchen	10426	(mention_id=10541|references=(entity=(entity_id=generic_4157|fullname=generic_0502|gender=u|specialcase_entity=generic)))
88726	ohne		
88727	Zustimmung		
88728	ihrer	10427	(mention_id=10542|references=(entity=(entity_id=generic_4158|fullname=generic_0503|gender=u|specialcase_entity=generic)))
88729	Eltern	10428	(mention_id=10543|references=(entity=(entity_id=generic_4159|fullname=generic_0504|gender=u|specialcase_entity=generic)))
88730	anzureden		
88731	wagt		
88732	,		
88733	oder		
88734	wohl		
88735	gar		
88736	es	10429	(mention_id=10544|references=(entity=(entity_id=generic_4160|fullname=generic_0505|gender=u|specialcase_entity=generic)))
88737	küßt		
88738	,		
88739	so		
88740	soll		
88741	er	10430	(mention_id=10545|references=(entity=(entity_id=generic_4161|fullname=generic_0506|gender=u|specialcase_entity=generic)))
88742	das		
88743	erstemal		
88744	um		
88745	fünf		
88746	Pfund		
88747	,		
88748	das		
88749	zweitemal		
88750	um		
88751	das		
88752	Doppelte		
88753	bestraft		
88754	,		
88755	und		
88756	das		
88757	drittemal		
88758	eingesperrt		
88759	werden		
88760	.		
88761	Wie		
88762	gefällt		
88763	Euch	10431	(mention_id=10546|references=(entity=(entity_id=entity_0509|fullname=Mr. Wood|gender=m)))
88764	der		
88765	Spaß		
88766	?		
88767	Nicht		
88768	wahr		
88769	,		
88770	das		
88771	ist		
88772	„		
88773	schlechte		
88774	Medicin		
88775	“		
88776	wie		
88777	ein		
88778	Indianer	10432	(mention_id=10547|references=(entity=(entity_id=generic_4162|fullname=generic_0507|gender=u|specialcase_entity=generic)))
88779	sagen		
88780	würde		
88781	.		
88782	Ihr	10433	(mention_id=10548|references=(entity=(entity_id=entity_0509|fullname=Mr. Wood|gender=m)))
88783	seht		
88784	aber		
88785	wohl		
88786	,		
88787	daß		
88788	ein		
88789	alter		
88790	Nigger	10434	(mention_id=10549|references=(entity=(entity_id=entity_0635|fullname=Kapitän Tim Auspice|gender=m)))
88791	,		
88792	wie		
88793	ich	10435	(mention_id=10550|references=(entity=(entity_id=entity_0635|fullname=Kapitän Tim Auspice|gender=m)))
88794	,		
88795	nirgends		
88796	ungestrafter		
88797	küssen		
88798	kann		
88799	als		
88800	in		
88801	Salem		
88802	.		
88803	Denn		
88804	das		
88805	Gesetz		
88806	sagt		
88807	nur		
88808	:		
88809	wenn		
88810	ein		
88811	junger		
88812	Mann	10436	(mention_id=10551|references=(entity=(entity_id=generic_4163|fullname=generic_0508|gender=u|specialcase_entity=generic)))
88813	—		
88814	und		
88815	die		
88816	Jury	10437	(mention_id=10552|references=(entity=(entity_id=entity_0659|fullname=hypothetische Jury|gender=u|specialcase_entity=group,nonfact)))
88817	möcht'		
88818	ich	10438	(mention_id=10553|references=(entity=(entity_id=entity_0635|fullname=Kapitän Tim Auspice|gender=m)))
88819	wohl		
88820	sehen		
88821	,		
88822	die	10439	(mention_id=10554|references=(entity=(entity_id=entity_0659|fullname=hypothetische Jury|gender=u|specialcase_entity=group,nonfact)))
88823	mir	10440	(mention_id=10555|references=(entity=(entity_id=entity_0635|fullname=Kapitän Tim Auspice|gender=m)))
88824	beweist		
88825	,		
88826	daß		
88827	ich	10441	(mention_id=10556|references=(entity=(entity_id=entity_0635|fullname=Kapitän Tim Auspice|gender=m)))
88828	ein		
88829	junger		
88830	Mann	10442	(mention_id=10557|references=(entity=(entity_id=entity_0635|fullname=Kapitän Tim Auspice|gender=m)))
88831	bin		
88832	.		
88833	In		
88834	Wahrheit		
88835	,		
88836	Sir	10443	(mention_id=10558|references=(entity=(entity_id=entity_0509|fullname=Mr. Wood|gender=m)))
88837	,		
88838	ich	10444	(mention_id=10559|references=(entity=(entity_id=entity_0635|fullname=Kapitän Tim Auspice|gender=m)))
88839	werde		
88840	denen	10445	(mention_id=10560|references=(entity=(entity_id=generic_4164|fullname=generic_0509|gender=u|specialcase_entity=generic)))
88841	zu		
88842	Salem		
88843	einen		
88844	hübschen		
88845	Esel		
88846	bohren		
88847	,		
88848	rath'		
88849	ich	10446	(mention_id=10561|references=(entity=(entity_id=entity_0635|fullname=Kapitän Tim Auspice|gender=m)))
88850	.		
88851	Darauf		
88852	allein		
88853	reit'		
88854	ich	10447	(mention_id=10562|references=(entity=(entity_id=entity_0635|fullname=Kapitän Tim Auspice|gender=m)))
88855	jetzt		
88856	aus		
88857	.		
88858	Hi		
88859	,		
88860	Cyrus	10448	
88861	,		
88862	hi		
88863	!		
88864	Good		
88865	everning		
88866	,		
88867	Sir	10449	(mention_id=10563|references=(entity=(entity_id=entity_0509|fullname=Mr. Wood|gender=m)))
88868	!		
88869	Und		
88870	so		
88871	ritt		
88872	der		
88873	alte		
88874	Schelm	10450	(mention_id=10564|references=(entity=(entity_id=entity_0635|fullname=Kapitän Tim Auspice|gender=m)))
88875	von		
88876	dannen		
88877	.		
88878	Mr.	10451	(mention_id=10565|references=(entity=(entity_id=entity_0505|fullname=Mr. Livingstone|gender=m)))
88879	Livingstone	10451	(mention_id=10565|references=(entity=(entity_id=entity_0505|fullname=Mr. Livingstone|gender=m)))
88880	sagte		
88881	:		
88882	Was		
88883	der		
88884	Amerikaner	10452	(mention_id=10566|references=(entity=(entity_id=generic_4165|fullname=generic_0510|gender=u|specialcase_entity=generic)))
88885	mit		
88886	dem		
88887	Worte		
88888	„		
88889	smart		
88890	“		
88891	bezeichnet		
88892	,		
88893	scheint		
88894	in		
88895	unserer	10453	(mention_id=10567|references=(entity=(entity_id=entity_0505|fullname=Mr. Livingstone|gender=m)),(entity=(entity_id=generic_4166|fullname=generic_0511|gender=u|specialcase_entity=generic)))
88896	Luft		
88897	selbst		
88898	zu		
88899	liegen		
88900	,		
88901	nicht		
88902	bloß		
88903	in		
88904	unsrer	10454	(mention_id=10568|references=(entity=(entity_id=entity_0505|fullname=Mr. Livingstone|gender=m)),(entity=(entity_id=generic_4167|fullname=generic_0512|gender=u|specialcase_entity=generic)))
88905	Race		
88906	;		
88907	denn		
88908	smart		
88909	kann		
88910	der		
88911	Nigger	10455	(mention_id=10569|references=(entity=(entity_id=generic_4168|fullname=generic_0513|gender=u|specialcase_entity=generic)))
88912	so		
88913	gut		
88914	sein		
88915	,		
88916	als		
88917	der		
88918	Weiße	10456	(mention_id=10570|references=(entity=(entity_id=generic_4169|fullname=generic_0514|gender=u|specialcase_entity=generic)))
88919	.		
88920	Natürlich		
88921	wird		
88922	bei		
88923	diesem	10457	(mention_id=10571|references=(entity=(entity_id=generic_4170|fullname=generic_0515|gender=u|specialcase_entity=generic)))
88924	mehr		
88925	oder		
88926	minder		
88927	die		
88928	gentlemännische		
88929	Form		
88930	,		
88931	der		
88932	Tact		
88933	des		
88934	Maßes		
88935	und		
88936	der		
88937	Schicklichkeit		
88938	fehlen		
88939	,		
88940	und		
88941	der		
88942	Charakter		
88943	des		
88944	Grotesken		
88945	oder		
88946	Burlesken		
88947	dafür		
88948	an		
88949	die		
88950	Stelle		
88951	treten		
88952	.		
88953	Solch		
88954	ein		
88955	burlesker		
88956	smart-man	10458	(mention_id=10572|references=(entity=(entity_id=entity_0633|fullname=Neger Scipio|gender=m)))
88957	war		
88958	jener		
88959	Neger	10459	(mention_id=10573|references=(entity=(entity_id=entity_0633|fullname=Neger Scipio|gender=m)))
88960	Scipio	10459	(mention_id=10573|references=(entity=(entity_id=entity_0633|fullname=Neger Scipio|gender=m)))
88961	,		
88962	ein		
88963	freier		
88964	und		
88965	stimmberechtigter		
88966	Bürger	10460	(mention_id=10574|references=(entity=(entity_id=entity_0633|fullname=Neger Scipio|gender=m)))
88967	der		
88968	Union		
88969	,		
88970	seines	10461	(mention_id=10575|references=(entity=(entity_id=entity_0633|fullname=Neger Scipio|gender=m)))
88971	Berufes		
88972	aber		
88973	Dienstmann	10462	(mention_id=10576|references=(entity=(entity_id=entity_0633|fullname=Neger Scipio|gender=m)))
88974	im		
88975	Hause		
88976	des		
88977	berühmten		
88978	Girard	10463	(mention_id=10577|references=(entity=(entity_id=entity_0632|fullname=Girard|gender=m)))
88979	zu		
88980	Philadelphia		
88981	.		
88982	Das		
88983	Geschichtchen		
88984	,		
88985	von		
88986	dem		
88987	ich	10464	(mention_id=10578|references=(entity=(entity_id=entity_0505|fullname=Mr. Livingstone|gender=m)))
88988	spreche		
88989	,		
88990	trug		
88991	sich		
88992	bei		
88993	Gelegenheit		
88994	der		
88995	letzten		
88996	Präsidentenwahl		
88997	zu		
88998	.		
88999	Girard	10465	(mention_id=10579|references=(entity=(entity_id=entity_0632|fullname=Girard|gender=m)))
89000	hielt		
89001	natürlich		
89002	,		
89003	wie		
89004	alle		
89005	großen		
89006	Financiers	10466	(mention_id=10580|references=(entity=(entity_id=entity_0632|fullname=Girard|gender=m)),(entity=(entity_id=generic_4171|fullname=generic_0516|gender=u|specialcase_entity=generic)))
89007	,		
89008	zur		
89009	schwarzen		
89010	Cocarde		
89011	,		
89012	der		
89013	Neger	10467	(mention_id=10581|references=(entity=(entity_id=entity_0633|fullname=Neger Scipio|gender=m)))
89014	Scipio	10467	(mention_id=10581|references=(entity=(entity_id=entity_0633|fullname=Neger Scipio|gender=m)))
89015	war		
89016	für		
89017	Jackson	10468	(mention_id=10582|references=(entity=(entity_id=entity_0466|fullname=Andrew Jackson|gender=m)))
89018	.		
89019	Girard's	10469	(mention_id=10583|references=(entity=(entity_id=entity_0632|fullname=Girard|gender=m)))
89020	Charakter		
89021	ist		
89022	bekannt		
89023	.		
89024	Er	10470	(mention_id=10584|references=(entity=(entity_id=entity_0632|fullname=Girard|gender=m)))
89025	konnte		
89026	großherzig		
89027	wie		
89028	ein		
89029	Lord	10471	(mention_id=10585|references=(entity=(entity_id=entity_0632|fullname=Girard|gender=m)|specialcase_reference=figurative))
89030	und		
89031	mesquin		
89032	wie		
89033	ein		
89034	Holländer	10472	(mention_id=10586|references=(entity=(entity_id=entity_0632|fullname=Girard|gender=m)|specialcase_reference=figurative))
89035	sein		
89036	,		
89037	und		
89038	letzteres		
89039	war		
89040	er	10473	(mention_id=10587|references=(entity=(entity_id=entity_0632|fullname=Girard|gender=m)))
89041	sicher		
89042	,		
89043	wenn		
89044	ihm	10474	(mention_id=10588|references=(entity=(entity_id=entity_0632|fullname=Girard|gender=m)))
89045	irgend		
89046	etwas		
89047	gegen		
89048	seinen	10475	(mention_id=10589|references=(entity=(entity_id=entity_0632|fullname=Girard|gender=m)))
89049	eigensinnigen		
89050	Gascogner-Kopf	10476	
89051	ging		
89052	.		
89053	Er	10477	(mention_id=10590|references=(entity=(entity_id=entity_0632|fullname=Girard|gender=m)))
89054	schämte		
89055	sich	10478	(mention_id=10591|references=(entity=(entity_id=entity_0632|fullname=Girard|gender=m)))
89056	dann		
89057	der		
89058	kleinlichsten		
89059	Tracasserien		
89060	nicht		
89061	,		
89062	sich	10479	(mention_id=10592|references=(entity=(entity_id=entity_0632|fullname=Girard|gender=m)))
89063	an		
89064	seinem	10480	(mention_id=10593|references=(entity=(entity_id=entity_0632|fullname=Girard|gender=m)))
89065	Widersacher	10481	(mention_id=10594|references=(entity=(entity_id=entity_0633|fullname=Neger Scipio|gender=m)))
89066	auszulassen		
89067	.		
89068	So		
89069	ärgerte		
89070	ihn	10482	(mention_id=10595|references=(entity=(entity_id=entity_0632|fullname=Girard|gender=m)))
89071	die		
89072	politische		
89073	Gegnerschaft		
89074	seines	10483	(mention_id=10596|references=(entity=(entity_id=entity_0632|fullname=Girard|gender=m)))
89075	Hausnegers	10484	(mention_id=10597|references=(entity=(entity_id=entity_0633|fullname=Neger Scipio|gender=m)))
89076	.		
89077	Er	10485	(mention_id=10598|references=(entity=(entity_id=entity_0632|fullname=Girard|gender=m)))
89078	war		
89079	fest		
89080	entschlossen		
89081	,		
89082	den		
89083	General	10486	(mention_id=10599|references=(entity=(entity_id=entity_0466|fullname=Andrew Jackson|gender=m)))
89084	Jackson	10486	(mention_id=10599|references=(entity=(entity_id=entity_0466|fullname=Andrew Jackson|gender=m)))
89085	um		
89086	die		
89087	Stimme		
89088	dieses		
89089	Einen		
89090	Mannes	10487	(mention_id=10600|references=(entity=(entity_id=entity_0633|fullname=Neger Scipio|gender=m)))
89091	zu		
89092	bringen		
89093	.		
89094	Am		
89095	Wahltage		
89096	ersann		
89097	er	10488	(mention_id=10601|references=(entity=(entity_id=entity_0632|fullname=Girard|gender=m)))
89098	sich	10489	(mention_id=10602|references=(entity=(entity_id=entity_0632|fullname=Girard|gender=m)))
89099	alle		
89100	möglichen		
89101	Arbeiten		
89102	,		
89103	um		
89104	den		
89105	armen		
89106	Neger	10490	(mention_id=10603|references=(entity=(entity_id=entity_0633|fullname=Neger Scipio|gender=m)))
89107	so		
89108	zu		
89109	beschäftigen		
89110	,		
89111	daß		
89112	es		
89113	ihm	10491	(mention_id=10604|references=(entity=(entity_id=entity_0633|fullname=Neger Scipio|gender=m)))
89114	unmöglich		
89115	sein		
89116	sollte		
89117	,		
89118	seinen	10492	(mention_id=10605|references=(entity=(entity_id=entity_0633|fullname=Neger Scipio|gender=m)))
89119	Stimmzettel		
89120	abzugeben		
89121	.		
89122	Scipio	10493	(mention_id=10606|references=(entity=(entity_id=entity_0633|fullname=Neger Scipio|gender=m)))
89123	ließ		
89124	sich	10494	(mention_id=10607|references=(entity=(entity_id=entity_0633|fullname=Neger Scipio|gender=m)))
89125	Alles		
89126	gefallen		
89127	.		
89128	Zuletzt		
89129	,		
89130	als		
89131	schon		
89132	der		
89133	Tag		
89134	zu		
89135	Ende		
89136	ging		
89137	,		
89138	und		
89139	die		
89140	Wahlurne		
89141	nur		
89142	noch		
89143	eine		
89144	halbe		
89145	Stunde		
89146	offen		
89147	stand		
89148	,		
89149	beordert		
89150	ihn	10495	(mention_id=10608|references=(entity=(entity_id=entity_0633|fullname=Neger Scipio|gender=m)))
89151	Girard	10496	(mention_id=10609|references=(entity=(entity_id=entity_0632|fullname=Girard|gender=m)))
89152	auch		
89153	noch		
89154	auf's		
89155	Dach		
89156	hinauf		
89157	,		
89158	er	10497	(mention_id=10610|references=(entity=(entity_id=entity_0633|fullname=Neger Scipio|gender=m)))
89159	möge		
89160	den		
89161	schadhaften		
89162	Schieferziegeln		
89163	nachsehen		
89164	.		
89165	Scipio	10498	(mention_id=10611|references=(entity=(entity_id=entity_0633|fullname=Neger Scipio|gender=m)))
89166	that		
89167	auch		
89168	das		
89169	.		
89170	Schon		
89171	war		
89172	der		
89173	intriguante		
89174	Franzose	10499	(mention_id=10612|references=(entity=(entity_id=entity_0632|fullname=Girard|gender=m)))
89175	seines	10500	(mention_id=10613|references=(entity=(entity_id=entity_0632|fullname=Girard|gender=m)))
89176	Sieges		
89177	gewiß		
89178	.		
89179	Solch		
89180	blödes		
89181	Nigger-Vieh	10501	
89182	ist		
89183	doch		
89184	für		
89185	Dollar-Klang		
89186	ein		
89187	willenloses		
89188	Werkzeug		
89189	,		
89190	dachte		
89191	der		
89192	goldgewaltige		
89193	Eigenthümer	10502	(mention_id=10614|references=(entity=(entity_id=entity_0632|fullname=Girard|gender=m)))
89194	von		
89195	zwanzig		
89196	Schiffen		
89197	;		
89198	—		
89199	und		
89200	das		
89201	will		
89202	Staatsbürger	10503	(mention_id=10615|references=(entity=(entity_id=entity_0633|fullname=Neger Scipio|gender=m)))
89203	sein		
89204	!		
89205	Scipio	10504	(mention_id=10616|references=(entity=(entity_id=entity_0633|fullname=Neger Scipio|gender=m)))
89206	revidirt		
89207	indeß		
89208	seine	10505	(mention_id=10617|references=(entity=(entity_id=entity_0633|fullname=Neger Scipio|gender=m)))
89209	Dachziegel		
89210	.		
89211	Auf		
89212	einmal		
89213	nimmt		
89214	er	10506	(mention_id=10618|references=(entity=(entity_id=entity_0633|fullname=Neger Scipio|gender=m)))
89215	die		
89216	Miene		
89217	an		
89218	,		
89219	als		
89220	erblickte		
89221	er	10507	(mention_id=10619|references=(entity=(entity_id=entity_0633|fullname=Neger Scipio|gender=m)))
89222	vom		
89223	Dachfirst		
89224	herab		
89225	einen		
89226	Kameraden	10508	(mention_id=10620|references=(entity=(entity_id=entity_0648|fullname=Tom|gender=m|specialcase_entity=nonfact)))
89227	auf		
89228	der		
89229	Straße		
89230	und		
89231	ruft		
89232	mit		
89233	überlauter		
89234	Stimme		
89235	herab		
89236	:		
89237	Lauf		
89238	,		
89239	lauf		
89240	,		
89241	Tom	10509	(mention_id=10621|references=(entity=(entity_id=entity_0648|fullname=Tom|gender=m|specialcase_entity=nonfact)))
89242	,		
89243	du	10510	(mention_id=10622|references=(entity=(entity_id=entity_0648|fullname=Tom|gender=m|specialcase_entity=nonfact)))
89244	stimmst		
89245	doch		
89246	für		
89247	Jackson	10511	(mention_id=10623|references=(entity=(entity_id=entity_0466|fullname=Andrew Jackson|gender=m)))
89248	,		
89249	mein	10512	(mention_id=10624|references=(entity=(entity_id=entity_0633|fullname=Neger Scipio|gender=m)))
89250	Goldjunge	10513	(mention_id=10625|references=(entity=(entity_id=entity_0648|fullname=Tom|gender=m|specialcase_entity=nonfact)))
89251	?		
89252	Dann		
89253	thu		
89254	mir	10514	(mention_id=10626|references=(entity=(entity_id=entity_0633|fullname=Neger Scipio|gender=m)))
89255	den		
89256	Gefallen		
89257	und		
89258	nimm		
89259	deine	10515	(mention_id=10627|references=(entity=(entity_id=entity_0648|fullname=Tom|gender=m|specialcase_entity=nonfact)))
89260	Beine		
89261	über		
89262	Achseln		
89263	,		
89264	und		
89265	lauf		
89266	was		
89267	du	10516	(mention_id=10628|references=(entity=(entity_id=entity_0648|fullname=Tom|gender=m|specialcase_entity=nonfact)))
89268	kannst		
89269	!		
89270	Ein		
89271	Schuft	10517	
89272	,		
89273	der		
89274	nicht		
89275	für		
89276	Jackson	10518	(mention_id=10629|references=(entity=(entity_id=entity_0466|fullname=Andrew Jackson|gender=m)))
89277	stimmt		
89278	!		
89279	Jackson	10519	(mention_id=10630|references=(entity=(entity_id=entity_0466|fullname=Andrew Jackson|gender=m)))
89280	for		
89281	ever		
89282	!		
89283	fort		
89284	mit		
89285	dem		
89286	Schwein		(mention_id=10631|references=(entity=(entity_id=entity_0672|fullname=Adams|gender=m)))
89287	!		
89288	und		
89289	so		
89290	randalirt		
89291	er	10520	(mention_id=10632|references=(entity=(entity_id=entity_0633|fullname=Neger Scipio|gender=m)))
89292	im		
89293	Nu		
89294	die		
89295	Straße		
89296	voll		
89297	Leute	10521	(mention_id=10633|references=(entity=(entity_id=entity_0685|fullname=Leute auf der Straße|gender=u|specialcase_entity=group)))
89298	zusammen		
89299	.		
89300	Ruft		
89301	mir	10522	(mention_id=10634|references=(entity=(entity_id=entity_0632|fullname=Girard|gender=m)))
89302	den		
89303	schwarzen		
89304	Hallunken		(mention_id=10635|references=(entity=(entity_id=entity_0633|fullname=Neger Scipio|gender=m)))
89305	herunter		
89306	!		
89307	stürzt		
89308	der		
89309	Franzose	10523	(mention_id=10636|references=(entity=(entity_id=entity_0632|fullname=Girard|gender=m)))
89310	in		
89311	sein	10524	(mention_id=10637|references=(entity=(entity_id=entity_0632|fullname=Girard|gender=m)))
89312	Bureau		
89313	,		
89314	die		
89315	verdammte		
89316	Plattnase		(mention_id=10638|references=(entity=(entity_id=entity_0633|fullname=Neger Scipio|gender=m)|specialcase_reference=figurative))
89317	verführt		
89318	mir	10525	(mention_id=10639|references=(entity=(entity_id=entity_0632|fullname=Girard|gender=m)))
89319	ganz		
89320	Philadelphia		
89321	.		
89322	Und		
89323	als		
89324	er	10526	(mention_id=10640|references=(entity=(entity_id=entity_0632|fullname=Girard|gender=m)))
89325	seinen	10527	(mention_id=10641|references=(entity=(entity_id=entity_0632|fullname=Girard|gender=m)))
89326	Hausmann	10528	(mention_id=10642|references=(entity=(entity_id=entity_0633|fullname=Neger Scipio|gender=m)))
89327	vor		
89328	sich	10529	(mention_id=10643|references=(entity=(entity_id=entity_0632|fullname=Girard|gender=m)))
89329	hat		
89330	—		
89331	hier		
89332	ist		
89333	dein	10530	(mention_id=10644|references=(entity=(entity_id=entity_0632|fullname=Girard|gender=m)))
89334	Lohn		
89335	,		
89336	ich	10531	(mention_id=10645|references=(entity=(entity_id=entity_0633|fullname=Neger Scipio|gender=m)))
89337	brauche		
89338	keinen		
89339	Spektakelmacher		(mention_id=10646|references=(entity=(entity_id=entity_0633|fullname=Neger Scipio|gender=m)))
89340	in		
89341	meinem	10532	(mention_id=10647|references=(entity=(entity_id=entity_0632|fullname=Girard|gender=m)))
89342	Hause		
89343	,		
89344	mach'		
89345	daß		
89346	du	10533	(mention_id=10648|references=(entity=(entity_id=entity_0633|fullname=Neger Scipio|gender=m)))
89347	fort		
89348	kommst		
89349	.		
89350	—		
89351	Nicht		
89352	also		
89353	,		
89354	Mister	10534	(mention_id=10649|references=(entity=(entity_id=entity_0632|fullname=Girard|gender=m)))
89355	,		
89356	antwortet		
89357	Scipio	10535	(mention_id=10650|references=(entity=(entity_id=entity_0633|fullname=Neger Scipio|gender=m)))
89358	ruhig		
89359	,		
89360	wenn		
89361	ich	10536	(mention_id=10651|references=(entity=(entity_id=entity_0633|fullname=Neger Scipio|gender=m)))
89362	abgedankt		
89363	sein		
89364	wollte		
89365	,		
89366	so		
89367	hätt'		
89368	ich	10537	(mention_id=10652|references=(entity=(entity_id=entity_0633|fullname=Neger Scipio|gender=m)))
89369	Euch	10538	(mention_id=10653|references=(entity=(entity_id=entity_0632|fullname=Girard|gender=m)))
89370	offen		
89371	Widerstand		
89372	geleistet		
89373	.		
89374	Denkt		
89375	Ihr	10539	(mention_id=10654|references=(entity=(entity_id=entity_0632|fullname=Girard|gender=m)))
89376	denn		
89377	,		
89378	ich	10540	(mention_id=10655|references=(entity=(entity_id=entity_0633|fullname=Neger Scipio|gender=m)))
89379	merkte		
89380	den		
89381	ganzen		
89382	Tag		
89383	über		
89384	nicht		
89385	,		
89386	wo		
89387	Ihr	10541	(mention_id=10656|references=(entity=(entity_id=entity_0632|fullname=Girard|gender=m)))
89388	hinaus		
89389	wolltet		
89390	?		
89391	Nun		
89392	aber		
89393	hat		
89394	die		
89395	Geschichte		
89396	Aufsehen		
89397	gemacht		
89398	—		
89399	Euer	10542	(mention_id=10657|references=(entity=(entity_id=entity_0632|fullname=Girard|gender=m)))
89400	eigenes		
89401	Dach		
89402	war		
89403	meine	10543	(mention_id=10658|references=(entity=(entity_id=entity_0633|fullname=Neger Scipio|gender=m)))
89404	Kanzel		
89405	—		
89406	das		
89407	Volk	10544	(mention_id=10659|references=(entity=(entity_id=generic_4172|fullname=generic_0517|gender=u|specialcase_entity=generic)))
89408	weiß		
89409	,		
89410	um		
89411	was		
89412	es		
89413	sich		
89414	handelt		
89415	,		
89416	und		
89417	wenn		
89418	ich	10545	(mention_id=10660|references=(entity=(entity_id=entity_0633|fullname=Neger Scipio|gender=m)))
89419	wegen		
89420	Jackson	10546	(mention_id=10661|references=(entity=(entity_id=entity_0466|fullname=Andrew Jackson|gender=m)))
89421	von		
89422	Eurer	10547	(mention_id=10662|references=(entity=(entity_id=entity_0632|fullname=Girard|gender=m)))
89423	Schwelle		
89424	gejagt		
89425	werde		
89426	,		
89427	so		
89428	zündet		
89429	es	10548	(mention_id=10663|references=(entity=(entity_id=generic_4173|fullname=generic_0518|gender=u|specialcase_entity=generic)))
89430	Euch	10549	(mention_id=10664|references=(entity=(entity_id=entity_0632|fullname=Girard|gender=m)))
89431	das		
89432	Haus		
89433	an		
89434	,		
89435	verbrennt		
89436	Eure	10550	(mention_id=10665|references=(entity=(entity_id=entity_0632|fullname=Girard|gender=m)))
89437	Magazine		
89438	und		
89439	Schiffe		
89440	,		
89441	denn		
89442	Ihr	10551	(mention_id=10666|references=(entity=(entity_id=entity_0632|fullname=Girard|gender=m)))
89443	wißt		
89444	wohl		
89445	,		
89446	daß		
89447	das		
89448	Gros	10552	
89449	der		
89450	Bevölkerung	10553	(mention_id=10667|references=(entity=(entity_id=generic_4174|fullname=generic_0519|gender=u|specialcase_entity=generic)))
89451	überall		
89452	für		
89453	den		
89454	alten		
89455	Hickorry	10554	(mention_id=10668|references=(entity=(entity_id=entity_0466|fullname=Andrew Jackson|gender=m)))
89456	ist		
89457	.		
89458	Ich	10555	(mention_id=10669|references=(entity=(entity_id=entity_0633|fullname=Neger Scipio|gender=m)))
89459	rathe		
89460	,		
89461	Mister	10556	(mention_id=10670|references=(entity=(entity_id=entity_0632|fullname=Girard|gender=m)))
89462	,		
89463	Ihr	10557	(mention_id=10671|references=(entity=(entity_id=entity_0632|fullname=Girard|gender=m)))
89464	laßt		
89465	mich	10558	(mention_id=10672|references=(entity=(entity_id=entity_0633|fullname=Neger Scipio|gender=m)))
89466	im		
89467	Dienste		
89468	.		
89469	Du	10559	(mention_id=10673|references=(entity=(entity_id=entity_0633|fullname=Neger Scipio|gender=m)))
89470	bist		
89471	mein	10560	(mention_id=10674|references=(entity=(entity_id=entity_0632|fullname=Girard|gender=m)))
89472	Mann	10561	(mention_id=10675|references=(entity=(entity_id=entity_0633|fullname=Neger Scipio|gender=m)))
89473	,		
89474	sagte		
89475	Girard	10562	(mention_id=10676|references=(entity=(entity_id=entity_0632|fullname=Girard|gender=m)))
89476	,		
89477	du	10563	(mention_id=10677|references=(entity=(entity_id=entity_0633|fullname=Neger Scipio|gender=m)))
89478	bleibst		
89479	und		
89480	rückst		
89481	vor		
89482	,		
89483	Leute	10564	(mention_id=10678|references=(entity=(entity_id=generic_4175|fullname=generic_0520|gender=u|specialcase_entity=generic)),(entity=(entity_id=entity_0633|fullname=Neger Scipio|gender=m)))
89484	von		
89485	solchem		
89486	Charakter		
89487	lieb'		
89488	ich	10565	(mention_id=10679|references=(entity=(entity_id=entity_0632|fullname=Girard|gender=m)))
89489	in		
89490	meinem	10566	(mention_id=10680|references=(entity=(entity_id=entity_0632|fullname=Girard|gender=m)))
89491	Geschäfte		
89492	.		
89493	Und		
89494	Scipio	10567	(mention_id=10681|references=(entity=(entity_id=entity_0633|fullname=Neger Scipio|gender=m)))
89495	lief		
89496	schnell		
89497	noch		
89498	auf's		
89499	Stadthaus		
89500	,		
89501	und		
89502	gab		
89503	seinen	10568	(mention_id=10682|references=(entity=(entity_id=entity_0633|fullname=Neger Scipio|gender=m)))
89504	Wahlzettel		
89505	ab		
89506	.		
89507	Ob		
89508	nun		
89509	der		
89510	Franzose	10569	(mention_id=10683|references=(entity=(entity_id=entity_0632|fullname=Girard|gender=m)))
89511	bloß		
89512	staatsklug		
89513	oder		
89514	aus		
89515	einer		
89516	wirklich		
89517	edlen		
89518	Regung		
89519	diesen		
89520	Ton		
89521	anschlug		
89522	,		
89523	bleibt		
89524	bei		
89525	der		
89526	Doppel-Natur		
89527	jenes		
89528	merkwürdigen		
89529	Mannes	10570	(mention_id=10684|references=(entity=(entity_id=entity_0632|fullname=Girard|gender=m)))
89530	ungewiß		
89531	;		
89532	gewiß		
89533	aber		
89534	ist		
89535	,		
89536	daß		
89537	ein		
89538	armer		
89539	Neger	10571	(mention_id=10685|references=(entity=(entity_id=entity_0633|fullname=Neger Scipio|gender=m)))
89540	diesmal		
89541	smarter		
89542	war		
89543	,		
89544	als		
89545	der		
89546	smarteste		
89547	Kaufmann	10572	(mention_id=10686|references=(entity=(entity_id=entity_0632|fullname=Girard|gender=m)))
89548	der		
89549	Union		
89550	.		
89551	Unter		
89552	solchen		
89553	und		
89554	ähnlichen		
89555	Erzählungen		
89556	waren		
89557	die		
89558	Zungen		
89559	trocken		
89560	geworden		
89561	,		
89562	und		
89563	als		
89564	Mr.	10573	(mention_id=10687|references=(entity=(entity_id=entity_0055|fullname=Mr. Bennet|gender=m)))
89565	Bennet	10573	(mention_id=10687|references=(entity=(entity_id=entity_0055|fullname=Mr. Bennet|gender=m)))
89566	die		
89567	Gläser		
89568	von		
89569	Neuem		
89570	füllte		
89571	,		
89572	hatte		
89573	Mr.	10574	(mention_id=10688|references=(entity=(entity_id=entity_0509|fullname=Mr. Wood|gender=m)))
89574	Wood	10574	(mention_id=10688|references=(entity=(entity_id=entity_0509|fullname=Mr. Wood|gender=m)))
89575	den		
89576	Einfall		
89577	,		
89578	einen		
89579	Toast		
89580	auf		
89581	die		
89582	bevorstehende		
89583	Saratoga-Badereise		
89584	auszubringen		
89585	.		
89586	Bei		
89587	dieser		
89588	Gelegenheit		
89589	nahm		
89590	Dr.	10575	(mention_id=10689|references=(entity=(entity_id=entity_0508|fullname=Doctor Channing|gender=m)))
89591	Channing	10575	(mention_id=10689|references=(entity=(entity_id=entity_0508|fullname=Doctor Channing|gender=m)))
89592	wieder		
89593	das		
89594	Wort		
89595	.		
89596	Ein		
89597	satyrisches		
89598	Lächeln		
89599	spielte		
89600	um		
89601	seine	10576	(mention_id=10690|references=(entity=(entity_id=entity_0508|fullname=Doctor Channing|gender=m)))
89602	vollen		
89603	,		
89604	üppigen		
89605	Lippen		
89606	,		
89607	und		
89608	wie		
89609	in		
89610	Mr.	10577	(mention_id=10691|references=(entity=(entity_id=entity_0505|fullname=Mr. Livingstone|gender=m)))
89611	Livingstone's	10577	(mention_id=10691|references=(entity=(entity_id=entity_0505|fullname=Mr. Livingstone|gender=m)))
89612	Anecdote		
89613	zuvor		
89614	Stephan	10578	(mention_id=10692|references=(entity=(entity_id=entity_0632|fullname=Girard|gender=m)))
89615	Girard	10578	(mention_id=10692|references=(entity=(entity_id=entity_0632|fullname=Girard|gender=m)))
89616	,		
89617	der		
89618	großmüthigste		
89619	Privatmann	10579	(mention_id=10693|references=(entity=(entity_id=entity_0632|fullname=Girard|gender=m)))
89620	der		
89621	Welt		
89622	,		
89623	ein		
89624	Mann	10580	(mention_id=10694|references=(entity=(entity_id=entity_0632|fullname=Girard|gender=m)))
89625	,		
89626	der	10581	(mention_id=10695|references=(entity=(entity_id=entity_0632|fullname=Girard|gender=m)))
89627	der		
89628	Stadt		
89629	Philadelphia		
89630	sechszig		
89631	Millionen		
89632	Dollars		
89633	zum		
89634	Geschenke		
89635	gemacht		
89636	,		
89637	dem		
89638	Witze		
89639	und		
89640	dem		
89641	patriotischen		
89642	Gewissen		
89643	eines		
89644	armen		
89645	Negers	10582	(mention_id=10696|references=(entity=(entity_id=entity_0633|fullname=Neger Scipio|gender=m)))
89646	nachstehen		
89647	gemußt		
89648	,		
89649	so		
89650	lag		
89651	es		
89652	ganz		
89653	in		
89654	der		
89655	attischen		
89656	Liberalität		
89657	dieses		
89658	Kreises		
89659	,		
89660	daß		
89661	jetzt		
89662	der		
89663	Hausherr	10583	(mention_id=10697|references=(entity=(entity_id=entity_0055|fullname=Mr. Bennet|gender=m)))
89664	selbst		
89665	von		
89666	der		
89667	Laune		
89668	seiner	10584	(mention_id=10698|references=(entity=(entity_id=entity_0055|fullname=Mr. Bennet|gender=m)))
89669	Gäste	10585	(mention_id=10699|references=(entity=(entity_id=entity_0505|fullname=Mr. Livingstone|gender=m)),(entity=(entity_id=entity_0508|fullname=Doctor Channing|gender=m)),(entity=(entity_id=entity_0514|fullname=Doctor Griswold|gender=m)))
89670	nicht		
89671	unberührt		
89672	bleiben		
89673	sollte		
89674	.		
89675	Denn		
89676	Dr.	10586	(mention_id=10700|references=(entity=(entity_id=entity_0508|fullname=Doctor Channing|gender=m)))
89677	Channing	10586	(mention_id=10700|references=(entity=(entity_id=entity_0508|fullname=Doctor Channing|gender=m)))
89678	,		
89679	von		
89680	dem		
89681	Toaste		
89682	Gelegenheit		
89683	zu		
89684	einem		
89685	seiner	10587	(mention_id=10701|references=(entity=(entity_id=entity_0508|fullname=Doctor Channing|gender=m)))
89686	satyrischen		
89687	Streifzüge		
89688	nehmend		
89689	,		
89690	erwiederte		
89691	denselben		
89692	zwar		
89693	in		
89694	der		
89695	gebührenden		
89696	Haltung		
89697	,		
89698	entwarf		
89699	aber		
89700	gleich		
89701	hinterdrein		
89702	folgendes		
89703	Bild		
89704	von		
89705	der		
89706	Saratoga-Saison		
89707	:		
89708	Ich	10588	(mention_id=10702|references=(entity=(entity_id=entity_0508|fullname=Doctor Channing|gender=m)))
89709	ziehe		
89710	mich	10589	(mention_id=10703|references=(entity=(entity_id=entity_0508|fullname=Doctor Channing|gender=m)))
89711	mit		
89712	Vorliebe		
89713	nach		
89714	Saratoga		
89715	zurück		
89716	,		
89717	sagte		
89718	er	10590	(mention_id=10704|references=(entity=(entity_id=entity_0508|fullname=Doctor Channing|gender=m)))
89719	,		
89720	wenn		
89721	ich	10591	(mention_id=10705|references=(entity=(entity_id=entity_0508|fullname=Doctor Channing|gender=m)))
89722	von		
89723	Geschäften		
89724	ausruhen		
89725	will		
89726	.		
89727	Man		
89728	ruht		
89729	nirgends		
89730	gründlicher		
89731	aus		
89732	als		
89733	dort		
89734	.		
89735	Wie		
89736	Bären		
89737	einen		
89738	Winterschlaf		
89739	halten		
89740	,		
89741	so		
89742	ist		
89743	Saratoga		
89744	gleichsam		
89745	die		
89746	gemeinsame		
89747	Höhle		
89748	,		
89749	in		
89750	welcher		
89751	freie		
89752	und		
89753	aufgeklärte		
89754	Bürger	10592	(mention_id=10706|references=(entity=(entity_id=generic_4176|fullname=generic_0521|gender=u|specialcase_entity=generic)))
89755	einer		
89756	Art		
89757	Sommer-Erstarrung		
89758	genießen		
89759	—		
89760	man		
89761	erlaube		
89762	das		
89763	paradoxe		
89764	Wort		
89765	.		
89766	Der		
89767	Saratogabrunnen		
89768	schien		
89769	mir	10593	(mention_id=10707|references=(entity=(entity_id=entity_0508|fullname=Doctor Channing|gender=m)))
89770	von		
89771	jeher		
89772	das		
89773	,		
89774	was		
89775	die		
89776	Alten	10594	(mention_id=10708|references=(entity=(entity_id=generic_4177|fullname=generic_0522|gender=u|specialcase_entity=generic)))
89777	ihren	10595	(mention_id=10709|references=(entity=(entity_id=generic_4178|fullname=generic_0523|gender=u|specialcase_entity=generic)))
89778	Lethe		
89779	nannten		
89780	.		
89781	Es		
89782	ist		
89783	wirklich		
89784	der		
89785	Hoch-		
89786	und		
89787	Fein-Gehalt		
89788	jener		
89789	Langweile		
89790	dort		
89791	,		
89792	welche		
89793	Fremde	10596	(mention_id=10710|references=(entity=(entity_id=generic_4179|fullname=generic_0524|gender=u|specialcase_entity=generic)))
89794	in		
89795	unsrer		(mention_id=10711|references=(entity=(entity_id=entity_0508|fullname=Doctor Channing|gender=m)),(entity=(entity_id=generic_4180|fullname=generic_0525|gender=u|specialcase_entity=generic)))
89796	sonstigen		
89797	Geselligkeit		
89798	mitunter		
89799	entdeckt		
89800	haben		
89801	wollen		
89802	—		
89803	zumal		
89804	an		
89805	Sonntagen		
89806	.		
89807	Saratoga		
89808	ist		
89809	eine		
89810	Welt		
89811	voll		
89812	Sonntagen		
89813	.		
89814	Eigentlich		
89815	ist		
89816	von		
89817	Welt		
89818	nicht		
89819	wohl		
89820	die		
89821	Rede		
89822	mehr		
89823	in		
89824	Saratoga		
89825	;		
89826	das		
89827	Wort		
89828	ist		
89829	viel		
89830	zu		
89831	körperlich		
89832	,		
89833	Saratoga		
89834	fängt		
89835	erst		
89836	an		
89837	,		
89838	wo		
89839	die		
89840	Welt		
89841	aufhört		
89842	.		
89843	Saratoga		
89844	ist		
89845	eine		
89846	Null		
89847	,		
89848	die		
89849	Umgränzung		
89850	eines		
89851	leeren		
89852	Raumes		
89853	mit		
89854	einer		
89855	Linie		
89856	.		
89857	Wir	10597	(mention_id=10712|references=(entity=(entity_id=entity_0508|fullname=Doctor Channing|gender=m)),(entity=(entity_id=generic_4181|fullname=generic_0526|gender=u|specialcase_entity=generic)))
89858	sind		
89859	auch		
89860	hierin		
89861	vorzüglicher		
89862	als		
89863	andere		
89864	Völker	10598	(mention_id=10713|references=(entity=(entity_id=generic_4182|fullname=generic_0527|gender=u|specialcase_entity=generic)))
89865	,		
89866	welche		(mention_id=10714|references=(entity=(entity_id=generic_4183|fullname=generic_0528|gender=u|specialcase_entity=generic)))
89867	ihre	10599	(mention_id=10715|references=(entity=(entity_id=generic_4184|fullname=generic_0529|gender=u|specialcase_entity=generic)))
89868	Bäder		
89869	mit		
89870	den		
89871	lockendsten		
89872	Anreizungen		
89873	zur		
89874	Sünde		
89875	ausstatten		
89876	.		
89877	In		
89878	Saratoga		
89879	sündigt		
89880	man		
89881	nicht		
89882	.		
89883	Das		
89884	Leben		
89885	ist		
89886	dort		
89887	so		
89888	rein		
89889	von		
89890	Flecken		
89891	,		
89892	wie		
89893	ein		
89894	Mensch	10600	(mention_id=10716|references=(entity=(entity_id=generic_4185|fullname=generic_0530|gender=u|specialcase_entity=generic)))
89895	,		
89896	dem	10601	(mention_id=10717|references=(entity=(entity_id=generic_4186|fullname=generic_0531|gender=u|specialcase_entity=generic)))
89897	man		
89898	die		
89899	Haut		
89900	abgezogen		
89901	hat		
89902	,		
89903	von		
89904	Sommersprossen		
89905	.		
89906	Man	10602	(mention_id=10718|references=(entity=(entity_id=generic_4187|fullname=generic_0532|gender=u|specialcase_entity=generic)))
89907	trinkt		
89908	Morgens		
89909	seinen		(mention_id=10719|references=(entity=(entity_id=generic_4188|fullname=generic_0533|gender=u|specialcase_entity=generic)))
89910	Brunnen		
89911	und		
89912	macht		
89913	eine		
89914	Promenade		
89915	.		
89916	Die		
89917	Gäste	10603	(mention_id=10720|references=(entity=(entity_id=generic_4189|fullname=generic_0534|gender=u|specialcase_entity=generic)))
89918	,		
89919	welche	10604	(mention_id=10721|references=(entity=(entity_id=generic_4190|fullname=generic_0535|gender=u|specialcase_entity=generic)))
89920	natürlich		
89921	alle		
89922	verdauungskrank		
89923	sind		
89924	,		
89925	unterhalten		
89926	sich	10605	(mention_id=10722|references=(entity=(entity_id=generic_4191|fullname=generic_0536|gender=u|specialcase_entity=generic)))
89927	dabei		
89928	stets		
89929	von		
89930	ihrem	10606	(mention_id=10723|references=(entity=(entity_id=generic_4192|fullname=generic_0537|gender=u|specialcase_entity=generic)))
89931	Magen		
89932	und		
89933	nie		
89934	von		
89935	ihrem	10607	(mention_id=10724|references=(entity=(entity_id=generic_4193|fullname=generic_0538|gender=u|specialcase_entity=generic)))
89936	Herzen		
89937	.		
89938	Das		
89939	ist		
89940	eine		
89941	moralische		
89942	Conversation		
89943	;		
89944	denn		
89945	das		
89946	Herz		
89947	ist		
89948	verderbter		
89949	als		
89950	der		
89951	verdorbenste		
89952	Magen		
89953	,		
89954	wie		
89955	fromme		
89956	Leute	10608	(mention_id=10725|references=(entity=(entity_id=generic_4194|fullname=generic_0539|gender=u|specialcase_entity=generic)))
89957	behaupten		
89958	,		
89959	in		
89960	deren	10609	(mention_id=10726|references=(entity=(entity_id=generic_4195|fullname=generic_0540|gender=u|specialcase_entity=generic)))
89961	Munde		
89962	dieser		
89963	Satz		
89964	seine		
89965	vollste		
89966	Glaubwürdigkeit		
89967	hat		
89968	.		
89969	Zu		
89970	Mittag		
89971	speiset		
89972	die		
89973	ganze		
89974	Gesellschaft	10610	(mention_id=10727|references=(entity=(entity_id=generic_4196|fullname=generic_0541|gender=u|specialcase_entity=generic)))
89975	in		
89976	einem		
89977	langen		
89978	schmalen		
89979	Saal		
89980	mit		
89981	einer		
89982	niederen		
89983	Decke		
89984	,		
89985	der		
89986	,		
89987	wie		
89988	ich	10611	(mention_id=10728|references=(entity=(entity_id=entity_0508|fullname=Doctor Channing|gender=m)))
89989	mich	10612	(mention_id=10729|references=(entity=(entity_id=entity_0508|fullname=Doctor Channing|gender=m)))
89990	erinnere		
89991	,		
89992	mir	10613	(mention_id=10730|references=(entity=(entity_id=entity_0508|fullname=Doctor Channing|gender=m)))
89993	den		
89994	Eindruck		
89995	eines		
89996	Sarges		
89997	gemacht		
89998	hat		
89999	.		
90000	Die		
90001	Gäste	10614	(mention_id=10731|references=(entity=(entity_id=generic_4197|fullname=generic_0542|gender=u|specialcase_entity=generic)))
90002	unterhalten		
90003	sich	10615	(mention_id=10732|references=(entity=(entity_id=generic_4198|fullname=generic_0543|gender=u|specialcase_entity=generic)))
90004	über		
90005	Tische		
90006	von		
90007	ihren	10616	(mention_id=10733|references=(entity=(entity_id=generic_4199|fullname=generic_0544|gender=u|specialcase_entity=generic)))
90008	Verdauungsbeschwerden		
90009	,		
90010	was		
90011	eine		
90012	heilsame		
90013	Reaction		
90014	auf		
90015	ihren	10617	(mention_id=10734|references=(entity=(entity_id=generic_4200|fullname=generic_0545|gender=u|specialcase_entity=generic)))
90016	Appetit		
90017	ausübt		
90018	,		
90019	wobei		
90020	dem		
90021	Laster		
90022	Fraß		
90023	und		
90024	Völlerei		
90025	ein		
90026	Damm		
90027	gesetzt		
90028	wird		
90029	.		
90030	Ist		
90031	abgespeist		
90032	,		
90033	so		
90034	lehnen		
90035	sich	10618	(mention_id=10735|references=(entity=(entity_id=generic_4201|fullname=generic_0546|gender=u|specialcase_entity=generic)))
90036	die		
90037	Herren	10619	(mention_id=10736|references=(entity=(entity_id=generic_4202|fullname=generic_0547|gender=u|specialcase_entity=generic)))
90038	über		
90039	die		
90040	Balkons		
90041	und		
90042	rauchen		
90043	eine		
90044	Cigarre		
90045	,		
90046	die		
90047	Damen	10620	(mention_id=10737|references=(entity=(entity_id=generic_4203|fullname=generic_0548|gender=u|specialcase_entity=generic)))
90048	sitzen		
90049	in		
90050	ihren	10621	(mention_id=10738|references=(entity=(entity_id=generic_4204|fullname=generic_0549|gender=u|specialcase_entity=generic)))
90051	Gesellschaftszimmern		
90052	,		
90053	lesen		
90054	,		
90055	stricken		
90056	Filet		
90057	,		
90058	oder		
90059	quälen		
90060	ein		
90061	verstimmtes		
90062	Piano		
90063	mit		
90064	falschgegriffenen		
90065	Noten		
90066	.		
90067	Abends		
90068	ist		
90069	in		
90070	diesem		
90071	oder		
90072	jenem		
90073	Hôtel		
90074	vielleicht		
90075	Ball		
90076	;		
90077	junge		
90078	Herren	10622	(mention_id=10739|references=(entity=(entity_id=generic_4205|fullname=generic_0550|gender=u|specialcase_entity=generic)))
90079	,		
90080	die	10623	(mention_id=10740|references=(entity=(entity_id=generic_4206|fullname=generic_0551|gender=u|specialcase_entity=generic)))
90081	in		
90082	irgend		
90083	einem		
90084	Quäcker-Seminar		
90085	Tanzstunden		
90086	bezahlt		
90087	haben		
90088	,		
90089	riskiren		
90090	eine		
90091	Ecossaise		
90092	,		
90093	welcher		
90094	man		
90095	nicht		
90096	leicht		
90097	anmerkt		
90098	,		
90099	wie		
90100	viel		
90101	Honorar-Marken		
90102	in		
90103	ihr		
90104	stecken		
90105	.		
90106	Die		
90107	Tänzerin	10624	(mention_id=10741|references=(entity=(entity_id=generic_4207|fullname=generic_0552|gender=u|specialcase_entity=generic)))
90108	unterhält		
90109	gewöhnlich		
90110	den		
90111	Tänzer	10625	(mention_id=10742|references=(entity=(entity_id=generic_4208|fullname=generic_0553|gender=u|specialcase_entity=generic)))
90112	von		
90113	ihren	10626	(mention_id=10743|references=(entity=(entity_id=generic_4209|fullname=generic_0554|gender=u|specialcase_entity=generic)))
90114	Verdauungsbeschwerden		
90115	.		
90116	Sie	10627	(mention_id=10744|references=(entity=(entity_id=generic_4210|fullname=generic_0555|gender=u|specialcase_entity=generic)))
90117	lenkt		
90118	dadurch		
90119	auf		
90120	eine		
90121	keusche		
90122	Weise		
90123	seine	10628	(mention_id=10745|references=(entity=(entity_id=generic_4211|fullname=generic_0556|gender=u|specialcase_entity=generic)))
90124	Phantasie		
90125	von		
90126	den		
90127	Bahnen		
90128	der		
90129	Sünde		
90130	zwar		
90131	räumlich		
90132	nur		
90133	wenig		
90134	,		
90135	im		
90136	Uebrigen		
90137	aber		
90138	desto		
90139	gründlicher		
90140	ab		
90141	.		
90142	Ich	10629	(mention_id=10746|references=(entity=(entity_id=entity_0508|fullname=Doctor Channing|gender=m)))
90143	habe		
90144	in		
90145	Saratoga		
90146	oft		
90147	den		
90148	Gedanken		
90149	gehabt		
90150	,		
90151	eine		
90152	Zeitung		
90153	für		
90154	Unverdaulichkeit		
90155	herauszugeben		
90156	.		
90157	Bei		
90158	der		
90159	ungemeinen		
90160	Popularität		
90161	dieses		
90162	Themas		
90163	,		
90164	welches		
90165	in		
90166	Saratoga		
90167	von		
90168	der		
90169	Elite	10630	(mention_id=10747|references=(entity=(entity_id=generic_4212|fullname=generic_0557|gender=u|specialcase_entity=generic)))
90170	unserer	10631	(mention_id=10748|references=(entity=(entity_id=entity_0508|fullname=Doctor Channing|gender=m)),(entity=(entity_id=generic_4213|fullname=generic_0558|gender=u|specialcase_entity=generic)))
90171	Bevölkerung	10632	(mention_id=10749|references=(entity=(entity_id=generic_4214|fullname=generic_0559|gender=u|specialcase_entity=generic)))
90172	repräsentirt		
90173	wird		
90174	(		
90175	die		
90176	Stadt		
90177	ist		
90178	ein		
90179	wahrer		
90180	Congreßort		
90181	,		
90182	ein		
90183	zweites		
90184	Washington		
90185	dafür		
90186	)		
90187	könnte		
90188	ich	10633	(mention_id=10750|references=(entity=(entity_id=entity_0508|fullname=Doctor Channing|gender=m)))
90189	mich	10634	(mention_id=10751|references=(entity=(entity_id=entity_0508|fullname=Doctor Channing|gender=m)))
90190	zu		
90191	der		
90192	ersten		
90193	Macht		
90194	des		
90195	Landes		
90196	dadurch		
90197	emporschwingen		
90198	.		
90199	Ich	10635	(mention_id=10752|references=(entity=(entity_id=entity_0508|fullname=Doctor Channing|gender=m)))
90200	bitte		
90201	die		
90202	Herren	10636	(mention_id=10753|references=(entity=(entity_id=entity_0529|fullname=Theepartie|gender=m|members=entity_0505,entity_0508,entity_0509,entity_0510,entity_0512,entity_0514,entity_0524|all_members_given=False|specialcase_entity=group)))
90203	um		
90204	Discretion		
90205	,		
90206	denn		
90207	vielleicht		
90208	setze		
90209	ich	10637	(mention_id=10754|references=(entity=(entity_id=entity_0508|fullname=Doctor Channing|gender=m)))
90210	mir	10638	(mention_id=10755|references=(entity=(entity_id=entity_0508|fullname=Doctor Channing|gender=m)))
90211	wirklich		
90212	noch		
90213	die		
90214	Krone		
90215	der		
90216	Dispepsie		
90217	auf		
90218	dieses		
90219	Haupt		
90220	.		
90221	Inzwischen		
90222	bin		
90223	ich	10639	(mention_id=10756|references=(entity=(entity_id=entity_0508|fullname=Doctor Channing|gender=m)))
90224	mit		
90225	der		
90226	Tagesordnung		
90227	unsres	10640	(mention_id=10757|references=(entity=(entity_id=entity_0508|fullname=Doctor Channing|gender=m)),(entity=(entity_id=generic_4215|fullname=generic_0560|gender=u|specialcase_entity=generic)))
90228	reizenden		
90229	Badeaufenthaltes		
90230	zu		
90231	Ende		
90232	.		
90233	Zuweilen		
90234	verabredet		
90235	man		
90236	aber		
90237	wohl		
90238	auch		
90239	eine		
90240	Vergnügungsfahrt		
90241	nach		
90242	einem		
90243	kleinen		
90244	See		
90245	,		
90246	der		
90247	wenige		
90248	Stunden		
90249	in		
90250	der		
90251	Nähe		
90252	liegt		
90253	.		
90254	Dort		
90255	steht		
90256	die		
90257	ganze		
90258	Gesellschaft	10641	(mention_id=10758|references=(entity=(entity_id=generic_4216|fullname=generic_0561|gender=u|specialcase_entity=generic)))
90259	auf		
90260	einem		
90261	plattbehauenen		
90262	Steine		
90263	am		
90264	Uferrand		
90265	,		
90266	wirft		
90267	ihre	10642	(mention_id=10759|references=(entity=(entity_id=generic_4217|fullname=generic_0562|gender=u|specialcase_entity=generic)))
90268	Angeln		
90269	aus		
90270	und		
90271	hat		
90272	Geduld		
90273	.		
90274	Uebereingekommener		
90275	Maßen		
90276	nennt		
90277	man		
90278	das		
90279	ein		
90280	Vergnügen		
90281	.		
90282	Ein		
90283	Vergnügen		
90284	mag		
90285	es		
90286	wohl		
90287	sein		
90288	,		
90289	aber		
90290	eines		
90291	jener		
90292	bescheidenen		
90293	,		
90294	von		
90295	welchen		
90296	Goethe	10643	(mention_id=10760|references=(entity=(entity_id=entity_0406|fullname=Goethe|gender=m)))
90297	sagt		
90298	,		
90299	daß		
90300	sie		
90301	von		
90302	Leiden		
90303	kaum		
90304	zu		
90305	unterscheiden		
90306	.		
90307	Freilich		
90308	ereignet		
90309	sich's		
90310	fast		
90311	in		
90312	jeder		
90313	Saison		
90314	einmal		
90315	,		
90316	daß		
90317	eine		
90318	junge		
90319	Lady	10644	(mention_id=10761|references=(entity=(entity_id=generic_4218|fullname=generic_0563|gender=u|specialcase_entity=generic)))
90320	aus		
90321	dem		
90322	Institute		
90323	wirklich		
90324	ein		
90325	Schneiderlein		
90326	fängt		
90327	.		
90328	Dieser		
90329	Fisch		
90330	wird		
90331	dann		
90332	mit		
90333	großem		
90334	Jubel		
90335	aufgenommen		
90336	,		
90337	blos		
90338	weil		
90339	er		
90340	lebendig		
90341	ist		
90342	.		
90343	Es		
90344	ist		
90345	ein		
90346	Ereigniß		
90347	,		
90348	das		
90349	nicht		
90350	ohne		
90351	erschütternden		
90352	Einfluß		
90353	auf		
90354	das		
90355	Gleichgewicht		
90356	der		
90357	Alltagsstimmung		
90358	bleibt		
90359	.		
90360	Die		
90361	Geister		
90362	beginnen		
90363	wilder		
90364	zu		
90365	schwärmen		
90366	.		
90367	Die		
90368	junge		
90369	Lady	10645	(mention_id=10762|references=(entity=(entity_id=generic_4219|fullname=generic_0564|gender=u|specialcase_entity=generic)))
90370	,		
90371	die	10646	(mention_id=10763|references=(entity=(entity_id=generic_4220|fullname=generic_0565|gender=u|specialcase_entity=generic)))
90372	sich	10647	(mention_id=10764|references=(entity=(entity_id=generic_4221|fullname=generic_0566|gender=u|specialcase_entity=generic)))
90373	überzeugt		
90374	hat		
90375	,		
90376	daß		
90377	nicht		
90378	blos		
90379	in		
90380	Bilderbüchern		
90381	,		
90382	sondern		
90383	in		
90384	der		
90385	Natur		
90386	selbst		
90387	Fische		
90388	vorkommen		
90389	,		
90390	wächst		
90391	auf		
90392	einmal		
90393	über		
90394	ihren	10648	(mention_id=10765|references=(entity=(entity_id=generic_4222|fullname=generic_0567|gender=u|specialcase_entity=generic)))
90395	See		
90396	hinaus		
90397	.		
90398	Sie	10649	(mention_id=10766|references=(entity=(entity_id=generic_4223|fullname=generic_0568|gender=u|specialcase_entity=generic)))
90399	phantasirt		
90400	vom		
90401	Erie		
90402	und		
90403	von		
90404	den		
90405	„		
90406	Fällen		
90407	“		
90408	.		
90409	Der		
90410	Einfall		
90411	zündet		
90412	,		
90413	und		
90414	an		
90415	diesem		
90416	Punkte		
90417	ist		
90418	es		
90419	,		
90420	wo		
90421	wir	10650	(mention_id=10767|references=(entity=(entity_id=entity_0508|fullname=Doctor Channing|gender=m)),(entity=(entity_id=generic_4224|fullname=generic_0569|gender=u|specialcase_entity=generic)))
90422	das		
90423	fashionable		
90424	Saratoga		
90425	aus		
90426	unsern	10651	(mention_id=10768|references=(entity=(entity_id=entity_0508|fullname=Doctor Channing|gender=m)),(entity=(entity_id=generic_4225|fullname=generic_0570|gender=u|specialcase_entity=generic)))
90427	Augen		
90428	verlieren		
90429	.		
90430	Eh'		
90431	wir	10652	(mention_id=10769|references=(entity=(entity_id=entity_0508|fullname=Doctor Channing|gender=m)),(entity=(entity_id=generic_4226|fullname=generic_0571|gender=u|specialcase_entity=generic)))
90432	es		
90433	uns	10653	(mention_id=10770|references=(entity=(entity_id=entity_0508|fullname=Doctor Channing|gender=m)),(entity=(entity_id=generic_4227|fullname=generic_0572|gender=u|specialcase_entity=generic)))
90434	versehen		
90435	,		
90436	ist		
90437	die		
90438	ganze		
90439	Gesellschaft	10654	(mention_id=10771|references=(entity=(entity_id=generic_4228|fullname=generic_0573|gender=u|specialcase_entity=generic)))
90440	am		
90441	Niagara		
90442	.		
90443	Sie	10655	(mention_id=10772|references=(entity=(entity_id=generic_4229|fullname=generic_0574|gender=u|specialcase_entity=generic)))
90444	ist		
90445	fort		
90446	,		
90447	unaufhaltsam		
90448	fort		
90449	.		
90450	Man		
90451	brauchte		
90452	den		
90453	Gedanken		
90454	nur		
90455	anzuregen		
90456	,		
90457	um		
90458	ihn		
90459	auszuführen		
90460	.		
90461	Denn		
90462	der		
90463	Yankee	10656	(mention_id=10773|references=(entity=(entity_id=generic_4230|fullname=generic_0575|gender=u|specialcase_entity=generic)))
90464	liebt		
90465	die		
90466	erhabene		
90467	Natur		
90468	und		
90469	hat		
90470	einen		
90471	angebornen		
90472	poetischen		
90473	Sinn		
90474	für		
90475	sie		
90476	.		
90477	Er	10657	(mention_id=10774|references=(entity=(entity_id=generic_4231|fullname=generic_0576|gender=u|specialcase_entity=generic)))
90478	macht		
90479	weite		
90480	Reisen		
90481	und		
90482	läßt		
90483	sich	10658	(mention_id=10775|references=(entity=(entity_id=generic_4232|fullname=generic_0577|gender=u|specialcase_entity=generic)))
90484	seine	10659	(mention_id=10776|references=(entity=(entity_id=generic_4233|fullname=generic_0578|gender=u|specialcase_entity=generic)))
90485	geliebten		
90486	Dollars		
90487	nicht		
90488	reuen		
90489	,		
90490	um		
90491	einen		
90492	Wasserfall		
90493	,		
90494	oder		
90495	einen		
90496	Löwen		
90497	zu		
90498	sehen		
90499	.		
90500	Freilich		
90501	würde		
90502	es		
90503	seinen	10660	(mention_id=10777|references=(entity=(entity_id=generic_4234|fullname=generic_0579|gender=u|specialcase_entity=generic)))
90504	Genuß		
90505	wunderbar		
90506	erhöhen		
90507	,		
90508	wenn		
90509	der		
90510	Wasserfall		
90511	zugleich		
90512	eine		
90513	Mühle		
90514	triebe		
90515	und		
90516	der		
90517	Löwe		
90518	einen		
90519	Bratspieß		
90520	drehte		
90521	.		
90522	Mr.	10661	(mention_id=10778|references=(entity=(entity_id=entity_0055|fullname=Mr. Bennet|gender=m)))
90523	Bennet	10661	(mention_id=10778|references=(entity=(entity_id=entity_0055|fullname=Mr. Bennet|gender=m)))
90524	stimmte		
90525	dem		
90526	Spötter	10662	(mention_id=10779|references=(entity=(entity_id=entity_0508|fullname=Doctor Channing|gender=m)))
90527	lachend		
90528	bei		
90529	.		
90530	Sein	10663	(mention_id=10780|references=(entity=(entity_id=entity_0055|fullname=Mr. Bennet|gender=m)))
90531	Geschmack		
90532	sei		
90533	Saratoga		
90534	nicht		
90535	,		
90536	aber		
90537	jeder		
90538	rechtgläubige		
90539	Yankee	10664	(mention_id=10781|references=(entity=(entity_id=generic_4235|fullname=generic_0580|gender=u|specialcase_entity=generic)))
90540	müsse		
90541	Einmal		
90542	in		
90543	Saratoga		
90544	,		
90545	wie		
90546	jeder		
90547	Mahumedaner	10665	(mention_id=10782|references=(entity=(entity_id=generic_4236|fullname=generic_0581|gender=u|specialcase_entity=generic)))
90548	in		
90549	Mekka		
90550	gewesen		
90551	sein		
90552	.		
90553	Und		
90554	in		
90555	der		
90556	That		
90557	freuten		
90558	sich	10666	(mention_id=10783|references=(entity=(entity_id=entity_0683|fullname=Ladies|gender=f|specialcase_entity=group)),(entity=(entity_id=entity_0014|fullname=Cöleste Bennet|gender=f)))
90559	seine	10667	(mention_id=10784|references=(entity=(entity_id=entity_0055|fullname=Mr. Bennet|gender=m)))
90560	drei		
90561	Ladies	10668	(mention_id=10785|references=(entity=(entity_id=entity_0507|fullname=Mrs. Bennet|gender=m)),(entity=(entity_id=entity_0014|fullname=Cöleste Bennet|gender=f)))
90562	auf		
90563	das		
90564	Schneiderlein		
90565	im		
90566	See		
90567	mindestens		
90568	eben		
90569	so		
90570	sehr		
90571	,		
90572	als		
90573	er	10669	(mention_id=10786|references=(entity=(entity_id=entity_0055|fullname=Mr. Bennet|gender=m)))
90574	,		
90575	Doctor	10670	(mention_id=10787|references=(entity=(entity_id=entity_0508|fullname=Doctor Channing|gender=m)))
90576	Channing	10670	(mention_id=10787|references=(entity=(entity_id=entity_0508|fullname=Doctor Channing|gender=m)))
90577	,		
90578	auf		
90579	seine	10671	(mention_id=10788|references=(entity=(entity_id=entity_0508|fullname=Doctor Channing|gender=m)))
90580	Unverdaulichkeitszeitung		
90581	.		
90582	Man		
90583	scherzte		
90584	noch		
90585	weiter		
90586	über		
90587	dieses		
90588	Thema		
90589	,		
90590	bis		
90591	Bennet	10672	(mention_id=10789|references=(entity=(entity_id=entity_0055|fullname=Mr. Bennet|gender=m)))
90592	die		
90593	Gläser		
90594	von		
90595	Neuem		
90596	füllte		
90597	,		
90598	da		
90599	er	10673	(mention_id=10790|references=(entity=(entity_id=entity_0055|fullname=Mr. Bennet|gender=m)))
90600	es		
90601	dann		
90602	nicht		
90603	anders		
90604	als		
90605	passend		
90606	fand		
90607	,		
90608	nach		
90609	Mr.	10674	(mention_id=10791|references=(entity=(entity_id=entity_0509|fullname=Mr. Wood|gender=m)))
90610	Wood's	10674	(mention_id=10791|references=(entity=(entity_id=entity_0509|fullname=Mr. Wood|gender=m)))
90611	Toast		
90612	auf		
90613	Saratoga		
90614	,		
90615	einen		
90616	Toast		
90617	auf		
90618	das		
90619	Ohio-Project		
90620	seines	10675	(mention_id=10792|references=(entity=(entity_id=entity_0055|fullname=Mr. Bennet|gender=m)))
90621	verehrten		
90622	Gastes	10676	(mention_id=10793|references=(entity=(entity_id=entity_0001|fullname=Dr. Moorfeld|gender=m)))
90623	,		
90624	Doctor	10677	(mention_id=10794|references=(entity=(entity_id=entity_0001|fullname=Dr. Moorfeld|gender=m)))
90625	Moorfeld	10677	(mention_id=10794|references=(entity=(entity_id=entity_0001|fullname=Dr. Moorfeld|gender=m)))
90626	,		
90627	auszubringen		
90628	.		
90629	Die		
90630	Amerikaner	10678	(mention_id=10795|references=(entity=(entity_id=entity_0529|fullname=Theepartie|gender=m|members=entity_0505,entity_0508,entity_0509,entity_0510,entity_0512,entity_0514,entity_0524|all_members_given=False|specialcase_entity=group)))
90631	hörten		
90632	von		
90633	Moorfeld's	10679	(mention_id=10796|references=(entity=(entity_id=entity_0001|fullname=Dr. Moorfeld|gender=m)))
90634	Vorhaben		
90635	,		
90636	wie		
90637	dieser	10680	(mention_id=10797|references=(entity=(entity_id=entity_0001|fullname=Dr. Moorfeld|gender=m)))
90638	sogleich		
90639	bemerken		
90640	konnte		
90641	,		
90642	mit		
90643	geschmeicheltem		
90644	Selbstgefühle		
90645	.		
90646	Ein		
90647	Europäer	10681	(mention_id=10798|references=(entity=(entity_id=entity_0001|fullname=Dr. Moorfeld|gender=m)))
90648	,		
90649	der	10682	(mention_id=10799|references=(entity=(entity_id=entity_0001|fullname=Dr. Moorfeld|gender=m)))
90650	weder		
90651	aus		
90652	Noth		
90653	,		
90654	noch		
90655	aus		
90656	Speculation		
90657	,		
90658	sondern		
90659	—		
90660	wie		
90661	es		
90662	hier		
90663	lauten		
90664	mußte		
90665	,		
90666	was		
90667	wir	10683	(mention_id=10800|references=(entity=(entity_id=entity_0007|fullname=Erzählinstanz|gender=u)))
90668	nur		
90669	in		
90670	stiller		
90671	Mondnacht		
90672	einem		
90673	stillen		
90674	Deutschen	10684	(mention_id=10801|references=(entity=(entity_id=entity_0012|fullname=Theodor Benthal|gender=m)))
90675	gegenüber		
90676	sinniger		
90677	gehört		
90678	haben		
90679	,		
90680	—		
90681	aus		
90682	Liebhaberei		
90683	in		
90684	den		
90685	Schatten		
90686	ihres	10685	(mention_id=10802|references=(entity=(entity_id=entity_0529|fullname=Theepartie|gender=m|members=entity_0505,entity_0508,entity_0509,entity_0510,entity_0512,entity_0514,entity_0524|all_members_given=False|specialcase_entity=group)))
90687	Sternbanners		
90688	sich	10686	(mention_id=10803|references=(entity=(entity_id=entity_0001|fullname=Dr. Moorfeld|gender=m)))
90689	begab		
90690	:		
90691	eine		
90692	solche		
90693	Erscheinung		
90694	war		
90695	ihnen	10687	(mention_id=10804|references=(entity=(entity_id=entity_0529|fullname=Theepartie|gender=m|members=entity_0505,entity_0508,entity_0509,entity_0510,entity_0512,entity_0514,entity_0524|all_members_given=False|specialcase_entity=group)))
90696	offenbar		
90697	sehr		
90698	wohlthuend		
90699	.		
90700	Es		
90701	verbreitete		
90702	sich		
90703	jene		
90704	Temperatur		
90705	behaglicher		
90706	Eitelkeit		
90707	im		
90708	Kreise		
90709	,		
90710	ohne		
90711	die		
90712	der		
90713	verfeinerte		
90714	Mensch	10688	(mention_id=10805|references=(entity=(entity_id=generic_4237|fullname=generic_0582|gender=u|specialcase_entity=generic)),(entity=(entity_id=entity_0529|fullname=Theepartie|gender=m|members=entity_0505,entity_0508,entity_0509,entity_0510,entity_0512,entity_0514,entity_0524|all_members_given=False|specialcase_entity=group)))
90715	nicht		
90716	leben		
90717	mag		
90718	,		
90719	und		
90720	die		
90721	ihn	10689	(mention_id=10806|references=(entity=(entity_id=generic_4238|fullname=generic_0583|gender=u|specialcase_entity=generic)),(entity=(entity_id=entity_0529|fullname=Theepartie|gender=m|members=entity_0505,entity_0508,entity_0509,entity_0510,entity_0512,entity_0514,entity_0524|all_members_given=False|specialcase_entity=group)))
90722	um		
90723	so		
90724	comfortabler		
90725	im		
90726	Inneren		
90727	durchwärmt		
90728	,		
90729	je		
90730	mäßiger		
90731	sie		
90732	durch		
90733	die		
90734	vornehme		
90735	Kühle		
90736	des		
90737	äußeren		
90738	Anstandes		
90739	ausstrahlt		
90740	.		
90741	Das		
90742	süße		
90743	Schlürfen		
90744	in		
90745	Negationen		
90746	ging		
90747	in		
90748	ein		
90749	positiveres		
90750	Nationalgefühl		
90751	über		
90752	;		
90753	die		
90754	Heiterkeit		
90755	des		
90756	Tones		
90757	blieb		
90758	zwar		
90759	,		
90760	aber		
90761	sie		
90762	nüancirte		
90763	aus		
90764	dem		
90765	Humoristischen		
90766	ins		
90767	Pathetische		
90768	.		
90769	Man		
90770	machte		
90771	dem		
90772	Gentleman-Urwäldler	10690	(mention_id=10807|references=(entity=(entity_id=entity_0001|fullname=Dr. Moorfeld|gender=m)))
90773	die		
90774	Avance		
90775	,		
90776	seine	10691	(mention_id=10808|references=(entity=(entity_id=entity_0001|fullname=Dr. Moorfeld|gender=m)))
90777	Phantasie		
90778	auf		
90779	den		
90780	Schauplatz		
90781	seines	10692	(mention_id=10809|references=(entity=(entity_id=entity_0001|fullname=Dr. Moorfeld|gender=m)))
90782	künftigen		
90783	Wirkens		
90784	zu		
90785	führen		
90786	.		
90787	Man		(mention_id=10810|references=(entity=(entity_id=entity_0529|fullname=Theepartie|gender=m|members=entity_0505,entity_0508,entity_0509,entity_0510,entity_0512,entity_0514,entity_0524|all_members_given=False|specialcase_entity=group)))
90788	verlegte		
90789	die		
90790	Unterhaltung		
90791	in		
90792	die		
90793	Geschichte		
90794	der		
90795	ersten		
90796	Ansiedlungen		
90797	Amerika'		
90798	s.		
90799	Das		
90800	heroische		
90801	Zeitalter		
90802	des		
90803	Landes		
90804	wurde		
90805	der		
90806	Stoff		
90807	des		
90808	Gespräches		
90809	.		
90810	Homerische		
90811	Helden	10693	(mention_id=10811|references=(entity=(entity_id=generic_4239|fullname=generic_0584|gender=u|specialcase_entity=generic)))
90812	tauchten		
90813	aus		
90814	dem		
90815	Champagnerschaum		
90816	empor		
90817	und		
90818	blutige		
90819	Scalps		
90820	und		
90821	bluttriefende		
90822	Tomahawks		
90823	erfüllten		
90824	das		
90825	elegante		
90826	Theepavillon		
90827	.		
90828	Jene		
90829	härtesten		
90830	Männergestalten	10694	(mention_id=10812|references=(entity=(entity_id=generic_4240|fullname=generic_0585|gender=u|specialcase_entity=generic)))
90831	schritten		
90832	im		
90833	Geiste		
90834	vorüber		
90835	,		
90836	die	10695	(mention_id=10813|references=(entity=(entity_id=generic_4241|fullname=generic_0586|gender=u|specialcase_entity=generic)))
90837	im		
90838	Kampfe		
90839	mit		
90840	dem		
90841	schlachtgierigen		
90842	Indianer	10696	(mention_id=10814|references=(entity=(entity_id=generic_4242|fullname=generic_0587|gender=u|specialcase_entity=generic)))
90843	,		
90844	im		
90845	Kampfe		
90846	mit		
90847	Panther		
90848	und		
90849	Alligator		
90850	,		
90851	im		
90852	Kampfe		
90853	mit		
90854	einer		
90855	tausendjährigen		
90856	Waldwurzelung		
90857	den		
90858	Boden		
90859	für		
90860	eine		
90861	Handvoll		
90862	Mais		
90863	eroberten		
90864	,		
90865	den		
90866	das		
90867	Füllhorn		
90868	der		
90869	Kultur		
90870	jetzt		
90871	mit		
90872	Perlen		
90873	und		
90874	Juwelen		
90875	bedeckte		
90876	.		
90877	Da		
90878	stürzte		
90879	der		
90880	Schlachtengel	10697	(mention_id=10815|references=(entity=(entity_id=entity_0657|fullname=Schlachtengel Whalley|gender=m)))
90881	Whalley	10697	(mention_id=10815|references=(entity=(entity_id=entity_0657|fullname=Schlachtengel Whalley|gender=m)))
90882	,		
90883	der		
90884	wunderbare		
90885	Einsiedler	10698	(mention_id=10816|references=(entity=(entity_id=entity_0657|fullname=Schlachtengel Whalley|gender=m)))
90886	von		
90887	Hartford		
90888	,		
90889	sich	10699	(mention_id=10817|references=(entity=(entity_id=entity_0657|fullname=Schlachtengel Whalley|gender=m)))
90890	zwischen		
90891	die		
90892	mordheulenden		
90893	Indianer	10700	(mention_id=10818|references=(entity=(entity_id=generic_4243|fullname=generic_0588|gender=u|specialcase_entity=generic)))
90894	und		
90895	das		
90896	unbeschützte		
90897	Christenhäuflein		(mention_id=10819|references=(entity=(entity_id=generic_4244|fullname=generic_0589|gender=u|specialcase_entity=generic)))
90898	im		
90899	Gotteshause		
90900	;		
90901	da		
90902	wurden		
90903	Michael	10701	(mention_id=10820|references=(entity=(entity_id=entity_0680|fullname=Michael Fink|gender=m)))
90904	Fink	10701	(mention_id=10820|references=(entity=(entity_id=entity_0680|fullname=Michael Fink|gender=m)))
90905	und		
90906	Johann	10702	(mention_id=10821|references=(entity=(entity_id=entity_0684|fullname=Johann Wetzel|gender=m)))
90907	Wetzel	10702	(mention_id=10821|references=(entity=(entity_id=entity_0684|fullname=Johann Wetzel|gender=m)))
90908	die		
90909	Märtyrer	10703	
90910	für		
90911	Pennsylvaniens		
90912	Anbau		
90913	;		
90914	da		
90915	brachen		
90916	Daniel	10704	(mention_id=10822|references=(entity=(entity_id=entity_0650|fullname=Daniel Boone|gender=m)))
90917	Boone	10704	(mention_id=10822|references=(entity=(entity_id=entity_0650|fullname=Daniel Boone|gender=m)))
90918	und		
90919	Simon	10705	(mention_id=10823|references=(entity=(entity_id=entity_0654|fullname=Simon Kenton|gender=m)))
90920	Kenton	10705	(mention_id=10823|references=(entity=(entity_id=entity_0654|fullname=Simon Kenton|gender=m)))
90921	,		
90922	der		
90923	Diomedes	10706	(mention_id=10824|references=(entity=(entity_id=entity_0650|fullname=Daniel Boone|gender=m)|specialcase_reference=figurative))
90924	und		
90925	Odysseus	10707	(mention_id=10825|references=(entity=(entity_id=entity_0654|fullname=Simon Kenton|gender=m)|specialcase_reference=figurative))
90926	Amerika's		
90927	,		
90928	in		
90929	die		
90930	pfadlosen		
90931	Wildnisse		
90932	Kentucky's		
90933	vor		
90934	und		
90935	Städte		
90936	erblühten		
90937	aus		
90938	ihren	10708	(mention_id=10826|references=(entity=(entity_id=entity_0650|fullname=Daniel Boone|gender=m)),(entity=(entity_id=entity_0654|fullname=Simon Kenton|gender=m)))
90939	Fußspuren		
90940	.		
90941	Endlos		
90942	reihte		
90943	sich		
90944	die		
90945	Iliade		
90946	der		
90947	Thaten		
90948	und		
90949	Abenteuer		
90950	im		
90951	Munde		
90952	der		
90953	kundigen		
90954	Patrioten	10709	(mention_id=10827|references=(entity=(entity_id=entity_0529|fullname=Theepartie|gender=m|members=entity_0505,entity_0508,entity_0509,entity_0510,entity_0512,entity_0514,entity_0524|all_members_given=False|specialcase_entity=group)))
90955	,		
90956	staunend		
90957	überblickte		
90958	der		
90959	Zuhörer	10710	(mention_id=10828|references=(entity=(entity_id=entity_0001|fullname=Dr. Moorfeld|gender=m)))
90960	mehr		
90961	als		
90962	ein		
90963	Privatleben		
90964	,		
90965	das		
90966	die		
90967	Geschichte		
90968	eines		
90969	Landes		
90970	war		
90971	.		
90972	So		
90973	wuchs		
90974	das		
90975	Pathos		
90976	der		
90977	Unterhaltung		
90978	aus		
90979	markvollem		
90980	Schafte		
90981	in		
90982	die		
90983	Höhe		
90984	und		
90985	Breite		
90986	,		
90987	weihevoller		
90988	saß		
90989	die		
90990	Gesellschaft	10711	(mention_id=10829|references=(entity=(entity_id=entity_0529|fullname=Theepartie|gender=m|members=entity_0505,entity_0508,entity_0509,entity_0510,entity_0512,entity_0514,entity_0524|all_members_given=False|specialcase_entity=group)))
90991	da		
90992	,		
90993	wie		
90994	unter		
90995	dem		
90996	Baldachin		
90997	ihres	10712	(mention_id=10830|references=(entity=(entity_id=entity_0529|fullname=Theepartie|gender=m|members=entity_0505,entity_0508,entity_0509,entity_0510,entity_0512,entity_0514,entity_0524|all_members_given=False|specialcase_entity=group)))
90998	Götterolymps		
90999	,		
91000	und		
91001	als		
91002	Doctor	10713	(mention_id=10831|references=(entity=(entity_id=entity_0508|fullname=Doctor Channing|gender=m)))
91003	Channing	10713	(mention_id=10831|references=(entity=(entity_id=entity_0508|fullname=Doctor Channing|gender=m)))
91004	,		
91005	mit		
91006	der		
91007	klangvollsten		
91008	Bruststimme		
91009	,		
91010	die		
91011	Moorfeld	10714	(mention_id=10832|references=(entity=(entity_id=entity_0001|fullname=Dr. Moorfeld|gender=m)))
91012	in		
91013	Amerika		
91014	gehört		
91015	,		
91016	jetzt		
91017	in		
91018	die		
91019	Saiten		
91020	des		
91021	modernen		
91022	Dichterfürsten	10715	(mention_id=10833|references=(entity=(entity_id=entity_0216|fullname=Byron|gender=m)))
91023	griff		
91024	,		
91025	und		
91026	aus		
91027	Byron's	10716	(mention_id=10834|references=(entity=(entity_id=entity_0216|fullname=Byron|gender=m)))
91028	Don		
91029	Juan		
91030	jene		
91031	sieben		
91032	Stanzen		
91033	recitirte		
91034	,		
91035	welche		
91036	Daniel	10717	(mention_id=10835|references=(entity=(entity_id=entity_0650|fullname=Daniel Boone|gender=m)))
91037	Boone's	10717	(mention_id=10835|references=(entity=(entity_id=entity_0650|fullname=Daniel Boone|gender=m)))
91038	schlicht		
91039	urmenschliches		
91040	Kraftleben		
91041	feiern		
91042	:		
91043	da		
91044	waren		
91045	Schwungfedern		
91046	ausgespannt		
91047	,		
91048	auf		
91049	welchen		
91050	wohl		
91051	Gemüther	10718	(mention_id=10836|references=(entity=(entity_id=entity_0529|fullname=Theepartie|gender=m|members=entity_0505,entity_0508,entity_0509,entity_0510,entity_0512,entity_0514,entity_0524|all_members_given=False|specialcase_entity=group)),(entity=(entity_id=generic_4245|fullname=generic_0590|gender=u|specialcase_entity=generic)),(entity=(entity_id=entity_0055|fullname=Mr. Bennet|gender=m)))
91052	sich		(mention_id=10837|references=(entity=(entity_id=entity_0529|fullname=Theepartie|gender=m|members=entity_0505,entity_0508,entity_0509,entity_0510,entity_0512,entity_0514,entity_0524|all_members_given=False|specialcase_entity=group)),(entity=(entity_id=generic_4246|fullname=generic_0591|gender=u|specialcase_entity=generic)),(entity=(entity_id=entity_0055|fullname=Mr. Bennet|gender=m)))
91053	wiegen		
91054	mochten		
91055	,		
91056	die		(mention_id=10838|references=(entity=(entity_id=entity_0529|fullname=Theepartie|gender=m|members=entity_0505,entity_0508,entity_0509,entity_0510,entity_0512,entity_0514,entity_0524|all_members_given=False|specialcase_entity=group)),(entity=(entity_id=generic_4247|fullname=generic_0592|gender=u|specialcase_entity=generic)),(entity=(entity_id=entity_0055|fullname=Mr. Bennet|gender=m)))
91057	zur		
91058	Größe		
91059	sich		(mention_id=10839|references=(entity=(entity_id=entity_0529|fullname=Theepartie|gender=m|members=entity_0505,entity_0508,entity_0509,entity_0510,entity_0512,entity_0514,entity_0524|all_members_given=False|specialcase_entity=group)),(entity=(entity_id=generic_4248|fullname=generic_0593|gender=u|specialcase_entity=generic)),(entity=(entity_id=entity_0055|fullname=Mr. Bennet|gender=m)))
91060	genießend		
91061	,		
91062	nicht		
91063	aber		
91064	erzeugend		
91065	verhalten		
91066	.		
91067	Anders		
91068	Moorfeld	10719	(mention_id=10840|references=(entity=(entity_id=entity_0001|fullname=Dr. Moorfeld|gender=m)))
91069	.		
91070	Für		
91071	ihn	10720	(mention_id=10841|references=(entity=(entity_id=entity_0001|fullname=Dr. Moorfeld|gender=m)))
91072	ging		
91073	diese		
91074	Wendung		
91075	über		
91076	die		
91077	Freiheit		
91078	der		
91079	Conversation		
91080	hinaus		
91081	.		
91082	Das		
91083	Spiel		
91084	der		
91085	Rede		
91086	rührte		
91087	an		
91088	den		
91089	vollsten		
91090	,		
91091	brennendsten		
91092	Ernst		
91093	seines	10721	(mention_id=10842|references=(entity=(entity_id=entity_0001|fullname=Dr. Moorfeld|gender=m)))
91094	Lebens		
91095	.		
91096	Er	10722	(mention_id=10843|references=(entity=(entity_id=entity_0001|fullname=Dr. Moorfeld|gender=m)))
91097	saß		
91098	da		
91099	,		
91100	wie		
91101	ein		
91102	Mensch	10723	(mention_id=10844|references=(entity=(entity_id=generic_4249|fullname=generic_0594|gender=u|specialcase_entity=generic)),(entity=(entity_id=entity_0001|fullname=Dr. Moorfeld|gender=m)))
91103	,		
91104	der	10724	(mention_id=10845|references=(entity=(entity_id=generic_4250|fullname=generic_0595|gender=u|specialcase_entity=generic)),(entity=(entity_id=entity_0001|fullname=Dr. Moorfeld|gender=m)))
91105	sich	10725	(mention_id=10846|references=(entity=(entity_id=generic_4251|fullname=generic_0596|gender=u|specialcase_entity=generic)),(entity=(entity_id=entity_0001|fullname=Dr. Moorfeld|gender=m)))
91106	persönlich		
91107	getroffen		
91108	fühlt		
91109	.		
91110	Eine		
91111	flammende		
91112	Röthe		
91113	durchloderte		
91114	sein	10726	(mention_id=10847|references=(entity=(entity_id=entity_0001|fullname=Dr. Moorfeld|gender=m)))
91115	Antlitz		
91116	,		
91117	es		
91118	war		
91119	ihm	10727	(mention_id=10848|references=(entity=(entity_id=entity_0001|fullname=Dr. Moorfeld|gender=m)))
91120	zu		
91121	Muthe		
91122	,		
91123	als		
91124	müßte		
91125	er	10728	(mention_id=10849|references=(entity=(entity_id=entity_0001|fullname=Dr. Moorfeld|gender=m)))
91126	diesen		
91127	Glaskäfig		
91128	direct		
91129	durchstoßen		
91130	und		
91131	auffliegen		
91132	den		
91133	Winken		
91134	ewiger		
91135	Geister		
91136	nach		
91137	.		
91138	—		
91139	Er	10729	(mention_id=10850|references=(entity=(entity_id=entity_0001|fullname=Dr. Moorfeld|gender=m)))
91140	fühlte		
91141	sich	10730	(mention_id=10851|references=(entity=(entity_id=entity_0001|fullname=Dr. Moorfeld|gender=m)))
91142	tief		
91143	und		
91144	schmerzlich		
91145	vereinsamt		
91146	.		
91147	Das		
91148	Symposion		
91149	des		
91150	Theepavillons		(mention_id=10852|references=(entity=(entity_id=entity_0529|fullname=Theepartie|gender=m|members=entity_0505,entity_0508,entity_0509,entity_0510,entity_0512,entity_0514,entity_0524|all_members_given=False|specialcase_entity=group)))
91151	hatte		
91152	sich		(mention_id=10853|references=(entity=(entity_id=entity_0529|fullname=Theepartie|gender=m|members=entity_0505,entity_0508,entity_0509,entity_0510,entity_0512,entity_0514,entity_0524|all_members_given=False|specialcase_entity=group)))
91153	selbst		
91154	aufgehoben		
91155	.		
91156	Mit		
91157	einem		
91158	Ruck		
91159	seines	10731	(mention_id=10854|references=(entity=(entity_id=entity_0001|fullname=Dr. Moorfeld|gender=m)))
91160	Fauteuils		
91161	wendete		
91162	er	10732	(mention_id=10855|references=(entity=(entity_id=entity_0001|fullname=Dr. Moorfeld|gender=m)))
91163	sich	10733	(mention_id=10856|references=(entity=(entity_id=entity_0001|fullname=Dr. Moorfeld|gender=m)))
91164	der		
91165	Aussicht		
91166	nach		
91167	dem		
91168	Meere		
91169	zu		
91170	.		
91171	Aber		
91172	der		
91173	violettne		
91174	Abendschimmer		
91175	darauf		
91176	war		
91177	erloschen		
91178	,		
91179	das		
91180	magische		
91181	Bild		
91182	von		
91183	zuvor		
91184	nicht		
91185	mehr		
91186	vorhanden		
91187	.		
91188	Kein		
91189	äußeres		
91190	Symbol		
91191	kam		
91192	der		
91193	Sehnsucht		
91194	seines	10734	(mention_id=10857|references=(entity=(entity_id=entity_0001|fullname=Dr. Moorfeld|gender=m)))
91195	Innern		
91196	entgegen		
91197	.		
91198	Er	10735	(mention_id=10858|references=(entity=(entity_id=entity_0001|fullname=Dr. Moorfeld|gender=m)))
91199	stand		
91200	auf		
91201	und		
91202	verließ		
91203	unter		
91204	irgend		
91205	einem		
91206	Vorwande		
91207	das		
91208	Pavillon		
91209	.		
91210	Er	10736	(mention_id=10859|references=(entity=(entity_id=entity_0001|fullname=Dr. Moorfeld|gender=m)))
91211	machte		
91212	einen		
91213	Gang		
91214	durch		
91215	die		
91216	Gesellschaftssäle		
91217	.		
91218	Uebervollen		
91219	Herzens		
91220	warf		
91221	er	10737	(mention_id=10860|references=(entity=(entity_id=entity_0001|fullname=Dr. Moorfeld|gender=m)))
91222	sich	10738	(mention_id=10861|references=(entity=(entity_id=entity_0001|fullname=Dr. Moorfeld|gender=m)))
91223	in		
91224	die		
91225	Einsamkeit		
91226	des		
91227	dichtesten		
91228	Gewühles		
91229	.		
91230	All		
91231	seine	10739	(mention_id=10862|references=(entity=(entity_id=entity_0001|fullname=Dr. Moorfeld|gender=m)))
91232	Kräfte		
91233	trieben		
91234	im		
91235	Sturme		
91236	.		
91237	Es		
91238	war		
91239	eine		
91240	jener		
91241	Lunten		
91242	an		
91243	ihn	10740	(mention_id=10863|references=(entity=(entity_id=entity_0001|fullname=Dr. Moorfeld|gender=m)))
91244	gelegt		
91245	,		
91246	welche		
91247	unmittelbar		
91248	zum		
91249	Handeln		
91250	auffordern		
91251	.		
91252	Daniel	10741	(mention_id=10864|references=(entity=(entity_id=entity_0650|fullname=Daniel Boone|gender=m)))
91253	Boone	10741	(mention_id=10864|references=(entity=(entity_id=entity_0650|fullname=Daniel Boone|gender=m)))
91254	und		
91255	Lord	10742	(mention_id=10865|references=(entity=(entity_id=entity_0216|fullname=Byron|gender=m)))
91256	Byron	10742	(mention_id=10865|references=(entity=(entity_id=entity_0216|fullname=Byron|gender=m)))
91257	!		
91258	Und		
91259	ein		
91260	Name		
91261	,		
91262	der		
91263	an		
91264	die		
91265	Möglichkeit		
91266	glaubt		
91267	,		
91268	zwei		
91269	solche		
91270	Namen		(mention_id=10866|references=(entity=(entity_id=entity_0001|fullname=Dr. Moorfeld|gender=m)))
91271	in		
91272	sich		
91273	zu		
91274	vereinigen		
91275	!		
91276	Und		
91277	dieser		
91278	Name		(mention_id=10867|references=(entity=(entity_id=entity_0001|fullname=Dr. Moorfeld|gender=m)))
91279	namenlos		
91280	auf		
91281	einem		
91282	nichtswollenden		
91283	Newyorker-Rout		
91284	!		
91285	Wie		
91286	ein		
91287	Löwe		
91288	der		
91289	Wüste		
91290	streifte		
91291	er	10743	(mention_id=10868|references=(entity=(entity_id=entity_0001|fullname=Dr. Moorfeld|gender=m)))
91292	durch		
91293	die		
91294	prunkvollen		
91295	Appartements		
91296	—		
91297	die		
91298	Kronleuchter		
91299	brannten		
91300	ihm	10744	(mention_id=10869|references=(entity=(entity_id=entity_0001|fullname=Dr. Moorfeld|gender=m)))
91301	matt		
91302	—		
91303	die		
91304	Luft		
91305	war		
91306	schwül		
91307	und		
91308	entnervend		
91309	—		
91310	seine	10745	(mention_id=10870|references=(entity=(entity_id=entity_0001|fullname=Dr. Moorfeld|gender=m)))
91311	innere		
91312	Staffage		
91313	brandete		
91314	und		
91315	blitzte		
91316	.		
91317	Die		
91318	Poesie		
91319	in		
91320	ihm	10746	(mention_id=10871|references=(entity=(entity_id=entity_0001|fullname=Dr. Moorfeld|gender=m)))
91321	lechzte		
91322	nach		
91323	Thätigkeit		
91324	.		
91325	Glücklich		
91326	pries		
91327	er	10747	(mention_id=10872|references=(entity=(entity_id=entity_0001|fullname=Dr. Moorfeld|gender=m)))
91328	den		
91329	südlichen		
91330	Improvisator	10748	
91331	,		
91332	der	10749	
91333	in		
91334	jedem		
91335	Momente		
91336	aus		
91337	der		
91338	Menge	10750	
91339	heraustritt		
91340	,		
91341	Markt		
91342	,		
91343	Wiese		
91344	,		
91345	Meerstrand		
91346	zu		
91347	seinem	10751	
91348	nie		
91349	versagenden		
91350	Schauplatz		
91351	hat		
91352	und		
91353	ein		
91354	Volk	10752	(mention_id=10873|references=(entity=(entity_id=generic_4252|fullname=generic_0597|gender=u|specialcase_entity=generic)))
91355	um		
91356	sich	10753	(mention_id=10874|references=(entity=(entity_id=generic_4253|fullname=generic_0598|gender=u|specialcase_entity=generic)))
91357	her		
91358	,		
91359	das	10754	(mention_id=10875|references=(entity=(entity_id=generic_4254|fullname=generic_0599|gender=u|specialcase_entity=generic)))
91360	die		
91361	Begeisterung		
91362	versteht		
91363	,		
91364	wo		
91365	sie		
91366	auftritt		
91367	.		
91368	Die		
91369	Gesellschaft	10755	(mention_id=10876|references=(entity=(entity_id=entity_0655|fullname=Gesellschaft bei Bennet|gender=mf|specialcase_entity=group)))
91370	sollte		
91371	das		
91372	Pathos		
91373	entweder		
91374	nie		
91375	zu		
91376	erregen		
91377	wissen		
91378	,		
91379	oder		
91380	in		
91381	ihren		(mention_id=10877|references=(entity=(entity_id=entity_0655|fullname=Gesellschaft bei Bennet|gender=mf|specialcase_entity=group)))
91382	Formen		
91383	phantasievoll		
91384	genug		
91385	sein		
91386	,		
91387	ihm		
91388	Raum		
91389	zu		
91390	geben		
91391	.		
91392	In		
91393	diesem		
91394	Augenblicke		
91395	fesselte		
91396	eine		
91397	Gruppe	10756	(mention_id=10878|references=(entity=(entity_id=entity_0506|fullname=Jünglinge|gender=m|possible_identity_with=entity_0099|members=entity_0539,entity_0545,entity_0567,entity_0573,entity_0579,entity_0580,entity_0583,entity_0584,entity_0606,entity_0613,entity_0617,entity_0619|all_members_given=False|specialcase_entity=group)))
91398	seine	10757	(mention_id=10879|references=(entity=(entity_id=entity_0001|fullname=Dr. Moorfeld|gender=m)))
91399	Aufmerksamkeit		
91400	,		
91401	welche		(mention_id=10880|references=(entity=(entity_id=entity_0506|fullname=Jünglinge|gender=m|possible_identity_with=entity_0099|members=entity_0539,entity_0545,entity_0567,entity_0573,entity_0579,entity_0580,entity_0583,entity_0584,entity_0606,entity_0613,entity_0617,entity_0619|all_members_given=False|specialcase_entity=group)))
91402	auch		
91403	von		
91404	der		
91405	trunkensten		
91406	Verinnerlichung		
91407	nicht		
91408	leicht		
91409	übersehen		
91410	worden		
91411	wäre		
91412	.		
91413	Im		
91414	Fond		
91415	des		
91416	nächsten		
91417	Salons		
91418	erblickte		
91419	er	10758	(mention_id=10881|references=(entity=(entity_id=entity_0001|fullname=Dr. Moorfeld|gender=m)))
91420	die		
91421	Schaar	10759	
91422	jener		
91423	toll		
91424	costümirten		
91425	Stutzer	10760	(mention_id=10882|references=(entity=(entity_id=entity_0506|fullname=Jünglinge|gender=m|possible_identity_with=entity_0099|members=entity_0539,entity_0545,entity_0567,entity_0573,entity_0579,entity_0580,entity_0583,entity_0584,entity_0606,entity_0613,entity_0617,entity_0619|all_members_given=False|specialcase_entity=group)))
91426	wieder		
91427	,		
91428	der		
91429	Dandies	10761	(mention_id=10883|references=(entity=(entity_id=entity_0506|fullname=Jünglinge|gender=m|possible_identity_with=entity_0099|members=entity_0539,entity_0545,entity_0567,entity_0573,entity_0579,entity_0580,entity_0583,entity_0584,entity_0606,entity_0613,entity_0617,entity_0619|all_members_given=False|specialcase_entity=group)))
91430	on		
91431	short		
91432	allowance		
91433	,		
91434	wie		
91435	sie	10762	(mention_id=10884|references=(entity=(entity_id=entity_0506|fullname=Jünglinge|gender=m|possible_identity_with=entity_0099|members=entity_0539,entity_0545,entity_0567,entity_0573,entity_0579,entity_0580,entity_0583,entity_0584,entity_0606,entity_0613,entity_0617,entity_0619|all_members_given=False|specialcase_entity=group)))
91436	Bennet	10763	(mention_id=10885|references=(entity=(entity_id=entity_0055|fullname=Mr. Bennet|gender=m)))
91437	genannt		
91438	hatte		
91439	,		
91440	denen	10764	(mention_id=10886|references=(entity=(entity_id=entity_0506|fullname=Jünglinge|gender=m|possible_identity_with=entity_0099|members=entity_0539,entity_0545,entity_0567,entity_0573,entity_0579,entity_0580,entity_0583,entity_0584,entity_0606,entity_0613,entity_0617,entity_0619|all_members_given=False|specialcase_entity=group)))
91441	er	10765	(mention_id=10887|references=(entity=(entity_id=entity_0001|fullname=Dr. Moorfeld|gender=m)))
91442	außer		
91443	dem		
91444	Momente		
91445	ihrer	10766	(mention_id=10888|references=(entity=(entity_id=entity_0506|fullname=Jünglinge|gender=m|possible_identity_with=entity_0099|members=entity_0539,entity_0545,entity_0567,entity_0573,entity_0579,entity_0580,entity_0583,entity_0584,entity_0606,entity_0613,entity_0617,entity_0619|all_members_given=False|specialcase_entity=group)))
91446	Ankunft		
91447	nicht		
91448	weiter		
91449	begegnet		
91450	war		
91451	.		
91452	Sie	10767	(mention_id=10889|references=(entity=(entity_id=entity_0506|fullname=Jünglinge|gender=m|possible_identity_with=entity_0099|members=entity_0539,entity_0545,entity_0567,entity_0573,entity_0579,entity_0580,entity_0583,entity_0584,entity_0606,entity_0613,entity_0617,entity_0619|all_members_given=False|specialcase_entity=group)))
91453	standen		
91454	auf		
91455	einen		
91456	Haufen		
91457	gedrängt		
91458	,		
91459	wie		
91460	Kaninchen		
91461	,		
91462	nach		
91463	dem		
91464	Volksglauben		
91465	,		
91466	um		
91467	ein		
91468	Licht		
91469	sich		
91470	versammeln		
91471	,		
91472	und		
91473	das		
91474	Licht		
91475	war		
91476	—		
91477	ein		
91478	blonder		
91479	Mädchenscheitel		(mention_id=10890|references=(entity=(entity_id=entity_0014|fullname=Cöleste Bennet|gender=f)|specialcase_reference=part))
91480	—		
91481	ein		
91482	Antlitz		
91483	—		
91484	.		
91485	Moorfeld	10768	(mention_id=10891|references=(entity=(entity_id=entity_0001|fullname=Dr. Moorfeld|gender=m)))
91486	sah		
91487	und		
91488	sah		
91489	wieder		
91490	.		
91491	Da		
91492	kam		
91493	Lord	10769	(mention_id=10892|references=(entity=(entity_id=entity_0259|fullname=Lord Arthur Ormond|gender=m)))
91494	Ormond	10769	(mention_id=10892|references=(entity=(entity_id=entity_0259|fullname=Lord Arthur Ormond|gender=m)))
91495	ihm	10770	(mention_id=10893|references=(entity=(entity_id=entity_0001|fullname=Dr. Moorfeld|gender=m)))
91496	in		
91497	den		
91498	Weg		
91499	.		
91500	Er	10771	(mention_id=10894|references=(entity=(entity_id=entity_0259|fullname=Lord Arthur Ormond|gender=m)))
91501	sah		
91502	Moorfeld's	10772	(mention_id=10895|references=(entity=(entity_id=entity_0001|fullname=Dr. Moorfeld|gender=m)))
91503	beobachtende		
91504	Stellung		
91505	,		
91506	und		
91507	indem		
91508	er	10773	(mention_id=10896|references=(entity=(entity_id=entity_0259|fullname=Lord Arthur Ormond|gender=m)))
91509	der		
91510	Richtung		
91511	seiner	10774	(mention_id=10897|references=(entity=(entity_id=entity_0259|fullname=Lord Arthur Ormond|gender=m)))
91512	Blicke		
91513	folgte		
91514	,		
91515	redete		
91516	er	10775	(mention_id=10898|references=(entity=(entity_id=entity_0259|fullname=Lord Arthur Ormond|gender=m)))
91517	ihn	10776	(mention_id=10899|references=(entity=(entity_id=entity_0001|fullname=Dr. Moorfeld|gender=m)))
91518	an		
91519	:		
91520	Gut		
91521	,		
91522	daß		
91523	ich	10777	(mention_id=10900|references=(entity=(entity_id=entity_0259|fullname=Lord Arthur Ormond|gender=m)))
91524	Sie	10778	(mention_id=10901|references=(entity=(entity_id=entity_0001|fullname=Dr. Moorfeld|gender=m)))
91525	finde		
91526	,		
91527	Sir	10779	(mention_id=10902|references=(entity=(entity_id=entity_0001|fullname=Dr. Moorfeld|gender=m)))
91528	.		
91529	Ich	10780	(mention_id=10903|references=(entity=(entity_id=entity_0259|fullname=Lord Arthur Ormond|gender=m)))
91530	werde		
91531	Sie	10781	(mention_id=10904|references=(entity=(entity_id=entity_0001|fullname=Dr. Moorfeld|gender=m)))
91532	jener		
91533	Dame	10782	(mention_id=10905|references=(entity=(entity_id=entity_0014|fullname=Cöleste Bennet|gender=f)))
91534	dort		
91535	vorstellen		
91536	müssen		
91537	.		
91538	Ich	10783	(mention_id=10906|references=(entity=(entity_id=entity_0259|fullname=Lord Arthur Ormond|gender=m)))
91539	habe		
91540	es		
91541	leider		
91542	veräsumt		
91543	,		
91544	als		
91545	Mistreß	10784	(mention_id=10907|references=(entity=(entity_id=entity_0507|fullname=Mrs. Bennet|gender=m)))
91546	Bennet	10784	(mention_id=10907|references=(entity=(entity_id=entity_0507|fullname=Mrs. Bennet|gender=m)))
91547	mit		
91548	Ihren	10785	(mention_id=10908|references=(entity=(entity_id=entity_0507|fullname=Mrs. Bennet|gender=m)))
91549	Töchtern	10786	(mention_id=10909|references=(entity=(entity_id=entity_0014|fullname=Cöleste Bennet|gender=f)),(entity=(entity_id=entity_0040|fullname=Jenny Bennet|gender=f)),(entity=(entity_id=entity_0041|fullname=Bennets zweite Tochter|gender=f)))
91550	zuvor		
91551	dem		
91552	Rout		
91553	die		
91554	Honneurs		
91555	gemacht		
91556	,		
91557	d.		
91558	h.		
91559	nach		
91560	hiesiger		
91561	Sitte		
91562	die		
91563	Appartements		
91564	einmal		
91565	hin		
91566	und		
91567	zurückpassirt		
91568	.		
91569	Aber		
91570	wir	10787	(mention_id=10910|references=(entity=(entity_id=entity_0259|fullname=Lord Arthur Ormond|gender=m)),(entity=(entity_id=entity_0001|fullname=Dr. Moorfeld|gender=m)))
91571	behandelten		
91572	eben		
91573	,		
91574	ich	10788	(mention_id=10911|references=(entity=(entity_id=entity_0259|fullname=Lord Arthur Ormond|gender=m)))
91575	erinnere		
91576	mich	10789	(mention_id=10912|references=(entity=(entity_id=entity_0259|fullname=Lord Arthur Ormond|gender=m)))
91577	,		
91578	das		
91579	wichtige		
91580	Thema		
91581	der		
91582	Thieremancipation		
91583	,		
91584	ich	10790	(mention_id=10913|references=(entity=(entity_id=entity_0259|fullname=Lord Arthur Ormond|gender=m)))
91585	hoffe		
91586	darum		
91587	auf		
91588	Ihre	10791	(mention_id=10914|references=(entity=(entity_id=entity_0001|fullname=Dr. Moorfeld|gender=m)))
91589	Entschuldigung		
91590	.		
91591	Die		
91592	beiden		
91593	ältern		
91594	Schwestern	10792	(mention_id=10915|references=(entity=(entity_id=entity_0040|fullname=Jenny Bennet|gender=f)),(entity=(entity_id=entity_0041|fullname=Bennets zweite Tochter|gender=f)))
91595	haben		
91596	sich	10793	(mention_id=10916|references=(entity=(entity_id=entity_0040|fullname=Jenny Bennet|gender=f)),(entity=(entity_id=entity_0041|fullname=Bennets zweite Tochter|gender=f)))
91597	inzwischen		
91598	zurückgezogen		
91599	,		
91600	—		
91601	ich	10794	(mention_id=10917|references=(entity=(entity_id=entity_0259|fullname=Lord Arthur Ormond|gender=m)))
91602	werde		
91603	mich	10795	(mention_id=10918|references=(entity=(entity_id=entity_0259|fullname=Lord Arthur Ormond|gender=m)))
91604	bei		
91605	denselben	10796	(mention_id=10919|references=(entity=(entity_id=entity_0040|fullname=Jenny Bennet|gender=f)),(entity=(entity_id=entity_0041|fullname=Bennets zweite Tochter|gender=f)))
91606	verantworten		
91607	.		
91608	Erweisen		
91609	Sie	10797	(mention_id=10920|references=(entity=(entity_id=entity_0001|fullname=Dr. Moorfeld|gender=m)))
91610	mir	10798	(mention_id=10921|references=(entity=(entity_id=entity_0259|fullname=Lord Arthur Ormond|gender=m)))
91611	die		
91612	Ehre		
91613	,		
91614	Sie	10799	(mention_id=10922|references=(entity=(entity_id=entity_0001|fullname=Dr. Moorfeld|gender=m)))
91615	der		
91616	jüngsten		
91617	Tochter	10800	(mention_id=10923|references=(entity=(entity_id=entity_0014|fullname=Cöleste Bennet|gender=f)))
91618	des		
91619	Hauses		
91620	,		
91621	Miß	10801	(mention_id=10924|references=(entity=(entity_id=entity_0014|fullname=Cöleste Bennet|gender=f)))
91622	Cöleste	10801	(mention_id=10924|references=(entity=(entity_id=entity_0014|fullname=Cöleste Bennet|gender=f)))
91623	,		
91624	jetzt		
91625	zu		
91626	präsentiren		
91627	.		
91628	Der		
91629	Moment		
91630	ist		
91631	günstig		
91632	,		
91633	Sie	10802	(mention_id=10925|references=(entity=(entity_id=entity_0001|fullname=Dr. Moorfeld|gender=m)))
91634	werden		
91635	die		
91636	Cour		
91637	des		
91638	Winkels		
91639	verbessern		
91640	.		
91641	Die		
91642	Cour		
91643	des		
91644	Winkels		
91645	?		
91646	fragte		
91647	Moorfeld	10803	(mention_id=10926|references=(entity=(entity_id=entity_0001|fullname=Dr. Moorfeld|gender=m)))
91648	—		
91649	was		
91650	ist		
91651	das		
91652	?		
91653	mir	10804	(mention_id=10927|references=(entity=(entity_id=entity_0001|fullname=Dr. Moorfeld|gender=m)))
91654	ist		
91655	Name		
91656	und		
91657	Sache		
91658	dieses		
91659	Ausdrucks		
91660	gänzlich		
91661	fremd		
91662	;		
91663	ich	10805	(mention_id=10928|references=(entity=(entity_id=entity_0001|fullname=Dr. Moorfeld|gender=m)))
91664	muß		
91665	um		
91666	Erklärung		
91667	bitten		
91668	.		
91669	Ihnen	10806	(mention_id=10929|references=(entity=(entity_id=entity_0001|fullname=Dr. Moorfeld|gender=m)))
91670	zu		
91671	dienen		
91672	,		
91673	Sir	10807	(mention_id=10930|references=(entity=(entity_id=entity_0001|fullname=Dr. Moorfeld|gender=m)))
91674	.		
91675	Die		
91676	Cour		
91677	des		
91678	Winkels		
91679	ist		
91680	eine		
91681	amerikanische		
91682	Form		
91683	von		
91684	Salongalanterie		
91685	.		
91686	Ein		
91687	Kreis		
91688	von		
91689	Herren	10808	(mention_id=10931|references=(entity=(entity_id=generic_4255|fullname=generic_0600|gender=u|specialcase_entity=generic)))
91690	umringt		
91691	eine		
91692	Dame	10809	(mention_id=10932|references=(entity=(entity_id=generic_4256|fullname=generic_0601|gender=u|specialcase_entity=generic)))
91693	und		
91694	sucht		
91695	sie	10810	(mention_id=10933|references=(entity=(entity_id=generic_4257|fullname=generic_0602|gender=u|specialcase_entity=generic)))
91696	im		
91697	Gespräche		
91698	allmälig		
91699	nach		
91700	einer		
91701	Ecke		
91702	des		
91703	Saales		
91704	zu		
91705	drängen		
91706	.		
91707	Natürlich		
91708	wird		
91709	das		
91710	Gespräch		
91711	angenehm		
91712	,		
91713	fesselnd		
91714	,		
91715	interessant		
91716	sein		
91717	müssen		
91718	.		
91719	Und		
91720	zwar		
91721	sowohl		
91722	von		
91723	Seite		
91724	der		
91725	Herren	10811	(mention_id=10934|references=(entity=(entity_id=generic_4258|fullname=generic_0603|gender=u|specialcase_entity=generic)))
91726	,		
91727	als		
91728	der		
91729	Dame	10812	(mention_id=10935|references=(entity=(entity_id=generic_4259|fullname=generic_0604|gender=u|specialcase_entity=generic)))
91730	selbst		
91731	.		
91732	Ist		
91733	die		
91734	Dame	10813	(mention_id=10936|references=(entity=(entity_id=generic_4260|fullname=generic_0605|gender=u|specialcase_entity=generic)))
91735	unzufrieden		
91736	,		
91737	so		
91738	wird		
91739	sie	10814	(mention_id=10937|references=(entity=(entity_id=generic_4261|fullname=generic_0606|gender=u|specialcase_entity=generic)))
91740	mit		
91741	einer		
91742	leichten		
91743	Wendung		
91744	den		
91745	Kreis		
91746	durchbrechen		
91747	;		
91748	sind		
91749	es		
91750	die		
91751	Herren	10815	(mention_id=10938|references=(entity=(entity_id=generic_4262|fullname=generic_0607|gender=u|specialcase_entity=generic)))
91752	,		
91753	so		
91754	wird		
91755	sich		
91756	ihr	10816	(mention_id=10939|references=(entity=(entity_id=generic_4263|fullname=generic_0608|gender=u|specialcase_entity=generic)))
91757	Ring		
91758	allmälig		
91759	auflösen		
91760	.		
91761	Gelingt		
91762	die		
91763	Cour		
91764	des		
91765	Winkels		
91766	aber		
91767	,		
91768	d.		
91769	h.		
91770	wird		
91771	die		
91772	Dame	10817	(mention_id=10940|references=(entity=(entity_id=generic_4264|fullname=generic_0609|gender=u|specialcase_entity=generic)))
91773	der		
91774	Ecke		
91775	glücklich		
91776	zugeführt		
91777	,		
91778	so		
91779	heißt		
91780	sie	10818	(mention_id=10941|references=(entity=(entity_id=generic_4265|fullname=generic_0610|gender=u|specialcase_entity=generic)))
91781	„		
91782	die		
91783	Dame	10819	(mention_id=10942|references=(entity=(entity_id=generic_4266|fullname=generic_0611|gender=u|specialcase_entity=generic)))
91784	des		
91785	Winkels		
91786	.		
91787	“		
91788	Sie	10820	(mention_id=10943|references=(entity=(entity_id=generic_4267|fullname=generic_0612|gender=u|specialcase_entity=generic)))
91789	ist		
91790	dann		
91791	die		
91792	Königin	10821	(mention_id=10944|references=(entity=(entity_id=generic_4268|fullname=generic_0613|gender=u|specialcase_entity=generic)))
91793	des		
91794	Abends		
91795	.		
91796	Wir	10822	(mention_id=10945|references=(entity=(entity_id=entity_0259|fullname=Lord Arthur Ormond|gender=m)))
91797	sehen		
91798	,		
91799	diese		
91800	Art		
91801	Huldigung		
91802	spielt		
91803	ein		
91804	wenig		
91805	auf		
91806	der		
91807	Grenzlinie		
91808	der		
91809	Equivoque		
91810	.		
91811	Der		
91812	Grundgedanke		
91813	ist		
91814	frivol		
91815	genug		
91816	,		
91817	die		
91818	Ausführung		
91819	aber		
91820	ein		
91821	Spielraum		
91822	für		
91823	Geist		
91824	und		
91825	Grazie		
91826	.		
91827	Man		
91828	sollte		
91829	die		
91830	Erfindung		
91831	für		
91832	französisch		
91833	halten		
91834	,		
91835	daß		
91836	sie		
91837	amerikanisch		
91838	ist		
91839	,		
91840	leuchtet		
91841	in		
91842	der		
91843	That		
91844	nicht		
91845	recht		
91846	ein		
91847	.		
91848	Jene		
91849	Dandies	10823	(mention_id=10946|references=(entity=(entity_id=entity_0506|fullname=Jünglinge|gender=m|possible_identity_with=entity_0099|members=entity_0539,entity_0545,entity_0567,entity_0573,entity_0579,entity_0580,entity_0583,entity_0584,entity_0606,entity_0613,entity_0617,entity_0619|all_members_given=False|specialcase_entity=group)))
91850	aber		
91851	—		
91852	Snobs	10824	(mention_id=10947|references=(entity=(entity_id=entity_0506|fullname=Jünglinge|gender=m|possible_identity_with=entity_0099|members=entity_0539,entity_0545,entity_0567,entity_0573,entity_0579,entity_0580,entity_0583,entity_0584,entity_0606,entity_0613,entity_0617,entity_0619|all_members_given=False|specialcase_entity=group)))
91853	sollte		
91854	ich	10825	(mention_id=10948|references=(entity=(entity_id=entity_0259|fullname=Lord Arthur Ormond|gender=m)))
91855	sagen		
91856	—		
91857	haben		
91858	vollends		
91859	keinen		
91860	Begriff		
91861	ihrer	10826	(mention_id=10949|references=(entity=(entity_id=entity_0506|fullname=Jünglinge|gender=m|possible_identity_with=entity_0099|members=entity_0539,entity_0545,entity_0567,entity_0573,entity_0579,entity_0580,entity_0583,entity_0584,entity_0606,entity_0613,entity_0617,entity_0619|all_members_given=False|specialcase_entity=group)))
91862	Aufgabe		
91863	.		
91864	Wie		
91865	sie	10827	(mention_id=10950|references=(entity=(entity_id=entity_0506|fullname=Jünglinge|gender=m|possible_identity_with=entity_0099|members=entity_0539,entity_0545,entity_0567,entity_0573,entity_0579,entity_0580,entity_0583,entity_0584,entity_0606,entity_0613,entity_0617,entity_0619|all_members_given=False|specialcase_entity=group)))
91866	das		
91867	arme		
91868	Mädchen	10828	(mention_id=10951|references=(entity=(entity_id=entity_0014|fullname=Cöleste Bennet|gender=f)))
91869	umdrängen		
91870	!		
91871	Sie	10829	(mention_id=10952|references=(entity=(entity_id=entity_0506|fullname=Jünglinge|gender=m|possible_identity_with=entity_0099|members=entity_0539,entity_0545,entity_0567,entity_0573,entity_0579,entity_0580,entity_0583,entity_0584,entity_0606,entity_0613,entity_0617,entity_0619|all_members_given=False|specialcase_entity=group)))
91872	ersticken		
91873	sie	10830	(mention_id=10953|references=(entity=(entity_id=entity_0014|fullname=Cöleste Bennet|gender=f)))
91874	fast		
91875	in		
91876	dieser		
91877	Sommerschwüle		
91878	.		
91879	An		
91880	ihrer	10831	(mention_id=10954|references=(entity=(entity_id=entity_0014|fullname=Cöleste Bennet|gender=f)))
91881	Stelle		
91882	hätte		
91883	ich	10832	(mention_id=10955|references=(entity=(entity_id=entity_0259|fullname=Lord Arthur Ormond|gender=m)))
91884	den		
91885	Kreis		
91886	längst		
91887	durchbrochen		
91888	.		
91889	Aber		
91890	sie	10833	(mention_id=10956|references=(entity=(entity_id=entity_0014|fullname=Cöleste Bennet|gender=f)))
91891	weiß		
91892	sich	10834	(mention_id=10957|references=(entity=(entity_id=entity_0014|fullname=Cöleste Bennet|gender=f)))
91893	nicht		
91894	zu		
91895	helfen		
91896	.		
91897	Sie	10835	(mention_id=10958|references=(entity=(entity_id=entity_0014|fullname=Cöleste Bennet|gender=f)))
91898	ist		
91899	noch		
91900	halb		
91901	Kind	10836	(mention_id=10959|references=(entity=(entity_id=entity_0014|fullname=Cöleste Bennet|gender=f)))
91902	.		
91903	Hält		
91904	auch		
91905	nichts		
91906	von		
91907	der		
91908	Perfectibilität		
91909	der		
91910	Thierseele		
91911	.		
91912	Aber		
91913	kommen		
91914	Sie	10837	(mention_id=10960|references=(entity=(entity_id=entity_0001|fullname=Dr. Moorfeld|gender=m)))
91915	,		
91916	Sir	10838	(mention_id=10961|references=(entity=(entity_id=entity_0001|fullname=Dr. Moorfeld|gender=m)))
91917	!		
91918	Da		
91919	blieb		
91920	keine		
91921	Wahl		
91922	.		
91923	Die		
91924	Poesie		
91925	des		
91926	Augenblicks		
91927	hatte		
91928	jetzt		
91929	ihre	10839	
91930	Muse		
91931	.		
91932	Dort		
91933	stand		
91934	sie	10840	
91935	verkörpert		
91936	.		
91937	Sie	10841	
91938	stand		
91939	auf		
91940	dem		
91941	Scheidewege		
91942	von		
91943	Saratoga		
91944	nach		
91945	Ohio		
91946	.		
91947	Moorfeld	10842	(mention_id=10962|references=(entity=(entity_id=entity_0001|fullname=Dr. Moorfeld|gender=m)))
91948	erkannte		
91949	die		
91950	Göttin	10843	
91951	Gelegenheit		
91952	und		
91953	verzieh		
91954	ihr	10844	
91955	die		
91956	capriciöse		
91957	Wahl		
91958	ihres	10845	
91959	Sendlings	10846	(mention_id=10963|references=(entity=(entity_id=entity_0259|fullname=Lord Arthur Ormond|gender=m)|specialcase_reference=figurative))
91960	.		
91961	Er	10847	(mention_id=10964|references=(entity=(entity_id=entity_0001|fullname=Dr. Moorfeld|gender=m)))
91962	nahm		
91963	den		
91964	Arm		
91965	des		
91966	Engländers	10848	(mention_id=10965|references=(entity=(entity_id=entity_0259|fullname=Lord Arthur Ormond|gender=m)))
91967	an		
91968	.		
91969	Die		
91970	Herren	10849	(mention_id=10966|references=(entity=(entity_id=entity_0001|fullname=Dr. Moorfeld|gender=m)),(entity=(entity_id=entity_0259|fullname=Lord Arthur Ormond|gender=m)))
91971	promenirten		
91972	die		
91973	beiden		
91974	Säle		
91975	hinab		
91976	,		
91977	im		
91978	Vorbeigehen		
91979	an		
91980	der		
91981	Gruppe	10850	(mention_id=10967|references=(entity=(entity_id=entity_0506|fullname=Jünglinge|gender=m|possible_identity_with=entity_0099|members=entity_0539,entity_0545,entity_0567,entity_0573,entity_0579,entity_0580,entity_0583,entity_0584,entity_0606,entity_0613,entity_0617,entity_0619|all_members_given=False|specialcase_entity=group)),(entity=(entity_id=entity_0014|fullname=Cöleste Bennet|gender=f)))
91982	winkte		
91983	der		
91984	Engländer	10851	(mention_id=10968|references=(entity=(entity_id=entity_0259|fullname=Lord Arthur Ormond|gender=m)))
91985	mit		
91986	dem		
91987	vertraulichen		
91988	Gruß		
91989	des		
91990	Hausfreundes	10852	(mention_id=10969|references=(entity=(entity_id=entity_0259|fullname=Lord Arthur Ormond|gender=m)))
91991	dem		
91992	jungen		
91993	Mädchen	10853	(mention_id=10970|references=(entity=(entity_id=entity_0014|fullname=Cöleste Bennet|gender=f)))
91994	zu		
91995	und		
91996	sagte		
91997	mit		
91998	einer		
91999	Handbewegung		
92000	gegen		
92001	Moorfeld	10854	(mention_id=10971|references=(entity=(entity_id=entity_0001|fullname=Dr. Moorfeld|gender=m)))
92002	:		
92003	Doctor	10855	(mention_id=10972|references=(entity=(entity_id=entity_0001|fullname=Dr. Moorfeld|gender=m)))
92004	Muhrfield	10855	(mention_id=10972|references=(entity=(entity_id=entity_0001|fullname=Dr. Moorfeld|gender=m)))
92005	,		
92006	a		
92007	literary		
92008	gentleman	10856	(mention_id=10973|references=(entity=(entity_id=entity_0001|fullname=Dr. Moorfeld|gender=m)))
92009	aus		
92010	Deutschland		
92011	.		
92012	Die		
92013	langen		
92014	Hälse		
92015	der		
92016	Snobs	10857	(mention_id=10974|references=(entity=(entity_id=entity_0506|fullname=Jünglinge|gender=m|possible_identity_with=entity_0099|members=entity_0539,entity_0545,entity_0567,entity_0573,entity_0579,entity_0580,entity_0583,entity_0584,entity_0606,entity_0613,entity_0617,entity_0619|all_members_given=False|specialcase_entity=group)))
92017	drehten		
92018	sich		
92019	auf		
92020	ihren	10858	(mention_id=10975|references=(entity=(entity_id=entity_0506|fullname=Jünglinge|gender=m|possible_identity_with=entity_0099|members=entity_0539,entity_0545,entity_0567,entity_0573,entity_0579,entity_0580,entity_0583,entity_0584,entity_0606,entity_0613,entity_0617,entity_0619|all_members_given=False|specialcase_entity=group)))
92021	Wirbeln		
92022	herum		
92023	,		
92024	den		
92025	Vorgestellten	10859	(mention_id=10976|references=(entity=(entity_id=entity_0001|fullname=Dr. Moorfeld|gender=m)))
92026	neugierig		
92027	musternd		
92028	.		
92029	Das		
92030	satyrische		
92031	Lächeln		
92032	,		
92033	das		
92034	sie	10860	(mention_id=10977|references=(entity=(entity_id=entity_0506|fullname=Jünglinge|gender=m|possible_identity_with=entity_0099|members=entity_0539,entity_0545,entity_0567,entity_0573,entity_0579,entity_0580,entity_0583,entity_0584,entity_0606,entity_0613,entity_0617,entity_0619|all_members_given=False|specialcase_entity=group)))
92035	bei		
92036	der		
92037	Annäherung		
92038	des		
92039	Lords	10861	(mention_id=10978|references=(entity=(entity_id=entity_0259|fullname=Lord Arthur Ormond|gender=m)))
92040	gezeigt		
92041	,		
92042	verschwand		
92043	sofort		
92044	wieder		
92045	beim		
92046	Anblicke		
92047	Moorfelds	10862	(mention_id=10979|references=(entity=(entity_id=entity_0001|fullname=Dr. Moorfeld|gender=m)))
92048	.		
92049	Es		
92050	machte		
92051	dem		
92052	Ausdruck		
92053	eines		
92054	gewissen		
92055	Verdrusses		
92056	Platz		
92057	,		
92058	einem		
92059	undefinirbaren		
92060	Mienenspiel		
92061	von		
92062	Einfalt		
92063	und		
92064	Naseweisheit		
92065	,		
92066	welches		
92067	verrieth		
92068	,		
92069	daß		
92070	sie	10863	(mention_id=10980|references=(entity=(entity_id=entity_0506|fullname=Jünglinge|gender=m|possible_identity_with=entity_0099|members=entity_0539,entity_0545,entity_0567,entity_0573,entity_0579,entity_0580,entity_0583,entity_0584,entity_0606,entity_0613,entity_0617,entity_0619|all_members_given=False|specialcase_entity=group)))
92071	zwar		
92072	zu		
92073	dumm		
92074	waren		
92075	,		
92076	ein		
92077	höheres		
92078	Genie		(mention_id=10981|references=(entity=(entity_id=entity_0001|fullname=Dr. Moorfeld|gender=m)),(entity=(entity_id=generic_4269|fullname=generic_0614|gender=u|specialcase_entity=generic)))
92079	als		
92080	sich	10864	(mention_id=10982|references=(entity=(entity_id=entity_0506|fullname=Jünglinge|gender=m|possible_identity_with=entity_0099|members=entity_0539,entity_0545,entity_0567,entity_0573,entity_0579,entity_0580,entity_0583,entity_0584,entity_0606,entity_0613,entity_0617,entity_0619|all_members_given=False|specialcase_entity=group)))
92081	selbst		
92082	zu		
92083	erkennen		
92084	und		
92085	zu		
92086	fürchten		
92087	,		
92088	aber		
92089	doch		
92090	auch		
92091	zu		
92092	feig		
92093	,		
92094	sich	10865	(mention_id=10983|references=(entity=(entity_id=entity_0506|fullname=Jünglinge|gender=m|possible_identity_with=entity_0099|members=entity_0539,entity_0545,entity_0567,entity_0573,entity_0579,entity_0580,entity_0583,entity_0584,entity_0606,entity_0613,entity_0617,entity_0619|all_members_given=False|specialcase_entity=group)))
92095	ganz		
92096	behaglich		
92097	und		
92098	sicher		
92099	dabei		
92100	zu		
92101	fühlen		
92102	.		
92103	Jedenfalls		
92104	wies		
92105	sich		
92106	dem		
92107	Ankömmling	10866	(mention_id=10984|references=(entity=(entity_id=entity_0001|fullname=Dr. Moorfeld|gender=m)))
92108	eine		
92109	Gallerie		
92110	von		
92111	übelwollenden		
92112	Gesichtern		
92113	.		
92114	Moorfeld	10867	(mention_id=10985|references=(entity=(entity_id=entity_0001|fullname=Dr. Moorfeld|gender=m)))
92115	ließ		
92116	sich	10868	(mention_id=10986|references=(entity=(entity_id=entity_0001|fullname=Dr. Moorfeld|gender=m)))
92117	das		
92118	nicht		
92119	anfechten		
92120	.		
92121	Sein	10869	(mention_id=10987|references=(entity=(entity_id=entity_0001|fullname=Dr. Moorfeld|gender=m)))
92122	Auge		
92123	feierte		
92124	den		
92125	Anblick		
92126	Cölestinens	10870	(mention_id=10988|references=(entity=(entity_id=entity_0014|fullname=Cöleste Bennet|gender=f)))
92127	.		
92128	Es		
92129	war		
92130	zum		
92131	ersten		
92132	Male		
92133	,		
92134	daß		
92135	er	10871	(mention_id=10989|references=(entity=(entity_id=entity_0001|fullname=Dr. Moorfeld|gender=m)))
92136	ihr	10872	(mention_id=10990|references=(entity=(entity_id=entity_0014|fullname=Cöleste Bennet|gender=f)))
92137	in		
92138	Front		
92139	gegenüberstand		
92140	.		
92141	Damals		
92142	hatte		
92143	er	10873	(mention_id=10991|references=(entity=(entity_id=entity_0001|fullname=Dr. Moorfeld|gender=m)))
92144	sie	10874	(mention_id=10992|references=(entity=(entity_id=entity_0014|fullname=Cöleste Bennet|gender=f)))
92145	aus		
92146	einer		
92147	gewissen		
92148	Ferne		
92149	und		
92150	nur		
92151	flüchtig		
92152	gesehen		
92153	;		
92154	auch		
92155	trug		
92156	sie	10875	(mention_id=10993|references=(entity=(entity_id=entity_0014|fullname=Cöleste Bennet|gender=f)))
92157	an		
92158	jenem		
92159	Morgen		
92160	ein		
92161	Peignoir		
92162	und		
92163	eine		
92164	Coiffüre		
92165	von		
92166	kleinen		
92167	Ringellöckchen		
92168	;		
92169	heute		
92170	war		
92171	sie	10876	(mention_id=10994|references=(entity=(entity_id=entity_0014|fullname=Cöleste Bennet|gender=f)))
92172	à		
92173	l'enfant		
92174	frisirt		
92175	,		
92176	und		
92177	das		
92178	glatte		
92179	Leibchen		
92180	ihrer	10877	(mention_id=10995|references=(entity=(entity_id=entity_0014|fullname=Cöleste Bennet|gender=f)))
92181	eleganten		
92182	Robe		
92183	von		
92184	indischem		
92185	Musselin		
92186	hob		
92187	ihre	10878	(mention_id=10996|references=(entity=(entity_id=entity_0014|fullname=Cöleste Bennet|gender=f)))
92188	feine		
92189	Taille		
92190	eben		
92191	so		
92192	edel		
92193	hervor		
92194	,		
92195	als		
92196	jener		
92197	Morgenüberwurf		
92198	sie		(mention_id=10997|references=(entity=(entity_id=entity_0014|fullname=Cöleste Bennet|gender=f)))
92199	dem		
92200	Blicke		
92201	verhüllt		
92202	hatte		
92203	.		
92204	Kurz		
92205	,		
92206	die		
92207	äußere		
92208	Erscheinung		
92209	bot		
92210	zwei		
92211	ganz		
92212	verschiedene		
92213	Bilder		
92214	,		
92215	und		
92216	Moorfeld	10879	(mention_id=10998|references=(entity=(entity_id=entity_0001|fullname=Dr. Moorfeld|gender=m)))
92217	erschrack		
92218	fast		
92219	,		
92220	wie		
92221	treu		
92222	er	10880	(mention_id=10999|references=(entity=(entity_id=entity_0001|fullname=Dr. Moorfeld|gender=m)))
92223	das		
92224	eine		
92225	festgehalten		
92226	.		
92227	Auch		
92228	die		
92229	Gesichtszüge		
92230	des		
92231	Mädchens	10881	(mention_id=11000|references=(entity=(entity_id=entity_0014|fullname=Cöleste Bennet|gender=f)))
92232	schienen		
92233	nicht		
92234	geeignet		
92235	,		
92236	der		
92237	Imagination		
92238	sich		
92239	scharf		
92240	einzuprägen		
92241	;		
92242	da		
92243	sie	10882	(mention_id=11001|references=(entity=(entity_id=entity_0014|fullname=Cöleste Bennet|gender=f)))
92244	Blondine	10883	(mention_id=11002|references=(entity=(entity_id=entity_0014|fullname=Cöleste Bennet|gender=f)))
92245	war		
92246	,		
92247	so		
92248	fiel		
92249	der		
92250	Begriff		
92251	einer		
92252	„		
92253	markirten		
92254	”		
92255	oder		
92256	„		
92257	ausdrucksvollen		
92258	”		
92259	Schönheit		
92260	von		
92261	selbst		
92262	weg		
92263	.		
92264	Fänden		
92265	wir	10884	(mention_id=11003|references=(entity=(entity_id=entity_0007|fullname=Erzählinstanz|gender=u)))
92266	es		
92267	nicht		
92268	tadelnswerth		
92269	,		
92270	das		
92271	Lebendige		
92272	durch		
92273	seine		
92274	eigene		
92275	Nachahmung		
92276	zu		
92277	definiren		
92278	,		
92279	so		
92280	würden		
92281	wir	10885	(mention_id=11004|references=(entity=(entity_id=entity_0007|fullname=Erzählinstanz|gender=u)))
92282	mit		
92283	dem		
92284	schlechten		
92285	,		
92286	aber		
92287	viel		
92288	gebrauchten		
92289	Behelf		
92290	,		
92291	unser	10886	(mention_id=11005|references=(entity=(entity_id=entity_0007|fullname=Erzählinstanz|gender=u)))
92292	Kunstmittel		
92293	einer		
92294	andern		
92295	Kunst		
92296	zu		
92297	entlehnen		
92298	,		
92299	uns	10887	(mention_id=11006|references=(entity=(entity_id=entity_0007|fullname=Erzählinstanz|gender=u)))
92300	etwa		
92301	so		
92302	ausdrücken		
92303	:		
92304	nicht		
92305	die		
92306	Zeichnung		
92307	,		
92308	sondern		
92309	das		
92310	Colorit		
92311	war		
92312	das		
92313	Bezaubernde		
92314	ihres	10888	(mention_id=11007|references=(entity=(entity_id=entity_0014|fullname=Cöleste Bennet|gender=f)))
92315	Kopfes		
92316	,		
92317	sie	10889	(mention_id=11008|references=(entity=(entity_id=entity_0014|fullname=Cöleste Bennet|gender=f)))
92318	war		
92319	kein		
92320	Buonarotti	10890	(mention_id=11009|references=(entity=(entity_id=entity_0014|fullname=Cöleste Bennet|gender=f)|specialcase_reference=figurative))
92321	,		
92322	sondern		
92323	ein		
92324	Guido	10891	(mention_id=11010|references=(entity=(entity_id=entity_0014|fullname=Cöleste Bennet|gender=f)|specialcase_reference=figurative))
92325	Reni	10891	(mention_id=11010|references=(entity=(entity_id=entity_0014|fullname=Cöleste Bennet|gender=f)|specialcase_reference=figurative))
92326	.		
92327	Die		
92328	Rose		
92329	der		
92330	Gesundheit		
92331	war		
92332	zu		
92333	dem		
92334	zarten		
92335	Rosa		
92336	der		
92337	Mandelblüthe		
92338	auf		
92339	ihren	10892	(mention_id=11011|references=(entity=(entity_id=entity_0014|fullname=Cöleste Bennet|gender=f)))
92340	Wangen		
92341	verfeinert		
92342	,		
92343	der		
92344	Strahl		
92345	ihres	10893	(mention_id=11012|references=(entity=(entity_id=entity_0014|fullname=Cöleste Bennet|gender=f)))
92346	Auges		
92347	leuchtete		
92348	weich		
92349	und		
92350	mild		
92351	wie		
92352	Mondesstrahl		
92353	und		
92354	hatte		
92355	etwas		
92356	Ueberwachtes		
92357	,		
92358	einen		
92359	Dämmer		
92360	süßer		
92361	Müdigkeit		
92362	,		
92363	welchen		
92364	die		
92365	fatiguirteste		
92366	Aristokratin	10894	(mention_id=11013|references=(entity=(entity_id=generic_4270|fullname=generic_0615|gender=u|specialcase_entity=generic)))
92367	dem		
92368	kleinen		
92369	verwöhnten		
92370	Bürgerkinde	10895	(mention_id=11014|references=(entity=(entity_id=entity_0014|fullname=Cöleste Bennet|gender=f)))
92371	Newyorks	10896	
92372	beneidet		
92373	hätte		
92374	.		
92375	Es		
92376	schien		
92377	ungefährlich		
92378	,		
92379	in		
92380	dieses		
92381	Auge		
92382	zu		
92383	sehen		
92384	.		
92385	Es		
92386	athmete		
92387	einen		
92388	Ausdruck		
92389	von		
92390	Ruhe		
92391	,		
92392	welche		
92393	capuanisch		
92394	sicher		
92395	machte		
92396	.		
92397	Der		
92398	Beschauer	10897	(mention_id=11015|references=(entity=(entity_id=entity_0001|fullname=Dr. Moorfeld|gender=m)))
92399	vertiefte		
92400	sich	10898	(mention_id=11016|references=(entity=(entity_id=entity_0001|fullname=Dr. Moorfeld|gender=m)))
92401	darin		
92402	mit		
92403	vollkommenster		
92404	Freiheit		
92405	;		
92406	aus		
92407	dem		
92408	Arsenal		
92409	der		
92410	Mädchenwaffen		
92411	zuckte		
92412	ihm	10899	(mention_id=11017|references=(entity=(entity_id=entity_0001|fullname=Dr. Moorfeld|gender=m)))
92413	keines		
92414	der		
92415	wohlbekannten		
92416	Geschosse		
92417	entgegen		
92418	.		
92419	Aber		
92420	eine		
92421	schwüle		
92422	Atmosphäre		
92423	,		
92424	ein		
92425	narkotischer		
92426	Duftnimbus		
92427	zitterte		
92428	mit		
92429	magischen		
92430	Schwingungen		
92431	um		
92432	den		
92433	ganzen		
92434	Horizont		
92435	dieses		
92436	Mädchens	10900	(mention_id=11018|references=(entity=(entity_id=entity_0014|fullname=Cöleste Bennet|gender=f)))
92437	und		
92438	überwand		
92439	alle		
92440	Seelenkräfte		
92441	.		
92442	Die		
92443	Ruhe		
92444	ihres	10901	(mention_id=11019|references=(entity=(entity_id=entity_0014|fullname=Cöleste Bennet|gender=f)))
92445	Anblicks		
92446	war		
92447	orientalische		
92448	Ruhe		
92449	.		
92450	Die		
92451	Phantasie		
92452	fühlte		
92453	sich		
92454	vor		
92455	ihrem	10902	(mention_id=11020|references=(entity=(entity_id=entity_0014|fullname=Cöleste Bennet|gender=f)))
92456	Bilde		
92457	wie		
92458	in		
92459	ihrer	10903	(mention_id=11021|references=(entity=(entity_id=entity_0014|fullname=Cöleste Bennet|gender=f)))
92460	Urheimath		
92461	und		
92462	all		
92463	ihre	10904	(mention_id=11022|references=(entity=(entity_id=entity_0014|fullname=Cöleste Bennet|gender=f)))
92464	Kulturfrüchte		
92465	wuchsen		
92466	wild		
92467	in		
92468	diesem		
92469	Clima		
92470	.		
92471	Das		
92472	war		
92473	das		
92474	Fesselnde		
92475	,		
92476	das		
92477	Unvergeßliche		
92478	auch		
92479	ihres	10905	(mention_id=11023|references=(entity=(entity_id=entity_0014|fullname=Cöleste Bennet|gender=f)))
92480	flüchtigstens		
92481	Anschaun'		
92482	s.		
92483	Das		
92484	Mädchen	10906	(mention_id=11024|references=(entity=(entity_id=entity_0014|fullname=Cöleste Bennet|gender=f)))
92485	erwiederte		
92486	die		
92487	Vorstellung		
92488	Moorfeld's	10907	(mention_id=11025|references=(entity=(entity_id=entity_0001|fullname=Dr. Moorfeld|gender=m)))
92489	mit		
92490	einer		
92491	der		
92492	üblichen		
92493	Redensarten		
92494	,		
92495	woran		
92496	sie	10908	(mention_id=11026|references=(entity=(entity_id=entity_0014|fullname=Cöleste Bennet|gender=f)))
92497	die		
92498	Frage		
92499	reihte		
92500	:		
92501	Sie	10909	(mention_id=11027|references=(entity=(entity_id=entity_0014|fullname=Cöleste Bennet|gender=f)))
92502	kommen		
92503	aus		
92504	dem		
92505	alten		
92506	Lande		
92507	,		
92508	Sir	10910	(mention_id=11028|references=(entity=(entity_id=entity_0001|fullname=Dr. Moorfeld|gender=m)))
92509	?		
92510	Wie		
92511	gefällt		
92512	Ihnen	10911	(mention_id=11029|references=(entity=(entity_id=entity_0001|fullname=Dr. Moorfeld|gender=m)))
92513	Newyork		
92514	?		
92515	Die		
92516	junge		
92517	Amerikanerin	10912	(mention_id=11030|references=(entity=(entity_id=entity_0014|fullname=Cöleste Bennet|gender=f)))
92518	that		
92519	diese		
92520	Frage		
92521	—		
92522	deutsch		
92523	.		
92524	Moorfeld	10913	(mention_id=11031|references=(entity=(entity_id=entity_0001|fullname=Dr. Moorfeld|gender=m)))
92525	antwortete		
92526	sogleich		
92527	mit		
92528	einer		
92529	Anspielung		
92530	auf		
92531	diesen		
92532	Umstand		
92533	:		
92534	die		
92535	Stadt		
92536	wendet		
92537	viele		
92538	Kunst		
92539	daran		
92540	,		
92541	auf		
92542	ihre		
92543	Weise		
92544	schön		
92545	zu		
92546	sein		
92547	;		
92548	aber		
92549	es		
92550	sind		
92551	doch		
92552	nur		
92553	die		
92554	schönen		
92555	Schöpfungen		
92556	der		
92557	Natur		
92558	,		
92559	welche		
92560	uns	10914	(mention_id=11032|references=(entity=(entity_id=entity_0001|fullname=Dr. Moorfeld|gender=m)),(entity=(entity_id=generic_4271|fullname=generic_0616|gender=u|specialcase_entity=generic)))
92561	überall		
92562	heimisch		
92563	ansprechen		
92564	.		
92565	Cöleste	10915	(mention_id=11033|references=(entity=(entity_id=entity_0014|fullname=Cöleste Bennet|gender=f)))
92566	schlug		
92567	das		
92568	Auge		
92569	nieder		
92570	und		
92571	gab		
92572	sich	10916	(mention_id=11034|references=(entity=(entity_id=entity_0014|fullname=Cöleste Bennet|gender=f)))
92573	Mühe		
92574	,		
92575	ein		
92576	geschmeicheltes		
92577	Lächeln		
92578	zu		
92579	verbergen		
92580	.		
92581	Auch		
92582	unterdrückte		
92583	sie	10917	(mention_id=11035|references=(entity=(entity_id=entity_0014|fullname=Cöleste Bennet|gender=f)))
92584	den		
92585	Eindruck		
92586	dieser		
92587	Antwort		
92588	sogleich		
92589	mit		
92590	der		
92591	neuen		
92592	Frage		
92593	:		
92594	Kommen		
92595	Sie	10918	(mention_id=11036|references=(entity=(entity_id=entity_0001|fullname=Dr. Moorfeld|gender=m)))
92596	unmittelbar		
92597	aus		
92598	Deutschland		
92599	,		
92600	Sir	10919	(mention_id=11037|references=(entity=(entity_id=entity_0001|fullname=Dr. Moorfeld|gender=m)))
92601	?		
92602	Die		
92603	Snobs	10920	(mention_id=11038|references=(entity=(entity_id=entity_0506|fullname=Jünglinge|gender=m|possible_identity_with=entity_0099|members=entity_0539,entity_0545,entity_0567,entity_0573,entity_0579,entity_0580,entity_0583,entity_0584,entity_0606,entity_0613,entity_0617,entity_0619|all_members_given=False|specialcase_entity=group)))
92604	vermerkten		
92605	mit		
92606	großem		
92607	Mißvergnügen		
92608	die		
92609	Absicht		
92610	ihrer	10921	(mention_id=11039|references=(entity=(entity_id=entity_0506|fullname=Jünglinge|gender=m|possible_identity_with=entity_0099|members=entity_0539,entity_0545,entity_0567,entity_0573,entity_0579,entity_0580,entity_0583,entity_0584,entity_0606,entity_0613,entity_0617,entity_0619|all_members_given=False|specialcase_entity=group)))
92611	Huldin	10922	(mention_id=11040|references=(entity=(entity_id=entity_0014|fullname=Cöleste Bennet|gender=f)))
92612	,		
92613	den		
92614	Ankömmling	10923	(mention_id=11041|references=(entity=(entity_id=entity_0001|fullname=Dr. Moorfeld|gender=m)))
92615	im		
92616	Gespräche		
92617	festzuhalten		
92618	.		
92619	Sie	10924	(mention_id=11042|references=(entity=(entity_id=entity_0506|fullname=Jünglinge|gender=m|possible_identity_with=entity_0099|members=entity_0539,entity_0545,entity_0567,entity_0573,entity_0579,entity_0580,entity_0583,entity_0584,entity_0606,entity_0613,entity_0617,entity_0619|all_members_given=False|specialcase_entity=group)))
92620	gaben		
92621	diese		
92622	Seelenregung		
92623	durch		
92624	ein		
92625	unartiges		
92626	Scharren		
92627	mit		
92628	den		
92629	Füßen		
92630	zu		
92631	erkennen		
92632	,		
92633	indem		
92634	sie	10925	(mention_id=11043|references=(entity=(entity_id=entity_0506|fullname=Jünglinge|gender=m|possible_identity_with=entity_0099|members=entity_0539,entity_0545,entity_0567,entity_0573,entity_0579,entity_0580,entity_0583,entity_0584,entity_0606,entity_0613,entity_0617,entity_0619|all_members_given=False|specialcase_entity=group)))
92635	demselben	10926	(mention_id=11044|references=(entity=(entity_id=entity_0001|fullname=Dr. Moorfeld|gender=m)))
92636	einen		
92637	Platz		
92638	in		
92639	ihrer	10927	(mention_id=11045|references=(entity=(entity_id=entity_0506|fullname=Jünglinge|gender=m|possible_identity_with=entity_0099|members=entity_0539,entity_0545,entity_0567,entity_0573,entity_0579,entity_0580,entity_0583,entity_0584,entity_0606,entity_0613,entity_0617,entity_0619|all_members_given=False|specialcase_entity=group)))
92640	Mitte		
92641	einräumten		
92642	.		
92643	Der		
92644	Engländer	10928	(mention_id=11046|references=(entity=(entity_id=entity_0259|fullname=Lord Arthur Ormond|gender=m)))
92645	hatte		
92646	den		
92647	Tact		
92648	,		
92649	sich	10929	(mention_id=11047|references=(entity=(entity_id=entity_0259|fullname=Lord Arthur Ormond|gender=m)))
92650	zu		
92651	entfernen		
92652	.		
92653	Moorfeld	10930	(mention_id=11048|references=(entity=(entity_id=entity_0001|fullname=Dr. Moorfeld|gender=m)))
92654	aber		
92655	war		
92656	nicht		
92657	gestimmt		
92658	,		
92659	conventionell		
92660	zu		
92661	antworten		
92662	.		
92663	Er	10931	(mention_id=11049|references=(entity=(entity_id=entity_0001|fullname=Dr. Moorfeld|gender=m)))
92664	benutzte		
92665	das		
92666	Terrain		
92667	der		
92668	Poesie		
92669	,		
92670	das		
92671	ihm	10932	(mention_id=11050|references=(entity=(entity_id=entity_0001|fullname=Dr. Moorfeld|gender=m)))
92672	das		
92673	Gegenüber		
92674	dieses		
92675	reizenden		
92676	Mädchens	10933	(mention_id=11051|references=(entity=(entity_id=entity_0014|fullname=Cöleste Bennet|gender=f)))
92677	bot		
92678	,		
92679	und		
92680	ließ		
92681	den		
92682	dithyrambischen		
92683	Flutungen		
92684	seiner	10934	(mention_id=11052|references=(entity=(entity_id=entity_0001|fullname=Dr. Moorfeld|gender=m)))
92685	Begeisterung		
92686	jetzt		
92687	freien		
92688	Lauf		
92689	.		
92690	Ich	10935	(mention_id=11053|references=(entity=(entity_id=entity_0001|fullname=Dr. Moorfeld|gender=m)))
92691	komme		
92692	zunächst		
92693	von		
92694	Cuba		
92695	,		
92696	Miß	10936	(mention_id=11054|references=(entity=(entity_id=entity_0014|fullname=Cöleste Bennet|gender=f)))
92697	,		
92698	antwortete		
92699	er	10937	(mention_id=11055|references=(entity=(entity_id=entity_0001|fullname=Dr. Moorfeld|gender=m)))
92700	ohne		
92701	Anstand		
92702	.		
92703	Von		
92704	Cuba		
92705	?		
92706	rief		
92707	Cöleste	10938	(mention_id=11056|references=(entity=(entity_id=entity_0014|fullname=Cöleste Bennet|gender=f)))
92708	mit		
92709	einem		
92710	Anflug		
92711	von		
92712	Schwärmerei		
92713	—		
92714	ah		
92715	,		
92716	wie		
92717	herrlich		
92718	!		
92719	Da		
92720	haben		
92721	Sie	10939	(mention_id=11057|references=(entity=(entity_id=entity_0014|fullname=Cöleste Bennet|gender=f)))
92722	die		
92723	Perle		
92724	der		
92725	Welt		
92726	gesehen		
92727	!		
92728	Ich	10940	(mention_id=11058|references=(entity=(entity_id=entity_0001|fullname=Dr. Moorfeld|gender=m)))
92729	gehe		
92730	seitdem		
92731	wie		
92732	mit		
92733	einem		
92734	Gefolge		
92735	unsichtbarer		
92736	Genien	10941	
92737	.		
92738	Die		
92739	Bilder		
92740	,		
92741	die		
92742	Schatten		
92743	dieses		
92744	Paradieses		
92745	sind		
92746	eine		
92747	selige		
92748	Begleitung		
92749	auf		
92750	jedem		
92751	meiner	10942	(mention_id=11059|references=(entity=(entity_id=entity_0001|fullname=Dr. Moorfeld|gender=m)))
92752	Schritte		
92753	.		
92754	Noch		
92755	umwölben		
92756	mich	10943	(mention_id=11060|references=(entity=(entity_id=entity_0001|fullname=Dr. Moorfeld|gender=m)))
92757	—		
92758	doch		
92759	ich	10944	(mention_id=11061|references=(entity=(entity_id=entity_0001|fullname=Dr. Moorfeld|gender=m)))
92760	bin		
92761	egoistisch		
92762	.		
92763	Warum		
92764	soll		
92765	sich		
92766	dieser		
92767	Saal		
92768	nicht		
92769	in		
92770	einen		
92771	Salon		
92772	de		
92773	verdure		
92774	verwandeln		
92775	,		
92776	der		
92777	die		
92778	Königin		
92779	der		
92780	Antillen		
92781	uns	10945	(mention_id=11062|references=(entity=(entity_id=entity_0001|fullname=Dr. Moorfeld|gender=m)),(entity=(entity_id=entity_0014|fullname=Cöleste Bennet|gender=f)))
92782	vergegen		
92783	wärtiget		
92784	?		
92785	Kann		
92786	die		
92787	Phantasie		
92788	diesen		
92789	Zauber		
92790	vollbringen		
92791	,		
92792	dann		
92793	umwölben		
92794	uns	10946	(mention_id=11063|references=(entity=(entity_id=entity_0001|fullname=Dr. Moorfeld|gender=m)),(entity=(entity_id=entity_0014|fullname=Cöleste Bennet|gender=f)))
92795	die		
92796	Laubdome		
92797	großblättriger		
92798	Bignonien		
92799	und		
92800	Pisang's		
92801	,		
92802	hoher		
92803	luftiger		
92804	Cassien		
92805	,		
92806	stolzer		
92807	und		
92808	mächtiger		
92809	Latanen		
92810	,		
92811	deren		
92812	Blätter		
92813	,		
92814	an		
92815	langen		
92816	Schaften		
92817	gerollt		
92818	,		
92819	einer		
92820	grün		
92821	glänzenden		
92822	Sonne		
92823	gleichen		
92824	;		
92825	es		
92826	umschattet		
92827	uns	10947	(mention_id=11064|references=(entity=(entity_id=entity_0001|fullname=Dr. Moorfeld|gender=m)),(entity=(entity_id=entity_0014|fullname=Cöleste Bennet|gender=f)))
92828	der		
92829	dunkle		
92830	,		
92831	majestätische		
92832	Lebensbaum		
92833	,		
92834	und		
92835	sein		
92836	prächtiger		
92837	Contrast		
92838	,		
92839	der		
92840	helle		
92841	,		
92842	glänzend		
92843	belaubte		
92844	Kampher		
92845	;		
92846	die		
92847	Magnolie		
92848	,		
92849	die		
92850	ihre		
92851	breiten		
92852	Rosen		
92853	hoch		
92854	trägt		
92855	,		
92856	das		
92857	ganze		
92858	Gebüsch		
92859	beherrscht		
92860	und		
92861	keine		
92862	Nebenbuhlerin		
92863	als		
92864	die		
92865	Riesenpalme		
92866	hat		
92867	,		
92868	welche		
92869	mit		
92870	leichter		
92871	Grazie		
92872	ihre		
92873	grünen		
92874	Fächer		
92875	in		
92876	den		
92877	Lüften		
92878	schaukelt		
92879	,		
92880	der		
92881	Wollbaum		
92882	,		
92883	bewaffnet		
92884	mit		
92885	ritterlichen		
92886	Stacheln		
92887	,		
92888	der		
92889	weithin		
92890	die		
92891	dicken		
92892	Aeste		
92893	verbreitet		
92894	und		
92895	seine		
92896	gefingerten		
92897	Blätter		
92898	in		
92899	bewegliche		
92900	Massen		
92901	gruppirt		
92902	;		
92903	weißstämmige		
92904	,		
92905	großgeblätterte		
92906	Cecropien		
92907	werfen		
92908	ihr		
92909	phantastisch		
92910	durchbrochenes		
92911	Gitterwerk		
92912	zwischen		
92913	uns	10948	(mention_id=11065|references=(entity=(entity_id=entity_0001|fullname=Dr. Moorfeld|gender=m)),(entity=(entity_id=entity_0014|fullname=Cöleste Bennet|gender=f)))
92914	und		
92915	das		
92916	Himmelsblau		
92917	und		
92918	ein		
92919	Heer		
92920	von		
92921	namenlosen		
92922	Waldkoryphäen		
92923	erdrückt		
92924	uns	10949	(mention_id=11066|references=(entity=(entity_id=entity_0001|fullname=Dr. Moorfeld|gender=m)),(entity=(entity_id=entity_0014|fullname=Cöleste Bennet|gender=f)))
92925	in		
92926	seinen		
92927	bilderreichen		
92928	Korallenarmen		
92929	.		
92930	Ein		
92931	Volk		
92932	von		
92933	buntgefiederten		
92934	Papageien		
92935	schwirrt		
92936	über		
92937	uns	10950	(mention_id=11067|references=(entity=(entity_id=entity_0001|fullname=Dr. Moorfeld|gender=m)),(entity=(entity_id=entity_0014|fullname=Cöleste Bennet|gender=f)))
92938	hin		
92939	,		
92940	läßt		
92941	sich		
92942	schreiend		
92943	auf		
92944	Blüthengipfeln		
92945	nieder		
92946	und		
92947	pickt		
92948	in		
92949	saftige		
92950	Granaten		
92951	.		
92952	Durch		
92953	undurchdringliche		
92954	,		
92955	tausendfarbige		
92956	Schmarotzerpflanzen		
92957	,		
92958	Convolven		
92959	und		
92960	andere		
92961	Waldparasiten		
92962	ziehen		
92963	sich		
92964	Schnüre		
92965	blattloser		
92966	milchiger		
92967	Lianen		
92968	,		
92969	die		
92970	mit		
92971	spiralförmigen		
92972	Stengeln		
92973	bald		
92974	von		
92975	stolzwogenden		
92976	Gipfeln		
92977	fallen		
92978	,		
92979	bald		
92980	freischwebende		
92981	Guirlanden		
92982	bilden		
92983	,		
92984	welche		
92985	von		
92986	unsichtbaren		
92987	Feenhänden		
92988	getragen		
92989	scheinen		
92990	.		
92991	Die		
92992	Buffi's		
92993	des		
92994	südlichen		
92995	Thiertheaters		
92996	,		
92997	die		
92998	Affen		
92999	,		
93000	springen		
93001	humoristisch		
93002	von		
93003	Zweig		
93004	zu		
93005	Zweig		
93006	,		
93007	schüchtern		
93008	flieht		
93009	die		
93010	Gazelle		
93011	in		
93012	tieferes		
93013	Gebüsch		
93014	,		
93015	schmelzend		
93016	erhebt		
93017	die		
93018	Nachtigal		
93019	aus		
93020	traumhaftem		
93021	Walddunkel		
93022	ihre		
93023	Liebesklagen		
93024	,		
93025	während		
93026	die		
93027	hellen		
93028	Töne		
93029	der		
93030	Cicaden		
93031	durch		
93032	ihre		
93033	Monotonie		
93034	die		
93035	Seele		
93036	in		
93037	süße		
93038	Melancholie		
93039	versenken		
93040	.		
93041	Myriaden		
93042	glänzender		
93043	Käfer		
93044	durchschwirren		
93045	die		
93046	Luft		
93047	und		
93048	blicken		
93049	gleich		
93050	Edelsteinen		
93051	aus		
93052	herrlichen		
93053	Blumen		
93054	.		
93055	Unschädliche		
93056	Schlangen		
93057	wetteifern		
93058	an		
93059	Glanz		
93060	mit		
93061	den		
93062	Farben		
93063	des		
93064	Regenbogens		
93065	,		
93066	und		
93067	schauckeln		
93068	sich		
93069	gleich		
93070	Lianen		
93071	von		
93072	den		
93073	Gipfeln		
93074	der		
93075	Bäume		
93076	.		
93077	Pfeilschnell		
93078	durchschwirrt		
93079	der		
93080	Kolibri		
93081	,		
93082	der		
93083	kleine		
93084	Liebesgott		
93085	der		
93086	Blumen		
93087	,		
93088	sein		
93089	immer		
93090	blühendes		
93091	Serail		
93092	.		
93093	Von		
93094	Bewegung		
93095	ein		
93096	Vogel		
93097	,		
93098	von		
93099	Pracht		
93100	und		
93101	Feuer		
93102	seiner		
93103	Farben		
93104	ein		
93105	fliegender		
93106	Smaragd		
93107	oder		
93108	Rubin		
93109	,		
93110	nennen		
93111	wir	10951	(mention_id=11068|references=(entity=(entity_id=entity_0001|fullname=Dr. Moorfeld|gender=m)),(entity=(entity_id=entity_0014|fullname=Cöleste Bennet|gender=f)))
93112	seine		
93113	Familien		
93114	ein		
93115	Potosi		
93116	in		
93117	der		
93118	Luft		
93119	.		
93120	Dieses		
93121	Paradies		
93122	umfluthet		
93123	uns	10952	(mention_id=11069|references=(entity=(entity_id=entity_0001|fullname=Dr. Moorfeld|gender=m)),(entity=(entity_id=entity_0014|fullname=Cöleste Bennet|gender=f)))
93124	Tag		
93125	und		
93126	Nacht		
93127	mit		
93128	Duftwellen		
93129	,		
93130	welche		
93131	gleich		
93132	Weihrauchwolken		
93133	gegen		
93134	den		
93135	Himmel		
93136	wallen		
93137	,		
93138	daß		
93139	der		
93140	kühnste		
93141	Luftschiffer	10953	
93142	die		
93143	Grenze		
93144	ihres		
93145	würzigen		
93146	Bezirkes		
93147	nicht		
93148	erreichte		
93149	.		
93150	Die		
93151	kleine		
93152	chinesische		
93153	Thuja		
93154	und		
93155	die		
93156	königliche		
93157	Magnolia		
93158	vermischen		
93159	nachbarlich		
93160	ihr		
93161	Aroma		
93162	.		
93163	Die		
93164	zarte		
93165	Vanilleblüthe		
93166	,		
93167	der		
93168	süßathmende		
93169	Orangenhain		
93170	,		
93171	Auen		
93172	von		
93173	honigreichen		
93174	Paullinien		
93175	und		
93176	die		
93177	würzigen		
93178	Blumenbüschel		
93179	unzähliger		
93180	Palmenarten		
93181	unterhalten		
93182	eine		
93183	Ebbe		
93184	und		
93185	Flut		
93186	von		
93187	Wohlgerüchen		
93188	.		
93189	Wasserfälle		
93190	,		
93191	die		
93192	sich		
93193	unaufhörlich		
93194	ihr		
93195	eigenes		
93196	Grab		
93197	wühlen		
93198	,		
93199	contrastiren		
93200	mit		
93201	natürlichen		
93202	Springbrunnen		
93203	,		
93204	die		
93205	ihren		
93206	Gischt		
93207	fröhlich		
93208	gegen		
93209	Himmel		
93210	spritzen		
93211	und		
93212	wetteifern		
93213	im		
93214	Aushauch		
93215	erquickender		
93216	Kühle		
93217	.		
93218	Dort		
93219	schlummert		
93220	ein		
93221	Wiesengrund		
93222	sanft		
93223	in		
93224	eines		
93225	Stromes		
93226	traulicher		
93227	Umarmung		
93228	.		
93229	Kolokinthen		
93230	kriechen		
93231	vom		
93232	Fuße		
93233	der		
93234	Tulpenbäume		
93235	bis		
93236	zu		
93237	ihren		
93238	Gipfeln		
93239	empor		
93240	und		
93241	bilden		
93242	hundert		
93243	Grotten		
93244	,		
93245	Thore		
93246	und		
93247	Dächer		
93248	;		
93249	sie		
93250	ranken		
93251	von		
93252	Zweig		
93253	zu		
93254	Zweig		
93255	über		
93256	Bäche		
93257	und		
93258	Flüsse		
93259	hinweg		
93260	,		
93261	und		
93262	hängen		
93263	Blumenbrücken		
93264	zwischen		
93265	den		
93266	dichtbewachsenen		
93267	Ufern		
93268	auf		
93269	.		
93270	Mimosenbäume		
93271	folgen		
93272	den		
93273	Windungen		
93274	mäandrischer		
93275	Flußränder		
93276	und		
93277	umsäumen		
93278	sie		
93279	malerisch		
93280	mit		
93281	Doppelcolonnaden		
93282	:		
93283	der		
93284	Abend		
93285	sinkt		
93286	nieder		
93287	auf		
93288	sie		
93289	;		
93290	sie		
93291	falten		
93292	schlaftrunken		
93293	ihre		
93294	Blätter		
93295	zusammen		
93296	.		
93297	Seine		
93298	Blätter		
93299	schließt		
93300	in		
93301	den		
93302	abendrothen		
93303	Flußwellen		
93304	der		
93305	Lotos		
93306	,		
93307	die		
93308	heilige		
93309	Blume		
93310	,		
93311	die		
93312	das		
93313	Leben		
93314	bedeutet		
93315	,		
93316	das		
93317	keusche		
93318	Mysterium		
93319	der		
93320	Weiblichkeit		
93321	.		
93322	Von		
93323	den		
93324	hohen		
93325	Stämmen		
93326	der		
93327	Cedern		
93328	hängt		
93329	weißbärtiges		
93330	Moos		
93331	herab		
93332	,		
93333	—		
93334	der		
93335	Wanderer	10954	(mention_id=11070|references=(entity=(entity_id=generic_4272|fullname=generic_0617|gender=u|specialcase_entity=generic)))
93336	hält		
93337	es		
93338	für		
93339	eine		
93340	Geistererscheinung		
93341	in		
93342	Dämmerlüften		
93343	,		
93344	aber		
93345	das		
93346	Nachtgespenst		
93347	hat		
93348	keine		
93349	Schrecken		
93350	hier		
93351	;		
93352	denn		
93353	jeder		
93354	Lebendige	10955	(mention_id=11071|references=(entity=(entity_id=generic_4273|fullname=generic_0618|gender=u|specialcase_entity=generic)))
93355	fühlt		
93356	,		
93357	dieser		
93358	Boden		
93359	müsse		
93360	noch		
93361	den		
93362	abgeschiedenen		
93363	Geist		
93364	festhalten		
93365	,		
93366	wie		
93367	er		
93368	den		
93369	genießenden		
93370	Sinnenmenschen		(mention_id=11072|references=(entity=(entity_id=generic_4274|fullname=generic_0619|gender=u|specialcase_entity=generic)))
93371	beglückt		
93372	hat		
93373	.		
93374	Moorfeld	10956	(mention_id=11073|references=(entity=(entity_id=entity_0001|fullname=Dr. Moorfeld|gender=m)))
93375	hatte		
93376	im		
93377	Flusse		
93378	dieser		
93379	Schilderung		
93380	Cölesten	10957	(mention_id=11074|references=(entity=(entity_id=entity_0014|fullname=Cöleste Bennet|gender=f)))
93381	ununterbrochen		
93382	ins		
93383	Auge		
93384	gesehen		
93385	und		
93386	ein		
93387	leiser		
93388	,		
93389	lächelnder		
93390	Zug		
93391	sagte		
93392	das		
93393	Uebrige		
93394	.		
93395	Das		
93396	Mädchen	10958	(mention_id=11075|references=(entity=(entity_id=entity_0014|fullname=Cöleste Bennet|gender=f)))
93397	errieth		
93398	bald		
93399	,		
93400	daß		
93401	Moorfeld	10959	(mention_id=11076|references=(entity=(entity_id=entity_0001|fullname=Dr. Moorfeld|gender=m)))
93402	aus		
93403	diesem		
93404	Auge		
93405	heraus		
93406	und		
93407	nicht		
93408	aus		
93409	einer		
93410	Reiseerinnerung		
93411	dichtete		
93412	,		
93413	daß		
93414	sie	10960	(mention_id=11077|references=(entity=(entity_id=entity_0014|fullname=Cöleste Bennet|gender=f)))
93415	selbst		
93416	das		
93417	Motiv		
93418	dieser		
93419	Arabesken		
93420	,		
93421	daß		
93422	sie	10961	(mention_id=11078|references=(entity=(entity_id=entity_0014|fullname=Cöleste Bennet|gender=f)))
93423	selbst		
93424	Cuba	10962	
93425	sei		
93426	.		
93427	Gleichzeitig		
93428	hatte		
93429	Moorfeld	10963	(mention_id=11079|references=(entity=(entity_id=entity_0001|fullname=Dr. Moorfeld|gender=m)))
93430	einige		
93431	jener		
93432	bedeutungsvollen		
93433	vorschreitenden		
93434	Bewegungen		
93435	versucht		
93436	,		
93437	aus		
93438	welchen		
93439	Cöleste	10964	(mention_id=11080|references=(entity=(entity_id=entity_0014|fullname=Cöleste Bennet|gender=f)))
93440	erkannte		
93441	,		
93442	daß		
93443	der		
93444	Fremde	10965	(mention_id=11081|references=(entity=(entity_id=entity_0001|fullname=Dr. Moorfeld|gender=m)))
93445	mit		
93446	der		
93447	„		
93448	Cour		
93449	des		
93450	Winkels		
93451	“		
93452	bekannt		
93453	sei		
93454	.		
93455	Sie	10966	(mention_id=11082|references=(entity=(entity_id=entity_0014|fullname=Cöleste Bennet|gender=f)))
93456	gab		
93457	unvermerkt		
93458	diesen		
93459	Bewegungen		
93460	nach		
93461	.		
93462	Das		
93463	Alles		
93464	war		
93465	stummes		
93466	Spiel		
93467	.		
93468	Das		
93469	Mädchen	10967	(mention_id=11083|references=(entity=(entity_id=entity_0014|fullname=Cöleste Bennet|gender=f)))
93470	erwiederte		
93471	die		
93472	Beschreibung		
93473	von		
93474	Cuba		
93475	aber		
93476	auch		
93477	mit		
93478	einigen		
93479	Dankesworten		
93480	.		
93481	Die		
93482	Dandies	10968	(mention_id=11084|references=(entity=(entity_id=entity_0506|fullname=Jünglinge|gender=m|possible_identity_with=entity_0099|members=entity_0539,entity_0545,entity_0567,entity_0573,entity_0579,entity_0580,entity_0583,entity_0584,entity_0606,entity_0613,entity_0617,entity_0619|all_members_given=False|specialcase_entity=group)))
93483	on		
93484	short		
93485	allowance		
93486	gebärdeten		
93487	sich	10969	(mention_id=11085|references=(entity=(entity_id=entity_0506|fullname=Jünglinge|gender=m|possible_identity_with=entity_0099|members=entity_0539,entity_0545,entity_0567,entity_0573,entity_0579,entity_0580,entity_0583,entity_0584,entity_0606,entity_0613,entity_0617,entity_0619|all_members_given=False|specialcase_entity=group)))
93488	dabei		
93489	wie		
93490	Vergiftete	10970	
93491	.		
93492	Einer	10971	(mention_id=11086|references=(entity=(entity_id=entity_0097|fullname=Howland|gender=m)))
93493	derselben	10972	(mention_id=11087|references=(entity=(entity_id=entity_0506|fullname=Jünglinge|gender=m|possible_identity_with=entity_0099|members=entity_0539,entity_0545,entity_0567,entity_0573,entity_0579,entity_0580,entity_0583,entity_0584,entity_0606,entity_0613,entity_0617,entity_0619|all_members_given=False|specialcase_entity=group)))
93494	(		
93495	er	10973	(mention_id=11088|references=(entity=(entity_id=entity_0097|fullname=Howland|gender=m)))
93496	mochte		
93497	den		
93498	Gedanken		
93499	irgendwo		
93500	gelesen		
93501	haben		
93502	)		
93503	antwortete		
93504	ohne		
93505	Weiteres		
93506	:		
93507	Pah		
93508	,		
93509	was		
93510	mach'		
93511	ich	10974	(mention_id=11089|references=(entity=(entity_id=entity_0097|fullname=Howland|gender=m)))
93512	mir	10975	(mention_id=11090|references=(entity=(entity_id=entity_0097|fullname=Howland|gender=m)))
93513	aus		
93514	den		
93515	Tropen		
93516	!		
93517	Es		
93518	ist		
93519	weltbekannt		
93520	,		
93521	die		
93522	Tropen		
93523	haben		
93524	noch		
93525	keinen		
93526	großen		
93527	Mann	10976	(mention_id=11091|references=(entity=(entity_id=generic_4275|fullname=generic_0620|gender=u|specialcase_entity=generic)))
93528	geboren		
93529	.		
93530	Aber		
93531	wenig		
93532	große		
93533	Männer	10977	(mention_id=11092|references=(entity=(entity_id=generic_4276|fullname=generic_0621|gender=u|specialcase_entity=generic)))
93534	gab's		
93535	,		
93536	die	10978	(mention_id=11093|references=(entity=(entity_id=generic_4277|fullname=generic_0622|gender=u|specialcase_entity=generic)))
93537	nach		
93538	den		
93539	Tropen		
93540	sich	10979	(mention_id=11094|references=(entity=(entity_id=generic_4278|fullname=generic_0623|gender=u|specialcase_entity=generic)))
93541	nicht		
93542	gesehnt		
93543	hätten		
93544	,		
93545	antwortete		
93546	Cöleste	10980	(mention_id=11095|references=(entity=(entity_id=entity_0014|fullname=Cöleste Bennet|gender=f)))
93547	,		
93548	das		
93549	Mädchen	10981	(mention_id=11096|references=(entity=(entity_id=entity_0014|fullname=Cöleste Bennet|gender=f)))
93550	,		
93551	das	10982	(mention_id=11097|references=(entity=(entity_id=entity_0014|fullname=Cöleste Bennet|gender=f)))
93552	der		
93553	halb		
93554	tolle		
93555	Engländer	10983	(mention_id=11098|references=(entity=(entity_id=entity_0259|fullname=Lord Arthur Ormond|gender=m)))
93556	für		
93557	ein		
93558	Halbkind	10984	
93559	ausgegeben		
93560	.		
93561	Moorfeld	10985	(mention_id=11099|references=(entity=(entity_id=entity_0001|fullname=Dr. Moorfeld|gender=m)))
93562	machte		
93563	die		
93564	Geberde		
93565	eines		
93566	Suchenden	10986	(mention_id=11100|references=(entity=(entity_id=entity_0001|fullname=Dr. Moorfeld|gender=m)))
93567	und		
93568	erwiederte		
93569	augenblicklich		
93570	:		
93571	War		
93572	mir's	10987	
93573	doch		
93574	so		
93575	eben		
93576	,		
93577	Sie	10988	(mention_id=11101|references=(entity=(entity_id=entity_0014|fullname=Cöleste Bennet|gender=f)))
93578	hätten		
93579	einen		
93580	Juwel		
93581	verloren		
93582	,		
93583	Miß	10989	(mention_id=11102|references=(entity=(entity_id=entity_0014|fullname=Cöleste Bennet|gender=f)))
93584	.		
93585	Zur		
93586	Antwort		
93587	trat		
93588	Cöleste	10990	(mention_id=11103|references=(entity=(entity_id=entity_0014|fullname=Cöleste Bennet|gender=f)))
93589	zurück		
93590	,		
93591	gleichsam		
93592	wie		
93593	man		
93594	einem		
93595	Suchenden	10991	(mention_id=11104|references=(entity=(entity_id=entity_0001|fullname=Dr. Moorfeld|gender=m)))
93596	Platz		
93597	macht		
93598	,		
93599	aber		
93600	es		
93601	war		
93602	eine		
93603	Bewegung		
93604	gegen		
93605	den		
93606	Winkel		
93607	!		
93608	Unser	10992	(mention_id=11105|references=(entity=(entity_id=entity_0007|fullname=Erzählinstanz|gender=u)))
93609	Freund	10993	(mention_id=11106|references=(entity=(entity_id=entity_0001|fullname=Dr. Moorfeld|gender=m)))
93610	gestand		
93611	sich	10994	(mention_id=11107|references=(entity=(entity_id=entity_0001|fullname=Dr. Moorfeld|gender=m)))
93612	bald		
93613	,		
93614	daß		
93615	diese		
93616	„		
93617	Cour		
93618	des		
93619	Winkels		
93620	“		
93621	eine		
93622	höchst		
93623	liebenswürdige		
93624	Nationalsitte		
93625	sei		
93626	und		
93627	die		
93628	Telegraphie		
93629	des		
93630	Unaussprechlichen		
93631	im		
93632	Schooße		
93633	der		
93634	Convenienz		
93635	recht		
93636	anmuthig		
93637	und		
93638	glücklich		
93639	bereichere		
93640	.		
93641	Cöleste	10995	(mention_id=11108|references=(entity=(entity_id=entity_0014|fullname=Cöleste Bennet|gender=f)))
93642	indeß		
93643	fuhr		
93644	fort		
93645	:		
93646	Wenn		
93647	ich	10996	(mention_id=11109|references=(entity=(entity_id=entity_0014|fullname=Cöleste Bennet|gender=f)))
93648	rathen		
93649	darf		
93650	,		
93651	Sir	10997	(mention_id=11110|references=(entity=(entity_id=entity_0001|fullname=Dr. Moorfeld|gender=m)))
93652	,		
93653	so		
93654	haben		
93655	Sie	10998	(mention_id=11111|references=(entity=(entity_id=entity_0001|fullname=Dr. Moorfeld|gender=m)))
93656	gewiß		
93657	auch		
93658	den		
93659	hohen		
93660	Norden		
93661	besucht		
93662	?		
93663	Bitte		
93664	,		
93665	erzählen		
93666	Sie	10999	(mention_id=11112|references=(entity=(entity_id=entity_0001|fullname=Dr. Moorfeld|gender=m)))
93667	uns	11000	(mention_id=11113|references=(entity=(entity_id=entity_0014|fullname=Cöleste Bennet|gender=f)),(entity=(entity_id=entity_0506|fullname=Jünglinge|gender=m|possible_identity_with=entity_0099|members=entity_0539,entity_0545,entity_0567,entity_0573,entity_0579,entity_0580,entity_0583,entity_0584,entity_0606,entity_0613,entity_0617,entity_0619|all_members_given=False|specialcase_entity=group)))
93668	etwas		
93669	Freundliches		
93670	von		
93671	dem		
93672	Eismeer		
93673	.		
93674	Etwas		
93675	Freundliches		
93676	von		
93677	dem		
93678	Eismeer		
93679	!		
93680	Moorfeld	11001	(mention_id=11114|references=(entity=(entity_id=entity_0001|fullname=Dr. Moorfeld|gender=m)))
93681	berichtigte		
93682	sein	11002	(mention_id=11115|references=(entity=(entity_id=entity_0001|fullname=Dr. Moorfeld|gender=m)))
93683	Urtheil		
93684	sofort		
93685	dahin		
93686	,		
93687	daß		
93688	die		
93689	Dame	11003	(mention_id=11116|references=(entity=(entity_id=entity_0014|fullname=Cöleste Bennet|gender=f)))
93690	des		
93691	Winkels		
93692	ihren	11004	(mention_id=11117|references=(entity=(entity_id=entity_0014|fullname=Cöleste Bennet|gender=f)))
93693	Pfad		
93694	doch		
93695	auch		
93696	ein		
93697	wenig		
93698	epineuse		
93699	machen		
93700	könne		
93701	,		
93702	vorausgesetzt		
93703	,		
93704	daß		
93705	sie	11005	(mention_id=11118|references=(entity=(entity_id=entity_0014|fullname=Cöleste Bennet|gender=f)))
93706	die		
93707	Caprice		
93708	geschickt		
93709	zu		
93710	handhaben		
93711	wisse		
93712	.		
93713	Er	11006	(mention_id=11119|references=(entity=(entity_id=entity_0001|fullname=Dr. Moorfeld|gender=m)))
93714	blickte		
93715	der		
93716	kleinen		
93717	Versucherin	11007	(mention_id=11120|references=(entity=(entity_id=entity_0014|fullname=Cöleste Bennet|gender=f)))
93718	in's		
93719	Auge		
93720	,		
93721	das	11008	
93722	so		
93723	unschuldig		
93724	sah		
93725	,		
93726	als		
93727	ob		
93728	es	11009	
93729	sich	11010	
93730	nicht		
93731	fern		
93732	seiner	11011	
93733	Schelmerei		
93734	bewußt		
93735	wäre		
93736	.		
93737	Aber		
93738	auch		
93739	er	11012	(mention_id=11121|references=(entity=(entity_id=entity_0001|fullname=Dr. Moorfeld|gender=m)))
93740	blieb		
93741	sicher		
93742	,		
93743	die		
93744	Phantasie		
93745	war		
93746	ihm	11013	(mention_id=11122|references=(entity=(entity_id=entity_0001|fullname=Dr. Moorfeld|gender=m)))
93747	bereit		
93748	.		
93749	Mit		
93750	freudiger		
93751	Rüstigkeit		
93752	,		
93753	wie		
93754	ein		
93755	Vogel		
93756	die		
93757	thaubenetzte		
93758	Schwinge		
93759	schüttelnd		
93760	zur		
93761	Sonne		
93762	auffliegt		
93763	,		
93764	griff		
93765	er	11014	(mention_id=11123|references=(entity=(entity_id=entity_0001|fullname=Dr. Moorfeld|gender=m)))
93766	in's		
93767	Füllhorn		
93768	der		
93769	Inspiration		
93770	.		
93771	Er	11015	(mention_id=11124|references=(entity=(entity_id=entity_0001|fullname=Dr. Moorfeld|gender=m)))
93772	antwortete		
93773	:		
93774	Sie	11016	(mention_id=11125|references=(entity=(entity_id=entity_0014|fullname=Cöleste Bennet|gender=f)))
93775	haben		
93776	richtig		
93777	gerathen		
93778	,		
93779	theure		
93780	Miß	11017	(mention_id=11126|references=(entity=(entity_id=entity_0014|fullname=Cöleste Bennet|gender=f)))
93781	.		
93782	Auch		
93783	der		
93784	eisstarrende		
93785	Norden		
93786	hat		
93787	meine	11018	(mention_id=11127|references=(entity=(entity_id=entity_0001|fullname=Dr. Moorfeld|gender=m)))
93788	Reiselust		
93789	in		
93790	seinen		
93791	strengen		
93792	Bann		
93793	zu		
93794	zaubern		
93795	gewußt		
93796	.		
93797	Aber		
93798	wahrlich		
93799	,		
93800	es		
93801	erlebt		
93802	sich		
93803	nichts		
93804	Freundliches		
93805	dort		
93806	.		
93807	Wo		
93808	der		
93809	Eskimo	11019	(mention_id=11128|references=(entity=(entity_id=generic_4279|fullname=generic_0624|gender=u|specialcase_entity=generic)))
93810	sich		(mention_id=11129|references=(entity=(entity_id=generic_4280|fullname=generic_0625|gender=u|specialcase_entity=generic)))
93811	und		
93812	seine		(mention_id=11130|references=(entity=(entity_id=generic_4281|fullname=generic_0626|gender=u|specialcase_entity=generic)))
93813	Lampe		
93814	aus		
93815	ein-		
93816	und		
93817	derselben		
93818	widerlichen		
93819	Thranquelle		
93820	nährt		
93821	;		
93822	wo		
93823	der		
93824	überwinternde		
93825	Europäer	11020	(mention_id=11131|references=(entity=(entity_id=generic_4282|fullname=generic_0627|gender=u|specialcase_entity=generic)))
93826	seine	11021	(mention_id=11132|references=(entity=(entity_id=generic_4283|fullname=generic_0628|gender=u|specialcase_entity=generic)))
93827	Hand		
93828	wie		
93829	einen		
93830	Handschuh		
93831	verliert		
93832	und		
93833	vor		
93834	Hunger		
93835	seinen		(mention_id=11133|references=(entity=(entity_id=generic_4284|fullname=generic_0629|gender=u|specialcase_entity=generic)))
93836	Handschuh		
93837	verspeist		
93838	wie		
93839	eine		
93840	delicate		
93841	Bärenklaue		
93842	:		
93843	dort		
93844	ist		
93845	die		
93846	Erde		
93847	nicht		
93848	freundlich		
93849	.		
93850	Höchstens		
93851	könnte		
93852	ich	11022	(mention_id=11134|references=(entity=(entity_id=entity_0001|fullname=Dr. Moorfeld|gender=m)))
93853	das		
93854	Nordlicht		
93855	beschreiben		
93856	;		
93857	aber		
93858	seit		
93859	Lord	11023	(mention_id=11135|references=(entity=(entity_id=entity_0216|fullname=Byron|gender=m)))
93860	Byron	11023	(mention_id=11135|references=(entity=(entity_id=entity_0216|fullname=Byron|gender=m)))
93861	sich	11024	(mention_id=11136|references=(entity=(entity_id=entity_0216|fullname=Byron|gender=m)))
93862	ein		
93863	Nordlicht		
93864	in		
93865	Versen		
93866	nannte		
93867	,		
93868	hat		
93869	die		
93870	fashionable		
93871	Welt		
93872	diese		
93873	hehre		
93874	Naturerscheinung		
93875	hinlänglich		
93876	studirt		
93877	.		
93878	—		
93879	Moorfeld	11025	(mention_id=11137|references=(entity=(entity_id=entity_0001|fullname=Dr. Moorfeld|gender=m)))
93880	genoß		
93881	den		
93882	Triumph		
93883	,		
93884	daß		
93885	die		
93886	Snobs	11026	(mention_id=11138|references=(entity=(entity_id=entity_0506|fullname=Jünglinge|gender=m|possible_identity_with=entity_0099|members=entity_0539,entity_0545,entity_0567,entity_0573,entity_0579,entity_0580,entity_0583,entity_0584,entity_0606,entity_0613,entity_0617,entity_0619|all_members_given=False|specialcase_entity=group)))
93887	um		
93888	ihn	11027	(mention_id=11139|references=(entity=(entity_id=entity_0001|fullname=Dr. Moorfeld|gender=m)))
93889	her		
93890	bereits		
93891	triumphirend		
93892	und		
93893	auch		
93894	Cöleste	11028	(mention_id=11140|references=(entity=(entity_id=entity_0014|fullname=Cöleste Bennet|gender=f)))
93895	zweifelnd		
93896	,		
93897	wenn		
93898	nicht		
93899	enttäuscht		
93900	blickte		
93901	.		
93902	Aber		
93903	eben		
93904	das		
93905	wollte		
93906	er	11029	(mention_id=11141|references=(entity=(entity_id=entity_0001|fullname=Dr. Moorfeld|gender=m)))
93907	.		
93908	Er	11030	(mention_id=11142|references=(entity=(entity_id=entity_0001|fullname=Dr. Moorfeld|gender=m)))
93909	machte		
93910	eine		
93911	kleine		
93912	„		
93913	Kunstpause		
93914	“		
93915	und		
93916	fuhr		
93917	dann		
93918	mit		
93919	einem		
93920	leichten		
93921	Selbstbelächeln		
93922	dieser		
93923	Koketterie		
93924	fort		
93925	:		
93926	Zu		
93927	glücklich		
93928	preise		
93929	ich	11031	(mention_id=11143|references=(entity=(entity_id=entity_0001|fullname=Dr. Moorfeld|gender=m)))
93930	mich	11032	(mention_id=11144|references=(entity=(entity_id=entity_0001|fullname=Dr. Moorfeld|gender=m)))
93931	daher		
93932	,		
93933	daß		
93934	mich	11033	(mention_id=11145|references=(entity=(entity_id=entity_0001|fullname=Dr. Moorfeld|gender=m)))
93935	deßungeachtet		
93936	das		
93937	Eismeer		
93938	mit		
93939	einem		
93940	Bilde		
93941	beschenkt		
93942	hat		
93943	,		
93944	welches		
93945	mir	11034	(mention_id=11146|references=(entity=(entity_id=entity_0001|fullname=Dr. Moorfeld|gender=m)))
93946	ewig		
93947	als		
93948	der		
93949	schönste		
93950	Augenblick		
93951	meines	11035	(mention_id=11147|references=(entity=(entity_id=entity_0001|fullname=Dr. Moorfeld|gender=m)))
93952	Lebens		
93953	vorleuchten		
93954	wird		
93955	.		
93956	Es		
93957	war		
93958	in		
93959	der		
93960	Baffinsbai		
93961	.		
93962	Wir	11036	(mention_id=11148|references=(entity=(entity_id=entity_0001|fullname=Dr. Moorfeld|gender=m)),(entity=(entity_id=entity_0663|fullname=Mannschaft|gender=m|members=entity_0661|all_members_given=False|specialcase_entity=group)))
93963	lagen		
93964	an		
93965	einem		
93966	Eisberge		
93967	vor		
93968	Anker		
93969	,		
93970	rings		
93971	um		
93972	uns	11037	(mention_id=11149|references=(entity=(entity_id=entity_0001|fullname=Dr. Moorfeld|gender=m)),(entity=(entity_id=entity_0663|fullname=Mannschaft|gender=m|members=entity_0661|all_members_given=False|specialcase_entity=group)))
93973	her		
93974	große		
93975	,		
93976	gewaltige		
93977	Eismassen		
93978	,		
93979	funkelnd		
93980	und		
93981	farbenspielend		
93982	unter		
93983	den		
93984	Strahlen		
93985	der		
93986	Mittagssonne		
93987	.		
93988	Das		
93989	Wetter		
93990	war		
93991	ruhig		
93992	,		
93993	der		
93994	Himmel		
93995	blau		
93996	und		
93997	klar		
93998	.		
93999	Ein		
94000	Theil		(mention_id=11150|references=(entity=(entity_id=entity_0661|fullname=Teil der Mannschaft|gender=m|specialcase_entity=group,nonfact)))
94001	der		
94002	Mannschaft	11038	(mention_id=11151|references=(entity=(entity_id=entity_0661|fullname=Teil der Mannschaft|gender=m|specialcase_entity=group,nonfact)),(entity=(entity_id=entity_0658|fullname=übrige Schiffsbesatzung|gender=m|specialcase_entity=group,nonfact)))
94003	war		
94004	ans		
94005	Land		
94006	gegangen		
94007	,		
94008	um		
94009	Eier		
94010	von		
94011	wilden		
94012	Seevögeln		
94013	zu		
94014	sammeln		
94015	,		
94016	welche		
94017	an		
94018	den		
94019	einsamen		
94020	Felsen		
94021	und		
94022	Abgründen		
94023	der		
94024	Baffinsbai		
94025	nisten		
94026	.		
94027	Die		
94028	übrige		
94029	Schiffsbesatzung		(mention_id=11152|references=(entity=(entity_id=entity_0658|fullname=übrige Schiffsbesatzung|gender=m|specialcase_entity=group,nonfact)))
94030	,		
94031	ermüdet		
94032	von		
94033	den		
94034	Anstrengungen		
94035	des		
94036	vorhergegangenen		
94037	Tages		
94038	,		
94039	hatte		
94040	sich	11039	(mention_id=11153|references=(entity=(entity_id=entity_0658|fullname=übrige Schiffsbesatzung|gender=m|specialcase_entity=group,nonfact)))
94041	der		
94042	Ruhe		
94043	in		
94044	die		
94045	Arme		
94046	geworfen		
94047	.		
94048	Ich	11040	(mention_id=11154|references=(entity=(entity_id=entity_0001|fullname=Dr. Moorfeld|gender=m)))
94049	ging		
94050	allein		
94051	auf		
94052	dem		
94053	Verdecke		
94054	auf		
94055	und		
94056	ab		
94057	,		
94058	die		
94059	ganze		
94060	Natur		
94061	um		
94062	mich	11041	(mention_id=11155|references=(entity=(entity_id=entity_0001|fullname=Dr. Moorfeld|gender=m)))
94063	her		
94064	feierte		
94065	ein		
94066	tiefes		
94067	,		
94068	erhabenes		
94069	Schweigen		
94070	.		
94071	Da		
94072	bemerkte		
94073	ich	11042	(mention_id=11156|references=(entity=(entity_id=entity_0001|fullname=Dr. Moorfeld|gender=m)))
94074	in		
94075	der		
94076	offenen		
94077	See		
94078	einen		
94079	ungeheuren		
94080	Eisberg		
94081	,		
94082	der		
94083	in		
94084	der		
94085	Mitte		
94086	durchbrochen		
94087	war		
94088	,		
94089	so		
94090	daß		
94091	er		
94092	eine		
94093	Art		
94094	Tunnel		
94095	bildete		
94096	.		
94097	Ich	11043	(mention_id=11157|references=(entity=(entity_id=entity_0001|fullname=Dr. Moorfeld|gender=m)))
94098	konnte		
94099	mich	11044	(mention_id=11158|references=(entity=(entity_id=entity_0001|fullname=Dr. Moorfeld|gender=m)))
94100	nicht		
94101	erinnern		
94102	,		
94103	gehört		
94104	oder		
94105	gelesen		
94106	zu		
94107	haben		
94108	,		
94109	daß		
94110	ein		
94111	Reisender	11045	(mention_id=11159|references=(entity=(entity_id=generic_4285|fullname=generic_0630|gender=u|specialcase_entity=generic)))
94112	in		
94113	den		
94114	arktischen		
94115	Regionen		
94116	etwas		
94117	Aehnliches		
94118	gesehen		
94119	hätte		
94120	.		
94121	Die		
94122	Neuheit		
94123	der		
94124	Sache		
94125	reizte		
94126	mich	11046	(mention_id=11160|references=(entity=(entity_id=entity_0001|fullname=Dr. Moorfeld|gender=m)))
94127	,		
94128	ich	11047	(mention_id=11161|references=(entity=(entity_id=entity_0001|fullname=Dr. Moorfeld|gender=m)))
94129	beschloß		
94130	die		
94131	Fahrt		
94132	durch		
94133	diesen		
94134	Eistunnel		
94135	.		
94136	Bald		
94137	fand		
94138	ich	11048	(mention_id=11162|references=(entity=(entity_id=entity_0001|fullname=Dr. Moorfeld|gender=m)))
94139	auch		
94140	zwei		
94141	Matrosen	11049	(mention_id=11163|references=(entity=(entity_id=entity_0634|fullname=zwei Matrosen|gender=m|specialcase_entity=group,nonfact)))
94142	,		
94143	die	11050	(mention_id=11164|references=(entity=(entity_id=entity_0634|fullname=zwei Matrosen|gender=m|specialcase_entity=group,nonfact)))
94144	bereit		
94145	waren		
94146	,		
94147	mich	11051	(mention_id=11165|references=(entity=(entity_id=entity_0001|fullname=Dr. Moorfeld|gender=m)))
94148	zu		
94149	begleiten		
94150	.		
94151	Das		
94152	kleine		
94153	Boot		
94154	wurde		
94155	ausgesetzt		
94156	,		
94157	die		
94158	Entdeckungsreise		
94159	angetreten		
94160	.		
94161	Wir	11052	(mention_id=11166|references=(entity=(entity_id=entity_0001|fullname=Dr. Moorfeld|gender=m)),(entity=(entity_id=entity_0634|fullname=zwei Matrosen|gender=m|specialcase_entity=group,nonfact)))
94162	näherten		
94163	uns	11053	(mention_id=11167|references=(entity=(entity_id=entity_0001|fullname=Dr. Moorfeld|gender=m)),(entity=(entity_id=entity_0634|fullname=zwei Matrosen|gender=m|specialcase_entity=group,nonfact)))
94164	dem		
94165	Koloß		
94166	und		
94167	erkannten		
94168	,		
94169	daß		
94170	in		
94171	der		
94172	Höhle		
94173	Wasser		
94174	genug		
94175	war		
94176	,		
94177	dem		
94178	Boote		
94179	die		
94180	Durchfahrt		
94181	zu		
94182	gestatten		
94183	.		
94184	So		
94185	wagten		
94186	wir	11054	(mention_id=11168|references=(entity=(entity_id=entity_0001|fullname=Dr. Moorfeld|gender=m)),(entity=(entity_id=entity_0634|fullname=zwei Matrosen|gender=m|specialcase_entity=group,nonfact)))
94187	denn		
94188	das		
94189	Abenteuer		
94190	.		
94191	Wir	11055	(mention_id=11169|references=(entity=(entity_id=entity_0001|fullname=Dr. Moorfeld|gender=m)),(entity=(entity_id=entity_0634|fullname=zwei Matrosen|gender=m|specialcase_entity=group,nonfact)))
94192	ruderten		
94193	langsam		
94194	und		
94195	schweigend		
94196	in		
94197	die		
94198	Pforten		
94199	des		
94200	Eisberges		
94201	hinein		
94202	.		
94203	Es		
94204	war		
94205	ein		
94206	feierlicher		
94207	Augenblick		
94208	.		
94209	Ich	11056	(mention_id=11170|references=(entity=(entity_id=entity_0001|fullname=Dr. Moorfeld|gender=m)))
94210	durfte		
94211	mir	11057	(mention_id=11171|references=(entity=(entity_id=entity_0001|fullname=Dr. Moorfeld|gender=m)))
94212	sagen		
94213	,		
94214	daß		
94215	ich	11058	(mention_id=11172|references=(entity=(entity_id=entity_0001|fullname=Dr. Moorfeld|gender=m)))
94216	jetzt		
94217	sah		
94218	,		
94219	was		
94220	kein		
94221	Mensch		(mention_id=11173|references=(entity=(entity_id=generic_4286|fullname=generic_0631|gender=u|specialcase_entity=generic)))
94222	vor		
94223	mir	11059	(mention_id=11174|references=(entity=(entity_id=entity_0001|fullname=Dr. Moorfeld|gender=m)))
94224	gesehen		
94225	,		
94226	und		
94227	nach		
94228	mir	11060	(mention_id=11175|references=(entity=(entity_id=entity_0001|fullname=Dr. Moorfeld|gender=m)))
94229	kaum		
94230	wieder		
94231	einen		
94232	sehen		
94233	wird		
94234	.		
94235	Denken		
94236	Sie	11061	(mention_id=11176|references=(entity=(entity_id=entity_0014|fullname=Cöleste Bennet|gender=f)))
94237	sich	11062	(mention_id=11177|references=(entity=(entity_id=entity_0014|fullname=Cöleste Bennet|gender=f)))
94238	einen		
94239	ungeheuren		
94240	Bogengang		
94241	,		
94242	breit		
94243	,		
94244	hoch		
94245	,		
94246	kühn		
94247	gespannt		
94248	und		
94249	so		
94250	regelmäßig		
94251	gebildet		
94252	,		
94253	als		
94254	ob		
94255	er		
94256	vom		
94257	geschicktesten		
94258	Baumeister		(mention_id=11178|references=(entity=(entity_id=generic_4287|fullname=generic_0632|gender=u|specialcase_entity=generic)))
94259	ausgeführt		
94260	wäre		
94261	,		
94262	an		
94263	allen		
94264	Stellen		
94265	so		
94266	glatt		
94267	und		
94268	eben		
94269	,		
94270	wie		
94271	es		
94272	nur		
94273	der		
94274	sorgfältigst		
94275	polirte		
94276	Alabaster		
94277	sein		
94278	kann		
94279	,		
94280	denken		
94281	Sie	11063	(mention_id=11179|references=(entity=(entity_id=entity_0014|fullname=Cöleste Bennet|gender=f)))
94282	sich	11064	(mention_id=11180|references=(entity=(entity_id=entity_0014|fullname=Cöleste Bennet|gender=f)))
94283	das		
94284	Ganze		
94285	als		
94286	eine		
94287	halb		
94288	durchsichtige		
94289	Masse		
94290	von		
94291	der		
94292	wunderbarsten		
94293	,		
94294	schönsten		
94295	Opalfarbe		
94296	—		
94297	kurz		
94298	einen		
94299	Broadway		
94300	aus		
94301	Krystallglas		
94302	gegossen		
94303	,		
94304	und		
94305	die		
94306	selbst		
94307	errichtet		
94308	.		
94309	Es		
94310	war		
94311	ein		
94312	kühler		
94313	,		
94314	bläulicher		
94315	Dämmerschein		
94316	,		
94317	zu		
94318	durchsichtig		
94319	für		
94320	die		
94321	Nacht		
94322	,		
94323	zu		
94324	gedämpft		
94325	für		
94326	den		
94327	Tag		
94328	,		
94329	ein		
94330	weicher		
94331	Perlenglanz		
94332	,		
94333	ein		
94334	filtrirter		
94335	Mond		
94336	,		
94337	ein		
94338	klarer		
94339	,		
94340	duftig		
94341	lasirter		
94342	Mittelschatten		
94343	,		
94344	der		
94345	sich		
94346	wie		
94347	Balsam		
94348	auf		
94349	das		
94350	Auge		
94351	legte		
94352	.		
94353	Ein		
94354	wonnevolles		
94355	Licht		
94356	!		
94357	Es		
94358	berührte		
94359	den		
94360	Sehnerv		
94361	so		
94362	geisterhaft		
94363	,		
94364	so		
94365	züchtig		
94366	,		
94367	möchte		
94368	ich	11065	(mention_id=11181|references=(entity=(entity_id=entity_0001|fullname=Dr. Moorfeld|gender=m)))
94369	sagen		
94370	,		
94371	daß		
94372	sich		
94373	alle		
94374	Sinne		
94375	in		
94376	Ruhegefühl		
94377	tauchten		
94378	,		
94379	und		
94380	doch		
94381	war		
94382	der		
94383	Zustand		
94384	Begeisterung		
94385	und		
94386	das		
94387	ganze		
94388	Dasein		
94389	eine		
94390	selige		
94391	Aufregung		
94392	.		
94393	Cöleste	11066	(mention_id=11182|references=(entity=(entity_id=entity_0014|fullname=Cöleste Bennet|gender=f)))
94394	ließ		
94395	die		
94396	langen		
94397	seidenen		
94398	Wimpern		
94399	über		
94400	ihr	11067	(mention_id=11183|references=(entity=(entity_id=entity_0014|fullname=Cöleste Bennet|gender=f)))
94401	schönes		
94402	Mondauge		
94403	fallen		
94404	.		
94405	Moorfeld	11068	(mention_id=11184|references=(entity=(entity_id=entity_0001|fullname=Dr. Moorfeld|gender=m)))
94406	hielt		
94407	inne		
94408	,		
94409	als		
94410	ertrüge		
94411	er	11069	(mention_id=11185|references=(entity=(entity_id=entity_0001|fullname=Dr. Moorfeld|gender=m)))
94412	den		
94413	Verlust		
94414	dieser		
94415	dichterischen		
94416	Quelle		
94417	nicht		
94418	,		
94419	oder		
94420	besänne		
94421	sich	11070	(mention_id=11186|references=(entity=(entity_id=entity_0001|fullname=Dr. Moorfeld|gender=m)))
94422	,		
94423	wie		
94424	weit		
94425	er	11071	(mention_id=11187|references=(entity=(entity_id=entity_0001|fullname=Dr. Moorfeld|gender=m)))
94426	überhaupt		
94427	,		
94428	ohne		
94429	die		
94430	Allegorie		
94431	zu		
94432	nahe		
94433	zu		
94434	legen		
94435	,		
94436	von		
94437	seinem	11072	(mention_id=11188|references=(entity=(entity_id=entity_0001|fullname=Dr. Moorfeld|gender=m)))
94438	Zauberlichte		
94439	sprechen		
94440	dürfte		
94441	.		
94442	Nach		
94443	einer		
94444	Pause		
94445	fuhr		
94446	er	11073	(mention_id=11189|references=(entity=(entity_id=entity_0001|fullname=Dr. Moorfeld|gender=m)))
94447	fort		
94448	:		
94449	Als		
94450	wir	11074	(mention_id=11190|references=(entity=(entity_id=entity_0001|fullname=Dr. Moorfeld|gender=m)),(entity=(entity_id=entity_0634|fullname=zwei Matrosen|gender=m|specialcase_entity=group,nonfact)))
94451	ungefähr		
94452	in		
94453	die		
94454	Mitte		
94455	unsers	11075	(mention_id=11191|references=(entity=(entity_id=entity_0001|fullname=Dr. Moorfeld|gender=m)),(entity=(entity_id=entity_0634|fullname=zwei Matrosen|gender=m|specialcase_entity=group,nonfact)))
94456	Tunnels		
94457	vorgedrungen		
94458	waren		
94459	,		
94460	änderte		
94461	sich		
94462	auf		
94463	einmal		
94464	die		
94465	Scene		
94466	.		
94467	Eine		
94468	überirdische		
94469	Helle		
94470	verbreitete		
94471	sich		
94472	in		
94473	der		
94474	Grotte		
94475	.		
94476	Verwundert		
94477	blickten		
94478	wir	11076	(mention_id=11192|references=(entity=(entity_id=entity_0001|fullname=Dr. Moorfeld|gender=m)),(entity=(entity_id=entity_0634|fullname=zwei Matrosen|gender=m|specialcase_entity=group,nonfact)))
94479	auf		
94480	,		
94481	und		
94482	siehe		
94483	!		
94484	die		
94485	ganze		
94486	Kuppel		
94487	des		
94488	Eisgewölbes		
94489	entlang		
94490	regnete		
94491	es		
94492	Sonnenstrahlen		
94493	herein		
94494	.		
94495	An		
94496	Einer		
94497	Stelle		
94498	schossen		
94499	sie		
94500	in		
94501	dünnen		
94502	Goldfäden		
94503	,		
94504	an		
94505	einer		
94506	andern		
94507	in		
94508	breiten		
94509	Feuergarben		
94510	nieder		
94511	,		
94512	hier		
94513	fielen		
94514	sie		
94515	in		
94516	stumpfen		
94517	,		
94518	dort		
94519	in		
94520	spitzen		
94521	Winkeln		
94522	,		
94523	hier		
94524	direct		
94525	,		
94526	dort		
94527	gebrochen		
94528	ein		
94529	—		
94530	wir	11077	(mention_id=11193|references=(entity=(entity_id=entity_0001|fullname=Dr. Moorfeld|gender=m)),(entity=(entity_id=entity_0634|fullname=zwei Matrosen|gender=m|specialcase_entity=group,nonfact)))
94531	ruderten		
94532	unter		
94533	einem		
94534	Kreuzfeuer		
94535	von		
94536	prismatischen		
94537	Raketen		
94538	.		
94539	Wo		
94540	das		
94541	Licht		
94542	unmittelbar		
94543	den		
94544	Spiegel		
94545	der		
94546	Eiswände		
94547	traf		
94548	,		
94549	loderten		
94550	sie		
94551	auf		
94552	wie		
94553	geschmolzenes		
94554	Gold		
94555	und		
94556	Silber		
94557	;		
94558	Parthien		
94559	,		
94560	die		
94561	in		
94562	Schatten		
94563	lagen		
94564	,		
94565	contrastirten		
94566	mit		
94567	einem		
94568	tiefkräftigen		
94569	Dunkelblau		
94570	voll		
94571	Ernst		
94572	und		
94573	Majestät		
94574	dazwischen		
94575	,		
94576	und		
94577	der		
94578	Uebergang		
94579	von		
94580	der		
94581	blendendsten		
94582	Strahlung		
94583	zum		
94584	vollsten		
94585	Schatten		
94586	belebte		
94587	den		
94588	Bogengang		
94589	mit		
94590	einer		
94591	Scenerie		
94592	von		
94593	Schein		
94594	und		
94595	Widerschein		
94596	,		
94597	von		
94598	Licht-		
94599	und		
94600	Farbenspielen		
94601	,		
94602	die		
94603	sich		
94604	mit		
94605	jedem		
94606	Ruderschlag		
94607	bilderreich		
94608	auflöste		
94609	und		
94610	bilderreicher		
94611	zusammensetzte		
94612	.		
94613	Wir	11078	(mention_id=11194|references=(entity=(entity_id=entity_0001|fullname=Dr. Moorfeld|gender=m)),(entity=(entity_id=entity_0634|fullname=zwei Matrosen|gender=m|specialcase_entity=group,nonfact)))
94614	trieben		
94615	in		
94616	einem		
94617	unermeßlichen		
94618	Kaleidoskop		
94619	.		
94620	Unsre	11079	(mention_id=11195|references=(entity=(entity_id=entity_0001|fullname=Dr. Moorfeld|gender=m)),(entity=(entity_id=entity_0634|fullname=zwei Matrosen|gender=m|specialcase_entity=group,nonfact)))
94621	Sinne		
94622	umspannten		
94623	die		
94624	Pracht		
94625	dieses		
94626	Schauspieles		
94627	nicht		
94628	mehr		
94629	.		
94630	Der		
94631	Sinnenmensch		(mention_id=11196|references=(entity=(entity_id=entity_0001|fullname=Dr. Moorfeld|gender=m)))
94632	war		
94633	todt		
94634	,		
94635	die		
94636	Erde		
94637	verschwand		
94638	vor		
94639	mir	11080	(mention_id=11197|references=(entity=(entity_id=entity_0001|fullname=Dr. Moorfeld|gender=m)))
94640	,		
94641	ich	11081	(mention_id=11198|references=(entity=(entity_id=entity_0001|fullname=Dr. Moorfeld|gender=m)))
94642	war		
94643	ein		
94644	seliger		
94645	Geist		(mention_id=11199|references=(entity=(entity_id=entity_0001|fullname=Dr. Moorfeld|gender=m)))
94646	,		
94647	die		
94648	Pforten		
94649	des		
94650	Paradieses		
94651	schienen		
94652	mir	11082	(mention_id=11200|references=(entity=(entity_id=entity_0001|fullname=Dr. Moorfeld|gender=m)))
94653	aufgethan		
94654	.		
94655	Welch		
94656	ein		
94657	verklärender		
94658	Wechsel		
94659	!		
94660	Die		
94661	Eisgrotte		
94662	,		
94663	eben		
94664	noch		
94665	ein		
94666	kühler		
94667	,		
94668	dämmeriger		
94669	Knospenkelch		
94670	,		
94671	schlummerte		
94672	traumblöden		
94673	Zauberschlaf		
94674	—		
94675	ein		
94676	Strahl		
94677	von		
94678	oben		
94679	traf		
94680	sie		
94681	—		
94682	und		
94683	die		
94684	Undine		
94685	hatte		
94686	ihre		
94687	Seele		
94688	empfangen		
94689	!		
94690	Das		
94691	Auge		
94692	des		
94693	Mädchens	11083	(mention_id=11201|references=(entity=(entity_id=entity_0014|fullname=Cöleste Bennet|gender=f)))
94694	blitzte		
94695	auf		
94696	.		
94697	Es		
94698	begegneten		
94699	sich		
94700	sprechende		
94701	Blicke		
94702	.		
94703	Eine		
94704	Pause		
94705	—		
94706	Moorfeld	11084	(mention_id=11202|references=(entity=(entity_id=entity_0001|fullname=Dr. Moorfeld|gender=m)))
94707	fuhr		
94708	fort		
94709	:		
94710	Einige		
94711	Secunden		
94712	lang		
94713	berauschte		
94714	diese		
94715	Scene		
94716	uns	11085	(mention_id=11203|references=(entity=(entity_id=entity_0001|fullname=Dr. Moorfeld|gender=m)),(entity=(entity_id=entity_0634|fullname=zwei Matrosen|gender=m|specialcase_entity=group,nonfact)))
94717	völlig		
94718	.		
94719	Allmälig		
94720	kehrte		
94721	der		
94722	Gebrauch		
94723	der		
94724	äußeren		
94725	Sinne		
94726	wieder		
94727	zurück		
94728	.		
94729	Und		
94730	jetzt		
94731	geschah		
94732	uns	11086	(mention_id=11204|references=(entity=(entity_id=entity_0001|fullname=Dr. Moorfeld|gender=m)),(entity=(entity_id=entity_0634|fullname=zwei Matrosen|gender=m|specialcase_entity=group,nonfact)))
94733	sonderbar		
94734	.		
94735	Wir	11087	(mention_id=11205|references=(entity=(entity_id=entity_0001|fullname=Dr. Moorfeld|gender=m)),(entity=(entity_id=entity_0634|fullname=zwei Matrosen|gender=m|specialcase_entity=group,nonfact)))
94736	bemerkten		
94737	,		
94738	daß		
94739	das		
94740	Meer		
94741	um		
94742	uns	11088	(mention_id=11206|references=(entity=(entity_id=entity_0001|fullname=Dr. Moorfeld|gender=m)),(entity=(entity_id=entity_0634|fullname=zwei Matrosen|gender=m|specialcase_entity=group,nonfact)))
94743	her		
94744	in		
94745	einen		
94746	Wellenschlag		
94747	gerieth		
94748	.		
94749	Auch		
94750	die		
94751	Wände		
94752	des		
94753	Eisberges		
94754	schienen		
94755	außer		
94756	der		
94757	Ortsveränderung		
94758	unseres	11089	(mention_id=11207|references=(entity=(entity_id=entity_0001|fullname=Dr. Moorfeld|gender=m)),(entity=(entity_id=entity_0634|fullname=zwei Matrosen|gender=m|specialcase_entity=group,nonfact)))
94759	Bootes		
94760	einer		
94761	ihnen		
94762	eigenthümlichen		
94763	Bewegung		
94764	zu		
94765	folgen		
94766	.		
94767	Der		
94768	Eisberg		
94769	ruhte		
94770	nicht		
94771	,		
94772	er		
94773	schwamm		
94774	.		
94775	Gleichzeitig		
94776	zeigte		
94777	sich's		
94778	,		
94779	daß		
94780	die		
94781	Lichtzugänge		
94782	ins		
94783	Berginnere		
94784	sich		
94785	abwechselnd		
94786	schlossen		
94787	und		
94788	öffneten		
94789	und		
94790	zwar		
94791	in		
94792	ziemlich		
94793	rascher		
94794	Folge		
94795	des		
94796	Einen		
94797	wie		
94798	des		
94799	Andern		
94800	.		
94801	Bei		
94802	dieser		
94803	Beobachtung		
94804	wurde		
94805	uns	11090	(mention_id=11208|references=(entity=(entity_id=entity_0001|fullname=Dr. Moorfeld|gender=m)),(entity=(entity_id=entity_0634|fullname=zwei Matrosen|gender=m|specialcase_entity=group,nonfact)))
94806	überhaupt		
94807	der		
94808	Grund		
94809	dieses		
94810	Lichtzuflusses		
94811	klar		
94812	.		
94813	Wir	11091	(mention_id=11209|references=(entity=(entity_id=entity_0001|fullname=Dr. Moorfeld|gender=m)),(entity=(entity_id=entity_0634|fullname=zwei Matrosen|gender=m|specialcase_entity=group,nonfact)))
94814	entdeckten		
94815	,		
94816	daß		
94817	der		
94818	Eisblock		
94819	in		
94820	seiner		
94821	ganzen		
94822	Breite		
94823	von		
94824	Einem		
94825	Ende		
94826	zum		
94827	andern		
94828	—		
94829	zerborsten		
94830	war		
94831	!		
94832	Dieser		
94833	Riß		
94834	war		
94835	es		
94836	,		
94837	der		
94838	zu		
94839	Häupten		
94840	uns	11092	(mention_id=11210|references=(entity=(entity_id=entity_0001|fullname=Dr. Moorfeld|gender=m)),(entity=(entity_id=entity_0634|fullname=zwei Matrosen|gender=m|specialcase_entity=group,nonfact)))
94841	den		
94842	Himmel		
94843	öffnete		
94844	,		
94845	indem		
94846	er		
94847	zu		
94848	Füßen		
94849	uns	11093	(mention_id=11211|references=(entity=(entity_id=entity_0001|fullname=Dr. Moorfeld|gender=m)),(entity=(entity_id=entity_0634|fullname=zwei Matrosen|gender=m|specialcase_entity=group,nonfact)))
94850	den		
94851	Todesabgrund		
94852	legte		
94853	.		
94854	Der		
94855	schwimmende		
94856	Eiscoloß		
94857	konnte		
94858	in		
94859	jedem		
94860	Augenblick		
94861	in		
94862	sich		
94863	zusammenstürzen		
94864	.		
94865	Mit		
94866	angehaltenem		
94867	Athem		
94868	flüsterte		
94869	ich	11094	(mention_id=11212|references=(entity=(entity_id=entity_0001|fullname=Dr. Moorfeld|gender=m)))
94870	diese		
94871	Entdeckung		
94872	meinen	11095	(mention_id=11213|references=(entity=(entity_id=entity_0001|fullname=Dr. Moorfeld|gender=m)))
94873	beiden		
94874	Gefährten	11096	(mention_id=11214|references=(entity=(entity_id=entity_0634|fullname=zwei Matrosen|gender=m|specialcase_entity=group,nonfact)))
94875	zu		
94876	.		
94877	Sie	11097	(mention_id=11215|references=(entity=(entity_id=entity_0634|fullname=zwei Matrosen|gender=m|specialcase_entity=group,nonfact)))
94878	nickten		
94879	mir	11098	(mention_id=11216|references=(entity=(entity_id=entity_0001|fullname=Dr. Moorfeld|gender=m)))
94880	stumm		
94881	zurück		
94882	und		
94883	die		
94884	Blässe		
94885	ihrer	11099	(mention_id=11217|references=(entity=(entity_id=entity_0634|fullname=zwei Matrosen|gender=m|specialcase_entity=group,nonfact)))
94886	Mienen		
94887	zeigte		
94888	,		
94889	daß		
94890	sie	11100	(mention_id=11218|references=(entity=(entity_id=entity_0634|fullname=zwei Matrosen|gender=m|specialcase_entity=group,nonfact)))
94891	unsern	11101	(mention_id=11219|references=(entity=(entity_id=entity_0001|fullname=Dr. Moorfeld|gender=m)),(entity=(entity_id=entity_0634|fullname=zwei Matrosen|gender=m|specialcase_entity=group,nonfact)))
94892	Zustand		
94893	bereits		
94894	kannten		
94895	.		
94896	Unsre	11102	(mention_id=11220|references=(entity=(entity_id=entity_0001|fullname=Dr. Moorfeld|gender=m)),(entity=(entity_id=entity_0634|fullname=zwei Matrosen|gender=m|specialcase_entity=group,nonfact)))
94897	Lage		
94898	war		
94899	fürchterlich		
94900	.		
94901	Wir	11103	(mention_id=11221|references=(entity=(entity_id=entity_0001|fullname=Dr. Moorfeld|gender=m)),(entity=(entity_id=entity_0634|fullname=zwei Matrosen|gender=m|specialcase_entity=group,nonfact)))
94902	sahen		
94903	vor		
94904	und		
94905	hinter		
94906	uns	11104	(mention_id=11222|references=(entity=(entity_id=entity_0001|fullname=Dr. Moorfeld|gender=m)),(entity=(entity_id=entity_0634|fullname=zwei Matrosen|gender=m|specialcase_entity=group,nonfact)))
94907	,		
94908	überall		
94909	schien		
94910	der		
94911	Ausweg		
94912	eine		
94913	gleich		
94914	lange		
94915	Bahn		
94916	von		
94917	Gefahr		
94918	.		
94919	Wir	11105	(mention_id=11223|references=(entity=(entity_id=entity_0001|fullname=Dr. Moorfeld|gender=m)),(entity=(entity_id=entity_0634|fullname=zwei Matrosen|gender=m|specialcase_entity=group,nonfact)))
94920	lauschten		
94921	mit		
94922	wirbelnden		
94923	Sinnen		
94924	,		
94925	in		
94926	welcher		
94927	Richtung		
94928	die		
94929	Meeresströmung		
94930	treibe		
94931	;		
94932	aber		
94933	die		
94934	Wellen		
94935	taumelten		
94936	unregelmäßig		
94937	durcheinander		
94938	.		
94939	Endlich		
94940	legten		
94941	wir	11106	(mention_id=11224|references=(entity=(entity_id=entity_0001|fullname=Dr. Moorfeld|gender=m)),(entity=(entity_id=entity_0634|fullname=zwei Matrosen|gender=m|specialcase_entity=group,nonfact)))
94942	instinctmäßig		
94943	die		
94944	Ruder		
94945	ein		
94946	,		
94947	Jeder	11107	(mention_id=11225|references=(entity=(entity_id=entity_0001|fullname=Dr. Moorfeld|gender=m)),(entity=(entity_id=entity_0634|fullname=zwei Matrosen|gender=m|specialcase_entity=group,nonfact)))
94948	von		
94949	uns	11108	(mention_id=11226|references=(entity=(entity_id=entity_0001|fullname=Dr. Moorfeld|gender=m)),(entity=(entity_id=entity_0634|fullname=zwei Matrosen|gender=m|specialcase_entity=group,nonfact)))
94950	empfahl		
94951	im		
94952	Stillen		
94953	seine	11109	(mention_id=11227|references=(entity=(entity_id=entity_0001|fullname=Dr. Moorfeld|gender=m)),(entity=(entity_id=entity_0634|fullname=zwei Matrosen|gender=m|specialcase_entity=group,nonfact)))
94954	Seele		
94955	,		
94956	und		
94957	pfeilschnell		
94958	schossen		
94959	wir	11110	(mention_id=11228|references=(entity=(entity_id=entity_0001|fullname=Dr. Moorfeld|gender=m)),(entity=(entity_id=entity_0634|fullname=zwei Matrosen|gender=m|specialcase_entity=group,nonfact)))
94960	die		
94961	Eiswände		
94962	dahin		
94963	.		
94964	Glücklich		
94965	gelangten		
94966	wir	11111	(mention_id=11229|references=(entity=(entity_id=entity_0001|fullname=Dr. Moorfeld|gender=m)),(entity=(entity_id=entity_0634|fullname=zwei Matrosen|gender=m|specialcase_entity=group,nonfact)))
94967	unter		
94968	den		
94969	freien		
94970	Himmel		
94971	hinaus		
94972	.		
94973	Ein		
94974	donnerndes		
94975	Hurrah		
94976	der		
94977	Matrosen	11112	(mention_id=11230|references=(entity=(entity_id=entity_0634|fullname=zwei Matrosen|gender=m|specialcase_entity=group,nonfact)))
94978	begrüßte		
94979	ihn		(mention_id=11231|references=(entity=(entity_id=entity_0001|fullname=Dr. Moorfeld|gender=m)))
94980	.		
94981	Noch		
94982	hatten		
94983	wir	11113	(mention_id=11232|references=(entity=(entity_id=entity_0001|fullname=Dr. Moorfeld|gender=m)),(entity=(entity_id=entity_0634|fullname=zwei Matrosen|gender=m|specialcase_entity=group,nonfact)))
94984	unser	11114	(mention_id=11233|references=(entity=(entity_id=entity_0001|fullname=Dr. Moorfeld|gender=m)),(entity=(entity_id=entity_0634|fullname=zwei Matrosen|gender=m|specialcase_entity=group,nonfact)))
94985	Schiff		
94986	nicht		
94987	erreicht		
94988	,		
94989	da		
94990	krachte		
94991	die		
94992	mürbe		
94993	Eismasse		
94994	zusammen		
94995	,		
94996	regte		
94997	das		
94998	Meer		
94999	weit		
95000	und		
95001	breit		
95002	auf		
95003	und		
95004	erfüllte		
95005	es		
95006	mit		
95007	ihren		
95008	Trümmern		
95009	.		
95010	Traurig		
95011	sah		
95012	ich	11115	(mention_id=11234|references=(entity=(entity_id=entity_0001|fullname=Dr. Moorfeld|gender=m)))
95013	sie		
95014	treiben		
95015	.		
95016	Sie	11116	
95017	hatten		
95018	mir	11117	(mention_id=11235|references=(entity=(entity_id=entity_0001|fullname=Dr. Moorfeld|gender=m)))
95019	einen		
95020	Hochpunkt		
95021	des		
95022	Lebens		
95023	geschenkt		
95024	,		
95025	und		
95026	leicht		
95027	vergaß		
95028	ich	11118	(mention_id=11236|references=(entity=(entity_id=entity_0001|fullname=Dr. Moorfeld|gender=m)))
95029	,		
95030	daß		
95031	sie	11119	
95032	bald		
95033	das		
95034	Leben		
95035	selbst		
95036	dafür		
95037	gefordert		
95038	.		
95039	Aber		
95040	gibt		
95041	sich		
95042	die		
95043	Schönheit		
95044	überhaupt		
95045	wohl		
95046	für		
95047	geringeren		
95048	Preis		
95049	?		
95050	—		
95051	Das		
95052	,		
95053	verehrteste		
95054	Miß	11120	(mention_id=11237|references=(entity=(entity_id=entity_0014|fullname=Cöleste Bennet|gender=f)))
95055	,		
95056	ist		
95057	es		
95058	,		
95059	was		
95060	ich	11121	(mention_id=11238|references=(entity=(entity_id=entity_0001|fullname=Dr. Moorfeld|gender=m)))
95061	„		
95062	Freundliches		
95063	aus		
95064	dem		
95065	Eismeere		
95066	berichten		
95067	kann		
95068	.		
95069	“		
95070	Das		
95071	junge		
95072	Mädchen	11122	(mention_id=11239|references=(entity=(entity_id=entity_0014|fullname=Cöleste Bennet|gender=f)))
95073	war		
95074	mit		
95075	regsamster		
95076	Phantasie		
95077	dieser		
95078	Erzählung		
95079	gefolgt		
95080	.		
95081	Sie	11123	(mention_id=11240|references=(entity=(entity_id=entity_0014|fullname=Cöleste Bennet|gender=f)))
95082	hatte		
95083	zuletzt		
95084	vergessen		
95085	,		
95086	daß		
95087	sie	11124	(mention_id=11241|references=(entity=(entity_id=entity_0014|fullname=Cöleste Bennet|gender=f)))
95088	Dichtung		
95089	höre		
95090	,		
95091	sie	11125	(mention_id=11242|references=(entity=(entity_id=entity_0014|fullname=Cöleste Bennet|gender=f)))
95092	hatte		
95093	der		
95094	„		
95095	Cour		
95096	des		
95097	Winkels		
95098	“		
95099	vergessen		
95100	,		
95101	und		
95102	wie		
95103	sie	11126	(mention_id=11243|references=(entity=(entity_id=entity_0014|fullname=Cöleste Bennet|gender=f)))
95104	ihre	11127	(mention_id=11244|references=(entity=(entity_id=entity_0014|fullname=Cöleste Bennet|gender=f)))
95105	Anerkennung		
95106	innerhalb		
95107	dieser		
95108	Sitte		
95109	ausdrücken		
95110	könne		
95111	.		
95112	Gefesselt		
95113	stand		
95114	sie	11128	(mention_id=11245|references=(entity=(entity_id=entity_0014|fullname=Cöleste Bennet|gender=f)))
95115	an		
95116	ihrem	11129	(mention_id=11246|references=(entity=(entity_id=entity_0014|fullname=Cöleste Bennet|gender=f)))
95117	Platze		
95118	,		
95119	und		
95120	erhob		
95121	ihr	11130	(mention_id=11247|references=(entity=(entity_id=entity_0014|fullname=Cöleste Bennet|gender=f)))
95122	Auge		
95123	zaudernd		
95124	,		
95125	fast		
95126	furchtsam		
95127	jetzt		
95128	wieder		
95129	zu		
95130	Moorfeld	11131	(mention_id=11248|references=(entity=(entity_id=entity_0001|fullname=Dr. Moorfeld|gender=m)))
95131	,		
95132	indem		
95133	sich		
95134	ihr	11132	(mention_id=11249|references=(entity=(entity_id=entity_0014|fullname=Cöleste Bennet|gender=f)))
95135	Mund		
95136	zu		
95137	irgend		
95138	einer		
95139	Erwiederung		
95140	öffnete		
95141	.		
95142	Aber		
95143	nicht		
95144	ihr	11133	(mention_id=11250|references=(entity=(entity_id=entity_0014|fullname=Cöleste Bennet|gender=f)))
95145	Wort		
95146	sollte		
95147	Moorfeld	11134	(mention_id=11251|references=(entity=(entity_id=entity_0001|fullname=Dr. Moorfeld|gender=m)))
95148	vernehmen		
95149	.		
95150	Die		
95151	Gemeinheit		
95152	begehrte		
95153	auch		
95154	ihres	11135	
95155	Rechtes		
95156	.		
95157	Moorfeld	11136	(mention_id=11252|references=(entity=(entity_id=entity_0001|fullname=Dr. Moorfeld|gender=m)))
95158	sollte		
95159	erinnert		
95160	werden		
95161	,		
95162	in		
95163	welcher		
95164	Umgebung		
95165	er	11137	(mention_id=11253|references=(entity=(entity_id=entity_0001|fullname=Dr. Moorfeld|gender=m)))
95166	stand		
95167	,		
95168	und		
95169	daß		
95170	er	11138	(mention_id=11254|references=(entity=(entity_id=entity_0001|fullname=Dr. Moorfeld|gender=m)))
95171	die		
95172	Höhe		
95173	dieses		
95174	Augenblicks		
95175	nur		
95176	der		
95177	Niedrigkeit		
95178	abkämpfen		
95179	könne		
95180	.		
95181	Derselbe		
95182	Mensch	11139	(mention_id=11255|references=(entity=(entity_id=entity_0097|fullname=Howland|gender=m)))
95183	,		
95184	welcher	11140	(mention_id=11256|references=(entity=(entity_id=entity_0097|fullname=Howland|gender=m)))
95185	zuvor		
95186	gesprochen		
95187	,		
95188	trat		
95189	jetzt		
95190	wieder		
95191	als		
95192	Wortführer	11141	(mention_id=11257|references=(entity=(entity_id=entity_0097|fullname=Howland|gender=m)))
95193	seines	11142	(mention_id=11258|references=(entity=(entity_id=entity_0097|fullname=Howland|gender=m)))
95194	Cötus		(mention_id=11259|references=(entity=(entity_id=entity_0506|fullname=Jünglinge|gender=m|possible_identity_with=entity_0099|members=entity_0539,entity_0545,entity_0567,entity_0573,entity_0579,entity_0580,entity_0583,entity_0584,entity_0606,entity_0613,entity_0617,entity_0619|all_members_given=False|specialcase_entity=group)))
95195	auf		
95196	und		
95197	sagte		
95198	rasch		
95199	,		
95200	in		
95201	der		
95202	deutlichen		
95203	Absicht		
95204	,		
95205	jedem		
95206	andern		
95207	Eindrucke		
95208	zuvorzukommen		
95209	:		
95210	Wahrhaftig		
95211	,		
95212	Sir	11143	(mention_id=11260|references=(entity=(entity_id=entity_0001|fullname=Dr. Moorfeld|gender=m)))
95213	,		
95214	Sie	11144	(mention_id=11261|references=(entity=(entity_id=entity_0001|fullname=Dr. Moorfeld|gender=m)))
95215	haben		
95216	schöne		
95217	Reisen		
95218	gemacht		
95219	,		
95220	das		
95221	ist		
95222	ein		
95223	Factum		
95224	.		
95225	Reisen		
95226	,		
95227	will		
95228	mich	11145	(mention_id=11262|references=(entity=(entity_id=entity_0097|fullname=Howland|gender=m)))
95229	bedünken		
95230	,		
95231	ist		
95232	überhaupt		
95233	das		
95234	beste		
95235	,		
95236	wozu		
95237	ein		
95238	Gentleman	11146	(mention_id=11263|references=(entity=(entity_id=generic_4288|fullname=generic_0633|gender=u|specialcase_entity=generic)),(entity=(entity_id=entity_0001|fullname=Dr. Moorfeld|gender=m)))
95239	seine	11147	(mention_id=11264|references=(entity=(entity_id=generic_4289|fullname=generic_0634|gender=u|specialcase_entity=generic)),(entity=(entity_id=entity_0001|fullname=Dr. Moorfeld|gender=m)))
95240	Mittel		
95241	und		
95242	seine	11148	(mention_id=11265|references=(entity=(entity_id=generic_4290|fullname=generic_0635|gender=u|specialcase_entity=generic)),(entity=(entity_id=entity_0001|fullname=Dr. Moorfeld|gender=m)))
95243	Muße		
95244	verwenden		
95245	kann		
95246	.		
95247	Es		
95248	hilft		
95249	entweder		
95250	große		
95251	Lebensweisheit		
95252	erwerben		
95253	,		
95254	oder		
95255	mindestens		
95256	—		
95257	eine		
95258	große		
95259	Leere		
95260	ausfüllen		
95261	.		
95262	Sehr		
95263	wahr		
95264	,		
95265	Sir	11149	(mention_id=11266|references=(entity=(entity_id=entity_0097|fullname=Howland|gender=m)))
95266	,		
95267	antwortete		
95268	Moorfeld	11150	(mention_id=11267|references=(entity=(entity_id=entity_0001|fullname=Dr. Moorfeld|gender=m)))
95269	gemessen		
95270	,		
95271	aber		
95272	leider		
95273	sehe		
95274	ich	11151	(mention_id=11268|references=(entity=(entity_id=entity_0001|fullname=Dr. Moorfeld|gender=m)))
95275	Viele	11152	(mention_id=11269|references=(entity=(entity_id=generic_4291|fullname=generic_0636|gender=u|specialcase_entity=generic)),(entity=(entity_id=entity_0506|fullname=Jünglinge|gender=m|possible_identity_with=entity_0099|members=entity_0539,entity_0545,entity_0567,entity_0573,entity_0579,entity_0580,entity_0583,entity_0584,entity_0606,entity_0613,entity_0617,entity_0619|all_members_given=False|specialcase_entity=group)))
95276	zu		
95277	Hause		
95278	bleiben		
95279	,		
95280	welche	11153	(mention_id=11270|references=(entity=(entity_id=generic_4292|fullname=generic_0637|gender=u|specialcase_entity=generic)),(entity=(entity_id=entity_0506|fullname=Jünglinge|gender=m|possible_identity_with=entity_0099|members=entity_0539,entity_0545,entity_0567,entity_0573,entity_0579,entity_0580,entity_0583,entity_0584,entity_0606,entity_0613,entity_0617,entity_0619|all_members_given=False|specialcase_entity=group)))
95281	namentlich		
95282	in		
95283	letzterer		
95284	Beziehung		
95285	das		
95286	dringendste		
95287	Motiv		
95288	hätten		
95289	,		
95290	auf		
95291	Reisen		
95292	zu		
95293	gehen		
95294	.		
95295	Moorfeld	11154	(mention_id=11271|references=(entity=(entity_id=entity_0001|fullname=Dr. Moorfeld|gender=m)))
95296	begleitete		
95297	diese		
95298	Zurechtweisung		
95299	mit		
95300	einem		
95301	entsprechenden		
95302	Blicke		
95303	.		
95304	Sein	11155	(mention_id=11272|references=(entity=(entity_id=entity_0001|fullname=Dr. Moorfeld|gender=m)))
95305	Widersacher	11156	(mention_id=11273|references=(entity=(entity_id=entity_0097|fullname=Howland|gender=m)))
95306	war		
95307	eine		
95308	echte		
95309	Rowdy-Gestalt	11157	(mention_id=11274|references=(entity=(entity_id=entity_0097|fullname=Howland|gender=m)))
95310	.		
95311	Er	11158	(mention_id=11275|references=(entity=(entity_id=entity_0097|fullname=Howland|gender=m)))
95312	handhabte		
95313	eine		
95314	Baguette		
95315	,		
95316	lang		
95317	und		
95318	dünn		
95319	wie		
95320	eine		
95321	Macaroni		
95322	,		
95323	und		
95324	fuchtelte		
95325	höchst		
95326	sittsam		
95327	gegen		
95328	sein	11159	(mention_id=11276|references=(entity=(entity_id=entity_0097|fullname=Howland|gender=m)))
95329	grotesk		
95330	chinirtes		
95331	Beinkleid		
95332	damit		
95333	.		
95334	Alle		
95335	Fassung		
95336	aber		
95337	benahm		
95338	es		
95339	,		
95340	zu		
95341	sehen		
95342	,		
95343	daß		
95344	der		
95345	Mensch	11160	(mention_id=11277|references=(entity=(entity_id=entity_0097|fullname=Howland|gender=m)))
95346	in		
95347	zweierlei		
95348	Schuhen		
95349	ging		
95350	:		
95351	der		
95352	eine		
95353	lief		
95354	in		
95355	eine		
95356	Spitze		
95357	zu		
95358	,		
95359	der		
95360	andere		
95361	war		
95362	breit		
95363	abgehackt		
95364	.		
95365	Moorfeld	11161	(mention_id=11278|references=(entity=(entity_id=entity_0001|fullname=Dr. Moorfeld|gender=m)))
95366	erfuhr		
95367	bei		
95368	einer		
95369	spätern		
95370	Gelegenheit		
95371	,		
95372	daß		
95373	es		
95374	ihm	11162	(mention_id=11279|references=(entity=(entity_id=entity_0097|fullname=Howland|gender=m)))
95375	eine		
95376	starke		
95377	Wette		
95378	gegolten		
95379	,		
95380	in		
95381	solchem		
95382	Fußzeug		
95383	Bennet's	11163	(mention_id=11280|references=(entity=(entity_id=entity_0055|fullname=Mr. Bennet|gender=m)))
95384	Salon		
95385	zu		
95386	besuchen		
95387	.		
95388	Uebrigens		
95389	genoß		
95390	er	11164	(mention_id=11281|references=(entity=(entity_id=entity_0097|fullname=Howland|gender=m)))
95391	vor		
95392	seinen	11165	(mention_id=11282|references=(entity=(entity_id=entity_0097|fullname=Howland|gender=m)))
95393	Cammeraden	11166	(mention_id=11283|references=(entity=(entity_id=entity_0506|fullname=Jünglinge|gender=m|possible_identity_with=entity_0099|members=entity_0539,entity_0545,entity_0567,entity_0573,entity_0579,entity_0580,entity_0583,entity_0584,entity_0606,entity_0613,entity_0617,entity_0619|all_members_given=False|specialcase_entity=group)))
95394	die		
95395	Auszeichzeichnung		
95396	einer		
95397	schönen		
95398	und		
95399	tüchtigen		
95400	Männerfigur	11167	
95401	,		
95402	die	11168	
95403	ihre	11169	
95404	Verballhornirung		
95405	in		
95406	forcirter		
95407	Frechheit		
95408	und		
95409	Albernheit		
95410	doppelt		
95411	bedauern		
95412	ließ		
95413	.		
95414	Der		
95415	Rowdy	11170	(mention_id=11284|references=(entity=(entity_id=entity_0097|fullname=Howland|gender=m)))
95416	antwortete		
95417	:		
95418	Wir	11171	(mention_id=11285|references=(entity=(entity_id=entity_0097|fullname=Howland|gender=m)),(entity=(entity_id=generic_4293|fullname=generic_0638|gender=u|specialcase_entity=generic)))
95419	Amerikaner	11172	(mention_id=11286|references=(entity=(entity_id=entity_0097|fullname=Howland|gender=m)),(entity=(entity_id=generic_4294|fullname=generic_0639|gender=u|specialcase_entity=generic)))
95420	kommen		
95421	weniger		
95422	zum		
95423	Reisen		
95424	,		
95425	als		
95426	irgend		
95427	ein		
95428	Volk	11173	(mention_id=11287|references=(entity=(entity_id=generic_4295|fullname=generic_0640|gender=u|specialcase_entity=generic)))
95429	der		
95430	Welt		
95431	.		
95432	Denn		
95433	erstens		
95434	haben		
95435	wir	11174	(mention_id=11288|references=(entity=(entity_id=entity_0097|fullname=Howland|gender=m)),(entity=(entity_id=generic_4296|fullname=generic_0641|gender=u|specialcase_entity=generic)))
95436	zu		
95437	viel		
95438	zu		
95439	thun		
95440	,		
95441	und		
95442	zweitens		
95443	reist		
95444	sich's	11175	
95445	nur		
95446	als		
95447	Garcon	11176	(mention_id=11289|references=(entity=(entity_id=generic_4297|fullname=generic_0642|gender=u|specialcase_entity=generic)))
95448	leicht		
95449	;		
95450	der		
95451	Amerikaner	11177	(mention_id=11290|references=(entity=(entity_id=generic_4298|fullname=generic_0643|gender=u|specialcase_entity=generic)),(entity=(entity_id=entity_0097|fullname=Howland|gender=m)))
95452	aber		
95453	heirathet		
95454	früh		
95455	,		
95456	und		
95457	das		
95458	ist		
95459	jedenfalls		
95460	das		
95461	beste		
95462	was		
95463	er	11178	(mention_id=11291|references=(entity=(entity_id=generic_4299|fullname=generic_0644|gender=u|specialcase_entity=generic)),(entity=(entity_id=entity_0097|fullname=Howland|gender=m)))
95464	thun		
95465	kann		
95466	.		
95467	Allerdings		
95468	,		
95469	die		
95470	Ehe		
95471	bessert		
95472	,		
95473	sagte		
95474	Moorfeld	11179	(mention_id=11292|references=(entity=(entity_id=entity_0001|fullname=Dr. Moorfeld|gender=m)))
95475	.		
95476	Was		
95477	wollen		
95478	Sie	11180	(mention_id=11293|references=(entity=(entity_id=entity_0097|fullname=Howland|gender=m)))
95479	damit		
95480	sagen		
95481	,		
95482	Sir	11181	(mention_id=11294|references=(entity=(entity_id=entity_0001|fullname=Dr. Moorfeld|gender=m)))
95483	?		
95484	Bedarf		
95485	unsre	11182	(mention_id=11295|references=(entity=(entity_id=entity_0097|fullname=Howland|gender=m)),(entity=(entity_id=generic_4300|fullname=generic_0645|gender=u|specialcase_entity=generic)))
95486	Jugend		
95487	in		
95488	Ihren	11183	(mention_id=11296|references=(entity=(entity_id=entity_0001|fullname=Dr. Moorfeld|gender=m)))
95489	Augen		
95490	der		
95491	Besserung		
95492	?		
95493	Ich	11184	(mention_id=11297|references=(entity=(entity_id=entity_0001|fullname=Dr. Moorfeld|gender=m)))
95494	hoffe		
95495	nicht		
95496	,		
95497	daß		
95498	ihr		
95499	die		
95500	Fähigkeit		
95501	dazu		
95502	abgeht		
95503	.		
95504	Beruhigen		
95505	Sie	11185	(mention_id=11298|references=(entity=(entity_id=entity_0097|fullname=Howland|gender=m)))
95506	sich	11186	(mention_id=11299|references=(entity=(entity_id=entity_0097|fullname=Howland|gender=m)))
95507	übrigens		
95508	.		
95509	Die		
95510	Frage		
95511	geht		
95512	zur		
95513	Hälfte		
95514	auch		
95515	die		
95516	Frauen	11187	(mention_id=11300|references=(entity=(entity_id=generic_4301|fullname=generic_0646|gender=u|specialcase_entity=generic)))
95517	an		
95518	.		
95519	Und		
95520	ich	11188	(mention_id=11301|references=(entity=(entity_id=entity_0001|fullname=Dr. Moorfeld|gender=m)))
95521	gestehe		
95522	Ihnen	11189	(mention_id=11302|references=(entity=(entity_id=entity_0097|fullname=Howland|gender=m)))
95523	gern		
95524	,		
95525	ich	11190	(mention_id=11303|references=(entity=(entity_id=entity_0001|fullname=Dr. Moorfeld|gender=m)))
95526	kenne		
95527	Amerika's	11191	
95528	Frauen	11192	(mention_id=11304|references=(entity=(entity_id=generic_4302|fullname=generic_0647|gender=u|specialcase_entity=generic)))
95529	wenig		
95530	.		
95531	Darf		
95532	ich	11193	(mention_id=11305|references=(entity=(entity_id=entity_0097|fullname=Howland|gender=m)))
95533	mir	11194	(mention_id=11306|references=(entity=(entity_id=entity_0097|fullname=Howland|gender=m)))
95534	ein		
95535	Urtheil		
95536	erlauben		
95537	,		
95538	Sir	11195	(mention_id=11307|references=(entity=(entity_id=entity_0001|fullname=Dr. Moorfeld|gender=m)))
95539	,		
95540	so		
95541	sind		
95542	Sie	11196	(mention_id=11308|references=(entity=(entity_id=entity_0097|fullname=Howland|gender=m)))
95543	überhaupt		
95544	ein		
95545	Verächter	11197	(mention_id=11309|references=(entity=(entity_id=entity_0001|fullname=Dr. Moorfeld|gender=m)))
95546	des		
95547	Geschlechts		(mention_id=11310|references=(entity=(entity_id=generic_4303|fullname=generic_0648|gender=u|specialcase_entity=generic)))
95548	?		
95549	Ich	11198	(mention_id=11311|references=(entity=(entity_id=entity_0001|fullname=Dr. Moorfeld|gender=m)))
95550	bedauere		
95551	,		
95552	daß		
95553	Sie	11199	(mention_id=11312|references=(entity=(entity_id=entity_0097|fullname=Howland|gender=m)))
95554	einen		
95555	so		
95556	barbarischen		
95557	Einfall		
95558	ein		
95559	Urtheil		
95560	nennen		
95561	.		
95562	Woraus		
95563	schöpfen		
95564	Sie	11200	(mention_id=11313|references=(entity=(entity_id=entity_0097|fullname=Howland|gender=m)))
95565	dieses		
95566	sogenannte		
95567	Urtheil		
95568	?		
95569	Aus		
95570	Ihren	11201	(mention_id=11314|references=(entity=(entity_id=entity_0001|fullname=Dr. Moorfeld|gender=m)))
95571	Reisen		
95572	,		
95573	Sir	11202	(mention_id=11315|references=(entity=(entity_id=entity_0001|fullname=Dr. Moorfeld|gender=m)))
95574	.		
95575	Wo		
95576	die		
95577	Phantasie		
95578	auf		
95579	so		
95580	großartige		
95581	Bilderjagden		
95582	auszieht		
95583	,		
95584	dort		
95585	ist		
95586	das		
95587	Herz		
95588	schwer		
95589	zu		
95590	fesseln		
95591	.		
95592	Sie	11203	(mention_id=11316|references=(entity=(entity_id=entity_0001|fullname=Dr. Moorfeld|gender=m)))
95593	haben		
95594	zwischen		
95595	Tropen		
95596	und		
95597	Pol		
95598	viel		
95599	Schönes		
95600	gesehen		
95601	,		
95602	Sir	11204	(mention_id=11317|references=(entity=(entity_id=entity_0001|fullname=Dr. Moorfeld|gender=m)))
95603	,		
95604	aber		
95605	wir	11205	(mention_id=11318|references=(entity=(entity_id=entity_0506|fullname=Jünglinge|gender=m|possible_identity_with=entity_0099|members=entity_0539,entity_0545,entity_0567,entity_0573,entity_0579,entity_0580,entity_0583,entity_0584,entity_0606,entity_0613,entity_0617,entity_0619|all_members_given=False|specialcase_entity=group)))
95606	sind		
95607	zu		
95608	Hause		
95609	geblieben		
95610	,		
95611	Sir	11206	(mention_id=11319|references=(entity=(entity_id=entity_0001|fullname=Dr. Moorfeld|gender=m)))
95612	,		
95613	und		
95614	sehen		
95615	Sie	11207	(mention_id=11320|references=(entity=(entity_id=entity_0001|fullname=Dr. Moorfeld|gender=m)))
95616	,		
95617	Sir	11208	(mention_id=11321|references=(entity=(entity_id=entity_0001|fullname=Dr. Moorfeld|gender=m)))
95618	,		
95619	wir	11209	(mention_id=11322|references=(entity=(entity_id=entity_0506|fullname=Jünglinge|gender=m|possible_identity_with=entity_0099|members=entity_0539,entity_0545,entity_0567,entity_0573,entity_0579,entity_0580,entity_0583,entity_0584,entity_0606,entity_0613,entity_0617,entity_0619|all_members_given=False|specialcase_entity=group)))
95620	haben		
95621	der		
95622	Schönheit		
95623	doch		
95624	voller		
95625	und		
95626	unmittelbarer		
95627	in's		
95628	Auge		
95629	geschaut		
95630	.		
95631	Wir	11210	(mention_id=11323|references=(entity=(entity_id=entity_0007|fullname=Erzählinstanz|gender=u)))
95632	brauchen		
95633	kaum		
95634	zu		
95635	bemerken		
95636	,		
95637	in		
95638	welcher		
95639	Haltung		
95640	Cölesten	11211	(mention_id=11324|references=(entity=(entity_id=entity_0014|fullname=Cöleste Bennet|gender=f)))
95641	gegenüber		
95642	diese		
95643	Worte		
95644	gesprochen		
95645	waren		
95646	.		
95647	Der		
95648	Sprecher	11212	(mention_id=11325|references=(entity=(entity_id=entity_0097|fullname=Howland|gender=m)))
95649	bemühte		
95650	sich	11213	(mention_id=11326|references=(entity=(entity_id=entity_0097|fullname=Howland|gender=m)))
95651	offenbar		
95652	,		
95653	sein	11214	(mention_id=11327|references=(entity=(entity_id=entity_0097|fullname=Howland|gender=m)))
95654	Gespräch		
95655	so		
95656	beziehungsvoll		
95657	als		
95658	möglich		
95659	zu		
95660	wenden		
95661	.		
95662	Aber		
95663	Moorfeld	11215	(mention_id=11328|references=(entity=(entity_id=entity_0001|fullname=Dr. Moorfeld|gender=m)))
95664	hatte		
95665	kein		
95666	Interesse		
95667	ihn	11216	(mention_id=11329|references=(entity=(entity_id=entity_0097|fullname=Howland|gender=m)))
95668	hier		
95669	zu		
95670	stören		
95671	,		
95672	sondern		
95673	nur		
95674	zu		
95675	überbieten		
95676	.		
95677	Er	11217	(mention_id=11330|references=(entity=(entity_id=entity_0001|fullname=Dr. Moorfeld|gender=m)))
95678	antwortete		
95679	:		
95680	Was		
95681	Sie	11218	(mention_id=11331|references=(entity=(entity_id=entity_0097|fullname=Howland|gender=m)))
95682	an		
95683	Ihrem	11219	(mention_id=11332|references=(entity=(entity_id=entity_0097|fullname=Howland|gender=m)))
95684	Platze		
95685	Holdes		
95686	und		
95687	Vortreffliches		
95688	bewundern		
95689	,		
95690	das		
95691	gestehe		
95692	ich	11220	(mention_id=11333|references=(entity=(entity_id=entity_0001|fullname=Dr. Moorfeld|gender=m)))
95693	Ihnen	11221	(mention_id=11334|references=(entity=(entity_id=entity_0097|fullname=Howland|gender=m)))
95694	von		
95695	ganzem		
95696	Herzen		
95697	zu		
95698	,		
95699	Sir	11222	(mention_id=11335|references=(entity=(entity_id=entity_0097|fullname=Howland|gender=m)))
95700	.		
95701	Ich	11223	(mention_id=11336|references=(entity=(entity_id=entity_0001|fullname=Dr. Moorfeld|gender=m)))
95702	sagte		
95703	es		
95704	ja		
95705	:		
95706	ich	11224	(mention_id=11337|references=(entity=(entity_id=entity_0001|fullname=Dr. Moorfeld|gender=m)))
95707	kenne		
95708	Amerika's	11225	
95709	Frauen	11226	
95710	wenig		
95711	.		
95712	Und		
95713	sehen		
95714	Sie	11227	(mention_id=11338|references=(entity=(entity_id=entity_0097|fullname=Howland|gender=m)))
95715	,		
95716	Sir	11228	(mention_id=11339|references=(entity=(entity_id=entity_0097|fullname=Howland|gender=m)))
95717	,		
95718	daß		
95719	ich	11229	(mention_id=11340|references=(entity=(entity_id=entity_0001|fullname=Dr. Moorfeld|gender=m)))
95720	selbst		
95721	jetzt		
95722	an		
95723	diesem		
95724	Platze		
95725	stehe		
95726	,		
95727	das		
95728	spricht		
95729	nur		
95730	für		
95731	das		
95732	Prinzip		
95733	der		
95734	Reisen		
95735	:		
95736	wie		
95737	wäre		
95738	ich	11230	(mention_id=11341|references=(entity=(entity_id=entity_0001|fullname=Dr. Moorfeld|gender=m)))
95739	sonst		
95740	hergekommen		
95741	?		
95742	Weiber	11231	(mention_id=11342|references=(entity=(entity_id=generic_4304|fullname=generic_0649|gender=u|specialcase_entity=generic)))
95743	erfüllen		
95744	freilich		
95745	die		
95746	ganze		
95747	Welt		
95748	;		
95749	aber		
95750	die		
95751	ganze		
95752	Welt		
95753	will		
95754	auch		
95755	durchwandert		
95756	sein		
95757	,		
95758	um		
95759	das		
95760	Weib	11232	(mention_id=11343|references=(entity=(entity_id=generic_4305|fullname=generic_0650|gender=u|specialcase_entity=generic)),(entity=(entity_id=entity_0014|fullname=Cöleste Bennet|gender=f)))
95761	zu		
95762	finden		
95763	,		
95764	das		
95765	Idealweib	11233	(mention_id=11344|references=(entity=(entity_id=generic_4306|fullname=generic_0651|gender=u|specialcase_entity=generic)),(entity=(entity_id=entity_0014|fullname=Cöleste Bennet|gender=f)))
95766	,		
95767	die		
95768	Blüthe		(mention_id=11345|references=(entity=(entity_id=generic_4307|fullname=generic_0652|gender=u|specialcase_entity=generic)),(entity=(entity_id=entity_0014|fullname=Cöleste Bennet|gender=f)))
95769	und		
95770	den		
95771	Hochbegriff		
95772	ihres	11234	(mention_id=11346|references=(entity=(entity_id=generic_4308|fullname=generic_0653|gender=u|specialcase_entity=generic)),(entity=(entity_id=entity_0014|fullname=Cöleste Bennet|gender=f)))
95773	Geschlechts		
95774	.		
95775	Cöleste	11235	(mention_id=11347|references=(entity=(entity_id=entity_0014|fullname=Cöleste Bennet|gender=f)))
95776	blickte		
95777	fragend		
95778	auf		
95779	.		
95780	Es		
95781	war		
95782	fast		
95783	ein		
95784	kindlicher		
95785	Zug		
95786	von		
95787	dem		
95788	Mädchen	11236	(mention_id=11348|references=(entity=(entity_id=entity_0014|fullname=Cöleste Bennet|gender=f)))
95789	,		
95790	daß		
95791	sie	11237	(mention_id=11349|references=(entity=(entity_id=entity_0014|fullname=Cöleste Bennet|gender=f)))
95792	naiv		
95793	zweifelte		
95794	,		
95795	ob		
95796	solch		
95797	ein		
95798	hohes		
95799	Wort		
95800	für		
95801	sie	11238	(mention_id=11350|references=(entity=(entity_id=entity_0014|fullname=Cöleste Bennet|gender=f)))
95802	gesprochen		
95803	.		
95804	Moorfeld's	11239	(mention_id=11351|references=(entity=(entity_id=entity_0001|fullname=Dr. Moorfeld|gender=m)))
95805	Auge		
95806	aber		
95807	mußte		
95808	sie	11240	(mention_id=11352|references=(entity=(entity_id=entity_0014|fullname=Cöleste Bennet|gender=f)))
95809	hinlänglich		
95810	orientirt		
95811	haben		
95812	,		
95813	denn		
95814	sie	11241	(mention_id=11353|references=(entity=(entity_id=entity_0014|fullname=Cöleste Bennet|gender=f)))
95815	schlug		
95816	das		
95817	ihre	11242	(mention_id=11354|references=(entity=(entity_id=entity_0014|fullname=Cöleste Bennet|gender=f)))
95818	nieder		
95819	und		
95820	—		
95821	gewährte		
95822	als		
95823	„		
95824	Dame	11243	(mention_id=11355|references=(entity=(entity_id=entity_0014|fullname=Cöleste Bennet|gender=f)))
95825	des		
95826	Winkels		
95827	“		
95828	Raum		
95829	zwischen		
95830	sich	11244	(mention_id=11356|references=(entity=(entity_id=entity_0014|fullname=Cöleste Bennet|gender=f)))
95831	und		
95832	Moorfeld	11245	(mention_id=11357|references=(entity=(entity_id=entity_0001|fullname=Dr. Moorfeld|gender=m)))
95833	,		
95834	den		
95835	dieser	11246	(mention_id=11358|references=(entity=(entity_id=entity_0001|fullname=Dr. Moorfeld|gender=m)))
95836	sogleich		
95837	einnahm		
95838	.		
95839	Der		
95840	Rowdy	11247	(mention_id=11359|references=(entity=(entity_id=entity_0097|fullname=Howland|gender=m)))
95841	warf		
95842	sich	11248	(mention_id=11360|references=(entity=(entity_id=entity_0097|fullname=Howland|gender=m)))
95843	in		
95844	Fechterpositur		
95845	.		
95846	Nun		
95847	,		
95848	bei		
95849	Gott		
95850	,		
95851	rief		
95852	er	11249	(mention_id=11361|references=(entity=(entity_id=entity_0097|fullname=Howland|gender=m)))
95853	emphatisch		
95854	,		
95855	so		
95856	möchte		
95857	ich	11250	(mention_id=11362|references=(entity=(entity_id=entity_0097|fullname=Howland|gender=m)))
95858	mein	11251	(mention_id=11363|references=(entity=(entity_id=entity_0097|fullname=Howland|gender=m)))
95859	Vaterland		
95860	nicht		
95861	hintansetzen		
95862	!		
95863	Sie	11252	(mention_id=11364|references=(entity=(entity_id=entity_0001|fullname=Dr. Moorfeld|gender=m)))
95864	werfen		
95865	auf		
95866	die		
95867	Frauen	11253	(mention_id=11365|references=(entity=(entity_id=generic_4309|fullname=generic_0654|gender=u|specialcase_entity=generic)))
95868	Ihres	11254	(mention_id=11366|references=(entity=(entity_id=entity_0001|fullname=Dr. Moorfeld|gender=m)))
95869	Vaterlandes		
95870	ein		
95871	Licht		
95872	,		
95873	Sir	11255	(mention_id=11367|references=(entity=(entity_id=entity_0001|fullname=Dr. Moorfeld|gender=m)))
95874	—		
95875	Erlauben		
95876	Sie	11256	(mention_id=11368|references=(entity=(entity_id=entity_0097|fullname=Howland|gender=m)))
95877	,		
95878	Sir	11257	(mention_id=11369|references=(entity=(entity_id=entity_0097|fullname=Howland|gender=m)))
95879	.		
95880	Das		
95881	Wort		
95882	Vaterland		
95883	hat		
95884	einen		
95885	vollgehaltigen		
95886	Begriff		
95887	in		
95888	der		
95889	Politik		
95890	.		
95891	Der		
95892	Amerikaner	11258	(mention_id=11370|references=(entity=(entity_id=entity_0097|fullname=Howland|gender=m)),(entity=(entity_id=generic_4310|fullname=generic_0655|gender=u|specialcase_entity=generic)))
95893	denkt		
95894	sich	11259	(mention_id=11371|references=(entity=(entity_id=entity_0097|fullname=Howland|gender=m)),(entity=(entity_id=generic_4311|fullname=generic_0656|gender=u|specialcase_entity=generic)))
95895	ein		
95896	lebens		
95897	volles		
95898	,		
95899	reichgegliedertes		
95900	Gewebe		
95901	von		
95902	Parteiungen		
95903	,		
95904	Standpunkten		
95905	,		
95906	Interessen		
95907	und		
95908	Vortheilen		
95909	darunter		
95910	,		
95911	—		
95912	vielleicht		
95913	denkt		
95914	er	11260	(mention_id=11372|references=(entity=(entity_id=entity_0097|fullname=Howland|gender=m)),(entity=(entity_id=generic_4312|fullname=generic_0657|gender=u|specialcase_entity=generic)))
95915	sich	11261	(mention_id=11373|references=(entity=(entity_id=entity_0097|fullname=Howland|gender=m)),(entity=(entity_id=generic_4313|fullname=generic_0658|gender=u|specialcase_entity=generic)))
95916	auch		
95917	Mädchenblick		
95918	und		
95919	Händedruck		
95920	darunter		
95921	.		
95922	Es		
95923	steht		
95924	ihm	11262	(mention_id=11374|references=(entity=(entity_id=entity_0097|fullname=Howland|gender=m)),(entity=(entity_id=generic_4314|fullname=generic_0659|gender=u|specialcase_entity=generic)))
95925	das		
95926	ganz		
95927	frei		
95928	.		
95929	Ich	11263	(mention_id=11375|references=(entity=(entity_id=entity_0001|fullname=Dr. Moorfeld|gender=m)))
95930	aber		
95931	bitte		
95932	Jeden	11264	(mention_id=11376|references=(entity=(entity_id=generic_4315|fullname=generic_0660|gender=u|specialcase_entity=generic)))
95933	,		
95934	mich	11265	(mention_id=11377|references=(entity=(entity_id=entity_0001|fullname=Dr. Moorfeld|gender=m)))
95935	aus		
95936	dem		
95937	Spiele		
95938	zu		
95939	lassen		
95940	,		
95941	der	11266	(mention_id=11378|references=(entity=(entity_id=generic_4316|fullname=generic_0661|gender=u|specialcase_entity=generic)))
95942	so		
95943	geistreich		
95944	ist		
95945	,		
95946	eine		
95947	so		
95948	große		
95949	und		
95950	rein		
95951	menschliche		
95952	Sache		
95953	unter		
95954	einem		
95955	beschränkten		
95956	Horizont		
95957	zu		
95958	betrachten		
95959	:		
95960	diese		
95961	Beschränkung		
95962	heiße		
95963	nun		
95964	Vaterland		
95965	oder		
95966	wie		
95967	immer		
95968	.		
95969	Cöleste	11267	(mention_id=11379|references=(entity=(entity_id=entity_0014|fullname=Cöleste Bennet|gender=f)))
95970	sah		
95971	den		
95972	Dandy	11268	(mention_id=11380|references=(entity=(entity_id=entity_0097|fullname=Howland|gender=m)))
95973	mit		
95974	jenem		
95975	Auge		
95976	an		
95977	,		
95978	welches		
95979	sagt		
95980	:		
95981	was		
95982	willst		
95983	Du	11269	(mention_id=11381|references=(entity=(entity_id=entity_0097|fullname=Howland|gender=m)))
95984	darauf		
95985	antworten		
95986	?		
95987	Zugleich		
95988	näherte		
95989	sie	11270	(mention_id=11382|references=(entity=(entity_id=entity_0014|fullname=Cöleste Bennet|gender=f)))
95990	sich	11271	(mention_id=11383|references=(entity=(entity_id=entity_0014|fullname=Cöleste Bennet|gender=f)))
95991	wieder		
95992	dem		
95993	„		
95994	Winkel		
95995	“		
95996	.		
95997	Der		
95998	Nebenbuhler	11272	(mention_id=11384|references=(entity=(entity_id=entity_0097|fullname=Howland|gender=m)))
95999	knirschte		
96000	.		
96001	Aber		
96002	er	11273	(mention_id=11385|references=(entity=(entity_id=entity_0097|fullname=Howland|gender=m)))
96003	schien		
96004	entschlossen		
96005	,		
96006	die		
96007	Parthie		
96008	nicht		
96009	aufzugeben		
96010	.		
96011	Das		
96012	Idealweib	11274	(mention_id=11386|references=(entity=(entity_id=generic_4317|fullname=generic_0662|gender=u|specialcase_entity=generic)))
96013	!		
96014	sagte		
96015	er	11275	(mention_id=11387|references=(entity=(entity_id=entity_0097|fullname=Howland|gender=m)))
96016	achselzuckend		
96017	.		
96018	Man		
96019	muß		
96020	das		
96021	Weib	11276	(mention_id=11388|references=(entity=(entity_id=generic_4318|fullname=generic_0663|gender=u|specialcase_entity=generic)))
96022	auch		
96023	mit		
96024	seinen		(mention_id=11389|references=(entity=(entity_id=generic_4319|fullname=generic_0664|gender=u|specialcase_entity=generic)))
96025	Schwächen		
96026	lieben		
96027	können		
96028	.		
96029	Ich	11277	(mention_id=11390|references=(entity=(entity_id=entity_0001|fullname=Dr. Moorfeld|gender=m)))
96030	gebe		
96031	Ihnen	11278	(mention_id=11391|references=(entity=(entity_id=entity_0097|fullname=Howland|gender=m)))
96032	noch		
96033	mehr		
96034	zu		
96035	,		
96036	antwortete		
96037	Moorfeld	11279	(mention_id=11392|references=(entity=(entity_id=entity_0001|fullname=Dr. Moorfeld|gender=m)))
96038	,		
96039	nicht		
96040	nur		
96041	mit		
96042	,		
96043	sondern		
96044	wegen		
96045	seiner	11280	(mention_id=11393|references=(entity=(entity_id=generic_4320|fullname=generic_0665|gender=u|specialcase_entity=generic)))
96046	Schwächen		
96047	!		
96048	In		
96049	den		
96050	idealen		
96051	Zügen		
96052	der		
96053	Weiblichkeit		
96054	dürften		
96055	die		
96056	Schwächen		
96057	wahrlich		
96058	nicht		
96059	fehlen		
96060	.		
96061	Nur		
96062	müssen		
96063	es		
96064	auch		
96065	wieder		
96066	gewählte		
96067	Schwächen		
96068	sein		
96069	.		
96070	Das		
96071	ist		
96072	unverständlich		
96073	,		
96074	sagte		
96075	der		
96076	Andere	11281	(mention_id=11394|references=(entity=(entity_id=entity_0097|fullname=Howland|gender=m)))
96077	.		
96078	Verzeihung		
96079	,		
96080	Mr.	11282	(mention_id=11395|references=(entity=(entity_id=entity_0097|fullname=Howland|gender=m)))
96081	Howland	11282	(mention_id=11395|references=(entity=(entity_id=entity_0097|fullname=Howland|gender=m)))
96082	,		
96083	das		
96084	finde		
96085	ich	11283	(mention_id=11396|references=(entity=(entity_id=entity_0014|fullname=Cöleste Bennet|gender=f)))
96086	nicht		
96087	,		
96088	wendete		
96089	Cöleste	11284	(mention_id=11397|references=(entity=(entity_id=entity_0014|fullname=Cöleste Bennet|gender=f)))
96090	ein		
96091	.		
96092	—		
96093	Bei		
96094	dem		
96095	Namen		
96096	Howland	11285	(mention_id=11398|references=(entity=(entity_id=entity_0097|fullname=Howland|gender=m)))
96097	erkannte		
96098	Moorfeld	11286	(mention_id=11399|references=(entity=(entity_id=entity_0001|fullname=Dr. Moorfeld|gender=m)))
96099	auf		
96100	einmal		
96101	seinen	11287	(mention_id=11400|references=(entity=(entity_id=entity_0001|fullname=Dr. Moorfeld|gender=m)))
96102	Mann	11288	(mention_id=11401|references=(entity=(entity_id=entity_0097|fullname=Howland|gender=m)))
96103	.		
96104	Er	11289	(mention_id=11402|references=(entity=(entity_id=entity_0001|fullname=Dr. Moorfeld|gender=m)))
96105	sah		
96106	jenen		
96107	Rowdy-Elegant	11290	(mention_id=11403|references=(entity=(entity_id=entity_0097|fullname=Howland|gender=m)))
96108	wieder		
96109	,		
96110	den	11291	(mention_id=11404|references=(entity=(entity_id=entity_0097|fullname=Howland|gender=m)))
96111	er	11292	(mention_id=11405|references=(entity=(entity_id=entity_0001|fullname=Dr. Moorfeld|gender=m)))
96112	zuerst		
96113	als		
96114	Commandant	11293	(mention_id=11406|references=(entity=(entity_id=entity_0097|fullname=Howland|gender=m)))
96115	eines		
96116	Löschbataillons		
96117	sein	11294	(mention_id=11407|references=(entity=(entity_id=entity_0097|fullname=Howland|gender=m)))
96118	ritterliches		
96119	aber		
96120	kokettes		
96121	Wesen		
96122	treiben		
96123	gesehen		
96124	.		
96125	Er	11295	(mention_id=11408|references=(entity=(entity_id=entity_0001|fullname=Dr. Moorfeld|gender=m)))
96126	verwunderte		
96127	sich	11296	(mention_id=11409|references=(entity=(entity_id=entity_0001|fullname=Dr. Moorfeld|gender=m)))
96128	nicht		
96129	wenig		
96130	,		
96131	daß		
96132	man		
96133	solchen		
96134	Straßenhelden	11297	(mention_id=11410|references=(entity=(entity_id=entity_0097|fullname=Howland|gender=m)|specialcase_reference=figurative))
96135	auf		
96136	dem		
96137	Parquet		
96138	des		
96139	Salons		
96140	begegnen		
96141	könne		
96142	.		
96143	Howland	11298	(mention_id=11411|references=(entity=(entity_id=entity_0097|fullname=Howland|gender=m)))
96144	antwortete		
96145	kurz		
96146	,		
96147	fast		
96148	rauh		
96149	:		
96150	Nun		
96151	wohl		
96152	,		
96153	es		
96154	ist		
96155	nicht		
96156	unverständlich		
96157	.		
96158	Sie	11299	(mention_id=11412|references=(entity=(entity_id=entity_0001|fullname=Dr. Moorfeld|gender=m)))
96159	haben		
96160	Recht		
96161	.		
96162	Ich	11300	(mention_id=11413|references=(entity=(entity_id=entity_0097|fullname=Howland|gender=m)))
96163	brauche		
96164	auch		
96165	nur		
96166	jene		
96167	Geschöpfe	11301	(mention_id=11414|references=(entity=(entity_id=generic_4321|fullname=generic_0666|gender=u|specialcase_entity=generic)))
96168	zu		
96169	sehen		
96170	,		
96171	die	11302	(mention_id=11415|references=(entity=(entity_id=generic_4322|fullname=generic_0667|gender=u|specialcase_entity=generic)))
96172	wir	11303	(mention_id=11416|references=(entity=(entity_id=entity_0097|fullname=Howland|gender=m)),(entity=(entity_id=generic_4323|fullname=generic_0668|gender=u|specialcase_entity=generic)))
96173	hier		
96174	deutsche		
96175	oder		
96176	vielmehr		
96177	hessische		
96178	Mädchen	11304	(mention_id=11417|references=(entity=(entity_id=generic_4324|fullname=generic_0669|gender=u|specialcase_entity=generic)))
96179	heißen		
96180	,		
96181	so		
96182	verstehe		
96183	ich	11305	(mention_id=11418|references=(entity=(entity_id=entity_0097|fullname=Howland|gender=m)))
96184	sehr		
96185	wohl		
96186	,		
96187	was		
96188	Sie	11306	(mention_id=11419|references=(entity=(entity_id=entity_0001|fullname=Dr. Moorfeld|gender=m)))
96189	gewählte		
96190	Schwächen		
96191	nennen		
96192	.		
96193	Es		
96194	ist		
96195	eine		
96196	Argumentation		
96197	durch's		
96198	Gegentheil		
96199	.		
96200	Mich	11307	(mention_id=11420|references=(entity=(entity_id=entity_0001|fullname=Dr. Moorfeld|gender=m)))
96201	dünkt		
96202	,		
96203	um		
96204	nicht		
96205	pöbelhaft		
96206	zu		
96207	sprechen		
96208	,		
96209	spreche		
96210	man		(mention_id=11421|references=(entity=(entity_id=generic_4325|fullname=generic_0670|gender=u|specialcase_entity=generic)))
96211	überhaupt		
96212	von		
96213	dem		
96214	Pöbel		(mention_id=11422|references=(entity=(entity_id=generic_4326|fullname=generic_0671|gender=u|specialcase_entity=generic)))
96215	keiner		
96216	Nation		
96217	,		
96218	sagte		
96219	Moorfeld	11308	(mention_id=11423|references=(entity=(entity_id=entity_0001|fullname=Dr. Moorfeld|gender=m)))
96220	nachdrücklich		
96221	.		
96222	Cöleste	11309	(mention_id=11424|references=(entity=(entity_id=entity_0014|fullname=Cöleste Bennet|gender=f)))
96223	aber		
96224	trat		
96225	begütigend		
96226	dazwischen		
96227	:		
96228	In		
96229	der		
96230	That		
96231	,		
96232	meine	11310	(mention_id=11425|references=(entity=(entity_id=entity_0014|fullname=Cöleste Bennet|gender=f)))
96233	Herren	11311	(mention_id=11426|references=(entity=(entity_id=entity_0001|fullname=Dr. Moorfeld|gender=m)),(entity=(entity_id=entity_0097|fullname=Howland|gender=m)),(entity=(entity_id=entity_0506|fullname=Jünglinge|gender=m|possible_identity_with=entity_0099|members=entity_0539,entity_0545,entity_0567,entity_0573,entity_0579,entity_0580,entity_0583,entity_0584,entity_0606,entity_0613,entity_0617,entity_0619|all_members_given=False|specialcase_entity=group)))
96234	,		
96235	wir	11312	(mention_id=11427|references=(entity=(entity_id=entity_0014|fullname=Cöleste Bennet|gender=f)))
96236	können		
96237	hier		
96238	unmöglich		
96239	eine		
96240	Gelegenheit		
96241	zu		
96242	Mißverständnissen		
96243	haben		
96244	.		
96245	Der		
96246	Ruf		
96247	der		
96248	deutschen		
96249	Mädchen	11313	(mention_id=11428|references=(entity=(entity_id=generic_4327|fullname=generic_0672|gender=u|specialcase_entity=generic)))
96250	erfüllt		
96251	ja		
96252	die		
96253	Welt		
96254	.		
96255	Ihr	11314	(mention_id=11429|references=(entity=(entity_id=generic_4328|fullname=generic_0673|gender=u|specialcase_entity=generic)))
96256	weiblicher		
96257	Charakter		
96258	ist		
96259	anerkannt		
96260	der		
96261	liebenswürdigste		
96262	,		
96263	ja		
96264	er		
96265	wird		
96266	oft		
96267	für		
96268	den		
96269	mustergiltigen		
96270	selbst		
96271	gehalten		
96272	.		
96273	Haben		
96274	wir	11315	(mention_id=11430|references=(entity=(entity_id=entity_0014|fullname=Cöleste Bennet|gender=f)),(entity=(entity_id=generic_4329|fullname=generic_0674|gender=u|specialcase_entity=generic)))
96275	nicht		
96276	deutsch		
96277	gelernt		
96278	,		
96279	um		
96280	jener		
96281	Uhland'schen	11316	(mention_id=11431|references=(entity=(entity_id=entity_0546|fullname=Uhland|gender=m)))
96282	Königstöchter	11317	(mention_id=11432|references=(entity=(entity_id=generic_4330|fullname=generic_0675|gender=u|specialcase_entity=generic)),(entity=(entity_id=entity_0653|fullname=Uhlands Königstöchter|gender=f|specialcase_entity=group)))
96283	,		
96284	um		
96285	jener		
96286	Goethe'schen	11318	(mention_id=11433|references=(entity=(entity_id=entity_0406|fullname=Goethe|gender=m)))
96287	Gretchens	11319	(mention_id=11434|references=(entity=(entity_id=generic_4331|fullname=generic_0676|gender=u|specialcase_entity=generic)),(entity=(entity_id=entity_0649|fullname=Goethes Gretchen|gender=f)))
96288	und		
96289	Klärchens	11320	(mention_id=11435|references=(entity=(entity_id=generic_4332|fullname=generic_0677|gender=u|specialcase_entity=generic)),(entity=(entity_id=entity_0638|fullname=Goethes Clärchen|gender=f)))
96290	willen		
96291	,		
96292	die	11321	(mention_id=11436|references=(entity=(entity_id=generic_4333|fullname=generic_0678|gender=u|specialcase_entity=generic)),(entity=(entity_id=entity_0649|fullname=Goethes Gretchen|gender=f)),(entity=(entity_id=entity_0638|fullname=Goethes Clärchen|gender=f)),(entity=(entity_id=entity_0653|fullname=Uhlands Königstöchter|gender=f|specialcase_entity=group)))
96293	in		
96294	der		
96295	schlichten		
96296	Tiefe		
96297	,		
96298	in		
96299	der		
96300	süßen		
96301	Innigkeit		
96302	,		
96303	in		
96304	der		
96305	duftigsten		
96306	Zartheit		
96307	und		
96308	gewagtesten		
96309	Kraft		
96310	ihrer	11322	(mention_id=11437|references=(entity=(entity_id=generic_4334|fullname=generic_0679|gender=u|specialcase_entity=generic)),(entity=(entity_id=entity_0653|fullname=Uhlands Königstöchter|gender=f|specialcase_entity=group)),(entity=(entity_id=entity_0649|fullname=Goethes Gretchen|gender=f)),(entity=(entity_id=entity_0638|fullname=Goethes Clärchen|gender=f)))
96311	Empfindung		
96312	als		
96313	reizende		
96314	Typen		(mention_id=11438|references=(entity=(entity_id=generic_4335|fullname=generic_0680|gender=u|specialcase_entity=generic)),(entity=(entity_id=entity_0653|fullname=Uhlands Königstöchter|gender=f|specialcase_entity=group)),(entity=(entity_id=entity_0638|fullname=Goethes Clärchen|gender=f)),(entity=(entity_id=entity_0649|fullname=Goethes Gretchen|gender=f)))
96315	des		
96316	Geschlechtes		(mention_id=11439|references=(entity=(entity_id=generic_4336|fullname=generic_0681|gender=u|specialcase_entity=generic)))
96317	,		
96318	ja		
96319	als		
96320	der		
96321	weibliche		
96322	Genius		(mention_id=11440|references=(entity=(entity_id=generic_4337|fullname=generic_0682|gender=u|specialcase_entity=generic)),(entity=(entity_id=entity_0638|fullname=Goethes Clärchen|gender=f)),(entity=(entity_id=entity_0649|fullname=Goethes Gretchen|gender=f)),(entity=(entity_id=entity_0653|fullname=Uhlands Königstöchter|gender=f|specialcase_entity=group)))
96323	überhaupt		
96324	uns	11323	(mention_id=11441|references=(entity=(entity_id=entity_0014|fullname=Cöleste Bennet|gender=f)),(entity=(entity_id=generic_4338|fullname=generic_0683|gender=u|specialcase_entity=generic)))
96325	erschienen		
96326	sind		
96327	?		
96328	Warum		
96329	wollten		
96330	wir	11324	(mention_id=11442|references=(entity=(entity_id=entity_0014|fullname=Cöleste Bennet|gender=f)),(entity=(entity_id=generic_4339|fullname=generic_0684|gender=u|specialcase_entity=generic)))
96331	diese		
96332	Wahrheit		
96333	leugnen		
96334	,		
96335	Mr.	11325	(mention_id=11443|references=(entity=(entity_id=entity_0097|fullname=Howland|gender=m)))
96336	Howland	11325	(mention_id=11443|references=(entity=(entity_id=entity_0097|fullname=Howland|gender=m)))
96337	?		
96338	Der		
96339	leichte		
96340	Seufzer		
96341	,		
96342	womit		
96343	das		
96344	schöne		
96345	Kind	11326	(mention_id=11444|references=(entity=(entity_id=entity_0014|fullname=Cöleste Bennet|gender=f)))
96346	Newyork's	11327	
96347	dieses		
96348	Wort		
96349	begleitete		
96350	,		
96351	schien		
96352	unserm	11328	(mention_id=11445|references=(entity=(entity_id=entity_0007|fullname=Erzählinstanz|gender=u)),(entity=(entity_id=entity_0008|fullname=Leser|gender=u)))
96353	Freunde	11329	(mention_id=11446|references=(entity=(entity_id=entity_0001|fullname=Dr. Moorfeld|gender=m)))
96354	nicht		
96355	ohne		
96356	einen		
96357	Anflug		
96358	graciöser		
96359	Koketterie		
96360	.		
96361	Er	11330	(mention_id=11447|references=(entity=(entity_id=entity_0001|fullname=Dr. Moorfeld|gender=m)))
96362	hätte		
96363	das		
96364	weibliche		
96365	Herz		
96366	sehr		
96367	mißverstanden		
96368	,		
96369	wenn		
96370	er	11331	(mention_id=11448|references=(entity=(entity_id=entity_0001|fullname=Dr. Moorfeld|gender=m)))
96371	diese		
96372	Anerkennung		
96373	nicht		
96374	mit		
96375	einer		
96376	leichten		
96377	Schattirung		
96378	von		
96379	Medisance		
96380	erwiedert		
96381	hätte		
96382	.		
96383	Er	11332	(mention_id=11449|references=(entity=(entity_id=entity_0001|fullname=Dr. Moorfeld|gender=m)))
96384	antwortete		
96385	:		
96386	Sie	11333	(mention_id=11450|references=(entity=(entity_id=entity_0014|fullname=Cöleste Bennet|gender=f)))
96387	überzeugen		
96388	mich	11334	(mention_id=11451|references=(entity=(entity_id=entity_0001|fullname=Dr. Moorfeld|gender=m)))
96389	auf's		
96390	angenehmste		
96391	,		
96392	verehrte		
96393	Miß	11335	(mention_id=11452|references=(entity=(entity_id=entity_0014|fullname=Cöleste Bennet|gender=f)))
96394	,		
96395	daß		
96396	der		
96397	Schönheitsadel		(mention_id=11453|references=(entity=(entity_id=generic_4340|fullname=generic_0685|gender=u|specialcase_entity=generic)))
96398	aller		
96399	Nationen		
96400	mit		
96401	Leichtigkeit		
96402	an		
96403	seinen		(mention_id=11454|references=(entity=(entity_id=generic_4341|fullname=generic_0686|gender=u|specialcase_entity=generic)))
96404	gemeinsamen		
96405	Familienzügen		
96406	sich		(mention_id=11455|references=(entity=(entity_id=generic_4342|fullname=generic_0687|gender=u|specialcase_entity=generic)))
96407	erkennt		
96408	.		
96409	Sie	11336	(mention_id=11456|references=(entity=(entity_id=entity_0014|fullname=Cöleste Bennet|gender=f)))
96410	nennen		
96411	glänzende		
96412	Dichternamen		(mention_id=11457|references=(entity=(entity_id=generic_4343|fullname=generic_0688|gender=u|specialcase_entity=generic)))
96413	als		
96414	Träger		(mention_id=11458|references=(entity=(entity_id=generic_4344|fullname=generic_0689|gender=u|specialcase_entity=generic)))
96415	des		
96416	deutschen		
96417	Frauenruhms		
96418	und		
96419	umgehen		
96420	es		
96421	mit		
96422	Zartsinn		
96423	,		
96424	daß		
96425	nur		
96426	die		
96427	eigene		
96428	Vortrefflichkeit		
96429	das		
96430	Verständniß		
96431	des		
96432	Vortrefflichen		
96433	vermittelt		
96434	,		
96435	und		
96436	daß		
96437	der		
96438	goldenste		
96439	Dichtermund		(mention_id=11459|references=(entity=(entity_id=generic_4345|fullname=generic_0690|gender=u|specialcase_entity=generic)))
96440	ohne		
96441	sympathetische		
96442	Herzen		
96443	so		
96444	stumm		
96445	wäre		
96446	,		
96447	als		
96448	spräche		
96449	er		(mention_id=11460|references=(entity=(entity_id=generic_4346|fullname=generic_0691|gender=u|specialcase_entity=generic)))
96450	in		
96451	einem		
96452	Luftballon		
96453	jenseits		
96454	der		
96455	Grenze		
96456	,		
96457	wo		
96458	die		
96459	Atmosphäre		
96460	den		
96461	Schall		
96462	nicht		
96463	mehr		
96464	fortpflanzt		
96465	.		
96466	Aber		
96467	ich	11337	(mention_id=11461|references=(entity=(entity_id=entity_0001|fullname=Dr. Moorfeld|gender=m)))
96468	muß		
96469	mich	11338	(mention_id=11462|references=(entity=(entity_id=entity_0001|fullname=Dr. Moorfeld|gender=m)))
96470	vertheidigen		
96471	.		
96472	Nicht		
96473	aus		
96474	Widerspruchslust		
96475	,		
96476	sondern		
96477	nur		
96478	,		
96479	damit		
96480	die		
96481	Imputation		
96482	,		
96483	welche		
96484	dieser		
96485	ehrenwerthe		
96486	Gentleman	11339	(mention_id=11463|references=(entity=(entity_id=entity_0097|fullname=Howland|gender=m)))
96487	aussprach		
96488	,		
96489	nicht		
96490	mehr		
96491	Wahrscheinlichkeit		
96492	gewinne		
96493	,		
96494	als		
96495	ihr		
96496	gebührt		
96497	,		
96498	erlaube		
96499	ich	11340	(mention_id=11464|references=(entity=(entity_id=entity_0001|fullname=Dr. Moorfeld|gender=m)))
96500	mir	11341	(mention_id=11465|references=(entity=(entity_id=entity_0001|fullname=Dr. Moorfeld|gender=m)))
96501	doch		
96502	zu		
96503	bemerken		
96504	,		
96505	daß		
96506	der		
96507	deutsche		
96508	Frauencharakter		
96509	weit		
96510	entfernt		
96511	ist		
96512	,		
96513	auf		
96514	der		
96515	Höhe		
96516	jenes		
96517	Abschlusses		
96518	zu		
96519	stehen		
96520	,		
96521	welcher		
96522	den	11342	(mention_id=11466|references=(entity=(entity_id=generic_4347|fullname=generic_0692|gender=u|specialcase_entity=generic)),(entity=(entity_id=entity_0001|fullname=Dr. Moorfeld|gender=m)))
96523	,		
96524	der	11343	(mention_id=11467|references=(entity=(entity_id=generic_4348|fullname=generic_0693|gender=u|specialcase_entity=generic)),(entity=(entity_id=entity_0001|fullname=Dr. Moorfeld|gender=m)))
96525	auch		
96526	anderer		
96527	Länder		
96528	Menschen	11344	(mention_id=11468|references=(entity=(entity_id=generic_4349|fullname=generic_0694|gender=u|specialcase_entity=generic)))
96529	kennen		
96530	lernen		
96531	will		
96532	,		
96533	als		
96534	einen		
96535	Verächter	11345	(mention_id=11469|references=(entity=(entity_id=generic_4350|fullname=generic_0695|gender=u|specialcase_entity=generic)),(entity=(entity_id=entity_0001|fullname=Dr. Moorfeld|gender=m)))
96536	des		
96537	vaterländischen		
96538	Ideals		
96539	erscheinen		
96540	ließe		
96541	.		
96542	Das		
96543	poetische		
96544	Deutschland		
96545	ist		
96546	nicht		
96547	das		
96548	wirkliche		
96549	.		
96550	Die		
96551	Dichter	11346	(mention_id=11470|references=(entity=(entity_id=generic_4351|fullname=generic_0696|gender=u|specialcase_entity=generic)))
96552	sagen		
96553	die		
96554	Wahrheit		
96555	,		
96556	aber		
96557	nicht		
96558	die		
96559	ganze		
96560	Wahrheit		
96561	.		
96562	Der		
96563	schöne		
96564	grüne		
96565	Jungfraunkranz		
96566	könnte		
96567	immer		
96568	noch		
96569	schöner		
96570	und		
96571	grüner		
96572	sein		
96573	.		
96574	Es		
96575	liegt		
96576	viel		
96577	Mehlthau		
96578	darauf		
96579	.		
96580	Empfindung		
96581	ist		
96582	häufig		
96583	Sentimentalität		
96584	,		
96585	d.		
96586	h.		
96587	Empfindung		
96588	ohne		
96589	Gegenstand		
96590	,		
96591	oder		
96592	ohne		
96593	großen		
96594	Gegenstand		
96595	;		
96596	vermeinte		
96597	Sinnigkeit		
96598	bedeutet		
96599	oft		
96600	die		
96601	Abwesenheit		
96602	der		
96603	Sinne		
96604	,		
96605	und		
96606	jene		
96607	kühle		
96608	,		
96609	nur		
96610	deutschen		
96611	Mädchen	11347	(mention_id=11471|references=(entity=(entity_id=generic_4352|fullname=generic_0697|gender=u|specialcase_entity=generic)))
96612	eigenthümliche		
96613	Schwermuth		
96614	,		
96615	welche		
96616	aus		
96617	dem		
96618	dunklen		
96619	Bewußtsein		
96620	geistiger		
96621	Kraftlosigkeit		
96622	kommt		
96623	;		
96624	durch		
96625	den		
96626	Blumenflor		
96627	aller		
96628	weiblichen		
96629	Tugenden		
96630	schleicht		
96631	sich		
96632	die		
96633	Prüderie		
96634	und		
96635	pinselt		
96636	die		
96637	schönsten		
96638	Rosen		
96639	mit		
96640	Zinober		
96641	an		
96642	,		
96643	gleichsam		
96644	um		
96645	mit		
96646	Pferdekraft		
96647	zu		
96648	erröthen		
96649	.		
96650	Es		
96651	ist		
96652	viel		
96653	Schwäch		
96654	liches		
96655	,		
96656	viel		
96657	Abgestandenes		
96658	in		
96659	dem		
96660	blaßblonden		
96661	Geschlechte		(mention_id=11472|references=(entity=(entity_id=generic_4353|fullname=generic_0698|gender=u|specialcase_entity=generic)))
96662	Thusnelda'	11348	(mention_id=11473|references=(entity=(entity_id=entity_0687|fullname=Thusnelda|gender=f)))
96663	s.	11348	(mention_id=11473|references=(entity=(entity_id=entity_0687|fullname=Thusnelda|gender=f)))
96664	Man		
96665	hat		
96666	in		
96667	Deutschland		
96668	,		
96669	oder		
96670	überhaupt		
96671	in		
96672	der		
96673	alten		
96674	Welt		
96675	,		
96676	einen		
96677	Niederschlag		
96678	des		
96679	langen		
96680	geschichtlichen		
96681	Lebens		
96682	,		
96683	welchen		
96684	man		
96685	Philisterei		
96686	nennt		
96687	,		
96688	und		
96689	wovon		
96690	Amerika		
96691	gottlob		
96692	keinen		
96693	Begriff		
96694	hat		
96695	.		
96696	Ich	11349	(mention_id=11474|references=(entity=(entity_id=entity_0001|fullname=Dr. Moorfeld|gender=m)))
96697	bin		
96698	verlegen		
96699	,		
96700	Miß	11350	(mention_id=11475|references=(entity=(entity_id=entity_0014|fullname=Cöleste Bennet|gender=f)))
96701	,		
96702	wie		
96703	ich	11351	(mention_id=11476|references=(entity=(entity_id=entity_0001|fullname=Dr. Moorfeld|gender=m)))
96704	Ihnen	11352	(mention_id=11477|references=(entity=(entity_id=entity_0014|fullname=Cöleste Bennet|gender=f)))
96705	diesen		
96706	Begriff		
96707	definiren		
96708	soll		
96709	,		
96710	denn		
96711	Philisterei		
96712	ist		
96713	nicht		
96714	sowohl		
96715	ein		
96716	Uebel		
96717	,		
96718	als		
96719	vielmehr		
96720	der		
96721	Inbegriff		
96722	aller		
96723	Uebel		
96724	.		
96725	Philisterei		
96726	ist		
96727	Beschränktheit		
96728	des		
96729	Geistes		
96730	und		
96731	Herzens		
96732	.		
96733	Sie		
96734	entsteht		
96735	aus		
96736	der		
96737	Pflege		
96738	des		
96739	Hergebrachten		
96740	,		
96741	aus		
96742	der		
96743	Pflege		
96744	der		
96745	unveränderlichen		
96746	Gewohnheit		
96747	.		
96748	Eine		
96749	solche		
96750	Pflege		
96751	entwickelt		
96752	stark		
96753	den		
96754	Detailsinn		
96755	,		
96756	Detailsinn		
96757	aber		
96758	ist		
96759	nur		
96760	bis		
96761	zu		
96762	einer		
96763	gewissen		
96764	Grenze		
96765	gut		
96766	.		
96767	Innerhalb		
96768	dieser		
96769	Grenze		
96770	macht		
96771	man		(mention_id=11478|references=(entity=(entity_id=generic_4354|fullname=generic_0699|gender=u|specialcase_entity=generic)))
96772	seine		(mention_id=11479|references=(entity=(entity_id=generic_4355|fullname=generic_0700|gender=u|specialcase_entity=generic)))
96773	Sachen		
96774	sauber		
96775	,		
96776	appetitlich		
96777	,		
96778	hat		
96779	viel		
96780	Empfindung		
96781	für's		
96782	Formelle		
96783	,		
96784	einen		
96785	gewissen		
96786	Kunstsinn		
96787	,		
96788	ist		
96789	in		
96790	Freundschaft		
96791	und		
96792	Liebe		
96793	ein		
96794	Bienenkorb		
96795	voll		
96796	fleißiger		
96797	Aufmerksamkeiten		
96798	.		
96799	Innerhalb		
96800	.		
96801	Drüber		
96802	hinaus		
96803	aber		
96804	wird's		
96805	schauerlich		
96806	.		
96807	Da		
96808	hat		
96809	dann		
96810	der		
96811	Sinn		
96812	für's		
96813	Detail		
96814	so		
96815	überhand		
96816	genommen		
96817	,		
96818	daß		
96819	er		
96820	höckerhaft		
96821	auf		
96822	alle		
96823	edleren		
96824	Organe		
96825	drückt		
96826	,		
96827	und		
96828	Herz		
96829	,		
96830	Phantasie		
96831	,		
96832	Enthusiasmus		
96833	,		
96834	rasche		
96835	Entschlüsse		
96836	,		
96837	kühne		
96838	Ideen		
96839	,		
96840	feurige		
96841	Hingebungen		
96842	,		
96843	das		
96844	Alles		
96845	muß		
96846	elend		
96847	zu		
96848	Grunde		
96849	gehen		
96850	.		
96851	Detailsinn		
96852	verschlingt		
96853	in		
96854	seiner		
96855	Ueber-		
96856	und		
96857	Mißbildung		
96858	den		
96859	ganzen		
96860	Menschen	11353	(mention_id=11480|references=(entity=(entity_id=generic_4356|fullname=generic_0701|gender=u|specialcase_entity=generic)))
96861	,		
96862	der		
96863	Mensch	11354	(mention_id=11481|references=(entity=(entity_id=generic_4357|fullname=generic_0702|gender=u|specialcase_entity=generic)))
96864	wird		
96865	kleinlich		
96866	.		
96867	Diese		
96868	Kleinlichkeit		
96869	ist		
96870	es		
96871	,		
96872	welche		
96873	Philisterei		
96874	heißt		
96875	.		
96876	Und		
96877	ich	11355	(mention_id=11482|references=(entity=(entity_id=entity_0001|fullname=Dr. Moorfeld|gender=m)))
96878	bin		
96879	leider		
96880	das		
96881	Geständniß		
96882	schuldig		
96883	:		
96884	Philister	11356	(mention_id=11483|references=(entity=(entity_id=generic_4358|fullname=generic_0703|gender=u|specialcase_entity=generic)))
96885	und		
96886	Philisterinnen	11357	(mention_id=11484|references=(entity=(entity_id=generic_4359|fullname=generic_0704|gender=u|specialcase_entity=generic)))
96887	sind		
96888	im		
96889	Hause		
96890	der		
96891	heiligen		
96892	Germania	11358	
96893	ein		
96894	sehr		
96895	zahlreiches		
96896	Genre		(mention_id=11485|references=(entity=(entity_id=generic_4360|fullname=generic_0705|gender=u|specialcase_entity=generic)))
96897	.		
96898	Cöleste	11359	(mention_id=11486|references=(entity=(entity_id=entity_0014|fullname=Cöleste Bennet|gender=f)))
96899	trat		
96900	,		
96901	wie		
96902	verwundert		
96903	,		
96904	einen		
96905	Schritt		
96906	zurück		
96907	.		
96908	Es		
96909	war		
96910	aber		
96911	nur		
96912	eine		
96913	Bewegung		
96914	gegen		
96915	den		
96916	Winkel		
96917	.		
96918	Moorfeld's	11360	(mention_id=11487|references=(entity=(entity_id=entity_0001|fullname=Dr. Moorfeld|gender=m)))
96919	Entgegnung		
96920	war		
96921	aufgenommen		
96922	,		
96923	wie		
96924	er	11361	(mention_id=11488|references=(entity=(entity_id=entity_0001|fullname=Dr. Moorfeld|gender=m)))
96925	ahnte		
96926	.		
96927	Er	11362	(mention_id=11489|references=(entity=(entity_id=entity_0001|fullname=Dr. Moorfeld|gender=m)))
96928	fuhr		
96929	fort		
96930	:		
96931	Sie	11363	(mention_id=11490|references=(entity=(entity_id=entity_0014|fullname=Cöleste Bennet|gender=f)))
96932	selbst		
96933	nannten		
96934	zuvor		
96935	Clärchen	11364	(mention_id=11491|references=(entity=(entity_id=entity_0638|fullname=Goethes Clärchen|gender=f)))
96936	,		
96937	verehrteste		
96938	Miß	11365	(mention_id=11492|references=(entity=(entity_id=entity_0014|fullname=Cöleste Bennet|gender=f)))
96939	.		
96940	Aber		
96941	die		
96942	Spuren		
96943	der		
96944	Philisterin	11366	(mention_id=11493|references=(entity=(entity_id=entity_0638|fullname=Goethes Clärchen|gender=f)))
96945	entdecken		
96946	wir	11367	(mention_id=11494|references=(entity=(entity_id=entity_0001|fullname=Dr. Moorfeld|gender=m)),(entity=(entity_id=entity_0014|fullname=Cöleste Bennet|gender=f)),(entity=(entity_id=generic_4361|fullname=generic_0706|gender=u|specialcase_entity=generic)))
96947	auch		
96948	in		
96949	ihr	11368	(mention_id=11495|references=(entity=(entity_id=entity_0638|fullname=Goethes Clärchen|gender=f)))
96950	.		
96951	Wie		
96952	sie	11369	(mention_id=11496|references=(entity=(entity_id=entity_0638|fullname=Goethes Clärchen|gender=f)))
96953	ihren	11370	(mention_id=11497|references=(entity=(entity_id=entity_0638|fullname=Goethes Clärchen|gender=f)))
96954	aufgeputzten		
96955	Helden	11371	(mention_id=11498|references=(entity=(entity_id=entity_0645|fullname=Egmont|gender=m)))
96956	abtätschelt		
96957	,		
96958	seinen	11372	(mention_id=11499|references=(entity=(entity_id=entity_0645|fullname=Egmont|gender=m)))
96959	Sammt		
96960	und		
96961	seine	11373	(mention_id=11500|references=(entity=(entity_id=entity_0645|fullname=Egmont|gender=m)))
96962	Ordenskette		
96963	anstaunt		
96964	,		
96965	das		
96966	hat		
96967	mir	11374	(mention_id=11501|references=(entity=(entity_id=entity_0001|fullname=Dr. Moorfeld|gender=m)))
96968	nie		
96969	gefallen		
96970	.		
96971	Das		
96972	ist		
96973	philisterhaft		
96974	.		
96975	Das		
96976	Mädchen	11375	(mention_id=11502|references=(entity=(entity_id=entity_0638|fullname=Goethes Clärchen|gender=f)))
96977	,		
96978	das	11376	(mention_id=11503|references=(entity=(entity_id=entity_0638|fullname=Goethes Clärchen|gender=f)))
96979	ein		
96980	Bube	11377	(mention_id=11504|references=(entity=(entity_id=entity_0638|fullname=Goethes Clärchen|gender=f)))
96981	sein		
96982	will		
96983	,		
96984	um		
96985	ihrem	11378	(mention_id=11505|references=(entity=(entity_id=entity_0638|fullname=Goethes Clärchen|gender=f)))
96986	Auserwählten	11379	(mention_id=11506|references=(entity=(entity_id=entity_0645|fullname=Egmont|gender=m)))
96987	die		
96988	Fahne		
96989	vorzutragen		
96990	,		
96991	mußte		
96992	ihn	11380	(mention_id=11507|references=(entity=(entity_id=entity_0645|fullname=Egmont|gender=m)))
96993	überhaupt		
96994	nicht		
96995	als		
96996	Ritter	11381	(mention_id=11508|references=(entity=(entity_id=entity_0645|fullname=Egmont|gender=m)))
96997	vom		
96998	goldenen		
96999	Vließ		
97000	,		
97001	sie	11382	(mention_id=11509|references=(entity=(entity_id=entity_0638|fullname=Goethes Clärchen|gender=f)))
97002	mußte		
97003	ihn	11383	(mention_id=11510|references=(entity=(entity_id=entity_0645|fullname=Egmont|gender=m)))
97004	im		
97005	Reitercollet		
97006	sehen		
97007	wollen		
97008	,		
97009	das		
97010	er	11384	(mention_id=11511|references=(entity=(entity_id=entity_0645|fullname=Egmont|gender=m)))
97011	in		
97012	der		
97013	Schlacht		
97014	von		
97015	Gravelingen		
97016	trug		
97017	.		
97018	So		
97019	gefällst		
97020	du	11385	(mention_id=11512|references=(entity=(entity_id=entity_0645|fullname=Egmont|gender=m)))
97021	mir	11386	(mention_id=11513|references=(entity=(entity_id=entity_0638|fullname=Goethes Clärchen|gender=f)))
97022	am		
97023	besten		
97024	!		
97025	Aber		
97026	solche		
97027	Züge		
97028	zeichnen		
97029	den		
97030	Charakter		
97031	der		
97032	deutschen		
97033	Mädchen	11387	(mention_id=11514|references=(entity=(entity_id=generic_4362|fullname=generic_0707|gender=u|specialcase_entity=generic)))
97034	.		
97035	Nur		
97036	daß		
97037	sie	11388	(mention_id=11515|references=(entity=(entity_id=generic_4363|fullname=generic_0708|gender=u|specialcase_entity=generic)))
97038	nicht		
97039	die		
97040	Brüsseler		
97041	Bürger	11389	(mention_id=11516|references=(entity=(entity_id=entity_0674|fullname=Brüsseler Bürger|gender=u|specialcase_entity=group)))
97042	haranguiren		
97043	und		
97044	Gift		
97045	nehmen		
97046	,		
97047	sondern		
97048	zu		
97049	Hause		
97050	ihre	11390	(mention_id=11517|references=(entity=(entity_id=generic_4364|fullname=generic_0709|gender=u|specialcase_entity=generic)))
97051	vier		
97052	Wände		
97053	haranguiren		
97054	und		
97055	den		
97056	Brakenburg		
97057	nehmen		
97058	.		
97059	Clärchens	11391	(mention_id=11518|references=(entity=(entity_id=entity_0638|fullname=Goethes Clärchen|gender=f)))
97060	Entzücken		
97061	über		
97062	das		
97063	goldene		
97064	Vließ		
97065	scheint		
97066	mir	11392	(mention_id=11519|references=(entity=(entity_id=entity_0014|fullname=Cöleste Bennet|gender=f)))
97067	so		
97068	schlimm		
97069	nicht		
97070	,		
97071	sagte		
97072	Cöleste	11393	(mention_id=11520|references=(entity=(entity_id=entity_0014|fullname=Cöleste Bennet|gender=f)))
97073	,		
97074	indem		
97075	sie	11394	(mention_id=11521|references=(entity=(entity_id=entity_0014|fullname=Cöleste Bennet|gender=f)))
97076	mit		
97077	einiger		
97078	Verlegenheit		
97079	die		
97080	Augen		
97081	niederschlug		
97082	.		
97083	Wir	11395	(mention_id=11522|references=(entity=(entity_id=entity_0014|fullname=Cöleste Bennet|gender=f)),(entity=(entity_id=entity_0001|fullname=Dr. Moorfeld|gender=m)))
97084	erinnern		
97085	uns	11396	(mention_id=11523|references=(entity=(entity_id=entity_0014|fullname=Cöleste Bennet|gender=f)),(entity=(entity_id=entity_0001|fullname=Dr. Moorfeld|gender=m)))
97086	,		
97087	daß		
97088	sie	11397	(mention_id=11524|references=(entity=(entity_id=entity_0638|fullname=Goethes Clärchen|gender=f)))
97089	selbst		
97090	,		
97091	nach		
97092	den		
97093	Worten		
97094	ihres	11398	(mention_id=11525|references=(entity=(entity_id=entity_0638|fullname=Goethes Clärchen|gender=f)))
97095	Vaters	11399	(mention_id=11526|references=(entity=(entity_id=entity_0689|fullname=Vater von Clärchen|gender=m)))
97096	,		
97097	in		
97098	einem		
97099	„		
97100	Babel		
97101	von		
97102	Bagatell's		
97103	“		
97104	lebte		
97105	.		
97106	Schlimm		
97107	!		
97108	antwortete		
97109	Moorfeld	11400	(mention_id=11527|references=(entity=(entity_id=entity_0001|fullname=Dr. Moorfeld|gender=m)))
97110	,		
97111	was		
97112	könnte		
97113	das		
97114	köstliche		
97115	Mädchen	11401	(mention_id=11528|references=(entity=(entity_id=entity_0638|fullname=Goethes Clärchen|gender=f)))
97116	schlimm		
97117	kleiden		
97118	?		
97119	Ihre	11402	(mention_id=11529|references=(entity=(entity_id=entity_0638|fullname=Goethes Clärchen|gender=f)))
97120	weibliche		
97121	Größe		
97122	macht		
97123	vielmehr		
97124	diesen		
97125	Contrast		
97126	des		
97127	Minütiösen		
97128	nothwendig		
97129	.		
97130	Schlimm		
97131	wird		
97132	das		
97133	Kleinliche		
97134	erst		
97135	,		
97136	wenn		
97137	die		
97138	Größe		
97139	dazu		
97140	fehlt		
97141	,		
97142	oder		
97143	noch		
97144	besser		
97145	,		
97146	wenn		
97147	das		
97148	Kleinliche		
97149	selbst		
97150	wieder		
97151	zu		
97152	einer		
97153	Art		
97154	Ungeheuerlichkeit		
97155	ausartet		
97156	.		
97157	Schlimm		
97158	war		
97159	gewiß		
97160	jene		
97161	Herzogin	11403	(mention_id=11530|references=(entity=(entity_id=entity_0640|fullname=Herzogin von Buckingham|gender=f)))
97162	von	11403	(mention_id=11530|references=(entity=(entity_id=entity_0640|fullname=Herzogin von Buckingham|gender=f)))
97163	Buckingham	11403	(mention_id=11530|references=(entity=(entity_id=entity_0640|fullname=Herzogin von Buckingham|gender=f)))
97164	.		
97165	Der		
97166	Herzog	11404	(mention_id=11531|references=(entity=(entity_id=entity_0646|fullname=Herzog von Buckingham|gender=m)))
97167	,		
97168	ihr	11405	(mention_id=11532|references=(entity=(entity_id=entity_0640|fullname=Herzogin von Buckingham|gender=f)))
97169	Gemahl	11406	(mention_id=11533|references=(entity=(entity_id=entity_0646|fullname=Herzog von Buckingham|gender=m)))
97170	,		
97171	hatte		
97172	in		
97173	einem		
97174	der		
97175	Bürgerkriege		
97176	Englands		
97177	das		
97178	politische		
97179	Verbrechen		
97180	begangen		
97181	,		
97182	sich	11407	(mention_id=11534|references=(entity=(entity_id=entity_0646|fullname=Herzog von Buckingham|gender=m)))
97183	besiegen		
97184	zu		
97185	lassen		
97186	und		
97187	wurde		
97188	zum		
97189	Tode		
97190	verurtheilt		
97191	.		
97192	Er	11408	(mention_id=11535|references=(entity=(entity_id=entity_0646|fullname=Herzog von Buckingham|gender=m)))
97193	bestieg		
97194	das		
97195	Schaffot		
97196	.		
97197	Schon		
97198	schwang		
97199	der		
97200	Nachrichter	11409	(mention_id=11536|references=(entity=(entity_id=entity_0662|fullname=Nachrichter|gender=m)))
97201	das		
97202	Schwert		
97203	über		
97204	sein	11410	(mention_id=11537|references=(entity=(entity_id=entity_0640|fullname=Herzogin von Buckingham|gender=f)))
97205	Haupt		
97206	,		
97207	da		
97208	erscheint		
97209	ein		
97210	Bote	11411	(mention_id=11538|references=(entity=(entity_id=entity_0671|fullname=Bote|gender=m)))
97211	von		
97212	Mylady	11412	(mention_id=11539|references=(entity=(entity_id=entity_0640|fullname=Herzogin von Buckingham|gender=f)))
97213	.		
97214	Mylady	11413	(mention_id=11540|references=(entity=(entity_id=entity_0640|fullname=Herzogin von Buckingham|gender=f)))
97215	läßt		
97216	ihrem	11414	(mention_id=11541|references=(entity=(entity_id=entity_0640|fullname=Herzogin von Buckingham|gender=f)))
97217	Manne	11415	(mention_id=11542|references=(entity=(entity_id=entity_0646|fullname=Herzog von Buckingham|gender=m)))
97218	sagen		
97219	—		
97220	es		
97221	wäre		
97222	doch		
97223	schade		
97224	,		
97225	wenn		
97226	seine	11416	(mention_id=11543|references=(entity=(entity_id=entity_0646|fullname=Herzog von Buckingham|gender=m)))
97227	diamantenen		
97228	Hemdknöpfchen		
97229	ein		
97230	Erbe		
97231	des		
97232	Henkers	11417	(mention_id=11544|references=(entity=(entity_id=entity_0662|fullname=Nachrichter|gender=m)))
97233	würden		
97234	;		
97235	er	11418	(mention_id=11545|references=(entity=(entity_id=entity_0646|fullname=Herzog von Buckingham|gender=m)))
97236	möge		
97237	nicht		
97238	vergessen		
97239	,		
97240	sie		
97241	im		
97242	letzten		
97243	Augenblicke		
97244	abzulösen		
97245	und		
97246	umgehend		
97247	zurückzuschicken		
97248	.		
97249	Welch		
97250	ein		
97251	Rabencharakter		
97252	!		
97253	rief		
97254	Cöleste	11419	(mention_id=11546|references=(entity=(entity_id=entity_0014|fullname=Cöleste Bennet|gender=f)))
97255	.		
97256	Und		
97257	doch		
97258	war		
97259	das		
97260	gute		
97261	Weib	11420	(mention_id=11547|references=(entity=(entity_id=entity_0640|fullname=Herzogin von Buckingham|gender=f)))
97262	,		
97263	fuhr		
97264	Moorfeld	11421	(mention_id=11548|references=(entity=(entity_id=entity_0001|fullname=Dr. Moorfeld|gender=m)))
97265	fort		
97266	,		
97267	vielleicht		
97268	kein		
97269	Monstrum		
97270	von		
97271	Herzlosigkeit		
97272	,		
97273	sondern		
97274	nur		
97275	von		
97276	Kleinlichkeit		
97277	.		
97278	Sie	11422	(mention_id=11549|references=(entity=(entity_id=entity_0640|fullname=Herzogin von Buckingham|gender=f)))
97279	war		
97280	gewohnt		
97281	,		
97282	ihre	11423	(mention_id=11550|references=(entity=(entity_id=entity_0640|fullname=Herzogin von Buckingham|gender=f)))
97283	Sachen		
97284	in		
97285	Ordnung		
97286	zu		
97287	halten		
97288	.		
97289	Sie	11424	(mention_id=11551|references=(entity=(entity_id=entity_0640|fullname=Herzogin von Buckingham|gender=f)))
97290	war		
97291	ein		
97292	Krüppel	11425	(mention_id=11552|references=(entity=(entity_id=entity_0640|fullname=Herzogin von Buckingham|gender=f)|specialcase_reference=figurative))
97293	des		
97294	Detailsinns		
97295	.		
97296	Sie	11426	(mention_id=11553|references=(entity=(entity_id=entity_0640|fullname=Herzogin von Buckingham|gender=f)))
97297	war		
97298	eine		
97299	Philisterin	11427	(mention_id=11554|references=(entity=(entity_id=entity_0640|fullname=Herzogin von Buckingham|gender=f)))
97300	.		
97301	Cöleste	11428	(mention_id=11555|references=(entity=(entity_id=entity_0014|fullname=Cöleste Bennet|gender=f)))
97302	blickte		
97303	nachdenklich		
97304	,		
97305	fast		
97306	in		
97307	sich	11429	(mention_id=11556|references=(entity=(entity_id=entity_0014|fullname=Cöleste Bennet|gender=f)))
97308	gekehrt		
97309	.		
97310	Sie	11430	(mention_id=11557|references=(entity=(entity_id=entity_0014|fullname=Cöleste Bennet|gender=f)))
97311	sah		
97312	ihre	11431	(mention_id=11558|references=(entity=(entity_id=entity_0014|fullname=Cöleste Bennet|gender=f)))
97313	Vorliebe		
97314	für		
97315	Bijouterientand		
97316	offenbar		
97317	in		
97318	einem		
97319	neuen		
97320	Lichte		
97321	;		
97322	sie	11432	(mention_id=11559|references=(entity=(entity_id=entity_0014|fullname=Cöleste Bennet|gender=f)))
97323	war		
97324	in		
97325	diesem		
97326	Augenblicke		
97327	zum		
97328	erstenmale		
97329	über		
97330	die		
97331	harmlose		
97332	Mädchenliebhaberei		
97333	zur		
97334	Reflexion		
97335	gebracht		
97336	.		
97337	Mr.	11433	(mention_id=11560|references=(entity=(entity_id=entity_0097|fullname=Howland|gender=m)))
97338	Howland	11433	(mention_id=11560|references=(entity=(entity_id=entity_0097|fullname=Howland|gender=m)))
97339	,		
97340	dem	11434	(mention_id=11561|references=(entity=(entity_id=entity_0097|fullname=Howland|gender=m)))
97341	der		
97342	häusliche		
97343	Charakter		
97344	des		
97345	jungen		
97346	Mädchens	11435	(mention_id=11562|references=(entity=(entity_id=entity_0014|fullname=Cöleste Bennet|gender=f)))
97347	natürlich		
97348	bekannter		
97349	war		
97350	,		
97351	als		
97352	unserm	11436	(mention_id=11563|references=(entity=(entity_id=entity_0007|fullname=Erzählinstanz|gender=u)),(entity=(entity_id=entity_0008|fullname=Leser|gender=u)))
97353	Fremden	11437	(mention_id=11564|references=(entity=(entity_id=entity_0001|fullname=Dr. Moorfeld|gender=m)))
97354	,		
97355	der	11438	(mention_id=11565|references=(entity=(entity_id=entity_0001|fullname=Dr. Moorfeld|gender=m)))
97356	nur		
97357	in		
97358	flüchtiger		
97359	Conversation		
97360	davon		
97361	gehört		
97362	,		
97363	wußte		
97364	diesem		
97365	Anflug		
97366	von		
97367	Bestürzung		
97368	auch		
97369	besser		
97370	auf		
97371	den		
97372	Grund		
97373	zu		
97374	blicken		
97375	,		
97376	und		
97377	glaubte		
97378	davon		
97379	gewinnen		
97380	zu		
97381	können		
97382	.		
97383	Jetzt		
97384	,		
97385	dachte		
97386	er	11439	(mention_id=11566|references=(entity=(entity_id=entity_0097|fullname=Howland|gender=m)))
97387	,		
97388	sei		
97389	der		
97390	Augenblick		
97391	gekommen		
97392	,		
97393	den		
97394	lästigen		
97395	Gast	11440	(mention_id=11567|references=(entity=(entity_id=entity_0001|fullname=Dr. Moorfeld|gender=m)))
97396	aus		
97397	dem		
97398	Felde		
97399	zu		
97400	schlagen		
97401	.		
97402	Er	11441	(mention_id=11568|references=(entity=(entity_id=entity_0097|fullname=Howland|gender=m)))
97403	ergriff		
97404	die		
97405	Gelegenheit		
97406	,		
97407	sich	11442	(mention_id=11569|references=(entity=(entity_id=entity_0097|fullname=Howland|gender=m)))
97408	um		
97409	das		
97410	beunruhigte		
97411	Kind	11443	(mention_id=11570|references=(entity=(entity_id=entity_0014|fullname=Cöleste Bennet|gender=f)))
97412	verdient		
97413	zu		
97414	machen		
97415	und		
97416	die		
97417	Ausfälle		
97418	auf		
97419	den		
97420	Nebenbuhler	11444	(mention_id=11571|references=(entity=(entity_id=entity_0001|fullname=Dr. Moorfeld|gender=m)))
97421	zu		
97422	erneuern		
97423	.		
97424	Mit		
97425	einer		
97426	Siegesgewißheit		
97427	,		
97428	die		
97429	bereits		
97430	Schadenfreude		
97431	selbst		
97432	war		
97433	,		
97434	nahm		
97435	er	11445	(mention_id=11572|references=(entity=(entity_id=entity_0097|fullname=Howland|gender=m)))
97436	das		
97437	Wort		
97438	:		
97439	Ihr	11446	(mention_id=11573|references=(entity=(entity_id=entity_0001|fullname=Dr. Moorfeld|gender=m)))
97440	Urtheil		
97441	drückt		
97442	auf		
97443	das		
97444	zarte		
97445	und		
97446	leicht		
97447	verletzliche		
97448	Geschlecht	11447	(mention_id=11574|references=(entity=(entity_id=generic_4365|fullname=generic_0710|gender=u|specialcase_entity=generic)))
97449	mit		
97450	einer		
97451	Last		
97452	,		
97453	sagte		
97454	er	11448	(mention_id=11575|references=(entity=(entity_id=entity_0097|fullname=Howland|gender=m)))
97455	zu		
97456	Moorfeld	11449	(mention_id=11576|references=(entity=(entity_id=entity_0001|fullname=Dr. Moorfeld|gender=m)))
97457	gewendet		
97458	,		
97459	die		
97460	ich	11450	(mention_id=11577|references=(entity=(entity_id=entity_0097|fullname=Howland|gender=m)))
97461	fast		
97462	grausam		
97463	nennen		
97464	möchte		
97465	.		
97466	Sie	11451	(mention_id=11578|references=(entity=(entity_id=entity_0001|fullname=Dr. Moorfeld|gender=m)))
97467	verbinden		
97468	,		
97469	Sie	11452	(mention_id=11579|references=(entity=(entity_id=entity_0001|fullname=Dr. Moorfeld|gender=m)))
97470	ziehen		
97471	Schlüsse		
97472	,		
97473	Sie	11453	(mention_id=11580|references=(entity=(entity_id=entity_0001|fullname=Dr. Moorfeld|gender=m)))
97474	combiniren		
97475	Charakterzüge		
97476	der		
97477	unschuldigsten		
97478	und		
97479	gravirendsten		
97480	Art		
97481	mit		
97482	einer		
97483	so		
97484	drakonischen		
97485	Logik		
97486	,		
97487	daß		
97488	Sie	11454	(mention_id=11581|references=(entity=(entity_id=entity_0001|fullname=Dr. Moorfeld|gender=m)))
97489	den		
97490	Charakter		
97491	des		
97492	Weiblichen		
97493	eigentlich		
97494	aufheben		
97495	zu		
97496	wollen		
97497	scheinen		
97498	.		
97499	Wenigstens		
97500	sehe		
97501	ich	11455	(mention_id=11582|references=(entity=(entity_id=entity_0097|fullname=Howland|gender=m)))
97502	nicht		
97503	,		
97504	wie		
97505	vor		
97506	der		
97507	Methode		
97508	Ihres	11456	(mention_id=11583|references=(entity=(entity_id=entity_0001|fullname=Dr. Moorfeld|gender=m)))
97509	Urtheilens		
97510	zwischen		
97511	dem		
97512	Liebenswürdigen		
97513	und		
97514	dem		
97515	Abscheulichen		
97516	noch		
97517	eine		
97518	Unterscheidung		
97519	bestehen		
97520	soll		
97521	,		
97522	wenn		
97523	die		
97524	leichteste		
97525	Nüance		
97526	eine		
97527	Art		
97528	Hängebrücke		
97529	abgibt		
97530	,		
97531	auf		
97532	welcher		
97533	der		
97534	kecke		
97535	Fuß		
97536	des		
97537	Consequenz-Kundigen		(mention_id=11584|references=(entity=(entity_id=generic_4366|fullname=generic_0711|gender=u|specialcase_entity=generic)))
97538	schwindelfrei		
97539	hin		
97540	und		
97541	wieder		
97542	hüpft		
97543	.		
97544	Was		
97545	Sie	11457	(mention_id=11585|references=(entity=(entity_id=entity_0001|fullname=Dr. Moorfeld|gender=m)))
97546	Detailsinn		
97547	oder		
97548	Sinn		
97549	des		
97550	Kleinlichen		
97551	nennen		
97552	,		
97553	wurde		
97554	mir	11458	(mention_id=11586|references=(entity=(entity_id=entity_0097|fullname=Howland|gender=m)))
97555	übrigens		
97556	dankenswerth		
97557	klar		
97558	in		
97559	Ihrer	11459	(mention_id=11587|references=(entity=(entity_id=entity_0001|fullname=Dr. Moorfeld|gender=m)))
97560	Ausführung		
97561	;		
97562	so		
97563	klar		
97564	,		
97565	daß		
97566	mir	11460	(mention_id=11588|references=(entity=(entity_id=entity_0097|fullname=Howland|gender=m)))
97567	zu		
97568	Muthe		
97569	war		
97570	,		
97571	ich	11461	(mention_id=11589|references=(entity=(entity_id=entity_0097|fullname=Howland|gender=m)))
97572	sähe		
97573	diesen		
97574	minütiösen		
97575	Sinn		
97576	gleichsam		
97577	vor		
97578	meinen	11462	(mention_id=11590|references=(entity=(entity_id=entity_0097|fullname=Howland|gender=m)))
97579	Augen		
97580	stehen		
97581	.		
97582	Und		
97583	nicht		
97584	nur		
97585	jenem		
97586	Geschlechte	11463	
97587	—		
97588	Mr.	11464	(mention_id=11591|references=(entity=(entity_id=entity_0097|fullname=Howland|gender=m)))
97589	Howland	11464	(mention_id=11591|references=(entity=(entity_id=entity_0097|fullname=Howland|gender=m)))
97590	dachte		
97591	nicht		
97592	anders		
97593	,		
97594	als		
97595	er	11465	(mention_id=11592|references=(entity=(entity_id=entity_0097|fullname=Howland|gender=m)))
97596	würde		
97597	die		
97598	Dame	11466	(mention_id=11593|references=(entity=(entity_id=entity_0014|fullname=Cöleste Bennet|gender=f)))
97599	des		
97600	Winkels		
97601	mit		
97602	diesem		
97603	Plaidoyer	11467	
97604	der		
97605	classischen		
97606	Ecke		
97607	anzunähern		
97608	im		
97609	Stande		
97610	sein		
97611	.		
97612	Nur		
97613	ein		
97614	Schritt		
97615	war		
97616	noch		
97617	zu		
97618	thun		
97619	.		
97620	Aber		
97621	Cöleste	11468	(mention_id=11594|references=(entity=(entity_id=entity_0014|fullname=Cöleste Bennet|gender=f)))
97622	gewährte		
97623	ihm	11469	(mention_id=11595|references=(entity=(entity_id=entity_0097|fullname=Howland|gender=m)))
97624	diesen		
97625	Schritt		
97626	nicht		
97627	.		
97628	Sie	11470	(mention_id=11596|references=(entity=(entity_id=entity_0014|fullname=Cöleste Bennet|gender=f)))
97629	stand		
97630	vielmehr		
97631	und		
97632	erwartete		
97633	mit		
97634	unverhohlener		
97635	Spannung		
97636	Moorfeld's	11471	(mention_id=11597|references=(entity=(entity_id=entity_0001|fullname=Dr. Moorfeld|gender=m)))
97637	Antwort		
97638	.		
97639	Moorfeld	11472	(mention_id=11598|references=(entity=(entity_id=entity_0001|fullname=Dr. Moorfeld|gender=m)))
97640	unterbrach		
97641	seinen	11473	(mention_id=11599|references=(entity=(entity_id=entity_0001|fullname=Dr. Moorfeld|gender=m)))
97642	Gegner	11474	(mention_id=11600|references=(entity=(entity_id=entity_0097|fullname=Howland|gender=m)))
97643	in		
97644	dem		
97645	Augenblicke		
97646	,		
97647	als		
97648	jener	11475	(mention_id=11601|references=(entity=(entity_id=entity_0097|fullname=Howland|gender=m)))
97649	eine		
97650	directe		
97651	Injurie		
97652	ausgesprochen		
97653	hatte		
97654	und		
97655	noch		
97656	fortzuführen		
97657	im		
97658	Begriffe		
97659	war		
97660	.		
97661	Er	11476	(mention_id=11602|references=(entity=(entity_id=entity_0001|fullname=Dr. Moorfeld|gender=m)))
97662	unterbrach		
97663	ihn	11477	(mention_id=11603|references=(entity=(entity_id=entity_0097|fullname=Howland|gender=m)))
97664	im		
97665	Tone		
97666	eines		
97667	ruhigen		
97668	,		
97669	obgleich		
97670	ernsten		
97671	Verweises		
97672	.		
97673	Halten		
97674	Sie	11478	(mention_id=11604|references=(entity=(entity_id=entity_0097|fullname=Howland|gender=m)))
97675	ein		
97676	,		
97677	mein	11479	(mention_id=11605|references=(entity=(entity_id=entity_0001|fullname=Dr. Moorfeld|gender=m)))
97678	Herr	11480	(mention_id=11606|references=(entity=(entity_id=entity_0097|fullname=Howland|gender=m)))
97679	,		
97680	sagte		
97681	er	11481	(mention_id=11607|references=(entity=(entity_id=entity_0001|fullname=Dr. Moorfeld|gender=m)))
97682	.		
97683	Wenn		
97684	Sie	11482	(mention_id=11608|references=(entity=(entity_id=entity_0097|fullname=Howland|gender=m)))
97685	für		
97686	Frauen	11483	(mention_id=11609|references=(entity=(entity_id=generic_4367|fullname=generic_0712|gender=u|specialcase_entity=generic)))
97687	sprechen		
97688	,		
97689	so		
97690	engagiren		
97691	Sie	11484	(mention_id=11610|references=(entity=(entity_id=entity_0097|fullname=Howland|gender=m)))
97692	Ihr	11485	(mention_id=11611|references=(entity=(entity_id=entity_0097|fullname=Howland|gender=m)))
97693	Gespräch		
97694	so		
97695	,		
97696	daß		
97697	Sie	11486	(mention_id=11612|references=(entity=(entity_id=entity_0097|fullname=Howland|gender=m)))
97698	Frauen	11487	(mention_id=11613|references=(entity=(entity_id=generic_4368|fullname=generic_0713|gender=u|specialcase_entity=generic)))
97699	nicht		
97700	erschrecken		
97701	.		
97702	Sie	11488	(mention_id=11614|references=(entity=(entity_id=entity_0097|fullname=Howland|gender=m)))
97703	haben		
97704	herausfordernd		
97705	gesprochen		
97706	und		
97707	wollte		
97708	ich	11489	(mention_id=11615|references=(entity=(entity_id=entity_0001|fullname=Dr. Moorfeld|gender=m)))
97709	herausfordernd		
97710	antworten		
97711	,		
97712	so		
97713	würden		
97714	wir	11490	(mention_id=11616|references=(entity=(entity_id=entity_0001|fullname=Dr. Moorfeld|gender=m)),(entity=(entity_id=entity_0097|fullname=Howland|gender=m)))
97715	eine		
97716	Dame	11491	(mention_id=11617|references=(entity=(entity_id=entity_0014|fullname=Cöleste Bennet|gender=f)))
97717	verscheuchen		
97718	,		
97719	die	11492	(mention_id=11618|references=(entity=(entity_id=entity_0014|fullname=Cöleste Bennet|gender=f)))
97720	wir	11493	(mention_id=11619|references=(entity=(entity_id=entity_0001|fullname=Dr. Moorfeld|gender=m)),(entity=(entity_id=entity_0097|fullname=Howland|gender=m)))
97721	zu		
97722	fesseln		
97723	wünschen		
97724	.		
97725	Also		
97726	nichts		
97727	mehr		
97728	von		
97729	diesem		
97730	Genre		
97731	,		
97732	wenn		
97733	ich	11494	(mention_id=11620|references=(entity=(entity_id=entity_0001|fullname=Dr. Moorfeld|gender=m)))
97734	bitten		
97735	darf		
97736	.		
97737	Und		
97738	mehr		
97739	gegen		
97740	Cöleste	11495	(mention_id=11621|references=(entity=(entity_id=entity_0014|fullname=Cöleste Bennet|gender=f)))
97741	gewendet		
97742	,		
97743	fuhr		
97744	er	11496	(mention_id=11622|references=(entity=(entity_id=entity_0001|fullname=Dr. Moorfeld|gender=m)))
97745	fort		
97746	:		
97747	Es		
97748	ist		
97749	wahr		
97750	,		
97751	ich	11497	(mention_id=11623|references=(entity=(entity_id=entity_0001|fullname=Dr. Moorfeld|gender=m)))
97752	schließe		
97753	von		
97754	kleinen		
97755	Zügen		
97756	oft		
97757	auf		
97758	den		
97759	ganzen		
97760	Charakter		
97761	.		
97762	Diese		
97763	Mikrologie		
97764	mag		
97765	ihr		
97766	Grausames		
97767	haben		
97768	,		
97769	wenn		
97770	der		
97771	Schluß		
97772	ungünstig		
97773	ausfällt		
97774	.		
97775	Ich	11498	(mention_id=11624|references=(entity=(entity_id=entity_0001|fullname=Dr. Moorfeld|gender=m)))
97776	gebe		
97777	das		
97778	zu		
97779	.		
97780	Ich	11499	(mention_id=11625|references=(entity=(entity_id=entity_0001|fullname=Dr. Moorfeld|gender=m)))
97781	sehe		
97782	aber		
97783	nicht		
97784	ein		
97785	,		
97786	warum		
97787	ich	11500	(mention_id=11626|references=(entity=(entity_id=entity_0001|fullname=Dr. Moorfeld|gender=m)))
97788	den		
97789	Baum		
97790	nur		
97791	am		
97792	Stamm		
97793	und		
97794	nicht		
97795	auch		
97796	in		
97797	seinen		
97798	zartesten		
97799	Ausspitzungen		
97800	erkennen		
97801	sollte		
97802	.		
97803	Und		
97804	ist		
97805	es		
97806	ein		
97807	edler		
97808	Baum		
97809	,		
97810	so		
97811	erkenne		
97812	ich	11501	(mention_id=11627|references=(entity=(entity_id=entity_0001|fullname=Dr. Moorfeld|gender=m)))
97813	seinen		
97814	Adel		
97815	eben		
97816	so		
97817	leicht		
97818	an		
97819	.		
97820	So		
97821	hat		
97822	es		
97823	einst		
97824	mein	11502	(mention_id=11628|references=(entity=(entity_id=entity_0001|fullname=Dr. Moorfeld|gender=m)))
97825	günstigstes		
97826	Vorurtheil		
97827	erregt		
97828	—		
97829	aber		
97830	ich	11503	(mention_id=11629|references=(entity=(entity_id=entity_0001|fullname=Dr. Moorfeld|gender=m)))
97831	will		
97832	mir	11504	(mention_id=11630|references=(entity=(entity_id=entity_0001|fullname=Dr. Moorfeld|gender=m)))
97833	erlauben		
97834	,		
97835	den		
97836	kleinen		
97837	Zug		
97838	zu		
97839	erzählen		
97840	.		
97841	Ich	11505	(mention_id=11631|references=(entity=(entity_id=entity_0001|fullname=Dr. Moorfeld|gender=m)))
97842	promenirte		
97843	vor		
97844	nicht		
97845	langer		
97846	Zeit		
97847	hier		
97848	auf		
97849	der		
97850	Battery		
97851	.		
97852	In		
97853	einiger		
97854	Entfernung		
97855	von		
97856	mir	11506	(mention_id=11632|references=(entity=(entity_id=entity_0001|fullname=Dr. Moorfeld|gender=m)))
97857	gingen		
97858	drei		
97859	junge		
97860	Ladies	11507	(mention_id=11633|references=(entity=(entity_id=entity_0014|fullname=Cöleste Bennet|gender=f)),(entity=(entity_id=entity_0040|fullname=Jenny Bennet|gender=f)),(entity=(entity_id=entity_0041|fullname=Bennets zweite Tochter|gender=f)))
97861	in		
97862	eleganten		
97863	Morgentoiletten		
97864	die		
97865	Laubgänge		
97866	entlang		
97867	.		
97868	Sie	11508	(mention_id=11634|references=(entity=(entity_id=entity_0014|fullname=Cöleste Bennet|gender=f)),(entity=(entity_id=entity_0040|fullname=Jenny Bennet|gender=f)),(entity=(entity_id=entity_0041|fullname=Bennets zweite Tochter|gender=f)))
97869	waren		
97870	ohne		
97871	männliche		
97872	Begleitung		(mention_id=11635|references=(entity=(entity_id=entity_0691|fullname=männliche Begleitung|gender=m|specialcase_entity=nonfact)))
97873	—		
97874	sei's		
97875	,		
97876	daß		
97877	ihre	11509	(mention_id=11636|references=(entity=(entity_id=entity_0040|fullname=Jenny Bennet|gender=f)),(entity=(entity_id=entity_0014|fullname=Cöleste Bennet|gender=f)),(entity=(entity_id=entity_0041|fullname=Bennets zweite Tochter|gender=f)))
97878	Equipage		
97879	am		
97880	Eingang		
97881	des		
97882	Parks		
97883	hielt		
97884	,		
97885	oder		
97886	daß		
97887	ihr	11510	(mention_id=11637|references=(entity=(entity_id=entity_0014|fullname=Cöleste Bennet|gender=f)),(entity=(entity_id=entity_0040|fullname=Jenny Bennet|gender=f)),(entity=(entity_id=entity_0041|fullname=Bennets zweite Tochter|gender=f)))
97888	Haus		
97889	selbst		
97890	in		
97891	der		
97892	Nähe		
97893	lag		
97894	,		
97895	was		
97896	das		
97897	wahrscheinlichste		
97898	war		
97899	,		
97900	denn		
97901	sie	11511	(mention_id=11638|references=(entity=(entity_id=entity_0014|fullname=Cöleste Bennet|gender=f)),(entity=(entity_id=entity_0040|fullname=Jenny Bennet|gender=f)),(entity=(entity_id=entity_0041|fullname=Bennets zweite Tochter|gender=f)))
97902	gehörten		
97903	,		
97904	wie		
97905	ich	11512	(mention_id=11639|references=(entity=(entity_id=entity_0001|fullname=Dr. Moorfeld|gender=m)))
97906	sehen		
97907	konnte		
97908	,		
97909	jener		
97910	Gesellschaftssphäre		(mention_id=11640|references=(entity=(entity_id=entity_0040|fullname=Jenny Bennet|gender=f)),(entity=(entity_id=entity_0014|fullname=Cöleste Bennet|gender=f)),(entity=(entity_id=generic_4369|fullname=generic_0714|gender=u|specialcase_entity=generic)),(entity=(entity_id=entity_0041|fullname=Bennets zweite Tochter|gender=f)))
97911	an		
97912	,		
97913	welche		(mention_id=11641|references=(entity=(entity_id=entity_0040|fullname=Jenny Bennet|gender=f)),(entity=(entity_id=entity_0014|fullname=Cöleste Bennet|gender=f)),(entity=(entity_id=generic_4370|fullname=generic_0715|gender=u|specialcase_entity=generic)),(entity=(entity_id=entity_0041|fullname=Bennets zweite Tochter|gender=f)))
97914	auf		
97915	der		
97916	Battery		
97917	ihre	11513	(mention_id=11642|references=(entity=(entity_id=entity_0014|fullname=Cöleste Bennet|gender=f)),(entity=(entity_id=entity_0040|fullname=Jenny Bennet|gender=f)),(entity=(entity_id=generic_4371|fullname=generic_0716|gender=u|specialcase_entity=generic)))
97918	Residenz		
97919	hat		
97920	.		
97921	Diesen		
97922	Damen	11514	(mention_id=11643|references=(entity=(entity_id=entity_0014|fullname=Cöleste Bennet|gender=f)),(entity=(entity_id=entity_0040|fullname=Jenny Bennet|gender=f)),(entity=(entity_id=entity_0041|fullname=Bennets zweite Tochter|gender=f)))
97923	kam		
97924	ein		
97925	Newsboy	11515	(mention_id=11644|references=(entity=(entity_id=entity_0005|fullname=Hoby|gender=m)))
97926	entgegen		
97927	,		
97928	welcher	11516	(mention_id=11645|references=(entity=(entity_id=entity_0005|fullname=Hoby|gender=m)))
97929	seine	11517	(mention_id=11646|references=(entity=(entity_id=entity_0005|fullname=Hoby|gender=m)))
97930	Zeitung		
97931	ausrief		
97932	.		
97933	Der		
97934	Junge	11518	(mention_id=11647|references=(entity=(entity_id=entity_0005|fullname=Hoby|gender=m)))
97935	handelte		
97936	aber		
97937	gleichzeitig		
97938	noch		
97939	mit		
97940	einer		
97941	andern		
97942	Literatur		
97943	und		
97944	diese		
97945	rief		
97946	er	11519	(mention_id=11648|references=(entity=(entity_id=entity_0005|fullname=Hoby|gender=m)))
97947	eben		
97948	so		
97949	unverhohlen		
97950	aus		
97951	.		
97952	Ich	11520	(mention_id=11649|references=(entity=(entity_id=entity_0001|fullname=Dr. Moorfeld|gender=m)))
97953	traute		
97954	meinem	11521	(mention_id=11650|references=(entity=(entity_id=entity_0001|fullname=Dr. Moorfeld|gender=m)))
97955	Ohre		
97956	nicht		
97957	.		
97958	Dicht		
97959	vor		
97960	den		
97961	Mädchen	11522	(mention_id=11651|references=(entity=(entity_id=entity_0040|fullname=Jenny Bennet|gender=f)),(entity=(entity_id=entity_0014|fullname=Cöleste Bennet|gender=f)),(entity=(entity_id=entity_0041|fullname=Bennets zweite Tochter|gender=f)))
97962	erhob		
97963	er	11523	(mention_id=11652|references=(entity=(entity_id=entity_0005|fullname=Hoby|gender=m)))
97964	seine	11524	(mention_id=11653|references=(entity=(entity_id=entity_0005|fullname=Hoby|gender=m)))
97965	Stimme		
97966	zu		
97967	einem		
97968	obscönen		
97969	Proclam		
97970	,		
97971	daß		
97972	mir	11525	(mention_id=11654|references=(entity=(entity_id=entity_0001|fullname=Dr. Moorfeld|gender=m)))
97973	zu		
97974	Muthe		
97975	war		
97976	,		
97977	eine		
97978	moralische		
97979	Pulvermine		
97980	fliege		
97981	vor		
97982	ihnen	11526	(mention_id=11655|references=(entity=(entity_id=entity_0040|fullname=Jenny Bennet|gender=f)),(entity=(entity_id=entity_0014|fullname=Cöleste Bennet|gender=f)),(entity=(entity_id=entity_0041|fullname=Bennets zweite Tochter|gender=f)))
97983	auf		
97984	.		
97985	Die		
97986	armen		
97987	Kinder	11527	(mention_id=11656|references=(entity=(entity_id=entity_0040|fullname=Jenny Bennet|gender=f)),(entity=(entity_id=entity_0014|fullname=Cöleste Bennet|gender=f)),(entity=(entity_id=entity_0041|fullname=Bennets zweite Tochter|gender=f)))
97988	konnten		
97989	weder		
97990	vor		
97991	,		
97992	noch		
97993	zurück		
97994	,		
97995	noch		
97996	seitwärts		
97997	;		
97998	der		
97999	freche		
98000	Knabe	11528	(mention_id=11657|references=(entity=(entity_id=entity_0005|fullname=Hoby|gender=m)))
98001	lief		
98002	ihnen	11529	(mention_id=11658|references=(entity=(entity_id=entity_0040|fullname=Jenny Bennet|gender=f)),(entity=(entity_id=entity_0014|fullname=Cöleste Bennet|gender=f)),(entity=(entity_id=entity_0041|fullname=Bennets zweite Tochter|gender=f)))
98003	geradezu		
98004	in		
98005	den		
98006	Weg		
98007	;		
98008	sie	11530	(mention_id=11659|references=(entity=(entity_id=entity_0040|fullname=Jenny Bennet|gender=f)),(entity=(entity_id=entity_0014|fullname=Cöleste Bennet|gender=f)),(entity=(entity_id=entity_0041|fullname=Bennets zweite Tochter|gender=f)))
98009	mußten		
98010	hören		
98011	wohl		
98012	oder		
98013	übel		
98014	.		
98015	Sie	11531	(mention_id=11660|references=(entity=(entity_id=entity_0040|fullname=Jenny Bennet|gender=f)),(entity=(entity_id=entity_0014|fullname=Cöleste Bennet|gender=f)),(entity=(entity_id=entity_0041|fullname=Bennets zweite Tochter|gender=f)))
98016	hörten		
98017	auch		
98018	.		
98019	Die		
98020	Eine	11532	(mention_id=11661|references=(entity=(entity_id=entity_0040|fullname=Jenny Bennet|gender=f)))
98021	begrub		
98022	ihr	11533	(mention_id=11662|references=(entity=(entity_id=entity_0040|fullname=Jenny Bennet|gender=f)))
98023	Gesicht		
98024	in's		
98025	battistene		
98026	Taschentuch		
98027	,		
98028	die		
98029	andere	11534	(mention_id=11663|references=(entity=(entity_id=entity_0041|fullname=Bennets zweite Tochter|gender=f)))
98030	wandte		
98031	das		
98032	Köpfchen		
98033	seitwärts		
98034	,		
98035	als		
98036	wäre		
98037	sie	11535	(mention_id=11664|references=(entity=(entity_id=entity_0041|fullname=Bennets zweite Tochter|gender=f)))
98038	eben		
98039	geistesabwesend		
98040	,		
98041	die		
98042	Dritte	11536	(mention_id=11665|references=(entity=(entity_id=entity_0014|fullname=Cöleste Bennet|gender=f)))
98043	aber		
98044	sah		
98045	ich	11537	(mention_id=11666|references=(entity=(entity_id=entity_0001|fullname=Dr. Moorfeld|gender=m)))
98046	stille		
98047	stehen		
98048	.		
98049	Sie	11538	(mention_id=11667|references=(entity=(entity_id=entity_0014|fullname=Cöleste Bennet|gender=f)))
98050	hielt		
98051	den		
98052	Jungen	11539	(mention_id=11668|references=(entity=(entity_id=entity_0005|fullname=Hoby|gender=m)))
98053	an		
98054	,		
98055	nahm		
98056	ihre	11540	(mention_id=11669|references=(entity=(entity_id=entity_0014|fullname=Cöleste Bennet|gender=f)))
98057	Perlbörse		
98058	zur		
98059	Hand		
98060	,		
98061	winkte		
98062	,		
98063	und		
98064	im		
98065	nächsten		
98066	Augenblicke		
98067	flog		
98068	das		
98069	obscöne		
98070	Portefeuille		
98071	über		
98072	den		
98073	Batterywall		
98074	ins		
98075	Meer		
98076	.		
98077	Sehen		
98078	Sie	11541	(mention_id=11670|references=(entity=(entity_id=entity_0014|fullname=Cöleste Bennet|gender=f)))
98079	,		
98080	sagte		
98081	Moorfeld	11542	(mention_id=11671|references=(entity=(entity_id=entity_0001|fullname=Dr. Moorfeld|gender=m)))
98082	,		
98083	indem		
98084	er	11543	(mention_id=11672|references=(entity=(entity_id=entity_0001|fullname=Dr. Moorfeld|gender=m)))
98085	seine	11544	(mention_id=11673|references=(entity=(entity_id=entity_0001|fullname=Dr. Moorfeld|gender=m)))
98086	Stimme		
98087	mit		
98088	einem		
98089	eigenthümlichen		
98090	Timbre		
98091	ausklingen		
98092	ließ		
98093	,		
98094	dieser		
98095	Zug		
98096	gefiel		
98097	mir	11545	(mention_id=11674|references=(entity=(entity_id=entity_0001|fullname=Dr. Moorfeld|gender=m)))
98098	.		
98099	Den		
98100	Buben	11546	(mention_id=11675|references=(entity=(entity_id=entity_0005|fullname=Hoby|gender=m)))
98101	zu		
98102	ignoriren		
98103	,		
98104	sich	11547	(mention_id=11676|references=(entity=(entity_id=entity_0040|fullname=Jenny Bennet|gender=f)),(entity=(entity_id=entity_0041|fullname=Bennets zweite Tochter|gender=f)))
98105	zu		
98106	stellen		
98107	,		
98108	als		
98109	verstände		
98110	man		(mention_id=11677|references=(entity=(entity_id=entity_0040|fullname=Jenny Bennet|gender=f)),(entity=(entity_id=entity_0041|fullname=Bennets zweite Tochter|gender=f)))
98111	ihn	11548	(mention_id=11678|references=(entity=(entity_id=entity_0005|fullname=Hoby|gender=m)))
98112	überhaupt		
98113	nicht		
98114	,		
98115	war		
98116	freilich		
98117	auch		
98118	mädchenhaft		
98119	,		
98120	sogar		
98121	mädchenhafter		
98122	,		
98123	aber		
98124	in		
98125	jenem		
98126	Philistersinne		
98127	,		
98128	von		
98129	dem		
98130	ich	11549	(mention_id=11679|references=(entity=(entity_id=entity_0001|fullname=Dr. Moorfeld|gender=m)))
98131	zuvor		
98132	sprach		
98133	.		
98134	Es		
98135	hatte		
98136	fast		
98137	etwas		
98138	Komisches		
98139	,		
98140	etwas		
98141	vom		
98142	Vogel		(mention_id=11680|references=(entity=(entity_id=entity_0040|fullname=Jenny Bennet|gender=f)|specialcase_reference=figurative),(entity=(entity_id=entity_0041|fullname=Bennets zweite Tochter|gender=f)|specialcase_reference=figurative))
98143	Strauß		(mention_id=11680|references=(entity=(entity_id=entity_0040|fullname=Jenny Bennet|gender=f)|specialcase_reference=figurative),(entity=(entity_id=entity_0041|fullname=Bennets zweite Tochter|gender=f)|specialcase_reference=figurative))
98144	,		
98145	wenn		
98146	er	11550	(mention_id=11681|references=(entity=(entity_id=entity_0040|fullname=Jenny Bennet|gender=f)|specialcase_reference=figurative),(entity=(entity_id=entity_0041|fullname=Bennets zweite Tochter|gender=f)|specialcase_reference=figurative))
98147	seinen	11551	(mention_id=11682|references=(entity=(entity_id=entity_0040|fullname=Jenny Bennet|gender=f)|specialcase_reference=figurative),(entity=(entity_id=entity_0041|fullname=Bennets zweite Tochter|gender=f)|specialcase_reference=figurative))
98148	Kopf		
98149	in		
98150	den		
98151	Sand		
98152	steckt		
98153	.		
98154	Die		
98155	Dritte	11552	(mention_id=11683|references=(entity=(entity_id=entity_0014|fullname=Cöleste Bennet|gender=f)))
98156	fühlte		
98157	das		
98158	und		
98159	trat		
98160	mit		
98161	einer		
98162	edlen		
98163	Freimüthigkeit		
98164	aus		
98165	der		
98166	kleinlichen		
98167	Modestie		
98168	heraus		
98169	,		
98170	um		
98171	nach		
98172	einer		
98173	größeren		
98174	zu		
98175	handeln		
98176	.		
98177	Das		
98178	Unsittliche		
98179	war		
98180	freilich		
98181	in		
98182	der		
98183	Welt		
98184	,		
98185	das		
98186	konnte		
98187	sie	11553	(mention_id=11684|references=(entity=(entity_id=entity_0014|fullname=Cöleste Bennet|gender=f)))
98188	nicht		
98189	hindern		
98190	;		
98191	aber		
98192	sie	11554	(mention_id=11685|references=(entity=(entity_id=entity_0014|fullname=Cöleste Bennet|gender=f)))
98193	ließ		
98194	es		
98195	nicht		
98196	vorübergehen		
98197	an		
98198	sich	11555	(mention_id=11686|references=(entity=(entity_id=entity_0014|fullname=Cöleste Bennet|gender=f)))
98199	.		
98200	Der		
98201	Moment		
98202	,		
98203	da		
98204	es		
98205	an		
98206	sie	11556	(mention_id=11687|references=(entity=(entity_id=entity_0014|fullname=Cöleste Bennet|gender=f)))
98207	herankam		
98208	,		
98209	war		
98210	auch		
98211	sein		
98212	letzter		
98213	.		
98214	Eine		
98215	Berührung		
98216	ihrer	11557	(mention_id=11688|references=(entity=(entity_id=entity_0014|fullname=Cöleste Bennet|gender=f)))
98217	reinen		
98218	Hand		
98219	und		
98220	es		
98221	verschwand		
98222	.		
98223	Das		
98224	war		
98225	ästhetisch		
98226	.		
98227	Es		
98228	lag		
98229	eine		
98230	so		
98231	schöne		
98232	Harmonie		
98233	in		
98234	diesem		
98235	Zuge		
98236	,		
98237	—		
98238	man		
98239	nenne		
98240	ihn		
98241	scheinlos		
98242	,		
98243	wie		
98244	man		
98245	will		
98246	,		
98247	aber		
98248	ich	11558	(mention_id=11689|references=(entity=(entity_id=entity_0001|fullname=Dr. Moorfeld|gender=m)))
98249	schäme		
98250	mich	11559	(mention_id=11690|references=(entity=(entity_id=entity_0001|fullname=Dr. Moorfeld|gender=m)))
98251	nicht		
98252	zu		
98253	gestehen		
98254	,		
98255	ich	11560	(mention_id=11691|references=(entity=(entity_id=entity_0001|fullname=Dr. Moorfeld|gender=m)))
98256	würde		
98257	nach		
98258	diesem		
98259	Zuge		
98260	jener		
98261	Dame	11561	(mention_id=11692|references=(entity=(entity_id=entity_0014|fullname=Cöleste Bennet|gender=f)))
98262	für		
98263	ewig		
98264	eine		
98265	gewisse		
98266	Genialität		
98267	ihrer	11562	(mention_id=11693|references=(entity=(entity_id=entity_0014|fullname=Cöleste Bennet|gender=f)))
98268	Weiblichkeit		
98269	zutrauen		
98270	.		
98271	Moorfeld	11563	(mention_id=11694|references=(entity=(entity_id=entity_0001|fullname=Dr. Moorfeld|gender=m)))
98272	schwieg		
98273	.		
98274	Cöleste	11564	(mention_id=11695|references=(entity=(entity_id=entity_0014|fullname=Cöleste Bennet|gender=f)))
98275	stand		
98276	da		
98277	in		
98278	tiefe		
98279	Purpurglut		
98280	getaucht		
98281	.		
98282	Sie	11565	(mention_id=11696|references=(entity=(entity_id=entity_0014|fullname=Cöleste Bennet|gender=f)))
98283	stand		
98284	da		
98285	in		
98286	einem		
98287	Momente		
98288	ihrer	11566	(mention_id=11697|references=(entity=(entity_id=entity_0014|fullname=Cöleste Bennet|gender=f)))
98289	höchsten		
98290	Mädchen-Schönheit		
98291	.		
98292	Freude		
98293	,		
98294	Scham		
98295	,		
98296	Stolz		
98297	,		
98298	der		
98299	tiefste		
98300	Kern		
98301	ihres	11567	(mention_id=11698|references=(entity=(entity_id=entity_0014|fullname=Cöleste Bennet|gender=f)))
98302	weiblichen		
98303	Bewußtseins		
98304	geschmeichelt		
98305	,		
98306	wie		
98307	es		
98308	die		
98309	Galanterie		
98310	der		
98311	Alltäglichkeit		
98312	auch		
98313	bei		
98314	geräuschvollerer		
98315	Ostentation		
98316	nimmermehr		
98317	in		
98318	ihren	11568	
98319	Mitteln		
98320	hat		
98321	—		
98322	der		
98323	ganze		
98324	Nimbus		
98325	ihres	11569	(mention_id=11699|references=(entity=(entity_id=entity_0014|fullname=Cöleste Bennet|gender=f)))
98326	Geschlechtes		
98327	umspielte		
98328	das		
98329	reizende		
98330	Mädchen	11570	(mention_id=11700|references=(entity=(entity_id=entity_0014|fullname=Cöleste Bennet|gender=f)))
98331	.		
98332	Sie	11571	(mention_id=11701|references=(entity=(entity_id=entity_0014|fullname=Cöleste Bennet|gender=f)))
98333	wagte		
98334	nicht		
98335	zu		
98336	Moorfeld	11572	(mention_id=11702|references=(entity=(entity_id=entity_0001|fullname=Dr. Moorfeld|gender=m)))
98337	das		
98338	Auge		
98339	zu		
98340	erheben		
98341	.		
98342	Er	11573	(mention_id=11703|references=(entity=(entity_id=entity_0001|fullname=Dr. Moorfeld|gender=m)))
98343	hatte		
98344	sie	11574	(mention_id=11704|references=(entity=(entity_id=entity_0014|fullname=Cöleste Bennet|gender=f)))
98345	erkannt		
98346	—		
98347	der		
98348	Ton		
98349	seiner	11575	(mention_id=11705|references=(entity=(entity_id=entity_0001|fullname=Dr. Moorfeld|gender=m)))
98350	Stimme		
98351	,		
98352	der		
98353	ganze		
98354	Accent		
98355	seines	11576	(mention_id=11706|references=(entity=(entity_id=entity_0001|fullname=Dr. Moorfeld|gender=m)))
98356	Vortrages		
98357	verrieth		
98358	ihr'	11577	(mention_id=11707|references=(entity=(entity_id=entity_0014|fullname=Cöleste Bennet|gender=f)))
98359	s.	11577	(mention_id=11707|references=(entity=(entity_id=entity_0014|fullname=Cöleste Bennet|gender=f)))
98360	Und		
98361	wenn		
98362	sie	11578	(mention_id=11708|references=(entity=(entity_id=entity_0014|fullname=Cöleste Bennet|gender=f)))
98363	jetzt		
98364	den		
98365	letzten		
98366	Schritt		
98367	nach		
98368	dem		
98369	Winkel		
98370	zurückthat		
98371	,		
98372	so		
98373	geschah		
98374	es		
98375	kaum		
98376	noch		
98377	im		
98378	conventionellen		
98379	Sinne		
98380	,		
98381	—		
98382	es		
98383	war		
98384	der		
98385	natürliche		
98386	Ausdruck		
98387	des		
98388	Augenblicks		
98389	;		
98390	sie	11579	(mention_id=11709|references=(entity=(entity_id=entity_0014|fullname=Cöleste Bennet|gender=f)))
98391	bebte		
98392	zurück		
98393	wie		
98394	eine		
98395	Venus	11580	(mention_id=11710|references=(entity=(entity_id=entity_0014|fullname=Cöleste Bennet|gender=f)|specialcase_reference=figurative))
98396	verschämt		
98397	vor		
98398	ihrer	11581	(mention_id=11711|references=(entity=(entity_id=entity_0014|fullname=Cöleste Bennet|gender=f)|specialcase_reference=figurative))
98399	eigenen		
98400	Schönheit		
98401	flüchtet		
98402	.		
98403	Die		
98404	„		
98405	Cour		
98406	des		
98407	Winkels		
98408	”		
98409	war		
98410	jetzt		
98411	zu		
98412	Ende		
98413	.		
98414	Aber		
98415	die		
98416	Snobs	11582	(mention_id=11712|references=(entity=(entity_id=entity_0506|fullname=Jünglinge|gender=m|possible_identity_with=entity_0099|members=entity_0539,entity_0545,entity_0567,entity_0573,entity_0579,entity_0580,entity_0583,entity_0584,entity_0606,entity_0613,entity_0617,entity_0619|all_members_given=False|specialcase_entity=group)))
98417	waren		
98418	wüthend		
98419	.		
98420	Mr.	11583	(mention_id=11713|references=(entity=(entity_id=entity_0097|fullname=Howland|gender=m)))
98421	Howland	11583	(mention_id=11713|references=(entity=(entity_id=entity_0097|fullname=Howland|gender=m)))
98422	sann		
98423	auf		
98424	eine		
98425	neue		
98426	Tücke		
98427	,		
98428	seinem	11584	(mention_id=11714|references=(entity=(entity_id=entity_0097|fullname=Howland|gender=m)))
98429	Nebenbuhler	11585	(mention_id=11715|references=(entity=(entity_id=entity_0001|fullname=Dr. Moorfeld|gender=m)))
98430	beizukommen		
98431	.		
98432	Und		
98433	isolirt		
98434	wie		
98435	er	11586	(mention_id=11716|references=(entity=(entity_id=entity_0097|fullname=Howland|gender=m)))
98436	sich	11587	(mention_id=11717|references=(entity=(entity_id=entity_0097|fullname=Howland|gender=m)))
98437	sah		
98438	,		
98439	fing		
98440	er	11588	(mention_id=11718|references=(entity=(entity_id=entity_0097|fullname=Howland|gender=m)))
98441	zu		
98442	declamiren		(mention_id=11719|references=(entity=(entity_id=entity_0097|fullname=Howland|gender=m)))
98443	an		
98444	:		
98445	Ich	11589	(mention_id=11720|references=(entity=(entity_id=entity_0097|fullname=Howland|gender=m)))
98446	steh'		
98447	auf		
98448	hohem		
98449	Berg'		
98450	allein		
98451	—		
98452	auf		
98453	einmal		
98454	blickte		
98455	Cöleste	11590	(mention_id=11721|references=(entity=(entity_id=entity_0014|fullname=Cöleste Bennet|gender=f)))
98456	auf		
98457	zu		
98458	ihm	11591	(mention_id=11722|references=(entity=(entity_id=entity_0014|fullname=Cöleste Bennet|gender=f)))
98459	.		
98460	Der		
98461	Dandy	11592	(mention_id=11723|references=(entity=(entity_id=entity_0097|fullname=Howland|gender=m)))
98462	copirte		
98463	jetzt		
98464	ganz		
98465	Moorfeld's	11593	(mention_id=11724|references=(entity=(entity_id=entity_0001|fullname=Dr. Moorfeld|gender=m)))
98466	Attitüde		
98467	von		
98468	zuvor		
98469	.		
98470	Er	11594	(mention_id=11725|references=(entity=(entity_id=entity_0097|fullname=Howland|gender=m)))
98471	warf		
98472	sich	11595	(mention_id=11726|references=(entity=(entity_id=entity_0097|fullname=Howland|gender=m)))
98473	in		
98474	ein		
98475	Air		
98476	von		
98477	Begeisterung		
98478	,		
98479	welches		
98480	das		
98481	Vorgeben		
98482	durchschimmern		
98483	ließ		
98484	,		
98485	den		
98486	dichterischen		
98487	Ausdruck		
98488	allegorisch		
98489	zu		
98490	gebrauchen		
98491	,		
98492	er	11596	(mention_id=11727|references=(entity=(entity_id=entity_0097|fullname=Howland|gender=m)))
98493	heftete		
98494	seinen	11597	(mention_id=11728|references=(entity=(entity_id=entity_0097|fullname=Howland|gender=m)))
98495	Blick		
98496	schwärmerisch		
98497	auf		
98498	Cölesten	11598	(mention_id=11729|references=(entity=(entity_id=entity_0014|fullname=Cöleste Bennet|gender=f)))
98499	und		
98500	declamirte		(mention_id=11730|references=(entity=(entity_id=entity_0097|fullname=Howland|gender=m)))
98501	aus		
98502	ihrem	11599	(mention_id=11731|references=(entity=(entity_id=entity_0014|fullname=Cöleste Bennet|gender=f)))
98503	Auge		
98504	heraus		
98505	:		
98506	Ich	11600	(mention_id=11732|references=(entity=(entity_id=entity_0644|fullname=Sprechinstanz in Des Schäfers Botschaft|gender=m)))
98507	steh'		
98508	auf		
98509	hohem		
98510	Berg'		
98511	allein		
98512	In		
98513	meinem	11601	(mention_id=11733|references=(entity=(entity_id=entity_0644|fullname=Sprechinstanz in Des Schäfers Botschaft|gender=m)))
98514	Schmerz		
98515	und		
98516	denke		
98517	dein		
98518	;		
98519	Ein		
98520	Brünnlein		
98521	rinnt		
98522	zu		
98523	meinem	11602	(mention_id=11734|references=(entity=(entity_id=entity_0644|fullname=Sprechinstanz in Des Schäfers Botschaft|gender=m)))
98524	Fuß		
98525	Und		
98526	lispelt		
98527	leis		
98528	:		
98529	ich	11603	(mention_id=11735|references=(entity=(entity_id=entity_0651|fullname=Brünnlein in Des Schäfers Botschaft|gender=o)))
98530	muß		
98531	,		
98532	ich	11604	(mention_id=11736|references=(entity=(entity_id=entity_0651|fullname=Brünnlein in Des Schäfers Botschaft|gender=o)))
98533	muß		
98534	In's		
98535	grüne		
98536	Thal		
98537	hinab		
98538	von		
98539	hier		
98540	,		
98541	Dort		
98542	grüß'		
98543	ich	11605	(mention_id=11737|references=(entity=(entity_id=entity_0651|fullname=Brünnlein in Des Schäfers Botschaft|gender=o)))
98544	heimlich		
98545	sie		(mention_id=11738|references=(entity=(entity_id=entity_0652|fullname=Geliebte der Sprechinstanz in Des Schäfers Botschaft|gender=f)))
98546	von		
98547	dir	11606	(mention_id=11739|references=(entity=(entity_id=entity_0644|fullname=Sprechinstanz in Des Schäfers Botschaft|gender=m)))
98548	!		
98549	O		
98550	Brünnlein		(mention_id=11740|references=(entity=(entity_id=entity_0651|fullname=Brünnlein in Des Schäfers Botschaft|gender=o)))
98551	,		
98552	Brünnlein		(mention_id=11741|references=(entity=(entity_id=entity_0651|fullname=Brünnlein in Des Schäfers Botschaft|gender=o)))
98553	hell		
98554	und		
98555	klar		
98556	Gleichst		
98557	meinen	11607	(mention_id=11742|references=(entity=(entity_id=entity_0644|fullname=Sprechinstanz in Des Schäfers Botschaft|gender=m)))
98558	Thränen		
98559	ganz		
98560	und		
98561	gar		
98562	:		
98563	Es		
98564	weint		
98565	der		
98566	Berg		
98567	dich		
98568	stumm		
98569	und		
98570	still		
98571	Weil		
98572	noch		
98573	sein		
98574	Lenz		
98575	nicht		
98576	kommen		
98577	will		
98578	;		
98579	O		
98580	riesle		
98581	,		
98582	riesle		
98583	fort		
98584	in's		
98585	Thal		
98586	Und		
98587	sag'		
98588	ihr		(mention_id=11743|references=(entity=(entity_id=entity_0652|fullname=Geliebte der Sprechinstanz in Des Schäfers Botschaft|gender=f)))
98589	das		
98590	viel		
98591	tausendmal		
98592	.		
98593	Das		
98594	Gedicht		
98595	heißt		
98596	„		
98597	Des		
98598	Schäfers	11608	
98599	Botschaft		
98600	“		
98601	wandte		
98602	er	11609	(mention_id=11744|references=(entity=(entity_id=entity_0097|fullname=Howland|gender=m)))
98603	sich	11610	(mention_id=11745|references=(entity=(entity_id=entity_0097|fullname=Howland|gender=m)))
98604	gegen		
98605	Moorfeld	11611	(mention_id=11746|references=(entity=(entity_id=entity_0001|fullname=Dr. Moorfeld|gender=m)))
98606	,		
98607	—		
98608	wie		
98609	gefällt		
98610	es		
98611	Ihnen	11612	(mention_id=11747|references=(entity=(entity_id=entity_0001|fullname=Dr. Moorfeld|gender=m)))
98612	,		
98613	Herr	11613	(mention_id=11748|references=(entity=(entity_id=entity_0001|fullname=Dr. Moorfeld|gender=m)))
98614	Doctor	11613	(mention_id=11748|references=(entity=(entity_id=entity_0001|fullname=Dr. Moorfeld|gender=m)))
98615	?		
98616	Ich	11614	(mention_id=11749|references=(entity=(entity_id=entity_0001|fullname=Dr. Moorfeld|gender=m)))
98617	begreife		
98618	zunächst		
98619	nicht		
98620	,		
98621	wie		
98622	es		
98623	hieher		
98624	gehört		
98625	,		
98626	antwortete		
98627	Moorfeld	11615	(mention_id=11750|references=(entity=(entity_id=entity_0001|fullname=Dr. Moorfeld|gender=m)))
98628	,		
98629	erzürnt		
98630	über		
98631	die		
98632	forcirte		
98633	Störung		
98634	.		
98635	Mit		
98636	Erlaubniß		
98637	,		
98638	Sir	11616	(mention_id=11751|references=(entity=(entity_id=entity_0001|fullname=Dr. Moorfeld|gender=m)))
98639	,		
98640	ein		
98641	gutes		
98642	Gedicht		
98643	gehört		
98644	überall		
98645	hin		
98646	.		
98647	Ein		
98648	gutes		
98649	!		
98650	Wie		
98651	,		
98652	Sir	11617	(mention_id=11752|references=(entity=(entity_id=entity_0001|fullname=Dr. Moorfeld|gender=m)))
98653	,		
98654	ist		
98655	das		
98656	Gedicht		
98657	schlecht		
98658	?		
98659	Ganz		
98660	außerordentlich		
98661	,		
98662	Sir	11618	(mention_id=11753|references=(entity=(entity_id=entity_0001|fullname=Dr. Moorfeld|gender=m)))
98663	.		
98664	Hätte		
98665	Moorfeld	11619	(mention_id=11754|references=(entity=(entity_id=entity_0001|fullname=Dr. Moorfeld|gender=m)))
98666	bei		
98667	seiner	11620	(mention_id=11755|references=(entity=(entity_id=entity_0001|fullname=Dr. Moorfeld|gender=m)))
98668	eigenen		
98669	inneren		
98670	Fülle		
98671	jetzt		
98672	einen		
98673	Blick		
98674	haben		
98675	können		
98676	für		
98677	den		
98678	versteckten		
98679	Geist		
98680	dieses		
98681	Augenblicks		
98682	,		
98683	so		
98684	hätte		
98685	es		
98686	ihm	11621	(mention_id=11756|references=(entity=(entity_id=entity_0001|fullname=Dr. Moorfeld|gender=m)))
98687	auffallen		
98688	müssen		
98689	,		
98690	daß		
98691	sich		
98692	eine		
98693	eigenthümliche		
98694	Verlegenheit		
98695	in		
98696	Cölestens	11622	(mention_id=11757|references=(entity=(entity_id=entity_0014|fullname=Cöleste Bennet|gender=f)))
98697	Antlitz		
98698	malte		
98699	,		
98700	während		
98701	Mr.	11623	(mention_id=11758|references=(entity=(entity_id=entity_0097|fullname=Howland|gender=m)))
98702	Howland	11623	(mention_id=11758|references=(entity=(entity_id=entity_0097|fullname=Howland|gender=m)))
98703	mit		
98704	einer		
98705	faunischen		
98706	Schadenfreude		
98707	sich	11624	(mention_id=11759|references=(entity=(entity_id=entity_0097|fullname=Howland|gender=m)))
98708	die		
98709	Lippen		
98710	biß		
98711	.		
98712	Ihre	11625	(mention_id=11760|references=(entity=(entity_id=entity_0001|fullname=Dr. Moorfeld|gender=m)))
98713	Gründe		
98714	,		
98715	Sir	11626	(mention_id=11761|references=(entity=(entity_id=entity_0001|fullname=Dr. Moorfeld|gender=m)))
98716	!		
98717	Ihre	11627	(mention_id=11762|references=(entity=(entity_id=entity_0001|fullname=Dr. Moorfeld|gender=m)))
98718	Gründe		
98719	!		
98720	rief		
98721	der		
98722	Snob	11628	(mention_id=11763|references=(entity=(entity_id=entity_0097|fullname=Howland|gender=m)))
98723	mit		
98724	einem		
98725	ungewöhnlichen		
98726	Eifer		
98727	.		
98728	Gründe		
98729	!		
98730	sagte		
98731	Moorfeld	11629	(mention_id=11764|references=(entity=(entity_id=entity_0001|fullname=Dr. Moorfeld|gender=m)))
98732	wegwerfend		
98733	,		
98734	mein		
98735	Gott		
98736	,		
98737	ja		
98738	!		
98739	sie		
98740	sind		
98741	wohlfeiler		
98742	als		
98743	Brombeeren		
98744	hier		
98745	.		
98746	Nun		
98747	,		
98748	Sir	11630	(mention_id=11765|references=(entity=(entity_id=entity_0001|fullname=Dr. Moorfeld|gender=m)))
98749	?		
98750	Moorfeld	11631	(mention_id=11766|references=(entity=(entity_id=entity_0001|fullname=Dr. Moorfeld|gender=m)))
98751	antwortete		
98752	mit		
98753	einer		
98754	Gelassenheit		
98755	,		
98756	die		
98757	nur		
98758	die		
98759	Bändigung		
98760	seiner	11632	(mention_id=11767|references=(entity=(entity_id=entity_0001|fullname=Dr. Moorfeld|gender=m)))
98761	inneren		
98762	Aufregung		
98763	war		
98764	:		
98765	Betrachten		
98766	wir	11633	(mention_id=11768|references=(entity=(entity_id=entity_0001|fullname=Dr. Moorfeld|gender=m)),(entity=(entity_id=entity_0097|fullname=Howland|gender=m)),(entity=(entity_id=entity_0014|fullname=Cöleste Bennet|gender=f)))
98767	,		
98768	um		
98769	einer		
98770	amerikanischen		
98771	Anschauungsweise		
98772	entgegenzukommen		
98773	,		
98774	das		
98775	Gedicht		
98776	zunächst		
98777	nur		
98778	unter		
98779	der		
98780	Kategorie		
98781	der		
98782	Zweckmäßigkeit		
98783	.		
98784	Das		
98785	Gedicht		
98786	ist		
98787	eine		
98788	Adresse		
98789	.		
98790	Es		
98791	adressirt		
98792	sich		
98793	an		
98794	die		
98795	Geliebte	11634	(mention_id=11769|references=(entity=(entity_id=entity_0652|fullname=Geliebte der Sprechinstanz in Des Schäfers Botschaft|gender=f)))
98796	.		
98797	Wie		
98798	,		
98799	denken		
98800	Sie	11635	(mention_id=11770|references=(entity=(entity_id=entity_0014|fullname=Cöleste Bennet|gender=f)),(entity=(entity_id=entity_0097|fullname=Howland|gender=m)))
98801	sich	11636	(mention_id=11771|references=(entity=(entity_id=entity_0014|fullname=Cöleste Bennet|gender=f)),(entity=(entity_id=entity_0097|fullname=Howland|gender=m)))
98802	nun		
98803	,		
98804	erreicht		
98805	diese		
98806	Adresse		
98807	ihren		
98808	Zweck		
98809	?		
98810	Der		
98811	Kern		
98812	des		
98813	Gedichtes		
98814	ist		
98815	der		
98816	Vergleich		
98817	eines		
98818	weinenden		
98819	Liebhabers	11637	(mention_id=11772|references=(entity=(entity_id=entity_0644|fullname=Sprechinstanz in Des Schäfers Botschaft|gender=m)))
98820	mit		
98821	einem		
98822	weinenden		
98823	Berg		
98824	.		
98825	Ein		
98826	Liebhaber	11638	(mention_id=11773|references=(entity=(entity_id=entity_0644|fullname=Sprechinstanz in Des Schäfers Botschaft|gender=m)))
98827	und		
98828	ein		
98829	Berg		
98830	!		
98831	Der		
98832	Dichter	11639	(mention_id=11774|references=(entity=(entity_id=entity_0014|fullname=Cöleste Bennet|gender=f)))
98833	hat		
98834	auch		
98835	nicht		
98836	den		
98837	leisesten		
98838	poetischen		
98839	Instinct		
98840	für		
98841	die		
98842	Nebenbegriffe		
98843	eines		
98844	Bildes		
98845	,		
98846	sonst		
98847	würde		
98848	er	11640	(mention_id=11775|references=(entity=(entity_id=entity_0014|fullname=Cöleste Bennet|gender=f)))
98849	sich	11641	(mention_id=11776|references=(entity=(entity_id=entity_0014|fullname=Cöleste Bennet|gender=f)))
98850	nicht		
98851	selbst		
98852	zum		
98853	Fallstaff		(mention_id=11777|references=(entity=(entity_id=entity_0014|fullname=Cöleste Bennet|gender=f)|specialcase_reference=figurative))
98854	machen		
98855	.		
98856	Er	11642	(mention_id=11778|references=(entity=(entity_id=entity_0014|fullname=Cöleste Bennet|gender=f)))
98857	thut		
98858	es		
98859	aber		
98860	,		
98861	und		
98862	so		
98863	ist		
98864	der		
98865	Zweck		
98866	seiner	11643	(mention_id=11779|references=(entity=(entity_id=entity_0014|fullname=Cöleste Bennet|gender=f)))
98867	Adresse		
98868	verfehlt		
98869	.		
98870	Die		
98871	Schäferin	11644	(mention_id=11780|references=(entity=(entity_id=entity_0652|fullname=Geliebte der Sprechinstanz in Des Schäfers Botschaft|gender=f)))
98872	soll		
98873	doch		
98874	nicht		
98875	einen		
98876	Fallstaff		(mention_id=11781|references=(entity=(entity_id=entity_0644|fullname=Sprechinstanz in Des Schäfers Botschaft|gender=m)))
98877	lieben		
98878	?		
98879	Dies		
98880	der		
98881	Nebenbegriff		
98882	des		
98883	Bildes		
98884	;		
98885	nun		
98886	aber		
98887	das		
98888	Bild		
98889	selbst		
98890	.		
98891	Ist		
98892	das		
98893	Quellrieseln		
98894	eines		
98895	Berges		
98896	ein		
98897	zweckmäßiges		
98898	Bild		
98899	für		
98900	das		
98901	Weinen		
98902	eines		
98903	Liebhabers	11645	(mention_id=11782|references=(entity=(entity_id=entity_0644|fullname=Sprechinstanz in Des Schäfers Botschaft|gender=m)),(entity=(entity_id=generic_4372|fullname=generic_0717|gender=u|specialcase_entity=generic)))
98904	?		
98905	Warum		
98906	soll		
98907	der		
98908	Berg		
98909	weinen		
98910	?		
98911	„		
98912	Weil		
98913	noch		
98914	sein		
98915	Lenz		
98916	nicht		
98917	kommen		
98918	will		
98919	“		
98920	?		
98921	Aber		
98922	der		
98923	Berg		
98924	hat		
98925	seit		
98926	tausend		
98927	und		
98928	mehr		
98929	Jahren		
98930	die		
98931	Erfahrung		
98932	gemacht		
98933	,		
98934	daß		
98935	der		
98936	Lenz		
98937	regelmäßig		
98938	kommt		
98939	.		
98940	Weinen		
98941	denn		
98942	wir	11646	(mention_id=11783|references=(entity=(entity_id=entity_0001|fullname=Dr. Moorfeld|gender=m)),(entity=(entity_id=entity_0014|fullname=Cöleste Bennet|gender=f)),(entity=(entity_id=entity_0097|fullname=Howland|gender=m)),(entity=(entity_id=generic_4373|fullname=generic_0718|gender=u|specialcase_entity=generic)))
98943	,		
98944	wenn		
98945	einmal		
98946	ein		
98947	Frühling		
98948	schlecht		
98949	geräth		
98950	?		
98951	Und		
98952	der		
98953	Berg		
98954	hat		
98955	ungleich		
98956	mehr		
98957	Zeit		
98958	zu		
98959	versäumen		
98960	.		
98961	Sie	11647	(mention_id=11784|references=(entity=(entity_id=entity_0014|fullname=Cöleste Bennet|gender=f)),(entity=(entity_id=entity_0097|fullname=Howland|gender=m)))
98962	merken		
98963	also		
98964	,		
98965	der		
98966	Gedanke		
98967	des		
98968	Gedichts		
98969	ist		
98970	Unsinn		
98971	.		
98972	Und		
98973	dieser		
98974	Unsinn		
98975	soll		
98976	der		
98977	Geliebten	11648	(mention_id=11785|references=(entity=(entity_id=entity_0652|fullname=Geliebte der Sprechinstanz in Des Schäfers Botschaft|gender=f)))
98978	viel		
98979	tausendmal		
98980	gesagt		
98981	werden		
98982	!		
98983	Ich	11649	(mention_id=11786|references=(entity=(entity_id=entity_0001|fullname=Dr. Moorfeld|gender=m)))
98984	danke		
98985	schön		
98986	.		
98987	Es		
98988	liegt		
98989	auf		
98990	der		
98991	Hand		
98992	,		
98993	warum		
98994	der		
98995	Dichter	11650	(mention_id=11787|references=(entity=(entity_id=entity_0014|fullname=Cöleste Bennet|gender=f)))
98996	ungeliebt		
98997	ist		
98998	.		
98999	Das		
99000	Mädchen	11651	(mention_id=11788|references=(entity=(entity_id=entity_0652|fullname=Geliebte der Sprechinstanz in Des Schäfers Botschaft|gender=f)))
99001	will		
99002	von		
99003	dem		
99004	langweiligen		
99005	Kauz	11652	(mention_id=11789|references=(entity=(entity_id=entity_0014|fullname=Cöleste Bennet|gender=f)))
99006	nichts		
99007	wissen		
99008	.		
99009	Er	11653	(mention_id=11790|references=(entity=(entity_id=entity_0014|fullname=Cöleste Bennet|gender=f)))
99010	kann		
99011	lange		
99012	singen		
99013	!		
99014	Er	11654	(mention_id=11791|references=(entity=(entity_id=entity_0014|fullname=Cöleste Bennet|gender=f)))
99015	wird		
99016	keinen		
99017	Eindruck		
99018	machen		
99019	.		
99020	Er	11655	(mention_id=11792|references=(entity=(entity_id=entity_0014|fullname=Cöleste Bennet|gender=f)))
99021	singt		
99022	—		
99023	ich	11656	(mention_id=11793|references=(entity=(entity_id=entity_0001|fullname=Dr. Moorfeld|gender=m)))
99024	wiederhole		
99025	es		
99026	,		
99027	um		
99028	Sie	11657	(mention_id=11794|references=(entity=(entity_id=entity_0014|fullname=Cöleste Bennet|gender=f)),(entity=(entity_id=entity_0097|fullname=Howland|gender=m)))
99029	mit		
99030	allen		
99031	höheren		
99032	Distinctionen		
99033	zu		
99034	verschonen		
99035	—		
99036	er	11658	(mention_id=11795|references=(entity=(entity_id=entity_0014|fullname=Cöleste Bennet|gender=f)))
99037	singt		
99038	nicht		
99039	zweckmäßig		
99040	.		
99041	Howland	11659	(mention_id=11796|references=(entity=(entity_id=entity_0097|fullname=Howland|gender=m)))
99042	hatte		
99043	Mühe		
99044	,		
99045	den		
99046	wilden		
99047	Freudenglanz		
99048	seines	11660	(mention_id=11797|references=(entity=(entity_id=entity_0097|fullname=Howland|gender=m)))
99049	Auges		
99050	zu		
99051	verbergen		
99052	.		
99053	Cöleste	11661	(mention_id=11798|references=(entity=(entity_id=entity_0014|fullname=Cöleste Bennet|gender=f)))
99054	sagte		
99055	schüchtern		
99056	,		
99057	fast		
99058	bittend		
99059	:		
99060	Es		
99061	ist		
99062	ja		
99063	nur		
99064	erotische		
99065	Poesie		
99066	!		
99067	Moorfeld	11662	(mention_id=11799|references=(entity=(entity_id=entity_0001|fullname=Dr. Moorfeld|gender=m)))
99068	glaubte		
99069	,		
99070	das		
99071	Mädchen	11663	(mention_id=11800|references=(entity=(entity_id=entity_0014|fullname=Cöleste Bennet|gender=f)))
99072	stehe		
99073	für		
99074	Howland	11664	(mention_id=11801|references=(entity=(entity_id=entity_0097|fullname=Howland|gender=m)))
99075	ein		
99076	,		
99077	und		
99078	wolle		
99079	ihm	11665	(mention_id=11802|references=(entity=(entity_id=entity_0097|fullname=Howland|gender=m)))
99080	mit		
99081	weiblichem		
99082	Tacte		
99083	aus		
99084	der		
99085	Klemme		
99086	helfen		
99087	.		
99088	Aber		
99089	selbst		
99090	wenn		
99091	er	11666	(mention_id=11803|references=(entity=(entity_id=entity_0001|fullname=Dr. Moorfeld|gender=m)))
99092	dem		
99093	Gegner	11667	(mention_id=11804|references=(entity=(entity_id=entity_0097|fullname=Howland|gender=m)))
99094	diese		
99095	Gunst		
99096	hätte		
99097	gönnen		
99098	wollen		
99099	—		
99100	und		
99101	es		
99102	wäre		
99103	in		
99104	in		
99105	diesem		
99106	Augenblicke		
99107	nicht		
99108	gemeine		
99109	Selbstverleugnung		
99110	gewesen		
99111	—		
99112	er	11668	(mention_id=11805|references=(entity=(entity_id=entity_0001|fullname=Dr. Moorfeld|gender=m)))
99113	durfte		
99114	die		
99115	Interessen		
99116	der		
99117	Poesie		
99118	nicht		
99119	preisgeben		
99120	.		
99121	Er	11669	(mention_id=11806|references=(entity=(entity_id=entity_0001|fullname=Dr. Moorfeld|gender=m)))
99122	freute		
99123	sich	11670	(mention_id=11807|references=(entity=(entity_id=entity_0001|fullname=Dr. Moorfeld|gender=m)))
99124	vielmehr		
99125	,		
99126	daß		
99127	Cöleste	11671	(mention_id=11808|references=(entity=(entity_id=entity_0014|fullname=Cöleste Bennet|gender=f)))
99128	selbst		
99129	an		
99130	dem		
99131	Stoffe		
99132	theilnahm		
99133	;		
99134	es		
99135	gab		
99136	ihm	11672	(mention_id=11809|references=(entity=(entity_id=entity_0001|fullname=Dr. Moorfeld|gender=m)))
99137	Gelegenheit		
99138	,		
99139	sich	11673	(mention_id=11810|references=(entity=(entity_id=entity_0001|fullname=Dr. Moorfeld|gender=m)))
99140	mit		
99141	jener		
99142	Wärme		
99143	des		
99144	Moments		
99145	zu		
99146	äußern		
99147	,		
99148	die		
99149	er	11674	(mention_id=11811|references=(entity=(entity_id=entity_0001|fullname=Dr. Moorfeld|gender=m)))
99150	vor		
99151	dem		
99152	Andern		
99153	nur		
99154	mühsam		
99155	zurückdrängte		
99156	.		
99157	Voll		
99158	Eifer		
99159	antwortete		
99160	er	11675	(mention_id=11812|references=(entity=(entity_id=entity_0001|fullname=Dr. Moorfeld|gender=m)))
99161	:		
99162	Warum		
99163	,		
99164	theuerste		
99165	Miß	11676	(mention_id=11813|references=(entity=(entity_id=entity_0014|fullname=Cöleste Bennet|gender=f)))
99166	,		
99167	soll		
99168	erotische		
99169	Poesie		
99170	zur		
99171	Trivialität		
99172	verdammt		
99173	sein		
99174	?		
99175	Doch		
99176	nicht		
99177	,		
99178	weil		
99179	sie		
99180	den		
99181	Frauen	11677	(mention_id=11814|references=(entity=(entity_id=generic_4374|fullname=generic_0719|gender=u|specialcase_entity=generic)))
99182	geweiht		
99183	ist		
99184	?		
99185	Aber		
99186	in		
99187	der		
99188	That		
99189	,		
99190	das		
99191	ist		
99192	die		
99193	Ursache		
99194	.		
99195	Die		
99196	erotischen		
99197	Dichter	11678	(mention_id=11815|references=(entity=(entity_id=generic_4375|fullname=generic_0720|gender=u|specialcase_entity=generic)),(entity=(entity_id=entity_0014|fullname=Cöleste Bennet|gender=f)))
99198	begehen		
99199	alle		
99200	Einen		
99201	Fehler		
99202	.		
99203	Sie	11679	(mention_id=11816|references=(entity=(entity_id=generic_4376|fullname=generic_0721|gender=u|specialcase_entity=generic)),(entity=(entity_id=entity_0014|fullname=Cöleste Bennet|gender=f)))
99204	glauben		
99205	die		
99206	Geliebte	11680	
99207	nicht		
99208	genug		
99209	feiern		
99210	zu		
99211	können		
99212	und		
99213	vergessen		
99214	sich	11681	(mention_id=11817|references=(entity=(entity_id=generic_4377|fullname=generic_0722|gender=u|specialcase_entity=generic)),(entity=(entity_id=entity_0014|fullname=Cöleste Bennet|gender=f)))
99215	selbst		
99216	.		
99217	Sie	11682	(mention_id=11818|references=(entity=(entity_id=generic_4378|fullname=generic_0723|gender=u|specialcase_entity=generic)),(entity=(entity_id=entity_0014|fullname=Cöleste Bennet|gender=f)))
99218	raffiniren		
99219	auf		
99220	den		
99221	forcirtesten		
99222	Ausdruck		
99223	der		
99224	Liebe		
99225	,		
99226	der		
99227	Zärtlichkeit		
99228	,		
99229	der		
99230	Ergebenheit		
99231	,		
99232	sie	11683	(mention_id=11819|references=(entity=(entity_id=entity_0014|fullname=Cöleste Bennet|gender=f)),(entity=(entity_id=generic_4379|fullname=generic_0724|gender=u|specialcase_entity=generic)))
99233	leisten		
99234	das		
99235	Möglichste		
99236	und		
99237	Unmöglichste		
99238	,		
99239	um		
99240	Herz		
99241	zu		
99242	zeigen		
99243	,		
99244	und		
99245	thun		
99246	nichts		
99247	,		
99248	um		
99249	Charakter		
99250	zu		
99251	zeigen		
99252	.		
99253	Das		
99254	ist		
99255	das		
99256	Grundübel		
99257	.		
99258	Sie	11684	(mention_id=11820|references=(entity=(entity_id=entity_0014|fullname=Cöleste Bennet|gender=f)),(entity=(entity_id=generic_4380|fullname=generic_0725|gender=u|specialcase_entity=generic)))
99259	opfern		
99260	Alle		
99261	das		
99262	männliche		
99263	Element		
99264	dem		
99265	weiblichen		
99266	.		
99267	So		
99268	geschieht's		
99269	,		
99270	daß		
99271	keine		
99272	Kunstgattung		
99273	mehr		
99274	Witz		
99275	aufbraucht		
99276	,		
99277	ihre		
99278	Ausdrucksmittel		
99279	stets		
99280	zu		
99281	erneuern		
99282	und		
99283	zu		
99284	verstärken		
99285	,		
99286	und		
99287	keine		
99288	rettungsloser		
99289	der		
99290	einen		
99291	und		
99292	ewigen		
99293	Ohnmacht		
99294	verfehmt		
99295	ist		
99296	,		
99297	als		
99298	die		
99299	erotische		
99300	Poesie		
99301	.		
99302	Eine		
99303	paradoxe		
99304	Forderung		
99305	:		
99306	den		
99307	Frauen	11685	(mention_id=11821|references=(entity=(entity_id=generic_4381|fullname=generic_0726|gender=u|specialcase_entity=generic)))
99308	zu		
99309	huldigen		
99310	und		
99311	sich	11686	(mention_id=11822|references=(entity=(entity_id=generic_4382|fullname=generic_0727|gender=u|specialcase_entity=generic)))
99312	selbst		
99313	dabei		
99314	zu		
99315	bedenken		
99316	,		
99317	warf		
99318	Howland	11687	(mention_id=11823|references=(entity=(entity_id=entity_0097|fullname=Howland|gender=m)))
99319	ein		
99320	.		
99321	Als		
99322	ob		
99323	den		
99324	Frauen	11688	(mention_id=11824|references=(entity=(entity_id=generic_4383|fullname=generic_0728|gender=u|specialcase_entity=generic)))
99325	gedient		
99326	wäre		
99327	mit		
99328	Männern	11689	(mention_id=11825|references=(entity=(entity_id=generic_4384|fullname=generic_0729|gender=u|specialcase_entity=generic)))
99329	ohne		
99330	Selbstgefühl		
99331	!		
99332	antwortete		
99333	Moorfeld	11690	(mention_id=11826|references=(entity=(entity_id=entity_0001|fullname=Dr. Moorfeld|gender=m)))
99334	.		
99335	Der		
99336	erotische		
99337	Dichter	11691	(mention_id=11827|references=(entity=(entity_id=generic_4385|fullname=generic_0730|gender=u|specialcase_entity=generic)))
99338	gewöhnlichen		
99339	Schlags		
99340	scheint		
99341	es		
99342	aber		
99343	fast		
99344	zu		
99345	glauben		
99346	.		
99347	Er	11692	(mention_id=11828|references=(entity=(entity_id=generic_4386|fullname=generic_0731|gender=u|specialcase_entity=generic)))
99348	plagt		
99349	sich	11693	(mention_id=11829|references=(entity=(entity_id=generic_4387|fullname=generic_0732|gender=u|specialcase_entity=generic)))
99350	auf's		
99351	Ausgesuchteste		
99352	,		
99353	die		
99354	Leidenschaft		
99355	zu		
99356	malen		
99357	,		
99358	und		
99359	vergißt		
99360	darüber		
99361	,		
99362	die		
99363	Kraft		
99364	anzu		
99365	deuten		
99366	,		
99367	die		
99368	von		
99369	dieser		
99370	Leidenschaft		
99371	besiegt		
99372	worden		
99373	ist		
99374	.		
99375	Das		
99376	ist's		
99377	,		
99378	was		
99379	ich	11694	(mention_id=11830|references=(entity=(entity_id=entity_0001|fullname=Dr. Moorfeld|gender=m)))
99380	seinen	11695	(mention_id=11831|references=(entity=(entity_id=generic_4388|fullname=generic_0733|gender=u|specialcase_entity=generic)))
99381	Grundfehler		
99382	nenne		
99383	.		
99384	Denn		
99385	die		
99386	Frauen	11696	(mention_id=11832|references=(entity=(entity_id=generic_4389|fullname=generic_0734|gender=u|specialcase_entity=generic)))
99387	wollen		
99388	Männer	11697	(mention_id=11833|references=(entity=(entity_id=generic_4390|fullname=generic_0735|gender=u|specialcase_entity=generic)))
99389	erobert		
99390	,		
99391	nicht		
99392	Strohhalme		
99393	geknickt		
99394	haben		
99395	.		
99396	Howland	11698	(mention_id=11834|references=(entity=(entity_id=entity_0097|fullname=Howland|gender=m)))
99397	entgegnete		
99398	aufreizend		
99399	:		
99400	Ich	11699	(mention_id=11835|references=(entity=(entity_id=entity_0097|fullname=Howland|gender=m)))
99401	finde		
99402	es		
99403	seltsam		
99404	,		
99405	Sir	11700	(mention_id=11836|references=(entity=(entity_id=entity_0001|fullname=Dr. Moorfeld|gender=m)))
99406	,		
99407	welche		
99408	Mühe		
99409	Sie	11701	(mention_id=11837|references=(entity=(entity_id=entity_0001|fullname=Dr. Moorfeld|gender=m)))
99410	aufwenden		
99411	,		
99412	ein		
99413	gutes		
99414	Gedicht		
99415	,		
99416	das		
99417	Sie	11702	(mention_id=11838|references=(entity=(entity_id=entity_0001|fullname=Dr. Moorfeld|gender=m)))
99418	herabsetzen		
99419	wollen		
99420	,		
99421	nach		
99422	einem		
99423	Ideale		
99424	zu		
99425	messen		
99426	,		
99427	das		
99428	nie		
99429	existirt		
99430	hat		
99431	und		
99432	nie		
99433	existiren		
99434	wird		
99435	.		
99436	Beispiele		
99437	,		
99438	Sir	11703	(mention_id=11839|references=(entity=(entity_id=entity_0001|fullname=Dr. Moorfeld|gender=m)))
99439	,		
99440	Beispiele		
99441	!		
99442	Endlich		
99443	haben		
99444	Sie	11704	(mention_id=11840|references=(entity=(entity_id=entity_0097|fullname=Howland|gender=m)))
99445	Recht		
99446	,		
99447	rief		
99448	Moorfeld	11705	(mention_id=11841|references=(entity=(entity_id=entity_0001|fullname=Dr. Moorfeld|gender=m)))
99449	lebhaft		
99450	.		
99451	Beispiele		
99452	!		
99453	Dabei		
99454	allein		
99455	kann		
99456	uns	11706	(mention_id=11842|references=(entity=(entity_id=entity_0001|fullname=Dr. Moorfeld|gender=m)),(entity=(entity_id=entity_0097|fullname=Howland|gender=m)),(entity=(entity_id=entity_0014|fullname=Cöleste Bennet|gender=f)))
99457	wohl		
99458	werden		
99459	!		
99460	Ich	11707	(mention_id=11843|references=(entity=(entity_id=entity_0001|fullname=Dr. Moorfeld|gender=m)))
99461	diene		
99462	mit		
99463	größtem		
99464	Vergnügen		
99465	.		
99466	Nur		
99467	die		
99468	Poesie		
99469	selbst		
99470	kann		
99471	die		
99472	Poesie		
99473	erklären		
99474	.		
99475	Howland	11708	(mention_id=11844|references=(entity=(entity_id=entity_0097|fullname=Howland|gender=m)))
99476	sah		
99477	mit		
99478	finsterster		
99479	Miene		
99480	,		
99481	wie		
99482	wenig		
99483	Verlegenheit		
99484	er	11709	(mention_id=11845|references=(entity=(entity_id=entity_0097|fullname=Howland|gender=m)))
99485	seinem	11710	(mention_id=11846|references=(entity=(entity_id=entity_0097|fullname=Howland|gender=m)))
99486	Rivalen	11711	(mention_id=11847|references=(entity=(entity_id=entity_0001|fullname=Dr. Moorfeld|gender=m)))
99487	bereitet		
99488	,		
99489	vielmehr		
99490	wie		
99491	glücklich		
99492	er	11712	(mention_id=11848|references=(entity=(entity_id=entity_0097|fullname=Howland|gender=m)))
99493	ihn	11713	(mention_id=11849|references=(entity=(entity_id=entity_0001|fullname=Dr. Moorfeld|gender=m)))
99494	gemacht		
99495	zu		
99496	haben		
99497	schien		
99498	.		
99499	Moorfeld	11714	(mention_id=11850|references=(entity=(entity_id=entity_0001|fullname=Dr. Moorfeld|gender=m)))
99500	war		
99501	plötzlich		
99502	verwandelt		
99503	,		
99504	aus		
99505	Ton		
99506	und		
99507	Haltung		
99508	verschwand		
99509	alle		
99510	Bitterkeit		
99511	der		
99512	Polemik		
99513	,		
99514	man		
99515	sah		
99516	,		
99517	ein		
99518	Geist		
99519	der		
99520	Freude		
99521	und		
99522	Befriedigung		
99523	kehrte		
99524	in		
99525	ihm	11715	(mention_id=11851|references=(entity=(entity_id=entity_0001|fullname=Dr. Moorfeld|gender=m)))
99526	ein		
99527	,		
99528	der		
99529	Wohllaut		
99530	einer		
99531	schönen		
99532	,		
99533	reingestimmten		
99534	Empfindung		
99535	zog		
99536	durch		
99537	seine	11716	(mention_id=11852|references=(entity=(entity_id=entity_0001|fullname=Dr. Moorfeld|gender=m)))
99538	Seele		
99539	.		
99540	Mit		
99541	diesem		
99542	Ausdruck		
99543	sprach		
99544	er	11717	(mention_id=11853|references=(entity=(entity_id=entity_0001|fullname=Dr. Moorfeld|gender=m)))
99545	folgende		
99546	Strophen		
99547	:		
99548	Hinter		
99549	dem		
99550	Walde		
99551	Steht		
99552	ein		
99553	Hüttchen		
99554	Eng		
99555	und		
99556	nieder		
99557	Mitten		
99558	im		
99559	Flieder		
99560	.		
99561	Aus		
99562	dem		
99563	Fenster		
99564	Lang'		
99565	ich		(mention_id=11854|references=(entity=(entity_id=entity_0643|fullname=Sprechinstanz im von Moorfeld vorgetragenen Gedicht|gender=m)))
99566	das		
99567	Dach		
99568	,		
99569	Netz'		
99570	ich		(mention_id=11855|references=(entity=(entity_id=entity_0643|fullname=Sprechinstanz im von Moorfeld vorgetragenen Gedicht|gender=m)))
99571	den		
99572	Finger		
99573	Unten		
99574	im		
99575	Bach		
99576	.		
99577	Eine		
99578	Rebe		
99579	Faßte		
99580	das		
99581	Ganze		
99582	Schlangenwindig		
99583	In		
99584	ihrem		
99585	Kranze		
99586	.		
99587	—		
99588	Ach		
99589	,		
99590	wie		
99591	kam		
99592	es		
99593	,		
99594	Daß		
99595	dieser		
99596	Zoll		
99597	Die		
99598	Welt		
99599	des		
99600	Mannes	11718	(mention_id=11856|references=(entity=(entity_id=generic_4391|fullname=generic_0736|gender=u|specialcase_entity=generic)))
99601	Bedeuten		
99602	soll		
99603	?		
99604	Höher		
99605	am		
99606	Hügel		
99607	Liegt		
99608	ein		
99609	Stein		
99610	,		
99611	Oft		
99612	fitz'		
99613	ich		(mention_id=11857|references=(entity=(entity_id=entity_0643|fullname=Sprechinstanz im von Moorfeld vorgetragenen Gedicht|gender=m)))
99614	droben		
99615	Im		
99616	Abendschein		
99617	—		
99618	Die		
99619	rothe		
99620	Erde		
99621	Rings		
99622	um		
99623	mich		(mention_id=11858|references=(entity=(entity_id=entity_0643|fullname=Sprechinstanz im von Moorfeld vorgetragenen Gedicht|gender=m)))
99624	her		
99625	,		
99626	Thäler		
99627	und		
99628	Hügel		
99629	Ufer		
99630	und		
99631	Meer		
99632	:		
99633	O		
99634	wie		
99635	entzückt'		
99636	es		
99637	Mir		(mention_id=11859|references=(entity=(entity_id=entity_0643|fullname=Sprechinstanz im von Moorfeld vorgetragenen Gedicht|gender=m)))
99638	sonst		
99639	die		
99640	Brust		
99641	!		
99642	Wie		
99643	wogt'		
99644	und		
99645	drängte		
99646	Thatenlust		
99647	Hinüber		
99648	,		
99649	hinüber		
99650	,		
99651	Hinaus		
99652	,		
99653	hinaus		
99654	,		
99655	Und		
99656	nirgend		
99657	die		
99658	Heimath		
99659	Die		
99660	Welt		
99661	mein		(mention_id=11860|references=(entity=(entity_id=entity_0643|fullname=Sprechinstanz im von Moorfeld vorgetragenen Gedicht|gender=m)))
99662	Haus		
99663	—		
99664	Das		
99665	ist		
99666	nun		
99667	Alles		
99668	Nun		
99669	Alles		
99670	dahin		
99671	!		
99672	Das		
99673	enge		
99674	Häuschen		
99675	Das		
99676	bannt		
99677	meinen		(mention_id=11861|references=(entity=(entity_id=entity_0643|fullname=Sprechinstanz im von Moorfeld vorgetragenen Gedicht|gender=m)))
99678	Sinn		
99679	!		
99680	Nicht		
99681	spreitete		
99682	drinn		
99683	sich		
99684	Der		
99685	kleinste		
99686	Baum		
99687	:		
99688	O		
99689	Leben		
99690	,		
99691	o		
99692	Jugend		
99693	,		
99694	Dir		
99695	gibt		
99696	es		
99697	Raum		
99698	!		
99699	—		
99700	Was		
99701	soll		
99702	ich		(mention_id=11862|references=(entity=(entity_id=entity_0643|fullname=Sprechinstanz im von Moorfeld vorgetragenen Gedicht|gender=m)))
99703	wünschen		
99704	?		
99705	Daß		
99706	es		
99707	so		
99708	bliebe		
99709	?		
99710	Daß		
99711	es		
99712	einst		
99713	ende		
99714	?		
99715	O		
99716	Liebe		
99717	!		
99718	Liebe		
99719	!		
99720	An		
99721	dieser		
99722	Stelle		
99723	würde		
99724	ein		
99725	anderer		
99726	Liebhaber	11719	(mention_id=11863|references=(entity=(entity_id=generic_4392|fullname=generic_0737|gender=u|specialcase_entity=generic)))
99727	vielleicht		
99728	zu		
99729	seufzen		
99730	erst		
99731	anfangen		
99732	,		
99733	sagte		
99734	Moorfeld	11720	(mention_id=11864|references=(entity=(entity_id=entity_0001|fullname=Dr. Moorfeld|gender=m)))
99735	;		
99736	—		
99737	der		
99738	unsrige	11721	(mention_id=11865|references=(entity=(entity_id=entity_0643|fullname=Sprechinstanz im von Moorfeld vorgetragenen Gedicht|gender=m)),(entity=(entity_id=entity_0001|fullname=Dr. Moorfeld|gender=m)))
99739	braucht		
99740	es		
99741	nicht		
99742	.		
99743	Die		
99744	Empfindung		
99745	an		
99746	sich		
99747	zu		
99748	halten		
99749	,		
99750	ist		
99751	unter		
99752	allen		
99753	Umständen		
99754	ausdrucksvoller		
99755	,		
99756	als		
99757	sie		
99758	auszudrücken		
99759	.		
99760	Hier		
99761	der		
99762	Schauplatz		
99763	der		
99764	Weiblichkeit		
99765	—		
99766	das		
99767	enge		
99768	niedrige		
99769	Hüttchen		
99770	,		
99771	—		
99772	dort		
99773	der		
99774	Schauplatz		
99775	der		
99776	Mannhaftigkeit		
99777	,		
99778	—		
99779	die		
99780	weite		
99781	thätige		
99782	Welt		
99783	—		
99784	und		
99785	das		
99786	Hüttchen	11722	
99787	Siegerin	11723	
99788	in		
99789	diesem		
99790	Contraste		
99791	.		
99792	Das		
99793	sagt		
99794	genug		
99795	.		
99796	Aber		
99797	Sie	11724	(mention_id=11866|references=(entity=(entity_id=entity_0014|fullname=Cöleste Bennet|gender=f)),(entity=(entity_id=entity_0097|fullname=Howland|gender=m)))
99798	sehen		
99799	,		
99800	eben		
99801	dieses		
99802	Contrastes		
99803	bedurft'		
99804	es		
99805	.		
99806	Hören		
99807	Sie	11725	(mention_id=11867|references=(entity=(entity_id=entity_0014|fullname=Cöleste Bennet|gender=f)),(entity=(entity_id=entity_0097|fullname=Howland|gender=m)))
99808	weiter		
99809	,		
99810	fuhr		
99811	Moorfeld	11726	(mention_id=11868|references=(entity=(entity_id=entity_0001|fullname=Dr. Moorfeld|gender=m)))
99812	fort		
99813	.		
99814	Von		
99815	dem		
99816	Geiste		
99817	der		
99818	Poesie		
99819	hingerissen		
99820	,		
99821	aufgeregt		
99822	in		
99823	seiner		(mention_id=11869|references=(entity=(entity_id=entity_0001|fullname=Dr. Moorfeld|gender=m)))
99824	tiefsten		
99825	Klangfähigkeit		
99826	,		
99827	war		
99828	ihm	11727	(mention_id=11870|references=(entity=(entity_id=entity_0001|fullname=Dr. Moorfeld|gender=m)))
99829	Howland	11728	(mention_id=11871|references=(entity=(entity_id=entity_0097|fullname=Howland|gender=m)))
99830	kaum		
99831	noch		
99832	etwas		
99833	Anderes		
99834	als		
99835	ein		
99836	blindes		
99837	,		
99838	ja		
99839	günstiges		
99840	Zufallsspiel		
99841	,		
99842	das		
99843	ihm	11729	(mention_id=11872|references=(entity=(entity_id=entity_0001|fullname=Dr. Moorfeld|gender=m)))
99844	erlaubte		
99845	,		
99846	an		
99847	erwünschtester		
99848	Stelle		
99849	das		
99850	Hochgefühl		
99851	dieser		
99852	Stunde		
99853	auszuströmen		
99854	.		
99855	Er	11730	(mention_id=11873|references=(entity=(entity_id=entity_0001|fullname=Dr. Moorfeld|gender=m)))
99856	recitirte		
99857	folgendes		
99858	Gedicht		
99859	:		
99860	Erst		
99861	baute		
99862	der		
99863	Mann	11731	(mention_id=11874|references=(entity=(entity_id=generic_4393|fullname=generic_0738|gender=u|specialcase_entity=generic)))
99864	die		
99865	Hütte		
99866	,		
99867	den		
99868	Herd		
99869	,		
99870	Und		
99871	fühlte		
99872	nur		
99873	sich	11732	(mention_id=11875|references=(entity=(entity_id=generic_4394|fullname=generic_0739|gender=u|specialcase_entity=generic)))
99874	und		
99875	das		
99876	Seine	11733	(mention_id=11876|references=(entity=(entity_id=generic_4395|fullname=generic_0740|gender=u|specialcase_entity=generic)))
99877	;		
99878	Sein	11734	(mention_id=11877|references=(entity=(entity_id=generic_4396|fullname=generic_0741|gender=u|specialcase_entity=generic)))
99879	Weib	11735	(mention_id=11878|references=(entity=(entity_id=generic_4397|fullname=generic_0742|gender=u|specialcase_entity=generic)))
99880	,		
99881	sein	11736	(mention_id=11879|references=(entity=(entity_id=generic_4398|fullname=generic_0743|gender=u|specialcase_entity=generic)))
99882	Kind	11737	(mention_id=11880|references=(entity=(entity_id=generic_4399|fullname=generic_0744|gender=u|specialcase_entity=generic)))
99883	war		
99884	ihm	11738	(mention_id=11881|references=(entity=(entity_id=generic_4400|fullname=generic_0745|gender=u|specialcase_entity=generic)))
99885	Alles		
99886	werth		
99887	,		
99888	Sie	11739	
99889	umschlossen		
99890	die		
99891	ganze		
99892	Gemeine	11740	(mention_id=11882|references=(entity=(entity_id=generic_4401|fullname=generic_0746|gender=u|specialcase_entity=generic)))
99893	.		
99894	Da		
99895	stand		
99896	vor		
99897	den		
99898	Laren	11741	(mention_id=11883|references=(entity=(entity_id=generic_4402|fullname=generic_0747|gender=u|specialcase_entity=generic)))
99899	im		
99900	häuslichen		
99901	Flur		
99902	Die		
99903	älteste		
99904	Gruppe		(mention_id=11884|references=(entity=(entity_id=generic_4403|fullname=generic_0748|gender=u|specialcase_entity=generic)))
99905	der		
99906	Natur		
99907	.		
99908	Dann		
99909	erwachte		
99910	das		
99911	mächtige		
99912	Stammgefühl		
99913	,		
99914	Dem		
99915	Gleichen		
99916	verband		
99917	sich		
99918	ein		
99919	Gleicher	11742	
99920	,		
99921	Häterien		(mention_id=11885|references=(entity=(entity_id=generic_4404|fullname=generic_0749|gender=u|specialcase_entity=generic)))
99922	stürzten		
99923	in's		
99924	Kampfgewühl		
99925	,		
99926	Es		
99927	belebte		
99928	die		
99929	Erde		
99930	sich		
99931	reicher		
99932	:		
99933	Das		
99934	verwandte		
99935	Blut		
99936	,		
99937	zur		
99938	Menge		
99939	gesellt		
99940	,		
99941	Umschaarte		
99942	das		
99943	patriarchalische		
99944	Zelt		
99945	.		
99946	Und		
99947	die		
99948	Stämme		(mention_id=11886|references=(entity=(entity_id=generic_4405|fullname=generic_0750|gender=u|specialcase_entity=generic)))
99949	vereinten		
99950	zum		
99951	Volke	11743	(mention_id=11887|references=(entity=(entity_id=generic_4406|fullname=generic_0751|gender=u|specialcase_entity=generic)))
99952	sich		
99953	,		
99954	Und		
99955	ergossen		
99956	sich		(mention_id=11888|references=(entity=(entity_id=generic_4407|fullname=generic_0752|gender=u|specialcase_entity=generic)))
99957	durch		
99958	die		
99959	Geschichte		
99960	;		
99961	Die		
99962	Fehden		
99963	ruhten		
99964	,		
99965	der		
99966	Hader		
99967	wich		
99968	,		
99969	Und		
99970	die		
99971	Einheit		
99972	drängte		
99973	zum		
99974	Lichte		
99975	;		
99976	Ein		
99977	Herz		
99978	,		
99979	eine		
99980	Sprache		
99981	,		
99982	ein		
99983	geistiges		
99984	Band		
99985	,		
99986	Ein		
99987	theures		
99988	,		
99989	ein		
99990	heiliges		
99991	Vaterland		
99992	!		
99993	Doch		
99994	die		
99995	Menschheit		(mention_id=11889|references=(entity=(entity_id=generic_4408|fullname=generic_0753|gender=u|specialcase_entity=generic)))
99996	wuchs		
99997	und		
99998	der		
99999	Geist		
100000	gebar		
100001	Die		
100002	großen		
100003	,		
100004	die		
100005	letzten		
100006	Gedanken		
100007	;		
100008	Das		
100009	Volk	11744	(mention_id=11890|references=(entity=(entity_id=generic_4409|fullname=generic_0754|gender=u|specialcase_entity=generic)))
100010	und		
100011	das		
100012	Land		
100013	,		
100014	wie		
100015	geliebt		
100016	es		
100017	war		
100018	,		
100019	Er	11745	
100020	zerbrach		
100021	sie		
100022	wie		
100023	dürftige		
100024	Schranken		
100025	,		
100026	Er	11746	
100027	umspannte		
100028	die		
100029	Welt		
100030	,		
100031	er	11747	
100032	umarmte		
100033	das		
100034	All		
100035	Und		
100036	erstürmte		
100037	der		
100038	Endlichkeit		
100039	äußersten		
100040	Wall		
100041	!		
100042	—		
100043	Der		
100044	Ring		
100045	ist		
100046	geschlossen		
100047	,		
100048	der		
100049	Kreis		
100050	ist		
100051	erfüllt		
100052	,		
100053	Und		
100054	zum		
100055	Anfang		
100056	strebet		
100057	das		
100058	Ende		
100059	.		
100060	Des		
100061	Denkers	11748	(mention_id=11891|references=(entity=(entity_id=generic_4410|fullname=generic_0755|gender=u|specialcase_entity=generic)))
100062	Haupt		
100063	in		
100064	Ideen		
100065	gehüllt		
100066	,		
100067	Wie		
100068	er	11749	(mention_id=11892|references=(entity=(entity_id=generic_4411|fullname=generic_0756|gender=u|specialcase_entity=generic)))
100069	Welten		
100070	zum		
100071	Heile		
100072	verbände		
100073	:		
100074	Er	11750	(mention_id=11893|references=(entity=(entity_id=generic_4412|fullname=generic_0757|gender=u|specialcase_entity=generic)))
100075	sinnet		
100076	und		
100077	sinnt		
100078	in		
100079	die		
100080	Ferne		
100081	hinaus		
100082	Und		
100083	sinnet		
100084	das		
100085	Glück		
100086	des		
100087	Lebens		
100088	nicht		
100089	aus		
100090	!		
100091	Es		
100092	erfreuet		
100093	ihn	11751	(mention_id=11894|references=(entity=(entity_id=generic_4413|fullname=generic_0758|gender=u|specialcase_entity=generic)))
100094	nicht		
100095	der		
100096	begeisterte		
100097	Kiel		
100098	Und		
100099	die		
100100	schönen		
100101	,		
100102	geschriebenen		
100103	Träume		
100104	,		
100105	Es		
100106	bevölkert		
100107	kein		
100108	luftiges		
100109	Schattenspiel		
100110	Des		
100111	Hauses		
100112	einsame		
100113	Räume		
100114	;		
100115	Der		
100116	Freund	11752	(mention_id=11895|references=(entity=(entity_id=generic_4414|fullname=generic_0759|gender=u|specialcase_entity=generic)))
100117	der		
100118	Menschheit		(mention_id=11896|references=(entity=(entity_id=generic_4415|fullname=generic_0760|gender=u|specialcase_entity=generic)))
100119	,		
100120	der		
100121	Bürger	11753	(mention_id=11897|references=(entity=(entity_id=generic_4416|fullname=generic_0761|gender=u|specialcase_entity=generic)))
100122	der		
100123	Welt		
100124	,		
100125	Er	11754	(mention_id=11898|references=(entity=(entity_id=generic_4417|fullname=generic_0762|gender=u|specialcase_entity=generic)))
100126	weinet		
100127	,		
100128	daß		
100129	ihm	11755	(mention_id=11899|references=(entity=(entity_id=generic_4418|fullname=generic_0763|gender=u|specialcase_entity=generic)))
100130	das		
100131	Nächste		
100132	fehlt		
100133	!		
100134	Und		
100135	der		
100136	stolze		
100137	Geist		
100138	,		
100139	er	11756	(mention_id=11900|references=(entity=(entity_id=generic_4419|fullname=generic_0764|gender=u|specialcase_entity=generic)))
100140	kehret		
100141	zurück		
100142	Zu		
100143	der		
100144	Menschheit		(mention_id=11901|references=(entity=(entity_id=generic_4420|fullname=generic_0765|gender=u|specialcase_entity=generic)))
100145	ältestem		
100146	Triebe		
100147	,		
100148	Das		
100149	erste		
100150	sucht		
100151	er	11757	(mention_id=11902|references=(entity=(entity_id=generic_4421|fullname=generic_0766|gender=u|specialcase_entity=generic)))
100152	,		
100153	das		
100154	süßeste		
100155	Glück		
100156	In		
100157	des		
100158	Weibes	11758	(mention_id=11903|references=(entity=(entity_id=generic_4422|fullname=generic_0767|gender=u|specialcase_entity=generic)))
100159	Schönheit		
100160	und		
100161	Liebe		
100162	;		
100163	Die		
100164	Hütte		
100165	wird		
100166	ihm	11759	(mention_id=11904|references=(entity=(entity_id=generic_4423|fullname=generic_0768|gender=u|specialcase_entity=generic)))
100167	,		
100168	der		
100169	häusliche		
100170	Herd		
100171	,		
100172	Die		
100173	Stimme		
100174	des		
100175	Herzens		
100176	das		
100177	Höchste		
100178	werth		
100179	!		
100180	Wohlan		
100181	denn		
100182	,		
100183	so		
100184	klag'		
100185	es		
100186	und		
100187	sag'		
100188	es		
100189	nur		
100190	:		
100191	Dies		
100192	Herz		
100193	,		
100194	es		
100195	leidet		
100196	und		
100197	liebet		
100198	!		
100199	Mit		
100200	ihm		
100201	ist		
100202	ja		
100203	ewig		
100204	die		
100205	Macht		
100206	der		
100207	Natur		
100208	,		
100209	Und		
100210	alles		
100211	Andre		
100212	zerstiebet		
100213	.		
100214	Es		
100215	singet		
100216	der		
100217	Menschlichkeit		
100218	sterbender		
100219	Schwan		
100220	,		
100221	Wenn		
100222	des		
100223	Weibes	11760	(mention_id=11905|references=(entity=(entity_id=generic_4424|fullname=generic_0769|gender=u|specialcase_entity=generic)))
100224	vergißt		
100225	der		
100226	vergeistigte		
100227	Mann	11761	(mention_id=11906|references=(entity=(entity_id=generic_4425|fullname=generic_0770|gender=u|specialcase_entity=generic)))
100228	!		
100229	Hier		
100230	ist		
100231	der		
100232	Liebe		
100233	,		
100234	sagte		
100235	Moorfeld	11762	(mention_id=11907|references=(entity=(entity_id=entity_0001|fullname=Dr. Moorfeld|gender=m)))
100236	,		
100237	nichts		
100238	Geringeres		
100239	als		
100240	die		
100241	ganze		
100242	Menschheitsgeschichte		
100243	entgegengesetzt		
100244	.		
100245	Familie		
100246	—		
100247	Stamm		
100248	—		
100249	Volk		
100250	—		
100251	Cosmopolitismus		
100252	—		
100253	vier		
100254	Weltalter		
100255	überwindet		
100256	sie		
100257	und		
100258	setzt		
100259	sich		
100260	als		
100261	ihr		
100262	Letztes		
100263	,		
100264	wie		
100265	sie		
100266	ihr	11763	
100267	Erstes		
100268	war		
100269	.		
100270	So		
100271	verstärkt		
100272	sich		
100273	das		
100274	Gefühl		
100275	durch		
100276	die		
100277	Macht		
100278	der		
100279	Idee		
100280	.		
100281	Was		
100282	hilft		
100283	es		
100284	,		
100285	den		
100286	Professor	11764	(mention_id=11908|references=(entity=(entity_id=generic_4426|fullname=generic_0771|gender=u|specialcase_entity=generic)))
100287	zum		
100288	Schäfer	11765	(mention_id=11909|references=(entity=(entity_id=generic_4427|fullname=generic_0772|gender=u|specialcase_entity=generic)))
100289	zu		
100290	verkleiden		
100291	,		
100292	und		
100293	im		
100294	Zeitalter		
100295	der		
100296	Reflexion		
100297	das		
100298	Haferrohr		
100299	des		
100300	Naturlauts		
100301	zu		
100302	blasen		
100303	?		
100304	Viel		
100305	besser		
100306	,		
100307	man		
100308	gesteht		
100309	diese		
100310	Reflexion		
100311	tapfer		
100312	ein		
100313	,		
100314	holt		
100315	aber		
100316	eben		
100317	aus		
100318	ihr		
100319	die		
100320	tiefere		
100321	und		
100322	tiefste		
100323	Begründung		
100324	des		
100325	Naturlauts		
100326	.		
100327	Ist		
100328	das		
100329	geschehen		
100330	,		
100331	dann		
100332	darf		
100333	der		
100334	Liebende	11766	(mention_id=11910|references=(entity=(entity_id=generic_4428|fullname=generic_0773|gender=u|specialcase_entity=generic)))
100335	wieder		
100336	weinen		
100337	wie		
100338	das		
100339	erste		
100340	einfachste		
100341	Menschenkind	11767	(mention_id=11911|references=(entity=(entity_id=generic_4429|fullname=generic_0774|gender=u|specialcase_entity=generic)))
100342	,		
100343	und		
100344	wahrlich		
100345	,		
100346	er	11768	(mention_id=11912|references=(entity=(entity_id=generic_4430|fullname=generic_0775|gender=u|specialcase_entity=generic)))
100347	weint		
100348	dann		
100349	erschütternder		
100350	,		
100351	als		
100352	der		
100353	Berg		
100354	weint		
100355	,		
100356	„		
100357	weil		
100358	noch		
100359	sein		(mention_id=11913|references=(entity=(entity_id=generic_4431|fullname=generic_0776|gender=u|specialcase_entity=generic)))
100360	Lenz		
100361	nicht		
100362	kommen		
100363	will		
100364	.		
100365	“		
100366	Thränen		
100367	,		
100368	die		
100369	über		
100370	Gedanken		
100371	rieseln		
100372	,		
100373	das		
100374	sind		
100375	Thränen		
100376	!		
100377	die		
100378	sind		
100379	des		
100380	Weibes	11769	(mention_id=11914|references=(entity=(entity_id=generic_4432|fullname=generic_0777|gender=u|specialcase_entity=generic)))
100381	werth		
100382	!		
100383	Howland	11770	(mention_id=11915|references=(entity=(entity_id=entity_0097|fullname=Howland|gender=m)))
100384	antwortete		
100385	auf		
100386	diese		
100387	Demonstration		
100388	mit		
100389	einem		
100390	gänzlichen		
100391	Abspringen		
100392	von		
100393	derselben		
100394	:		
100395	Wahrhaftig		
100396	,		
100397	Sir	11771	(mention_id=11916|references=(entity=(entity_id=entity_0001|fullname=Dr. Moorfeld|gender=m)))
100398	,		
100399	sagte		
100400	er	11772	(mention_id=11917|references=(entity=(entity_id=entity_0097|fullname=Howland|gender=m)))
100401	,		
100402	ich	11773	(mention_id=11918|references=(entity=(entity_id=entity_0097|fullname=Howland|gender=m)))
100403	finde		
100404	es		
100405	wenig		
100406	paßlich		
100407	,		
100408	in		
100409	Amerika		
100410	ein		
100411	amerikanisches		
100412	Gedicht		
100413	herabzuwürdigen		
100414	!		
100415	Jetzt		
100416	erkannte		
100417	Moorfeld	11774	(mention_id=11919|references=(entity=(entity_id=entity_0001|fullname=Dr. Moorfeld|gender=m)))
100418	die		
100419	deutliche		
100420	Absicht		
100421	dieses		
100422	Menschen	11775	(mention_id=11920|references=(entity=(entity_id=entity_0097|fullname=Howland|gender=m)))
100423	,		
100424	einen		
100425	Eclat		
100426	herbeizuführen		
100427	.		
100428	Hatte		
100429	er	11776	(mention_id=11921|references=(entity=(entity_id=entity_0001|fullname=Dr. Moorfeld|gender=m)))
100430	so		
100431	lange		
100432	ihm	11777	(mention_id=11922|references=(entity=(entity_id=entity_0097|fullname=Howland|gender=m)))
100433	Rede		
100434	gestanden		
100435	,		
100436	so		
100437	geschah		
100438	es		
100439	aus		
100440	Achtung		
100441	vor		
100442	Ort		
100443	und		
100444	Umgebung		
100445	;		
100446	diese		
100447	Achtung		
100448	gebot		
100449	endlich		
100450	die		
100451	entgegengesetzte		
100452	Behandlung		
100453	.		
100454	Moorfeld	11778	(mention_id=11923|references=(entity=(entity_id=entity_0001|fullname=Dr. Moorfeld|gender=m)))
100455	wandte		
100456	ihm	11779	(mention_id=11924|references=(entity=(entity_id=entity_0097|fullname=Howland|gender=m)))
100457	schweigend		
100458	den		
100459	Rücken		
100460	.		
100461	Aber		
100462	Howland	11780	(mention_id=11925|references=(entity=(entity_id=entity_0097|fullname=Howland|gender=m)))
100463	drang		
100464	heftig		
100465	in		
100466	ihn	11781	(mention_id=11926|references=(entity=(entity_id=entity_0001|fullname=Dr. Moorfeld|gender=m)))
100467	:		
100468	Was		
100469	sagen		
100470	Sie	11782	(mention_id=11927|references=(entity=(entity_id=entity_0001|fullname=Dr. Moorfeld|gender=m)))
100471	,		
100472	Sir	11783	(mention_id=11928|references=(entity=(entity_id=entity_0001|fullname=Dr. Moorfeld|gender=m)))
100473	?		
100474	Mit		
100475	dem		
100476	Aufwande		
100477	seiner	11784	(mention_id=11929|references=(entity=(entity_id=entity_0001|fullname=Dr. Moorfeld|gender=m)))
100478	letzten		
100479	Geduld		
100480	antwortete		
100481	Moorfeld	11785	(mention_id=11930|references=(entity=(entity_id=entity_0001|fullname=Dr. Moorfeld|gender=m)))
100482	:		
100483	Die		
100484	amerikanische		
100485	Lyrik		
100486	theilt		
100487	gegenwärtig		
100488	das		
100489	Schicksal		
100490	aller		
100491	Nachahmer		(mention_id=11931|references=(entity=(entity_id=generic_4433|fullname=generic_0778|gender=u|specialcase_entity=generic)))
100492	;		
100493	sie		
100494	copirt		
100495	die		
100496	schlechten		
100497	Seiten		
100498	ihres		
100499	europäischen		
100500	Originals		
100501	.		
100502	Wir	11786	(mention_id=11932|references=(entity=(entity_id=entity_0001|fullname=Dr. Moorfeld|gender=m)),(entity=(entity_id=entity_0097|fullname=Howland|gender=m)),(entity=(entity_id=generic_4434|fullname=generic_0779|gender=u|specialcase_entity=generic)))
100503	dürfen		
100504	hoffen		
100505	,		
100506	dieses		
100507	Stadium		
100508	wird		
100509	vorüber		
100510	gehen		
100511	.		
100512	Wie		
100513	,		
100514	Sir	11787	(mention_id=11933|references=(entity=(entity_id=entity_0001|fullname=Dr. Moorfeld|gender=m)))
100515	,		
100516	also		
100517	sind		
100518	Sie	11788	(mention_id=11934|references=(entity=(entity_id=entity_0001|fullname=Dr. Moorfeld|gender=m)))
100519	ein-		
100520	für		
100521	allemal		
100522	entschlossen		
100523	,		
100524	unsern	11789	(mention_id=11935|references=(entity=(entity_id=entity_0097|fullname=Howland|gender=m)))
100525	Dichter	11790	(mention_id=11936|references=(entity=(entity_id=entity_0014|fullname=Cöleste Bennet|gender=f)))
100526	en		
100527	chien		
100528	zu		
100529	behandeln		
100530	?		
100531	Ich	11791	(mention_id=11937|references=(entity=(entity_id=entity_0097|fullname=Howland|gender=m)))
100532	sage		
100533	Ihnen	11792	(mention_id=11938|references=(entity=(entity_id=entity_0001|fullname=Dr. Moorfeld|gender=m)))
100534	aber		
100535	,		
100536	eine		
100537	Lady	11793	(mention_id=11939|references=(entity=(entity_id=entity_0014|fullname=Cöleste Bennet|gender=f)))
100538	hat		
100539	diese		
100540	Verse		
100541	gemacht		
100542	;		
100543	werden		
100544	Sie	11794	(mention_id=11940|references=(entity=(entity_id=entity_0001|fullname=Dr. Moorfeld|gender=m)))
100545	jetzt		
100546	Ihr	11795	(mention_id=11941|references=(entity=(entity_id=entity_0001|fullname=Dr. Moorfeld|gender=m)))
100547	Urtheil		
100548	mildern		
100549	,		
100550	Sir	11796	(mention_id=11942|references=(entity=(entity_id=entity_0001|fullname=Dr. Moorfeld|gender=m)))
100551	?		
100552	Moorfeld	11797	(mention_id=11943|references=(entity=(entity_id=entity_0001|fullname=Dr. Moorfeld|gender=m)))
100553	,		
100554	dem	11798	(mention_id=11944|references=(entity=(entity_id=entity_0001|fullname=Dr. Moorfeld|gender=m)))
100555	der		
100556	Ausdruck		
100557	„		
100558	Verse		
100559	machen		
100560	“		
100561	allein		
100562	schon		
100563	ein		
100564	Gräuel		
100565	war		
100566	,		
100567	antwortete		
100568	kalt		
100569	:		
100570	Das		
100571	ist		
100572	für		
100573	die		
100574	Kritik		
100575	ein		
100576	Adiaphoron		
100577	.		
100578	God		
100579	damn		
100580	,		
100581	Sir	11799	(mention_id=11945|references=(entity=(entity_id=entity_0001|fullname=Dr. Moorfeld|gender=m)))
100582	!		
100583	Miß	11800	(mention_id=11946|references=(entity=(entity_id=entity_0014|fullname=Cöleste Bennet|gender=f)))
100584	Cöleste	11800	(mention_id=11946|references=(entity=(entity_id=entity_0014|fullname=Cöleste Bennet|gender=f)))
100585	Bennet	11800	(mention_id=11946|references=(entity=(entity_id=entity_0014|fullname=Cöleste Bennet|gender=f)))
100586	hat		
100587	diese		
100588	Verse		
100589	gemacht		
100590	;		
100591	wie		
100592	nun		
100593	?		
100594	Der		
100595	Dandy	11801	(mention_id=11947|references=(entity=(entity_id=entity_0097|fullname=Howland|gender=m)))
100596	hatte		
100597	seinen	11802	(mention_id=11948|references=(entity=(entity_id=entity_0097|fullname=Howland|gender=m)))
100598	Zweck		
100599	erreicht		
100600	.		
100601	Die		
100602	Sitte		
100603	ist		
100604	nur		
100605	für		
100606	den		
100607	Sittlichen		(mention_id=11949|references=(entity=(entity_id=generic_4435|fullname=generic_0780|gender=u|specialcase_entity=generic)))
100608	und		
100609	das		
100610	Gesetz		
100611	für		
100612	den		
100613	Gesetzlichen		(mention_id=11950|references=(entity=(entity_id=generic_4436|fullname=generic_0781|gender=u|specialcase_entity=generic)))
100614	da		
100615	.		
100616	Wie		
100617	ein		
100618	Vandale		(mention_id=11951|references=(entity=(entity_id=entity_0097|fullname=Howland|gender=m)))
100619	eine		
100620	kostbare		
100621	Vase		
100622	zerschlägt		
100623	,		
100624	so		
100625	war		
100626	der		
100627	glänzende		
100628	Augenblick		
100629	jetzt		
100630	in		
100631	Trümmer		
100632	geschlagen		
100633	.		
100634	Cöleste	11803	(mention_id=11952|references=(entity=(entity_id=entity_0014|fullname=Cöleste Bennet|gender=f)))
100635	erlag		
100636	unter		
100637	einer		
100638	Wucht		
100639	von		
100640	Scham		
100641	,		
100642	Zorn		
100643	und		
100644	Betrübniß		
100645	;		
100646	das		
100647	Weinen		
100648	trat		
100649	ihr	11804	(mention_id=11953|references=(entity=(entity_id=entity_0014|fullname=Cöleste Bennet|gender=f)))
100650	nahe		
100651	.		
100652	Howland	11805	(mention_id=11954|references=(entity=(entity_id=entity_0097|fullname=Howland|gender=m)))
100653	,		
100654	ihr	11806	(mention_id=11955|references=(entity=(entity_id=entity_0014|fullname=Cöleste Bennet|gender=f)))
100655	Beleidiger	11807	(mention_id=11956|references=(entity=(entity_id=entity_0097|fullname=Howland|gender=m)))
100656	,		
100657	brüstete		
100658	sich	11808	(mention_id=11957|references=(entity=(entity_id=entity_0097|fullname=Howland|gender=m)))
100659	als		
100660	ihr	11809	(mention_id=11958|references=(entity=(entity_id=entity_0014|fullname=Cöleste Bennet|gender=f)))
100661	Ritter	11810	(mention_id=11959|references=(entity=(entity_id=entity_0097|fullname=Howland|gender=m)))
100662	,		
100663	Moorfeld	11811	(mention_id=11960|references=(entity=(entity_id=entity_0001|fullname=Dr. Moorfeld|gender=m)))
100664	,		
100665	der	11812	(mention_id=11961|references=(entity=(entity_id=entity_0001|fullname=Dr. Moorfeld|gender=m)))
100666	ihr	11813	(mention_id=11962|references=(entity=(entity_id=entity_0014|fullname=Cöleste Bennet|gender=f)))
100667	Blumen		
100668	der		
100669	zartesten		
100670	Huldigung		
100671	gereicht		
100672	,		
100673	wurde		
100674	als		
100675	ihr	11814	(mention_id=11963|references=(entity=(entity_id=entity_0014|fullname=Cöleste Bennet|gender=f)))
100676	Beleidiger	11815	(mention_id=11964|references=(entity=(entity_id=entity_0001|fullname=Dr. Moorfeld|gender=m)))
100677	angegriffen		
100678	,		
100679	—		
100680	alle		
100681	Schönheitslinien		
100682	liefen		
100683	verwirrt		
100684	durcheinander		
100685	,		
100686	die		
100687	Rohheit		
100688	war		
100689	Meisterin		
100690	der		
100691	Situation		
100692	.		
100693	Cöleste	11816	(mention_id=11965|references=(entity=(entity_id=entity_0014|fullname=Cöleste Bennet|gender=f)))
100694	flüchtete		
100695	aus		
100696	dem		
100697	Kreise		
100698	.		
100699	Howland	11817	(mention_id=11966|references=(entity=(entity_id=entity_0097|fullname=Howland|gender=m)))
100700	nahm		
100701	sich	11818	(mention_id=11967|references=(entity=(entity_id=entity_0097|fullname=Howland|gender=m)))
100702	dabei		
100703	heraus		
100704	,		
100705	sie	11819	(mention_id=11968|references=(entity=(entity_id=entity_0014|fullname=Cöleste Bennet|gender=f)))
100706	an		
100707	der		
100708	Hand		
100709	zu		
100710	fassen		
100711	,		
100712	und		
100713	seine	11820	(mention_id=11969|references=(entity=(entity_id=entity_0097|fullname=Howland|gender=m)))
100714	Frechheit		
100715	zu		
100716	krönen		
100717	,		
100718	wandte		
100719	er	11821	(mention_id=11970|references=(entity=(entity_id=entity_0097|fullname=Howland|gender=m)))
100720	sich	11822	(mention_id=11971|references=(entity=(entity_id=entity_0097|fullname=Howland|gender=m)))
100721	an		
100722	Moorfeld	11823	(mention_id=11972|references=(entity=(entity_id=entity_0001|fullname=Dr. Moorfeld|gender=m)))
100723	mit		
100724	den		
100725	Worten		
100726	:		
100727	Mein	11824	(mention_id=11973|references=(entity=(entity_id=entity_0097|fullname=Howland|gender=m)))
100728	Herr	11825	(mention_id=11974|references=(entity=(entity_id=entity_0001|fullname=Dr. Moorfeld|gender=m)))
100729	,		
100730	ich	11826	(mention_id=11975|references=(entity=(entity_id=entity_0097|fullname=Howland|gender=m)))
100731	fordere		
100732	im		
100733	Namen		
100734	dieser		
100735	Dame	11827	(mention_id=11976|references=(entity=(entity_id=entity_0014|fullname=Cöleste Bennet|gender=f)))
100736	Genugthuung		
100737	von		
100738	Ihnen	11828	(mention_id=11977|references=(entity=(entity_id=entity_0001|fullname=Dr. Moorfeld|gender=m)))
100739	.		
100740	Der		
100741	Herr	11829	(mention_id=11978|references=(entity=(entity_id=entity_0001|fullname=Dr. Moorfeld|gender=m)))
100742	Doctor	11829	(mention_id=11978|references=(entity=(entity_id=entity_0001|fullname=Dr. Moorfeld|gender=m)))
100743	wird		
100744	sie		
100745	ihr	11830	(mention_id=11979|references=(entity=(entity_id=entity_0014|fullname=Cöleste Bennet|gender=f)))
100746	geben		
100747	,		
100748	erscholl		
100749	eine		
100750	Stimme		(mention_id=11980|references=(entity=(entity_id=entity_0055|fullname=Mr. Bennet|gender=m)|specialcase_reference=part))
100751	über		
100752	Howland's	11831	(mention_id=11981|references=(entity=(entity_id=entity_0097|fullname=Howland|gender=m)))
100753	Achsel		
100754	.		
100755	Moorfeld	11832	(mention_id=11982|references=(entity=(entity_id=entity_0001|fullname=Dr. Moorfeld|gender=m)))
100756	wandte		
100757	sich	11833	(mention_id=11983|references=(entity=(entity_id=entity_0001|fullname=Dr. Moorfeld|gender=m)))
100758	um		
100759	und		
100760	sah		
100761	mit		
100762	Verwunderung		
100763	,		
100764	daß		
100765	sich	11834	(mention_id=11984|references=(entity=(entity_id=entity_0656|fullname=größter Theil der Gesellschaft|gender=mf|specialcase_entity=group)))
100766	der		
100767	größte		
100768	Theil		(mention_id=11985|references=(entity=(entity_id=entity_0656|fullname=größter Theil der Gesellschaft|gender=mf|specialcase_entity=group)))
100769	der		
100770	Gesellschaft	11835	(mention_id=11986|references=(entity=(entity_id=entity_0655|fullname=Gesellschaft bei Bennet|gender=mf|specialcase_entity=group)))
100771	als		
100772	Zeuge		
100773	dieser		
100774	Scene		
100775	eingefunden		
100776	hatte		
100777	.		
100778	Der		
100779	Saal		
100780	war		
100781	fast		
100782	voll		
100783	gedrängt		
100784	von		
100785	Menschen	11836	(mention_id=11987|references=(entity=(entity_id=entity_0656|fullname=größter Theil der Gesellschaft|gender=mf|specialcase_entity=group)))
100786	.		
100787	Herr	11837	(mention_id=11988|references=(entity=(entity_id=entity_0055|fullname=Mr. Bennet|gender=m)))
100788	Bennet	11837	(mention_id=11988|references=(entity=(entity_id=entity_0055|fullname=Mr. Bennet|gender=m)))
100789	und		
100790	der		
100791	Kreis		(mention_id=11989|references=(entity=(entity_id=entity_0529|fullname=Theepartie|gender=m|members=entity_0505,entity_0508,entity_0509,entity_0510,entity_0512,entity_0514,entity_0524|all_members_given=False|specialcase_entity=group)))
100792	seines	11838	(mention_id=11990|references=(entity=(entity_id=entity_0055|fullname=Mr. Bennet|gender=m)))
100793	Theepavillons		
100794	standen		
100795	unter		
100796	den		
100797	Vordersten		(mention_id=11991|references=(entity=(entity_id=entity_0660|fullname=Vorderste|gender=u|members=entity_0055,entity_0529|all_members_given=False|specialcase_entity=group)))
100798	.		
100799	Herr	11839	(mention_id=11992|references=(entity=(entity_id=entity_0055|fullname=Mr. Bennet|gender=m)))
100800	Bennet	11839	(mention_id=11992|references=(entity=(entity_id=entity_0055|fullname=Mr. Bennet|gender=m)))
100801	trat		
100802	zwischen		
100803	Moorfeld	11840	(mention_id=11993|references=(entity=(entity_id=entity_0001|fullname=Dr. Moorfeld|gender=m)))
100804	und		
100805	Howland	11841	(mention_id=11994|references=(entity=(entity_id=entity_0097|fullname=Howland|gender=m)))
100806	vor		
100807	.		
100808	Der		
100809	Herr	11842	(mention_id=11995|references=(entity=(entity_id=entity_0001|fullname=Dr. Moorfeld|gender=m)))
100810	Doctor	11842	(mention_id=11995|references=(entity=(entity_id=entity_0001|fullname=Dr. Moorfeld|gender=m)))
100811	,		
100812	sagte		
100813	er	11843	(mention_id=11996|references=(entity=(entity_id=entity_0055|fullname=Mr. Bennet|gender=m)))
100814	zu		
100815	Howland	11844	(mention_id=11997|references=(entity=(entity_id=entity_0097|fullname=Howland|gender=m)))
100816	,		
100817	werden		
100818	die		
100819	Saison		
100820	an		
100821	dem		
100822	Ohio		
100823	zubringen		
100824	,		
100825	indeß		
100826	ich	11845	(mention_id=11998|references=(entity=(entity_id=entity_0055|fullname=Mr. Bennet|gender=m)))
100827	selbst		
100828	nach		
100829	Saratoga		
100830	gehe		
100831	.		
100832	Wir	11846	(mention_id=11999|references=(entity=(entity_id=entity_0055|fullname=Mr. Bennet|gender=m)),(entity=(entity_id=entity_0001|fullname=Dr. Moorfeld|gender=m)))
100833	beide	11847	(mention_id=12000|references=(entity=(entity_id=entity_0055|fullname=Mr. Bennet|gender=m)),(entity=(entity_id=entity_0001|fullname=Dr. Moorfeld|gender=m)))
100834	stehen		
100835	auf		
100836	dem		
100837	Punkte		
100838	der		
100839	Abreise		
100840	.		
100841	Aber		
100842	den		
100843	Winter		
100844	,		
100845	wie		
100846	ich	11848	(mention_id=12001|references=(entity=(entity_id=entity_0055|fullname=Mr. Bennet|gender=m)))
100847	höre		
100848	,		
100849	wird		
100850	unser	11849	(mention_id=12002|references=(entity=(entity_id=entity_0055|fullname=Mr. Bennet|gender=m)))
100851	verehrter		
100852	Gast	11850	(mention_id=12003|references=(entity=(entity_id=entity_0001|fullname=Dr. Moorfeld|gender=m)))
100853	Newyork	11850	
100854	zum		
100855	Aufententhalte		
100856	wählen		
100857	,		
100858	und		
100859	dann		
100860	—		
100861	wandte		
100862	er	11851	(mention_id=12004|references=(entity=(entity_id=entity_0055|fullname=Mr. Bennet|gender=m)))
100863	sich	11852	(mention_id=12005|references=(entity=(entity_id=entity_0055|fullname=Mr. Bennet|gender=m)))
100864	an		
100865	Moorfeld	11853	(mention_id=12006|references=(entity=(entity_id=entity_0001|fullname=Dr. Moorfeld|gender=m)))
100866	—		
100867	darf		
100868	ich	11854	(mention_id=12007|references=(entity=(entity_id=entity_0055|fullname=Mr. Bennet|gender=m)))
100869	Sie	11855	(mention_id=12008|references=(entity=(entity_id=entity_0001|fullname=Dr. Moorfeld|gender=m)))
100870	vielleicht		
100871	bitten		
100872	,		
100873	Sir	11856	(mention_id=12009|references=(entity=(entity_id=entity_0001|fullname=Dr. Moorfeld|gender=m)))
100874	,		
100875	ohne		
100876	dem		
100877	Berufe		
100878	Ihrer	11857	(mention_id=12010|references=(entity=(entity_id=entity_0001|fullname=Dr. Moorfeld|gender=m)))
100879	Privatmuße		
100880	sonst		
100881	nahe		
100882	zu		
100883	treten		
100884	,		
100885	die		
100886	ästhetische		
100887	Ausbildung		
100888	meiner	11858	(mention_id=12011|references=(entity=(entity_id=entity_0055|fullname=Mr. Bennet|gender=m)))
100889	Tochter	11859	(mention_id=12012|references=(entity=(entity_id=entity_0014|fullname=Cöleste Bennet|gender=f)))
100890	im		
100891	Fache		
100892	der		
100893	schönen		
100894	Redekünste		
100895	vollenden		
100896	zu		
100897	helfen		
100898	.		
100899	Miß	11860	(mention_id=12013|references=(entity=(entity_id=entity_0014|fullname=Cöleste Bennet|gender=f)))
100900	Cöleste	11860	(mention_id=12013|references=(entity=(entity_id=entity_0014|fullname=Cöleste Bennet|gender=f)))
100901	,		
100902	wie		
100903	Sie	11861	(mention_id=12014|references=(entity=(entity_id=entity_0001|fullname=Dr. Moorfeld|gender=m)))
100904	hörten		
100905	,		
100906	versucht		
100907	sich	11862	(mention_id=12015|references=(entity=(entity_id=entity_0014|fullname=Cöleste Bennet|gender=f)))
100908	in		
100909	der		
100910	Poesie		
100911	,		
100912	und		
100913	wie		
100914	Sie	11863	(mention_id=12016|references=(entity=(entity_id=entity_0001|fullname=Dr. Moorfeld|gender=m)))
100915	gleichfalls		
100916	hörten		
100917	,		
100918	sind		
100919	diese		
100920	Versuche		
100921	noch		
100922	derart		
100923	,		
100924	daß		
100925	daran		
100926	allerdings		
100927	genug		
100928	zu		
100929	thun		
100930	übrig		
100931	bleibt		
100932	.		
100933	Das		
100934	ist		
100935	die		
100936	Genugthuung		
100937	,		
100938	von		
100939	welcher		
100940	Mr.	11864	(mention_id=12017|references=(entity=(entity_id=entity_0097|fullname=Howland|gender=m)))
100941	Howland	11864	(mention_id=12017|references=(entity=(entity_id=entity_0097|fullname=Howland|gender=m)))
100942	sprach		
100943	;		
100944	lassen		
100945	Sie	11865	(mention_id=12018|references=(entity=(entity_id=entity_0001|fullname=Dr. Moorfeld|gender=m)))
100946	mich	11866	(mention_id=12019|references=(entity=(entity_id=entity_0055|fullname=Mr. Bennet|gender=m)))
100947	meine	11867	(mention_id=12020|references=(entity=(entity_id=entity_0055|fullname=Mr. Bennet|gender=m)))
100948	Bitte		
100949	mit		
100950	seiner	11868	(mention_id=12021|references=(entity=(entity_id=entity_0097|fullname=Howland|gender=m)))
100951	vereinigen		
100952	,		
100953	daß		
100954	Sie	11869	(mention_id=12022|references=(entity=(entity_id=entity_0001|fullname=Dr. Moorfeld|gender=m)))
100955	diese		
100956	Genugthuung		
100957	zusagen		
100958	wollen		
100959	.		
100960	Wer	11870	(mention_id=12023|references=(entity=(entity_id=generic_4437|fullname=generic_0782|gender=u|specialcase_entity=generic)))
100961	zu		
100962	beschreiben		
100963	unternommen		
100964	hat		
100965	,		
100966	sollte		
100967	von		
100968	dem		
100969	Ausdrucke		
100970	:		
100971	eine		
100972	Sache		
100973	sei		
100974	nicht		
100975	zu		
100976	beschreiben		
100977	,		
100978	nur		
100979	den		
100980	sparsamsten		
100981	Gebrauch		
100982	machen		
100983	;		
100984	an		
100985	diesem		
100986	Orte		
100987	aber		
100988	müssen		
100989	wir	11871	(mention_id=12024|references=(entity=(entity_id=entity_0007|fullname=Erzählinstanz|gender=u)))
100990	bitten		
100991	,		
100992	den		
100993	Ausdruck		
100994	uns	11872	(mention_id=12025|references=(entity=(entity_id=entity_0007|fullname=Erzählinstanz|gender=u)))
100995	zu		
100996	gestatten		
100997	.		
100998	Es		
100999	ist		
101000	schwer		
101001	zu		
101002	beschreiben		
101003	,		
101004	welche		
101005	Wendung		
101006	diese		
101007	Dazwischenkunft		
101008	Bennet's	11873	(mention_id=12026|references=(entity=(entity_id=entity_0055|fullname=Mr. Bennet|gender=m)))
101009	der		
101010	ganzen		
101011	Situation		
101012	wie		
101013	auf		
101014	einen		
101015	Zauberschlag		
101016	mittheilte		
101017	.		
101018	Moorfeld	11874	(mention_id=12027|references=(entity=(entity_id=entity_0001|fullname=Dr. Moorfeld|gender=m)))
101019	sah		
101020	sich	11875	(mention_id=12028|references=(entity=(entity_id=entity_0001|fullname=Dr. Moorfeld|gender=m)))
101021	plötzlich		
101022	an		
101023	einem		
101024	seiner	11876	(mention_id=12029|references=(entity=(entity_id=entity_0001|fullname=Dr. Moorfeld|gender=m)))
101025	flüchtigsten		
101026	Worte		
101027	gebunden		
101028	,		
101029	und		
101030	unter		
101031	anspruchlosem		
101032	Namen		
101033	von		
101034	einem		
101035	Verhältniß		
101036	ergriffen		
101037	,		
101038	daß		
101039	er	11877	(mention_id=12030|references=(entity=(entity_id=entity_0001|fullname=Dr. Moorfeld|gender=m)))
101040	eher		
101041	ein		
101042	Orakel		
101043	als		
101044	eine		
101045	Menschenstimme		
101046	zu		
101047	hören		
101048	glaubte		
101049	,		
101050	—		
101051	Cöleste	11878	(mention_id=12031|references=(entity=(entity_id=entity_0014|fullname=Cöleste Bennet|gender=f)))
101052	war		
101053	überrascht		
101054	,		
101055	verwirrt		
101056	,		
101057	verlegen		
101058	,		
101059	bestürzt		
101060	,		
101061	erfreut		
101062	,		
101063	fliegende		
101064	Farben		
101065	wechselten		
101066	widerspruchsvoll		
101067	auf		
101068	ihrem	11879	(mention_id=12032|references=(entity=(entity_id=entity_0014|fullname=Cöleste Bennet|gender=f)))
101069	Antlitze		
101070	,		
101071	und		
101072	das		
101073	leichtverletzliche		
101074	Mädchenherz	11880	(mention_id=12033|references=(entity=(entity_id=entity_0014|fullname=Cöleste Bennet|gender=f)|specialcase_reference=part))
101075	schien		
101076	vor		
101077	Allem		
101078	nur		
101079	Eins		
101080	zu		
101081	empfinden		
101082	:		
101083	den		
101084	Gewaltact		
101085	des		
101086	Zufalls		
101087	,		
101088	—		
101089	der		
101090	Rowdy	11881	(mention_id=12034|references=(entity=(entity_id=entity_0097|fullname=Howland|gender=m)))
101091	Howland	11881	(mention_id=12034|references=(entity=(entity_id=entity_0097|fullname=Howland|gender=m)))
101092	stand		
101093	da		
101094	,		
101095	blaß		
101096	und		
101097	zitternd		
101098	vor		
101099	Aufregung		
101100	;		
101101	Wuth		
101102	,		
101103	Scham		
101104	,		
101105	Neid		
101106	,		
101107	ein		
101108	Heer		
101109	von		
101110	giftigen		
101111	Leidenschaften		
101112	durchjagte		
101113	seine	11882	(mention_id=12035|references=(entity=(entity_id=entity_0097|fullname=Howland|gender=m)))
101114	ausdrucksvollen		
101115	Züge		
101116	,		
101117	—		
101118	Mr.	11883	(mention_id=12036|references=(entity=(entity_id=entity_0055|fullname=Mr. Bennet|gender=m)))
101119	Bennet	11883	(mention_id=12036|references=(entity=(entity_id=entity_0055|fullname=Mr. Bennet|gender=m)))
101120	selbst		
101121	,		
101122	die		
101123	verkörperte		
101124	Salonsitte	11884	
101125	dieses		
101126	Augenblicks		
101127	,		
101128	konnte		
101129	ein		
101130	leichtes		
101131	Wanken		
101132	seiner	11885	(mention_id=12037|references=(entity=(entity_id=entity_0055|fullname=Mr. Bennet|gender=m)))
101133	Stimme		
101134	nicht		
101135	ganz		
101136	verbergen		
101137	,		
101138	und		
101139	der		
101140	Sturm		
101141	,		
101142	den		
101143	sein	11886	(mention_id=12038|references=(entity=(entity_id=entity_0055|fullname=Mr. Bennet|gender=m)))
101144	Zauberstab		
101145	so		
101146	plötzlich		
101147	erstickt		
101148	,		
101149	pulsirte		
101150	unter		
101151	ruhiger		
101152	Oberfläche		
101153	in		
101154	seinem	11887	(mention_id=12039|references=(entity=(entity_id=entity_0055|fullname=Mr. Bennet|gender=m)))
101155	Innern		
101156	.		
101157	Und		
101158	wie		
101159	die		
101160	feineren		
101161	Formen		
101162	der		
101163	Gesellschaft		(mention_id=12040|references=(entity=(entity_id=generic_4438|fullname=generic_0783|gender=u|specialcase_entity=generic)))
101164	dem		
101165	Ueberraschenden		
101166	als		
101167	solchem		
101168	keinen		
101169	Ausdruck		
101170	gestatten		
101171	,		
101172	so		
101173	war		
101174	es		
101175	ein		
101176	seltsamer		
101177	,		
101178	ja		
101179	humoristischer		
101180	Contrast		
101181	,		
101182	daß		
101183	Jeder	11888	(mention_id=12041|references=(entity=(entity_id=entity_0001|fullname=Dr. Moorfeld|gender=m)),(entity=(entity_id=entity_0014|fullname=Cöleste Bennet|gender=f)),(entity=(entity_id=entity_0097|fullname=Howland|gender=m)))
101184	der		
101185	Betheiligten	11889	(mention_id=12042|references=(entity=(entity_id=entity_0001|fullname=Dr. Moorfeld|gender=m)),(entity=(entity_id=entity_0014|fullname=Cöleste Bennet|gender=f)),(entity=(entity_id=entity_0097|fullname=Howland|gender=m)))
101186	diese		
101187	ungewöhnliche		
101188	Bewegung		
101189	in		
101190	den		
101191	Umgangsformeln		
101192	des		
101193	alltäglichen		
101194	Curses		
101195	abfinden		
101196	mußte		
101197	.		
101198	Moorfeld	11890	(mention_id=12043|references=(entity=(entity_id=entity_0001|fullname=Dr. Moorfeld|gender=m)))
101199	sprach		
101200	von		
101201	seiner	11891	(mention_id=12044|references=(entity=(entity_id=entity_0001|fullname=Dr. Moorfeld|gender=m)))
101202	„		
101203	Bereitwilligkeit		
101204	“		
101205	,		
101206	Cöleste	11892	(mention_id=12045|references=(entity=(entity_id=entity_0014|fullname=Cöleste Bennet|gender=f)))
101207	stotterte		
101208	von		
101209	ihrem	11893	(mention_id=12046|references=(entity=(entity_id=entity_0014|fullname=Cöleste Bennet|gender=f)))
101210	„		
101211	Vergnügen		
101212	“		
101213	,		
101214	Mr.	11894	(mention_id=12047|references=(entity=(entity_id=entity_0055|fullname=Mr. Bennet|gender=m)))
101215	Bennet	11894	(mention_id=12047|references=(entity=(entity_id=entity_0055|fullname=Mr. Bennet|gender=m)))
101216	von		
101217	seiner	11895	(mention_id=12048|references=(entity=(entity_id=entity_0055|fullname=Mr. Bennet|gender=m)))
101218	„		
101219	Freude		
101220	“		
101221	und		
101222	selbst		
101223	Howland	11896	(mention_id=12049|references=(entity=(entity_id=entity_0097|fullname=Howland|gender=m)))
101224	von		
101225	einem		
101226	„		
101227	kleinen		
101228	Mißverständnisse		
101229	“		
101230	.		
101231	Man		
101232	sei		
101233	im		
101234	Cirkel		
101235	dieses		
101236	Salons		
101237	,		
101238	sagte		
101239	er	11897	(mention_id=12050|references=(entity=(entity_id=entity_0097|fullname=Howland|gender=m)))
101240	,		
101241	so		
101242	sehr		
101243	gewohnt		
101244	,		
101245	die		
101246	Kunstübungen		
101247	der		
101248	Misses	11898	(mention_id=12051|references=(entity=(entity_id=entity_0014|fullname=Cöleste Bennet|gender=f)),(entity=(entity_id=entity_0040|fullname=Jenny Bennet|gender=f)),(entity=(entity_id=entity_0041|fullname=Bennets zweite Tochter|gender=f)))
101249	als		
101250	bekannt		
101251	vorauszusetzen		
101252	,		
101253	und		
101254	namentlich		
101255	„		
101256	des		
101257	Schäfers	11899	
101258	Botschaft		
101259	“		
101260	als		
101261	eine		
101262	Celebrität		
101263	unter		
101264	den		
101265	Freunden	11900	(mention_id=12052|references=(entity=(entity_id=entity_0669|fullname=Freunde des Hauses Bennet|gender=u|members=entity_0097|all_members_given=False|specialcase_entity=group)))
101266	des		
101267	Hauses		
101268	zu		
101269	betrachten		
101270	,		
101271	daß		
101272	der		
101273	ausnahmsweise		
101274	Fall		
101275	mit		
101276	einem		
101277	Fremden	11901	(mention_id=12053|references=(entity=(entity_id=entity_0001|fullname=Dr. Moorfeld|gender=m)))
101278	ihn	11902	(mention_id=12054|references=(entity=(entity_id=entity_0097|fullname=Howland|gender=m)))
101279	zu		
101280	einer		
101281	Uebereilung		
101282	verleitet		
101283	.		
101284	Dazu		
101285	erklärte		
101286	der		
101287	Engländer	11903	(mention_id=12055|references=(entity=(entity_id=entity_0259|fullname=Lord Arthur Ormond|gender=m)))
101288	,		
101289	dessen	11904	(mention_id=12056|references=(entity=(entity_id=entity_0259|fullname=Lord Arthur Ormond|gender=m)))
101290	abnormer		
101291	Gesichtsvorsprung		
101292	im		
101293	Kreise		
101294	dieser		
101295	Gruppe	11905	(mention_id=12057|references=(entity=(entity_id=entity_0660|fullname=Vorderste|gender=u|members=entity_0055,entity_0529|all_members_given=False|specialcase_entity=group)))
101296	jetzt		
101297	auch		
101298	bemerkt		
101299	wurde		
101300	,		
101301	daß		
101302	er	11906	(mention_id=12058|references=(entity=(entity_id=entity_0259|fullname=Lord Arthur Ormond|gender=m)))
101303	das		
101304	Versehen		
101305	auf		
101306	sich	11907	(mention_id=12059|references=(entity=(entity_id=entity_0259|fullname=Lord Arthur Ormond|gender=m)))
101307	nähme		
101308	,		
101309	den		
101310	neu		
101311	eingeführten		
101312	Gast	11908	(mention_id=12060|references=(entity=(entity_id=entity_0001|fullname=Dr. Moorfeld|gender=m)))
101313	über		
101314	diese		
101315	Punkte		
101316	im		
101317	Dunkel		
101318	gelassen		
101319	zu		
101320	haben		
101321	.		
101322	Ein		
101323	dringendes		
101324	Motiv		
101325	habe		
101326	seine	11909	(mention_id=12061|references=(entity=(entity_id=entity_0259|fullname=Lord Arthur Ormond|gender=m)))
101327	Aufmerksamkeit		
101328	unterwegs		
101329	auf		
101330	das		
101331	Thema		
101332	der		
101333	Thier-Perfectibilität		
101334	gelenkt		
101335	.		
101336	Das		
101337	Alles		
101338	mochte		
101339	nun		
101340	gelten		
101341	,		
101342	so		
101343	viel		
101344	es		
101345	werth		
101346	war		
101347	.		
101348	Genug		
101349	,		
101350	die		
101351	Rohheit		
101352	und		
101353	die		
101354	Narrheit		
101355	hatten		
101356	ihre		
101357	Mission		
101358	hier		
101359	erfüllt		
101360	.		
101361	Ihrer		
101362	bedurfte		
101363	es		
101364	,		
101365	um		
101366	den		
101367	Abend		
101368	zu		
101369	enden		
101370	,		
101371	wie		
101372	er		
101373	endete		
101374	.		
101375	Das		
101376	sagte		
101377	sich	11910	(mention_id=12062|references=(entity=(entity_id=entity_0001|fullname=Dr. Moorfeld|gender=m)))
101378	Moorfeld	11911	(mention_id=12063|references=(entity=(entity_id=entity_0001|fullname=Dr. Moorfeld|gender=m)))
101379	,		
101380	indem		
101381	der		
101382	beleidigende		
101383	Mißklang		
101384	dieser		
101385	Scene		
101386	seine	11912	(mention_id=12064|references=(entity=(entity_id=entity_0001|fullname=Dr. Moorfeld|gender=m)))
101387	Seele		
101388	verließ		
101389	und		
101390	ein		
101391	Strom		
101392	von		
101393	goldenen		
101394	Harmonien		
101395	darüber		
101396	herfloß		
101397	.		
101398	Den		
101399	weiteren		
101400	Verlauf		
101401	dieses		
101402	Abends		
101403	übergehen		
101404	wir	11913	(mention_id=12065|references=(entity=(entity_id=entity_0007|fullname=Erzählinstanz|gender=u)))
101405	.		
101406	Es		
101407	war		
101408	schon		
101409	tief		
101410	in		
101411	der		
101412	Nacht		
101413	,		
101414	als		
101415	Moorfeld	11914	(mention_id=12066|references=(entity=(entity_id=entity_0001|fullname=Dr. Moorfeld|gender=m)))
101416	unter		
101417	den		
101418	dunklen		
101419	Bäumen		
101420	der		
101421	Battery		
101422	das		
101423	Haus		
101424	hinter		
101425	sich	11915	(mention_id=12067|references=(entity=(entity_id=entity_0001|fullname=Dr. Moorfeld|gender=m)))
101426	zurückließ		
101427	,		
101428	dem		
101429	ein		
101430	Raphael	11916	(mention_id=12068|references=(entity=(entity_id=entity_0534|fullname=Raphael|gender=m)))
101431	die		
101432	Form		
101433	gegeben		
101434	.		
101435	Er	11917	(mention_id=12069|references=(entity=(entity_id=entity_0001|fullname=Dr. Moorfeld|gender=m)))
101436	sollte		
101437	jetzt		
101438	Geist		
101439	hineintragen		
101440	.		
101441	Er	11918	(mention_id=12070|references=(entity=(entity_id=entity_0001|fullname=Dr. Moorfeld|gender=m)))
101442	sollte		
101443	dem		
101444	Mädchen	11919	(mention_id=12071|references=(entity=(entity_id=entity_0014|fullname=Cöleste Bennet|gender=f)))
101445	,		
101446	das	11920	(mention_id=12072|references=(entity=(entity_id=entity_0014|fullname=Cöleste Bennet|gender=f)))
101447	ihm	11921	(mention_id=12073|references=(entity=(entity_id=entity_0001|fullname=Dr. Moorfeld|gender=m)))
101448	ein		
101449	Adelswappen		
101450	ihres	11922	(mention_id=12074|references=(entity=(entity_id=entity_0014|fullname=Cöleste Bennet|gender=f)))
101451	Geschlechtes		(mention_id=12075|references=(entity=(entity_id=generic_4439|fullname=generic_0784|gender=u|specialcase_entity=generic)))
101452	war		
101453	,		
101454	lehrend		
101455	und		
101456	bildend		
101457	zur		
101458	Seite		
101459	stehen		
101460	,		
101461	sollte		
101462	in		
101463	der		
101464	schönsten		
101465	Gruppe		
101466	zu		
101467	ihr	11923	(mention_id=12076|references=(entity=(entity_id=entity_0014|fullname=Cöleste Bennet|gender=f)))
101468	stehen		
101469	,		
101470	die	11924	
101471	in		
101472	der		
101473	sinnlich-geistigen		
101474	Welt		
101475	denkbar		
101476	ist		
101477	,		
101478	weil		
101479	sie	11925	
101480	die		
101481	reinste		
101482	und		
101483	fließendste		
101484	Bewegung		
101485	gestattet		
101486	,		
101487	Sinn		
101488	und		
101489	Geist		
101490	in		
101491	vollwirkendem		
101492	Wechselverhältniß		
101493	zu		
101494	erfüllen		
101495	.		
101496	Auf		
101497	dem		
101498	späten		
101499	Nachhauseweg		
101500	ging		
101501	der		
101502	abnehmende		
101503	Mond		
101504	über		
101505	ihm	11926	(mention_id=12077|references=(entity=(entity_id=entity_0001|fullname=Dr. Moorfeld|gender=m)))
101506	auf		
101507	.		
101508	Romulus	11927	(mention_id=12078|references=(entity=(entity_id=entity_0453|fullname=Romulus|gender=m)))
101509	und		
101510	Remus		(mention_id=12079|references=(entity=(entity_id=entity_0451|fullname=Remus|gender=m)))
101511	!		
101512	hatte		
101513	ihm	11928	(mention_id=12080|references=(entity=(entity_id=entity_0001|fullname=Dr. Moorfeld|gender=m)))
101514	Moorfeld	11929	(mention_id=12081|references=(entity=(entity_id=entity_0001|fullname=Dr. Moorfeld|gender=m)))
101515	vorgestern		
101516	zugerufen		
101517	—		
101518	gewisse		
101519	menschliche		
101520	Verhältnisse		
101521	haben		
101522	für		
101523	ewig		
101524	ihre		
101525	Symbole		
101526	—		
101527	Abälard	11930	(mention_id=12082|references=(entity=(entity_id=entity_0673|fullname=Abälard|gender=m)))
101528	und		
101529	Heloise	11931	(mention_id=12083|references=(entity=(entity_id=entity_0677|fullname=Heloise|gender=f)))
101530	!		
101531	rief		
101532	er	11932	(mention_id=12084|references=(entity=(entity_id=entity_0001|fullname=Dr. Moorfeld|gender=m)))
101533	heute		
101534	.		
101535	Zweites		
101536	Buch		
101537	.		
