i	token	mention	gold
182949	Drittes		
182950	Kapitel		
182951	.		
182952	Es		
182953	war		
182954	keine		
182955	Person		
182956	,		
182957	es		
182958	war		
182959	eine		
182960	—		
182961	Rede		
182962	,		
182963	die		
182964	jetzt		
182965	durch		
182966	Newyorks	21419	
182967	Straßentumult		
182968	fuhr		
182969	,		
182970	als		
182971	sich	21420	(mention_id=21760|references=(entity=(entity_id=entity_0001|fullname=Dr. Moorfeld|gender=m)))
182972	Moorfeld	21421	(mention_id=21761|references=(entity=(entity_id=entity_0001|fullname=Dr. Moorfeld|gender=m)))
182973	in		
182974	seinen	21422	(mention_id=21762|references=(entity=(entity_id=entity_0001|fullname=Dr. Moorfeld|gender=m)))
182975	Wagen		
182976	geworfen		
182977	.		
182978	Unaufhaltsam		
182979	strömten		
182980	ihm	21423	(mention_id=21763|references=(entity=(entity_id=entity_0001|fullname=Dr. Moorfeld|gender=m)))
182981	die		
182982	Gedanken		
182983	zu		
182984	,		
182985	unter		
182986	deren		
182987	Wucht		
182988	Benthal	21424	(mention_id=21764|references=(entity=(entity_id=entity_0012|fullname=Theodor Benthal|gender=m)))
182989	erliegen		
182990	mußte		
182991	.		
182992	Sein	21425	(mention_id=21765|references=(entity=(entity_id=entity_0001|fullname=Dr. Moorfeld|gender=m)))
182993	Zorn		
182994	loderte		
182995	als		
182996	dichterische		
182997	Begeisterung		
182998	auf		
182999	,		
183000	—		
183001	und		
183002	nie		
183003	hatte		
183004	Begeisterung		
183005	mit		
183006	solcher		
183007	Fruchtbarkeit		
183008	ihn	21426	(mention_id=21766|references=(entity=(entity_id=entity_0001|fullname=Dr. Moorfeld|gender=m)))
183009	überschüttet		
183010	,		
183011	wie		
183012	in		
183013	dieser		
183014	Stunde		
183015	.		
183016	Alles		
183017	gab		
183018	sie		
183019	ihm	21427	(mention_id=21767|references=(entity=(entity_id=entity_0001|fullname=Dr. Moorfeld|gender=m)))
183020	ein		
183021	,		
183022	was		
183023	Herz		
183024	und		
183025	Gehirn		
183026	fähig		
183027	ist		
183028	,		
183029	er	21428	(mention_id=21768|references=(entity=(entity_id=entity_0001|fullname=Dr. Moorfeld|gender=m)))
183030	war		
183031	Alles		
183032	,		
183033	was		
183034	ein		
183035	Mensch	21429	(mention_id=21769|references=(entity=(entity_id=entity_0001|fullname=Dr. Moorfeld|gender=m)),(entity=(entity_id=generic_5804|fullname=generic_2149|gender=u|specialcase_entity=generic)))
183036	sein		
183037	kann		
183038	,		
183039	—		
183040	er	21430	(mention_id=21770|references=(entity=(entity_id=entity_0001|fullname=Dr. Moorfeld|gender=m)))
183041	war		
183042	ganz		
183043	sein	21431	(mention_id=21771|references=(entity=(entity_id=entity_0001|fullname=Dr. Moorfeld|gender=m)))
183044	Gegenstand	21432	
183045	.		
183046	Wohin		
183047	sein	21433	(mention_id=21772|references=(entity=(entity_id=entity_0001|fullname=Dr. Moorfeld|gender=m)))
183048	Auge		
183049	fiel		
183050	,		
183051	jeder		
183052	Anblick		
183053	des		
183054	Straßenlebens		
183055	wurde		
183056	von		
183057	der		
183058	Gährung		
183059	seines	21434	(mention_id=21773|references=(entity=(entity_id=entity_0001|fullname=Dr. Moorfeld|gender=m)))
183060	Inneren		
183061	aufgenommen		
183062	und		
183063	verbraucht		
183064	.		
183065	Dieser		
183066	Abbruch		
183067	eines		
183068	alten		
183069	Hauses		
183070	,		
183071	jener		
183072	Aufbau		
183073	eines		
183074	neuen		
183075	,		
183076	dieses		
183077	Schaufenster		
183078	,		
183079	jenes		
183080	Aushängeschild		
183081	,		
183082	die		
183083	Consulatsflagge		
183084	,		
183085	der		
183086	Matrosenhut		
183087	,		
183088	das		
183089	Negerantlitz		
183090	,		
183091	die		
183092	schlagende		
183093	Thurmuhr		
183094	—		
183095	kein		
183096	Bild		
183097	führten		
183098	ihm	21435	(mention_id=21774|references=(entity=(entity_id=entity_0001|fullname=Dr. Moorfeld|gender=m)))
183099	seine	21436	(mention_id=21775|references=(entity=(entity_id=entity_0001|fullname=Dr. Moorfeld|gender=m)))
183100	Sinne		
183101	zu		
183102	,		
183103	das		
183104	nicht		
183105	in		
183106	ein		
183107	poetisches		
183108	Bild		
183109	,		
183110	in		
183111	ein		
183112	tiefsinniges		
183113	Gleichniß		
183114	sich		
183115	verwandelte		
183116	,		
183117	—		
183118	ganz		
183119	Newyork	21437	
183120	gab		
183121	sich	21438	
183122	der		
183123	Moral		
183124	zum		
183125	Schmucke		
183126	her		
183127	.		
183128	So		
183129	erreichte		
183130	Moorfeld	21439	(mention_id=21776|references=(entity=(entity_id=entity_0001|fullname=Dr. Moorfeld|gender=m)))
183131	sein	21440	(mention_id=21777|references=(entity=(entity_id=entity_0001|fullname=Dr. Moorfeld|gender=m)))
183132	Boardinghouse		
183133	.		
183134	Er	21441	(mention_id=21778|references=(entity=(entity_id=entity_0001|fullname=Dr. Moorfeld|gender=m)))
183135	schickte		
183136	zu		
183137	Staunton	21442	(mention_id=21779|references=(entity=(entity_id=entity_0075|fullname=Herr Staunton|gender=m)))
183138	und		
183139	ließ		
183140	anfragen		
183141	,		
183142	wenn		
183143	und		
183144	wo		
183145	Benthal	21443	(mention_id=21780|references=(entity=(entity_id=entity_0012|fullname=Theodor Benthal|gender=m)))
183146	zu		
183147	sprechen		
183148	.		
183149	Seinen	21444	(mention_id=21781|references=(entity=(entity_id=entity_0001|fullname=Dr. Moorfeld|gender=m)))
183150	Namen		
183151	nannte		
183152	er	21445	(mention_id=21782|references=(entity=(entity_id=entity_0001|fullname=Dr. Moorfeld|gender=m)))
183153	nicht		
183154	,		
183155	wie		
183156	er	21446	(mention_id=21783|references=(entity=(entity_id=entity_0001|fullname=Dr. Moorfeld|gender=m)))
183157	seine	21447	(mention_id=21784|references=(entity=(entity_id=entity_0001|fullname=Dr. Moorfeld|gender=m)))
183158	Person		(mention_id=21785|references=(entity=(entity_id=entity_0001|fullname=Dr. Moorfeld|gender=m)))
183159	nicht		
183160	zeigte		
183161	.		
183162	Er	21448	(mention_id=21786|references=(entity=(entity_id=entity_0001|fullname=Dr. Moorfeld|gender=m)))
183163	wollte		
183164	dem		
183165	traurigsten		
183166	Fall		
183167	einer		
183168	Verleugnung		
183169	vorbeugen		
183170	.		
183171	Es		
183172	war		
183173	die		
183174	Börsenstunde		
183175	,		
183176	in		
183177	welcher		
183178	diese		
183179	Anfrage		
183180	geschah		
183181	,		
183182	und		
183183	Hr.	21449	(mention_id=21787|references=(entity=(entity_id=entity_0075|fullname=Herr Staunton|gender=m)))
183184	Staunton	21449	(mention_id=21787|references=(entity=(entity_id=entity_0075|fullname=Herr Staunton|gender=m)))
183185	nicht		
183186	zu		
183187	Hause		
183188	.		
183189	Im		
183190	Laufe		
183191	des		
183192	Nachmittags		
183193	sendete		
183194	Moorfeld	21450	(mention_id=21788|references=(entity=(entity_id=entity_0001|fullname=Dr. Moorfeld|gender=m)))
183195	noch		
183196	einmal		
183197	hin		
183198	,		
183199	da		
183200	kam		
183201	der		
183202	Lohnbediente	21451	(mention_id=21789|references=(entity=(entity_id=entity_1212|fullname=Lohnbedienter|gender=m)))
183203	zurück		
183204	mit		
183205	dem		
183206	Namen		
183207	der		
183208	Straße		
183209	und		
183210	des		
183211	Clubbhauses		
183212	,		
183213	in		
183214	welchem		
183215	Mr.	21452	(mention_id=21790|references=(entity=(entity_id=entity_0012|fullname=Theodor Benthal|gender=m)))
183216	Benthal	21452	(mention_id=21790|references=(entity=(entity_id=entity_0012|fullname=Theodor Benthal|gender=m)))
183217	von		
183218	acht		
183219	Uhr		
183220	Abends		
183221	an		
183222	zu		
183223	finden		
183224	.		
183225	Moorfeld	21453	(mention_id=21791|references=(entity=(entity_id=entity_0001|fullname=Dr. Moorfeld|gender=m)))
183226	brachte		
183227	den		
183228	Rest		
183229	des		
183230	Tages		
183231	auf		
183232	seinem	21454	(mention_id=21792|references=(entity=(entity_id=entity_0001|fullname=Dr. Moorfeld|gender=m)))
183233	Zimmer		
183234	zu		
183235	.		
183236	Er	21455	(mention_id=21793|references=(entity=(entity_id=entity_0001|fullname=Dr. Moorfeld|gender=m)))
183237	ordnete		
183238	seine	21456	(mention_id=21794|references=(entity=(entity_id=entity_0001|fullname=Dr. Moorfeld|gender=m)))
183239	Gedanken		
183240	und		
183241	gebot		
183242	seinen	21457	(mention_id=21795|references=(entity=(entity_id=entity_0001|fullname=Dr. Moorfeld|gender=m)))
183243	Leidenschaften		
183244	.		
183245	Er	21458	(mention_id=21796|references=(entity=(entity_id=entity_0001|fullname=Dr. Moorfeld|gender=m)))
183246	stellte		
183247	sich	21459	(mention_id=21797|references=(entity=(entity_id=entity_0001|fullname=Dr. Moorfeld|gender=m)))
183248	im		
183249	Geiste		
183250	erfindungsreicher		
183251	,		
183252	als		
183253	im		
183254	ersten		
183255	Augenblick		
183256	,		
183257	die		
183258	mancherlei		
183259	Möglichkeiten		
183260	und		
183261	Gestalten		
183262	vor		
183263	,		
183264	in		
183265	welchen		
183266	dieser		
183267	Fall		
183268	sich		
183269	ihm	21460	(mention_id=21798|references=(entity=(entity_id=entity_0001|fullname=Dr. Moorfeld|gender=m)))
183270	zeigen		
183271	könne		
183272	,		
183273	und		
183274	bereitete		
183275	sich	21461	(mention_id=21799|references=(entity=(entity_id=entity_0001|fullname=Dr. Moorfeld|gender=m)))
183276	auf		
183277	all		
183278	seine	21462	
183279	denkbaren		
183280	Seiten		
183281	vor		
183282	.		
183283	Er	21463	(mention_id=21800|references=(entity=(entity_id=entity_0001|fullname=Dr. Moorfeld|gender=m)))
183284	wunderte		
183285	sich	21464	(mention_id=21801|references=(entity=(entity_id=entity_0001|fullname=Dr. Moorfeld|gender=m)))
183286	selbst		
183287	,		
183288	wie		
183289	rasch		
183290	er	21465	(mention_id=21802|references=(entity=(entity_id=entity_0001|fullname=Dr. Moorfeld|gender=m)))
183291	ihn		
183292	als		
183293	Thatsache		
183294	ergreifen		
183295	konnte		
183296	.		
183297	Denn		
183298	mitten		
183299	in		
183300	seinem	21466	(mention_id=21803|references=(entity=(entity_id=entity_0001|fullname=Dr. Moorfeld|gender=m)))
183301	Gedankenstrom		
183302	kamen		
183303	dann		
183304	wieder		
183305	Momente		
183306	,		
183307	wo		
183308	all		
183309	sein	21467	(mention_id=21804|references=(entity=(entity_id=entity_0001|fullname=Dr. Moorfeld|gender=m)))
183310	Denken		
183311	plötzlich		
183312	still		
183313	stand		
183314	,		
183315	wo		
183316	die		
183317	ganze		
183318	schreckensstarre		
183319	Neuheit		
183320	in		
183321	ihm	21468	(mention_id=21805|references=(entity=(entity_id=entity_0001|fullname=Dr. Moorfeld|gender=m)))
183322	aufschrie		
183323	:		
183324	Das		
183325	war		
183326	mit		
183327	Benthal	21469	(mention_id=21806|references=(entity=(entity_id=entity_0012|fullname=Theodor Benthal|gender=m)))
183328	möglich		
183329	?!		
183330	—		
183331	Der		
183332	Tag		
183333	sank		
183334	,		
183335	die		
183336	Straßenlichter		
183337	brannten		
183338	,		
183339	der		
183340	wälzende		
183341	Lärm		
183342	des		
183343	Volksgewühls		
183344	löste		
183345	sich		
183346	in		
183347	seine		
183348	einfacheren		
183349	Elemente		
183350	auf		
183351	,		
183352	die		
183353	abund		
183354	zu		
183355	rollenden		
183356	Fuhrwerke		
183357	zum		
183358	Philadelphia-Bahnhof		
183359	verhallten		
183360	mit		
183361	ihrem		
183362	letzten		
183363	Getöse		
183364	,		
183365	als		
183366	Moorfeld	21470	(mention_id=21807|references=(entity=(entity_id=entity_0001|fullname=Dr. Moorfeld|gender=m)))
183367	den		
183368	Wagen		
183369	holen		
183370	ließ		
183371	,		
183372	der		
183373	ihn		
183374	seinem		(mention_id=21808|references=(entity=(entity_id=entity_0001|fullname=Dr. Moorfeld|gender=m)))
183375	verhängnißvollen		
183376	Ziele		
183377	entgegenbringen		
183378	sollte		
183379	.		
183380	Es		
183381	war		
183382	ein		
183383	weiter		
183384	Weg		
183385	zurückzulegen		
183386	.		
183387	Moorfeld	21471	(mention_id=21809|references=(entity=(entity_id=entity_0001|fullname=Dr. Moorfeld|gender=m)))
183388	hatte		
183389	seine	21472	(mention_id=21810|references=(entity=(entity_id=entity_0001|fullname=Dr. Moorfeld|gender=m)))
183390	Aufmerksamkeit		
183391	nichts		
183392	weniger		
183393	,		
183394	als		
183395	auf		
183396	die		
183397	Außenwelt		
183398	gerichtet		
183399	;		
183400	aber		
183401	er	21473	(mention_id=21811|references=(entity=(entity_id=entity_0001|fullname=Dr. Moorfeld|gender=m)))
183402	fuhr		
183403	nicht		
183404	lange		
183405	,		
183406	so		
183407	fiel		
183408	ihm	21474	(mention_id=21812|references=(entity=(entity_id=entity_0001|fullname=Dr. Moorfeld|gender=m)))
183409	Manches		
183410	auf		
183411	,		
183412	das		
183413	in		
183414	der		
183415	Physiognomie		
183416	eines		
183417	städtischen		
183418	Straßenlebens		
183419	zu		
183420	dieser		
183421	Stunde		
183422	eben		
183423	nicht		
183424	alltäglich		
183425	ist		
183426	.		
183427	Er	21475	(mention_id=21813|references=(entity=(entity_id=entity_0001|fullname=Dr. Moorfeld|gender=m)))
183428	sah		
183429	im		
183430	dämmerungsvollen		
183431	Laternenlicht		
183432	Arbeiterzüge	21476	(mention_id=21814|references=(entity=(entity_id=entity_1197|fullname=Arbeiter|gender=m|specialcase_entity=group)))
183433	von		
183434	ihrem	21477	(mention_id=21815|references=(entity=(entity_id=entity_1197|fullname=Arbeiter|gender=m|specialcase_entity=group)))
183435	Tagewerk		
183436	heimkehrend		
183437	,		
183438	mit		
183439	einer		
183440	gewissen		
183441	Hast		
183442	und		
183443	Unruhe		
183444	durch		
183445	die		
183446	Straßen		
183447	eilen		
183448	,		
183449	welche		
183450	von		
183451	der		
183452	Kälte		
183453	,		
183454	die		
183455	in		
183456	den		
183457	Bewegungen		
183458	der		
183459	Amerikaner	21478	(mention_id=21816|references=(entity=(entity_id=generic_5805|fullname=generic_2150|gender=u|specialcase_entity=generic)))
183460	sich		
183461	sonst		
183462	kund		
183463	gibt		
183464	,		
183465	wunderlich		
183466	abstach		
183467	.		
183468	Aus		
183469	hohlem		
183470	Straßendunkel		
183471	hörte		
183472	er	21479	(mention_id=21817|references=(entity=(entity_id=entity_0001|fullname=Dr. Moorfeld|gender=m)))
183473	hie		
183474	und		
183475	da		
183476	einen		
183477	jener		
183478	gellenden		
183479	Rufe		
183480	anstimmen		
183481	,		
183482	welche		
183483	nach		
183484	seinem	21480	(mention_id=21818|references=(entity=(entity_id=entity_0001|fullname=Dr. Moorfeld|gender=m)))
183485	Dafürhalten		
183486	dem		
183487	indianischen		
183488	Kriegsgeheul		
183489	entlehnt		
183490	:		
183491	in		
183492	gewissen		
183493	Abständen		
183494	gab		
183495	es		
183496	dann		
183497	Antwort		
183498	darauf		
183499	,		
183500	wie		
183501	eine		
183502	Signalkette		
183503	.		
183504	An		
183505	einsamen		
183506	Orten		
183507	wimmelte		
183508	es		
183509	plötzlich		
183510	von		
183511	Menschen	21481	(mention_id=21819|references=(entity=(entity_id=entity_1199|fullname=Menschen die nach allen Richtungen ausinanderströmen|gender=m|specialcase_entity=group)))
183512	,		
183513	welche	21482	(mention_id=21820|references=(entity=(entity_id=entity_1199|fullname=Menschen die nach allen Richtungen ausinanderströmen|gender=m|specialcase_entity=group)))
183514	nach		
183515	allen		
183516	Richtungen		
183517	auseinanderströmten		
183518	;		
183519	anderswo		
183520	lief		
183521	Alles		
183522	auf		
183523	Einen		
183524	Punkt		
183525	zusammen		
183526	,		
183527	und		
183528	schloß		
183529	sich		
183530	im		
183531	Nu		
183532	zu		
183533	geheimnißvollen		
183534	Kreisen		
183535	und		
183536	Gruppen		
183537	.		
183538	Eine		(mention_id=21821|references=(entity=(entity_id=entity_1203|fullname=Gruppe von Rowdies|gender=m|specialcase_entity=group)))
183539	dieser		
183540	Gruppen	21483	(mention_id=21822|references=(entity=(entity_id=entity_1208|fullname=Gruppen von Menschen|gender=u|specialcase_entity=group)))
183541	stand		
183542	endlich		
183543	an		
183544	einer		
183545	Seitenstraße		
183546	,		
183547	welche		
183548	Moorfeld	21484	(mention_id=21823|references=(entity=(entity_id=entity_0001|fullname=Dr. Moorfeld|gender=m)))
183549	zu		
183550	schneiden		
183551	hatte		
183552	,		
183553	so		
183554	dicht		
183555	,		
183556	daß		
183557	eine		
183558	Stimme		
183559	den		
183560	Kutscher	21485	(mention_id=21824|references=(entity=(entity_id=entity_1181|fullname=Kutscher|gender=m)))
183561	ohne		
183562	Weiters		
183563	anrief		
183564	:		
183565	Um		
183566	in		
183567	die		
183568	Centre-Street		
183569	!		
183570	Der		
183571	Kutscher	21486	(mention_id=21825|references=(entity=(entity_id=entity_1181|fullname=Kutscher|gender=m)))
183572	machte		
183573	Vorstellungen		
183574	,		
183575	aber		
183576	es		
183577	war		
183578	ein		
183579	Schwarm		(mention_id=21826|references=(entity=(entity_id=entity_1177|fullname=Rowdies|gender=m)))
183580	von		
183581	Rowdie's	21487	
183582	,		
183583	welcher		(mention_id=21827|references=(entity=(entity_id=entity_1177|fullname=Rowdies|gender=m)))
183584	diese		
183585	Passage		
183586	sperrte		
183587	,		
183588	gegen		
183589	den		
183590	sich		
183591	nicht		
183592	aufkommen		
183593	ließ		
183594	.		
183595	Durch		
183596	seine		(mention_id=21828|references=(entity=(entity_id=entity_1177|fullname=Rowdies|gender=m)))
183597	Ueberzahl		
183598	und		
183599	das		
183600	Dunkel		
183601	der		
183602	Nacht		
183603	ermuthigt		
183604	,		
183605	fühlte		
183606	sich	21488	(mention_id=21829|references=(entity=(entity_id=entity_1177|fullname=Rowdies|gender=m)))
183607	der		
183608	Haufe	21489	(mention_id=21830|references=(entity=(entity_id=entity_1177|fullname=Rowdies|gender=m)))
183609	im		
183610	souveränsten		
183611	Besitze		
183612	des		
183613	Platzes		
183614	.		
183615	Es		
183616	waren		
183617	,		
183618	was		
183619	Moorfeld	21490	(mention_id=21831|references=(entity=(entity_id=entity_0001|fullname=Dr. Moorfeld|gender=m)))
183620	beim		
183621	Lampenscheine		
183622	sehen		
183623	konnte		
183624	,		
183625	wohlgekleidete		
183626	,		
183627	aber		
183628	stark		
183629	bewaffnete		
183630	Banden	21491	(mention_id=21832|references=(entity=(entity_id=entity_1177|fullname=Rowdies|gender=m)))
183631	,		
183632	und		
183633	fast		
183634	wie		
183635	die		
183636	Stimme		
183637	der		
183638	Würde		
183639	klang		
183640	es		
183641	,		
183642	womit		
183643	diese		
183644	Straßenmacht	21492	
183645	dem		
183646	Kutscher	21493	(mention_id=21833|references=(entity=(entity_id=entity_1181|fullname=Kutscher|gender=m)))
183647	die		
183648	drohendsten		
183649	Befehle		
183650	entgegenschleuderte		
183651	.		
183652	Der		
183653	arme		
183654	Neger	21494	(mention_id=21834|references=(entity=(entity_id=entity_1181|fullname=Kutscher|gender=m)))
183655	(		
183656	denn		
183657	ein		
183658	solcher		(mention_id=21835|references=(entity=(entity_id=entity_1181|fullname=Kutscher|gender=m)))
183659	war		
183660	er	21495	(mention_id=21836|references=(entity=(entity_id=entity_1181|fullname=Kutscher|gender=m)))
183661	)		
183662	erbat		
183663	sich	21496	(mention_id=21837|references=(entity=(entity_id=entity_1181|fullname=Kutscher|gender=m)))
183664	endlich		
183665	von		
183666	Moorfeld	21497	(mention_id=21838|references=(entity=(entity_id=entity_0001|fullname=Dr. Moorfeld|gender=m)))
183667	die		
183668	Erlaubniß		
183669	,		
183670	umkehren		
183671	zu		
183672	dürfen		
183673	,		
183674	obwohl		
183675	,		
183676	wie		
183677	er	21498	(mention_id=21839|references=(entity=(entity_id=entity_1181|fullname=Kutscher|gender=m)))
183678	sagte		
183679	,		
183680	das		
183681	Clubbhaus		
183682	nur		
183683	noch		
183684	hundert		
183685	Schritte		
183686	weit		
183687	drüben		
183688	liege		
183689	.		
183690	Moorfeld	21499	(mention_id=21840|references=(entity=(entity_id=entity_0001|fullname=Dr. Moorfeld|gender=m)))
183691	sprang		
183692	aus		
183693	dem		
183694	Wagen		
183695	,		
183696	als		
183697	er	21500	(mention_id=21841|references=(entity=(entity_id=entity_0001|fullname=Dr. Moorfeld|gender=m)))
183698	dieses		
183699	hörte		
183700	,		
183701	und		
183702	schritt		
183703	zu		
183704	Fuß		
183705	hinüber		
183706	.		
183707	Der		
183708	leere		
183709	Wagen		
183710	kehrte		
183711	um		
183712	.		
183713	Kaum		
183714	hatte		
183715	Moorfeld	21501	(mention_id=21842|references=(entity=(entity_id=entity_0001|fullname=Dr. Moorfeld|gender=m)))
183716	das		
183717	Gedränge		
183718	der		
183719	Rowdies	21502	(mention_id=21843|references=(entity=(entity_id=entity_1177|fullname=Rowdies|gender=m)))
183720	durchbrochen		
183721	und		
183722	seinen	21503	(mention_id=21844|references=(entity=(entity_id=entity_0001|fullname=Dr. Moorfeld|gender=m)))
183723	Weg		
183724	in		
183725	die		
183726	Tiefe		
183727	der		
183728	bezeichneten		
183729	Straße		
183730	eingeschlagen		
183731	,		
183732	als		
183733	er	21504	(mention_id=21845|references=(entity=(entity_id=entity_0001|fullname=Dr. Moorfeld|gender=m)))
183734	einige		
183735	Schritte		
183736	vor		
183737	sich	21505	(mention_id=21846|references=(entity=(entity_id=entity_0001|fullname=Dr. Moorfeld|gender=m)))
183738	einen		
183739	Menschen	21506	(mention_id=21847|references=(entity=(entity_id=entity_0177|fullname=Lorenzo Da Ponte|gender=m)))
183740	in		
183741	Ohnmacht		
183742	sinken		
183743	sah		
183744	.		
183745	Die		
183746	Gestalt	21507	(mention_id=21848|references=(entity=(entity_id=entity_0177|fullname=Lorenzo Da Ponte|gender=m)))
183747	hatte		
183748	sich	21508	(mention_id=21849|references=(entity=(entity_id=entity_0177|fullname=Lorenzo Da Ponte|gender=m)))
183749	erst		
183750	gegen		
183751	die		
183752	Mauer		
183753	eines		
183754	Hauses		
183755	gelehnt		
183756	,		
183757	und		
183758	war		
183759	dann		
183760	längs		
183761	derselben		
183762	langsam		
183763	zu		
183764	Boden		
183765	geglitten		
183766	.		
183767	Rasch		
183768	eilte		
183769	Moorfeld	21509	(mention_id=21850|references=(entity=(entity_id=entity_0001|fullname=Dr. Moorfeld|gender=m)))
183770	hinzu		
183771	.		
183772	Hat		
183773	Ihnen	21510	(mention_id=21851|references=(entity=(entity_id=entity_0177|fullname=Lorenzo Da Ponte|gender=m)))
183774	das		
183775	wilde		
183776	Volk	21511	(mention_id=21852|references=(entity=(entity_id=entity_1177|fullname=Rowdies|gender=m)))
183777	Gewaltthätigkeiten		
183778	zugefügt		
183779	?		
183780	fragte		
183781	er	21512	(mention_id=21853|references=(entity=(entity_id=entity_0001|fullname=Dr. Moorfeld|gender=m)))
183782	den		
183783	Verunglückten	21513	(mention_id=21854|references=(entity=(entity_id=entity_0177|fullname=Lorenzo Da Ponte|gender=m)))
183784	,		
183785	indem		
183786	er	21514	(mention_id=21855|references=(entity=(entity_id=entity_0001|fullname=Dr. Moorfeld|gender=m)))
183787	ihn	21515	(mention_id=21856|references=(entity=(entity_id=entity_0177|fullname=Lorenzo Da Ponte|gender=m)))
183788	aufhob		
183789	.		
183790	Der		
183791	Mann	21516	(mention_id=21857|references=(entity=(entity_id=entity_0177|fullname=Lorenzo Da Ponte|gender=m)))
183792	schüttelte		
183793	,		
183794	ohne		
183795	aufzublicken		
183796	,		
183797	schwach		
183798	und		
183799	zitternd		
183800	den		
183801	Kopf		
183802	vor		
183803	sich	21517	(mention_id=21858|references=(entity=(entity_id=entity_0177|fullname=Lorenzo Da Ponte|gender=m)))
183804	hin		
183805	.		
183806	Aber		
183807	in		
183808	demselben		
183809	Augenblicke		
183810	glaubte		
183811	Moorfeld	21518	(mention_id=21859|references=(entity=(entity_id=entity_0001|fullname=Dr. Moorfeld|gender=m)))
183812	die		
183813	Gestalt	21519	(mention_id=21860|references=(entity=(entity_id=entity_0177|fullname=Lorenzo Da Ponte|gender=m)))
183814	zu		
183815	erkennen		
183816	.		
183817	Schon		
183818	der		
183819	faltenreiche		
183820	Mantel		
183821	mit		
183822	den		
183823	vielen		
183824	kurzen		
183825	übereinanderliegenden		
183826	Kragen		
183827	gehörte		
183828	in		
183829	das		
183830	Inventar		
183831	seiner	21520	(mention_id=21861|references=(entity=(entity_id=entity_0001|fullname=Dr. Moorfeld|gender=m)))
183832	Erinnerungen		
183833	.		
183834	„		
183835	Anche		
183836	gli		
183837	giorni		(mention_id=21862|references=(entity=(entity_id=entity_0177|fullname=Lorenzo Da Ponte|gender=m)))
183838	!		
183839	“		
183840	war		
183841	das		
183842	Schlagwort		
183843	dieser		
183844	Erinnerungen		
183845	.		
183846	Ohne		
183847	sich	21521	(mention_id=21863|references=(entity=(entity_id=entity_0001|fullname=Dr. Moorfeld|gender=m)))
183848	zu		
183849	besinnen		
183850	,		
183851	redete		
183852	er	21522	(mention_id=21864|references=(entity=(entity_id=entity_0001|fullname=Dr. Moorfeld|gender=m)))
183853	den		
183854	Alten	21523	(mention_id=21865|references=(entity=(entity_id=entity_0177|fullname=Lorenzo Da Ponte|gender=m)))
183855	an		
183856	:		
183857	Se	21524	
183858	non		
183859	m'inganno		
183860	,		
183861	Signore	21525	(mention_id=21866|references=(entity=(entity_id=entity_0177|fullname=Lorenzo Da Ponte|gender=m)))
183862	,		
183863	é		
183864	la		
183865	sua		
183866	lingua		
183867	materna		
183868	,		
183869	in		
183870	cui		
183871	la		
183872	saluto		
183873	?		
183874	Der		
183875	Fremde	21526	(mention_id=21867|references=(entity=(entity_id=entity_0177|fullname=Lorenzo Da Ponte|gender=m)))
183876	zuckte		
183877	zusammen		
183878	.		
183879	Ah		
183880	,		
183881	non		
183882	é		
183883	Americano		(mention_id=21868|references=(entity=(entity_id=entity_0001|fullname=Dr. Moorfeld|gender=m)))
183884	,		
183885	Signore	21527	(mention_id=21869|references=(entity=(entity_id=entity_0001|fullname=Dr. Moorfeld|gender=m)))
183886	,		
183887	seufzte		
183888	er	21528	(mention_id=21870|references=(entity=(entity_id=entity_0177|fullname=Lorenzo Da Ponte|gender=m)))
183889	aufathmend		
183890	,		
183891	—		
183892	per		
183893	grazia		
183894	di		
183895	Dio	21529	
183896	,		
183897	un		
183898	bichiere		
183899	di		
183900	vino		
183901	!		
183902	Wenn		
183903	ich	21530	(mention_id=21871|references=(entity=(entity_id=entity_0001|fullname=Dr. Moorfeld|gender=m)))
183904	nicht		
183905	irre		
183906	,		
183907	mein	21531	(mention_id=21872|references=(entity=(entity_id=entity_0001|fullname=Dr. Moorfeld|gender=m)))
183908	Herr	21532	(mention_id=21873|references=(entity=(entity_id=entity_0177|fullname=Lorenzo Da Ponte|gender=m)))
183909	,		
183910	so		
183911	ist		
183912	es		
183913	Ihre	21533	(mention_id=21874|references=(entity=(entity_id=entity_0177|fullname=Lorenzo Da Ponte|gender=m)))
183914	Muttersprache		
183915	,		
183916	in		
183917	welcher		
183918	ich	21534	(mention_id=21875|references=(entity=(entity_id=entity_0001|fullname=Dr. Moorfeld|gender=m)))
183919	Sie	21535	(mention_id=21876|references=(entity=(entity_id=entity_0177|fullname=Lorenzo Da Ponte|gender=m)))
183920	begrüße		
183921	?		
183922	Ah		
183923	,		
183924	Sie	21536	(mention_id=21877|references=(entity=(entity_id=entity_0177|fullname=Lorenzo Da Ponte|gender=m)))
183925	sind		
183926	kein		
183927	Amerikaner		(mention_id=21878|references=(entity=(entity_id=entity_0001|fullname=Dr. Moorfeld|gender=m)))
183928	,		
183929	mein	21537	(mention_id=21879|references=(entity=(entity_id=entity_0177|fullname=Lorenzo Da Ponte|gender=m)))
183930	Herr	21538	(mention_id=21880|references=(entity=(entity_id=entity_0177|fullname=Lorenzo Da Ponte|gender=m)))
183931	,		
183932	—		
183933	um		
183934	Gotteswillen		
183935	,		
183936	ein		
183937	Glas		
183938	Wein		
183939	!		
183940	Moorfeld	21539	(mention_id=21881|references=(entity=(entity_id=entity_0001|fullname=Dr. Moorfeld|gender=m)))
183941	erschrack		
183942	.		
183943	So		
183944	war		
183945	der		
183946	alte		
183947	Mann	21540	(mention_id=21882|references=(entity=(entity_id=entity_0177|fullname=Lorenzo Da Ponte|gender=m)))
183948	aus		
183949	Hunger		
183950	und		
183951	Durst		
183952	hier		
183953	zusammen		
183954	gebrochen		
183955	?		
183956	Seine	21541	(mention_id=21883|references=(entity=(entity_id=entity_0177|fullname=Lorenzo Da Ponte|gender=m)))
183957	Bitte		
183958	ließ		
183959	keinen		
183960	Zweifel		
183961	darüber		
183962	.		
183963	Moorfeld	21542	(mention_id=21884|references=(entity=(entity_id=entity_0001|fullname=Dr. Moorfeld|gender=m)))
183964	warf		
183965	seine	21543	(mention_id=21885|references=(entity=(entity_id=entity_0001|fullname=Dr. Moorfeld|gender=m)))
183966	Blicke		
183967	schnell		
183968	nach		
183969	einem		
183970	Gasthofe		
183971	umher		
183972	und		
183973	entdeckte		
183974	wenigstens		
183975	,		
183976	womit		
183977	Newyork	21544	
183978	damals		
183979	schon		
183980	übersäet		
183981	war		
183982	,		
183983	die		
183984	illuminirte		
183985	Aufschrift		
183986	einer		
183987	Kellerwirthschaft		
183988	in		
183989	der		
183990	Nähe		
183991	.		
183992	Er	21545	(mention_id=21886|references=(entity=(entity_id=entity_0001|fullname=Dr. Moorfeld|gender=m)))
183993	führte		
183994	oder		
183995	trug		
183996	den		
183997	Verschmachtenden	21546	(mention_id=21887|references=(entity=(entity_id=entity_0177|fullname=Lorenzo Da Ponte|gender=m)))
183998	dahin		
183999	.		
184000	Die		
184001	Taverne		
184002	fand		
184003	sich		
184004	unangenehmer		
184005	Weise		
184006	von		
184007	einem		
184008	stark		
184009	abund		
184010	zugehenden		
184011	Publikum	21547	(mention_id=21888|references=(entity=(entity_id=entity_1177|fullname=Rowdies|gender=m)))
184012	jener		
184013	Rowdies	21548	(mention_id=21889|references=(entity=(entity_id=entity_1177|fullname=Rowdies|gender=m)))
184014	besetzt		
184015	,		
184016	welche	21549	(mention_id=21890|references=(entity=(entity_id=entity_1177|fullname=Rowdies|gender=m)))
184017	vorn		
184018	an		
184019	der		
184020	Straßenecke		
184021	ihr	21550	(mention_id=21891|references=(entity=(entity_id=entity_1177|fullname=Rowdies|gender=m)))
184022	Standquartier		
184023	aufgeschlagen		
184024	.		
184025	Moorfeld	21551	(mention_id=21892|references=(entity=(entity_id=entity_0001|fullname=Dr. Moorfeld|gender=m)))
184026	zeigte		
184027	Gold		
184028	und		
184029	forderte		
184030	ein		
184031	ruhiges		
184032	Zimmer		
184033	mit		
184034	der		
184035	besten		
184036	Flasche		
184037	Wein		
184038	.		
184039	Man		
184040	übergab		
184041	ihm	21552	(mention_id=21893|references=(entity=(entity_id=entity_0001|fullname=Dr. Moorfeld|gender=m)))
184042	eine		
184043	Stube		
184044	des		
184045	Hinterhauses		
184046	,		
184047	und		
184048	brachte		
184049	Wein		
184050	,		
184051	der		
184052	mindestens		
184053	seiner		
184054	Etiquette		
184055	nach		
184056	,		
184057	Ost-India-Madeira		
184058	war		
184059	.		
184060	Bei		
184061	der		
184062	Eile		
184063	,		
184064	die		
184065	Moorfeld	21553	(mention_id=21894|references=(entity=(entity_id=entity_0001|fullname=Dr. Moorfeld|gender=m)))
184066	für		
184067	die		
184068	Bestimmung		
184069	dieses		
184070	Abends		
184071	hatte		
184072	,		
184073	konnte		
184074	er	21554	(mention_id=21895|references=(entity=(entity_id=entity_0001|fullname=Dr. Moorfeld|gender=m)))
184075	nicht		
184076	daran		
184077	denken		
184078	,		
184079	seinem	21555	(mention_id=21896|references=(entity=(entity_id=entity_0001|fullname=Dr. Moorfeld|gender=m)))
184080	unerwarteten		
184081	Gaste	21556	(mention_id=21897|references=(entity=(entity_id=entity_0177|fullname=Lorenzo Da Ponte|gender=m)))
184082	die		
184083	Pflicht		
184084	der		
184085	Gastfreundschaft		
184086	zu		
184087	erfüllen		
184088	.		
184089	Einzig		
184090	die		
184091	Pflicht		
184092	als		
184093	Arzt	21557	(mention_id=21898|references=(entity=(entity_id=entity_0001|fullname=Dr. Moorfeld|gender=m)))
184094	und		
184095	Mensch	21558	(mention_id=21899|references=(entity=(entity_id=entity_0001|fullname=Dr. Moorfeld|gender=m)))
184096	gebot		
184097	augenblickliche		
184098	Erfüllung		
184099	hier		
184100	.		
184101	Moorfeld	21559	(mention_id=21900|references=(entity=(entity_id=entity_0001|fullname=Dr. Moorfeld|gender=m)))
184102	erlaubte		
184103	sich	21560	(mention_id=21901|references=(entity=(entity_id=entity_0001|fullname=Dr. Moorfeld|gender=m)))
184104	die		
184105	nöthigsten		
184106	Fragen		
184107	um		
184108	das		
184109	körperliche		
184110	Befinden		
184111	des		
184112	Unglücklichen	21561	(mention_id=21902|references=(entity=(entity_id=entity_0177|fullname=Lorenzo Da Ponte|gender=m)))
184113	.		
184114	Der		
184115	Alte	21562	(mention_id=21903|references=(entity=(entity_id=entity_0177|fullname=Lorenzo Da Ponte|gender=m)))
184116	antwortete		
184117	nicht		
184118	.		
184119	Er	21563	(mention_id=21904|references=(entity=(entity_id=entity_0177|fullname=Lorenzo Da Ponte|gender=m)))
184120	starrte		
184121	still		
184122	vor		
184123	sich	21564	(mention_id=21905|references=(entity=(entity_id=entity_0177|fullname=Lorenzo Da Ponte|gender=m)))
184124	hin		
184125	.		
184126	Er	21565	(mention_id=21906|references=(entity=(entity_id=entity_0177|fullname=Lorenzo Da Ponte|gender=m)))
184127	drückte		
184128	sich	21566	(mention_id=21907|references=(entity=(entity_id=entity_0177|fullname=Lorenzo Da Ponte|gender=m)))
184129	in		
184130	die		
184131	Ecke		
184132	des		
184133	Kanapee's		
184134	und		
184135	zog		
184136	fest		
184137	seinen	21567	(mention_id=21908|references=(entity=(entity_id=entity_0177|fullname=Lorenzo Da Ponte|gender=m)))
184138	Mantel		
184139	an		
184140	sich	21568	(mention_id=21909|references=(entity=(entity_id=entity_0177|fullname=Lorenzo Da Ponte|gender=m)))
184141	.		
184142	Moorfeld	21569	(mention_id=21910|references=(entity=(entity_id=entity_0001|fullname=Dr. Moorfeld|gender=m)))
184143	,		
184144	auf		
184145	eine		
184146	scharfe		
184147	Beobachtung		
184148	durch		
184149	das		
184150	Auge		
184151	,		
184152	wie		
184153	so		
184154	häufig		
184155	in		
184156	solchen		
184157	Fällen		
184158	,		
184159	fast		
184160	ausschließlich		
184161	beschränkt		
184162	,		
184163	folgte		
184164	der		
184165	geringsten		
184166	dieser		
184167	Bewegungen		
184168	mit		
184169	Aufmerksamkeit		
184170	.		
184171	Die		
184172	Züge		
184173	des		
184174	Greises	21570	(mention_id=21911|references=(entity=(entity_id=entity_0177|fullname=Lorenzo Da Ponte|gender=m)))
184175	zeigten		
184176	den		
184177	Ausdruck		
184178	tiefer		
184179	Erschöpfung		
184180	und		
184181	langwieriger		
184182	Seelenleiden		
184183	.		
184184	Eigentliche		
184185	Krankheitssymptome		
184186	konnte		
184187	Moorfeld	21571	(mention_id=21912|references=(entity=(entity_id=entity_0001|fullname=Dr. Moorfeld|gender=m)))
184188	nicht		
184189	darin		
184190	erforschen		
184191	.		
184192	Sein	21572	(mention_id=21913|references=(entity=(entity_id=entity_0177|fullname=Lorenzo Da Ponte|gender=m)))
184193	Kopf		
184194	war		
184195	von		
184196	zarten		
184197	und		
184198	edlen		
184199	Formen		
184200	,		
184201	das		
184202	Auge		
184203	glanzvoll		
184204	,		
184205	entschieden		
184206	geistig		
184207	.		
184208	Die		
184209	schön		
184210	gebleichte		
184211	Stirne		
184212	strahlte		
184213	vom		
184214	blendendsten		
184215	Weiß		
184216	,		
184217	der		
184218	Mund		
184219	,		
184220	der		
184221	übrigens		
184222	auch		
184223	nicht		
184224	Einen		
184225	Zahn		
184226	nachwies		
184227	,		
184228	schien		
184229	gegen		
184230	die		
184231	greisenhafte		
184232	Erschlaffung		
184233	der		
184234	Muskel		
184235	,		
184236	welche		
184237	die		
184238	Mundwinkel		
184239	abwärts		
184240	zieht		
184241	,		
184242	ziemlich		
184243	standhaft		
184244	geblieben		
184245	.		
184246	Man		
184247	sah		
184248	die		
184249	lange		
184250	Uebung		
184251	des		
184252	wohlredenden		
184253	Italieners	21573	(mention_id=21914|references=(entity=(entity_id=entity_0177|fullname=Lorenzo Da Ponte|gender=m)))
184254	,		
184255	den		
184256	Abglanz		
184257	witziger		
184258	Scherze		
184259	und		
184260	feiner		
184261	Tafelgenüsse		
184262	darauf		
184263	.		
184264	Wenigstens		
184265	glaubte		
184266	Moorfeld	21574	(mention_id=21915|references=(entity=(entity_id=entity_0001|fullname=Dr. Moorfeld|gender=m)))
184267	,		
184268	indem		
184269	die		
184270	physiognomischen		
184271	Transponirkünste		
184272	seiner	21575	(mention_id=21916|references=(entity=(entity_id=entity_0001|fullname=Dr. Moorfeld|gender=m)))
184273	Phantasie		
184274	zu		
184275	spielen		
184276	anfingen		
184277	,		
184278	aus		
184279	dieser		
184280	Greisenmaske		
184281	die		
184282	Jugend		
184283	eines		
184284	eleganten		
184285	Lebemannes	21576	(mention_id=21917|references=(entity=(entity_id=entity_0177|fullname=Lorenzo Da Ponte|gender=m)))
184286	zu		
184287	dechiffriren		
184288	,		
184289	und		
184290	wir	21577	(mention_id=21918|references=(entity=(entity_id=entity_0007|fullname=Erzählinstanz|gender=u)))
184291	dürfen		
184292	es		
184293	sehr		
184294	dahingestellt		
184295	lassen		
184296	,		
184297	ob		
184298	sein	21578	(mention_id=21919|references=(entity=(entity_id=entity_0001|fullname=Dr. Moorfeld|gender=m)))
184299	studienhafter		
184300	Blick		
184301	mehr		
184302	mit		
184303	poetischem		
184304	oder		
184305	pathologischem		
184306	Tiefsinn		
184307	in		
184308	die		
184309	Züge		
184310	des		
184311	alten		
184312	Mannes	21579	(mention_id=21920|references=(entity=(entity_id=entity_0177|fullname=Lorenzo Da Ponte|gender=m)))
184313	hineinträumte		
184314	.		
184315	Moorfeld	21580	(mention_id=21921|references=(entity=(entity_id=entity_0001|fullname=Dr. Moorfeld|gender=m)))
184316	schenkte		
184317	zwei		
184318	Gläser		
184319	voll		
184320	.		
184321	Der		
184322	Alte	21581	(mention_id=21922|references=(entity=(entity_id=entity_0177|fullname=Lorenzo Da Ponte|gender=m)))
184323	wickelte		
184324	eine		
184325	seiner	21582	(mention_id=21923|references=(entity=(entity_id=entity_0177|fullname=Lorenzo Da Ponte|gender=m)))
184326	Hände		
184327	aus		
184328	dem		
184329	Mantel		
184330	,		
184331	und		
184332	streckte		
184333	sie		
184334	zitternd		
184335	nach		
184336	dem		
184337	Weine		
184338	aus		
184339	.		
184340	Moorfeld	21583	(mention_id=21924|references=(entity=(entity_id=entity_0001|fullname=Dr. Moorfeld|gender=m)))
184341	gab		
184342	sich	21584	(mention_id=21925|references=(entity=(entity_id=entity_0001|fullname=Dr. Moorfeld|gender=m)))
184343	die		
184344	Miene		
184345	,		
184346	ihm	21585	(mention_id=21926|references=(entity=(entity_id=entity_0177|fullname=Lorenzo Da Ponte|gender=m)))
184347	das		
184348	Glas		
184349	in		
184350	die		
184351	Hand		
184352	zu		
184353	drücken		
184354	,		
184355	wobei		
184356	er	21586	(mention_id=21927|references=(entity=(entity_id=entity_0001|fullname=Dr. Moorfeld|gender=m)))
184357	die		
184358	Gelegenheit		
184359	benützte		
184360	,		
184361	seinen	21587	(mention_id=21928|references=(entity=(entity_id=entity_0001|fullname=Dr. Moorfeld|gender=m)))
184362	Puls		
184363	zu		
184364	fühlen		
184365	.		
184366	Er		(mention_id=21929|references=(entity=(entity_id=entity_0177|fullname=Lorenzo Da Ponte|gender=m)))
184367	war		
184368	herabgestimmt		
184369	,		
184370	aber		
184371	gleichmäßig		
184372	.		
184373	Beruhigter		
184374	stieß		
184375	Moorfeld	21588	(mention_id=21930|references=(entity=(entity_id=entity_0001|fullname=Dr. Moorfeld|gender=m)))
184376	an		
184377	mit		
184378	dem		
184379	Alten	21589	(mention_id=21931|references=(entity=(entity_id=entity_0177|fullname=Lorenzo Da Ponte|gender=m)))
184380	.		
184381	Dieser	21590	(mention_id=21932|references=(entity=(entity_id=entity_0177|fullname=Lorenzo Da Ponte|gender=m)))
184382	aber		
184383	führte		
184384	das		
184385	Glas		
184386	nicht		
184387	zum		
184388	Munde		
184389	.		
184390	Er	21591	(mention_id=21933|references=(entity=(entity_id=entity_0177|fullname=Lorenzo Da Ponte|gender=m)))
184391	hielt		
184392	es		
184393	nachdenklich		
184394	vor		
184395	sich	21592	(mention_id=21934|references=(entity=(entity_id=entity_0177|fullname=Lorenzo Da Ponte|gender=m)))
184396	hin		
184397	.		
184398	Er	21593	(mention_id=21935|references=(entity=(entity_id=entity_0177|fullname=Lorenzo Da Ponte|gender=m)))
184399	lächelte		
184400	das		
184401	dunkle		
184402	Rothbraun		
184403	mit		
184404	einer		
184405	Art		
184406	kindischer		
184407	Freude		
184408	an		
184409	.		
184410	Die		
184411	Idee		
184412	,		
184413	Wein		
184414	in		
184415	der		
184416	Hand		
184417	zu		
184418	halten		
184419	,		
184420	schien		
184421	ihm	21594	(mention_id=21936|references=(entity=(entity_id=entity_0177|fullname=Lorenzo Da Ponte|gender=m)))
184422	ein		
184423	Genuß		
184424	,		
184425	den		
184426	er	21595	(mention_id=21937|references=(entity=(entity_id=entity_0177|fullname=Lorenzo Da Ponte|gender=m)))
184427	durch		
184428	Befriedigung		
184429	nicht		
184430	sogleich		
184431	aufheben		
184432	wollte		
184433	.		
184434	So		
184435	ließ		
184436	er	21596	(mention_id=21938|references=(entity=(entity_id=entity_0177|fullname=Lorenzo Da Ponte|gender=m)))
184437	das		
184438	Glas		
184439	gegen		
184440	das		
184441	Licht		
184442	funkeln		
184443	und		
184444	sah		
184445	immer		
184446	darauf		
184447	.		
184448	Sein	21597	(mention_id=21939|references=(entity=(entity_id=entity_0177|fullname=Lorenzo Da Ponte|gender=m)))
184449	Blick		
184450	wurde		
184451	zuletzt		
184452	wie		
184453	geistesabwesend		
184454	,		
184455	er	21598	
184456	versank		
184457	,		
184458	wie		
184459	es		
184460	schien		
184461	,		
184462	in		
184463	ein		
184464	Meer		
184465	alter		
184466	Erinnerungen		
184467	.		
184468	Moorfeld	21599	(mention_id=21940|references=(entity=(entity_id=entity_0001|fullname=Dr. Moorfeld|gender=m)))
184469	stand		
184470	seitwärts		
184471	und		
184472	betrachtete		
184473	den		
184474	Greis	21600	(mention_id=21941|references=(entity=(entity_id=entity_0177|fullname=Lorenzo Da Ponte|gender=m)))
184475	eben		
184476	so		
184477	ergriffen		
184478	,		
184479	wie		
184480	dieser	21601	(mention_id=21942|references=(entity=(entity_id=entity_0177|fullname=Lorenzo Da Ponte|gender=m)))
184481	sein	21602	(mention_id=21943|references=(entity=(entity_id=entity_0177|fullname=Lorenzo Da Ponte|gender=m)))
184482	Labsal		
184483	.		
184484	Das		
184485	währte		
184486	eine		
184487	geraume		
184488	Weile		
184489	.		
184490	Hierauf		
184491	gab		
184492	der		
184493	Alte	21603	(mention_id=21944|references=(entity=(entity_id=entity_0177|fullname=Lorenzo Da Ponte|gender=m)))
184494	dem		
184495	Glas		
184496	eine		
184497	leichte		
184498	Schwenkung		
184499	und		
184500	murmelte		
184501	fast		
184502	feierlich		
184503	:		
184504	Evviva		
184505	Vienna		
184506	!		
184507	Damit		
184508	leerte		
184509	er	21604	(mention_id=21945|references=(entity=(entity_id=entity_0177|fullname=Lorenzo Da Ponte|gender=m)))
184510	es		
184511	.		
184512	Moorfeld	21605	(mention_id=21946|references=(entity=(entity_id=entity_0001|fullname=Dr. Moorfeld|gender=m)))
184513	hatte		
184514	den		
184515	Toast		
184516	belauscht		
184517	.		
184518	Er	21606	(mention_id=21947|references=(entity=(entity_id=entity_0001|fullname=Dr. Moorfeld|gender=m)))
184519	erstaunte		
184520	.		
184521	Ha		
184522	,		
184523	mein	21607	(mention_id=21948|references=(entity=(entity_id=entity_0001|fullname=Dr. Moorfeld|gender=m)))
184524	Herr	21608	(mention_id=21949|references=(entity=(entity_id=entity_0177|fullname=Lorenzo Da Ponte|gender=m)))
184525	,		
184526	Ihre	21609	(mention_id=21950|references=(entity=(entity_id=entity_0177|fullname=Lorenzo Da Ponte|gender=m)))
184527	Erinnerungen		
184528	knüpfen		
184529	sich		
184530	an		
184531	Wien		
184532	!		
184533	rief		
184534	er	21610	(mention_id=21951|references=(entity=(entity_id=entity_0001|fullname=Dr. Moorfeld|gender=m)))
184535	aufwallend		
184536	von		
184537	Heimathsgefühl		
184538	.		
184539	Er	21611	(mention_id=21952|references=(entity=(entity_id=entity_0001|fullname=Dr. Moorfeld|gender=m)))
184540	streckte		
184541	dem		
184542	Greise	21612	(mention_id=21953|references=(entity=(entity_id=entity_0177|fullname=Lorenzo Da Ponte|gender=m)))
184543	beide		
184544	Arme		
184545	entgegen		
184546	.		
184547	Es		
184548	waren		
184549	die		
184550	zehn		
184551	schönsten		
184552	Jahre		
184553	meines	21613	(mention_id=21954|references=(entity=(entity_id=entity_0177|fullname=Lorenzo Da Ponte|gender=m)))
184554	Lebens		
184555	!		
184556	antwortete		
184557	dieser	21614	
184558	traumversunken		
184559	.		
184560	—		
184561	O		
184562	wie		
184563	bedauere		
184564	ich	21615	(mention_id=21955|references=(entity=(entity_id=entity_0001|fullname=Dr. Moorfeld|gender=m)))
184565	die		
184566	Schicksale		
184567	,		
184568	die		
184569	dieses		
184570	Glück		
184571	Ihnen	21616	(mention_id=21956|references=(entity=(entity_id=entity_0177|fullname=Lorenzo Da Ponte|gender=m)))
184572	geraubt		
184573	.		
184574	Sie		
184575	müssen		
184576	trauriger		
184577	Art		
184578	gewesen		
184579	sein		
184580	!		
184581	—		
184582	Zwei		
184583	Todesfälle		
184584	waren		
184585	es		
184586	,		
184587	Signor	21617	(mention_id=21957|references=(entity=(entity_id=entity_0001|fullname=Dr. Moorfeld|gender=m)))
184588	.		
184589	Den		
184590	20.		
184591	Februar		
184592	1790		
184593	starb		
184594	Kaiser	21618	(mention_id=21958|references=(entity=(entity_id=entity_1188|fullname=Kaiser Joseph|gender=m)))
184595	Joseph	21618	(mention_id=21958|references=(entity=(entity_id=entity_1188|fullname=Kaiser Joseph|gender=m)))
184596	,		
184597	der		
184598	wärmste		
184599	Freund	21619	(mention_id=21959|references=(entity=(entity_id=entity_1188|fullname=Kaiser Joseph|gender=m)))
184600	und		
184601	Beschützer		(mention_id=21960|references=(entity=(entity_id=entity_1188|fullname=Kaiser Joseph|gender=m)))
184602	der		
184603	Künste		
184604	,		
184605	und		
184606	den		
184607	5.		
184608	December		
184609	1791		
184610	Amade	21620	(mention_id=21961|references=(entity=(entity_id=entity_1176|fullname=Mozart|gender=m)))
184611	Mozart	21620	(mention_id=21961|references=(entity=(entity_id=entity_1176|fullname=Mozart|gender=m)))
184612	,		
184613	der		
184614	Kaiser	21621	(mention_id=21962|references=(entity=(entity_id=entity_1176|fullname=Mozart|gender=m)|specialcase_reference=figurative))
184615	seiner	21622	(mention_id=21963|references=(entity=(entity_id=entity_1176|fullname=Mozart|gender=m)))
184616	Kunst		
184617	selbt		
184618	.		
184619	Was		
184620	sollte		
184621	da		
184622	ich	21623	(mention_id=21964|references=(entity=(entity_id=entity_0177|fullname=Lorenzo Da Ponte|gender=m)))
184623	noch		
184624	in		
184625	Wien		
184626	!		
184627	—		
184628	Moorfeld	21624	(mention_id=21965|references=(entity=(entity_id=entity_0001|fullname=Dr. Moorfeld|gender=m)))
184629	sah		
184630	den		
184631	Alten	21625	(mention_id=21966|references=(entity=(entity_id=entity_0177|fullname=Lorenzo Da Ponte|gender=m)))
184632	groß		
184633	an		
184634	.		
184635	Wer		
184636	ist		
184637	es		
184638	,		
184639	der	21626	(mention_id=21967|references=(entity=(entity_id=entity_0177|fullname=Lorenzo Da Ponte|gender=m)))
184640	mit		
184641	mir	21627	(mention_id=21968|references=(entity=(entity_id=entity_0001|fullname=Dr. Moorfeld|gender=m)))
184642	spricht		
184643	?		
184644	rief		
184645	er	21628	(mention_id=21969|references=(entity=(entity_id=entity_0001|fullname=Dr. Moorfeld|gender=m)))
184646	in		
184647	höchster		
184648	Spannung		
184649	.		
184650	—		
184651	Wenig		
184652	,		
184653	antwortete		
184654	der		
184655	Greis	21629	(mention_id=21970|references=(entity=(entity_id=entity_0177|fullname=Lorenzo Da Ponte|gender=m)))
184656	,		
184657	und		
184658	kauerte		
184659	sich	21630	(mention_id=21971|references=(entity=(entity_id=entity_0177|fullname=Lorenzo Da Ponte|gender=m)))
184660	tiefer		
184661	in		
184662	seinen	21631	(mention_id=21972|references=(entity=(entity_id=entity_0177|fullname=Lorenzo Da Ponte|gender=m)))
184663	Mantel		
184664	zusammen		
184665	,		
184666	—		
184667	ich	21632	(mention_id=21973|references=(entity=(entity_id=entity_0177|fullname=Lorenzo Da Ponte|gender=m)))
184668	heiße		
184669	da		(mention_id=21974|references=(entity=(entity_id=entity_0177|fullname=Lorenzo Da Ponte|gender=m)))
184670	Ponte	21633	(mention_id=21974|references=(entity=(entity_id=entity_0177|fullname=Lorenzo Da Ponte|gender=m)))
184671	.		
184672	Da		(mention_id=21975|references=(entity=(entity_id=entity_0177|fullname=Lorenzo Da Ponte|gender=m)))
184673	Ponte	21634	(mention_id=21975|references=(entity=(entity_id=entity_0177|fullname=Lorenzo Da Ponte|gender=m)))
184674	!		
184675	rief		
184676	Moorfeld	21635	(mention_id=21976|references=(entity=(entity_id=entity_0001|fullname=Dr. Moorfeld|gender=m)))
184677	außer		
184678	sich	21636	(mention_id=21977|references=(entity=(entity_id=entity_0001|fullname=Dr. Moorfeld|gender=m)))
184679	:		
184680	Casti’s	21637	(mention_id=21978|references=(entity=(entity_id=entity_1205|fullname=Casti|gender=m)))
184681	und		
184682	Metastasio’s	21638	(mention_id=21979|references=(entity=(entity_id=entity_1209|fullname=Metastasio|gender=m)))
184683	Rival	21639	(mention_id=21980|references=(entity=(entity_id=entity_0177|fullname=Lorenzo Da Ponte|gender=m)))
184684	,		
184685	verschmachtend		
184686	am		
184687	Strande		
184688	der		
184689	Manhattan		
184690	!		
184691	Er	21640	(mention_id=21981|references=(entity=(entity_id=entity_0001|fullname=Dr. Moorfeld|gender=m)))
184692	stand		
184693	vor		
184694	dem		
184695	alten		
184696	Manne	21641	(mention_id=21982|references=(entity=(entity_id=entity_0177|fullname=Lorenzo Da Ponte|gender=m)))
184697	wie		
184698	vor		
184699	der		
184700	Reliquie		
184701	eines		
184702	Heiligen	21642	(mention_id=21983|references=(entity=(entity_id=entity_0177|fullname=Lorenzo Da Ponte|gender=m)|specialcase_reference=figurative))
184703	.		
184704	Unaussprechlich		
184705	war		
184706	seine	21643	(mention_id=21984|references=(entity=(entity_id=entity_0001|fullname=Dr. Moorfeld|gender=m)))
184707	Bewegung		
184708	.		
184709	Der		
184710	Gedanke		
184711	,		
184712	mit		
184713	seinem	21644	(mention_id=21985|references=(entity=(entity_id=entity_0001|fullname=Dr. Moorfeld|gender=m)))
184714	Blick		
184715	auf		
184716	einem		
184717	Haupte		
184718	zu		
184719	ruhen		
184720	,		
184721	das		
184722	in		
184723	Mozart's	21645	(mention_id=21986|references=(entity=(entity_id=entity_1176|fullname=Mozart|gender=m)))
184724	brüderlichem		
184725	Schoß		
184726	gelegen		
184727	,		
184728	ergriff		
184729	ihn	21646	(mention_id=21987|references=(entity=(entity_id=entity_0001|fullname=Dr. Moorfeld|gender=m)))
184730	betäubend		
184731	.		
184732	Staunen		
184733	und		
184734	Ehrfurcht		
184735	hielt		
184736	ihn	21647	(mention_id=21988|references=(entity=(entity_id=entity_0001|fullname=Dr. Moorfeld|gender=m)))
184737	wie		
184738	mit		
184739	Bezauberung		
184740	vor		
184741	dem		
184742	Bilde		
184743	des		
184744	alten		
184745	Mannes	21648	(mention_id=21989|references=(entity=(entity_id=entity_0177|fullname=Lorenzo Da Ponte|gender=m)))
184746	gefesselt		
184747	.		
184748	Er	21649	(mention_id=21990|references=(entity=(entity_id=entity_0001|fullname=Dr. Moorfeld|gender=m)))
184749	bedurfte		
184750	einiger		
184751	Minuten		
184752	um		
184753	sich	21650	(mention_id=21991|references=(entity=(entity_id=entity_0001|fullname=Dr. Moorfeld|gender=m)))
184754	zu		
184755	fassen		
184756	.		
184757	Dann		
184758	trat		
184759	er	21651	(mention_id=21992|references=(entity=(entity_id=entity_0001|fullname=Dr. Moorfeld|gender=m)))
184760	vor		
184761	den		
184762	Greis	21652	(mention_id=21993|references=(entity=(entity_id=entity_0177|fullname=Lorenzo Da Ponte|gender=m)))
184763	und		
184764	sprach		
184765	mit		
184766	einer		
184767	fast		
184768	ritterlichen		
184769	Courtoisie		
184770	:		
184771	Herr	21653	(mention_id=21994|references=(entity=(entity_id=entity_0177|fullname=Lorenzo Da Ponte|gender=m)))
184772	Abbé	21653	(mention_id=21994|references=(entity=(entity_id=entity_0177|fullname=Lorenzo Da Ponte|gender=m)))
184773	,		
184774	ich	21654	(mention_id=21995|references=(entity=(entity_id=entity_0001|fullname=Dr. Moorfeld|gender=m)))
184775	bitte		
184776	Sie	21655	(mention_id=21996|references=(entity=(entity_id=entity_0177|fullname=Lorenzo Da Ponte|gender=m)))
184777	,		
184778	den		
184779	Tribut		
184780	meiner	21656	(mention_id=21997|references=(entity=(entity_id=entity_0001|fullname=Dr. Moorfeld|gender=m)))
184781	begeistertsten		
184782	Hochachtung		
184783	anzunehmen		
184784	.		
184785	So		
184786	weit		
184787	die		
184788	Erde		
184789	Cultur		
184790	hat		
184791	,		
184792	ist		
184793	jeder		
184794	einzelne		
184795	Mensch	21657	(mention_id=21998|references=(entity=(entity_id=generic_5806|fullname=generic_2151|gender=u|specialcase_entity=generic)))
184796	Ihnen	21658	(mention_id=21999|references=(entity=(entity_id=entity_0177|fullname=Lorenzo Da Ponte|gender=m)))
184797	Dank		
184798	schuldig		
184799	.		
184800	Wie		
184801	tief		
184802	mich	21659	(mention_id=22000|references=(entity=(entity_id=entity_0001|fullname=Dr. Moorfeld|gender=m)))
184803	das		
184804	Unglück		
184805	erschüttert		
184806	,		
184807	das		
184808	dieser		
184809	unwirthliche		
184810	Boden		
184811	Ihnen	21660	(mention_id=22001|references=(entity=(entity_id=entity_0177|fullname=Lorenzo Da Ponte|gender=m)))
184812	zu		
184813	bereiten		
184814	scheint		
184815	,		
184816	so		
184817	muß		
184818	ich	21661	(mention_id=22002|references=(entity=(entity_id=entity_0001|fullname=Dr. Moorfeld|gender=m)))
184819	den		
184820	Zufall		
184821	segnen		
184822	,		
184823	der		
184824	es		
184825	meine	21662	(mention_id=22003|references=(entity=(entity_id=entity_0001|fullname=Dr. Moorfeld|gender=m)))
184826	Hand		
184827	sein		
184828	ließ		
184829	,		
184830	welche		
184831	in		
184832	dieser		
184833	Stunde		
184834	die		
184835	Ihrige	21663	(mention_id=22004|references=(entity=(entity_id=entity_0177|fullname=Lorenzo Da Ponte|gender=m)))
184836	ergreifen		
184837	durfte		
184838	.		
184839	Keinem		
184840	Amerikaner	21664	(mention_id=22005|references=(entity=(entity_id=generic_5807|fullname=generic_2152|gender=u|specialcase_entity=generic)))
184841	hätte		
184842	ich	21665	(mention_id=22006|references=(entity=(entity_id=entity_0001|fullname=Dr. Moorfeld|gender=m)))
184843	die		
184844	Ehre		
184845	gegönnt		
184846	,		
184847	die		
184848	Hand		
184849	zu		
184850	berühren		
184851	,		
184852	aus		
184853	welcher		
184854	Mozart	21666	(mention_id=22007|references=(entity=(entity_id=entity_1176|fullname=Mozart|gender=m)))
184855	das		
184856	Gedicht		
184857	seines	21667	(mention_id=22008|references=(entity=(entity_id=entity_1176|fullname=Mozart|gender=m)))
184858	Don	21668	
184859	Juan	21668	
184860	empfangen		
184861	.		
184862	Ganz		
184863	füllt		
184864	mich	21669	(mention_id=22009|references=(entity=(entity_id=entity_0001|fullname=Dr. Moorfeld|gender=m)))
184865	die		
184866	Vorstellung		
184867	aus		
184868	,		
184869	was		
184870	diese		
184871	Hand		
184872	der		
184873	Welt		
184874	geleistet		
184875	hat		
184876	.		
184877	Ist		
184878	doch		
184879	Musik		
184880	die		
184881	einzige		
184882	Kunst		
184883	,		
184884	in		
184885	der		
184886	wir	21670	(mention_id=22010|references=(entity=(entity_id=entity_0001|fullname=Dr. Moorfeld|gender=m)))
184887	mit		
184888	einer		
184889	selbstständigen		
184890	Cultur		
184891	dem		
184892	Alterthum		
184893	gegenübertreten		
184894	,		
184895	in		
184896	der		
184897	wir	21671	(mention_id=22011|references=(entity=(entity_id=entity_0001|fullname=Dr. Moorfeld|gender=m)))
184898	unsre	21672	(mention_id=22012|references=(entity=(entity_id=entity_0001|fullname=Dr. Moorfeld|gender=m)))
184899	Laokoone		
184900	,		
184901	unsere	21673	(mention_id=22013|references=(entity=(entity_id=entity_0001|fullname=Dr. Moorfeld|gender=m)))
184902	Illiaden		
184903	ohne		
184904	Vorbild		
184905	erschaffen		
184906	!		
184907	Ist		
184908	doch		
184909	Don	21674	
184910	Juan	21674	
184911	die		
184912	höchste		
184913	Blüthe		
184914	dieser		
184915	musikalischen		
184916	Kunst		
184917	,		
184918	die		
184919	süßeste		
184920	und		
184921	gewaltigste		
184922	Botschaft		
184923	des		
184924	modernen		
184925	Menschenherzens		
184926	!		
184927	Und		
184928	daß		
184929	dieser		
184930	Ehrenkranz		
184931	der		
184932	neueren		
184933	Kunst		
184934	vor		
184935	Allem		
184936	aus		
184937	Ihren	21675	
184938	Versen		
184939	herauslaubte		
184940	,		
184941	bei		
184942	Gott		
184943	,		
184944	das		
184945	hat		
184946	kein		
184947	Zufall		
184948	gefügt		
184949	!		
184950	Ich	21676	(mention_id=22014|references=(entity=(entity_id=entity_0001|fullname=Dr. Moorfeld|gender=m)))
184951	habe		
184952	Ihr	21677	(mention_id=22015|references=(entity=(entity_id=entity_0177|fullname=Lorenzo Da Ponte|gender=m)))
184953	Drama		
184954	giocoso		
184955	:		
184956	Don	21678	
184957	Giovanni	21678	
184958	,		
184959	ossia		
184960	il		
184961	dissoluto		
184962	punito		
184963	stets		
184964	bewundert		
184965	.		
184966	Es		
184967	ist		
184968	schwierig		
184969	,		
184970	vielleicht		
184971	unmöglich		
184972	ein		
184973	musikalisches		
184974	Drama		
184975	zu		
184976	schreiben		
184977	.		
184978	Die		
184979	Musik		
184980	bedarf		
184981	der		
184982	Leidenschaften		
184983	und		
184984	Affecte		
184985	;		
184986	das		
184987	Drama		
184988	motivirt		
184989	Leidenschaften		
184990	und		
184991	Affecte		
184992	.		
184993	Motivirung		
184994	ist		
184995	eine		
184996	Verstandesoperation		
184997	;		
184998	diese		
184999	widerstrebt		
185000	der		
185001	Musik		
185002	.		
185003	Eine		
185004	Handlung		
185005	voll		
185006	wirk		
185007	licher		
185008	Leidenschaften		
185009	,		
185010	welche		
185011	auf		
185012	dem		
185013	kürzesten		
185014	Wege		
185015	sich		
185016	motiviren		
185017	:		
185018	das		
185019	ist		
185020	das		
185021	Ideal		
185022	eines		
185023	musikalischen		
185024	Dramas		
185025	.		
185026	Ihr	21679	(mention_id=22016|references=(entity=(entity_id=entity_0177|fullname=Lorenzo Da Ponte|gender=m)))
185027	Don	21680	
185028	Giovanni	21680	
185029	hat		
185030	dieses		
185031	Ideal		
185032	wie		
185033	unter		
185034	einer		
185035	Constellation		
185036	aller		
185037	günstigen		
185038	Sterne		
185039	erreicht		
185040	.		
185041	Nur		
185042	Einmal		
185043	,		
185044	seit		
185045	für		
185046	Musik		
185047	gedichtet		
185048	wird		
185049	,		
185050	trat		
185051	solch		
185052	eine		
185053	Gruppe	21681	
185054	zu		
185055	solchen		
185056	Wirkungen		
185057	zusammen		
185058	!		
185059	Das		
185060	ganze		
185061	Buch		
185062	ist		
185063	musikalisches		
185064	Vollblut		
185065	.		
185066	Ich	21682	(mention_id=22017|references=(entity=(entity_id=entity_0001|fullname=Dr. Moorfeld|gender=m)))
185067	sehe		
185068	allerlei		
185069	Personen	21683	(mention_id=22018|references=(entity=(entity_id=entity_1183|fullname=Gestalten|gender=mf|members=entity_1185,entity_1217|all_members_given=True|specialcase_entity=group)))
185070	in		
185071	ihrem	21684	(mention_id=22019|references=(entity=(entity_id=entity_1183|fullname=Gestalten|gender=mf|members=entity_1185,entity_1217|all_members_given=True|specialcase_entity=group)))
185072	Singspiele		
185073	auftreten		
185074	,		
185075	hohe		(mention_id=22020|references=(entity=(entity_id=entity_1217|fullname=hohe Personen|gender=m|members=entity_1195,entity_1201,entity_1202,entity_1206|all_members_given=False|specialcase_entity=group)))
185076	und		
185077	niedere		(mention_id=22021|references=(entity=(entity_id=entity_1185|fullname=niedere Personen|gender=mf|members=entity_1178,entity_1187,entity_1211|all_members_given=False|specialcase_entity=group)))
185078	.		
185079	Die		
185080	niederen	21685	(mention_id=22022|references=(entity=(entity_id=entity_1185|fullname=niedere Personen|gender=mf|members=entity_1178,entity_1187,entity_1211|all_members_given=False|specialcase_entity=group)))
185081	,		
185082	Leporello	21686	(mention_id=22023|references=(entity=(entity_id=entity_1211|fullname=Leporello|gender=m)))
185083	,		
185084	Masetto	21687	(mention_id=22024|references=(entity=(entity_id=entity_1187|fullname=Masetto|gender=m)))
185085	,		
185086	Zerline	21688	(mention_id=22025|references=(entity=(entity_id=entity_1178|fullname=Zerlina|gender=f)))
185087	,		
185088	sind		
185089	musikalisch		
185090	durch		
185091	sich	21689	(mention_id=22026|references=(entity=(entity_id=entity_1185|fullname=niedere Personen|gender=mf|members=entity_1178,entity_1187,entity_1211|all_members_given=False|specialcase_entity=group)))
185092	selbst		
185093	.		
185094	Sie	21690	(mention_id=22027|references=(entity=(entity_id=entity_1185|fullname=niedere Personen|gender=mf|members=entity_1178,entity_1187,entity_1211|all_members_given=False|specialcase_entity=group)))
185095	sitzen		
185096	an		
185097	der		
185098	Quelle		
185099	der		
185100	Musik		
185101	,		
185102	im		
185103	Volke	21691	
185104	,		
185105	und		
185106	dem		
185107	Volke		
185108	wird		
185109	nicht		
185110	der		
185111	höchste		
185112	,		
185113	sondern		
185114	aller		
185115	Affect		
185116	zum		
185117	Liede		
185118	.		
185119	Diese		
185120	Menschen	21692	(mention_id=22028|references=(entity=(entity_id=entity_1185|fullname=niedere Personen|gender=mf|members=entity_1178,entity_1187,entity_1211|all_members_given=False|specialcase_entity=group)))
185121	sind		
185122	sangbar		
185123	ohne		
185124	Weiteres		
185125	.		
185126	Dann		
185127	aber		
185128	stellen		
185129	Sie	21693	(mention_id=22029|references=(entity=(entity_id=entity_0177|fullname=Lorenzo Da Ponte|gender=m)))
185130	auch		
185131	vornehme		
185132	und		
185133	gebildete		
185134	Personen	21694	(mention_id=22030|references=(entity=(entity_id=entity_1219|fullname=vornehme und gebildete Personen|gender=u|specialcase_entity=group)))
185135	in		
185136	Ihr	21695	(mention_id=22031|references=(entity=(entity_id=entity_0177|fullname=Lorenzo Da Ponte|gender=m)))
185137	Gedicht		
185138	,		
185139	welche	21696	
185140	eine		
185141	ungeheure		
185142	Kluft		
185143	von		
185144	der		
185145	Leidenschaft		
185146	trennt		
185147	.		
185148	Sollen		
185149	erzogene		
185150	Menschen	21697	(mention_id=22032|references=(entity=(entity_id=generic_5808|fullname=generic_2153|gender=u|specialcase_entity=generic)))
185151	nicht		
185152	Gemeinplätze		
185153	singen		
185154	,		
185155	so		
185156	ist		
185157	kaum		
185158	abzusehen		
185159	,		
185160	wie		
185161	sie	21698	(mention_id=22033|references=(entity=(entity_id=generic_5809|fullname=generic_2154|gender=u|specialcase_entity=generic)))
185162	der		
185163	Quelle		
185164	des		
185165	Gesanges		
185166	,		
185167	der		
185168	Aufregung		
185169	,		
185170	auf		
185171	kürzestem		
185172	Wege		
185173	nahe		
185174	zu		
185175	bringen		
185176	.		
185177	Wir	21699	(mention_id=22034|references=(entity=(entity_id=entity_0001|fullname=Dr. Moorfeld|gender=m)))
185178	haben		
185179	ein		
185180	deutsches		
185181	Drama		
185182	:		
185183	Torquato		
185184	Tasso		
185185	genannt		
185186	und		
185187	dieses		
185188	kann		
185189	,		
185190	wie		
185191	in		
185192	einem		
185193	Spiegel		
185194	,		
185195	uns	21700	(mention_id=22035|references=(entity=(entity_id=entity_0001|fullname=Dr. Moorfeld|gender=m)))
185196	zeigen		
185197	,		
185198	welch		
185199	weitläufiger		
185200	und		
185201	künstlicher		
185202	Operationen		
185203	es		
185204	bedarf		
185205	,		
185206	daß		
185207	ein		
185208	Hofcavalier	21701	(mention_id=22036|references=(entity=(entity_id=entity_1210|fullname=Hofcavalier|gender=m)))
185209	den		
185210	Degen		
185211	zieht		
185212	,		
185213	und		
185214	daß		
185215	ein		
185216	anderer		
185217	Hofcavalier	21702	(mention_id=22037|references=(entity=(entity_id=entity_1214|fullname=anderer Hofcavalier|gender=m)))
185218	eine		
185219	Prinzessin	21703	(mention_id=22038|references=(entity=(entity_id=entity_1213|fullname=Prinzessin|gender=f)))
185220	umarmt		
185221	—		
185222	das		
185223	heißt		
185224	,		
185225	daß		
185226	die		
185227	Sitte		
185228	zur		
185229	Leidenschaft		
185230	vordringe		
185231	.		
185232	Und		
185233	nun		
185234	fliegt		
185235	der		
185236	Vorhang		
185237	Ihres	21704	(mention_id=22039|references=(entity=(entity_id=entity_0177|fullname=Lorenzo Da Ponte|gender=m)))
185238	Dramas		
185239	auf		
185240	!		
185241	Und		
185242	nun		
185243	sehe		
185244	ich	21705	(mention_id=22040|references=(entity=(entity_id=entity_0001|fullname=Dr. Moorfeld|gender=m)))
185245	einen		
185246	Don	21706	(mention_id=22041|references=(entity=(entity_id=entity_1206|fullname=Don Giovanni|gender=m)))
185247	Juan	21706	(mention_id=22041|references=(entity=(entity_id=entity_1206|fullname=Don Giovanni|gender=m)))
185248	,		
185249	einen		
185250	modernen		
185251	Giganten	21707	(mention_id=22042|references=(entity=(entity_id=entity_1206|fullname=Don Giovanni|gender=m)))
185252	,		
185253	welcher	21708	(mention_id=22043|references=(entity=(entity_id=entity_1206|fullname=Don Giovanni|gender=m)))
185254	seine	21709	(mention_id=22044|references=(entity=(entity_id=entity_1206|fullname=Don Giovanni|gender=m)))
185255	Sinnenkraft		
185256	über		
185257	die		
185258	Weltordnung		
185259	setzt		
185260	,		
185261	—		
185262	eine		
185263	Donna	21710	(mention_id=22045|references=(entity=(entity_id=entity_1202|fullname=Donna Elvira|gender=f)))
185264	Elvira	21710	(mention_id=22045|references=(entity=(entity_id=entity_1202|fullname=Donna Elvira|gender=f)))
185265	,		
185266	welche	21711	(mention_id=22046|references=(entity=(entity_id=entity_1202|fullname=Donna Elvira|gender=f)))
185267	ein		
185268	ewiges		
185269	Herz		
185270	gegen		
185271	die		
185272	endliche		
185273	Zeit		
185274	zu		
185275	vertheidigen		
185276	unternimmt		
185277	,		
185278	—		
185279	einen		
185280	Gouverneur	21712	(mention_id=22047|references=(entity=(entity_id=entity_1189|fullname=Gouverneur|gender=m)))
185281	,		
185282	welcher	21713	(mention_id=22048|references=(entity=(entity_id=entity_1189|fullname=Gouverneur|gender=m)))
185283	im		
185284	Leben		
185285	zur		
185286	Rettung		
185287	für		
185288	sein	21714	(mention_id=22049|references=(entity=(entity_id=entity_1189|fullname=Gouverneur|gender=m)))
185289	Heiligstes		
185290	aufgefordert		
185291	wird		
185292	,		
185293	nach		
185294	dem		
185295	Tode		
185296	im		
185297	Namen		
185298	des		
185299	Allerheiligsten	21715	
185300	selber		
185301	zur		
185302	Rettung		
185303	einer		
185304	unsterblichen		
185305	Seele		
185306	auffordert		
185307	,		
185308	—		
185309	eine		
185310	Donna	21716	(mention_id=22050|references=(entity=(entity_id=entity_1201|fullname=Donna Anna|gender=f)))
185311	Anna	21716	(mention_id=22050|references=(entity=(entity_id=entity_1201|fullname=Donna Anna|gender=f)))
185312	,		
185313	welche	21717	(mention_id=22051|references=(entity=(entity_id=entity_1201|fullname=Donna Anna|gender=f)))
185314	von		
185315	ein-		
185316	und		
185317	demselben		
185318	Schicksale		
185319	zugleich		
185320	auf		
185321	den		
185322	höchsten		
185323	Gipfel		
185324	und		
185325	in		
185326	den		
185327	tiefsten		
185328	Abgrund		
185329	des		
185330	weiblichen		
185331	Bewußtseins		
185332	geschleudert		
185333	wird		
185334	,		
185335	—		
185336	einen		
185337	Don	21718	(mention_id=22052|references=(entity=(entity_id=entity_1195|fullname=Don Ottavio|gender=m)))
185338	Ottavio	21718	(mention_id=22052|references=(entity=(entity_id=entity_1195|fullname=Don Ottavio|gender=m)))
185339	,		
185340	welcher	21719	(mention_id=22053|references=(entity=(entity_id=entity_1195|fullname=Don Ottavio|gender=m)))
185341	in		
185342	einer		
185343	Welt		
185344	,		
185345	die		
185346	aus		
185347	ihren		
185348	Fugen		
185349	ist		
185350	,		
185351	um		
185352	so		
185353	berechtigter		
185354	jenes		
185355	einfache		
185356	Naturgesetz		
185357	singen		
185358	darf		
185359	,		
185360	durch		
185361	das		
185362	sie		
185363	ewig		
185364	sich		
185365	neu		
185366	ergänzt		
185367	:		
185368	ich	21720	(mention_id=22054|references=(entity=(entity_id=entity_0001|fullname=Dr. Moorfeld|gender=m)))
185369	sehe		
185370	Gestalten	21721	(mention_id=22055|references=(entity=(entity_id=entity_1183|fullname=Gestalten|gender=mf|members=entity_1185,entity_1217|all_members_given=True|specialcase_entity=group)))
185371	,		
185372	welche	21722	(mention_id=22056|references=(entity=(entity_id=entity_1183|fullname=Gestalten|gender=mf|members=entity_1185,entity_1217|all_members_given=True|specialcase_entity=group)))
185373	Sie	21723	(mention_id=22057|references=(entity=(entity_id=entity_0177|fullname=Lorenzo Da Ponte|gender=m)))
185374	aus		
185375	dem		
185376	Banne		
185377	der		
185378	conventionellen		
185379	Menschheit	21724	(mention_id=22058|references=(entity=(entity_id=generic_5810|fullname=generic_2155|gender=u|specialcase_entity=generic)))
185380	,		
185381	der	21725	(mention_id=22059|references=(entity=(entity_id=generic_5811|fullname=generic_2156|gender=u|specialcase_entity=generic)))
185382	sie	21726	(mention_id=22060|references=(entity=(entity_id=generic_5812|fullname=generic_2157|gender=u|specialcase_entity=generic)))
185383	angehören		
185384	,		
185385	mit		
185386	dem		
185387	glücklichsten		
185388	Wurf		
185389	in		
185390	die		
185391	volle		
185392	musikalische		
185393	Strömung		
185394	schleudern		
185395	.		
185396	Sie	21727	(mention_id=22061|references=(entity=(entity_id=entity_1183|fullname=Gestalten|gender=mf|members=entity_1185,entity_1217|all_members_given=True|specialcase_entity=group)))
185397	treten		
185398	auf		
185399	in		
185400	den		
185401	außerordentlichsten		
185402	und		
185403	verständlichsten		
185404	Zuständen		
185405	,		
185406	klar		
185407	einfach		
185408	,		
185409	unmittelbar		
185410	,		
185411	ihre	21728	(mention_id=22062|references=(entity=(entity_id=entity_1183|fullname=Gestalten|gender=mf|members=entity_1185,entity_1217|all_members_given=True|specialcase_entity=group)))
185412	eigene		
185413	Erklärung		
185414	,		
185415	wie		
185416	das		
185417	Dasein		
185418	selbst		
185419	.		
185420	Ihr	21729	(mention_id=22063|references=(entity=(entity_id=entity_1183|fullname=Gestalten|gender=mf|members=entity_1185,entity_1217|all_members_given=True|specialcase_entity=group)))
185421	erster		
185422	Schritt		
185423	auf		
185424	die		
185425	Bühne		
185426	schon		
185427	ist		
185428	die		
185429	höchste		
185430	pathetische		
185431	Scene		
185432	;		
185433	und		
185434	wahrlich		
185435	nur		
185436	aus		
185437	solch		
185438	einem		
185439	Eingang		
185440	kann		
185441	solch		
185442	ein		
185443	Finale		
185444	herauswachsen		
185445	!		
185446	Welch		
185447	ein		
185448	Ocean		
185449	an		
185450	Umfang		
185451	und		
185452	Tiefe		
185453	dieses		
185454	Finale		
185455	!		
185456	Zwei		
185457	rächende		
185458	Bräutigame	21730	(mention_id=22064|references=(entity=(entity_id=entity_1204|fullname=Bräutigame|gender=m|specialcase_entity=group)))
185459	,		
185460	drei		
185461	beleidigte		
185462	Frauen	21731	(mention_id=22065|references=(entity=(entity_id=entity_1215|fullname=beleidigte Frauen|gender=f|specialcase_entity=group)))
185463	,		
185464	ein		
185465	Mord		
185466	im		
185467	Hintergrunde		
185468	,		
185469	Champagner		
185470	und		
185471	Ballet		
185472	im		
185473	Vordergrunde		
185474	,		
185475	Blitz		
185476	und		
185477	Donner		
185478	im		
185479	Zenith		
185480	,		
185481	und		
185482	mitten		
185483	in		
185484	diesem		
185485	Aufruhr		
185486	ein		
185487	verwilderter		
185488	Gott	21732	(mention_id=22066|references=(entity=(entity_id=entity_0092|fullname=Gott|gender=u)))
185489	,		
185490	eine		
185491	gesträubte		
185492	Löwenmähne		
185493	,		
185494	gepackt		
185495	von		
185496	dem		
185497	Rachen		
185498	,		
185499	packend		
185500	im		
185501	Sinnenfieber		
185502	der		
185503	Liebe		
185504	!		
185505	So		
185506	lang		
185507	eine		
185508	Bühne		
185509	steht		
185510	,		
185511	wird		
185512	die		
185513	kunstbegnadete		
185514	Menschheit	21733	(mention_id=22067|references=(entity=(entity_id=generic_5813|fullname=generic_2158|gender=u|specialcase_entity=generic)))
185515	anbetend		
185516	vor		
185517	diesem		
185518	Finale		
185519	liegen		
185520	,		
185521	und		
185522	wenn		
185523	wir	21734	(mention_id=22068|references=(entity=(entity_id=entity_0001|fullname=Dr. Moorfeld|gender=m)),(entity=(entity_id=generic_5814|fullname=generic_2159|gender=u|specialcase_entity=generic)))
185524	nicht		
185525	begreifen		
185526	können		
185527	,		
185528	daß		
185529	Mozart	21735	(mention_id=22069|references=(entity=(entity_id=entity_1176|fullname=Mozart|gender=m)))
185530	ein		
185531	Mensch	21736	(mention_id=22070|references=(entity=(entity_id=entity_1176|fullname=Mozart|gender=m)))
185532	war		
185533	,		
185534	so		
185535	wird		
185536	Da	21737	(mention_id=22071|references=(entity=(entity_id=entity_0177|fullname=Lorenzo Da Ponte|gender=m)))
185537	Ponte	21737	(mention_id=22071|references=(entity=(entity_id=entity_0177|fullname=Lorenzo Da Ponte|gender=m)))
185538	in		
185539	diesem		
185540	Mysterium		
185541	als		
185542	Mittler	21738	(mention_id=22072|references=(entity=(entity_id=entity_0177|fullname=Lorenzo Da Ponte|gender=m)))
185543	verehrt		
185544	werden		
185545	müssen		
185546	!		
185547	So		
185548	sprach		
185549	Moorfeld	21739	(mention_id=22073|references=(entity=(entity_id=entity_0001|fullname=Dr. Moorfeld|gender=m)))
185550	hingerissen		
185551	von		
185552	seiner	21740	(mention_id=22074|references=(entity=(entity_id=entity_0001|fullname=Dr. Moorfeld|gender=m)))
185553	dichterischen		
185554	Begeisterung		
185555	.		
185556	Der		
185557	alte		
185558	Mann	21741	(mention_id=22075|references=(entity=(entity_id=entity_0177|fullname=Lorenzo Da Ponte|gender=m)))
185559	,		
185560	auf		
185561	dessen	21742	(mention_id=22076|references=(entity=(entity_id=entity_0177|fullname=Lorenzo Da Ponte|gender=m)))
185562	gebleichtem		
185563	Scheitel		
185564	der		
185565	Name		
185566	Da	21743	(mention_id=22077|references=(entity=(entity_id=entity_0177|fullname=Lorenzo Da Ponte|gender=m)))
185567	Ponte	21743	(mention_id=22077|references=(entity=(entity_id=entity_0177|fullname=Lorenzo Da Ponte|gender=m)))
185568	ruhte		
185569	,		
185570	horchte		
185571	aus		
185572	der		
185573	Ausdrucksweise		
185574	eines		
185575	vorgeschrittenen		
185576	Ideenlebens		
185577	nur		
185578	so		
185579	viel		
185580	heraus		
185581	,		
185582	daß		
185583	das		
185584	erste		
185585	Don		
185586	Juan-Finale		
185587	gelobt		
185588	wurde		
185589	.		
185590	Er	21744	(mention_id=22078|references=(entity=(entity_id=entity_0177|fullname=Lorenzo Da Ponte|gender=m)))
185591	schien		
185592	zufrieden		
185593	mit		
185594	dieser		
185595	Anerkennung		
185596	und		
185597	bestätigte		
185598	sie		
185599	mit		
185600	folgenden		
185601	Worten		
185602	:		
185603	Ja		
185604	wohl		
185605	will		
185606	ein		
185607	Finale		
185608	gearbeitet		
185609	sein		
185610	!		
185611	Sie	21745	(mention_id=22079|references=(entity=(entity_id=entity_0001|fullname=Dr. Moorfeld|gender=m)))
185612	sagen		
185613	es		
185614	recht		
185615	,		
185616	Signor	21746	(mention_id=22080|references=(entity=(entity_id=entity_0001|fullname=Dr. Moorfeld|gender=m)))
185617	!		
185618	Ein		
185619	Finale		
185620	ist		
185621	eine		
185622	Art		
185623	Komödie		
185624	,		
185625	oder		
185626	ein		
185627	kleines		
185628	Drama		
185629	in		
185630	sich		
185631	selbst		
185632	;		
185633	es		
185634	muß		
185635	mit		
185636	der		
185637	übrigen		
185638	Oper		
185639	eng		
185640	verbunden		
185641	sein		
185642	,		
185643	und		
185644	doch		
185645	erfordert		
185646	es		
185647	einen		
185648	neuen		
185649	Eingang		
185650	und		
185651	ein		
185652	neues		
185653	Interesse		
185654	.		
185655	Im		
185656	Finale		
185657	muß		
185658	das		
185659	Talent		
185660	des		
185661	Kapellmeisters	21747	(mention_id=22081|references=(entity=(entity_id=generic_5815|fullname=generic_2160|gender=u|specialcase_entity=generic)))
185662	,		
185663	die		
185664	Kunst		
185665	und		
185666	Kraft		
185667	der		
185668	Sänger	21748	(mention_id=22082|references=(entity=(entity_id=generic_5816|fullname=generic_2161|gender=u|specialcase_entity=generic)))
185669	hauptsächlich		
185670	hervortreten		
185671	,		
185672	es		
185673	muß		
185674	als		
185675	Glanzpunkt		
185676	der		
185677	Oper		
185678	den		
185679	größten		
185680	Effect		
185681	hervorbringen		
185682	.		
185683	Die		
185684	Recitative		
185685	sind		
185686	ganz		
185687	davon		
185688	ausgeschlossen		
185689	,		
185690	man		(mention_id=22083|references=(entity=(entity_id=generic_5817|fullname=generic_2162|gender=u|specialcase_entity=generic)))
185691	singt		
185692	Alles		
185693	,		
185694	und		
185695	jede		
185696	Art		
185697	des		
185698	Gesanges		
185699	muß		
185700	darin		
185701	entwickelt		
185702	werden		
185703	.		
185704	Das		
185705	Adagio		
185706	und		
185707	Allegro		
185708	,		
185709	das		
185710	Andante		
185711	,		
185712	das		
185713	Amabile		
185714	,		
185715	das		
185716	Armonioso		
185717	,		
185718	das		
185719	Strepitoso		
185720	,		
185721	das		
185722	Arcistonpitoso		
185723	und		
185724	das		
185725	Fortissimo		
185726	,		
185727	womit		
185728	sich		
185729	in		
185730	der		
185731	Regel		
185732	das		
185733	Finale		
185734	schließt		
185735	,		
185736	und		
185737	was		
185738	man		
185739	die		
185740	Chiesa		
185741	oder		
185742	Stretta		
185743	nennt		
185744	:		
185745	—		
185746	ich	21749	(mention_id=22084|references=(entity=(entity_id=entity_0177|fullname=Lorenzo Da Ponte|gender=m)))
185747	weiß		
185748	nicht		
185749	,		
185750	ob		
185751	man		
185752	es		
185753	so		
185754	benennt		
185755	,		
185756	weil		
185757	darin		
185758	die		
185759	ganze		
185760	Kraft		
185761	des		
185762	Dramas		
185763	sich		
185764	zusammenzieht		
185765	,		
185766	oder		
185767	weil		
185768	es		
185769	allgemein		
185770	das		
185771	arme		
185772	Gehirn		
185773	des		
185774	Poeten	21750	(mention_id=22085|references=(entity=(entity_id=generic_5818|fullname=generic_2163|gender=u|specialcase_entity=generic)))
185775	,		
185776	der	21751	(mention_id=22086|references=(entity=(entity_id=generic_5819|fullname=generic_2164|gender=u|specialcase_entity=generic)))
185777	er	21752	
185778	zu		
185779	schreiben		
185780	hat		
185781	,		
185782	nicht		
185783	ein-		
185784	sondern		
185785	tausendmal		
185786	in		
185787	die		
185788	Enge		
185789	treibt		
185790	.		
185791	In		
185792	einem		
185793	Finale		
185794	müssen		
185795	nach		
185796	theatralischem		
185797	Brauch		
185798	alle		
185799	Sänger	21753	(mention_id=22087|references=(entity=(entity_id=generic_5820|fullname=generic_2165|gender=u|specialcase_entity=generic)))
185800	auf		
185801	der		
185802	Bühne		
185803	erscheinen		
185804	und		
185805	wären		
185806	ihrer	21754	(mention_id=22088|references=(entity=(entity_id=generic_5821|fullname=generic_2166|gender=u|specialcase_entity=generic)))
185807	noch		
185808	so		
185809	viele		
185810	,		
185811	um		
185812	einzeln		
185813	,		
185814	zu		
185815	zweien		
185816	,		
185817	zu		
185818	drei		
185819	,		
185820	zu		
185821	sechs		
185822	,		
185823	zu		
185824	zehn		
185825	und		
185826	zu		
185827	sechzig		
185828	Arien		
185829	,		
185830	Duette		
185831	,		
185832	Terzette		
185833	,		
185834	Sextette		
185835	und		
185836	große		
185837	Chöre		
185838	zu		
185839	singen		
185840	.		
185841	Sollte		
185842	der		
185843	Inhalt		
185844	des		
185845	Dramas		
185846	das		
185847	nicht		
185848	erlauben		
185849	,		
185850	so		
185851	ist		
185852	es		
185853	Aufgabe		
185854	des		
185855	Dichters	21755	(mention_id=22089|references=(entity=(entity_id=generic_5822|fullname=generic_2167|gender=u|specialcase_entity=generic)))
185856	,		
185857	sich	21756	(mention_id=22090|references=(entity=(entity_id=generic_5823|fullname=generic_2168|gender=u|specialcase_entity=generic)))
185858	einen		
185859	Weg		
185860	zu		
185861	suchen		
185862	,		
185863	auf		
185864	dem		
185865	er	21757	(mention_id=22091|references=(entity=(entity_id=generic_5824|fullname=generic_2169|gender=u|specialcase_entity=generic)))
185866	es		
185867	bewerkstelligen		
185868	kann		
185869	,		
185870	ohne		
185871	gegen		
185872	die		
185873	gesunde		
185874	Vernunft		
185875	oder		
185876	die		
185877	aristotelischen		
185878	Vorschriften		
185879	allzu		
185880	gröblich		
185881	sich		(mention_id=22092|references=(entity=(entity_id=generic_5825|fullname=generic_2170|gender=u|specialcase_entity=generic)))
185882	zu		
185883	versündigen		
185884	.		
185885	Gewiß		
185886	,		
185887	es		
185888	ist		
185889	eine		
185890	große		
185891	Sache		
185892	,		
185893	ein		
185894	gutes		
185895	Finale		
185896	zu		
185897	schreiben		
185898	.		
185899	Diese		
185900	Sprache		
185901	eines		
185902	altmodischen		
185903	Jahrhunderts		
185904	stach		
185905	nicht		
185906	ohne		
185907	Reiz		
185908	für		
185909	Moorfeld	21758	(mention_id=22093|references=(entity=(entity_id=entity_0001|fullname=Dr. Moorfeld|gender=m)))
185910	von		
185911	seiner	21759	(mention_id=22094|references=(entity=(entity_id=entity_0001|fullname=Dr. Moorfeld|gender=m)))
185912	eigenen		
185913	ab		
185914	.		
185915	Der		
185916	Grundton		
185917	der		
185918	schlichten		
185919	Wirklichkeit		
185920	,		
185921	der		
185922	aus		
185923	ihr		
185924	klang		
185925	,		
185926	ermangelte		
185927	nicht		
185928	,		
185929	seine	21760	(mention_id=22095|references=(entity=(entity_id=entity_0001|fullname=Dr. Moorfeld|gender=m)))
185930	Begeisterung		
185931	selbst		
185932	zu		
185933	ergreifen		
185934	,		
185935	die		
185936	er	21761	(mention_id=22096|references=(entity=(entity_id=entity_0001|fullname=Dr. Moorfeld|gender=m)))
185937	dem		
185938	ehrwürdigen		
185939	Haupte	21762	
185940	des		
185941	Dichters	21763	(mention_id=22097|references=(entity=(entity_id=entity_0177|fullname=Lorenzo Da Ponte|gender=m)))
185942	jetzt		
185943	in		
185944	der		
185945	vertraulicheren		
185946	Färbung		
185947	einer		
185948	jugendlichen		
185949	Zärtlichkeit		
185950	für		
185951	das		
185952	Alter		
185953	entgegenbrachte		
185954	.		
185955	Und		
185956	nun		
185957	,		
185958	sprechen		
185959	Sie	21764	(mention_id=22098|references=(entity=(entity_id=entity_0177|fullname=Lorenzo Da Ponte|gender=m)))
185960	,		
185961	Herr	21765	(mention_id=22099|references=(entity=(entity_id=entity_0177|fullname=Lorenzo Da Ponte|gender=m)))
185962	Abbé	21765	(mention_id=22099|references=(entity=(entity_id=entity_0177|fullname=Lorenzo Da Ponte|gender=m)))
185963	,		
185964	fragte		
185965	er	21766	(mention_id=22100|references=(entity=(entity_id=entity_0001|fullname=Dr. Moorfeld|gender=m)))
185966	,		
185967	wie		
185968	war		
185969	es		
185970	möglich		
185971	,		
185972	daß		
185973	ich	21767	(mention_id=22101|references=(entity=(entity_id=entity_0001|fullname=Dr. Moorfeld|gender=m)))
185974	das		
185975	Schicksal		
185976	in		
185977	so		
185978	schwerer		
185979	Schuld		
185980	gegen		
185981	Sie	21768	(mention_id=22102|references=(entity=(entity_id=entity_0177|fullname=Lorenzo Da Ponte|gender=m)))
185982	finden		
185983	konnte		
185984	?		
185985	Sprechen		
185986	Sie	21769	(mention_id=22103|references=(entity=(entity_id=entity_0177|fullname=Lorenzo Da Ponte|gender=m)))
185987	,		
185988	wie		
185989	hat		
185990	dieses		
185991	unselige		
185992	Land		
185993	an		
185994	Ihnen	21770	(mention_id=22104|references=(entity=(entity_id=entity_0177|fullname=Lorenzo Da Ponte|gender=m)))
185995	gefrevelt		
185996	?		
185997	Da	21771	(mention_id=22105|references=(entity=(entity_id=entity_0177|fullname=Lorenzo Da Ponte|gender=m)))
185998	Ponte	21771	(mention_id=22105|references=(entity=(entity_id=entity_0177|fullname=Lorenzo Da Ponte|gender=m)))
185999	schüttelte		
186000	nach		
186001	einer		
186002	Pause		
186003	das		
186004	Haupt		
186005	.		
186006	Er	21772	(mention_id=22106|references=(entity=(entity_id=entity_0177|fullname=Lorenzo Da Ponte|gender=m)))
186007	zog		
186008	einen		
186009	seiner	21773	(mention_id=22107|references=(entity=(entity_id=entity_0177|fullname=Lorenzo Da Ponte|gender=m)))
186010	obersten		
186011	Mantelkrägen		
186012	über		
186013	Kopf		
186014	und		
186015	Stirne		
186016	und		
186017	machte		
186018	sich	21774	(mention_id=22108|references=(entity=(entity_id=entity_0177|fullname=Lorenzo Da Ponte|gender=m)))
186019	eine		
186020	Art		
186021	Lichtschirm		
186022	daraus		
186023	,		
186024	gleichsam		
186025	als		
186026	störte		
186027	der		
186028	ihn	21775	(mention_id=22109|references=(entity=(entity_id=entity_0177|fullname=Lorenzo Da Ponte|gender=m)))
186029	bedeckende		
186030	Lampenschimmer		
186031	seine	21776	(mention_id=22110|references=(entity=(entity_id=entity_0177|fullname=Lorenzo Da Ponte|gender=m)))
186032	Gedankenbildung		
186033	,		
186034	wie		
186035	er	21777	(mention_id=22111|references=(entity=(entity_id=entity_0177|fullname=Lorenzo Da Ponte|gender=m)))
186036	den		
186037	Nerv		
186038	seines	21778	(mention_id=22112|references=(entity=(entity_id=entity_0177|fullname=Lorenzo Da Ponte|gender=m)))
186039	Auges		
186040	belästigen		
186041	mochte		
186042	.		
186043	Aus		
186044	diesem		
186045	Dunkel		
186046	heraus		
186047	sprach		
186048	er	21779	(mention_id=22113|references=(entity=(entity_id=entity_0177|fullname=Lorenzo Da Ponte|gender=m)))
186049	:		
186050	Warum		
186051	ich	21780	(mention_id=22114|references=(entity=(entity_id=entity_0177|fullname=Lorenzo Da Ponte|gender=m)))
186052	in		
186053	einem		
186054	Lande		
186055	nicht		
186056	gedieh		
186057	,		
186058	das		
186059	für		
186060	die		
186061	Kunst		
186062	so		
186063	viele		
186064	Mittel		
186065	und		
186066	wohl		
186067	auch		
186068	guten		
186069	Willen		
186070	hat		
186071	,		
186072	—		
186073	ich	21781	(mention_id=22115|references=(entity=(entity_id=entity_0177|fullname=Lorenzo Da Ponte|gender=m)))
186074	wüßte		
186075	äußere		
186076	Widerwärtigkeiten		
186077	vielleicht		
186078	kaum		
186079	zu		
186080	nennen		
186081	,		
186082	Signor	21782	(mention_id=22116|references=(entity=(entity_id=entity_0001|fullname=Dr. Moorfeld|gender=m)))
186083	.		
186084	Aber		
186085	einen		
186086	Zug		
186087	will		
186088	ich	21783	(mention_id=22117|references=(entity=(entity_id=entity_0177|fullname=Lorenzo Da Ponte|gender=m)))
186089	Ihnen	21784	(mention_id=22118|references=(entity=(entity_id=entity_0001|fullname=Dr. Moorfeld|gender=m)))
186090	erzählen		
186091	,		
186092	von		
186093	welchem		
186094	Sie	21785	(mention_id=22119|references=(entity=(entity_id=entity_0001|fullname=Dr. Moorfeld|gender=m)))
186095	selbst		
186096	sagen		
186097	sollen		
186098	,		
186099	ob		
186100	ich	21786	(mention_id=22120|references=(entity=(entity_id=entity_0177|fullname=Lorenzo Da Ponte|gender=m)))
186101	ex		
186102	ungue		
186103	leonem		
186104	daran		
186105	erkennen		
186106	und		
186107	für		
186108	immer		
186109	zurückschrecken		
186110	durfte		
186111	.		
186112	Es		
186113	war		
186114	in		
186115	einer		
186116	der		
186117	besseren		
186118	Soireen		
186119	hiesiger		
186120	Stadt		
186121	,		
186122	wo		
186123	ich	21787	(mention_id=22121|references=(entity=(entity_id=entity_0177|fullname=Lorenzo Da Ponte|gender=m)))
186124	als		
186125	neu		
186126	eingeführter		
186127	Fremdling	21788	(mention_id=22122|references=(entity=(entity_id=entity_0177|fullname=Lorenzo Da Ponte|gender=m)))
186128	von		
186129	einer		
186130	jungen		
186131	Miß	21789	(mention_id=22123|references=(entity=(entity_id=entity_1179|fullname=junge Miss|gender=f)))
186132	die		
186133	Arie		
186134	Vedrai		
186135	carino		
186136	singen		
186137	hörte		
186138	.		
186139	Ha		
186140	,		
186141	dachte		
186142	ich	21790	(mention_id=22124|references=(entity=(entity_id=entity_0177|fullname=Lorenzo Da Ponte|gender=m)))
186143	,		
186144	hier		
186145	ist		
186146	dein	21791	(mention_id=22125|references=(entity=(entity_id=entity_0177|fullname=Lorenzo Da Ponte|gender=m)))
186147	Krug		
186148	am		
186149	rechten		
186150	Brunnen		
186151	,		
186152	Newyork		
186153	empfängt		
186154	dich	21792	(mention_id=22126|references=(entity=(entity_id=entity_0177|fullname=Lorenzo Da Ponte|gender=m)))
186155	vortrefflich		
186156	.		
186157	Indeß		
186158	trug		
186159	das		
186160	arme		
186161	Mädchen	21793	(mention_id=22127|references=(entity=(entity_id=entity_1179|fullname=junge Miss|gender=f)))
186162	die		
186163	Arie		
186164	so		
186165	über		
186166	alle		
186167	Maßen		
186168	schleppend		
186169	und		
186170	seelenlos		
186171	vor		
186172	,		
186173	daß		
186174	man		
186175	mit		
186176	leichter		
186177	Mühe		
186178	mich	21794	(mention_id=22128|references=(entity=(entity_id=entity_0177|fullname=Lorenzo Da Ponte|gender=m)))
186179	überredet		
186180	hätte		
186181	,		
186182	der		
186183	berühmte		
186184	Epimenides	21795	(mention_id=22129|references=(entity=(entity_id=entity_1196|fullname=Epimenides|gender=m)))
186185	,		
186186	der	21796	(mention_id=22130|references=(entity=(entity_id=entity_1196|fullname=Epimenides|gender=m)))
186187	neun		
186188	Jahre		
186189	geschlafen		
186190	haben		
186191	soll		
186192	,		
186193	sei		
186194	von		
186195	keinem		
186196	andern		
186197	als		
186198	diesem		
186199	Liede		
186200	eingesungen		
186201	worden		
186202	.		
186203	Ich	21797	(mention_id=22131|references=(entity=(entity_id=entity_0177|fullname=Lorenzo Da Ponte|gender=m)))
186204	vermochte		
186205	natürlich		
186206	nicht		
186207	,		
186208	an		
186209	mich	21798	(mention_id=22132|references=(entity=(entity_id=entity_0177|fullname=Lorenzo Da Ponte|gender=m)))
186210	zu		
186211	halten		
186212	.		
186213	Ich	21799	(mention_id=22133|references=(entity=(entity_id=entity_0177|fullname=Lorenzo Da Ponte|gender=m)))
186214	schmuggelte		
186215	mich	21800	(mention_id=22134|references=(entity=(entity_id=entity_0177|fullname=Lorenzo Da Ponte|gender=m)))
186216	auf		
186217	eine		
186218	gute		
186219	Art		
186220	ans		
186221	Clavier		
186222	,		
186223	wo		
186224	ein		
186225	Bouquet	21801	
186226	von		
186227	jungen		
186228	Damen	21802	(mention_id=22135|references=(entity=(entity_id=entity_1216|fullname=junge Damen|gender=f|specialcase_entity=group)))
186229	und		
186230	Herren	21803	(mention_id=22136|references=(entity=(entity_id=entity_1218|fullname=junge Herren|gender=m|specialcase_entity=group)))
186231	,		
186232	wie		
186233	ein		
186234	Nest		
186235	bunter		
186236	Papagaien		
186237	umhersaß		
186238	und		
186239	sich		
186240	nach		
186241	allen		
186242	Regeln		
186243	des		
186244	bon		
186245	ton's		
186246	langweilte		
186247	.		
186248	Ich	21804	(mention_id=22137|references=(entity=(entity_id=entity_0177|fullname=Lorenzo Da Ponte|gender=m)))
186249	mischte		
186250	mich	21805	(mention_id=22138|references=(entity=(entity_id=entity_0177|fullname=Lorenzo Da Ponte|gender=m)))
186251	ins		
186252	Gespräch		
186253	und		
186254	brachte		
186255	es		
186256	wirklich		
186257	dahin		
186258	,		
186259	daß		
186260	ich	21806	(mention_id=22139|references=(entity=(entity_id=entity_0177|fullname=Lorenzo Da Ponte|gender=m)))
186261	die		
186262	junge		
186263	Sängerin	21807	(mention_id=22140|references=(entity=(entity_id=entity_1179|fullname=junge Miss|gender=f)))
186264	begleiten		
186265	durfte		
186266	.		
186267	Gleich		
186268	nach		
186269	den		
186270	ersten		
186271	Accorden		
186272	verlor		
186273	sie	21808	(mention_id=22141|references=(entity=(entity_id=entity_1179|fullname=junge Miss|gender=f)))
186274	den		
186275	Tact		
186276	.		
186277	Sie	21809	(mention_id=22142|references=(entity=(entity_id=entity_1179|fullname=junge Miss|gender=f)))
186278	wußte		
186279	sich	21810	(mention_id=22143|references=(entity=(entity_id=entity_1179|fullname=junge Miss|gender=f)))
186280	in		
186281	die		
186282	Art		
186283	,		
186284	wie		
186285	ich	21811	(mention_id=22144|references=(entity=(entity_id=entity_0177|fullname=Lorenzo Da Ponte|gender=m)))
186286	declamirte		
186287	,		
186288	durchaus		
186289	nicht		
186290	zu		
186291	finden		
186292	.		
186293	Meine	21812	(mention_id=22145|references=(entity=(entity_id=entity_0177|fullname=Lorenzo Da Ponte|gender=m)))
186294	verehrungswürdige		
186295	Lady	21813	(mention_id=22146|references=(entity=(entity_id=entity_1179|fullname=junge Miss|gender=f)))
186296	,		
186297	wendete		
186298	ich	21814	(mention_id=22147|references=(entity=(entity_id=entity_0177|fullname=Lorenzo Da Ponte|gender=m)))
186299	mich	21815	(mention_id=22148|references=(entity=(entity_id=entity_0177|fullname=Lorenzo Da Ponte|gender=m)))
186300	nun		
186301	zur		
186302	Erklärung		
186303	meines	21816	(mention_id=22149|references=(entity=(entity_id=entity_0177|fullname=Lorenzo Da Ponte|gender=m)))
186304	Vortrags		
186305	an		
186306	sie	21817	(mention_id=22150|references=(entity=(entity_id=entity_1179|fullname=junge Miss|gender=f)))
186307	—		
186308	die		
186309	bezaubernde		
186310	Aisance	21818	
186311	,		
186312	womit		
186313	Sie	21819	(mention_id=22151|references=(entity=(entity_id=entity_1179|fullname=junge Miss|gender=f)))
186314	diese		
186315	Noten		
186316	singen		
186317	,		
186318	macht		
186319	mich	21820	(mention_id=22152|references=(entity=(entity_id=entity_0177|fullname=Lorenzo Da Ponte|gender=m)))
186320	außerordentlich		
186321	begierig		
186322	die		
186323	erste		
186324	Arie		
186325	der		
186326	Zerlina	21821	(mention_id=22153|references=(entity=(entity_id=entity_1178|fullname=Zerlina|gender=f)))
186327	:		
186328	Batti		
186329	,		
186330	batti		
186331	,		
186332	o		
186333	bel		
186334	Masetto	21822	
186335	von		
186336	Ihnen	21823	(mention_id=22154|references=(entity=(entity_id=entity_1179|fullname=junge Miss|gender=f)))
186337	zu		
186338	hören		
186339	.		
186340	Dort		
186341	müßte		
186342	sie		
186343	von		
186344	ganz		
186345	unvergleichlicher		
186346	Wirkung		
186347	sein		
186348	.		
186349	Dort		
186350	nämlich		
186351	geht		
186352	Zerlina	21824	(mention_id=22155|references=(entity=(entity_id=entity_1178|fullname=Zerlina|gender=f)))
186353	damit		
186354	um		
186355	,		
186356	allerlei		
186357	überflüßige		
186358	Scrupel		
186359	ihres	21825	(mention_id=22156|references=(entity=(entity_id=entity_1178|fullname=Zerlina|gender=f)))
186360	Bräutigams	21826	(mention_id=22157|references=(entity=(entity_id=entity_1187|fullname=Masetto|gender=m)))
186361	einzusingen		
186362	,		
186363	einzulullen		
186364	,		
186365	wenn		
186366	Sie	21827	
186367	wollen		
186368	;		
186369	ihr	21828	(mention_id=22158|references=(entity=(entity_id=entity_1178|fullname=Zerlina|gender=f)))
186370	Gesang		
186371	muß		
186372	sich		
186373	wie		
186374	lindes		
186375	Oel		
186376	,		
186377	wie		
186378	Mondlicht		
186379	auf		
186380	die		
186381	Nerven		
186382	legen		
186383	.		
186384	In		
186385	der		
186386	ersten		
186387	Arie		
186388	,		
186389	sprech'		
186390	ich	21829	(mention_id=22159|references=(entity=(entity_id=entity_0177|fullname=Lorenzo Da Ponte|gender=m)))
186391	.		
186392	In		
186393	dieser		
186394	zweiten		
186395	dagegen		
186396	herrscht		
186397	jener		
186398	Charakter		
186399	nur		
186400	theilweise		
186401	,		
186402	theilweise		
186403	nicht		
186404	.		
186405	Beruhigen		
186406	will		
186407	sie	21830	(mention_id=22160|references=(entity=(entity_id=entity_1178|fullname=Zerlina|gender=f)))
186408	freilich		
186409	auch		
186410	diesmal		
186411	wieder		
186412	,		
186413	aber		
186414	sie	21831	(mention_id=22161|references=(entity=(entity_id=entity_1178|fullname=Zerlina|gender=f)))
186415	selbst		
186416	ist		
186417	nicht		
186418	mehr		
186419	ruhig		
186420	.		
186421	Sie	21832	(mention_id=22162|references=(entity=(entity_id=entity_1178|fullname=Zerlina|gender=f)))
186422	nimmt		
186423	ihren	21833	(mention_id=22163|references=(entity=(entity_id=entity_1178|fullname=Zerlina|gender=f)))
186424	Bräutigam	21834	(mention_id=22164|references=(entity=(entity_id=entity_1187|fullname=Masetto|gender=m)))
186425	jetzt		
186426	offenbar		
186427	ernsthaft		
186428	,		
186429	der	21835	(mention_id=22165|references=(entity=(entity_id=entity_1187|fullname=Masetto|gender=m)))
186430	früher		
186431	nahezu		
186432	ihr	21836	(mention_id=22166|references=(entity=(entity_id=entity_1178|fullname=Zerlina|gender=f)))
186433	Düpe	21837	(mention_id=22167|references=(entity=(entity_id=entity_1187|fullname=Masetto|gender=m)))
186434	war		
186435	,		
186436	die		
186437	Stunden		
186438	erfüllter		
186439	Liebenssehnsucht		
186440	rücken		
186441	unaufhaltsam		
186442	näher		
186443	,		
186444	das		
186445	Abenteuer		
186446	mit		
186447	Don	21838	(mention_id=22168|references=(entity=(entity_id=entity_1206|fullname=Don Giovanni|gender=m)))
186448	Giovanni	21838	(mention_id=22168|references=(entity=(entity_id=entity_1206|fullname=Don Giovanni|gender=m)))
186449	selbst		
186450	,		
186451	obwohl		
186452	in		
186453	der		
186454	Spitze		
186455	gebrochen		
186456	,		
186457	muß		
186458	ihre	21839	(mention_id=22169|references=(entity=(entity_id=entity_1178|fullname=Zerlina|gender=f)))
186459	Phantasie		
186460	lebhaft		
186461	ergriffen		
186462	haben		
186463	:		
186464	—		
186465	so		
186466	weht		
186467	durch		
186468	dieses		
186469	ganze		
186470	Vedrai		
186471	carino		
186472	eine		
186473	Luft		
186474	des		
186475	Brautgemachs		
186476	,		
186477	möcht'		
186478	ich	21840	(mention_id=22170|references=(entity=(entity_id=entity_0177|fullname=Lorenzo Da Ponte|gender=m)))
186479	sagen		
186480	,		
186481	und		
186482	das		
186483	:		
186484	sentillo		
186485	battere		
186486	steht		
186487	nicht		
186488	umsonst		
186489	da		
186490	.		
186491	Man		
186492	muß		
186493	das		
186494	Herz		
186495	wirklich		
186496	schlagen		
186497	hören		
186498	darin		
186499	.		
186500	In		
186501	meinem	21841	(mention_id=22171|references=(entity=(entity_id=entity_0177|fullname=Lorenzo Da Ponte|gender=m)))
186502	Kunsteifer		
186503	merkt'		
186504	ich	21842	(mention_id=22172|references=(entity=(entity_id=entity_0177|fullname=Lorenzo Da Ponte|gender=m)))
186505	nicht		
186506	,		
186507	daß		
186508	sämmtliche		
186509	Ladies	21843	(mention_id=22173|references=(entity=(entity_id=entity_1200|fullname=Ladies|gender=f|specialcase_entity=group)))
186510	sich	21844	(mention_id=22174|references=(entity=(entity_id=entity_1200|fullname=Ladies|gender=f|specialcase_entity=group)))
186511	die		
186512	Taschentücher		
186513	vor		
186514	die		
186515	Augen		
186516	hielten		
186517	.		
186518	Ein		
186519	junger		
186520	Affe	21845	(mention_id=22175|references=(entity=(entity_id=entity_1182|fullname=Musiklehrer|gender=m)))
186521	aber		
186522	,		
186523	der	21846	(mention_id=22176|references=(entity=(entity_id=entity_1182|fullname=Musiklehrer|gender=m)))
186524	sich	21847	(mention_id=22177|references=(entity=(entity_id=entity_1182|fullname=Musiklehrer|gender=m)))
186525	den		
186526	Musiklehrer	21848	(mention_id=22178|references=(entity=(entity_id=entity_1182|fullname=Musiklehrer|gender=m)))
186527	des		
186528	Hauses		
186529	nannte		
186530	,		
186531	übernahm		
186532	es		
186533	,		
186534	meine	21849	(mention_id=22179|references=(entity=(entity_id=entity_0177|fullname=Lorenzo Da Ponte|gender=m)))
186535	Ansicht		
186536	„		
186537	shoking		
186538	”		
186539	zu		
186540	finden		
186541	.		
186542	Ich	21850	(mention_id=22180|references=(entity=(entity_id=entity_0177|fullname=Lorenzo Da Ponte|gender=m)))
186543	suchte		
186544	vergebens		
186545	ein		
186546	Fünkchen		
186547	gesundes		
186548	Gefühl		
186549	in		
186550	ihm	21851	(mention_id=22181|references=(entity=(entity_id=entity_1182|fullname=Musiklehrer|gender=m)))
186551	anzublasen		
186552	,		
186553	und		
186554	da		
186555	er	21852	(mention_id=22182|references=(entity=(entity_id=entity_1182|fullname=Musiklehrer|gender=m)))
186556	fortfuhr		
186557	,		
186558	mich	21853	(mention_id=22183|references=(entity=(entity_id=entity_0177|fullname=Lorenzo Da Ponte|gender=m)))
186559	durch		
186560	den		
186561	absurdesten		
186562	Widerspruch		
186563	aufs		
186564	Aeußerste		
186565	zu		
186566	treiben		
186567	,		
186568	so		
186569	rief		
186570	ich	21854	(mention_id=22184|references=(entity=(entity_id=entity_0177|fullname=Lorenzo Da Ponte|gender=m)))
186571	zuletzt		
186572	:		
186573	Mein	21855	(mention_id=22185|references=(entity=(entity_id=entity_0177|fullname=Lorenzo Da Ponte|gender=m)))
186574	Herr	21856	(mention_id=22186|references=(entity=(entity_id=entity_1182|fullname=Musiklehrer|gender=m)))
186575	,		
186576	wenn		
186577	ich	21857	(mention_id=22187|references=(entity=(entity_id=entity_0177|fullname=Lorenzo Da Ponte|gender=m)))
186578	Ihnen	21858	(mention_id=22188|references=(entity=(entity_id=entity_1182|fullname=Musiklehrer|gender=m)))
186579	sage		
186580	,		
186581	daß		
186582	ich	21859	(mention_id=22189|references=(entity=(entity_id=entity_0177|fullname=Lorenzo Da Ponte|gender=m)))
186583	selbst		
186584	der		
186585	Dichter	21860	(mention_id=22190|references=(entity=(entity_id=entity_0177|fullname=Lorenzo Da Ponte|gender=m)))
186586	dieser		
186587	Verse		
186588	bin		
186589	,		
186590	daß		
186591	Mozart	21861	(mention_id=22191|references=(entity=(entity_id=entity_1176|fullname=Mozart|gender=m)))
186592	selbst		
186593	seine	21862	(mention_id=22192|references=(entity=(entity_id=entity_1176|fullname=Mozart|gender=m)))
186594	Musik		
186595	dazu		
186596	für		
186597	die		
186598	glücklichste		
186599	Inspiration		
186600	der		
186601	Liebe		
186602	erklärt		
186603	hat		
186604	,		
186605	so		
186606	habe		
186607	ich	21863	(mention_id=22193|references=(entity=(entity_id=entity_0177|fullname=Lorenzo Da Ponte|gender=m)))
186608	vielleicht		
186609	einige		
186610	Auctorität		
186611	für		
186612	mich	21864	(mention_id=22194|references=(entity=(entity_id=entity_0177|fullname=Lorenzo Da Ponte|gender=m)))
186613	.		
186614	In		
186615	diesem		
186616	Augenblick		
186617	aber		
186618	schritt		
186619	der		
186620	Hausherr	21865	(mention_id=22195|references=(entity=(entity_id=entity_1180|fullname=Hausherr|gender=m)))
186621	auf		
186622	mich	21866	(mention_id=22196|references=(entity=(entity_id=entity_0177|fullname=Lorenzo Da Ponte|gender=m)))
186623	zu		
186624	,		
186625	ein		
186626	gelblederner		
186627	Herr	21867	(mention_id=22197|references=(entity=(entity_id=entity_1180|fullname=Hausherr|gender=m)))
186628	in		
186629	schwarzem		
186630	Frack		
186631	,		
186632	an		
186633	dem	21868	(mention_id=22198|references=(entity=(entity_id=entity_1180|fullname=Hausherr|gender=m)))
186634	nichts		
186635	Lebendiges		
186636	war		
186637	,		
186638	als		
186639	die		
186640	rothe		
186641	Nelke		
186642	,		
186643	die		
186644	er	21869	(mention_id=22199|references=(entity=(entity_id=entity_1180|fullname=Hausherr|gender=m)))
186645	im		
186646	Knopfloch		
186647	trug		
186648	,		
186649	der	21870	(mention_id=22200|references=(entity=(entity_id=entity_1180|fullname=Hausherr|gender=m)))
186650	näselte		
186651	mich	21871	(mention_id=22201|references=(entity=(entity_id=entity_0177|fullname=Lorenzo Da Ponte|gender=m)))
186652	an		
186653	:		
186654	Mein	21872	(mention_id=22202|references=(entity=(entity_id=entity_1180|fullname=Hausherr|gender=m)))
186655	Herr	21873	(mention_id=22203|references=(entity=(entity_id=entity_0177|fullname=Lorenzo Da Ponte|gender=m)))
186656	,		
186657	es		
186658	kümmert		
186659	uns	21874	(mention_id=22204|references=(entity=(entity_id=entity_1180|fullname=Hausherr|gender=m)),(entity=(entity_id=generic_5826|fullname=generic_2171|gender=u|specialcase_entity=generic)))
186660	blutwenig		
186661	,		
186662	womit		
186663	Sie	21875	(mention_id=22205|references=(entity=(entity_id=entity_0177|fullname=Lorenzo Da Ponte|gender=m)))
186664	und		
186665	Ihr	21876	(mention_id=22206|references=(entity=(entity_id=entity_0177|fullname=Lorenzo Da Ponte|gender=m)))
186666	Mozart	21877	(mention_id=22207|references=(entity=(entity_id=entity_1176|fullname=Mozart|gender=m)))
186667	sich	21878	(mention_id=22208|references=(entity=(entity_id=entity_0177|fullname=Lorenzo Da Ponte|gender=m)),(entity=(entity_id=entity_1176|fullname=Mozart|gender=m)))
186668	in		
186669	Europa		
186670	Ihr	21879	
186671	Brod		
186672	verdient		
186673	.		
186674	Daraus		
186675	fließt		
186676	kein		
186677	Gesetz		
186678	für		
186679	uns	21880	(mention_id=22209|references=(entity=(entity_id=entity_1180|fullname=Hausherr|gender=m)),(entity=(entity_id=generic_5827|fullname=generic_2172|gender=u|specialcase_entity=generic)))
186680	in		
186681	Amerika		
186682	,		
186683	die		
186684	Kunst		
186685	andres		
186686	zu		
186687	treiben		
186688	,		
186689	als		
186690	es		
186691	uns	21881	(mention_id=22210|references=(entity=(entity_id=entity_1180|fullname=Hausherr|gender=m)))
186692	beliebt		
186693	.		
186694	—		
186695	„		
186696	Sie	21882	(mention_id=22211|references=(entity=(entity_id=entity_0177|fullname=Lorenzo Da Ponte|gender=m)))
186697	und		
186698	Ihr	21883	(mention_id=22212|references=(entity=(entity_id=entity_0177|fullname=Lorenzo Da Ponte|gender=m)))
186699	Mozart	21884	(mention_id=22213|references=(entity=(entity_id=entity_1176|fullname=Mozart|gender=m)))
186700	ihr	21885	
186701	Brod		
186702	verdient		
186703	!		
186704	“		
186705	—		
186706	Hören		
186707	Sie	21886	(mention_id=22214|references=(entity=(entity_id=entity_0001|fullname=Dr. Moorfeld|gender=m)))
186708	es		
186709	,		
186710	Signor	21887	(mention_id=22215|references=(entity=(entity_id=entity_0001|fullname=Dr. Moorfeld|gender=m)))
186711	?		
186712	Von		
186713	diesem		
186714	Worte		
186715	war		
186716	mein	21888	(mention_id=22216|references=(entity=(entity_id=entity_0177|fullname=Lorenzo Da Ponte|gender=m)))
186717	Nerv		
186718	für		
186719	immer		
186720	durchschnitten		
186721	.		
186722	Ich	21889	(mention_id=22217|references=(entity=(entity_id=entity_0177|fullname=Lorenzo Da Ponte|gender=m)))
186723	trug		
186724	noch		
186725	ein		
186726	ansehnliches		
186727	Fascikel		
186728	Empfehlungsbriefe		
186729	bei		
186730	mir	21890	(mention_id=22218|references=(entity=(entity_id=entity_0177|fullname=Lorenzo Da Ponte|gender=m)))
186731	,		
186732	aber		
186733	ich	21891	(mention_id=22219|references=(entity=(entity_id=entity_0177|fullname=Lorenzo Da Ponte|gender=m)))
186734	fühlte		
186735	keinen		
186736	Halt		
186737	mehr		
186738	daran		
186739	.		
186740	Denn		
186741	was		
186742	in		
186743	einem		
186744	fremden		
186745	Lande		
186746	Muth		
186747	und		
186748	Vertrauen		
186749	,		
186750	sich		
186751	geltend		
186752	zu		
186753	machen		
186754	,		
186755	gibt		
186756	,		
186757	das		
186758	sind		
186759	nicht		
186760	einzelne		
186761	Fäden		
186762	,		
186763	es		
186764	ist		
186765	der		
186766	öffentliche		
186767	Geist		
186768	des		
186769	Ganzen		
186770	.		
186771	Mich	21892	(mention_id=22220|references=(entity=(entity_id=entity_0177|fullname=Lorenzo Da Ponte|gender=m)))
186772	schauerte		
186773	die		
186774	scharfe		
186775	Luft		
186776	dieses		
186777	Landes		
186778	.		
186779	Ich	21893	(mention_id=22221|references=(entity=(entity_id=entity_0177|fullname=Lorenzo Da Ponte|gender=m)))
186780	gab		
186781	es		
186782	auf		
186783	in		
186784	Amerika		
186785	als		
186786	Künstler	21894	(mention_id=22222|references=(entity=(entity_id=entity_0177|fullname=Lorenzo Da Ponte|gender=m)))
186787	einen		
186788	Beruf		
186789	zu		
186790	suchen		
186791	.		
186792	Und		
186793	freilich		
186794	,		
186795	in		
186796	jedem		
186797	andern		
186798	Beruf		
186799	mußten		
186800	Sie	21895	(mention_id=22223|references=(entity=(entity_id=entity_0177|fullname=Lorenzo Da Ponte|gender=m)))
186801	unglücklich		
186802	sein		
186803	!		
186804	sagte		
186805	Moorfeld	21896	(mention_id=22224|references=(entity=(entity_id=entity_0001|fullname=Dr. Moorfeld|gender=m)))
186806	mit		
186807	dem		
186808	überzeugtesten		
186809	Blick		
186810	auf		
186811	den		
186812	fein		
186813	organisirten		
186814	Italiener	21897	(mention_id=22225|references=(entity=(entity_id=entity_0177|fullname=Lorenzo Da Ponte|gender=m)))
186815	.		
186816	Ich	21898	(mention_id=22226|references=(entity=(entity_id=entity_0177|fullname=Lorenzo Da Ponte|gender=m)))
186817	wurde		
186818	Kaufmann	21899	(mention_id=22227|references=(entity=(entity_id=entity_0177|fullname=Lorenzo Da Ponte|gender=m)))
186819	,		
186820	antwortete		
186821	da		(mention_id=22228|references=(entity=(entity_id=entity_0177|fullname=Lorenzo Da Ponte|gender=m)))
186822	Ponte	21900	(mention_id=22228|references=(entity=(entity_id=entity_0177|fullname=Lorenzo Da Ponte|gender=m)))
186823	.		
186824	Die		
186825	Musen	21901	
186826	drehten		
186827	Pfefferdüten		
186828	und		
186829	maßen		
186830	Schnittwaaren		
186831	ab		
186832	.		
186833	Ich	21902	(mention_id=22229|references=(entity=(entity_id=entity_0177|fullname=Lorenzo Da Ponte|gender=m)))
186834	kann		
186835	nicht		
186836	sagen		
186837	,		
186838	daß		
186839	sie	21903	
186840	es		
186841	ungeschickt		
186842	thaten		
186843	.		
186844	Ich	21904	(mention_id=22230|references=(entity=(entity_id=entity_0177|fullname=Lorenzo Da Ponte|gender=m)))
186845	prosperirte		
186846	im		
186847	Kleinen		
186848	,		
186849	und		
186850	versuchte		
186851	mich	21905	(mention_id=22231|references=(entity=(entity_id=entity_0177|fullname=Lorenzo Da Ponte|gender=m)))
186852	bald		
186853	in		
186854	größeren		
186855	Unternehmungen		
186856	.		
186857	Auch		
186858	da		
186859	ging		
186860	Alles		
186861	herrlich		
186862	und		
186863	im		
186864	schönsten		
186865	Flor		
186866	,		
186867	so		
186868	lang		
186869	ich	21906	(mention_id=22232|references=(entity=(entity_id=entity_0177|fullname=Lorenzo Da Ponte|gender=m)))
186870	—		
186871	Credit		
186872	gab		
186873	.		
186874	Dann		
186875	aber		
186876	stürmten		
186877	Banquerotte		
186878	auf		
186879	mich	21907	(mention_id=22233|references=(entity=(entity_id=entity_0177|fullname=Lorenzo Da Ponte|gender=m)))
186880	ein		
186881	—		
186882	ah		
186883	,		
186884	lassen		
186885	Sie	21908	(mention_id=22234|references=(entity=(entity_id=entity_0001|fullname=Dr. Moorfeld|gender=m)))
186886	mich	21909	(mention_id=22235|references=(entity=(entity_id=entity_0177|fullname=Lorenzo Da Ponte|gender=m)))
186887	schweigen		
186888	,		
186889	Signor	21910	(mention_id=22236|references=(entity=(entity_id=entity_0001|fullname=Dr. Moorfeld|gender=m)))
186890	.		
186891	Amerikanische		
186892	Banquerotte		
186893	sind		
186894	ein		
186895	eigenes		
186896	Genre		
186897	.		
186898	Ich	21911	(mention_id=22237|references=(entity=(entity_id=entity_0177|fullname=Lorenzo Da Ponte|gender=m)))
186899	werde		
186900	meine	21912	(mention_id=22238|references=(entity=(entity_id=entity_0177|fullname=Lorenzo Da Ponte|gender=m)))
186901	Memorabilien		
186902	schreiben		
186903	.		
186904	Genug		
186905	,		
186906	ich	21913	(mention_id=22239|references=(entity=(entity_id=entity_0177|fullname=Lorenzo Da Ponte|gender=m)))
186907	kam		
186908	an		
186909	den		
186910	Bettelstab		
186911	und		
186912	meine	21914	(mention_id=22240|references=(entity=(entity_id=entity_0177|fullname=Lorenzo Da Ponte|gender=m)))
186913	Debitoren	21915	(mention_id=22241|references=(entity=(entity_id=entity_1190|fullname=Debitoren|gender=m|members=entity_0075|all_members_given=False|specialcase_entity=group)))
186914	bauten		
186915	sich	21916	(mention_id=22242|references=(entity=(entity_id=entity_1190|fullname=Debitoren|gender=m|members=entity_0075|all_members_given=False|specialcase_entity=group)))
186916	Häuser		
186917	.		
186918	Von		
186919	Einem	21917	(mention_id=22243|references=(entity=(entity_id=entity_0075|fullname=Herr Staunton|gender=m)))
186920	derselben	21918	(mention_id=22244|references=(entity=(entity_id=entity_1190|fullname=Debitoren|gender=m|members=entity_0075|all_members_given=False|specialcase_entity=group)))
186921	,		
186922	Herrn	21919	(mention_id=22245|references=(entity=(entity_id=entity_0075|fullname=Herr Staunton|gender=m)))
186923	Staunton	21919	(mention_id=22245|references=(entity=(entity_id=entity_0075|fullname=Herr Staunton|gender=m)))
186924	,		
186925	erreicht'		
186926	ich's	21920	(mention_id=22246|references=(entity=(entity_id=entity_0177|fullname=Lorenzo Da Ponte|gender=m)))
186927	mit		
186928	Mühe		
186929	,		
186930	daß		
186931	er	21921	(mention_id=22247|references=(entity=(entity_id=entity_0075|fullname=Herr Staunton|gender=m)))
186932	mich	21922	(mention_id=22248|references=(entity=(entity_id=entity_0177|fullname=Lorenzo Da Ponte|gender=m)))
186933	von		
186934	der		
186935	Straße		
186936	unter		
186937	sein	21923	(mention_id=22249|references=(entity=(entity_id=entity_0075|fullname=Herr Staunton|gender=m)))
186938	Dach		
186939	aufnahm		
186940	,		
186941	und		
186942	die		
186943	Sache		
186944	müßte		
186945	eigentlich		
186946	umgekehrt		
186947	stehen		
186948	.		
186949	Ich	21924	(mention_id=22250|references=(entity=(entity_id=entity_0177|fullname=Lorenzo Da Ponte|gender=m)))
186950	habe		
186951	eine		
186952	liquide		
186953	Forderung		
186954	von		
186955	fünftausend		
186956	Dollars		
186957	an		
186958	ihn	21925	(mention_id=22251|references=(entity=(entity_id=entity_0075|fullname=Herr Staunton|gender=m)))
186959	.		
186960	Freilich		
186961	nicht		
186962	an		
186963	ihn	21926	(mention_id=22252|references=(entity=(entity_id=entity_0075|fullname=Herr Staunton|gender=m)))
186964	,		
186965	sondern		
186966	an		
186967	eine		
186968	seiner	21927	(mention_id=22253|references=(entity=(entity_id=entity_0075|fullname=Herr Staunton|gender=m)))
186969	gewesenen		
186970	Firmen		
186971	,		
186972	und		
186973	kein		
186974	Kaufmann	21928	(mention_id=22254|references=(entity=(entity_id=generic_5828|fullname=generic_2173|gender=u|specialcase_entity=generic)))
186975	und		
186976	kein		
186977	Advocat	21929	(mention_id=22255|references=(entity=(entity_id=generic_5829|fullname=generic_2174|gender=u|specialcase_entity=generic)))
186978	der		
186979	Welt		
186980	weiß		
186981	geschickter		
186982	seine	21930	(mention_id=22256|references=(entity=(entity_id=generic_5830|fullname=generic_2175|gender=u|specialcase_entity=generic)),(entity=(entity_id=entity_0075|fullname=Herr Staunton|gender=m)))
186983	Firma		
186984	von		
186985	seiner	21931	(mention_id=22257|references=(entity=(entity_id=generic_5831|fullname=generic_2176|gender=u|specialcase_entity=generic)),(entity=(entity_id=entity_0075|fullname=Herr Staunton|gender=m)))
186986	Person		(mention_id=22258|references=(entity=(entity_id=generic_5832|fullname=generic_2177|gender=u|specialcase_entity=generic)),(entity=(entity_id=entity_0075|fullname=Herr Staunton|gender=m)))
186987	zu		
186988	trennen		
186989	,		
186990	als		
186991	ein		
186992	Amerikaner	21932	(mention_id=22259|references=(entity=(entity_id=generic_5833|fullname=generic_2178|gender=u|specialcase_entity=generic)),(entity=(entity_id=entity_0075|fullname=Herr Staunton|gender=m)))
186993	.		
186994	Ja		
186995	,		
186996	ja		
186997	,		
186998	mein	21933	(mention_id=22260|references=(entity=(entity_id=entity_0177|fullname=Lorenzo Da Ponte|gender=m)))
186999	Herr	21934	(mention_id=22261|references=(entity=(entity_id=entity_0001|fullname=Dr. Moorfeld|gender=m)))
187000	,		
187001	ich	21935	(mention_id=22262|references=(entity=(entity_id=entity_0177|fullname=Lorenzo Da Ponte|gender=m)))
187002	werde		
187003	mein	21936	(mention_id=22263|references=(entity=(entity_id=entity_0177|fullname=Lorenzo Da Ponte|gender=m)))
187004	Leben		
187005	beschreiben		
187006	.		
187007	Die		
187008	Welt		
187009	wird		
187010	um		
187011	nichts		
187012	besser		
187013	,		
187014	aber		
187015	um		
187016	Manches		
187017	klüger		
187018	daraus		
187019	werden		
187020	.		
187021	Der		
187022	Europäer	21937	(mention_id=22264|references=(entity=(entity_id=generic_5834|fullname=generic_2179|gender=u|specialcase_entity=generic)))
187023	mag		
187024	sich	21938	(mention_id=22265|references=(entity=(entity_id=generic_5835|fullname=generic_2180|gender=u|specialcase_entity=generic)))
187025	vorsehen		
187026	mit		
187027	diesen		
187028	Menschen	21939	(mention_id=22266|references=(entity=(entity_id=generic_5836|fullname=generic_2181|gender=u|specialcase_entity=generic)))
187029	.		
187030	Moorfeld	21940	(mention_id=22267|references=(entity=(entity_id=entity_0001|fullname=Dr. Moorfeld|gender=m)))
187031	hatte		
187032	inzwischen		
187033	ein		
187034	Souper		
187035	bestellt		
187036	,		
187037	aber		
187038	Da	21941	(mention_id=22268|references=(entity=(entity_id=entity_0177|fullname=Lorenzo Da Ponte|gender=m)))
187039	Ponte	21941	(mention_id=22268|references=(entity=(entity_id=entity_0177|fullname=Lorenzo Da Ponte|gender=m)))
187040	dankte		
187041	lebhaft		
187042	für		
187043	seine	21942	(mention_id=22269|references=(entity=(entity_id=entity_0001|fullname=Dr. Moorfeld|gender=m)))
187044	Aufmerksamkeit		
187045	.		
187046	Er	21943	(mention_id=22270|references=(entity=(entity_id=entity_0177|fullname=Lorenzo Da Ponte|gender=m)))
187047	pflege		
187048	Abends		
187049	nichts		
187050	zu		
187051	genießen		
187052	.		
187053	Nur		
187054	ein		
187055	Glas		
187056	Wein		
187057	sei		
187058	ihm	21944	(mention_id=22271|references=(entity=(entity_id=entity_0177|fullname=Lorenzo Da Ponte|gender=m)))
187059	zuvor		
187060	Bedürfniß		
187061	gewesen		
187062	eine		
187063	Ohnmacht		
187064	,		
187065	ein		
187066	plötzlicher		
187067	Schwindel		
187068	habe		
187069	ihn	21945	(mention_id=22272|references=(entity=(entity_id=entity_0177|fullname=Lorenzo Da Ponte|gender=m)))
187070	angewandelt		
187071	;		
187072	„		
187073	denn		
187074	ach		
187075	,		
187076	mein	21946	(mention_id=22273|references=(entity=(entity_id=entity_0177|fullname=Lorenzo Da Ponte|gender=m)))
187077	Herr	21947	(mention_id=22274|references=(entity=(entity_id=entity_0001|fullname=Dr. Moorfeld|gender=m)))
187078	,		
187079	es		
187080	ist		
187081	eine		
187082	harte		
187083	Arbeit		
187084	,		
187085	im		
187086	zweiundsiebenzigsten		
187087	Jahre		
187088	auf		
187089	Gönnerschaften		
187090	auszugehen		
187091	!		
187092	“		
187093	Alles		
187094	,		
187095	was		
187096	er	21948	(mention_id=22275|references=(entity=(entity_id=entity_0177|fullname=Lorenzo Da Ponte|gender=m)))
187097	annehmen		
187098	wollte		
187099	,		
187100	war		
187101	ein		
187102	Wagen		
187103	.		
187104	So		
187105	führte		
187106	der		
187107	Dichter	21949	(mention_id=22276|references=(entity=(entity_id=entity_0001|fullname=Dr. Moorfeld|gender=m)))
187108	Moorfeld	21950	(mention_id=22276|references=(entity=(entity_id=entity_0001|fullname=Dr. Moorfeld|gender=m)))
187109	den		
187110	Dichter	21951	(mention_id=22277|references=(entity=(entity_id=entity_0177|fullname=Lorenzo Da Ponte|gender=m)))
187111	der		
187112	alten		
187113	kaiserlichen		
187114	Wiener		
187115	Oper		
187116	jetzt		
187117	in		
187118	sein	21952	(mention_id=22278|references=(entity=(entity_id=entity_0177|fullname=Lorenzo Da Ponte|gender=m)))
187119	dürftiges		
187120	Asyl		
187121	zurück		
187122	.		
187123	Er	21953	(mention_id=22279|references=(entity=(entity_id=entity_0001|fullname=Dr. Moorfeld|gender=m)))
187124	behielt		
187125	sich	21954	(mention_id=22280|references=(entity=(entity_id=entity_0001|fullname=Dr. Moorfeld|gender=m)))
187126	vor		
187127	,		
187128	den		
187129	unglücklichen		
187130	Greis	21955	(mention_id=22281|references=(entity=(entity_id=entity_0177|fullname=Lorenzo Da Ponte|gender=m)))
187131	demnächst		
187132	wieder		
187133	zu		
187134	sehen		
187135	:		
187136	heute		
187137	überließ		
187138	er	21956	(mention_id=22282|references=(entity=(entity_id=entity_0001|fullname=Dr. Moorfeld|gender=m)))
187139	ihn	21957	(mention_id=22283|references=(entity=(entity_id=entity_0177|fullname=Lorenzo Da Ponte|gender=m)))
187140	seiner	21958	(mention_id=22284|references=(entity=(entity_id=entity_0177|fullname=Lorenzo Da Ponte|gender=m)))
187141	Ruhe		
187142	und		
187143	sich	21959	(mention_id=22285|references=(entity=(entity_id=entity_0001|fullname=Dr. Moorfeld|gender=m)))
187144	selbst		
187145	—		
187146	seinen	21960	(mention_id=22286|references=(entity=(entity_id=entity_0001|fullname=Dr. Moorfeld|gender=m)))
187147	Reflexionen		
187148	.		
187149	—		
187150	Wo		
187151	waren		
187152	sie		
187153	jetzt		
187154	,		
187155	die		
187156	schönen		
187157	Reden		
187158	,		
187159	die		
187160	glänzenden		
187161	Gedanken		
187162	,		
187163	die		
187164	fruchtbaren		
187165	,		
187166	hinreißenden		
187167	,		
187168	überzeugenden		
187169	Ideen		
187170	,		
187171	die		
187172	Moorfeld	21961	(mention_id=22287|references=(entity=(entity_id=entity_0001|fullname=Dr. Moorfeld|gender=m)))
187173	zum		
187174	Entsatze		
187175	Benthal's	21962	(mention_id=22288|references=(entity=(entity_id=entity_0012|fullname=Theodor Benthal|gender=m)))
187176	tagsüber		
187177	in		
187178	so		
187179	kampffertige		
187180	Schlachtordnung		
187181	aufgestellt		
187182	?		
187183	Und		
187184	doch		
187185	sollte		
187186	,		
187187	mußte		
187188	dieser		
187189	Gang		
187190	noch		
187191	geschehen		
187192	,		
187193	—		
187194	stumm		
187195	,		
187196	mit		
187197	zurückgepreßten		
187198	Thränen		
187199	,		
187200	zitterten		
187201	zwei		
187202	edle		
187203	Frauen	21963	(mention_id=22289|references=(entity=(entity_id=entity_0403|fullname=Frau von Milden|gender=f)),(entity=(entity_id=entity_0402|fullname=Pauline von Milden|gender=f)))
187204	jeder		
187205	Secunde		
187206	seines	21964	(mention_id=22290|references=(entity=(entity_id=entity_0001|fullname=Dr. Moorfeld|gender=m)))
187207	Erfolges		
187208	entgegen		
187209	!		
187210	Mühsam		
187211	sammelte		
187212	Moorfeld	21965	(mention_id=22291|references=(entity=(entity_id=entity_0001|fullname=Dr. Moorfeld|gender=m)))
187213	seine	21966	(mention_id=22292|references=(entity=(entity_id=entity_0001|fullname=Dr. Moorfeld|gender=m)))
187214	Lebensgeister		
187215	—		
187216	ach		
187217	,		
187218	da		
187219	lag		
187220	Alles		
187221	auseinander		
187222	,		
187223	wüst		
187224	,		
187225	zerstückt		
187226	,		
187227	sinnlos		
187228	!		
187229	Der		
187230	freie		
187231	Zug		
187232	,		
187233	der		
187234	zuckende		
187235	Nerv		
187236	,		
187237	die		
187238	unwiderstehliche		
187239	Strömung		
187240	—		
187241	kalt		
187242	,		
187243	lahm		
187244	,		
187245	todt		
187246	war		
187247	das		
187248	Alles		
187249	jetzt		
187250	!		
187251	Aber		
187252	er	21967	(mention_id=22293|references=(entity=(entity_id=entity_0001|fullname=Dr. Moorfeld|gender=m)))
187253	mußte		
187254	!		
187255	So		
187256	fuhr		
187257	er	21968	(mention_id=22294|references=(entity=(entity_id=entity_0001|fullname=Dr. Moorfeld|gender=m)))
187258	nach		
187259	dem		
187260	Clubbhause		
187261	zurück		
187262	.		
187263	Die		
187264	lange		
187265	Fensterreihe		
187266	des		
187267	Hauses		
187268	flammte		
187269	lichterloh		
187270	in		
187271	die		
187272	Nacht		
187273	hinaus		
187274	.		
187275	Jüngling	21969	(mention_id=22295|references=(entity=(entity_id=entity_0012|fullname=Theodor Benthal|gender=m)|specialcase_reference=figurative))
187276	im		
187277	Feuerofen		
187278	,		
187279	werd'		
187280	ich	21970	(mention_id=22296|references=(entity=(entity_id=entity_0001|fullname=Dr. Moorfeld|gender=m)))
187281	dich	21971	(mention_id=22297|references=(entity=(entity_id=entity_0012|fullname=Theodor Benthal|gender=m)|specialcase_reference=figurative))
187282	retten		
187283	können		
187284	?		
187285	seufzte		
187286	Moorfeld	21972	(mention_id=22298|references=(entity=(entity_id=entity_0001|fullname=Dr. Moorfeld|gender=m)))
187287	schwer		
187288	beladenen		
187289	Herzens		
187290	,		
187291	indem		
187292	er	21973	(mention_id=22299|references=(entity=(entity_id=entity_0001|fullname=Dr. Moorfeld|gender=m)))
187293	die		
187294	Treppen		
187295	hinanstieg		
187296	.		
187297	Ein		
187298	Stewart	21974	(mention_id=22300|references=(entity=(entity_id=entity_1194|fullname=Stewart|gender=m)))
187299	führte		
187300	ihn	21975	(mention_id=22301|references=(entity=(entity_id=entity_0001|fullname=Dr. Moorfeld|gender=m)))
187301	durch		
187302	eine		
187303	glitzernde		
187304	,		
187305	etwas		
187306	grell		
187307	ausgeschmückte		
187308	Zeile		
187309	von		
187310	Sälen		
187311	.		
187312	Im		
187313	Anblicke		
187314	der		
187315	Gesellschaft	21976	(mention_id=22302|references=(entity=(entity_id=entity_1198|fullname=Gesellschaft|gender=m|specialcase_entity=group)))
187316	,		
187317	die	21977	(mention_id=22303|references=(entity=(entity_id=entity_1198|fullname=Gesellschaft|gender=m|specialcase_entity=group)))
187318	Moorfeld	21978	(mention_id=22304|references=(entity=(entity_id=entity_0001|fullname=Dr. Moorfeld|gender=m)))
187319	durchschritt		
187320	,		
187321	jener		
187322	glattrasirten		
187323	,		
187324	gantirten		
187325	und		
187326	toupirten		
187327	Häringsund	21979	
187328	Thran-Dynasten	21979	(mention_id=22305|references=(entity=(entity_id=entity_1184|fullname=ThranDynasten|gender=u|specialcase_entity=group)))
187329	,		
187330	die	21980	(mention_id=22306|references=(entity=(entity_id=entity_1184|fullname=ThranDynasten|gender=u|specialcase_entity=group)))
187331	als		
187332	flüsternde		
187333	,		
187334	vornehm-kühle		
187335	Gentlemens	21981	(mention_id=22307|references=(entity=(entity_id=entity_1184|fullname=ThranDynasten|gender=u|specialcase_entity=group)))
187336	mit		
187337	einer		
187338	Bildung		
187339	,		
187340	die		
187341	vom		
187342	heutigen		
187343	Dollar		
187344	datirt		
187345	,		
187346	der		
187347	morgen		
187348	wieder		
187349	verbanquerottirt		
187350	sein		
187351	kann		
187352	,		
187353	ihre	21982	(mention_id=22308|references=(entity=(entity_id=entity_1184|fullname=ThranDynasten|gender=u|specialcase_entity=group)))
187354	in		
187355	Eis		
187356	gestellten		
187357	,		
187358	gespenstisch-jugendlichen		
187359	Gestalten		
187360	oder		
187361	vielmehr		
187362	Etiquetten		
187363	gegenseitig		
187364	sich	21983	(mention_id=22309|references=(entity=(entity_id=entity_1184|fullname=ThranDynasten|gender=u|specialcase_entity=group)))
187365	hier		
187366	präsentirten		
187367	:		
187368	im		
187369	Anblick		
187370	dieser		
187371	bleizuckernen		
187372	Welt		
187373	des		
187374	Egoismus		
187375	fühlte		
187376	Moorfeld	21984	(mention_id=22310|references=(entity=(entity_id=entity_0001|fullname=Dr. Moorfeld|gender=m)))
187377	seine	21985	(mention_id=22311|references=(entity=(entity_id=entity_0001|fullname=Dr. Moorfeld|gender=m)))
187378	ganze		
187379	Streitlust		
187380	wieder		
187381	erwacht		
187382	.		
187383	So		
187384	trat		
187385	er	21986	(mention_id=22312|references=(entity=(entity_id=entity_0001|fullname=Dr. Moorfeld|gender=m)))
187386	vor		
187387	einen		
187388	Menschen	21987	(mention_id=22313|references=(entity=(entity_id=entity_0012|fullname=Theodor Benthal|gender=m)))
187389	im		
187390	schwarzen		
187391	Frack		
187392	und		
187393	weißer		
187394	Cravatte		
187395	und		
187396	mit		
187397	einem		
187398	Lächeln		
187399	à		
187400	la		
187401	hausse		
187402	auf		
187403	der		
187404	blank		
187405	rasirten		
187406	Lippe		
187407	,		
187408	den	21988	(mention_id=22314|references=(entity=(entity_id=entity_0012|fullname=Theodor Benthal|gender=m)))
187409	ihm	21989	(mention_id=22315|references=(entity=(entity_id=entity_0001|fullname=Dr. Moorfeld|gender=m)))
187410	der		
187411	Stewart	21990	(mention_id=22316|references=(entity=(entity_id=entity_1194|fullname=Stewart|gender=m)))
187412	als		
187413	Mister	21991	(mention_id=22317|references=(entity=(entity_id=entity_0012|fullname=Theodor Benthal|gender=m)))
187414	Benthal	21991	(mention_id=22317|references=(entity=(entity_id=entity_0012|fullname=Theodor Benthal|gender=m)))
187415	vorstellte		
187416	.		
187417	Moorfeld	21992	(mention_id=22318|references=(entity=(entity_id=entity_0001|fullname=Dr. Moorfeld|gender=m)))
187418	hätte		
187419	ihn	21993	(mention_id=22319|references=(entity=(entity_id=entity_0012|fullname=Theodor Benthal|gender=m)))
187420	kaum		
187421	noch		
187422	erkannt		
187423	.		
187424	Aber		
187425	Benthal	21994	(mention_id=22320|references=(entity=(entity_id=entity_0012|fullname=Theodor Benthal|gender=m)))
187426	erkannte		
187427	ihn	21995	(mention_id=22321|references=(entity=(entity_id=entity_0001|fullname=Dr. Moorfeld|gender=m)))
187428	um		
187429	so		
187430	schneller		
187431	.		
187432	All		
187433	seine	21996	(mention_id=22322|references=(entity=(entity_id=entity_0012|fullname=Theodor Benthal|gender=m)))
187434	Züge		
187435	gingen		
187436	in		
187437	Freudigkeit		
187438	auf		
187439	.		
187440	Mit		
187441	dem		
187442	Ton		
187443	seiner	21997	(mention_id=22323|references=(entity=(entity_id=entity_0012|fullname=Theodor Benthal|gender=m)))
187444	alten		
187445	Stimme		
187446	und		
187447	seines	21998	(mention_id=22324|references=(entity=(entity_id=entity_0012|fullname=Theodor Benthal|gender=m)))
187448	alten		
187449	Herzens		
187450	begrüßte		
187451	er	21999	(mention_id=22325|references=(entity=(entity_id=entity_0012|fullname=Theodor Benthal|gender=m)))
187452	den		
187453	wiederkehrenden		
187454	Freund	22000	(mention_id=22326|references=(entity=(entity_id=entity_0001|fullname=Dr. Moorfeld|gender=m)))
187455	.		
187456	Vor		
187457	Allem		
187458	meine	22001	(mention_id=22327|references=(entity=(entity_id=entity_0012|fullname=Theodor Benthal|gender=m)))
187459	Entschuldigung		
187460	,		
187461	Verehrtester	22002	(mention_id=22328|references=(entity=(entity_id=entity_0001|fullname=Dr. Moorfeld|gender=m)))
187462	,		
187463	für		
187464	mein	22003	(mention_id=22329|references=(entity=(entity_id=entity_0012|fullname=Theodor Benthal|gender=m)))
187465	Schweigen		
187466	auf		
187467	Ihr	22004	(mention_id=22330|references=(entity=(entity_id=entity_0001|fullname=Dr. Moorfeld|gender=m)))
187468	Reisejournal		
187469	,		
187470	redete		
187471	er	22005	(mention_id=22331|references=(entity=(entity_id=entity_0012|fullname=Theodor Benthal|gender=m)))
187472	Moorfeld	22006	(mention_id=22332|references=(entity=(entity_id=entity_0001|fullname=Dr. Moorfeld|gender=m)))
187473	an		
187474	.		
187475	Sie	22007	(mention_id=22333|references=(entity=(entity_id=entity_0001|fullname=Dr. Moorfeld|gender=m)))
187476	denken		
187477	wohl		
187478	,		
187479	wie		
187480	viel		
187481	ich	22008	(mention_id=22334|references=(entity=(entity_id=entity_0012|fullname=Theodor Benthal|gender=m)))
187482	darauf		
187483	zu		
187484	antworten		
187485	hatte		
187486	,		
187487	und		
187488	ich	22009	(mention_id=22335|references=(entity=(entity_id=entity_0012|fullname=Theodor Benthal|gender=m)))
187489	war		
187490	so		
187491	occupirt		
187492	!		
187493	Aber		
187494	Sie	22010	(mention_id=22336|references=(entity=(entity_id=entity_0001|fullname=Dr. Moorfeld|gender=m)))
187495	wissen		
187496	schon		
187497	,		
187498	Sie	22011	(mention_id=22337|references=(entity=(entity_id=entity_0001|fullname=Dr. Moorfeld|gender=m)))
187499	waren		
187500	bei		
187501	Frau	22012	(mention_id=22338|references=(entity=(entity_id=entity_0403|fullname=Frau von Milden|gender=f)))
187502	v.	22012	(mention_id=22338|references=(entity=(entity_id=entity_0403|fullname=Frau von Milden|gender=f)))
187503	Milden	22012	(mention_id=22338|references=(entity=(entity_id=entity_0403|fullname=Frau von Milden|gender=f)))
187504	,		
187505	nicht		
187506	wahr		
187507	?		
187508	Gott		
187509	!		
187510	dort		
187511	war		
187512	ich	22013	(mention_id=22339|references=(entity=(entity_id=entity_0012|fullname=Theodor Benthal|gender=m)))
187513	nun		
187514	auch		
187515	schon		
187516	nicht		
187517	—		
187518	lassen		
187519	Sie	22014	(mention_id=22340|references=(entity=(entity_id=entity_0001|fullname=Dr. Moorfeld|gender=m)))
187520	mich	22015	(mention_id=22341|references=(entity=(entity_id=entity_0012|fullname=Theodor Benthal|gender=m)))
187521	zählen		
187522	;		
187523	—		
187524	mit		
187525	Schaudern		
187526	bring'		
187527	ich's	22016	
187528	heraus		
187529	,		
187530	—		
187531	ja		
187532	,		
187533	sieben		
187534	Tage		
187535	sind		
187536	es		
187537	!		
187538	sieben		
187539	Tage		
187540	!		
187541	Wie		
187542	man		
187543	in		
187544	die		
187545	Schulden		
187546	geräth		
187547	!		
187548	Wer		
187549	mir	22017	(mention_id=22342|references=(entity=(entity_id=entity_0012|fullname=Theodor Benthal|gender=m)))
187550	das		
187551	noch		
187552	vor		
187553	Kurzem		
187554	gesagt		
187555	hätte		
187556	!		
187557	Freilich		
187558	hat		
187559	mich	22018	(mention_id=22343|references=(entity=(entity_id=entity_0012|fullname=Theodor Benthal|gender=m)))
187560	mein	22019	(mention_id=22344|references=(entity=(entity_id=entity_0012|fullname=Theodor Benthal|gender=m)))
187561	liebes		
187562	Lorettohäuschen		
187563	neuerer		
187564	Zeit		
187565	nicht		
187566	immer		
187567	so		
187568	liebenswürdig		
187569	behandelt		
187570	,		
187571	wie		
187572	ich's	22020	(mention_id=22345|references=(entity=(entity_id=entity_0012|fullname=Theodor Benthal|gender=m)))
187573	aus		
187574	bessern		
187575	Tagen		
187576	,		
187577	—		
187578	ach		
187579	,		
187580	es		
187581	waren		
187582	bessere		
187583	Tage		
187584	!		
187585	—		
187586	gewohnt		
187587	bin		
187588	.		
187589	Ich	22021	(mention_id=22346|references=(entity=(entity_id=entity_0012|fullname=Theodor Benthal|gender=m)))
187590	weiß		
187591	nicht		
187592	,		
187593	was		
187594	die		
187595	Frauen	22022	(mention_id=22347|references=(entity=(entity_id=entity_0403|fullname=Frau von Milden|gender=f)),(entity=(entity_id=entity_0402|fullname=Pauline von Milden|gender=f)))
187596	haben		
187597	,		
187598	ihr	22023	(mention_id=22348|references=(entity=(entity_id=entity_0403|fullname=Frau von Milden|gender=f)),(entity=(entity_id=entity_0402|fullname=Pauline von Milden|gender=f)))
187599	Ton		
187600	ist		
187601	manchmal		
187602	ein		
187603	so		
187604	fremdartiger		
187605	!		
187606	es		
187607	scheint		
187608	ordentlich		
187609	,		
187610	als		
187611	ob		
187612	sie	22024	(mention_id=22349|references=(entity=(entity_id=entity_1192|fullname=Frauen|gender=f|specialcase_entity=group)),(entity=(entity_id=entity_0402|fullname=Pauline von Milden|gender=f)))
187613	einen		
187614	unüberwindlichen		
187615	Stolz		
187616	vor		
187617	einem		
187618	reichen		
187619	Manne	22025	(mention_id=22350|references=(entity=(entity_id=entity_0012|fullname=Theodor Benthal|gender=m)))
187620	hätten		
187621	.		
187622	Und		
187623	es		
187624	ist		
187625	doch		
187626	nicht		
187627	meine	22026	(mention_id=22351|references=(entity=(entity_id=entity_0012|fullname=Theodor Benthal|gender=m)))
187628	Schuld		
187629	,		
187630	wenn		
187631	ich	22027	(mention_id=22352|references=(entity=(entity_id=entity_0012|fullname=Theodor Benthal|gender=m)))
187632	mit		
187633	meinem	22028	(mention_id=22353|references=(entity=(entity_id=entity_0012|fullname=Theodor Benthal|gender=m)))
187634	bischen		
187635	Wissen		
187636	endlich		
187637	auch		
187638	einen		
187639	Treffer		
187640	ziehe		
187641	.		
187642	Aber		
187643	vielleicht		
187644	liegt's		
187645	an		
187646	mir	22029	(mention_id=22354|references=(entity=(entity_id=entity_0012|fullname=Theodor Benthal|gender=m)))
187647	selbst		
187648	.		
187649	Der		
187650	Mensch	22030	(mention_id=22355|references=(entity=(entity_id=entity_0012|fullname=Theodor Benthal|gender=m)),(entity=(entity_id=generic_5837|fullname=generic_2182|gender=u|specialcase_entity=generic)))
187651	beobachtet		
187652	sich	22031	(mention_id=22356|references=(entity=(entity_id=entity_0012|fullname=Theodor Benthal|gender=m)),(entity=(entity_id=generic_5838|fullname=generic_2183|gender=u|specialcase_entity=generic)))
187653	vortrefflich		
187654	,		
187655	wenn		
187656	er	22032	(mention_id=22357|references=(entity=(entity_id=entity_0012|fullname=Theodor Benthal|gender=m)),(entity=(entity_id=generic_5839|fullname=generic_2184|gender=u|specialcase_entity=generic)))
187657	allein		
187658	ist		
187659	;		
187660	wie		
187661	ich	22033	(mention_id=22358|references=(entity=(entity_id=entity_0012|fullname=Theodor Benthal|gender=m)))
187662	mit		
187663	den		
187664	Frauen	22034	(mention_id=22359|references=(entity=(entity_id=entity_1192|fullname=Frauen|gender=f|specialcase_entity=group)))
187665	umgegangen		
187666	bin		
187667	,		
187668	darüber		
187669	habe		
187670	ich	22035	(mention_id=22360|references=(entity=(entity_id=entity_0012|fullname=Theodor Benthal|gender=m)))
187671	wahrhaftig		
187672	kein		
187673	Urtheil		
187674	.		
187675	Möglich		
187676	,		
187677	daß		
187678	ich	22036	(mention_id=22361|references=(entity=(entity_id=entity_0012|fullname=Theodor Benthal|gender=m)))
187679	nicht		
187680	ganz		
187681	correct		
187682	war		
187683	;		
187684	mein		
187685	Gott		
187686	!		
187687	eine		
187688	solche		
187689	Veränderung		
187690	der		
187691	äußeren		
187692	Lage		
187693	darf		
187694	wohl		
187695	auch		
187696	inwendig		
187697	Manches		
187698	verschieben		
187699	—		
187700	aber		
187701	nein		
187702	!		
187703	nein		
187704	!		
187705	was		
187706	sag'		
187707	ich	22037	(mention_id=22362|references=(entity=(entity_id=entity_0012|fullname=Theodor Benthal|gender=m)))
187708	:		
187709	inwendig		
187710	?		
187711	Ein		
187712	wenig		
187713	Kopf		
187714	verlieren		
187715	,		
187716	ein		
187717	wenig		
187718	strudeln		
187719	und		
187720	wirbeln		
187721	im		
187722	Betragen		
187723	,		
187724	das		
187725	hat		
187726	ja		
187727	mit		
187728	dem		
187729	Herzen		
187730	nichts		
187731	zu		
187732	thun		
187733	.		
187734	Ach		
187735	,		
187736	in		
187737	solchen		
187738	Lagen		
187739	ist		
187740	ein		
187741	Freund	22038	(mention_id=22363|references=(entity=(entity_id=entity_0001|fullname=Dr. Moorfeld|gender=m)))
187742	wie		
187743	Sie	22039	(mention_id=22364|references=(entity=(entity_id=entity_0001|fullname=Dr. Moorfeld|gender=m)))
187744	ein		
187745	wahrer		
187746	Segen		
187747	!		
187748	Sie	22040	(mention_id=22365|references=(entity=(entity_id=entity_0001|fullname=Dr. Moorfeld|gender=m)))
187749	kommen		
187750	jetzt		
187751	wie		
187752	vom		
187753	Himmel		
187754	geschickt		
187755	.		
187756	Wenn		
187757	man		
187758	sich	22041	
187759	hier		
187760	und		
187761	dort		
187762	mißversteht		
187763	,		
187764	hier		
187765	und		
187766	dort		
187767	zu		
187768	stolz		
187769	oder		
187770	zu		
187771	empfindlich		
187772	ist		
187773	,		
187774	es		
187775	einzugestehen		
187776	,		
187777	wenn		
187778	unzeitiger		
187779	Trotz		
187780	,		
187781	selbstgebildete		
187782	Leiden		
187783	,		
187784	wenn		
187785	der		
187786	ewig		
187787	rege		
187788	Kitzel		
187789	der		
187790	Verliebten	22042	(mention_id=22366|references=(entity=(entity_id=generic_5840|fullname=generic_2185|gender=u|specialcase_entity=generic)))
187791	:		
187792	sich		
187793	unglücklich		
187794	zu		
187795	fühlen		
187796	,		
187797	kleine		
187798	Zwiste		
187799	zu		
187800	raschem		
187801	und		
187802	unheilbarem		
187803	Bruche		
187804	auszuklüften		
187805	droht		
187806	:		
187807	da		
187808	ist		
187809	der		
187810	treue		
187811	,		
187812	stätige		
187813	Charakter		
187814	eines		
187815	Mittlers	22043	(mention_id=22367|references=(entity=(entity_id=entity_0001|fullname=Dr. Moorfeld|gender=m)))
187816	in		
187817	seinem		(mention_id=22368|references=(entity=(entity_id=entity_0001|fullname=Dr. Moorfeld|gender=m)))
187818	schönsten		
187819	und		
187820	dankenswerthesten		
187821	Berufe		
187822	.		
187823	Ich	22044	(mention_id=22369|references=(entity=(entity_id=entity_0012|fullname=Theodor Benthal|gender=m)))
187824	bitte		
187825	,		
187826	übernehmen		
187827	Sie	22045	(mention_id=22370|references=(entity=(entity_id=entity_0001|fullname=Dr. Moorfeld|gender=m)))
187828	ihn		
187829	gleich		
187830	,		
187831	diesen		
187832	Beruf		
187833	.		
187834	Entschuldigen		
187835	Sie	22046	(mention_id=22371|references=(entity=(entity_id=entity_0001|fullname=Dr. Moorfeld|gender=m)))
187836	mich	22047	(mention_id=22372|references=(entity=(entity_id=entity_0012|fullname=Theodor Benthal|gender=m)))
187837	bei		
187838	den		
187839	Frauen	22048	(mention_id=22373|references=(entity=(entity_id=entity_0403|fullname=Frau von Milden|gender=f)),(entity=(entity_id=entity_0402|fullname=Pauline von Milden|gender=f)))
187840	,		
187841	ehe		
187842	ich	22049	(mention_id=22374|references=(entity=(entity_id=entity_0012|fullname=Theodor Benthal|gender=m)))
187843	selbst		
187844	wieder		
187845	erscheine		
187846	.		
187847	Ich	22050	(mention_id=22375|references=(entity=(entity_id=entity_0012|fullname=Theodor Benthal|gender=m)))
187848	setze		
187849	nämlich		
187850	voraus		
187851	,		
187852	verehrtester		
187853	Freund	22051	(mention_id=22376|references=(entity=(entity_id=entity_0001|fullname=Dr. Moorfeld|gender=m)))
187854	,		
187855	daß		
187856	Sie	22052	(mention_id=22377|references=(entity=(entity_id=entity_0001|fullname=Dr. Moorfeld|gender=m)))
187857	selbst		
187858	wenigstens		
187859	ganz		
187860	und		
187861	voll		
187862	mit		
187863	meiner	22053	(mention_id=22378|references=(entity=(entity_id=entity_0012|fullname=Theodor Benthal|gender=m)))
187864	neuen		
187865	Richtung		
187866	einverstanden		
187867	sind		
187868	.		
187869	Von		
187870	den		
187871	Frauen	22054	(mention_id=22379|references=(entity=(entity_id=entity_0403|fullname=Frau von Milden|gender=f)),(entity=(entity_id=entity_0402|fullname=Pauline von Milden|gender=f)))
187872	bin		
187873	ich	22055	(mention_id=22380|references=(entity=(entity_id=entity_0012|fullname=Theodor Benthal|gender=m)))
187874	das		
187875	leider		
187876	nicht		
187877	gewiß		
187878	.		
187879	Ich	22056	(mention_id=22381|references=(entity=(entity_id=entity_0012|fullname=Theodor Benthal|gender=m)))
187880	will		
187881	eben		
187882	nicht		
187883	sagen		
187884	,		
187885	daß		
187886	sie	22057	(mention_id=22382|references=(entity=(entity_id=entity_0403|fullname=Frau von Milden|gender=f)),(entity=(entity_id=entity_0402|fullname=Pauline von Milden|gender=f)))
187887	Murmelquellen-		
187888	und		
187889	Strohdach		
187890	Schwärmereien	22058	
187891	wären		
187892	;		
187893	nein		
187894	!		
187895	Frau	22059	(mention_id=22383|references=(entity=(entity_id=entity_0403|fullname=Frau von Milden|gender=f)))
187896	von	22059	(mention_id=22383|references=(entity=(entity_id=entity_0403|fullname=Frau von Milden|gender=f)))
187897	Milden	22059	(mention_id=22383|references=(entity=(entity_id=entity_0403|fullname=Frau von Milden|gender=f)))
187898	denkt		
187899	viel		
187900	zu		
187901	vernünftig		
187902	für		
187903	ein		
187904	solches		
187905	Genre		
187906	von		
187907	Poesie		
187908	.		
187909	Aber		
187910	zuletzt		
187911	ist		
187912	sie	22060	(mention_id=22384|references=(entity=(entity_id=entity_0403|fullname=Frau von Milden|gender=f)))
187913	doch		
187914	nur		
187915	Frau	22061	(mention_id=22385|references=(entity=(entity_id=entity_0403|fullname=Frau von Milden|gender=f)))
187916	,		
187917	und		
187918	Frauen	22062	(mention_id=22386|references=(entity=(entity_id=generic_5841|fullname=generic_2186|gender=u|specialcase_entity=generic)),(entity=(entity_id=entity_0403|fullname=Frau von Milden|gender=f)))
187919	sind		
187920	für		
187921	das		
187922	Mittlere		
187923	,		
187924	Bürgerliche		
187925	.		
187926	Was		
187927	an's		
187928	Ungeheure		
187929	,		
187930	an's		
187931	Million-Große		
187932	geht		
187933	,		
187934	das		
187935	scheint		
187936	ihnen	22063	(mention_id=22387|references=(entity=(entity_id=generic_5842|fullname=generic_2187|gender=u|specialcase_entity=generic)),(entity=(entity_id=entity_0403|fullname=Frau von Milden|gender=f)))
187937	wieder		
187938	so		
187939	unpraktisch		
187940	und		
187941	schwindelhaft		
187942	wie		
187943	die		
187944	Murmelquelle		
187945	.		
187946	Mit		
187947	Ihnen	22064	(mention_id=22388|references=(entity=(entity_id=entity_0001|fullname=Dr. Moorfeld|gender=m)))
187948	ist's		
187949	anders		
187950	,		
187951	das		
187952	bin		
187953	ich	22065	(mention_id=22389|references=(entity=(entity_id=entity_0012|fullname=Theodor Benthal|gender=m)))
187954	überzeugt		
187955	.		
187956	Ja		
187957	,		
187958	Ihr	22066	(mention_id=22390|references=(entity=(entity_id=entity_0001|fullname=Dr. Moorfeld|gender=m)))
187959	Reisejournal		
187960	selbst		
187961	ist's		
187962	,		
187963	auf		
187964	das		
187965	ich	22067	(mention_id=22391|references=(entity=(entity_id=entity_0012|fullname=Theodor Benthal|gender=m)))
187966	mich	22068	(mention_id=22392|references=(entity=(entity_id=entity_0012|fullname=Theodor Benthal|gender=m)))
187967	berufen		
187968	darf		
187969	.		
187970	Was		
187971	Sie	22069	(mention_id=22393|references=(entity=(entity_id=entity_0001|fullname=Dr. Moorfeld|gender=m)))
187972	über		
187973	die		
187974	Verrottung		
187975	der		
187976	Deutschen	22070	(mention_id=22394|references=(entity=(entity_id=generic_5843|fullname=generic_2188|gender=u|specialcase_entity=generic)))
187977	in		
187978	Pennsylvanien		
187979	gesagt		
187980	haben		
187981	,		
187982	glauben		
187983	Sie	22071	(mention_id=22395|references=(entity=(entity_id=entity_0001|fullname=Dr. Moorfeld|gender=m)))
187984	,		
187985	das		
187986	wird		
187987	man		
187988	ewig		
187989	zu		
187990	sagen		
187991	haben		
187992	.		
187993	Von		
187994	der		
187995	Idee		
187996	sind		
187997	wir	22072	(mention_id=22396|references=(entity=(entity_id=entity_0012|fullname=Theodor Benthal|gender=m)),(entity=(entity_id=entity_0001|fullname=Dr. Moorfeld|gender=m)))
187998	wohl		
187999	Beide	22073	(mention_id=22397|references=(entity=(entity_id=entity_0012|fullname=Theodor Benthal|gender=m)),(entity=(entity_id=entity_0001|fullname=Dr. Moorfeld|gender=m)))
188000	zurückgekommen		
188001	,		
188002	das		
188003	Deutschthum		
188004	auf		
188005	den		
188006	Pflug		
188007	zu		
188008	gründen		
188009	.		
188010	Sie	22074	(mention_id=22398|references=(entity=(entity_id=entity_0001|fullname=Dr. Moorfeld|gender=m)))
188011	sehen		
188012	,		
188013	wie's		
188014	geht		
188015	damit		
188016	.		
188017	Tausende		
188018	von		
188019	Bauern	22075	(mention_id=22399|references=(entity=(entity_id=generic_5844|fullname=generic_2189|gender=u|specialcase_entity=generic)))
188020	,		
188021	Tausende	22076	
188022	von		
188023	Handwerkern	22077	(mention_id=22400|references=(entity=(entity_id=generic_5845|fullname=generic_2190|gender=u|specialcase_entity=generic)))
188024	können		
188025	wir	22078	(mention_id=22401|references=(entity=(entity_id=entity_0012|fullname=Theodor Benthal|gender=m)),(entity=(entity_id=generic_5846|fullname=generic_2191|gender=u|specialcase_entity=generic)))
188026	in's		
188027	Land		
188028	werfen		
188029	,		
188030	und		
188031	sie	22079	(mention_id=22402|references=(entity=(entity_id=generic_5847|fullname=generic_2192|gender=u|specialcase_entity=generic)))
188032	werden		
188033	immer		
188034	eine		
188035	Seitenstellung		
188036	einnehmen		
188037	.		
188038	Ein		
188039	einziger		
188040	Bankdirector	22080	(mention_id=22403|references=(entity=(entity_id=generic_5848|fullname=generic_2193|gender=u|specialcase_entity=generic)))
188041	,		
188042	ein		
188043	einziger		
188044	Großhandlungs-Chef	22081	(mention_id=22404|references=(entity=(entity_id=generic_5849|fullname=generic_2194|gender=u|specialcase_entity=generic)))
188045	aus		
188046	unserem	22082	(mention_id=22405|references=(entity=(entity_id=entity_0012|fullname=Theodor Benthal|gender=m)),(entity=(entity_id=generic_5850|fullname=generic_2195|gender=u|specialcase_entity=generic)),(entity=(entity_id=entity_0001|fullname=Dr. Moorfeld|gender=m)))
188047	Volke	22083	
188048	ist		
188049	ein		
188050	stärkerer		
188051	Keil		
188052	unserer	22084	(mention_id=22406|references=(entity=(entity_id=entity_0012|fullname=Theodor Benthal|gender=m)))
188053	Macht		
188054	als		
188055	Massen		
188056	von		
188057	nützlichen		
188058	,		
188059	aber		
188060	verachteten		
188061	Heloten	22085	(mention_id=22407|references=(entity=(entity_id=generic_5851|fullname=generic_2196|gender=u|specialcase_entity=generic)))
188062	.		
188063	Nicht		
188064	Härings		
188065	Schwärme		
188066	sind		
188067	die		
188068	Gebieter	22086	
188069	des		
188070	Meeres		
188071	:		
188072	der		
188073	Leviathan	22087	(mention_id=22408|references=(entity=(entity_id=generic_5852|fullname=generic_2197|gender=u|specialcase_entity=generic)))
188074	ist'		
188075	s.		
188076	O		
188077	diese		
188078	Yankees	22088	(mention_id=22409|references=(entity=(entity_id=generic_5853|fullname=generic_2198|gender=u|specialcase_entity=generic)))
188079	!		
188080	Wir	22089	(mention_id=22410|references=(entity=(entity_id=entity_0012|fullname=Theodor Benthal|gender=m)),(entity=(entity_id=entity_0001|fullname=Dr. Moorfeld|gender=m)),(entity=(entity_id=generic_5854|fullname=generic_2199|gender=u|specialcase_entity=generic)))
188081	müssen		
188082	sie	22090	(mention_id=22411|references=(entity=(entity_id=generic_5855|fullname=generic_2200|gender=u|specialcase_entity=generic)))
188083	in		
188084	ihrer	22091	(mention_id=22412|references=(entity=(entity_id=generic_5856|fullname=generic_2201|gender=u|specialcase_entity=generic)))
188085	höchsten		
188086	,		
188087	heiligsten		
188088	Citadelle		
188089	beschleichen		
188090	:		
188091	in		
188092	ihrer	22092	(mention_id=22413|references=(entity=(entity_id=generic_5857|fullname=generic_2202|gender=u|specialcase_entity=generic)))
188093	Börse		
188094	.		
188095	Dort		
188096	,		
188097	wo		
188098	das		
188099	Fett		
188100	und		
188101	Mark		
188102	der		
188103	Nationen	22093	(mention_id=22414|references=(entity=(entity_id=generic_5858|fullname=generic_2203|gender=u|specialcase_entity=generic)))
188104	ausgekocht		
188105	wird		
188106	,		
188107	dort		
188108	müssen		
188109	wir	22094	(mention_id=22415|references=(entity=(entity_id=entity_0012|fullname=Theodor Benthal|gender=m)),(entity=(entity_id=entity_0001|fullname=Dr. Moorfeld|gender=m)),(entity=(entity_id=generic_5859|fullname=generic_2204|gender=u|specialcase_entity=generic)))
188110	mitkochen		
188111	.		
188112	Ein		
188113	Quadratfuß		
188114	an		
188115	diesem		
188116	Heerde		
188117	ist		
188118	mehr		
188119	werth		
188120	,		
188121	als		
188122	eine		
188123	halbe		
188124	Million		
188125	Acres		
188126	in		
188127	Missouri		
188128	.		
188129	Ja		
188130	,		
188131	so		
188132	Gott		
188133	will		
188134	—		
188135	ich	22095	(mention_id=22416|references=(entity=(entity_id=entity_0012|fullname=Theodor Benthal|gender=m)))
188136	sinne		
188137	Manches		
188138	!		
188139	Ich	22096	(mention_id=22417|references=(entity=(entity_id=entity_0012|fullname=Theodor Benthal|gender=m)))
188140	will		
188141	diese		
188142	Yankees	22097	(mention_id=22418|references=(entity=(entity_id=generic_5860|fullname=generic_2205|gender=u|specialcase_entity=generic)))
188143	—		
188144	ein		
188145	Cäsar	22098	(mention_id=22419|references=(entity=(entity_id=entity_0012|fullname=Theodor Benthal|gender=m)|specialcase_reference=figurative))
188146	in		
188147	der		
188148	Wallstreet		
188149	—		
188150	aber		
188151	kommen		
188152	Sie	22099	(mention_id=22420|references=(entity=(entity_id=entity_0001|fullname=Dr. Moorfeld|gender=m)))
188153	—		
188154	ich	22100	(mention_id=22421|references=(entity=(entity_id=entity_0012|fullname=Theodor Benthal|gender=m)))
188155	mache		
188156	schon		
188157	wieder		
188158	Aufsehen		
188159	.		
188160	Noch		
188161	trauen		
188162	sie	22101	(mention_id=22422|references=(entity=(entity_id=generic_5861|fullname=generic_2206|gender=u|specialcase_entity=generic)))
188163	mir	22102	(mention_id=22423|references=(entity=(entity_id=entity_0012|fullname=Theodor Benthal|gender=m)))
188164	nicht		
188165	ganz		
188166	—		
188167	Instinkt		
188168	mindestens		
188169	hat		
188170	das		
188171	Vieh	22103	
188172	,		
188173	wenn		
188174	gleich		
188175	nicht		
188176	Vernunft		
188177	.		
188178	—		
188179	Das		
188180	war		
188181	nun		
188182	einer		
188183	jener		
188184	häufigen		
188185	Fälle		
188186	!		
188187	So		
188188	glaubt		
188189	ein		
188190	Mensch	22104	(mention_id=22424|references=(entity=(entity_id=generic_5862|fullname=generic_2207|gender=u|specialcase_entity=generic)),(entity=(entity_id=entity_0001|fullname=Dr. Moorfeld|gender=m)))
188191	wohlgerüstet		
188192	ins		
188193	Gespräch		
188194	mit		
188195	einem		
188196	anderen	22105	(mention_id=22425|references=(entity=(entity_id=generic_5863|fullname=generic_2208|gender=u|specialcase_entity=generic)),(entity=(entity_id=entity_0012|fullname=Theodor Benthal|gender=m)))
188197	zu		
188198	gehen		
188199	,		
188200	hat		
188201	Alles		
188202	vorausgenommen		
188203	,		
188204	was		
188205	vorauszunehmen		
188206	war		
188207	,		
188208	und		
188209	im		
188210	Momente		
188211	betritt		
188212	ihn	22106	(mention_id=22426|references=(entity=(entity_id=entity_0001|fullname=Dr. Moorfeld|gender=m)),(entity=(entity_id=generic_5864|fullname=generic_2209|gender=u|specialcase_entity=generic)))
188213	dann		
188214	doch		
188215	das		
188216	Neue		
188217	,		
188218	Unvorgesehene		
188219	,		
188220	und		
188221	mit		
188222	Ueberraschung		
188223	entdeckt		
188224	er	22107	(mention_id=22427|references=(entity=(entity_id=generic_5865|fullname=generic_2210|gender=u|specialcase_entity=generic)),(entity=(entity_id=entity_0001|fullname=Dr. Moorfeld|gender=m)))
188225	das		
188226	Allernatürlichste		
188227	:		
188228	daß		
188229	ein		
188230	Einziges		
188231	sich		
188232	nie		
188233	wahrhaft		
188234	als		
188235	ein		
188236	Zweites		
188237	zu		
188238	setzen		
188239	vermag		
188240	.		
188241	Vor		
188242	diesem		
188243	Benthal		(mention_id=22428|references=(entity=(entity_id=entity_0012|fullname=Theodor Benthal|gender=m)))
188244	erröthete		
188245	Moorfeld	22108	(mention_id=22429|references=(entity=(entity_id=entity_0001|fullname=Dr. Moorfeld|gender=m)))
188246	bei		
188247	sich	22109	(mention_id=22430|references=(entity=(entity_id=entity_0001|fullname=Dr. Moorfeld|gender=m)))
188248	,		
188249	wie		
188250	rasch		
188251	ihn	22110	(mention_id=22431|references=(entity=(entity_id=entity_0001|fullname=Dr. Moorfeld|gender=m)))
188252	die		
188253	Verwandtschaft		
188254	zwischen		
188255	Dichter	22111	(mention_id=22432|references=(entity=(entity_id=entity_0001|fullname=Dr. Moorfeld|gender=m)))
188256	und		
188257	Frauen	22112	(mention_id=22433|references=(entity=(entity_id=entity_0403|fullname=Frau von Milden|gender=f)),(entity=(entity_id=entity_0402|fullname=Pauline von Milden|gender=f)))
188258	in		
188259	die		
188260	nervöse		
188261	Furcht		
188262	des		
188263	Lorettohäuschens		
188264	mit		
188265	hingerissen		
188266	.		
188267	Er	22113	(mention_id=22434|references=(entity=(entity_id=entity_0001|fullname=Dr. Moorfeld|gender=m)))
188268	verplauderte		
188269	noch		
188270	eine		
188271	Weile		
188272	mit		
188273	dem		
188274	alten		
188275	Wiedergefundenen	22114	(mention_id=22435|references=(entity=(entity_id=entity_0012|fullname=Theodor Benthal|gender=m)))
188276	,		
188277	den	22115	(mention_id=22436|references=(entity=(entity_id=entity_0012|fullname=Theodor Benthal|gender=m)))
188278	er	22116	(mention_id=22437|references=(entity=(entity_id=entity_0001|fullname=Dr. Moorfeld|gender=m)))
188279	immer		
188280	mehr		
188281	von		
188282	Neuem		
188283	erkannte		
188284	,		
188285	wen		
188286	n		
188287	auch		
188288	in		
188289	kühneren		
188290	Linien		
188291	und		
188292	weiterem		
188293	Zirkel		
188294	,		
188295	gleichsam		
188296	das		
188297	Ideal		
188298	seiner	22117	(mention_id=22438|references=(entity=(entity_id=entity_0012|fullname=Theodor Benthal|gender=m)))
188299	selbst		
188300	.		
188301	Es		
188302	war		
188303	ein		
188304	Gesprächsgang		
188305	im		
188306	höchsten		
188307	Style		
188308	,		
188309	und		
188310	Moorfeld	22118	(mention_id=22439|references=(entity=(entity_id=entity_0001|fullname=Dr. Moorfeld|gender=m)))
188311	mochte		
188312	selbst		
188313	die		
188314	freundschaftliche		
188315	Smollis-Buße		
188316	des		
188317	vergessenen		
188318	Du	22119	
188319	auf		
188320	eine		
188321	Stunde		
188322	vertagen		
188323	,		
188324	die		
188325	mehr		
188326	vertraulich		
188327	als		
188328	geschwungen		
188329	war		
188330	.		
188331	Tief		
188332	befriedigt		
188333	kehrte		
188334	er	22120	(mention_id=22440|references=(entity=(entity_id=entity_0001|fullname=Dr. Moorfeld|gender=m)))
188335	nach		
188336	Hause		
188337	.		
188338	Des		
188339	andern		
188340	Tages		
188341	war		
188342	unser	22121	(mention_id=22441|references=(entity=(entity_id=entity_0007|fullname=Erzählinstanz|gender=u)),(entity=(entity_id=entity_0008|fullname=Leser|gender=u)))
188343	junger		
188344	Europäer	22122	(mention_id=22442|references=(entity=(entity_id=entity_0001|fullname=Dr. Moorfeld|gender=m)))
188345	sicher		
188346	der		
188347	unruhigste		
188348	Gast	22123	(mention_id=22443|references=(entity=(entity_id=entity_0001|fullname=Dr. Moorfeld|gender=m)))
188349	,		
188350	der	22124	(mention_id=22444|references=(entity=(entity_id=entity_0001|fullname=Dr. Moorfeld|gender=m)))
188351	in		
188352	seinem	22125	(mention_id=22445|references=(entity=(entity_id=entity_0001|fullname=Dr. Moorfeld|gender=m)))
188353	Boardinghouse		
188354	an		
188355	der		
188356	Tafel		
188357	des		
188358	zweiten		
188359	Frühstücks		
188360	oder		
188361	sogenannten		
188362	„		
188363	Lunch		
188364	“		
188365	saß		
188366	.		
188367	Nach		
188368	Aufhebung		
188369	des		
188370	Lunch		
188371	schlug		
188372	die		
188373	legitime		
188374	Stunde		
188375	der		
188376	Morgenvisiten		
188377	.		
188378	Der		
188379	Wagen		
188380	nach		
188381	Frau	22126	(mention_id=22446|references=(entity=(entity_id=entity_0403|fullname=Frau von Milden|gender=f)))
188382	v.	22126	(mention_id=22446|references=(entity=(entity_id=entity_0403|fullname=Frau von Milden|gender=f)))
188383	Milden's	22126	(mention_id=22446|references=(entity=(entity_id=entity_0403|fullname=Frau von Milden|gender=f)))
188384	Wohnung		
188385	war		
188386	schon		
188387	früher		
188388	bestellt		
188389	.		
188390	Hundertmal		
188391	zog		
188392	Moorfeld	22127	(mention_id=22447|references=(entity=(entity_id=entity_0001|fullname=Dr. Moorfeld|gender=m)))
188393	die		
188394	Uhr		
188395	,		
188396	mit		
188397	ungeduldigen		
188398	Blicken		
188399	sah		
188400	er	22128	(mention_id=22448|references=(entity=(entity_id=entity_0001|fullname=Dr. Moorfeld|gender=m)))
188401	dem		
188402	Messer		
188403	des		
188404	schwarzen		
188405	Vorschneiders	22129	(mention_id=22449|references=(entity=(entity_id=entity_1193|fullname=Vorschneider|gender=m)))
188406	zu		
188407	,		
188408	der	22130	(mention_id=22450|references=(entity=(entity_id=entity_1193|fullname=Vorschneider|gender=m)))
188409	dir	22131	
188410	verschiedenen		
188411	Rumsteaks		
188412	,		
188413	Coteletts		
188414	u.		
188415	s.		
188416	w.		
188417	in		
188418	all		
188419	jene		
188420	unzähligen		
188421	Atome		
188422	zerfällte		
188423	,		
188424	in		
188425	welchen		
188426	sie		
188427	den		
188428	Gästen	22132	(mention_id=22451|references=(entity=(entity_id=entity_1207|fullname=Gäste|gender=u|specialcase_entity=group)))
188429	dargereicht		
188430	wurden		
188431	.		
188432	Da		
188433	öffnete		
188434	sich		
188435	die		
188436	Thüre		
188437	und		
188438	ein		
188439	Mensch	22133	(mention_id=22452|references=(entity=(entity_id=entity_1191|fullname=Bote|gender=m)))
188440	,		
188441	dessen	22134	(mention_id=22453|references=(entity=(entity_id=entity_1191|fullname=Bote|gender=m)))
188442	Aeußeres		
188443	,		
188444	wie		
188445	gewöhnlich		
188446	durch		
188447	nichts		
188448	seine		(mention_id=22454|references=(entity=(entity_id=entity_1191|fullname=Bote|gender=m)))
188449	Function		
188450	bezeichnete		
188451	,		
188452	überreichte		
188453	den		
188454	Damen	22135	(mention_id=22455|references=(entity=(entity_id=entity_1186|fullname=Schwestern|gender=f|specialcase_entity=group)))
188455	des		
188456	Hauses		
188457	,		
188458	einem		
188459	jungfräulichen		
188460	Schwesterpaar	22136	(mention_id=22456|references=(entity=(entity_id=entity_1186|fullname=Schwestern|gender=f|specialcase_entity=group)))
188461	von		
188462	mystischen		
188463	Jahren		
188464	,		
188465	welches	22137	(mention_id=22457|references=(entity=(entity_id=entity_1186|fullname=Schwestern|gender=f|specialcase_entity=group)))
188466	der		
188467	Tafel		
188468	präsidirte		
188469	,		
188470	eine		
188471	Karte		
188472	.		
188473	An		
188474	einer		
188475	hämischen		
188476	Bemerkung		
188477	,		
188478	welche		
188479	die		
188480	herbstlichen		
188481	Fräuleins	22138	(mention_id=22458|references=(entity=(entity_id=entity_1186|fullname=Schwestern|gender=f|specialcase_entity=group)))
188482	sich	22139	(mention_id=22459|references=(entity=(entity_id=entity_1186|fullname=Schwestern|gender=f|specialcase_entity=group)))
188483	zuflüsterten		
188484	,		
188485	bemerkte		
188486	Moorfeld	22140	(mention_id=22460|references=(entity=(entity_id=entity_0001|fullname=Dr. Moorfeld|gender=m)))
188487	,		
188488	daß		
188489	es		
188490	eine		
188491	Verlobungskarte		
188492	war		
188493	.		
188494	Hat		
188495	die		
188496	auch		
188497	noch		
188498	einen		
188499	Mann	22141	(mention_id=22461|references=(entity=(entity_id=entity_0012|fullname=Theodor Benthal|gender=m)))
188500	bekommen		
188501	!		
188502	klang		
188503	der		
188504	christliche		
188505	Spott		
188506	der		
188507	welken		
188508	Lippen		
188509	,		
188510	indeß		
188511	die		
188512	dürren		
188513	Finger		
188514	mit		
188515	äußerster		
188516	Geringschätzung		
188517	die		
188518	Karte		
188519	von		
188520	sich		
188521	schnellten		
188522	.		
188523	Das		
188524	Blatt		
188525	flog		
188526	Moorfeld	22142	(mention_id=22462|references=(entity=(entity_id=entity_0001|fullname=Dr. Moorfeld|gender=m)))
188527	fast		
188528	in		
188529	den		
188530	Teller		
188531	.		
188532	Unwillkürlich		
188533	fiel		
188534	ihm	22143	(mention_id=22463|references=(entity=(entity_id=entity_0001|fullname=Dr. Moorfeld|gender=m)))
188535	die		
188536	Schrift		
188537	ins		
188538	Auge		
188539	.		
188540	Er	22144	(mention_id=22464|references=(entity=(entity_id=entity_0001|fullname=Dr. Moorfeld|gender=m)))
188541	las		
188542	:		
188543	Mr.	22145	(mention_id=22465|references=(entity=(entity_id=entity_0012|fullname=Theodor Benthal|gender=m)))
188544	Theodor	22145	(mention_id=22465|references=(entity=(entity_id=entity_0012|fullname=Theodor Benthal|gender=m)))
188545	Benthal	22145	(mention_id=22465|references=(entity=(entity_id=entity_0012|fullname=Theodor Benthal|gender=m)))
188546	Engineer	22146	(mention_id=22466|references=(entity=(entity_id=entity_0012|fullname=Theodor Benthal|gender=m)))
188547	and		
188548	Surveyor	22147	(mention_id=22467|references=(entity=(entity_id=entity_0012|fullname=Theodor Benthal|gender=m)))
188549	with		
188550	Mss	22148	(mention_id=22468|references=(entity=(entity_id=entity_0077|fullname=Sarah Staunton|gender=f)))
188551	.	22148	(mention_id=22468|references=(entity=(entity_id=entity_0077|fullname=Sarah Staunton|gender=f)))
188552	Sarah	22148	(mention_id=22468|references=(entity=(entity_id=entity_0077|fullname=Sarah Staunton|gender=f)))
188553	Staunton	22148	(mention_id=22468|references=(entity=(entity_id=entity_0077|fullname=Sarah Staunton|gender=f)))
188554	.		
