i	token	mention	gold
24685	Achtes		
24686	Kapitel		
24687	.		
24688	Während		
24689	Christoph	3711	(mention_id=3671|references=(entity=(entity_id=entity_0001|fullname=Christoph Armbruster|gender=m)))
24690	Armbruster	3711	(mention_id=3671|references=(entity=(entity_id=entity_0001|fullname=Christoph Armbruster|gender=m)))
24691	mit		
24692	Sorgen		
24693	und		
24694	Kümmernissen		
24695	Trudis	3712	(mention_id=3672|references=(entity=(entity_id=entity_0002|fullname=Gontrud Hegewald|gender=f)))
24696	wegen		
24697	beladen		
24698	war		
24699	,		
24700	schuf		
24701	die		
24702	nichts		
24703	davon		
24704	Ahnende	3713	(mention_id=3673|references=(entity=(entity_id=entity_0002|fullname=Gontrud Hegewald|gender=f)))
24705	wieder		
24706	einer		
24707	anderen	3714	(mention_id=3674|references=(entity=(entity_id=entity_0022|fullname=Jakobine Steinecker|gender=f)))
24708	gebranntes		
24709	Herzeleid		
24710	.		
24711	In		
24712	Jakobinen	3715	(mention_id=3675|references=(entity=(entity_id=entity_0022|fullname=Jakobine Steinecker|gender=f)))
24713	hatte		
24714	sich		
24715	der		
24716	schon		
24717	lange		
24718	gehegte		
24719	Verdacht		
24720	,		
24721	daß		
24722	Trudi	3716	(mention_id=3676|references=(entity=(entity_id=entity_0002|fullname=Gontrud Hegewald|gender=f)))
24723	ihr	3717	(mention_id=3677|references=(entity=(entity_id=entity_0022|fullname=Jakobine Steinecker|gender=f)))
24724	den		
24725	Franz	3718	(mention_id=3678|references=(entity=(entity_id=entity_0009|fullname=Franz Gersbacher|gender=m)))
24726	abspenstig		
24727	machen		
24728	wollte		
24729	,		
24730	allmählich		
24731	zur		
24732	festen		
24733	Überzeugung		
24734	ausgebildet		
24735	,		
24736	und		
24737	sie	3719	(mention_id=3679|references=(entity=(entity_id=entity_0022|fullname=Jakobine Steinecker|gender=f)))
24738	fürchtete		
24739	,		
24740	daß		
24741	der		
24742	von		
24743	Rechts		
24744	wegen		
24745	ihr	3720	(mention_id=3680|references=(entity=(entity_id=entity_0022|fullname=Jakobine Steinecker|gender=f)))
24746	Zukommende	3721	(mention_id=3681|references=(entity=(entity_id=entity_0009|fullname=Franz Gersbacher|gender=m)))
24747	für		
24748	sie	3722	(mention_id=3682|references=(entity=(entity_id=entity_0022|fullname=Jakobine Steinecker|gender=f)))
24749	verloren		
24750	ginge		
24751	,		
24752	wenn		
24753	sie	3723	(mention_id=3683|references=(entity=(entity_id=entity_0022|fullname=Jakobine Steinecker|gender=f)))
24754	dem		
24755	nicht		
24756	tatkräftig		
24757	vorbeugte		
24758	.		
24759	Sie	3724	(mention_id=3684|references=(entity=(entity_id=entity_0022|fullname=Jakobine Steinecker|gender=f)))
24760	,		
24761	eine		
24762	Steineckerin	3725	(mention_id=3685|references=(entity=(entity_id=entity_0022|fullname=Jakobine Steinecker|gender=f)))
24763	,		
24764	bei		
24765	dem		
24766	einstigen		
24767	Erben	3726	(mention_id=3686|references=(entity=(entity_id=entity_0009|fullname=Franz Gersbacher|gender=m)))
24768	des		
24769	größten		
24770	Hofes		
24771	von		
24772	einer		
24773	eingeschlichenen		
24774	Fremden	3727	(mention_id=3687|references=(entity=(entity_id=entity_0002|fullname=Gontrud Hegewald|gender=f)))
24775	ausgestochen		
24776	zu		
24777	werden		
24778	,		
24779	das		
24780	betrachtete		
24781	sie	3728	(mention_id=3688|references=(entity=(entity_id=entity_0022|fullname=Jakobine Steinecker|gender=f)))
24782	als		
24783	einen		
24784	unerträglichen		
24785	Schimpf		
24786	und		
24787	sann		
24788	und		
24789	sann		
24790	,		
24791	was		
24792	sie	3729	(mention_id=3689|references=(entity=(entity_id=entity_0022|fullname=Jakobine Steinecker|gender=f)))
24793	wohl		
24794	tun		
24795	könnte		
24796	,		
24797	sich	3730	(mention_id=3690|references=(entity=(entity_id=entity_0022|fullname=Jakobine Steinecker|gender=f)))
24798	Franzens	3731	(mention_id=3691|references=(entity=(entity_id=entity_0009|fullname=Franz Gersbacher|gender=m)))
24799	Neigung		
24800	zurückzugewinnen		
24801	.		
24802	Da		
24803	fiel		
24804	ihr	3732	(mention_id=3692|references=(entity=(entity_id=entity_0022|fullname=Jakobine Steinecker|gender=f)))
24805	ein		
24806	,		
24807	schon		
24808	öfter		
24809	von		
24810	Liebeszaubern		
24811	und		
24812	Liebestränken		
24813	gehört		
24814	zu		
24815	haben		
24816	,		
24817	die		
24818	selbst		
24819	den		
24820	Kühlsten	3733	
24821	zur		
24822	Leidenschaft		
24823	entflammen		
24824	sollten		
24825	.		
24826	Aber		
24827	wie		
24828	sollte		
24829	sie	3734	(mention_id=3693|references=(entity=(entity_id=entity_0022|fullname=Jakobine Steinecker|gender=f)))
24830	zu		
24831	dergleichen		
24832	Dingen		
24833	,		
24834	von		
24835	deren		
24836	Beschaffenheit		
24837	und		
24838	Herstellung		
24839	sie	3735	(mention_id=3694|references=(entity=(entity_id=entity_0022|fullname=Jakobine Steinecker|gender=f)))
24840	keinen		
24841	Begriff		
24842	hatte		
24843	,		
24844	hier		
24845	in		
24846	Wachenheim		
24847	gelangen		
24848	,		
24849	wo		
24850	es		
24851	eine		
24852	im		
24853	Ruf		
24854	des		
24855	Zaubernkönnens		
24856	stehende		
24857	Hexe	3736	(mention_id=3695|references=(entity=(entity_id=entity_0184|fullname=Hexe|gender=f|specialcase_entity=nonfact)))
24858	nicht		
24859	gab		
24860	?		
24861	Nein		
24862	,		
24863	eine		
24864	Hexe	3737	(mention_id=3696|references=(entity=(entity_id=entity_0184|fullname=Hexe|gender=f|specialcase_entity=nonfact)))
24865	nicht		
24866	,		
24867	aber		
24868	einen		
24869	Hammichel	3738	(mention_id=3697|references=(entity=(entity_id=entity_0015|fullname=Hammichel von Gimmeldingen|gender=m)))
24870	von	3738	(mention_id=3697|references=(entity=(entity_id=entity_0015|fullname=Hammichel von Gimmeldingen|gender=m)))
24871	Gimmeldingen		(mention_id=3697|references=(entity=(entity_id=entity_0015|fullname=Hammichel von Gimmeldingen|gender=m)))
24872	!		
24873	der	3739	(mention_id=3698|references=(entity=(entity_id=entity_0015|fullname=Hammichel von Gimmeldingen|gender=m)))
24874	war		
24875	der		
24876	rechte		
24877	Mann	3740	(mention_id=3699|references=(entity=(entity_id=entity_0015|fullname=Hammichel von Gimmeldingen|gender=m)))
24878	dazu		
24879	.		
24880	Er	3741	(mention_id=3700|references=(entity=(entity_id=entity_0015|fullname=Hammichel von Gimmeldingen|gender=m)))
24881	war		
24882	in		
24883	allerhand		
24884	wunderbaren		
24885	Künsten		
24886	bewandert		
24887	,		
24888	und		
24889	so		
24890	gut		
24891	er	3742	(mention_id=3701|references=(entity=(entity_id=entity_0015|fullname=Hammichel von Gimmeldingen|gender=m)))
24892	dem		
24893	Weine		
24894	nach		
24895	Wunsch		
24896	und		
24897	Belieben		
24898	Gehalt		
24899	und		
24900	Geschmack		
24901	zu		
24902	geben		
24903	wußte		
24904	,		
24905	verstand		
24906	er	3743	(mention_id=3702|references=(entity=(entity_id=entity_0015|fullname=Hammichel von Gimmeldingen|gender=m)))
24907	sich	3744	(mention_id=3703|references=(entity=(entity_id=entity_0015|fullname=Hammichel von Gimmeldingen|gender=m)))
24908	vielleicht		
24909	auch		
24910	darauf		
24911	,		
24912	einen		
24913	kräftig		
24914	anregenden		
24915	Liebestrank		
24916	zu		
24917	brauen		
24918	.		
24919	Ob		
24920	er's	3745	(mention_id=3704|references=(entity=(entity_id=entity_0015|fullname=Hammichel von Gimmeldingen|gender=m)))
24921	aber		
24922	tun		
24923	würde		
24924	?		
24925	Ach		
24926	,		
24927	für		
24928	Geld		
24929	tat		
24930	der		
24931	alte		
24932	Sünder	3746	(mention_id=3705|references=(entity=(entity_id=entity_0015|fullname=Hammichel von Gimmeldingen|gender=m)))
24933	alles		
24934	,		
24935	mischte		
24936	ihr	3747	(mention_id=3706|references=(entity=(entity_id=entity_0022|fullname=Jakobine Steinecker|gender=f)))
24937	am		
24938	Ende		
24939	,		
24940	wenn		
24941	sie's	3748	(mention_id=3707|references=(entity=(entity_id=entity_0022|fullname=Jakobine Steinecker|gender=f)))
24942	verlangte		
24943	und		
24944	bezahlte		
24945	,		
24946	auch		
24947	ein		
24948	feines		
24949	Pülverchen		
24950	,		
24951	das		
24952	,		
24953	nicht		
24954	für		
24955	Franz	3749	(mention_id=3708|references=(entity=(entity_id=entity_0009|fullname=Franz Gersbacher|gender=m)))
24956	bestimmt		
24957	,		
24958	noch		
24959	eine		
24960	ganz		
24961	andere		
24962	Wirkung		
24963	hätte		
24964	als		
24965	Herzensneigung		
24966	zu		
24967	erwecken		
24968	.		
24969	Entschlossen		
24970	trat		
24971	sie	3750	(mention_id=3709|references=(entity=(entity_id=entity_0022|fullname=Jakobine Steinecker|gender=f)))
24972	den		
24973	Gang		
24974	zu		
24975	Hammichels	3751	(mention_id=3710|references=(entity=(entity_id=entity_0015|fullname=Hammichel von Gimmeldingen|gender=m)))
24976	Wohnung		
24977	an		
24978	,		
24979	wo		
24980	sie	3752	(mention_id=3711|references=(entity=(entity_id=entity_0022|fullname=Jakobine Steinecker|gender=f)))
24981	deren		
24982	Inhaber	3753	(mention_id=3712|references=(entity=(entity_id=entity_0015|fullname=Hammichel von Gimmeldingen|gender=m)))
24983	zu		
24984	ihrer	3754	(mention_id=3713|references=(entity=(entity_id=entity_0022|fullname=Jakobine Steinecker|gender=f)))
24985	Freude		
24986	allein		
24987	fand		
24988	und		
24989	mit		
24990	einem		
24991	lüsternen		
24992	Blicke		
24993	die		
24994	Gläser		
24995	,		
24996	Tiegel		
24997	und		
24998	Retorten		
24999	streifte		
25000	,		
25001	die		
25002	dort		
25003	auf		
25004	dem		
25005	Herde		
25006	oder		
25007	in		
25008	langer		
25009	Reihe		
25010	auf		
25011	einem		
25012	Wandbrett		
25013	standen		
25014	.		
25015	»		
25016	Ei		
25017	,		
25018	ei		
25019	!		
25020	das		
25021	schöne		
25022	,		
25023	reiche		
25024	Steineckertöchterchen	3755	(mention_id=3714|references=(entity=(entity_id=entity_0022|fullname=Jakobine Steinecker|gender=f)))
25025	kommt		
25026	zu		
25027	mir	3756	(mention_id=3715|references=(entity=(entity_id=entity_0015|fullname=Hammichel von Gimmeldingen|gender=m)))
25028	armem		
25029	,		
25030	altem		
25031	Krüppel	3757	(mention_id=3716|references=(entity=(entity_id=entity_0015|fullname=Hammichel von Gimmeldingen|gender=m)))
25032	?		
25033	«		
25034	begrüßte		
25035	sie	3758	(mention_id=3717|references=(entity=(entity_id=entity_0022|fullname=Jakobine Steinecker|gender=f)))
25036	der		
25037	Erstaunte	3759	(mention_id=3718|references=(entity=(entity_id=entity_0015|fullname=Hammichel von Gimmeldingen|gender=m)))
25038	.		
25039	»		
25040	Was		
25041	gibt's		
25042	denn		
25043	?		
25044	ist		
25045	der		
25046	Neue	3760	
25047	wieder		
25048	trübe		
25049	geworden		
25050	?		
25051	das		
25052	kann		
25053	doch		
25054	nicht		
25055	sein		
25056	.		
25057	«		
25058	»		
25059	Nein		
25060	,		
25061	der		
25062	Neue	3761	
25063	ist		
25064	nicht		
25065	trübe		
25066	geworden		
25067	,		
25068	Hammichel	3762	(mention_id=3719|references=(entity=(entity_id=entity_0015|fullname=Hammichel von Gimmeldingen|gender=m)))
25069	,		
25070	«		
25071	erwiderte		
25072	Jakobine	3763	(mention_id=3720|references=(entity=(entity_id=entity_0022|fullname=Jakobine Steinecker|gender=f)))
25073	,		
25074	»		
25075	aber		
25076	ich	3764	(mention_id=3721|references=(entity=(entity_id=entity_0022|fullname=Jakobine Steinecker|gender=f)))
25077	bin		
25078	zu		
25079	Tode		
25080	betrübt		
25081	um		
25082	einer		
25083	Sache		
25084	willen		
25085	,		
25086	in		
25087	der		
25088	du	3765	(mention_id=3722|references=(entity=(entity_id=entity_0015|fullname=Hammichel von Gimmeldingen|gender=m)))
25089	mir	3766	(mention_id=3723|references=(entity=(entity_id=entity_0022|fullname=Jakobine Steinecker|gender=f)))
25090	vielleicht		
25091	helfen		
25092	kannst		
25093	,		
25094	wenn		
25095	du	3767	(mention_id=3724|references=(entity=(entity_id=entity_0015|fullname=Hammichel von Gimmeldingen|gender=m)))
25096	willst		
25097	.		
25098	«		
25099	»		
25100	Und		
25101	was		
25102	wäre		
25103	das		
25104	für		
25105	eine		
25106	Sache		
25107	?		
25108	«		
25109	fragte		
25110	der		
25111	Alte	3768	(mention_id=3725|references=(entity=(entity_id=entity_0015|fullname=Hammichel von Gimmeldingen|gender=m)))
25112	,		
25113	sich	3769	(mention_id=3726|references=(entity=(entity_id=entity_0015|fullname=Hammichel von Gimmeldingen|gender=m)))
25114	in		
25115	der		
25116	Hoffnung		
25117	,		
25118	dabei		
25119	einen		
25120	fetten		
25121	Bissen		
25122	erhaschen		
25123	zu		
25124	können		
25125	,		
25126	schon		
25127	die		
25128	Lippen		
25129	leckend		
25130	.		
25131	»		
25132	Ja		
25133	,		
25134	–		
25135	«		
25136	begann		
25137	sie	3770	(mention_id=3727|references=(entity=(entity_id=entity_0022|fullname=Jakobine Steinecker|gender=f)))
25138	nun		
25139	stockend		
25140	,		
25141	»		
25142	ich	3771	(mention_id=3728|references=(entity=(entity_id=entity_0022|fullname=Jakobine Steinecker|gender=f)))
25143	–		
25144	ich	3772	(mention_id=3729|references=(entity=(entity_id=entity_0022|fullname=Jakobine Steinecker|gender=f)))
25145	bin		
25146	mit		
25147	dem		
25148	Franz	3773	(mention_id=3730|references=(entity=(entity_id=entity_0009|fullname=Franz Gersbacher|gender=m)))
25149	in		
25150	Mißstimmigkeit		
25151	geraten		
25152	,		
25153	–		
25154	weiß		
25155	selber		
25156	nicht		
25157	wie		
25158	und		
25159	hab		
25160	keine		
25161	Schuld		
25162	daran		
25163	.		
25164	Er	3774	(mention_id=3731|references=(entity=(entity_id=entity_0009|fullname=Franz Gersbacher|gender=m)))
25165	hat		
25166	sich	3775	(mention_id=3732|references=(entity=(entity_id=entity_0009|fullname=Franz Gersbacher|gender=m)))
25167	ganz		
25168	von		
25169	mir	3776	(mention_id=3733|references=(entity=(entity_id=entity_0022|fullname=Jakobine Steinecker|gender=f)))
25170	abgewandt		
25171	und		
25172	behandelt		
25173	mich	3777	(mention_id=3734|references=(entity=(entity_id=entity_0022|fullname=Jakobine Steinecker|gender=f)))
25174	mordsschlecht		
25175	,		
25176	und		
25177	–		
25178	da		
25179	wollt		
25180	ich	3778	(mention_id=3735|references=(entity=(entity_id=entity_0022|fullname=Jakobine Steinecker|gender=f)))
25181	dich	3779	(mention_id=3736|references=(entity=(entity_id=entity_0015|fullname=Hammichel von Gimmeldingen|gender=m)))
25182	angehen		
25183	,		
25184	ob		
25185	du	3780	(mention_id=3737|references=(entity=(entity_id=entity_0015|fullname=Hammichel von Gimmeldingen|gender=m)))
25186	nicht		
25187	ein		
25188	Mittel		
25189	wüßtest		
25190	,		
25191	wie		
25192	ich	3781	(mention_id=3738|references=(entity=(entity_id=entity_0022|fullname=Jakobine Steinecker|gender=f)))
25193	wieder		
25194	in		
25195	Rück		
25196	und		
25197	Schick		
25198	mit		
25199	ihm	3782	(mention_id=3739|references=(entity=(entity_id=entity_0009|fullname=Franz Gersbacher|gender=m)))
25200	komme		
25201	.		
25202	«		
25203	»		
25204	Aha		
25205	!		
25206	soso		
25207	!		
25208	hm		
25209	!		
25210	«		
25211	machte		
25212	Hammichel	3783	(mention_id=3740|references=(entity=(entity_id=entity_0015|fullname=Hammichel von Gimmeldingen|gender=m)))
25213	und		
25214	rieb		
25215	sich	3784	(mention_id=3741|references=(entity=(entity_id=entity_0015|fullname=Hammichel von Gimmeldingen|gender=m)))
25216	überlegsam		
25217	das		
25218	stoppelige		
25219	Kinn		
25220	,		
25221	–		
25222	»		
25223	wieder		
25224	in		
25225	Rück		
25226	und		
25227	Schick		
25228	mit		
25229	ihm	3785	(mention_id=3742|references=(entity=(entity_id=entity_0009|fullname=Franz Gersbacher|gender=m)))
25230	kommst		
25231	.		
25232	O		
25233	ja		
25234	,		
25235	da		
25236	wüßt		
25237	ich	3786	(mention_id=3743|references=(entity=(entity_id=entity_0015|fullname=Hammichel von Gimmeldingen|gender=m)))
25238	schon		
25239	Rat		
25240	,		
25241	natürlich		
25242	!		
25243	Da		
25244	könnt		
25245	ich	3787	(mention_id=3744|references=(entity=(entity_id=entity_0015|fullname=Hammichel von Gimmeldingen|gender=m)))
25246	dir	3788	(mention_id=3745|references=(entity=(entity_id=entity_0022|fullname=Jakobine Steinecker|gender=f)))
25247	wohl		
25248	helfen		
25249	.		
25250	Was		
25251	meinst		
25252	du	3789	(mention_id=3746|references=(entity=(entity_id=entity_0022|fullname=Jakobine Steinecker|gender=f)))
25253	,		
25254	Jakobinchen	3790	(mention_id=3747|references=(entity=(entity_id=entity_0022|fullname=Jakobine Steinecker|gender=f)))
25255	,		
25256	wenn		
25257	wir	3791	(mention_id=3748|references=(entity=(entity_id=entity_0015|fullname=Hammichel von Gimmeldingen|gender=m)),(entity=(entity_id=entity_0022|fullname=Jakobine Steinecker|gender=f)))
25258	ihm	3792	(mention_id=3749|references=(entity=(entity_id=entity_0009|fullname=Franz Gersbacher|gender=m)))
25259	einen		
25260	Liebestrank		
25261	eingäben		
25262	?		
25263	«		
25264	»		
25265	Ja		
25266	,		
25267	ja		
25268	,		
25269	einen		
25270	Liebestrank		
25271	!		
25272	so		
25273	dacht		
25274	ich's	3793	(mention_id=3750|references=(entity=(entity_id=entity_0022|fullname=Jakobine Steinecker|gender=f)))
25275	mir	3794	(mention_id=3751|references=(entity=(entity_id=entity_0022|fullname=Jakobine Steinecker|gender=f)))
25276	grade		
25277	,		
25278	«		
25279	rief		
25280	das		
25281	Mädchen	3795	(mention_id=3752|references=(entity=(entity_id=entity_0022|fullname=Jakobine Steinecker|gender=f)))
25282	frohlockend		
25283	aus		
25284	.		
25285	»		
25286	Hast		
25287	du	3796	(mention_id=3753|references=(entity=(entity_id=entity_0022|fullname=Jakobine Steinecker|gender=f)))
25288	einen		
25289	?		
25290	«		
25291	»		
25292	Haben		
25293	!		
25294	haben		
25295	!		
25296	etwas		
25297	so		
25298	Kostspieliges		
25299	hält		
25300	man		
25301	sich		
25302	nicht		
25303	auf		
25304	Vorrat		
25305	,		
25306	«		
25307	bedeutete		
25308	sie	3797	(mention_id=3754|references=(entity=(entity_id=entity_0022|fullname=Jakobine Steinecker|gender=f)))
25309	der		
25310	alte		
25311	Schlaufuchs	3798	(mention_id=3755|references=(entity=(entity_id=entity_0015|fullname=Hammichel von Gimmeldingen|gender=m)))
25312	wichtigtuerisch		
25313	.		
25314	»		
25315	Was		
25316	denkst		
25317	du	3799	(mention_id=3756|references=(entity=(entity_id=entity_0022|fullname=Jakobine Steinecker|gender=f)))
25318	denn		
25319	?		
25320	ein		
25321	richtiger		
25322	Liebestrank		
25323	muß		
25324	,		
25325	wenn		
25326	er		
25327	Sukzeß		
25328	haben		
25329	soll		
25330	,		
25331	aus		
25332	vielen		
25333	auserlesenen		
25334	Substanzen		
25335	nach		
25336	verschiedenen		
25337	Rezepten		
25338	fein		
25339	und		
25340	behutsam		
25341	per		
25342	magicas		
25343	artes		
25344	destilliert		
25345	,		
25346	dispensiert		
25347	und		
25348	präpariert		
25349	werden		
25350	.		
25351	«		
25352	Diese		
25353	hochtrabenden		
25354	Ausdrücke		
25355	hatte		
25356	er	3800	(mention_id=3757|references=(entity=(entity_id=entity_0015|fullname=Hammichel von Gimmeldingen|gender=m)))
25357	von		
25358	dem		
25359	verbummelten		
25360	Wandergenossen	3801	(mention_id=3758|references=(entity=(entity_id=entity_0185|fullname=Wandergenosse|gender=m)))
25361	seiner	3802	(mention_id=3759|references=(entity=(entity_id=entity_0015|fullname=Hammichel von Gimmeldingen|gender=m)))
25362	Spielmannsfahrten		
25363	aufgeschnappt		
25364	und		
25365	brachte		
25366	sie		
25367	gern		
25368	an		
25369	,		
25370	um		
25371	aus		
25372	ihnen		
25373	das		
25374	Licht		
25375	seiner	3803	(mention_id=3760|references=(entity=(entity_id=entity_0015|fullname=Hammichel von Gimmeldingen|gender=m)))
25376	geheimen		
25377	Wissenschaften		
25378	leuchten		
25379	zu		
25380	lassen		
25381	.		
25382	»		
25383	Wie		
25384	lange		
25385	Zeit		
25386	gebrauchst		
25387	du	3804	(mention_id=3761|references=(entity=(entity_id=entity_0015|fullname=Hammichel von Gimmeldingen|gender=m)))
25388	,		
25389	mir	3805	(mention_id=3762|references=(entity=(entity_id=entity_0022|fullname=Jakobine Steinecker|gender=f)))
25390	den		
25391	Trank		
25392	zu		
25393	beschaffen		
25394	?		
25395	«		
25396	fragte		
25397	Jakobine	3806	(mention_id=3763|references=(entity=(entity_id=entity_0022|fullname=Jakobine Steinecker|gender=f)))
25398	.		
25399	»		
25400	Eine		
25401	Woche		
25402	mindestens		
25403	,		
25404	«		
25405	erwiderte		
25406	Hammichel	3807	(mention_id=3764|references=(entity=(entity_id=entity_0015|fullname=Hammichel von Gimmeldingen|gender=m)))
25407	.		
25408	»		
25409	Aber		
25410	mein	3808	(mention_id=3765|references=(entity=(entity_id=entity_0015|fullname=Hammichel von Gimmeldingen|gender=m)))
25411	Tausendschönchen		(mention_id=3766|references=(entity=(entity_id=entity_0022|fullname=Jakobine Steinecker|gender=f)))
25412	,		
25413	dazu		
25414	bedarf		
25415	es		
25416	nicht		
25417	allein		
25418	vieler		
25419	Mühe		
25420	und		
25421	Geduld		
25422	,		
25423	sondern		
25424	auch		
25425	seltener		
25426	und		
25427	teurer		
25428	Medikamente		
25429	,		
25430	die		
25431	ich	3809	(mention_id=3767|references=(entity=(entity_id=entity_0015|fullname=Hammichel von Gimmeldingen|gender=m)))
25432	mir	3810	(mention_id=3768|references=(entity=(entity_id=entity_0015|fullname=Hammichel von Gimmeldingen|gender=m)))
25433	erst		
25434	aus		
25435	der		
25436	lateinischen		
25437	Küche		
25438	,		
25439	will		
25440	sagen		
25441	aus		
25442	der		
25443	großen		
25444	Apotheke		
25445	in		
25446	Speyer		
25447	besorgen		
25448	muß		
25449	.		
25450	«		
25451	»		
25452	Geduld		
25453	hab		
25454	ich	3811	(mention_id=3769|references=(entity=(entity_id=entity_0022|fullname=Jakobine Steinecker|gender=f)))
25455	nicht		
25456	viel		
25457	,		
25458	aber		
25459	deine	3812	(mention_id=3770|references=(entity=(entity_id=entity_0015|fullname=Hammichel von Gimmeldingen|gender=m)))
25460	Mühen		
25461	und		
25462	Kosten		
25463	will		
25464	ich	3813	(mention_id=3771|references=(entity=(entity_id=entity_0022|fullname=Jakobine Steinecker|gender=f)))
25465	dir	3814	(mention_id=3772|references=(entity=(entity_id=entity_0015|fullname=Hammichel von Gimmeldingen|gender=m)))
25466	vergüten		
25467	,		
25468	«		
25469	sprach		
25470	Jakobine	3815	(mention_id=3773|references=(entity=(entity_id=entity_0022|fullname=Jakobine Steinecker|gender=f)))
25471	und		
25472	griff		
25473	in		
25474	die		
25475	Tasche		
25476	.		
25477	»		
25478	Hier		
25479	hast		
25480	du	3816	(mention_id=3774|references=(entity=(entity_id=entity_0022|fullname=Jakobine Steinecker|gender=f)))
25481	zehn		
25482	rheinische		
25483	Gulden		
25484	,		
25485	und		
25486	wenn		
25487	dein	3817	(mention_id=3775|references=(entity=(entity_id=entity_0015|fullname=Hammichel von Gimmeldingen|gender=m)))
25488	Mittel		
25489	den		
25490	gewünschten		
25491	Erfolg		
25492	hat		
25493	,		
25494	geb		
25495	ich	3818	(mention_id=3776|references=(entity=(entity_id=entity_0022|fullname=Jakobine Steinecker|gender=f)))
25496	dir	3819	(mention_id=3777|references=(entity=(entity_id=entity_0015|fullname=Hammichel von Gimmeldingen|gender=m)))
25497	noch		
25498	einmal		
25499	so		
25500	viel		
25501	.		
25502	«		
25503	»		
25504	Allen		
25505	Dank		
25506	!		
25507	«		
25508	sagte		
25509	der		
25510	zu		
25511	jedem		
25512	Dienst		
25513	Bereite	3820	(mention_id=3778|references=(entity=(entity_id=entity_0015|fullname=Hammichel von Gimmeldingen|gender=m)))
25514	,		
25515	das		
25516	Geld		
25517	vergnügt		
25518	einsteckend		
25519	,		
25520	»		
25521	ich	3821	(mention_id=3779|references=(entity=(entity_id=entity_0015|fullname=Hammichel von Gimmeldingen|gender=m)))
25522	werde		
25523	keinen		
25524	Fleiß		
25525	sparen		
25526	und		
25527	mein	3822	(mention_id=3780|references=(entity=(entity_id=entity_0015|fullname=Hammichel von Gimmeldingen|gender=m)))
25528	Bestes		
25529	tun		
25530	,		
25531	damit		
25532	du	3823	(mention_id=3781|references=(entity=(entity_id=entity_0022|fullname=Jakobine Steinecker|gender=f)))
25533	auf		
25534	deine	3824	(mention_id=3782|references=(entity=(entity_id=entity_0022|fullname=Jakobine Steinecker|gender=f)))
25535	Rechnung		
25536	kommst		
25537	.		
25538	Sobald		
25539	ich	3825	(mention_id=3783|references=(entity=(entity_id=entity_0015|fullname=Hammichel von Gimmeldingen|gender=m)))
25540	das		
25541	Fluidum		
25542	fertig		
25543	habe		
25544	,		
25545	schick		
25546	ich's	3826	(mention_id=3784|references=(entity=(entity_id=entity_0015|fullname=Hammichel von Gimmeldingen|gender=m)))
25547	dir	3827	(mention_id=3785|references=(entity=(entity_id=entity_0022|fullname=Jakobine Steinecker|gender=f)))
25548	durch		
25549	Kaschper		(mention_id=3786|references=(entity=(entity_id=entity_0006|fullname=Kaspar|gender=m)))
25550	.		
25551	Davon		
25552	gibst		
25553	du	3828	(mention_id=3787|references=(entity=(entity_id=entity_0022|fullname=Jakobine Steinecker|gender=f)))
25554	je		
25555	dreizehn		
25556	Tropfen		
25557	auf		
25558	ein		
25559	Glas		
25560	deinem	3829	(mention_id=3788|references=(entity=(entity_id=entity_0022|fullname=Jakobine Steinecker|gender=f)))
25561	Ungetreuen	3830	(mention_id=3789|references=(entity=(entity_id=entity_0009|fullname=Franz Gersbacher|gender=m)))
25562	in		
25563	Wein		
25564	zu		
25565	trinken		
25566	,		
25567	und		
25568	nimm		
25569	einen		
25570	etwas		
25571	kräftigen		
25572	,		
25573	nicht		
25574	zu		
25575	jungen		
25576	,		
25577	auch		
25578	keinen		
25579	Jungfernwein		
25580	.		
25581	Wenn		
25582	du	3831	(mention_id=3790|references=(entity=(entity_id=entity_0022|fullname=Jakobine Steinecker|gender=f)))
25583	nun		
25584	merkst		
25585	,		
25586	daß		
25587	der		
25588	Trank		
25589	anfängt		
25590	zu		
25591	wirken		
25592	und		
25593	Franz	3832	(mention_id=3791|references=(entity=(entity_id=entity_0009|fullname=Franz Gersbacher|gender=m)))
25594	zärtlich		
25595	und		
25596	zutulich		
25597	wird		
25598	,		
25599	darfst		
25600	du	3833	(mention_id=3792|references=(entity=(entity_id=entity_0022|fullname=Jakobine Steinecker|gender=f)))
25601	nicht		
25602	spröde		
25603	sein		
25604	,		
25605	sondern		
25606	mußt		
25607	ihm	3834	(mention_id=3793|references=(entity=(entity_id=entity_0009|fullname=Franz Gersbacher|gender=m)))
25608	hübsch		
25609	aufmunternd		
25610	entgegenkommen		
25611	,		
25612	verstehst		
25613	du	3835	(mention_id=3794|references=(entity=(entity_id=entity_0022|fullname=Jakobine Steinecker|gender=f)))
25614	?		
25615	«		
25616	»		
25617	O		
25618	daran		
25619	soll's		
25620	nicht		
25621	fehlen		
25622	,		
25623	«		
25624	versicherte		
25625	Jakobine	3836	(mention_id=3795|references=(entity=(entity_id=entity_0022|fullname=Jakobine Steinecker|gender=f)))
25626	mit		
25627	einem		
25628	Lächeln		
25629	,		
25630	das		
25631	schon		
25632	vorausempfundene		
25633	Liebeslust		
25634	verriet		
25635	.		
25636	»		
25637	Nun		
25638	noch		
25639	eine		
25640	Frage		
25641	,		
25642	«		
25643	fing		
25644	Hammichel	3837	(mention_id=3796|references=(entity=(entity_id=entity_0015|fullname=Hammichel von Gimmeldingen|gender=m)))
25645	wieder		
25646	an		
25647	.		
25648	»		
25649	Ist's		
25650	Bürgermeisters		(mention_id=3797|references=(entity=(entity_id=entity_0001|fullname=Christoph Armbruster|gender=m)))
25651	Trudi	3838	(mention_id=3798|references=(entity=(entity_id=entity_0002|fullname=Gontrud Hegewald|gender=f)))
25652	,		
25653	um		
25654	derentwillen	3839	(mention_id=3799|references=(entity=(entity_id=entity_0002|fullname=Gontrud Hegewald|gender=f)))
25655	du	3840	(mention_id=3800|references=(entity=(entity_id=entity_0022|fullname=Jakobine Steinecker|gender=f)))
25656	mit		
25657	Franz	3841	(mention_id=3801|references=(entity=(entity_id=entity_0009|fullname=Franz Gersbacher|gender=m)))
25658	mißstimmig		
25659	geworden		
25660	bist		
25661	?		
25662	«		
25663	»		
25664	Freilich		
25665	!		
25666	Die		
25667	hergelaufene		
25668	Würzburgische	3842	(mention_id=3802|references=(entity=(entity_id=entity_0002|fullname=Gontrud Hegewald|gender=f)))
25669	ist's		
25670	,		
25671	die	3843	(mention_id=3803|references=(entity=(entity_id=entity_0002|fullname=Gontrud Hegewald|gender=f)))
25672	sich	3844	(mention_id=3804|references=(entity=(entity_id=entity_0002|fullname=Gontrud Hegewald|gender=f)))
25673	zwischen		
25674	mich	3845	(mention_id=3805|references=(entity=(entity_id=entity_0022|fullname=Jakobine Steinecker|gender=f)))
25675	und		
25676	ihn	3846	(mention_id=3806|references=(entity=(entity_id=entity_0009|fullname=Franz Gersbacher|gender=m)))
25677	drängt		
25678	,		
25679	«		
25680	zischte		
25681	die		
25682	Eifersüchtige	3847	(mention_id=3807|references=(entity=(entity_id=entity_0022|fullname=Jakobine Steinecker|gender=f)))
25683	.		
25684	»		
25685	Konnt's		
25686	mir	3848	(mention_id=3808|references=(entity=(entity_id=entity_0015|fullname=Hammichel von Gimmeldingen|gender=m)))
25687	denken		
25688	,		
25689	«		
25690	sprach		
25691	Hammichel	3849	(mention_id=3809|references=(entity=(entity_id=entity_0015|fullname=Hammichel von Gimmeldingen|gender=m)))
25692	,		
25693	»		
25694	hab's		
25695	ja		
25696	in		
25697	den		
25698	Spinnstuben		
25699	gesehen		
25700	,		
25701	wie		
25702	er	3850	(mention_id=3810|references=(entity=(entity_id=entity_0009|fullname=Franz Gersbacher|gender=m)))
25703	sie	3851	
25704	charmierte		
25705	.		
25706	Aber		
25707	die	3852	(mention_id=3811|references=(entity=(entity_id=entity_0002|fullname=Gontrud Hegewald|gender=f)))
25708	soll		
25709	dir	3853	(mention_id=3812|references=(entity=(entity_id=entity_0022|fullname=Jakobine Steinecker|gender=f)))
25710	den		
25711	Franz	3854	(mention_id=3813|references=(entity=(entity_id=entity_0009|fullname=Franz Gersbacher|gender=m)))
25712	nicht		
25713	wegfischen		
25714	,		
25715	mein	3855	(mention_id=3814|references=(entity=(entity_id=entity_0015|fullname=Hammichel von Gimmeldingen|gender=m)))
25716	Püppchen	3856	(mention_id=3815|references=(entity=(entity_id=entity_0022|fullname=Jakobine Steinecker|gender=f)))
25717	,		
25718	verlaß		
25719	dich	3857	(mention_id=3816|references=(entity=(entity_id=entity_0022|fullname=Jakobine Steinecker|gender=f)))
25720	auf		
25721	mich	3858	(mention_id=3817|references=(entity=(entity_id=entity_0015|fullname=Hammichel von Gimmeldingen|gender=m)))
25722	!		
25723	«		
25724	Froh		
25725	und		
25726	zufrieden		
25727	ging		
25728	Jakobine	3859	(mention_id=3818|references=(entity=(entity_id=entity_0022|fullname=Jakobine Steinecker|gender=f)))
25729	von		
25730	hinnen		
25731	.		
25732	Als		
25733	sie	3860	(mention_id=3819|references=(entity=(entity_id=entity_0022|fullname=Jakobine Steinecker|gender=f)))
25734	fort		
25735	war		
25736	,		
25737	höhnte		
25738	der		
25739	alte		
25740	Giftmischer	3861	(mention_id=3820|references=(entity=(entity_id=entity_0015|fullname=Hammichel von Gimmeldingen|gender=m)))
25741	ihr	3862	(mention_id=3821|references=(entity=(entity_id=entity_0022|fullname=Jakobine Steinecker|gender=f)))
25742	nach		
25743	:		
25744	»		
25745	Du	3863	(mention_id=3822|references=(entity=(entity_id=entity_0022|fullname=Jakobine Steinecker|gender=f)))
25746	dummes		
25747	Ding	3864	(mention_id=3823|references=(entity=(entity_id=entity_0022|fullname=Jakobine Steinecker|gender=f)))
25748	!		
25749	was		
25750	deine	3865	(mention_id=3824|references=(entity=(entity_id=entity_0022|fullname=Jakobine Steinecker|gender=f)))
25751	blitzenden		
25752	Augen		
25753	und		
25754	lockenden		
25755	Lippen		
25756	nicht		
25757	vermögen		
25758	,		
25759	das		
25760	sollen		
25761	meine	3866	(mention_id=3825|references=(entity=(entity_id=entity_0015|fullname=Hammichel von Gimmeldingen|gender=m)))
25762	Tropfen		
25763	zuwege		
25764	bringen		
25765	?		
25766	Nun		
25767	,		
25768	das		
25769	Blut		
25770	wollen		
25771	wir	3867	(mention_id=3826|references=(entity=(entity_id=entity_0015|fullname=Hammichel von Gimmeldingen|gender=m)),(entity=(entity_id=entity_0022|fullname=Jakobine Steinecker|gender=f)))
25772	dem		
25773	Burschen	3868	(mention_id=3827|references=(entity=(entity_id=entity_0009|fullname=Franz Gersbacher|gender=m)))
25774	wenigstens		
25775	aufrühren		
25776	und		
25777	ihm	3869	(mention_id=3828|references=(entity=(entity_id=entity_0009|fullname=Franz Gersbacher|gender=m)))
25778	ein		
25779	Räuschlein		
25780	eintrichtern		
25781	,		
25782	das		
25783	ihn	3870	(mention_id=3829|references=(entity=(entity_id=entity_0009|fullname=Franz Gersbacher|gender=m)))
25784	kirr		
25785	und		
25786	willig		
25787	macht		
25788	.		
25789	Wenn		
25790	die		
25791	liebestolle		
25792	Närrin	3871	(mention_id=3830|references=(entity=(entity_id=entity_0022|fullname=Jakobine Steinecker|gender=f)))
25793	dann		
25794	ein		
25795	bißchen		
25796	nachhilft		
25797	,		
25798	tut		
25799	er	3872	(mention_id=3831|references=(entity=(entity_id=entity_0009|fullname=Franz Gersbacher|gender=m)))
25800	ihr	3873	(mention_id=3832|references=(entity=(entity_id=entity_0022|fullname=Jakobine Steinecker|gender=f)))
25801	vielleicht		
25802	zu		
25803	Gefallen		
25804	,		
25805	wonach		
25806	sie	3874	(mention_id=3833|references=(entity=(entity_id=entity_0022|fullname=Jakobine Steinecker|gender=f)))
25807	giert		
25808	.		
25809	Dann		
25810	kommt		
25811	er	3875	(mention_id=3834|references=(entity=(entity_id=entity_0009|fullname=Franz Gersbacher|gender=m)))
25812	nicht		
25813	mehr		
25814	los		
25815	von		
25816	ihr	3876	(mention_id=3835|references=(entity=(entity_id=entity_0022|fullname=Jakobine Steinecker|gender=f)))
25817	,		
25818	und		
25819	ich	3877	(mention_id=3836|references=(entity=(entity_id=entity_0015|fullname=Hammichel von Gimmeldingen|gender=m)))
25820	krieg		
25821	meine	3878	(mention_id=3837|references=(entity=(entity_id=entity_0015|fullname=Hammichel von Gimmeldingen|gender=m)))
25822	rheinischen		
25823	Gulden		
25824	,		
25825	hihi		
25826	!		
25827	«		
25828	Es		
25829	war		
25830	Wasser		
25831	auf		
25832	Hammichels	3879	(mention_id=3838|references=(entity=(entity_id=entity_0015|fullname=Hammichel von Gimmeldingen|gender=m)))
25833	Mühle		
25834	,		
25835	denen		
25836	auf		
25837	dem		
25838	Abtshofe		
25839	,		
25840	wo		
25841	man		
25842	sich		
25843	wohl		
25844	schon		
25845	Hoffnung		
25846	auf		
25847	den		
25848	reichen		
25849	Bauernsohn	3880	(mention_id=3839|references=(entity=(entity_id=entity_0009|fullname=Franz Gersbacher|gender=m)))
25850	machte		
25851	,		
25852	einen		
25853	Possen		
25854	spielen		
25855	zu		
25856	können		
25857	,		
25858	und		
25859	er	3881	(mention_id=3840|references=(entity=(entity_id=entity_0015|fullname=Hammichel von Gimmeldingen|gender=m)))
25860	hatte		
25861	Jakobinen	3882	(mention_id=3841|references=(entity=(entity_id=entity_0022|fullname=Jakobine Steinecker|gender=f)))
25862	nicht		
25863	zu		
25864	viel		
25865	versprochen		
25866	,		
25867	als		
25868	er	3883	(mention_id=3842|references=(entity=(entity_id=entity_0015|fullname=Hammichel von Gimmeldingen|gender=m)))
25869	ihr	3884	(mention_id=3843|references=(entity=(entity_id=entity_0022|fullname=Jakobine Steinecker|gender=f)))
25870	gesagt		
25871	hatte		
25872	:		
25873	die		
25874	Trudi	3885	(mention_id=3844|references=(entity=(entity_id=entity_0002|fullname=Gontrud Hegewald|gender=f)))
25875	soll		
25876	dir	3886	(mention_id=3845|references=(entity=(entity_id=entity_0022|fullname=Jakobine Steinecker|gender=f)))
25877	den		
25878	Franz	3887	(mention_id=3846|references=(entity=(entity_id=entity_0009|fullname=Franz Gersbacher|gender=m)))
25879	nicht		
25880	wegfischen		
25881	,		
25882	dafür		
25883	laß		
25884	mich	3888	(mention_id=3847|references=(entity=(entity_id=entity_0015|fullname=Hammichel von Gimmeldingen|gender=m)))
25885	sorgen		
25886	!		
25887	Er	3889	(mention_id=3848|references=(entity=(entity_id=entity_0015|fullname=Hammichel von Gimmeldingen|gender=m)))
25888	hätte		
25889	ihr	3890	(mention_id=3849|references=(entity=(entity_id=entity_0022|fullname=Jakobine Steinecker|gender=f)))
25890	ja		
25891	mit		
25892	wenig		
25893	Worten		
25894	einen		
25895	schlagenden		
25896	Beweis		
25897	für		
25898	die		
25899	Unmöglichkeit		
25900	dieser		
25901	Verbindung		
25902	geben		
25903	können		
25904	,		
25905	wenn		
25906	er	3891	(mention_id=3850|references=(entity=(entity_id=entity_0015|fullname=Hammichel von Gimmeldingen|gender=m)))
25907	sie	3892	(mention_id=3851|references=(entity=(entity_id=entity_0022|fullname=Jakobine Steinecker|gender=f)))
25908	in		
25909	das		
25910	Wildfangrecht		
25911	eingeweiht		
25912	hätte		
25913	,		
25914	denn		
25915	daß		
25916	sich	3893	(mention_id=3852|references=(entity=(entity_id=entity_0009|fullname=Franz Gersbacher|gender=m)))
25917	der		
25918	protzige		
25919	Gersbacher	3894	(mention_id=3853|references=(entity=(entity_id=entity_0012|fullname=Florian Gersbacher|gender=m)))
25920	eine		
25921	Hörige	3895	(mention_id=3854|references=(entity=(entity_id=entity_0002|fullname=Gontrud Hegewald|gender=f)))
25922	als		
25923	Schwiegertochter	3896	(mention_id=3855|references=(entity=(entity_id=entity_0002|fullname=Gontrud Hegewald|gender=f)))
25924	gefallen		
25925	ließe		
25926	,		
25927	war		
25928	ganz		
25929	undenkbar		
25930	.		
25931	Aber		
25932	diesen		
25933	Trumpf		
25934	wollte		
25935	er	3897	(mention_id=3856|references=(entity=(entity_id=entity_0015|fullname=Hammichel von Gimmeldingen|gender=m)))
25936	für		
25937	den		
25938	besten		
25939	Stich		
25940	im		
25941	Spiel		
25942	noch		
25943	in		
25944	der		
25945	Hand		
25946	behalten		
25947	.		
25948	Vorerst		
25949	wollte		
25950	er	3898	(mention_id=3857|references=(entity=(entity_id=entity_0015|fullname=Hammichel von Gimmeldingen|gender=m)))
25951	die		
25952	leichtgläubige		
25953	Jakobine	3899	(mention_id=3858|references=(entity=(entity_id=entity_0022|fullname=Jakobine Steinecker|gender=f)))
25954	bei		
25955	dem		
25956	Handel		
25957	mit		
25958	dem		
25959	Liebestranke		
25960	schröpfen		
25961	;		
25962	genügte		
25963	der		
25964	erste		
25965	nicht		
25966	,		
25967	so		
25968	würde		
25969	er	3900	(mention_id=3859|references=(entity=(entity_id=entity_0015|fullname=Hammichel von Gimmeldingen|gender=m)))
25970	einen		
25971	zweiten		
25972	und		
25973	dritten		
25974	brauen		
25975	und		
25976	sich	3901	(mention_id=3860|references=(entity=(entity_id=entity_0015|fullname=Hammichel von Gimmeldingen|gender=m)))
25977	immer		
25978	höher		
25979	von		
25980	ihr	3902	(mention_id=3861|references=(entity=(entity_id=entity_0022|fullname=Jakobine Steinecker|gender=f)))
25981	bezahlen		
25982	lassen		
25983	.		
25984	Nach		
25985	Speyer		
25986	brauchte		
25987	er	3903	(mention_id=3862|references=(entity=(entity_id=entity_0015|fullname=Hammichel von Gimmeldingen|gender=m)))
25988	deshalb		
25989	nicht		
25990	zu		
25991	wandern		
25992	.		
25993	Später		
25994	wollte		
25995	er	3904	(mention_id=3863|references=(entity=(entity_id=entity_0015|fullname=Hammichel von Gimmeldingen|gender=m)))
25996	ihr	3905	(mention_id=3864|references=(entity=(entity_id=entity_0022|fullname=Jakobine Steinecker|gender=f)))
25997	aber		
25998	auch		
25999	das		
26000	aus		
26001	dem		
26002	Wildfangrecht		
26003	herzuleitende		
26004	Ehehindernis		
26005	als		
26006	eine		
26007	von		
26008	ihm	3906	(mention_id=3865|references=(entity=(entity_id=entity_0015|fullname=Hammichel von Gimmeldingen|gender=m)))
26009	gemachte		
26010	Entdeckung		
26011	hinstellen		
26012	und		
26013	seinen	3907	(mention_id=3866|references=(entity=(entity_id=entity_0015|fullname=Hammichel von Gimmeldingen|gender=m)))
26014	Lohn		
26015	dafür		
26016	fordern		
26017	.		
26018	Bis		
26019	jetzt		
26020	war		
26021	er	3908	(mention_id=3867|references=(entity=(entity_id=entity_0015|fullname=Hammichel von Gimmeldingen|gender=m)))
26022	der		
26023	einzige		(mention_id=3868|references=(entity=(entity_id=entity_0015|fullname=Hammichel von Gimmeldingen|gender=m)))
26024	in		
26025	Wachenheim		
26026	,		
26027	der	3909	(mention_id=3869|references=(entity=(entity_id=entity_0015|fullname=Hammichel von Gimmeldingen|gender=m)))
26028	von		
26029	der		
26030	bevorstehenden		
26031	Wiedereinführung		
26032	dieser		
26033	pfalzgräflichen		
26034	Gerechtsame		
26035	wußte		
26036	,		
26037	und		
26038	er	3910	(mention_id=3870|references=(entity=(entity_id=entity_0015|fullname=Hammichel von Gimmeldingen|gender=m)))
26039	hütete		
26040	sich	3911	(mention_id=3871|references=(entity=(entity_id=entity_0015|fullname=Hammichel von Gimmeldingen|gender=m)))
26041	wohlweislich		
26042	,		
26043	seine	3912	(mention_id=3872|references=(entity=(entity_id=entity_0015|fullname=Hammichel von Gimmeldingen|gender=m)))
26044	Kenntnis		
26045	davon		
26046	voreilig		
26047	auszuplaudern		
26048	.		
26049	Mit		
26050	der		
26051	Drohung		
26052	,		
26053	dies		
26054	zu		
26055	tun		
26056	,		
26057	hielt		
26058	er	3913	(mention_id=3873|references=(entity=(entity_id=entity_0015|fullname=Hammichel von Gimmeldingen|gender=m)))
26059	den		
26060	Bürgermeister	3914	(mention_id=3874|references=(entity=(entity_id=entity_0001|fullname=Christoph Armbruster|gender=m)))
26061	am		
26062	Bändel		
26063	und		
26064	konnte		
26065	ihm	3915	(mention_id=3875|references=(entity=(entity_id=entity_0001|fullname=Christoph Armbruster|gender=m)))
26066	vielleicht		
26067	doch		
26068	noch		
26069	ein		
26070	Schweigegeld		
26071	abpressen		
26072	,		
26073	ehe		
26074	der		
26075	ergangene		
26076	Befehl		
26077	öffentlich		
26078	bekannt		
26079	gegeben		
26080	wurde		
26081	.		
26082	–		
26083	Franz	3916	(mention_id=3876|references=(entity=(entity_id=entity_0009|fullname=Franz Gersbacher|gender=m)))
26084	Gersbacher	3916	(mention_id=3876|references=(entity=(entity_id=entity_0009|fullname=Franz Gersbacher|gender=m)))
26085	wunderte		
26086	sich	3917	(mention_id=3877|references=(entity=(entity_id=entity_0009|fullname=Franz Gersbacher|gender=m)))
26087	nicht		
26088	wenig		
26089	,		
26090	als		
26091	ihn	3918	(mention_id=3878|references=(entity=(entity_id=entity_0009|fullname=Franz Gersbacher|gender=m)))
26092	Wilm	3919	(mention_id=3879|references=(entity=(entity_id=entity_0024|fullname=Wilm Steinecker|gender=m)))
26093	Steinecker	3919	(mention_id=3879|references=(entity=(entity_id=entity_0024|fullname=Wilm Steinecker|gender=m)))
26094	eines		
26095	Tages		
26096	bei		
26097	seiner	3920	(mention_id=3880|references=(entity=(entity_id=entity_0024|fullname=Wilm Steinecker|gender=m)))
26098	Arbeit		
26099	im		
26100	Weinberg		
26101	aufsuchte		
26102	und		
26103	ihm	3921	(mention_id=3881|references=(entity=(entity_id=entity_0009|fullname=Franz Gersbacher|gender=m)))
26104	sagte		
26105	,		
26106	er	3922	(mention_id=3882|references=(entity=(entity_id=entity_0024|fullname=Wilm Steinecker|gender=m)))
26107	käme		
26108	im		
26109	Auftrage		
26110	seiner	3923	(mention_id=3883|references=(entity=(entity_id=entity_0024|fullname=Wilm Steinecker|gender=m)))
26111	Schwester	3924	(mention_id=3884|references=(entity=(entity_id=entity_0022|fullname=Jakobine Steinecker|gender=f)))
26112	,		
26113	die	3925	(mention_id=3885|references=(entity=(entity_id=entity_0022|fullname=Jakobine Steinecker|gender=f)))
26114	ihn	3926	(mention_id=3886|references=(entity=(entity_id=entity_0024|fullname=Wilm Steinecker|gender=m)))
26115	um		
26116	eine		
26117	Unterredung		
26118	bitten		
26119	ließe		
26120	.		
26121	Dieses		
26122	seltsame		
26123	Anliegen		
26124	machte		
26125	Franz	3927	(mention_id=3887|references=(entity=(entity_id=entity_0009|fullname=Franz Gersbacher|gender=m)))
26126	stutzig		
26127	,		
26128	und		
26129	er	3928	(mention_id=3888|references=(entity=(entity_id=entity_0009|fullname=Franz Gersbacher|gender=m)))
26130	wußte		
26131	im		
26132	Augenblick		
26133	nicht		
26134	gleich		
26135	,		
26136	was		
26137	er	3929	(mention_id=3889|references=(entity=(entity_id=entity_0009|fullname=Franz Gersbacher|gender=m)))
26138	darauf		
26139	erwidern		
26140	sollte		
26141	.		
26142	»		
26143	Was		
26144	will		
26145	Jakobine	3930	(mention_id=3890|references=(entity=(entity_id=entity_0022|fullname=Jakobine Steinecker|gender=f)))
26146	von		
26147	mir	3931	(mention_id=3891|references=(entity=(entity_id=entity_0009|fullname=Franz Gersbacher|gender=m)))
26148	?		
26149	«		
26150	fragte		
26151	er	3932	(mention_id=3892|references=(entity=(entity_id=entity_0009|fullname=Franz Gersbacher|gender=m)))
26152	mürrisch		
26153	.		
26154	»		
26155	Sie	3933	(mention_id=3893|references=(entity=(entity_id=entity_0022|fullname=Jakobine Steinecker|gender=f)))
26156	will		
26157	sich	3934	(mention_id=3894|references=(entity=(entity_id=entity_0022|fullname=Jakobine Steinecker|gender=f)))
26158	mit		
26159	dir	3935	(mention_id=3895|references=(entity=(entity_id=entity_0009|fullname=Franz Gersbacher|gender=m)))
26160	über		
26161	das		
26162	Zerwürfnis		
26163	aussprechen		
26164	,		
26165	das		
26166	zwischen		
26167	euch	3936	(mention_id=3896|references=(entity=(entity_id=entity_0009|fullname=Franz Gersbacher|gender=m)),(entity=(entity_id=entity_0022|fullname=Jakobine Steinecker|gender=f)))
26168	eingetreten		
26169	ist		
26170	und		
26171	zu		
26172	dem		
26173	sie	3937	(mention_id=3897|references=(entity=(entity_id=entity_0022|fullname=Jakobine Steinecker|gender=f)))
26174	keine		
26175	Ursach		
26176	finden		
26177	kann		
26178	,		
26179	«		
26180	erklärte		
26181	ihm	3938	(mention_id=3898|references=(entity=(entity_id=entity_0009|fullname=Franz Gersbacher|gender=m)))
26182	Wilm	3939	(mention_id=3899|references=(entity=(entity_id=entity_0024|fullname=Wilm Steinecker|gender=m)))
26183	.		
26184	»		
26185	Ich	3940	(mention_id=3900|references=(entity=(entity_id=entity_0009|fullname=Franz Gersbacher|gender=m)))
26186	weiß		
26187	von		
26188	keinem		
26189	Zerwürfnis		
26190	,		
26191	«		
26192	entgegnete		
26193	Franz	3941	(mention_id=3901|references=(entity=(entity_id=entity_0009|fullname=Franz Gersbacher|gender=m)))
26194	,		
26195	»		
26196	wir	3942	(mention_id=3902|references=(entity=(entity_id=entity_0009|fullname=Franz Gersbacher|gender=m)),(entity=(entity_id=entity_0022|fullname=Jakobine Steinecker|gender=f)))
26197	haben		
26198	keinen		
26199	Streit		
26200	miteinander		
26201	gehabt		
26202	.		
26203	«		
26204	»		
26205	Sie	3943	(mention_id=3903|references=(entity=(entity_id=entity_0022|fullname=Jakobine Steinecker|gender=f)))
26206	grämt		
26207	sich	3944	(mention_id=3904|references=(entity=(entity_id=entity_0022|fullname=Jakobine Steinecker|gender=f)))
26208	und		
26209	behauptet		
26210	,		
26211	du	3945	(mention_id=3905|references=(entity=(entity_id=entity_0009|fullname=Franz Gersbacher|gender=m)))
26212	wärest		
26213	seit		
26214	dem		
26215	Winter		
26216	so		
26217	kurios		
26218	gegen		
26219	sie	3946	(mention_id=3906|references=(entity=(entity_id=entity_0022|fullname=Jakobine Steinecker|gender=f)))
26220	,		
26221	behandelst		
26222	sie	3947	(mention_id=3907|references=(entity=(entity_id=entity_0022|fullname=Jakobine Steinecker|gender=f)))
26223	geringschätzig		
26224	und		
26225	wegwerfend		
26226	,		
26227	«		
26228	sprach		
26229	Wilm	3948	(mention_id=3908|references=(entity=(entity_id=entity_0024|fullname=Wilm Steinecker|gender=m)))
26230	.		
26231	»		
26232	Ich	3949	(mention_id=3909|references=(entity=(entity_id=entity_0009|fullname=Franz Gersbacher|gender=m)))
26233	bin		
26234	nicht		
26235	anders		
26236	gegen		
26237	sie	3950	(mention_id=3910|references=(entity=(entity_id=entity_0022|fullname=Jakobine Steinecker|gender=f)))
26238	als		
26239	gegen		
26240	alle		
26241	Mädchen	3951	(mention_id=3911|references=(entity=(entity_id=generic_0238|fullname=generic_0043|gender=u|specialcase_entity=generic)))
26242	.		
26243	«		
26244	»		
26245	Nun		
26246	,		
26247	eine		
26248	Ausnahme		
26249	wirst		
26250	du	3952	(mention_id=3912|references=(entity=(entity_id=entity_0009|fullname=Franz Gersbacher|gender=m)))
26251	wohl		
26252	gelten		
26253	lassen		
26254	müssen		
26255	,		
26256	«		
26257	bemerkte		
26258	Wilm	3953	(mention_id=3913|references=(entity=(entity_id=entity_0024|fullname=Wilm Steinecker|gender=m)))
26259	mit		
26260	besonderem		
26261	Nachdruck		
26262	.		
26263	Franz	3954	(mention_id=3914|references=(entity=(entity_id=entity_0009|fullname=Franz Gersbacher|gender=m)))
26264	hob		
26265	die		
26266	Schultern		
26267	und		
26268	gab		
26269	auf		
26270	diese		
26271	Anspielung		
26272	keine		
26273	Antwort		
26274	.		
26275	»		
26276	Du	3955	(mention_id=3915|references=(entity=(entity_id=entity_0009|fullname=Franz Gersbacher|gender=m)))
26277	kannst		
26278	es		
26279	meiner	3956	(mention_id=3916|references=(entity=(entity_id=entity_0024|fullname=Wilm Steinecker|gender=m)))
26280	Schwester	3957	(mention_id=3917|references=(entity=(entity_id=entity_0022|fullname=Jakobine Steinecker|gender=f)))
26281	nicht		
26282	verdenken		
26283	,		
26284	daß		
26285	sie	3958	(mention_id=3918|references=(entity=(entity_id=entity_0022|fullname=Jakobine Steinecker|gender=f)))
26286	wissen		
26287	will		
26288	,		
26289	wie		
26290	sie	3959	(mention_id=3919|references=(entity=(entity_id=entity_0022|fullname=Jakobine Steinecker|gender=f)))
26291	mit		
26292	dir	3960	(mention_id=3920|references=(entity=(entity_id=entity_0009|fullname=Franz Gersbacher|gender=m)))
26293	dran		
26294	ist		
26295	,		
26296	«		
26297	fuhr		
26298	Wilm	3961	(mention_id=3921|references=(entity=(entity_id=entity_0024|fullname=Wilm Steinecker|gender=m)))
26299	noch		
26300	entschiedener		
26301	fort		
26302	.		
26303	»		
26304	Welchen		
26305	Zweck		
26306	soll		
26307	das		
26308	haben		
26309	?		
26310	«		
26311	»		
26312	Welchen		
26313	Zweck		
26314	?		
26315	«		
26316	–		
26317	In		
26318	Wilms	3962	(mention_id=3922|references=(entity=(entity_id=entity_0024|fullname=Wilm Steinecker|gender=m)))
26319	dunklen		
26320	Augen		
26321	wetterleuchtete		
26322	es		
26323	,		
26324	aber		
26325	er	3963	(mention_id=3923|references=(entity=(entity_id=entity_0024|fullname=Wilm Steinecker|gender=m)))
26326	hielt		
26327	an		
26328	sich	3964	(mention_id=3924|references=(entity=(entity_id=entity_0024|fullname=Wilm Steinecker|gender=m)))
26329	und		
26330	schlug		
26331	einen		
26332	sanfteren		
26333	Ton		
26334	an		
26335	.		
26336	»		
26337	Franz	3965	(mention_id=3925|references=(entity=(entity_id=entity_0009|fullname=Franz Gersbacher|gender=m)))
26338	,		
26339	das		
26340	Mädchen	3966	(mention_id=3926|references=(entity=(entity_id=entity_0022|fullname=Jakobine Steinecker|gender=f)))
26341	hat		
26342	dir	3967	(mention_id=3927|references=(entity=(entity_id=entity_0009|fullname=Franz Gersbacher|gender=m)))
26343	nichts		
26344	zuleide		
26345	getan		
26346	;		
26347	warum		
26348	willst		
26349	du	3968	(mention_id=3928|references=(entity=(entity_id=entity_0009|fullname=Franz Gersbacher|gender=m)))
26350	ihr	3969	(mention_id=3929|references=(entity=(entity_id=entity_0022|fullname=Jakobine Steinecker|gender=f)))
26351	die		
26352	Bitte		
26353	verweigern		
26354	?		
26355	Jakobine	3970	(mention_id=3930|references=(entity=(entity_id=entity_0022|fullname=Jakobine Steinecker|gender=f)))
26356	legt		
26357	großen		
26358	Wert		
26359	darauf		
26360	,		
26361	sich	3971	(mention_id=3931|references=(entity=(entity_id=entity_0022|fullname=Jakobine Steinecker|gender=f)))
26362	mit		
26363	dir	3972	(mention_id=3932|references=(entity=(entity_id=entity_0009|fullname=Franz Gersbacher|gender=m)))
26364	zu		
26365	verständigen		
26366	.		
26367	Also		
26368	komm		
26369	,		
26370	sprecht		
26371	euch	3973	(mention_id=3933|references=(entity=(entity_id=entity_0009|fullname=Franz Gersbacher|gender=m)),(entity=(entity_id=entity_0022|fullname=Jakobine Steinecker|gender=f)))
26372	aus		
26373	und		
26374	einigt		
26375	euch	3974	(mention_id=3934|references=(entity=(entity_id=entity_0009|fullname=Franz Gersbacher|gender=m)),(entity=(entity_id=entity_0022|fullname=Jakobine Steinecker|gender=f)))
26376	!		
26377	Das		
26378	wird		
26379	nicht		
26380	allzuschwer		
26381	halten		
26382	,		
26383	wenn		
26384	der		
26385	gute		
26386	Wille		
26387	dazu		
26388	vorhanden		
26389	ist		
26390	.		
26391	«		
26392	Franz	3975	(mention_id=3935|references=(entity=(entity_id=entity_0009|fullname=Franz Gersbacher|gender=m)))
26393	sah		
26394	ein		
26395	,		
26396	daß		
26397	ihm	3976	(mention_id=3936|references=(entity=(entity_id=entity_0009|fullname=Franz Gersbacher|gender=m)))
26398	hier		
26399	kein		
26400	Sträuben		
26401	und		
26402	kein		
26403	Vorwand		
26404	zu		
26405	einer		
26406	rund		
26407	abschlägigen		
26408	Antwort		
26409	half		
26410	,		
26411	und		
26412	wenn		
26413	er	3977	(mention_id=3937|references=(entity=(entity_id=entity_0009|fullname=Franz Gersbacher|gender=m)))
26414	denn		
26415	um		
26416	eine		
26417	Auseinandersetzung		
26418	mit		
26419	Jakobine	3978	(mention_id=3938|references=(entity=(entity_id=entity_0022|fullname=Jakobine Steinecker|gender=f)))
26420	nicht		
26421	herumkommen		
26422	sollte		
26423	,		
26424	so		
26425	mochte		
26426	sie		
26427	auch		
26428	je		
26429	eher		
26430	je		
26431	lieber		
26432	stattfinden		
26433	,		
26434	damit		
26435	er	3979	(mention_id=3939|references=(entity=(entity_id=entity_0009|fullname=Franz Gersbacher|gender=m)))
26436	die		
26437	peinliche		
26438	Erörterung		
26439	so		
26440	bald		
26441	wie		
26442	möglich		
26443	hinter		
26444	sich	3980	(mention_id=3940|references=(entity=(entity_id=entity_0009|fullname=Franz Gersbacher|gender=m)))
26445	hatte		
26446	.		
26447	»		
26448	Wann		
26449	will		
26450	sie	3981	(mention_id=3941|references=(entity=(entity_id=entity_0022|fullname=Jakobine Steinecker|gender=f)))
26451	mich	3982	(mention_id=3942|references=(entity=(entity_id=entity_0009|fullname=Franz Gersbacher|gender=m)))
26452	sprechen		
26453	?		
26454	«		
26455	fragte		
26456	er	3983	(mention_id=3943|references=(entity=(entity_id=entity_0009|fullname=Franz Gersbacher|gender=m)))
26457	trocken		
26458	.		
26459	»		
26460	Heut		
26461	abend		
26462	,		
26463	morgen		
26464	abend		
26465	,		
26466	wann's		
26467	dir	3984	(mention_id=3944|references=(entity=(entity_id=entity_0009|fullname=Franz Gersbacher|gender=m)))
26468	paßt		
26469	.		
26470	«		
26471	»		
26472	Wo		
26473	?		
26474	«		
26475	»		
26476	In		
26477	unserm	3985	(mention_id=3945|references=(entity=(entity_id=entity_0026|fullname=Familie Steinecker|gender=mf|members=entity_0022,entity_0023,entity_0024,entity_0025|all_members_given=True|specialcase_entity=group)))
26478	Garten		
26479	in		
26480	der		
26481	Laube		
26482	,		
26483	da		
26484	seid		
26485	ihr	3986	(mention_id=3946|references=(entity=(entity_id=entity_0009|fullname=Franz Gersbacher|gender=m)),(entity=(entity_id=entity_0022|fullname=Jakobine Steinecker|gender=f)))
26486	ganz		
26487	allein		
26488	,		
26489	niemand		
26490	hört		
26491	und		
26492	stört		
26493	euch	3987	(mention_id=3947|references=(entity=(entity_id=entity_0009|fullname=Franz Gersbacher|gender=m)),(entity=(entity_id=entity_0022|fullname=Jakobine Steinecker|gender=f)))
26494	.		
26495	«		
26496	»		
26497	So		
26498	komm		
26499	ich	3988	(mention_id=3948|references=(entity=(entity_id=entity_0009|fullname=Franz Gersbacher|gender=m)))
26500	heut		
26501	,		
26502	eine		
26503	Stunde		
26504	nach		
26505	Feierabend		
26506	.		
26507	«		
26508	»		
26509	Gut		
26510	!		
26511	die		
26512	Botschaft		
26513	wird		
26514	Jakobine	3989	(mention_id=3949|references=(entity=(entity_id=entity_0022|fullname=Jakobine Steinecker|gender=f)))
26515	freuen		
26516	.		
26517	Soll		
26518	ich	3990	(mention_id=3950|references=(entity=(entity_id=entity_0024|fullname=Wilm Steinecker|gender=m)))
26519	ihr	3991	(mention_id=3951|references=(entity=(entity_id=entity_0022|fullname=Jakobine Steinecker|gender=f)))
26520	deinen	3992	(mention_id=3952|references=(entity=(entity_id=entity_0009|fullname=Franz Gersbacher|gender=m)))
26521	Gruß		
26522	bestellen		
26523	?		
26524	«		
26525	»		
26526	Meinetwegen		
26527	!		
26528	«		
26529	brummte		
26530	Franz.	3993	
26531	Wilm	3994	(mention_id=3953|references=(entity=(entity_id=entity_0024|fullname=Wilm Steinecker|gender=m)))
26532	,		
26533	schon		
26534	im		
26535	Begriff		
26536	zu		
26537	gehen		
26538	,		
26539	machte		
26540	eine		
26541	rasche		
26542	Bewegung		
26543	,		
26544	als		
26545	ob		
26546	er	3995	(mention_id=3954|references=(entity=(entity_id=entity_0024|fullname=Wilm Steinecker|gender=m)))
26547	noch		
26548	etwas		
26549	sagen		
26550	wollte		
26551	,		
26552	was		
26553	dem		
26554	Ausdruck		
26555	seines	3996	(mention_id=3955|references=(entity=(entity_id=entity_0024|fullname=Wilm Steinecker|gender=m)))
26556	Gesichtes		
26557	nach		
26558	nichts		
26559	Freundschaftliches		
26560	war		
26561	.		
26562	Aber		
26563	er	3997	(mention_id=3956|references=(entity=(entity_id=entity_0024|fullname=Wilm Steinecker|gender=m)))
26564	reichte		
26565	Franz	3998	(mention_id=3957|references=(entity=(entity_id=entity_0009|fullname=Franz Gersbacher|gender=m)))
26566	die		
26567	Hand		
26568	und		
26569	sprach		
26570	:		
26571	»		
26572	Gehab		
26573	dich	3999	(mention_id=3958|references=(entity=(entity_id=entity_0009|fullname=Franz Gersbacher|gender=m)))
26574	wohl		
26575	!		
26576	«		
26577	»		
26578	Danke		
26579	!		
26580	gleichfalls		
26581	!		
26582	«		
26583	Franz	4000	(mention_id=3959|references=(entity=(entity_id=entity_0009|fullname=Franz Gersbacher|gender=m)))
26584	schaute		
26585	dem		
26586	Dahinschreitenden		(mention_id=3960|references=(entity=(entity_id=entity_0024|fullname=Wilm Steinecker|gender=m)))
26587	verdrossen		
26588	nach		
26589	.		
26590	Wie		
26591	wird		
26592	sich		
26593	das		
26594	abspielen		
26595	?		
26596	dachte		
26597	er	4001	(mention_id=3961|references=(entity=(entity_id=entity_0009|fullname=Franz Gersbacher|gender=m)))
26598	.		
26599	Was		
26600	will		
26601	sie	4002	(mention_id=3962|references=(entity=(entity_id=entity_0022|fullname=Jakobine Steinecker|gender=f)))
26602	von		
26603	mir	4003	(mention_id=3963|references=(entity=(entity_id=entity_0009|fullname=Franz Gersbacher|gender=m)))
26604	?		
26605	mir	4004	(mention_id=3964|references=(entity=(entity_id=entity_0009|fullname=Franz Gersbacher|gender=m)))
26606	Vorwürfe		
26607	machen		
26608	wegen		
26609	Trudi	4005	(mention_id=3965|references=(entity=(entity_id=entity_0002|fullname=Gontrud Hegewald|gender=f)))
26610	?		
26611	Dazu		
26612	hat		
26613	sie	4006	(mention_id=3966|references=(entity=(entity_id=entity_0022|fullname=Jakobine Steinecker|gender=f)))
26614	kein		
26615	Recht		
26616	.		
26617	Ich	4007	(mention_id=3967|references=(entity=(entity_id=entity_0009|fullname=Franz Gersbacher|gender=m)))
26618	habe		
26619	mich	4008	(mention_id=3968|references=(entity=(entity_id=entity_0009|fullname=Franz Gersbacher|gender=m)))
26620	ihr	4009	(mention_id=3969|references=(entity=(entity_id=entity_0022|fullname=Jakobine Steinecker|gender=f)))
26621	mit		
26622	keinem		
26623	Worte		
26624	verpflichtet		
26625	,		
26626	habe		
26627	mit		
26628	ihr	4010	(mention_id=3970|references=(entity=(entity_id=entity_0022|fullname=Jakobine Steinecker|gender=f)))
26629	getändelt		
26630	wie		
26631	andere		
26632	Burschen	4011	(mention_id=3971|references=(entity=(entity_id=generic_0239|fullname=generic_0044|gender=u|specialcase_entity=generic)))
26633	mit		
26634	anderen		
26635	Mädchen	4012	(mention_id=3972|references=(entity=(entity_id=generic_0240|fullname=generic_0045|gender=u|specialcase_entity=generic)))
26636	auch		
26637	,		
26638	und		
26639	nun		
26640	hängt		
26641	sie	4013	(mention_id=3973|references=(entity=(entity_id=entity_0022|fullname=Jakobine Steinecker|gender=f)))
26642	sich	4014	(mention_id=3974|references=(entity=(entity_id=entity_0022|fullname=Jakobine Steinecker|gender=f)))
26643	an		
26644	mich	4015	(mention_id=3975|references=(entity=(entity_id=entity_0009|fullname=Franz Gersbacher|gender=m)))
26645	wie		
26646	eine		
26647	Klette	4016	(mention_id=3976|references=(entity=(entity_id=entity_0022|fullname=Jakobine Steinecker|gender=f)))
26648	.		
26649	Das		
26650	wird		
26651	eine		
26652	liebliche		
26653	Aussprache		
26654	werden		
26655	!		
26656	Fast		
26657	reute		
26658	ihn	4017	(mention_id=3977|references=(entity=(entity_id=entity_0009|fullname=Franz Gersbacher|gender=m)))
26659	seine	4018	(mention_id=3978|references=(entity=(entity_id=entity_0009|fullname=Franz Gersbacher|gender=m)))
26660	Einwilligung		
26661	zu		
26662	dem		
26663	Stelldichein		
26664	.		
26665	Aber		
26666	dann		
26667	sagte		
26668	er	4019	(mention_id=3979|references=(entity=(entity_id=entity_0009|fullname=Franz Gersbacher|gender=m)))
26669	sich	4020	(mention_id=3980|references=(entity=(entity_id=entity_0009|fullname=Franz Gersbacher|gender=m)))
26670	wieder		
26671	:		
26672	so		
26673	kann's		
26674	nicht		
26675	weitergehen		
26676	,		
26677	einmal		
26678	muß		
26679	es		
26680	doch		
26681	zum		
26682	Klappen		
26683	kommen		
26684	,		
26685	also		
26686	die		
26687	Zähne		
26688	zusammengebissen		
26689	und		
26690	durch		
26691	!		
26692	damit		
26693	die		
26694	Geschichte		
26695	ein		
26696	Ende		
26697	hat		
26698	.		
26699	Ich	4021	(mention_id=3981|references=(entity=(entity_id=entity_0009|fullname=Franz Gersbacher|gender=m)))
26700	will		
26701	Trudi	4022	(mention_id=3982|references=(entity=(entity_id=entity_0002|fullname=Gontrud Hegewald|gender=f)))
26702	frei		
26703	gegenüberstehen		
26704	;		
26705	die	4023	(mention_id=3983|references=(entity=(entity_id=entity_0002|fullname=Gontrud Hegewald|gender=f)))
26706	will		
26707	ich	4024	(mention_id=3984|references=(entity=(entity_id=entity_0009|fullname=Franz Gersbacher|gender=m)))
26708	und		
26709	sonst		
26710	keine		
26711	!		
26712	Und		
26713	der		
26714	Vater	4025	(mention_id=3985|references=(entity=(entity_id=entity_0012|fullname=Florian Gersbacher|gender=m)))
26715	?		
26716	ach		
26717	was		
26718	!		
26719	verkaufen		
26720	laß		
26721	ich	4026	(mention_id=3986|references=(entity=(entity_id=entity_0009|fullname=Franz Gersbacher|gender=m)))
26722	mich	4027	(mention_id=3987|references=(entity=(entity_id=entity_0009|fullname=Franz Gersbacher|gender=m)))
26723	nicht		
26724	,		
26725	bin		
26726	selber		
26727	ein		
26728	Gersbacher	4028	(mention_id=3988|references=(entity=(entity_id=entity_0009|fullname=Franz Gersbacher|gender=m)))
26729	,		
26730	Himmelkreuzdonnerwetter		
26731	!		
26732	Zur		
26733	festgesetzten		
26734	Stunde		
26735	ging		
26736	er	4029	(mention_id=3989|references=(entity=(entity_id=entity_0009|fullname=Franz Gersbacher|gender=m)))
26737	hin		
26738	.		
26739	Es		
26740	war		
26741	ein		
26742	warmer		
26743	Sommerabend		
26744	in		
26745	der		
26746	Zeit		
26747	der		
26748	Rebenblüte		
26749	,		
26750	deren		
26751	köstlicher		
26752	Duft		
26753	weit		
26754	und		
26755	breit		
26756	das		
26757	Pfälzer		
26758	Land		
26759	durchströmte		
26760	.		
26761	Franz	4030	(mention_id=3990|references=(entity=(entity_id=entity_0009|fullname=Franz Gersbacher|gender=m)))
26762	schritt		
26763	durch		
26764	den		
26765	Garten		
26766	der		
26767	dicht		
26768	berankten		
26769	Geißblattlaube		
26770	zu		
26771	,		
26772	wo		
26773	er	4031	(mention_id=3991|references=(entity=(entity_id=entity_0009|fullname=Franz Gersbacher|gender=m)))
26774	Jakobinen	4032	(mention_id=3992|references=(entity=(entity_id=entity_0022|fullname=Jakobine Steinecker|gender=f)))
26775	fand		
26776	,		
26777	regungslos		
26778	,		
26779	mit		
26780	niedergeschlagenen		
26781	Augen		
26782	seiner	4033	(mention_id=3993|references=(entity=(entity_id=entity_0022|fullname=Jakobine Steinecker|gender=f)))
26783	harrend		
26784	.		
26785	Als		
26786	er	4034	(mention_id=3994|references=(entity=(entity_id=entity_0009|fullname=Franz Gersbacher|gender=m)))
26787	ihr	4035	(mention_id=3995|references=(entity=(entity_id=entity_0022|fullname=Jakobine Steinecker|gender=f)))
26788	die		
26789	Hand		
26790	bot		
26791	,		
26792	hob		
26793	sie	4036	(mention_id=3996|references=(entity=(entity_id=entity_0022|fullname=Jakobine Steinecker|gender=f)))
26794	den		
26795	Blick		
26796	zu		
26797	ihm	4037	(mention_id=3997|references=(entity=(entity_id=entity_0009|fullname=Franz Gersbacher|gender=m)))
26798	,		
26799	halb		
26800	Hoffen		
26801	,		
26802	halb		
26803	Bangen		
26804	darin		
26805	.		
26806	»		
26807	Hab		
26808	Dank		
26809	,		
26810	daß		
26811	du	4038	(mention_id=3998|references=(entity=(entity_id=entity_0009|fullname=Franz Gersbacher|gender=m)))
26812	gekommen		
26813	bist		
26814	,		
26815	«		
26816	sprach		
26817	sie	4039	(mention_id=3999|references=(entity=(entity_id=entity_0022|fullname=Jakobine Steinecker|gender=f)))
26818	leise		
26819	.		
26820	Sie	4040	(mention_id=4000|references=(entity=(entity_id=entity_0022|fullname=Jakobine Steinecker|gender=f)))
26821	war		
26822	sehr		
26823	leicht		
26824	gekleidet		
26825	,		
26826	mit		
26827	einem		
26828	Ausschnitt		
26829	am		
26830	Halse		
26831	und		
26832	in		
26833	bloßen		
26834	Armen		
26835	.		
26836	In		
26837	ihrem	4041	(mention_id=4001|references=(entity=(entity_id=entity_0022|fullname=Jakobine Steinecker|gender=f)))
26838	Haar		
26839	prangte		
26840	eine		
26841	dunkelrote		
26842	Rose		
26843	.		
26844	Sie	4042	(mention_id=4002|references=(entity=(entity_id=entity_0009|fullname=Franz Gersbacher|gender=m)),(entity=(entity_id=entity_0022|fullname=Jakobine Steinecker|gender=f)))
26845	setzten		
26846	sich	4043	(mention_id=4003|references=(entity=(entity_id=entity_0009|fullname=Franz Gersbacher|gender=m)),(entity=(entity_id=entity_0022|fullname=Jakobine Steinecker|gender=f)))
26847	auf		
26848	eine		
26849	Bank		
26850	,		
26851	beide	4044	(mention_id=4004|references=(entity=(entity_id=entity_0009|fullname=Franz Gersbacher|gender=m)),(entity=(entity_id=entity_0022|fullname=Jakobine Steinecker|gender=f)))
26852	befangen		
26853	,		
26854	jeder	4045	(mention_id=4005|references=(entity=(entity_id=entity_0009|fullname=Franz Gersbacher|gender=m)),(entity=(entity_id=entity_0022|fullname=Jakobine Steinecker|gender=f)))
26855	erwartend		
26856	,		
26857	daß		
26858	der		
26859	andere	4046	(mention_id=4006|references=(entity=(entity_id=entity_0009|fullname=Franz Gersbacher|gender=m)),(entity=(entity_id=entity_0022|fullname=Jakobine Steinecker|gender=f)))
26860	zu		
26861	reden		
26862	beginne		
26863	.		
26864	Auf		
26865	dem		
26866	Tische		
26867	stand		
26868	ein		
26869	Weinkrug		
26870	und		
26871	ein		
26872	Zinnbecher		
26873	,		
26874	nur		
26875	einer		
26876	,		
26877	den		
26878	Jakobine	4047	(mention_id=4007|references=(entity=(entity_id=entity_0022|fullname=Jakobine Steinecker|gender=f)))
26879	mit		
26880	zitternden		
26881	Händen		
26882	füllte		
26883	.		
26884	»		
26885	Hast		
26886	du	4048	(mention_id=4008|references=(entity=(entity_id=entity_0022|fullname=Jakobine Steinecker|gender=f)))
26887	keinen		
26888	Becher		
26889	für		
26890	dich	4049	(mention_id=4009|references=(entity=(entity_id=entity_0009|fullname=Franz Gersbacher|gender=m)))
26891	?		
26892	«		
26893	fragte		
26894	Franz	4050	(mention_id=4010|references=(entity=(entity_id=entity_0009|fullname=Franz Gersbacher|gender=m)))
26895	,		
26896	um		
26897	doch		
26898	etwas		
26899	zu		
26900	sagen		
26901	.		
26902	»		
26903	Nein		
26904	,		
26905	ich	4051	(mention_id=4011|references=(entity=(entity_id=entity_0022|fullname=Jakobine Steinecker|gender=f)))
26906	trinke		
26907	keinen		
26908	Wein		
26909	,		
26910	«		
26911	erwiderte		
26912	sie	4052	(mention_id=4012|references=(entity=(entity_id=entity_0022|fullname=Jakobine Steinecker|gender=f)))
26913	mit		
26914	abgewandtem		
26915	Gesicht		
26916	.		
26917	»		
26918	Eine		
26919	Winzerstochter	4053	(mention_id=4013|references=(entity=(entity_id=entity_0022|fullname=Jakobine Steinecker|gender=f)))
26920	,		
26921	die	4054	(mention_id=4014|references=(entity=(entity_id=entity_0022|fullname=Jakobine Steinecker|gender=f)))
26922	keinen		
26923	Wein		
26924	trinkt		
26925	!		
26926	«		
26927	lachte		
26928	er	4055	(mention_id=4015|references=(entity=(entity_id=entity_0009|fullname=Franz Gersbacher|gender=m)))
26929	gezwungen		
26930	.		
26931	»		
26932	Seit		
26933	wann		
26934	denn		
26935	nicht		
26936	?		
26937	hat		
26938	ihn		
26939	Hammichel	4056	(mention_id=4016|references=(entity=(entity_id=entity_0015|fullname=Hammichel von Gimmeldingen|gender=m)))
26940	dir	4057	(mention_id=4017|references=(entity=(entity_id=entity_0022|fullname=Jakobine Steinecker|gender=f)))
26941	verleidet		
26942	?		
26943	«		
26944	Er	4058	(mention_id=4018|references=(entity=(entity_id=entity_0009|fullname=Franz Gersbacher|gender=m)))
26945	nahm		
26946	den		
26947	Becher		
26948	und		
26949	tat		
26950	einen		
26951	Schluck		
26952	.		
26953	»		
26954	Man		
26955	merkt's		
26956	,		
26957	daß		
26958	der		
26959	alte		
26960	Sachverständige	4059	(mention_id=4019|references=(entity=(entity_id=entity_0015|fullname=Hammichel von Gimmeldingen|gender=m)))
26961	beim		
26962	Bau		
26963	dieses		
26964	Weines		
26965	geholfen		
26966	hat		
26967	,		
26968	«		
26969	fuhr		
26970	er	4060	(mention_id=4020|references=(entity=(entity_id=entity_0009|fullname=Franz Gersbacher|gender=m)))
26971	dann		
26972	fort		
26973	ohne		
26974	zu		
26975	sehen		
26976	,		
26977	wie		
26978	Jakobine	4061	(mention_id=4021|references=(entity=(entity_id=entity_0022|fullname=Jakobine Steinecker|gender=f)))
26979	bei		
26980	diesen		
26981	Worten		
26982	erschrak		
26983	,		
26984	»		
26985	aber		
26986	er		
26987	schmeckt		
26988	gut		
26989	,		
26990	süß		
26991	und		
26992	feurig		
26993	,		
26994	sehr		
26995	feurig		
26996	.		
26997	Was		
26998	ist's		
26999	?		
27000	«		
27001	»		
27002	Goldbächel		
27003	,		
27004	nicht		
27005	mehr		
27006	jung		
27007	.		
27008	«		
27009	Franz	4062	(mention_id=4022|references=(entity=(entity_id=entity_0009|fullname=Franz Gersbacher|gender=m)))
27010	roch		
27011	daran		
27012	.		
27013	»		
27014	Viel		
27015	Blume		
27016	!		
27017	«		
27018	Er	4063	(mention_id=4023|references=(entity=(entity_id=entity_0009|fullname=Franz Gersbacher|gender=m)))
27019	trank		
27020	noch		
27021	einmal		
27022	und		
27023	schüttelte		
27024	den		
27025	Kopf		
27026	.		
27027	»		
27028	Merkwürdig		
27029	!		
27030	«		
27031	Dann		
27032	leerte		
27033	er	4064	(mention_id=4024|references=(entity=(entity_id=entity_0009|fullname=Franz Gersbacher|gender=m)))
27034	den		
27035	Becher		
27036	mit		
27037	einem		
27038	Zuge		
27039	,		
27040	als		
27041	hätte		
27042	er	4065	(mention_id=4025|references=(entity=(entity_id=entity_0009|fullname=Franz Gersbacher|gender=m)))
27043	großen		
27044	Durst		
27045	.		
27046	Das		
27047	war		
27048	jedoch		
27049	nicht		
27050	der		
27051	Fall		
27052	;		
27053	er	4066	(mention_id=4026|references=(entity=(entity_id=entity_0009|fullname=Franz Gersbacher|gender=m)))
27054	wollte		
27055	sich	4067	(mention_id=4027|references=(entity=(entity_id=entity_0009|fullname=Franz Gersbacher|gender=m)))
27056	Mut		
27057	trinken		
27058	.		
27059	Jakobine	4068	(mention_id=4028|references=(entity=(entity_id=entity_0022|fullname=Jakobine Steinecker|gender=f)))
27060	beobachtete		
27061	ihn	4069	(mention_id=4029|references=(entity=(entity_id=entity_0009|fullname=Franz Gersbacher|gender=m)))
27062	gespannt		
27063	und		
27064	goß		
27065	den		
27066	Becher		
27067	schnell		
27068	wieder		
27069	voll		
27070	.		
27071	Dann		
27072	rückte		
27073	sie	4070	(mention_id=4030|references=(entity=(entity_id=entity_0022|fullname=Jakobine Steinecker|gender=f)))
27074	dem		
27075	arglos		
27076	Trinkenden	4071	(mention_id=4031|references=(entity=(entity_id=entity_0009|fullname=Franz Gersbacher|gender=m)))
27077	näher		
27078	,		
27079	schob		
27080	ihren	4072	(mention_id=4032|references=(entity=(entity_id=entity_0022|fullname=Jakobine Steinecker|gender=f)))
27081	Arm		
27082	unter		
27083	den		
27084	seinen	4073	(mention_id=4033|references=(entity=(entity_id=entity_0009|fullname=Franz Gersbacher|gender=m)))
27085	und		
27086	fragte		
27087	:		
27088	»		
27089	Franz	4074	(mention_id=4034|references=(entity=(entity_id=entity_0009|fullname=Franz Gersbacher|gender=m)))
27090	,		
27091	was		
27092	hast		
27093	du	4075	(mention_id=4035|references=(entity=(entity_id=entity_0009|fullname=Franz Gersbacher|gender=m)))
27094	gegen		
27095	mich	4076	(mention_id=4036|references=(entity=(entity_id=entity_0022|fullname=Jakobine Steinecker|gender=f)))
27096	?		
27097	«		
27098	»		
27099	Was		
27100	soll		
27101	ich	4077	(mention_id=4037|references=(entity=(entity_id=entity_0009|fullname=Franz Gersbacher|gender=m)))
27102	gegen		
27103	dich	4078	(mention_id=4038|references=(entity=(entity_id=entity_0022|fullname=Jakobine Steinecker|gender=f)))
27104	haben		
27105	?		
27106	«		
27107	erwiderte		
27108	er	4079	(mention_id=4039|references=(entity=(entity_id=entity_0009|fullname=Franz Gersbacher|gender=m)))
27109	frostig		
27110	.		
27111	»		
27112	Wir	4080	(mention_id=4040|references=(entity=(entity_id=entity_0009|fullname=Franz Gersbacher|gender=m)),(entity=(entity_id=entity_0022|fullname=Jakobine Steinecker|gender=f)))
27113	standen		
27114	früher		
27115	besser		
27116	miteinander		
27117	,		
27118	du	4081	(mention_id=4041|references=(entity=(entity_id=entity_0009|fullname=Franz Gersbacher|gender=m)))
27119	warst		
27120	sonst		
27121	freundlicher		
27122	zu		
27123	mir	4082	(mention_id=4042|references=(entity=(entity_id=entity_0022|fullname=Jakobine Steinecker|gender=f)))
27124	,		
27125	jetzt		
27126	bist		
27127	du		(mention_id=4043|references=(entity=(entity_id=entity_0009|fullname=Franz Gersbacher|gender=m)))
27128	kalt		
27129	wie		
27130	Eis		
27131	.		
27132	«		
27133	»		
27134	War		
27135	ich	4083	(mention_id=4044|references=(entity=(entity_id=entity_0009|fullname=Franz Gersbacher|gender=m)))
27136	jemals		
27137	heiß		
27138	wie		
27139	glühend		
27140	Eisen		
27141	?		
27142	«		
27143	»		
27144	Ach		
27145	nein		
27146	,		
27147	«		
27148	seufzte		
27149	sie	4084	(mention_id=4045|references=(entity=(entity_id=entity_0022|fullname=Jakobine Steinecker|gender=f)))
27150	,		
27151	»		
27152	ich	4085	(mention_id=4046|references=(entity=(entity_id=entity_0022|fullname=Jakobine Steinecker|gender=f)))
27153	durfte		
27154	dich	4086	(mention_id=4047|references=(entity=(entity_id=entity_0009|fullname=Franz Gersbacher|gender=m)))
27155	immer		
27156	dreist		
27157	anfassen		
27158	ohne		
27159	mich	4087	(mention_id=4048|references=(entity=(entity_id=entity_0022|fullname=Jakobine Steinecker|gender=f)))
27160	an		
27161	dir	4088	(mention_id=4049|references=(entity=(entity_id=entity_0009|fullname=Franz Gersbacher|gender=m)))
27162	zu		
27163	versengen		
27164	.		
27165	Aber		
27166	jetzt		
27167	–		
27168	jetzt		
27169	tust		
27170	du	4089	(mention_id=4050|references=(entity=(entity_id=entity_0009|fullname=Franz Gersbacher|gender=m)))
27171	ganz		
27172	fremd		
27173	mir	4090	(mention_id=4051|references=(entity=(entity_id=entity_0022|fullname=Jakobine Steinecker|gender=f)))
27174	gegenüber		
27175	;		
27176	warum		
27177	?		
27178	warum		
27179	?		
27180	«		
27181	Auf		
27182	dieses		
27183	Warum		
27184	erfolgte		
27185	keine		
27186	Antwort		
27187	.		
27188	»		
27189	Franz	4091	(mention_id=4052|references=(entity=(entity_id=entity_0009|fullname=Franz Gersbacher|gender=m)))
27190	,		
27191	hast		
27192	du	4092	(mention_id=4053|references=(entity=(entity_id=entity_0009|fullname=Franz Gersbacher|gender=m)))
27193	mich	4093	(mention_id=4054|references=(entity=(entity_id=entity_0022|fullname=Jakobine Steinecker|gender=f)))
27194	gar		
27195	nicht		
27196	mehr		
27197	lieb		
27198	?		
27199	«		
27200	Er	4094	(mention_id=4055|references=(entity=(entity_id=entity_0009|fullname=Franz Gersbacher|gender=m)))
27201	schwieg		
27202	noch		
27203	immer		
27204	.		
27205	Da		
27206	schlang		
27207	sie	4095	(mention_id=4056|references=(entity=(entity_id=entity_0022|fullname=Jakobine Steinecker|gender=f)))
27208	den		
27209	runden		
27210	,		
27211	weichen		
27212	Arm		
27213	um		
27214	seinen	4096	(mention_id=4057|references=(entity=(entity_id=entity_0009|fullname=Franz Gersbacher|gender=m)))
27215	Nacken		
27216	,		
27217	schmiegte		
27218	sich	4097	(mention_id=4058|references=(entity=(entity_id=entity_0022|fullname=Jakobine Steinecker|gender=f)))
27219	an		
27220	ihn	4098	(mention_id=4059|references=(entity=(entity_id=entity_0009|fullname=Franz Gersbacher|gender=m)))
27221	und		
27222	girrte		
27223	:		
27224	»		
27225	Früher		
27226	hast		
27227	du	4099	(mention_id=4060|references=(entity=(entity_id=entity_0009|fullname=Franz Gersbacher|gender=m)))
27228	mich	4100	(mention_id=4061|references=(entity=(entity_id=entity_0022|fullname=Jakobine Steinecker|gender=f)))
27229	manchmal		
27230	geküßt		
27231	,		
27232	nun		
27233	schon		
27234	seit		
27235	langem		
27236	nicht		
27237	mehr		
27238	.		
27239	–		
27240	Franz	4101	(mention_id=4062|references=(entity=(entity_id=entity_0009|fullname=Franz Gersbacher|gender=m)))
27241	!		
27242	Lieber	4102	
27243	!		
27244	komm		
27245	her		
27246	!		
27247	versuche		
27248	ob		
27249	meine	4103	(mention_id=4063|references=(entity=(entity_id=entity_0022|fullname=Jakobine Steinecker|gender=f)))
27250	Lippen		
27251	nicht		
27252	noch		
27253	ebenso		
27254	frisch		
27255	und		
27256	mollig		
27257	sind		
27258	wie		
27259	–		
27260	wie		
27261	damals		
27262	.		
27263	«		
27264	Und		
27265	ehe		
27266	er	4104	(mention_id=4064|references=(entity=(entity_id=entity_0009|fullname=Franz Gersbacher|gender=m)))
27267	sich	4105	(mention_id=4065|references=(entity=(entity_id=entity_0009|fullname=Franz Gersbacher|gender=m)))
27268	dessen		
27269	versah		
27270	,		
27271	brannte		
27272	ihr	4106	(mention_id=4066|references=(entity=(entity_id=entity_0022|fullname=Jakobine Steinecker|gender=f)))
27273	Mund		
27274	auf		
27275	dem		
27276	seinen	4107	(mention_id=4067|references=(entity=(entity_id=entity_0009|fullname=Franz Gersbacher|gender=m)))
27277	.		
27278	Er	4108	(mention_id=4068|references=(entity=(entity_id=entity_0009|fullname=Franz Gersbacher|gender=m)))
27279	konnte		
27280	sich	4109	(mention_id=4069|references=(entity=(entity_id=entity_0009|fullname=Franz Gersbacher|gender=m)))
27281	ihrer	4110	(mention_id=4070|references=(entity=(entity_id=entity_0022|fullname=Jakobine Steinecker|gender=f)))
27282	nicht		
27283	erwehren		
27284	,		
27285	sie	4111	(mention_id=4071|references=(entity=(entity_id=entity_0022|fullname=Jakobine Steinecker|gender=f)))
27286	ließ		
27287	ihn	4112	(mention_id=4072|references=(entity=(entity_id=entity_0009|fullname=Franz Gersbacher|gender=m)))
27288	nicht		
27289	los		
27290	.		
27291	Dann		
27292	hob		
27293	sie	4113	(mention_id=4073|references=(entity=(entity_id=entity_0022|fullname=Jakobine Steinecker|gender=f)))
27294	den		
27295	Becher		
27296	,		
27297	nippte		
27298	daran		
27299	und		
27300	bot		
27301	ihn		
27302	ihm	4114	(mention_id=4074|references=(entity=(entity_id=entity_0009|fullname=Franz Gersbacher|gender=m)))
27303	dar		
27304	:		
27305	»		
27306	Trink		
27307	!		
27308	trink		
27309	auf		
27310	mein	4115	(mention_id=4075|references=(entity=(entity_id=entity_0022|fullname=Jakobine Steinecker|gender=f)))
27311	Wohl		
27312	!		
27313	trink		
27314	aus		
27315	!		
27316	«		
27317	Er	4116	(mention_id=4076|references=(entity=(entity_id=entity_0009|fullname=Franz Gersbacher|gender=m)))
27318	tat		
27319	nach		
27320	ihrem	4117	(mention_id=4077|references=(entity=(entity_id=entity_0022|fullname=Jakobine Steinecker|gender=f)))
27321	Geheiß		
27322	wie		
27323	unter		
27324	einem		
27325	unwiderstehlichen		
27326	Bann		
27327	.		
27328	Ihre	4118	(mention_id=4078|references=(entity=(entity_id=entity_0022|fullname=Jakobine Steinecker|gender=f)))
27329	Augen		
27330	waren		
27331	dicht		
27332	vor		
27333	den		
27334	seinen	4119	(mention_id=4079|references=(entity=(entity_id=entity_0009|fullname=Franz Gersbacher|gender=m)))
27335	und		
27336	blinkten		
27337	voll		
27338	Sehnsucht		
27339	und		
27340	Verlangen		
27341	.		
27342	Fest		
27343	drückte		
27344	sie	4120	(mention_id=4080|references=(entity=(entity_id=entity_0022|fullname=Jakobine Steinecker|gender=f)))
27345	ihn	4121	(mention_id=4081|references=(entity=(entity_id=entity_0009|fullname=Franz Gersbacher|gender=m)))
27346	an		
27347	ihre	4122	(mention_id=4082|references=(entity=(entity_id=entity_0022|fullname=Jakobine Steinecker|gender=f)))
27348	Brust		
27349	,		
27350	die		
27351	ihm	4123	(mention_id=4083|references=(entity=(entity_id=entity_0009|fullname=Franz Gersbacher|gender=m)))
27352	aus		
27353	dem		
27354	Ausschnitt		
27355	des		
27356	Kleides		
27357	voll		
27358	und		
27359	weiß		
27360	entgegenschimmerte		
27361	,		
27362	und		
27363	küßte		
27364	ihn	4124	(mention_id=4084|references=(entity=(entity_id=entity_0009|fullname=Franz Gersbacher|gender=m)))
27365	mit		
27366	einer		
27367	Inbrunst		
27368	,		
27369	die		
27370	ihn	4125	(mention_id=4085|references=(entity=(entity_id=entity_0009|fullname=Franz Gersbacher|gender=m)))
27371	hinriß		
27372	,		
27373	ihre	4126	(mention_id=4086|references=(entity=(entity_id=entity_0022|fullname=Jakobine Steinecker|gender=f)))
27374	Küsse		
27375	mit		
27376	gleicher		
27377	Glut		
27378	zu		
27379	erwidern		
27380	.		
27381	Er	4127	(mention_id=4087|references=(entity=(entity_id=entity_0009|fullname=Franz Gersbacher|gender=m)))
27382	wußte		
27383	nicht		
27384	,		
27385	wie		
27386	ihm	4128	(mention_id=4088|references=(entity=(entity_id=entity_0009|fullname=Franz Gersbacher|gender=m)))
27387	geschah		
27388	,		
27389	er	4129	(mention_id=4089|references=(entity=(entity_id=entity_0009|fullname=Franz Gersbacher|gender=m)))
27390	sollte		
27391	sich	4130	(mention_id=4090|references=(entity=(entity_id=entity_0009|fullname=Franz Gersbacher|gender=m)))
27392	abkühlen		
27393	mit		
27394	dem		
27395	erquickenden		
27396	Wein		
27397	,		
27398	griff		
27399	zum		
27400	Becher		
27401	und		
27402	trank		
27403	ihn		
27404	aus		
27405	.		
27406	Immer		
27407	wieder		
27408	füllte		
27409	ihn		
27410	Jakobine	4131	(mention_id=4091|references=(entity=(entity_id=entity_0022|fullname=Jakobine Steinecker|gender=f)))
27411	,		
27412	und		
27413	immer		
27414	wieder		
27415	leerte		
27416	ihn		
27417	Franz.	4132	
27418	»		
27419	Recht		
27420	so		
27421	!		
27422	«		
27423	jubelte		
27424	sie	4133	(mention_id=4092|references=(entity=(entity_id=entity_0022|fullname=Jakobine Steinecker|gender=f)))
27425	,		
27426	»		
27427	trinke		
27428	dir	4134	(mention_id=4093|references=(entity=(entity_id=entity_0009|fullname=Franz Gersbacher|gender=m)))
27429	Liebe		
27430	!		
27431	aus		
27432	Rebenblut		
27433	quillt		
27434	Herzenslust		
27435	!		
27436	«		
27437	Ja		
27438	,		
27439	das		
27440	Herz		
27441	schlug		
27442	ihm	4135	(mention_id=4094|references=(entity=(entity_id=entity_0009|fullname=Franz Gersbacher|gender=m)))
27443	ungestüm		
27444	.		
27445	Er	4136	(mention_id=4095|references=(entity=(entity_id=entity_0009|fullname=Franz Gersbacher|gender=m)))
27446	hielt		
27447	die		
27448	üppige		
27449	Gestalt		
27450	des		
27451	Mädchens	4137	(mention_id=4096|references=(entity=(entity_id=entity_0022|fullname=Jakobine Steinecker|gender=f)))
27452	in		
27453	seinen	4138	(mention_id=4097|references=(entity=(entity_id=entity_0009|fullname=Franz Gersbacher|gender=m)))
27454	Armen		
27455	,		
27456	nicht		
27457	mehr		
27458	Herr		(mention_id=4098|references=(entity=(entity_id=entity_0009|fullname=Franz Gersbacher|gender=m)))
27459	seiner	4139	(mention_id=4099|references=(entity=(entity_id=entity_0009|fullname=Franz Gersbacher|gender=m)))
27460	selbst		
27461	.		
27462	Nun		
27463	setzte		
27464	sie	4140	(mention_id=4100|references=(entity=(entity_id=entity_0022|fullname=Jakobine Steinecker|gender=f)))
27465	sich	4141	(mention_id=4101|references=(entity=(entity_id=entity_0022|fullname=Jakobine Steinecker|gender=f)))
27466	ihm	4142	(mention_id=4102|references=(entity=(entity_id=entity_0009|fullname=Franz Gersbacher|gender=m)))
27467	aufs		
27468	Knie		
27469	,		
27470	umwand		
27471	und		
27472	umstrickte		
27473	ihn	4143	(mention_id=4103|references=(entity=(entity_id=entity_0009|fullname=Franz Gersbacher|gender=m)))
27474	noch		
27475	enger		
27476	und		
27477	fester		
27478	.		
27479	Ihre	4144	(mention_id=4104|references=(entity=(entity_id=entity_0022|fullname=Jakobine Steinecker|gender=f)))
27480	Wange		
27481	lag		
27482	an		
27483	seiner	4145	(mention_id=4105|references=(entity=(entity_id=entity_0009|fullname=Franz Gersbacher|gender=m)))
27484	,		
27485	er	4146	(mention_id=4106|references=(entity=(entity_id=entity_0009|fullname=Franz Gersbacher|gender=m)))
27486	hörte		
27487	ihren	4147	(mention_id=4107|references=(entity=(entity_id=entity_0022|fullname=Jakobine Steinecker|gender=f)))
27488	fliegenden		
27489	Atem		
27490	,		
27491	fühlte		
27492	ihre	4148	(mention_id=4108|references=(entity=(entity_id=entity_0022|fullname=Jakobine Steinecker|gender=f)))
27493	schmeidigen		
27494	Glieder		
27495	und		
27496	wie		
27497	sie	4149	
27498	in		
27499	lodernder		
27500	Leidenschaft		
27501	zitterte		
27502	und		
27503	bebte		
27504	.		
27505	Plötzlich		
27506	richtete		
27507	sie	4150	(mention_id=4109|references=(entity=(entity_id=entity_0022|fullname=Jakobine Steinecker|gender=f)))
27508	sich	4151	(mention_id=4110|references=(entity=(entity_id=entity_0022|fullname=Jakobine Steinecker|gender=f)))
27509	auf		
27510	,		
27511	packte		
27512	ihn	4152	(mention_id=4111|references=(entity=(entity_id=entity_0009|fullname=Franz Gersbacher|gender=m)))
27513	,		
27514	sah		
27515	ihn	4153	(mention_id=4112|references=(entity=(entity_id=entity_0009|fullname=Franz Gersbacher|gender=m)))
27516	durchbohrend		
27517	an		
27518	und		
27519	flüsterte		
27520	:		
27521	»		
27522	Franz	4154	(mention_id=4113|references=(entity=(entity_id=entity_0009|fullname=Franz Gersbacher|gender=m)))
27523	,		
27524	versprich		
27525	mir	4155	(mention_id=4114|references=(entity=(entity_id=entity_0022|fullname=Jakobine Steinecker|gender=f)))
27526	,		
27527	schwöre		
27528	mir	4156	(mention_id=4115|references=(entity=(entity_id=entity_0022|fullname=Jakobine Steinecker|gender=f)))
27529	,		
27530	daß		
27531	du	4157	(mention_id=4116|references=(entity=(entity_id=entity_0009|fullname=Franz Gersbacher|gender=m)))
27532	dir	4158	(mention_id=4117|references=(entity=(entity_id=entity_0009|fullname=Franz Gersbacher|gender=m)))
27533	die		
27534	andere	4159	(mention_id=4118|references=(entity=(entity_id=entity_0002|fullname=Gontrud Hegewald|gender=f)))
27535	–		
27536	die		
27537	Würzburgische	4160	(mention_id=4119|references=(entity=(entity_id=entity_0002|fullname=Gontrud Hegewald|gender=f)))
27538	aus		
27539	dem		
27540	Sinn		
27541	schlagen		
27542	und		
27543	mein	4161	(mention_id=4120|references=(entity=(entity_id=entity_0022|fullname=Jakobine Steinecker|gender=f)))
27544	sein		
27545	willst		
27546	wie		
27547	ich	4162	(mention_id=4121|references=(entity=(entity_id=entity_0022|fullname=Jakobine Steinecker|gender=f)))
27548	dein	4163	(mention_id=4122|references=(entity=(entity_id=entity_0009|fullname=Franz Gersbacher|gender=m)))
27549	mit		
27550	Leib		
27551	und		
27552	Seele		
27553	,		
27554	ganz		
27555	–		
27556	ganz		
27557	–		
27558	«		
27559	Da		
27560	–		
27561	»		
27562	Trudi	4164	(mention_id=4123|references=(entity=(entity_id=entity_0002|fullname=Gontrud Hegewald|gender=f)))
27563	!!		
27564	«		
27565	schrie		
27566	er	4165	(mention_id=4124|references=(entity=(entity_id=entity_0009|fullname=Franz Gersbacher|gender=m)))
27567	in		
27568	Angst		
27569	und		
27570	Schrecken		
27571	auf		
27572	.		
27573	Ihm	4166	(mention_id=4125|references=(entity=(entity_id=entity_0009|fullname=Franz Gersbacher|gender=m)))
27574	schwindelte		
27575	der		
27576	Kopf		
27577	,		
27578	ihm	4167	(mention_id=4126|references=(entity=(entity_id=entity_0009|fullname=Franz Gersbacher|gender=m)))
27579	perlte		
27580	die		
27581	Stirn		
27582	,		
27583	und		
27584	als		
27585	er	4168	(mention_id=4127|references=(entity=(entity_id=entity_0009|fullname=Franz Gersbacher|gender=m)))
27586	sich	4169	(mention_id=4128|references=(entity=(entity_id=entity_0009|fullname=Franz Gersbacher|gender=m)))
27587	von		
27588	der		
27589	ihn	4170	(mention_id=4129|references=(entity=(entity_id=entity_0009|fullname=Franz Gersbacher|gender=m)))
27590	Umklammernden		(mention_id=4130|references=(entity=(entity_id=entity_0022|fullname=Jakobine Steinecker|gender=f)))
27591	befreien		
27592	wollte		
27593	,		
27594	spürte		
27595	er	4171	(mention_id=4131|references=(entity=(entity_id=entity_0009|fullname=Franz Gersbacher|gender=m)))
27596	,		
27597	daß		
27598	er	4172	(mention_id=4132|references=(entity=(entity_id=entity_0009|fullname=Franz Gersbacher|gender=m)))
27599	auf		
27600	dem		
27601	Sitze		
27602	wankte		
27603	und		
27604	taumelte		
27605	.		
27606	Mit		
27607	einem		
27608	Ruck		
27609	schüttelte		
27610	er	4173	(mention_id=4133|references=(entity=(entity_id=entity_0009|fullname=Franz Gersbacher|gender=m)))
27611	sie	4174	(mention_id=4134|references=(entity=(entity_id=entity_0022|fullname=Jakobine Steinecker|gender=f)))
27612	von		
27613	sich	4175	(mention_id=4135|references=(entity=(entity_id=entity_0009|fullname=Franz Gersbacher|gender=m)))
27614	ab		
27615	und		
27616	sprang		
27617	empor		
27618	.		
27619	»		
27620	Jakobine	4176	(mention_id=4136|references=(entity=(entity_id=entity_0022|fullname=Jakobine Steinecker|gender=f)))
27621	!		
27622	was		
27623	ist		
27624	das		
27625	?		
27626	«		
27627	rief		
27628	er	4177	(mention_id=4137|references=(entity=(entity_id=entity_0009|fullname=Franz Gersbacher|gender=m)))
27629	mit		
27630	gewaltsamer		
27631	Aufbietung		
27632	seiner	4178	(mention_id=4138|references=(entity=(entity_id=entity_0009|fullname=Franz Gersbacher|gender=m)))
27633	ihm	4179	(mention_id=4139|references=(entity=(entity_id=entity_0009|fullname=Franz Gersbacher|gender=m)))
27634	fast		
27635	entschwundenen		
27636	Denkfähigkeit		
27637	.		
27638	»		
27639	Das		
27640	geht		
27641	nicht		
27642	mit		
27643	rechten		
27644	Dingen		
27645	zu		
27646	.		
27647	Unselige	4180	(mention_id=4140|references=(entity=(entity_id=entity_0022|fullname=Jakobine Steinecker|gender=f)))
27648	,		
27649	was		
27650	hast		
27651	du	4181	(mention_id=4141|references=(entity=(entity_id=entity_0022|fullname=Jakobine Steinecker|gender=f)))
27652	in		
27653	den		
27654	Wein		
27655	gemischt		
27656	?		
27657	Du	4182	(mention_id=4142|references=(entity=(entity_id=entity_0022|fullname=Jakobine Steinecker|gender=f)))
27658	hast		
27659	mich	4183	(mention_id=4143|references=(entity=(entity_id=entity_0009|fullname=Franz Gersbacher|gender=m)))
27660	berauscht		
27661	,		
27662	du	4184	(mention_id=4144|references=(entity=(entity_id=entity_0022|fullname=Jakobine Steinecker|gender=f)))
27663	willst		
27664	mich	4185	(mention_id=4145|references=(entity=(entity_id=entity_0009|fullname=Franz Gersbacher|gender=m)))
27665	berücken		
27666	und		
27667	verführen		
27668	,		
27669	zu		
27670	tun		
27671	,		
27672	was		
27673	mich	4186	(mention_id=4146|references=(entity=(entity_id=entity_0009|fullname=Franz Gersbacher|gender=m)))
27674	mein	4187	(mention_id=4147|references=(entity=(entity_id=entity_0009|fullname=Franz Gersbacher|gender=m)))
27675	Leben		
27676	lang		
27677	reuen		
27678	würde		
27679	.		
27680	«		
27681	Zorn		
27682	und		
27683	Empörung		
27684	gaben		
27685	ihm	4188	(mention_id=4148|references=(entity=(entity_id=entity_0009|fullname=Franz Gersbacher|gender=m)))
27686	die		
27687	Geistesgegenwart		
27688	zurück		
27689	,		
27690	und		
27691	vor		
27692	Aufregung		
27693	keuchend		
27694	schloß		
27695	er	4189	(mention_id=4149|references=(entity=(entity_id=entity_0009|fullname=Franz Gersbacher|gender=m)))
27696	:		
27697	»		
27698	Mit		
27699	uns	4190	(mention_id=4150|references=(entity=(entity_id=entity_0009|fullname=Franz Gersbacher|gender=m)),(entity=(entity_id=entity_0022|fullname=Jakobine Steinecker|gender=f)))
27700	ist's		
27701	aus		
27702	für		
27703	immer		
27704	;		
27705	ich	4191	(mention_id=4151|references=(entity=(entity_id=entity_0009|fullname=Franz Gersbacher|gender=m)))
27706	verabscheue		
27707	dich	4192	(mention_id=4152|references=(entity=(entity_id=entity_0022|fullname=Jakobine Steinecker|gender=f)))
27708	!		
27709	«		
27710	Jakobine	4193	(mention_id=4153|references=(entity=(entity_id=entity_0022|fullname=Jakobine Steinecker|gender=f)))
27711	erwiderte		
27712	kein		
27713	Wort		
27714	,		
27715	und		
27716	er	4194	(mention_id=4154|references=(entity=(entity_id=entity_0009|fullname=Franz Gersbacher|gender=m)))
27717	konnte		
27718	ihre	4195	(mention_id=4155|references=(entity=(entity_id=entity_0022|fullname=Jakobine Steinecker|gender=f)))
27719	Züge		
27720	nicht		
27721	mehr		
27722	deutlich		
27723	erkennen		
27724	,		
27725	weil		
27726	es		
27727	mittlerweile		
27728	tief		
27729	dämmerig		
27730	in		
27731	der		
27732	Laube		
27733	geworden		
27734	war		
27735	.		
27736	Er	4196	(mention_id=4156|references=(entity=(entity_id=entity_0009|fullname=Franz Gersbacher|gender=m)))
27737	sah		
27738	nur		
27739	noch		
27740	,		
27741	daß		
27742	sie	4197	(mention_id=4157|references=(entity=(entity_id=entity_0022|fullname=Jakobine Steinecker|gender=f)))
27743	,		
27744	wie		
27745	zu		
27746	einer		
27747	Bildsäule		
27748	erstarrt		
27749	,		
27750	bewegungslos		
27751	an		
27752	einem		
27753	Pfosten		
27754	lehnte		
27755	.		
27756	Eilends		
27757	verließ		
27758	er	4198	(mention_id=4158|references=(entity=(entity_id=entity_0009|fullname=Franz Gersbacher|gender=m)))
27759	sie	4199	(mention_id=4159|references=(entity=(entity_id=entity_0022|fullname=Jakobine Steinecker|gender=f)))
27760	und		
27761	schwankte		
27762	unsicheren		
27763	Schrittes		
27764	heimwärts		
27765	.		
27766	–		
27767	Auf		
27768	dem		
27769	väterlichen		
27770	Gehöft		
27771	saßen		
27772	die		
27773	Seinigen	4200	(mention_id=4160|references=(entity=(entity_id=entity_0013|fullname=Familie Gersbacher|gender=mf|members=entity_0009,entity_0010,entity_0011,entity_0012|all_members_given=True|specialcase_entity=group)))
27774	noch		
27775	im		
27776	Freien		
27777	und		
27778	betrachteten		
27779	ihn	4201	(mention_id=4161|references=(entity=(entity_id=entity_0009|fullname=Franz Gersbacher|gender=m)))
27780	,		
27781	wie		
27782	er	4202	(mention_id=4162|references=(entity=(entity_id=entity_0009|fullname=Franz Gersbacher|gender=m)))
27783	in		
27784	so		
27785	haltlosem		
27786	Zustande		
27787	daherkam		
27788	,		
27789	sehr		
27790	erstaunt		
27791	.		
27792	Scheu		
27793	grüßend		
27794	drückte		
27795	er	4203	(mention_id=4163|references=(entity=(entity_id=entity_0009|fullname=Franz Gersbacher|gender=m)))
27796	sich	4204	(mention_id=4164|references=(entity=(entity_id=entity_0009|fullname=Franz Gersbacher|gender=m)))
27797	an		
27798	ihnen	4205	(mention_id=4165|references=(entity=(entity_id=entity_0013|fullname=Familie Gersbacher|gender=mf|members=entity_0009,entity_0010,entity_0011,entity_0012|all_members_given=True|specialcase_entity=group)))
27799	vorbei		
27800	,		
27801	und		
27802	in		
27803	seiner	4206	(mention_id=4166|references=(entity=(entity_id=entity_0009|fullname=Franz Gersbacher|gender=m)))
27804	Kammer		
27805	schnell		
27806	entkleidet		
27807	,		
27808	warf		
27809	er	4207	(mention_id=4167|references=(entity=(entity_id=entity_0009|fullname=Franz Gersbacher|gender=m)))
27810	sich	4208	(mention_id=4168|references=(entity=(entity_id=entity_0009|fullname=Franz Gersbacher|gender=m)))
27811	stöhnend		
27812	ins		
27813	Bett		
27814	,		
27815	wo		
27816	ihn	4209	(mention_id=4169|references=(entity=(entity_id=entity_0009|fullname=Franz Gersbacher|gender=m)))
27817	ein		
27818	bleierner		
27819	Schlaf		
27820	überfiel		
27821	und		
27822	seine	4210	(mention_id=4170|references=(entity=(entity_id=entity_0009|fullname=Franz Gersbacher|gender=m)))
27823	quälenden		
27824	Gedanken		
27825	mit		
27826	schneller		
27827	Betäubung		
27828	erstickte		
27829	.		
27830	Am		
27831	Morgen		
27832	erwachte		
27833	er	4211	(mention_id=4171|references=(entity=(entity_id=entity_0009|fullname=Franz Gersbacher|gender=m)))
27834	mit		
27835	schwerem		
27836	Kopf		
27837	,		
27838	doch		
27839	mit		
27840	klarer		
27841	Erinnerung		
27842	.		
27843	Da		
27844	machte		
27845	er	4212	(mention_id=4172|references=(entity=(entity_id=entity_0009|fullname=Franz Gersbacher|gender=m)))
27846	sich	4213	(mention_id=4173|references=(entity=(entity_id=entity_0009|fullname=Franz Gersbacher|gender=m)))
27847	die		
27848	bittersten		
27849	Vorwürfe		
27850	über		
27851	das		
27852	,		
27853	was		
27854	er	4214	(mention_id=4174|references=(entity=(entity_id=entity_0009|fullname=Franz Gersbacher|gender=m)))
27855	getan		
27856	,		
27857	wozu		
27858	er	4215	(mention_id=4175|references=(entity=(entity_id=entity_0009|fullname=Franz Gersbacher|gender=m)))
27859	sich	4216	(mention_id=4176|references=(entity=(entity_id=entity_0009|fullname=Franz Gersbacher|gender=m)))
27860	hatte		
27861	verleiten		
27862	lassen		
27863	,		
27864	und		
27865	verwünschte		
27866	den		
27867	Tag		
27868	und		
27869	die		
27870	Stunde		
27871	,		
27872	wo		
27873	er	4217	(mention_id=4177|references=(entity=(entity_id=entity_0009|fullname=Franz Gersbacher|gender=m)))
27874	sich	4218	(mention_id=4178|references=(entity=(entity_id=entity_0009|fullname=Franz Gersbacher|gender=m)))
27875	so		
27876	schmählich		
27877	vergessen		
27878	hatte		
27879	.		
27880	Als		
27881	er	4219	(mention_id=4179|references=(entity=(entity_id=entity_0009|fullname=Franz Gersbacher|gender=m)))
27882	zum		
27883	gemeinsamen		
27884	Frühmahl		
27885	erschien		
27886	,		
27887	fragte		
27888	ihn	4220	(mention_id=4180|references=(entity=(entity_id=entity_0009|fullname=Franz Gersbacher|gender=m)))
27889	sein	4221	(mention_id=4181|references=(entity=(entity_id=entity_0012|fullname=Florian Gersbacher|gender=m)))
27890	Vater	4222	(mention_id=4182|references=(entity=(entity_id=entity_0012|fullname=Florian Gersbacher|gender=m)))
27891	,		
27892	der	4223	(mention_id=4183|references=(entity=(entity_id=entity_0012|fullname=Florian Gersbacher|gender=m)))
27893	für		
27894	einen		
27895	ehrlichen		
27896	Rausch		
27897	Nachsicht		
27898	und		
27899	Verständnis		
27900	hatte		
27901	,		
27902	mit		
27903	gemütlichem		
27904	Ton		
27905	:		
27906	»		
27907	Nun		
27908	erzähle		
27909	mal		
27910	,		
27911	Fränzel	4224	(mention_id=4184|references=(entity=(entity_id=entity_0009|fullname=Franz Gersbacher|gender=m)))
27912	,		
27913	wo		
27914	du	4225	(mention_id=4185|references=(entity=(entity_id=entity_0009|fullname=Franz Gersbacher|gender=m)))
27915	dir	4226	(mention_id=4186|references=(entity=(entity_id=entity_0009|fullname=Franz Gersbacher|gender=m)))
27916	den		
27917	großen		
27918	Affen		
27919	gekauft		
27920	hast		
27921	,		
27922	den		
27923	du	4227	(mention_id=4187|references=(entity=(entity_id=entity_0009|fullname=Franz Gersbacher|gender=m)))
27924	gestern		
27925	abend		
27926	auf		
27927	runde		
27928	Füß		
27929	mit		
27930	nach		
27931	Hause		
27932	brachtest		
27933	.		
27934	«		
27935	Sein	4228	(mention_id=4188|references=(entity=(entity_id=entity_0009|fullname=Franz Gersbacher|gender=m)))
27936	Bruder	4229	(mention_id=4189|references=(entity=(entity_id=entity_0010|fullname=Steffen Gersbacher|gender=m)))
27937	Steffen	4229	(mention_id=4189|references=(entity=(entity_id=entity_0010|fullname=Steffen Gersbacher|gender=m)))
27938	blinzelte		
27939	ihm	4230	(mention_id=4190|references=(entity=(entity_id=entity_0009|fullname=Franz Gersbacher|gender=m)))
27940	belustigt		
27941	zu		
27942	,		
27943	die		
27944	Mutter	4231	(mention_id=4191|references=(entity=(entity_id=entity_0011|fullname=Agnete Gersbacher|gender=f)))
27945	aber		
27946	schaute		
27947	ernst		
27948	und		
27949	besorgt		
27950	darein		
27951	,		
27952	denn		
27953	ihr	4232	(mention_id=4192|references=(entity=(entity_id=entity_0011|fullname=Agnete Gersbacher|gender=f)))
27954	ahnte		
27955	nichts		
27956	Gutes		
27957	.		
27958	»		
27959	Ich	4233	(mention_id=4193|references=(entity=(entity_id=entity_0009|fullname=Franz Gersbacher|gender=m)))
27960	will's		
27961	euch	4234	(mention_id=4194|references=(entity=(entity_id=entity_0013|fullname=Familie Gersbacher|gender=mf|members=entity_0009,entity_0010,entity_0011,entity_0012|all_members_given=True|specialcase_entity=group)))
27962	sagen		
27963	,		
27964	«		
27965	erwiderte		
27966	Franz	4235	(mention_id=4195|references=(entity=(entity_id=entity_0009|fullname=Franz Gersbacher|gender=m)))
27967	,		
27968	noch		
27969	immer		
27970	verstört		
27971	und		
27972	verbissen		
27973	.		
27974	»		
27975	Die		
27976	Jakobine	4236	(mention_id=4196|references=(entity=(entity_id=entity_0022|fullname=Jakobine Steinecker|gender=f)))
27977	hatte		
27978	mich	4237	(mention_id=4197|references=(entity=(entity_id=entity_0009|fullname=Franz Gersbacher|gender=m)))
27979	zu		
27980	sich	4238	(mention_id=4198|references=(entity=(entity_id=entity_0022|fullname=Jakobine Steinecker|gender=f)))
27981	bestellt		
27982	,		
27983	um		
27984	sich	4239	(mention_id=4199|references=(entity=(entity_id=entity_0022|fullname=Jakobine Steinecker|gender=f)))
27985	–		
27986	um		
27987	mir	4240	(mention_id=4200|references=(entity=(entity_id=entity_0009|fullname=Franz Gersbacher|gender=m)))
27988	einen		
27989	Verspruch		
27990	abzulisten		
27991	.		
27992	Mit		
27993	gemanschtem		
27994	Wein		
27995	hat		
27996	sie	4241	(mention_id=4201|references=(entity=(entity_id=entity_0022|fullname=Jakobine Steinecker|gender=f)))
27997	mich	4242	(mention_id=4202|references=(entity=(entity_id=entity_0009|fullname=Franz Gersbacher|gender=m)))
27998	betrunken		
27999	gemacht		
28000	und		
28001	–		
28002	«		
28003	Er	4243	(mention_id=4203|references=(entity=(entity_id=entity_0009|fullname=Franz Gersbacher|gender=m)))
28004	stützte		
28005	den		
28006	Ellenbogen		
28007	auf		
28008	den		
28009	Tisch		
28010	und		
28011	preßte		
28012	die		
28013	Faust		
28014	gegen		
28015	die		
28016	brennende		
28017	Stirn		
28018	.		
28019	»		
28020	Na		
28021	,		
28022	und		
28023	–		
28024	?		
28025	was		
28026	ist		
28027	geschehen		
28028	?		
28029	«		
28030	»		
28031	Nichts		
28032	ist		
28033	geschehen		
28034	,		
28035	nichts		
28036	,		
28037	als		
28038	daß		
28039	es		
28040	nun		
28041	aus		
28042	ist		
28043	mit		
28044	uns	4244	(mention_id=4204|references=(entity=(entity_id=entity_0009|fullname=Franz Gersbacher|gender=m)),(entity=(entity_id=entity_0022|fullname=Jakobine Steinecker|gender=f)))
28045	,		
28046	rein		
28047	aus		
28048	.		
28049	Ich	4245	(mention_id=4205|references=(entity=(entity_id=entity_0009|fullname=Franz Gersbacher|gender=m)))
28050	nehme		
28051	sie	4246	(mention_id=4206|references=(entity=(entity_id=entity_0022|fullname=Jakobine Steinecker|gender=f)))
28052	nun		
28053	und		
28054	nimmer		
28055	zum		
28056	Weib	4247	(mention_id=4207|references=(entity=(entity_id=entity_0022|fullname=Jakobine Steinecker|gender=f)))
28057	.		
28058	«		
28059	Gersbacher	4248	(mention_id=4208|references=(entity=(entity_id=entity_0012|fullname=Florian Gersbacher|gender=m)))
28060	maß		
28061	seinen	4249	(mention_id=4209|references=(entity=(entity_id=entity_0012|fullname=Florian Gersbacher|gender=m)))
28062	Ältesten	4250	(mention_id=4210|references=(entity=(entity_id=entity_0009|fullname=Franz Gersbacher|gender=m)))
28063	mit		
28064	einem		
28065	kalten		
28066	,		
28067	finstern		
28068	Blick		
28069	.		
28070	»		
28071	Ich	4251	(mention_id=4211|references=(entity=(entity_id=entity_0012|fullname=Florian Gersbacher|gender=m)))
28072	hab's		
28073	mit		
28074	dem		
28075	Steinecker	4252	(mention_id=4212|references=(entity=(entity_id=entity_0023|fullname=Adam Steinecker|gender=m)))
28076	ausgemacht		
28077	,		
28078	daß		
28079	ihr	4253	(mention_id=4213|references=(entity=(entity_id=entity_0009|fullname=Franz Gersbacher|gender=m)),(entity=(entity_id=entity_0022|fullname=Jakobine Steinecker|gender=f)))
28080	ein		
28081	Paar	4254	(mention_id=4214|references=(entity=(entity_id=entity_0009|fullname=Franz Gersbacher|gender=m)),(entity=(entity_id=entity_0022|fullname=Jakobine Steinecker|gender=f)))
28082	werden		
28083	sollt		
28084	,		
28085	und		
28086	dabei		
28087	bleibt's		
28088	«		
28089	sprach		
28090	er	4255	(mention_id=4215|references=(entity=(entity_id=entity_0012|fullname=Florian Gersbacher|gender=m)))
28091	streng		
28092	.		
28093	»		
28094	Mit		
28095	mir	4256	(mention_id=4216|references=(entity=(entity_id=entity_0009|fullname=Franz Gersbacher|gender=m)))
28096	ist		
28097	nichts		
28098	ausgemacht		
28099	,		
28100	Vater	4257	(mention_id=4217|references=(entity=(entity_id=entity_0012|fullname=Florian Gersbacher|gender=m)))
28101	!		
28102	und		
28103	ich	4258	(mention_id=4218|references=(entity=(entity_id=entity_0009|fullname=Franz Gersbacher|gender=m)))
28104	denk		
28105	,		
28106	dabei		
28107	hab		
28108	ich	4259	(mention_id=4219|references=(entity=(entity_id=entity_0009|fullname=Franz Gersbacher|gender=m)))
28109	auch		
28110	ein		
28111	Wort		
28112	mitzureden		
28113	,		
28114	«		
28115	entgegnete		
28116	Franz	4260	(mention_id=4220|references=(entity=(entity_id=entity_0009|fullname=Franz Gersbacher|gender=m)))
28117	gereizt		
28118	.		
28119	»		
28120	Ein		
28121	Mädchen	4261	(mention_id=4221|references=(entity=(entity_id=entity_0022|fullname=Jakobine Steinecker|gender=f)))
28122	,		
28123	das	4262	(mention_id=4222|references=(entity=(entity_id=entity_0022|fullname=Jakobine Steinecker|gender=f)))
28124	sich	4263	(mention_id=4223|references=(entity=(entity_id=entity_0022|fullname=Jakobine Steinecker|gender=f)))
28125	mit		
28126	verfluchten		
28127	Teufelskünsten		
28128	einen		
28129	Mann	4264	(mention_id=4224|references=(entity=(entity_id=entity_0009|fullname=Franz Gersbacher|gender=m)))
28130	ergattern		
28131	will		
28132	,		
28133	taugt		
28134	nicht		
28135	zu		
28136	einer		
28137	Gersbacherfrau	4265	(mention_id=4225|references=(entity=(entity_id=entity_0022|fullname=Jakobine Steinecker|gender=f)))
28138	.		
28139	Und		
28140	wenn		
28141	ich	4266	(mention_id=4226|references=(entity=(entity_id=entity_0009|fullname=Franz Gersbacher|gender=m)))
28142	den		
28143	Schurken	4267	(mention_id=4227|references=(entity=(entity_id=entity_0015|fullname=Hammichel von Gimmeldingen|gender=m)))
28144	,		
28145	den		
28146	Hammichel	4268	(mention_id=4228|references=(entity=(entity_id=entity_0015|fullname=Hammichel von Gimmeldingen|gender=m)))
28147	zwischen		
28148	die		
28149	Finger		
28150	kriege		
28151	,		
28152	sollen		
28153	ihm	4269	(mention_id=4229|references=(entity=(entity_id=entity_0015|fullname=Hammichel von Gimmeldingen|gender=m)))
28154	die		
28155	Knochen		
28156	im		
28157	Leibe		
28158	knacken		
28159	,		
28160	«		
28161	fügte		
28162	er	4270	(mention_id=4230|references=(entity=(entity_id=entity_0009|fullname=Franz Gersbacher|gender=m)))
28163	wutknirschend		
28164	hinzu		
28165	.		
28166	»		
28167	Hammichel	4271	(mention_id=4231|references=(entity=(entity_id=entity_0015|fullname=Hammichel von Gimmeldingen|gender=m)))
28168	?		
28169	«		
28170	»		
28171	Ja		
28172	,		
28173	Hammichel	4272	(mention_id=4232|references=(entity=(entity_id=entity_0015|fullname=Hammichel von Gimmeldingen|gender=m)))
28174	!		
28175	wer		
28176	sonst		
28177	als		
28178	er	4273	(mention_id=4233|references=(entity=(entity_id=entity_0015|fullname=Hammichel von Gimmeldingen|gender=m)))
28179	hat		
28180	das		
28181	Zeug		
28182	zusammengerührt		
28183	,		
28184	das		
28185	mir	4274	(mention_id=4234|references=(entity=(entity_id=entity_0009|fullname=Franz Gersbacher|gender=m)))
28186	das		
28187	Blut		
28188	in		
28189	den		
28190	Adern		
28191	sieden		
28192	machte		
28193	und		
28194	mich	4275	(mention_id=4235|references=(entity=(entity_id=entity_0009|fullname=Franz Gersbacher|gender=m)))
28195	der		
28196	Besinnung		
28197	beraubte		
28198	?		
28199	Wollt		
28200	ihr	4276	(mention_id=4236|references=(entity=(entity_id=entity_0013|fullname=Familie Gersbacher|gender=mf|members=entity_0009,entity_0010,entity_0011,entity_0012|all_members_given=True|specialcase_entity=group)))
28201	euch	4277	(mention_id=4237|references=(entity=(entity_id=entity_0013|fullname=Familie Gersbacher|gender=mf|members=entity_0009,entity_0010,entity_0011,entity_0012|all_members_given=True|specialcase_entity=group)))
28202	von		
28203	dem		
28204	Lumpenkerl	4278	(mention_id=4238|references=(entity=(entity_id=entity_0015|fullname=Hammichel von Gimmeldingen|gender=m)))
28205	eine	4279	(mention_id=4239|references=(entity=(entity_id=entity_0022|fullname=Jakobine Steinecker|gender=f)))
28206	ins		
28207	Haus		
28208	schmuggeln		
28209	lassen		
28210	,		
28211	die	4280	(mention_id=4240|references=(entity=(entity_id=entity_0022|fullname=Jakobine Steinecker|gender=f)))
28212	mit		
28213	dem		(mention_id=4241|references=(entity=(entity_id=entity_0015|fullname=Hammichel von Gimmeldingen|gender=m)))
28214	unter		
28215	einer		
28216	Decke		
28217	steckt		
28218	und		
28219	zu		
28220	solchen		
28221	Mitteln		
28222	greift		
28223	,		
28224	um		
28225	eure	4281	(mention_id=4242|references=(entity=(entity_id=entity_0013|fullname=Familie Gersbacher|gender=mf|members=entity_0009,entity_0010,entity_0011,entity_0012|all_members_given=True|specialcase_entity=group)))
28226	Tochter	4282	(mention_id=4243|references=(entity=(entity_id=entity_0022|fullname=Jakobine Steinecker|gender=f)))
28227	zu		
28228	werden		
28229	?		
28230	ich	4283	(mention_id=4244|references=(entity=(entity_id=entity_0009|fullname=Franz Gersbacher|gender=m)))
28231	nicht		
28232	!		
28233	ich	4284	(mention_id=4245|references=(entity=(entity_id=entity_0009|fullname=Franz Gersbacher|gender=m)))
28234	nehme		
28235	sie	4285	(mention_id=4246|references=(entity=(entity_id=entity_0022|fullname=Jakobine Steinecker|gender=f)))
28236	nicht		
28237	,		
28238	und		
28239	wenn		
28240	sie	4286	(mention_id=4247|references=(entity=(entity_id=entity_0022|fullname=Jakobine Steinecker|gender=f)))
28241	mir	4287	(mention_id=4248|references=(entity=(entity_id=entity_0009|fullname=Franz Gersbacher|gender=m)))
28242	alle		
28243	Weinberge		
28244	der		
28245	Pfalz		
28246	zur		
28247	Mitgift		
28248	brächte		
28249	!		
28250	«		
28251	»		
28252	Du	4288	(mention_id=4249|references=(entity=(entity_id=entity_0009|fullname=Franz Gersbacher|gender=m)))
28253	wirst		
28254	sie	4289	(mention_id=4250|references=(entity=(entity_id=entity_0022|fullname=Jakobine Steinecker|gender=f)))
28255	nehmen		
28256	,		
28257	sag		
28258	ich	4290	(mention_id=4251|references=(entity=(entity_id=entity_0012|fullname=Florian Gersbacher|gender=m)))
28259	dir	4291	(mention_id=4252|references=(entity=(entity_id=entity_0009|fullname=Franz Gersbacher|gender=m)))
28260	!		
28261	«		
28262	tobte		
28263	Gersbacher	4292	(mention_id=4253|references=(entity=(entity_id=entity_0012|fullname=Florian Gersbacher|gender=m)))
28264	und		
28265	schlug		
28266	mit		
28267	der		
28268	flachen		
28269	Hand		
28270	auf		
28271	den		
28272	Tisch		
28273	.		
28274	»		
28275	Und		
28276	ich	4293	(mention_id=4254|references=(entity=(entity_id=entity_0009|fullname=Franz Gersbacher|gender=m)))
28277	sage		
28278	dir	4294	(mention_id=4255|references=(entity=(entity_id=entity_0012|fullname=Florian Gersbacher|gender=m)))
28279	:		
28280	ich	4295	(mention_id=4256|references=(entity=(entity_id=entity_0009|fullname=Franz Gersbacher|gender=m)))
28281	nehme		
28282	sie	4296	(mention_id=4257|references=(entity=(entity_id=entity_0022|fullname=Jakobine Steinecker|gender=f)))
28283	nicht		
28284	.		
28285	«		
28286	»		
28287	Willst		
28288	du	4297	(mention_id=4258|references=(entity=(entity_id=entity_0009|fullname=Franz Gersbacher|gender=m)))
28289	dich	4298	(mention_id=4259|references=(entity=(entity_id=entity_0009|fullname=Franz Gersbacher|gender=m)))
28290	gegen		
28291	mich	4299	(mention_id=4260|references=(entity=(entity_id=entity_0012|fullname=Florian Gersbacher|gender=m)))
28292	auflehnen		
28293	,		
28294	Bursch	4300	(mention_id=4261|references=(entity=(entity_id=entity_0009|fullname=Franz Gersbacher|gender=m)))
28295	?		
28296	«		
28297	schrie		
28298	der		
28299	Alte	4301	(mention_id=4262|references=(entity=(entity_id=entity_0012|fullname=Florian Gersbacher|gender=m)))
28300	mit		
28301	drohenden		
28302	Augen		
28303	.		
28304	»		
28305	Ja		
28306	,		
28307	das		
28308	tu		
28309	ich	4302	(mention_id=4263|references=(entity=(entity_id=entity_0009|fullname=Franz Gersbacher|gender=m)))
28310	!		
28311	beim		
28312	Freien		
28313	geh		
28314	ich	4303	(mention_id=4264|references=(entity=(entity_id=entity_0009|fullname=Franz Gersbacher|gender=m)))
28315	meinen	4304	(mention_id=4265|references=(entity=(entity_id=entity_0009|fullname=Franz Gersbacher|gender=m)))
28316	eigenen		
28317	Weg		
28318	und		
28319	lasse		
28320	mir	4305	(mention_id=4266|references=(entity=(entity_id=entity_0009|fullname=Franz Gersbacher|gender=m)))
28321	von		
28322	niemand		
28323	einen		
28324	andern		
28325	vorschreiben		
28326	,		
28327	auch		
28328	von		
28329	dir	4306	(mention_id=4267|references=(entity=(entity_id=entity_0012|fullname=Florian Gersbacher|gender=m)))
28330	nicht		
28331	,		
28332	Vater	4307	(mention_id=4268|references=(entity=(entity_id=entity_0012|fullname=Florian Gersbacher|gender=m)))
28333	!		
28334	«		
28335	schleuderte		
28336	ihm	4308	(mention_id=4269|references=(entity=(entity_id=entity_0012|fullname=Florian Gersbacher|gender=m)))
28337	der		
28338	Sohn	4309	(mention_id=4270|references=(entity=(entity_id=entity_0009|fullname=Franz Gersbacher|gender=m)))
28339	trotzig		
28340	ins		
28341	Gesicht		
28342	.		
28343	Gersbacher	4310	(mention_id=4271|references=(entity=(entity_id=entity_0012|fullname=Florian Gersbacher|gender=m)))
28344	erhob		
28345	sich	4311	(mention_id=4272|references=(entity=(entity_id=entity_0012|fullname=Florian Gersbacher|gender=m)))
28346	und		
28347	stampfte		
28348	,		
28349	die		
28350	Hände		
28351	auf		
28352	dem		
28353	Rücken		
28354	,		
28355	mit		
28356	hochrotem		
28357	Kopf		
28358	in		
28359	der		
28360	Stube		
28361	heftig		
28362	auf		
28363	und		
28364	nieder		
28365	.		
28366	Auch		
28367	Agnete	4312	(mention_id=4273|references=(entity=(entity_id=entity_0011|fullname=Agnete Gersbacher|gender=f)))
28368	stand		
28369	auf		
28370	,		
28371	ging		
28372	an		
28373	ihren	4313	(mention_id=4274|references=(entity=(entity_id=entity_0011|fullname=Agnete Gersbacher|gender=f)))
28374	Mann	4314	(mention_id=4275|references=(entity=(entity_id=entity_0012|fullname=Florian Gersbacher|gender=m)))
28375	heran		
28376	und		
28377	sagte		
28378	beschwichtigend		
28379	:		
28380	»		
28381	Nur		
28382	gemach		
28383	,		
28384	lieber		
28385	Alter	4315	(mention_id=4276|references=(entity=(entity_id=entity_0012|fullname=Florian Gersbacher|gender=m)))
28386	!		
28387	wir	4316	(mention_id=4277|references=(entity=(entity_id=entity_0011|fullname=Agnete Gersbacher|gender=f)),(entity=(entity_id=entity_0012|fullname=Florian Gersbacher|gender=m)))
28388	wollen		
28389	unsern	4317	(mention_id=4278|references=(entity=(entity_id=entity_0011|fullname=Agnete Gersbacher|gender=f)),(entity=(entity_id=entity_0012|fullname=Florian Gersbacher|gender=m)))
28390	Sohn	4318	(mention_id=4279|references=(entity=(entity_id=entity_0009|fullname=Franz Gersbacher|gender=m)))
28391	doch		
28392	nicht		
28393	drängen		
28394	,		
28395	eine		(mention_id=4280|references=(entity=(entity_id=entity_0022|fullname=Jakobine Steinecker|gender=f)))
28396	zu		
28397	heiraten		
28398	,		
28399	die	4319	(mention_id=4281|references=(entity=(entity_id=entity_0022|fullname=Jakobine Steinecker|gender=f)))
28400	er	4320	(mention_id=4282|references=(entity=(entity_id=entity_0009|fullname=Franz Gersbacher|gender=m)))
28401	nicht		
28402	mag.		
28403	Hättest		
28404	du	4321	(mention_id=4283|references=(entity=(entity_id=entity_0012|fullname=Florian Gersbacher|gender=m)))
28405	dir	4322	(mention_id=4284|references=(entity=(entity_id=entity_0012|fullname=Florian Gersbacher|gender=m)))
28406	statt		
28407	meiner	4323	(mention_id=4285|references=(entity=(entity_id=entity_0011|fullname=Agnete Gersbacher|gender=f)))
28408	eine		
28409	andere	4324	(mention_id=4286|references=(entity=(entity_id=generic_0241|fullname=generic_0046|gender=u|specialcase_entity=generic)))
28410	aufzwingen		
28411	lassen		
28412	?		
28413	«		
28414	Gersbacher	4325	(mention_id=4287|references=(entity=(entity_id=entity_0012|fullname=Florian Gersbacher|gender=m)))
28415	stutzte		
28416	bei		
28417	dieser		
28418	verfänglichen		
28419	Frage		
28420	,		
28421	blieb		
28422	mitten		
28423	im		
28424	Zimmer		
28425	stehen		
28426	und		
28427	stierte		
28428	schweigend		
28429	vor		
28430	sich	4326	(mention_id=4288|references=(entity=(entity_id=entity_0012|fullname=Florian Gersbacher|gender=m)))
28431	hin		
28432	.		
28433	Eine		
28434	dumpfe		
28435	Stille		
28436	herrschte		
28437	.		
28438	Die		
28439	andern		
28440	drei	4327	(mention_id=4289|references=(entity=(entity_id=entity_0011|fullname=Agnete Gersbacher|gender=f)),(entity=(entity_id=entity_0009|fullname=Franz Gersbacher|gender=m)),(entity=(entity_id=entity_0010|fullname=Steffen Gersbacher|gender=m)))
28441	wagten		
28442	kaum		
28443	zu		
28444	atmen		
28445	und		
28446	hingen		
28447	bei		
28448	stockendem		
28449	Herzschlag		
28450	an		
28451	den		
28452	Lippen		
28453	des		
28454	mit		
28455	einem		
28456	Entschluß		
28457	ringenden		
28458	Bauern	4328	(mention_id=4290|references=(entity=(entity_id=entity_0012|fullname=Florian Gersbacher|gender=m)))
28459	.		
28460	Endlich		
28461	kam		
28462	kurz		
28463	und		
28464	hart		
28465	aus		
28466	seinem	4329	(mention_id=4291|references=(entity=(entity_id=entity_0012|fullname=Florian Gersbacher|gender=m)))
28467	Munde		
28468	der		
28469	Bescheid		
28470	:		
28471	»		
28472	Ich	4330	(mention_id=4292|references=(entity=(entity_id=entity_0012|fullname=Florian Gersbacher|gender=m)))
28473	hab		
28474	mein	4331	(mention_id=4293|references=(entity=(entity_id=entity_0012|fullname=Florian Gersbacher|gender=m)))
28475	Wort		
28476	gegeben		
28477	und		
28478	nehm's		
28479	nicht		
28480	zurück		
28481	.		
28482	«		
28483	Franz	4332	(mention_id=4294|references=(entity=(entity_id=entity_0009|fullname=Franz Gersbacher|gender=m)))
28484	schnellte		
28485	vom		
28486	Stuhle		
28487	empor		
28488	und		
28489	stieß		
28490	wild		
28491	heraus		
28492	:		
28493	»		
28494	Ich	4333	(mention_id=4295|references=(entity=(entity_id=entity_0009|fullname=Franz Gersbacher|gender=m)))
28495	hab		
28496	keins		
28497	gegeben		
28498	und		
28499	geb		
28500	auch		
28501	keins		
28502	!		
28503	«		
28504	Dann		
28505	stürzte		
28506	er	4334	(mention_id=4296|references=(entity=(entity_id=entity_0009|fullname=Franz Gersbacher|gender=m)))
28507	hinaus		
28508	und		
28509	warf		
28510	die		
28511	Tür		
28512	krachend		
28513	hinter		
28514	sich	4335	(mention_id=4297|references=(entity=(entity_id=entity_0009|fullname=Franz Gersbacher|gender=m)))
28515	zu		
28516	.		
