i	token	mention	gold
59633	Achtzehntes		
59634	Kapitel		
59635	.		
59636	Schon		
59637	am		
59638	nächsten		
59639	Abend		
59640	konnte		
59641	Schneckenkaschper	9392	(mention_id=9322|references=(entity=(entity_id=entity_0006|fullname=Kaspar|gender=m)))
59642	auf		
59643	dem		
59644	Abtshofe		
59645	melden		
59646	,		
59647	daß		
59648	der		
59649	Fremde	9393	(mention_id=9323|references=(entity=(entity_id=entity_0027|fullname=Vincenz Ebendorffer|gender=m)))
59650	im		
59651	Gasthause		
59652	zur		
59653	goldenen		
59654	Traube		
59655	wohnte		
59656	,		
59657	in		
59658	das		
59659	er	9394	(mention_id=9324|references=(entity=(entity_id=entity_0027|fullname=Vincenz Ebendorffer|gender=m)))
59660	auch		
59661	soeben		
59662	seinen	9395	(mention_id=9325|references=(entity=(entity_id=entity_0027|fullname=Vincenz Ebendorffer|gender=m)))
59663	Großvater	9396	(mention_id=9326|references=(entity=(entity_id=entity_0015|fullname=Hammichel von Gimmeldingen|gender=m)))
59664	hätte		
59665	hineingehen		
59666	sehen		
59667	.		
59668	»		
59669	Natürlich		
59670	wieder		
59671	Hammichel	9397	(mention_id=9327|references=(entity=(entity_id=entity_0015|fullname=Hammichel von Gimmeldingen|gender=m)))
59672	,		
59673	der	9398	(mention_id=9328|references=(entity=(entity_id=entity_0015|fullname=Hammichel von Gimmeldingen|gender=m)))
59674	sich	9399	(mention_id=9329|references=(entity=(entity_id=entity_0015|fullname=Hammichel von Gimmeldingen|gender=m)))
59675	dem		
59676	Abgesandten	9400	(mention_id=9330|references=(entity=(entity_id=entity_0027|fullname=Vincenz Ebendorffer|gender=m)))
59677	sofort		
59678	als		
59679	Bundesgenosse	9401	(mention_id=9331|references=(entity=(entity_id=entity_0015|fullname=Hammichel von Gimmeldingen|gender=m)))
59680	zur		
59681	Verfügung		
59682	stellt		
59683	,		
59684	«		
59685	sprach		
59686	der		
59687	Bürgermeister	9402	(mention_id=9332|references=(entity=(entity_id=entity_0001|fullname=Christoph Armbruster|gender=m)))
59688	.		
59689	Die		
59690	beiden		
59691	Mädchen	9403	(mention_id=9333|references=(entity=(entity_id=entity_0002|fullname=Gontrud Hegewald|gender=f)),(entity=(entity_id=entity_0004|fullname=Ammerie Armbruster|gender=f)))
59692	waren		
59693	nicht		
59694	zugegen		
59695	,		
59696	wohl		
59697	aber		
59698	Madlen	9404	(mention_id=9334|references=(entity=(entity_id=entity_0003|fullname=Magdalene Armbruster|gender=f)))
59699	,		
59700	die	9405	(mention_id=9335|references=(entity=(entity_id=entity_0003|fullname=Magdalene Armbruster|gender=f)))
59701	nun		
59702	sagte		
59703	:		
59704	»		
59705	Wie		
59706	mögen		
59707	sich	9406	(mention_id=9336|references=(entity=(entity_id=entity_0027|fullname=Vincenz Ebendorffer|gender=m)),(entity=(entity_id=entity_0015|fullname=Hammichel von Gimmeldingen|gender=m)))
59708	diese		
59709	zwei		
59710	Menschen	9407	(mention_id=9337|references=(entity=(entity_id=entity_0027|fullname=Vincenz Ebendorffer|gender=m)),(entity=(entity_id=entity_0015|fullname=Hammichel von Gimmeldingen|gender=m)))
59711	nur		
59712	so		
59713	schnell		
59714	zusammengefunden		
59715	haben		
59716	?		
59717	«		
59718	»		
59719	Sie	9408	(mention_id=9338|references=(entity=(entity_id=entity_0027|fullname=Vincenz Ebendorffer|gender=m)),(entity=(entity_id=entity_0015|fullname=Hammichel von Gimmeldingen|gender=m)))
59720	werden		
59721	wohl		
59722	eine		
59723	ebenso		
59724	feine		
59725	Nase		
59726	haben		
59727	wie		
59728	Schneckenkaschper	9409	(mention_id=9339|references=(entity=(entity_id=entity_0006|fullname=Kaspar|gender=m)))
59729	sein	9410	(mention_id=9340|references=(entity=(entity_id=entity_0006|fullname=Kaspar|gender=m)))
59730	Patz	9411	
59731	und		
59732	haben's		
59733	sich	9412	(mention_id=9341|references=(entity=(entity_id=entity_0027|fullname=Vincenz Ebendorffer|gender=m)),(entity=(entity_id=entity_0015|fullname=Hammichel von Gimmeldingen|gender=m)))
59734	gegenseitig		(mention_id=9342|references=(entity=(entity_id=entity_0027|fullname=Vincenz Ebendorffer|gender=m)),(entity=(entity_id=entity_0015|fullname=Hammichel von Gimmeldingen|gender=m)))
59735	angerochen		
59736	,		
59737	weß		
59738	Geistes		
59739	Kinder	9413	(mention_id=9343|references=(entity=(entity_id=entity_0027|fullname=Vincenz Ebendorffer|gender=m)),(entity=(entity_id=entity_0015|fullname=Hammichel von Gimmeldingen|gender=m)))
59740	sie	9414	(mention_id=9344|references=(entity=(entity_id=entity_0027|fullname=Vincenz Ebendorffer|gender=m)),(entity=(entity_id=entity_0015|fullname=Hammichel von Gimmeldingen|gender=m)))
59741	beide		(mention_id=9345|references=(entity=(entity_id=entity_0027|fullname=Vincenz Ebendorffer|gender=m)),(entity=(entity_id=entity_0015|fullname=Hammichel von Gimmeldingen|gender=m)))
59742	sind		
59743	,		
59744	«		
59745	höhnte		
59746	Christoph	9415	(mention_id=9346|references=(entity=(entity_id=entity_0001|fullname=Christoph Armbruster|gender=m)))
59747	.		
59748	Kasper	9416	(mention_id=9347|references=(entity=(entity_id=entity_0006|fullname=Kaspar|gender=m)))
59749	aber		
59750	wurde		
59751	für		
59752	seine	9417	(mention_id=9348|references=(entity=(entity_id=entity_0006|fullname=Kaspar|gender=m)))
59753	wichtige		
59754	Entdeckung		
59755	von		
59756	Madlen	9418	(mention_id=9349|references=(entity=(entity_id=entity_0003|fullname=Magdalene Armbruster|gender=f)))
59757	mit		
59758	einem		
59759	Abendbrot		
59760	belohnt		
59761	.		
59762	–		
59763	Die		
59764	Verbindung		
59765	Ebendorffers	9419	(mention_id=9350|references=(entity=(entity_id=entity_0027|fullname=Vincenz Ebendorffer|gender=m)))
59766	mit		
59767	Hammichel	9420	(mention_id=9351|references=(entity=(entity_id=entity_0015|fullname=Hammichel von Gimmeldingen|gender=m)))
59768	hatte		
59769	der		
59770	Zufall		
59771	eingeleitet		
59772	.		
59773	Der		
59774	Alte	9421	(mention_id=9352|references=(entity=(entity_id=entity_0015|fullname=Hammichel von Gimmeldingen|gender=m)))
59775	hatte		
59776	den		
59777	ihm	9422	(mention_id=9353|references=(entity=(entity_id=entity_0015|fullname=Hammichel von Gimmeldingen|gender=m)))
59778	Unbekannten	9423	(mention_id=9354|references=(entity=(entity_id=entity_0027|fullname=Vincenz Ebendorffer|gender=m)))
59779	auf		
59780	der		
59781	Straße		
59782	getroffen		
59783	,		
59784	wo		
59785	dieser	9424	(mention_id=9355|references=(entity=(entity_id=entity_0027|fullname=Vincenz Ebendorffer|gender=m)))
59786	,		
59787	ein		
59788	schlanker		
59789	,		
59790	kräftig		
59791	gebauter		
59792	Mensch	9425	(mention_id=9356|references=(entity=(entity_id=entity_0027|fullname=Vincenz Ebendorffer|gender=m)))
59793	von		
59794	einigen		
59795	dreißig		
59796	Jahren		
59797	,		
59798	umherspähend		
59799	sich	9426	(mention_id=9357|references=(entity=(entity_id=entity_0027|fullname=Vincenz Ebendorffer|gender=m)))
59800	die		
59801	Häuser		
59802	und		
59803	Höfe		
59804	betrachtete		
59805	,		
59806	als		
59807	suche		
59808	er	9427	(mention_id=9358|references=(entity=(entity_id=entity_0027|fullname=Vincenz Ebendorffer|gender=m)))
59809	jemand		(mention_id=9359|references=(entity=(entity_id=entity_0002|fullname=Gontrud Hegewald|gender=f)))
59810	.		
59811	Da		
59812	hatte		
59813	Hammichel	9428	(mention_id=9360|references=(entity=(entity_id=entity_0015|fullname=Hammichel von Gimmeldingen|gender=m)))
59814	in		
59815	der		
59816	Hoffnung		
59817	auf		
59818	einen		
59819	klingenden		
59820	Habedank		
59821	sich	9429	(mention_id=9361|references=(entity=(entity_id=entity_0015|fullname=Hammichel von Gimmeldingen|gender=m)))
59822	ihm	9430	(mention_id=9362|references=(entity=(entity_id=entity_0027|fullname=Vincenz Ebendorffer|gender=m)))
59823	mit		
59824	der		
59825	Anrede		
59826	genähert		
59827	:		
59828	»		
59829	Ihr	9431	(mention_id=9363|references=(entity=(entity_id=entity_0027|fullname=Vincenz Ebendorffer|gender=m)))
59830	seid		
59831	hier		
59832	fremd		
59833	,		
59834	Herr	9432	(mention_id=9364|references=(entity=(entity_id=entity_0027|fullname=Vincenz Ebendorffer|gender=m)))
59835	;		
59836	kann		
59837	ich	9433	(mention_id=9365|references=(entity=(entity_id=entity_0015|fullname=Hammichel von Gimmeldingen|gender=m)))
59838	Euch	9434	(mention_id=9366|references=(entity=(entity_id=entity_0027|fullname=Vincenz Ebendorffer|gender=m)))
59839	vielleicht		
59840	mit		
59841	einer		
59842	Auskunft		
59843	von		
59844	Nutzen		
59845	sein		
59846	?		
59847	«		
59848	»		
59849	Das		
59850	nehm'		
59851	ich	9435	(mention_id=9367|references=(entity=(entity_id=entity_0027|fullname=Vincenz Ebendorffer|gender=m)))
59852	gern		
59853	an		
59854	,		
59855	«		
59856	erwiderte		
59857	der		
59858	also		
59859	Begrüßte	9436	(mention_id=9368|references=(entity=(entity_id=entity_0027|fullname=Vincenz Ebendorffer|gender=m)))
59860	,		
59861	dem	9437	(mention_id=9369|references=(entity=(entity_id=entity_0027|fullname=Vincenz Ebendorffer|gender=m)))
59862	das		
59863	verschmitzte		
59864	Gesicht		
59865	des		
59866	sich	9438	(mention_id=9370|references=(entity=(entity_id=entity_0015|fullname=Hammichel von Gimmeldingen|gender=m)))
59867	ihm	9439	(mention_id=9371|references=(entity=(entity_id=entity_0027|fullname=Vincenz Ebendorffer|gender=m)))
59868	Anbietenden	9440	(mention_id=9372|references=(entity=(entity_id=entity_0015|fullname=Hammichel von Gimmeldingen|gender=m)))
59869	Vertrauen		
59870	zu		
59871	seiner	9441	(mention_id=9373|references=(entity=(entity_id=entity_0015|fullname=Hammichel von Gimmeldingen|gender=m)))
59872	Brauchbarkeit		
59873	einflößte		
59874	.		
59875	»		
59876	Ich	9442	(mention_id=9374|references=(entity=(entity_id=entity_0027|fullname=Vincenz Ebendorffer|gender=m)))
59877	suche		
59878	eine		
59879	gewisse		
59880	Trudi	9443	(mention_id=9375|references=(entity=(entity_id=entity_0002|fullname=Gontrud Hegewald|gender=f)))
59881	Hegewald	9443	(mention_id=9375|references=(entity=(entity_id=entity_0002|fullname=Gontrud Hegewald|gender=f)))
59882	aus		
59883	dem		
59884	Würzburgischen		
59885	.		
59886	«		
59887	»		
59888	Die		
59889	schöne		
59890	Trudi	9444	(mention_id=9376|references=(entity=(entity_id=entity_0002|fullname=Gontrud Hegewald|gender=f)))
59891	sucht		
59892	Ihr	9445	(mention_id=9377|references=(entity=(entity_id=entity_0027|fullname=Vincenz Ebendorffer|gender=m)))
59893	?		
59894	«		
59895	sprach		
59896	Hammichel	9446	(mention_id=9378|references=(entity=(entity_id=entity_0015|fullname=Hammichel von Gimmeldingen|gender=m)))
59897	erstaunt		
59898	.		
59899	»		
59900	Ja		
59901	,		
59902	die	9447	(mention_id=9379|references=(entity=(entity_id=entity_0002|fullname=Gontrud Hegewald|gender=f)))
59903	wohnt		
59904	hier		
59905	,		
59906	und		
59907	ich	9448	(mention_id=9380|references=(entity=(entity_id=entity_0015|fullname=Hammichel von Gimmeldingen|gender=m)))
59908	kenne		
59909	sie	9449	(mention_id=9381|references=(entity=(entity_id=entity_0002|fullname=Gontrud Hegewald|gender=f)))
59910	genau		
59911	.		
59912	Aber		
59913	,		
59914	«		
59915	fuhr		
59916	er	9450	(mention_id=9382|references=(entity=(entity_id=entity_0015|fullname=Hammichel von Gimmeldingen|gender=m)))
59917	fort		
59918	,		
59919	als		
59920	er	9451	(mention_id=9383|references=(entity=(entity_id=entity_0015|fullname=Hammichel von Gimmeldingen|gender=m)))
59921	sah		
59922	,		
59923	wie		
59924	willkommen		
59925	dem		
59926	Fremden	9452	(mention_id=9384|references=(entity=(entity_id=entity_0027|fullname=Vincenz Ebendorffer|gender=m)))
59927	diese		
59928	Nachricht		
59929	zu		
59930	sein		
59931	schien		
59932	,		
59933	»		
59934	was		
59935	wollt		
59936	Ihr	9453	(mention_id=9385|references=(entity=(entity_id=entity_0027|fullname=Vincenz Ebendorffer|gender=m)))
59937	denn		
59938	von		
59939	der	9454	(mention_id=9386|references=(entity=(entity_id=entity_0002|fullname=Gontrud Hegewald|gender=f)))
59940	,		
59941	wenn		
59942	ich	9455	(mention_id=9387|references=(entity=(entity_id=entity_0015|fullname=Hammichel von Gimmeldingen|gender=m)))
59943	fragen		
59944	darf		
59945	?		
59946	das		
59947	möcht'		
59948	ich	9456	(mention_id=9388|references=(entity=(entity_id=entity_0015|fullname=Hammichel von Gimmeldingen|gender=m)))
59949	wissen		
59950	,		
59951	eh'		
59952	ich	9457	(mention_id=9389|references=(entity=(entity_id=entity_0015|fullname=Hammichel von Gimmeldingen|gender=m)))
59953	Euch	9458	(mention_id=9390|references=(entity=(entity_id=entity_0027|fullname=Vincenz Ebendorffer|gender=m)))
59954	zu		
59955	ihr	9459	(mention_id=9391|references=(entity=(entity_id=entity_0002|fullname=Gontrud Hegewald|gender=f)))
59956	führe		
59957	.		
59958	«		
59959	»		
59960	Was		
59961	ich	9460	(mention_id=9392|references=(entity=(entity_id=entity_0027|fullname=Vincenz Ebendorffer|gender=m)))
59962	von		
59963	ihr	9461	(mention_id=9393|references=(entity=(entity_id=entity_0002|fullname=Gontrud Hegewald|gender=f)))
59964	will		
59965	,		
59966	könnt		
59967	Ihr	9462	(mention_id=9394|references=(entity=(entity_id=entity_0015|fullname=Hammichel von Gimmeldingen|gender=m)))
59968	und		
59969	ganz		
59970	Wachenheim	9463	
59971	wissen		
59972	,		
59973	denn		
59974	es		
59975	liegt		
59976	kein		
59977	Grund		
59978	vor		
59979	,		
59980	ein		
59981	Hehl		
59982	daraus		
59983	zu		
59984	machen		
59985	,		
59986	«		
59987	gab		
59988	Ebendorffer	9464	(mention_id=9395|references=(entity=(entity_id=entity_0027|fullname=Vincenz Ebendorffer|gender=m)))
59989	sehr		
59990	von		
59991	oben		
59992	herab		
59993	zur		
59994	Antwort		
59995	.		
59996	»		
59997	Ich	9465	(mention_id=9396|references=(entity=(entity_id=entity_0027|fullname=Vincenz Ebendorffer|gender=m)))
59998	hab		
59999	ein		
60000	wohlverbrieftes		
60001	Recht		
60002	auf		
60003	sie	9466	(mention_id=9397|references=(entity=(entity_id=entity_0002|fullname=Gontrud Hegewald|gender=f)))
60004	,		
60005	kraft		
60006	dessen		
60007	sie	9467	(mention_id=9398|references=(entity=(entity_id=entity_0002|fullname=Gontrud Hegewald|gender=f)))
60008	mir	9468	(mention_id=9399|references=(entity=(entity_id=entity_0027|fullname=Vincenz Ebendorffer|gender=m)))
60009	unweigerlich		
60010	ausgeliefert		
60011	werden		
60012	muß		
60013	.		
60014	Sie	9469	(mention_id=9400|references=(entity=(entity_id=entity_0002|fullname=Gontrud Hegewald|gender=f)))
60015	ist		
60016	aus		
60017	ihrem	9470	(mention_id=9401|references=(entity=(entity_id=entity_0002|fullname=Gontrud Hegewald|gender=f)))
60018	Dienst		
60019	auf		
60020	dem		
60021	Klosterhof		
60022	zu		
60023	Bronnbach		
60024	entflohen		
60025	,		
60026	und		
60027	ich	9471	(mention_id=9402|references=(entity=(entity_id=entity_0027|fullname=Vincenz Ebendorffer|gender=m)))
60028	bin		
60029	als		
60030	Verwalter	9472	(mention_id=9403|references=(entity=(entity_id=entity_0027|fullname=Vincenz Ebendorffer|gender=m)))
60031	des		
60032	Hofes		
60033	beauftragt		
60034	und		
60035	bevollmächtigt		
60036	,		
60037	sie	9473	(mention_id=9404|references=(entity=(entity_id=entity_0002|fullname=Gontrud Hegewald|gender=f)))
60038	dahin		
60039	zurückzuholen		
60040	.		
60041	«		
60042	»		
60043	Was		
60044	Ihr	9474	(mention_id=9405|references=(entity=(entity_id=entity_0027|fullname=Vincenz Ebendorffer|gender=m)))
60045	sagt		
60046	!		
60047	«		
60048	grinste		
60049	der		
60050	rasch		
60051	Überlegende	9475	
60052	,		
60053	erfreut		
60054	über		
60055	die		
60056	für		
60057	ihn	9476	(mention_id=9406|references=(entity=(entity_id=entity_0027|fullname=Vincenz Ebendorffer|gender=m)))
60058	aussichtsreiche		
60059	Eröffnung		
60060	.		
60061	»		
60062	Nur		
60063	,		
60064	so		
60065	leicht		
60066	und		
60067	ohne		
60068	weiteres		
60069	wird		
60070	sich		
60071	das		
60072	nicht		
60073	bewerkstelligen		
60074	lassen		
60075	;		
60076	freiwillig		
60077	wird		
60078	sie	9477	(mention_id=9407|references=(entity=(entity_id=entity_0002|fullname=Gontrud Hegewald|gender=f)))
60079	schwerlich		
60080	mit		
60081	Euch	9478	(mention_id=9408|references=(entity=(entity_id=entity_0027|fullname=Vincenz Ebendorffer|gender=m)))
60082	gehen		
60083	und		
60084	ob		
60085	man		
60086	sie	9479	(mention_id=9409|references=(entity=(entity_id=entity_0002|fullname=Gontrud Hegewald|gender=f)))
60087	dazu		
60088	zwingen		
60089	wird		
60090	,		
60091	ist		
60092	auch		
60093	noch		
60094	die		
60095	Frage		
60096	.		
60097	Aber		
60098	ich	9480	(mention_id=9410|references=(entity=(entity_id=entity_0015|fullname=Hammichel von Gimmeldingen|gender=m)))
60099	könnt'		
60100	Euch	9481	(mention_id=9411|references=(entity=(entity_id=entity_0027|fullname=Vincenz Ebendorffer|gender=m)))
60101	in		
60102	der		
60103	Sache		
60104	viel		
60105	helfen		
60106	,		
60107	wenn		
60108	Ihr	9482	(mention_id=9412|references=(entity=(entity_id=entity_0027|fullname=Vincenz Ebendorffer|gender=m)))
60109	verschwiegen		
60110	sein		
60111	wollt		
60112	und		
60113	wenn		
60114	Ihr	9483	(mention_id=9413|references=(entity=(entity_id=entity_0027|fullname=Vincenz Ebendorffer|gender=m)))
60115	–		
60116	«		
60117	»		
60118	Verstehe		
60119	schon		
60120	,		
60121	«		
60122	lächelte		
60123	der		
60124	andere	9484	(mention_id=9414|references=(entity=(entity_id=entity_0027|fullname=Vincenz Ebendorffer|gender=m)))
60125	und		
60126	blinzelte		
60127	dem		
60128	gefälligen		
60129	Vermittler	9485	(mention_id=9415|references=(entity=(entity_id=entity_0015|fullname=Hammichel von Gimmeldingen|gender=m)))
60130	gönnerhaft		
60131	zu		
60132	.		
60133	»		
60134	Es		
60135	soll		
60136	Euer	9486	(mention_id=9416|references=(entity=(entity_id=entity_0015|fullname=Hammichel von Gimmeldingen|gender=m)))
60137	Schade		
60138	nicht		
60139	sein		
60140	.		
60141	Wie		
60142	heißt		
60143	Ihr	9487	(mention_id=9417|references=(entity=(entity_id=entity_0015|fullname=Hammichel von Gimmeldingen|gender=m)))
60144	,		
60145	guter		
60146	Freund	9488	(mention_id=9418|references=(entity=(entity_id=entity_0015|fullname=Hammichel von Gimmeldingen|gender=m)))
60147	?		
60148	«		
60149	»		
60150	Hammichel	9489	(mention_id=9419|references=(entity=(entity_id=entity_0015|fullname=Hammichel von Gimmeldingen|gender=m)))
60151	,		
60152	Hammichel	9490	(mention_id=9420|references=(entity=(entity_id=entity_0015|fullname=Hammichel von Gimmeldingen|gender=m)))
60153	von	9490	(mention_id=9420|references=(entity=(entity_id=entity_0015|fullname=Hammichel von Gimmeldingen|gender=m)))
60154	Gimmeldingen	9490	(mention_id=9420|references=(entity=(entity_id=entity_0015|fullname=Hammichel von Gimmeldingen|gender=m)))
60155	,		
60156	Euch	9491	(mention_id=9421|references=(entity=(entity_id=entity_0027|fullname=Vincenz Ebendorffer|gender=m)))
60157	zu		
60158	dienen		
60159	.		
60160	«		
60161	»		
60162	Hammichel	9492	(mention_id=9422|references=(entity=(entity_id=entity_0015|fullname=Hammichel von Gimmeldingen|gender=m)))
60163	von	9492	(mention_id=9422|references=(entity=(entity_id=entity_0015|fullname=Hammichel von Gimmeldingen|gender=m)))
60164	Gimmeldingen	9492	(mention_id=9422|references=(entity=(entity_id=entity_0015|fullname=Hammichel von Gimmeldingen|gender=m)))
60165	,		
60166	–		
60167	ein		
60168	hübscher		
60169	Name		
60170	,		
60171	ein		
60172	einschmeichelnder		
60173	Name		
60174	!		
60175	«		
60176	»		
60177	Nicht		
60178	wahr		
60179	?		
60180	«		
60181	schmunzelte		
60182	der		
60183	Alte	9493	(mention_id=9423|references=(entity=(entity_id=entity_0015|fullname=Hammichel von Gimmeldingen|gender=m)))
60184	,		
60185	»		
60186	und		
60187	hier		
60188	zehn		
60189	Meilen		
60190	weit		
60191	in		
60192	der		
60193	Runde		
60194	überall		
60195	mit		
60196	Ehren		
60197	genannt		
60198	.		
60199	«		
60200	»		
60201	Ei		
60202	,		
60203	ei		
60204	!		
60205	da		
60206	kann		
60207	man		
60208	sich		
60209	wohl		
60210	auf		
60211	Euch	9494	(mention_id=9424|references=(entity=(entity_id=entity_0015|fullname=Hammichel von Gimmeldingen|gender=m)))
60212	verlassen		
60213	,		
60214	Hammichel	9495	(mention_id=9425|references=(entity=(entity_id=entity_0015|fullname=Hammichel von Gimmeldingen|gender=m)))
60215	von	9495	(mention_id=9425|references=(entity=(entity_id=entity_0015|fullname=Hammichel von Gimmeldingen|gender=m)))
60216	Gimmeldingen	9495	(mention_id=9425|references=(entity=(entity_id=entity_0015|fullname=Hammichel von Gimmeldingen|gender=m)))
60217	?		
60218	«		
60219	»		
60220	In		
60221	allen		
60222	Stücken		
60223	,		
60224	bei		
60225	Tag		
60226	und		
60227	bei		
60228	Nacht		
60229	,		
60230	Herr	9496	(mention_id=9426|references=(entity=(entity_id=entity_0027|fullname=Vincenz Ebendorffer|gender=m)))
60231	–		
60232	«		
60233	»		
60234	Vinzenz	9497	(mention_id=9427|references=(entity=(entity_id=entity_0027|fullname=Vincenz Ebendorffer|gender=m)))
60235	Ebendorffer	9497	(mention_id=9427|references=(entity=(entity_id=entity_0027|fullname=Vincenz Ebendorffer|gender=m)))
60236	.		
60237	«		
60238	Tief		
60239	duckte		
60240	Hammichel	9498	(mention_id=9428|references=(entity=(entity_id=entity_0015|fullname=Hammichel von Gimmeldingen|gender=m)))
60241	seinen	9499	(mention_id=9429|references=(entity=(entity_id=entity_0015|fullname=Hammichel von Gimmeldingen|gender=m)))
60242	krummen		
60243	Rücken		
60244	und		
60245	sprach		
60246	:		
60247	»		
60248	Aber		
60249	die		
60250	Trudi	9500	(mention_id=9430|references=(entity=(entity_id=entity_0002|fullname=Gontrud Hegewald|gender=f)))
60251	ist		
60252	doch		
60253	schon		
60254	ein		
60255	ganzes		
60256	Jahr		
60257	hier		
60258	.		
60259	Warum		
60260	seid		
60261	Ihr	9501	(mention_id=9431|references=(entity=(entity_id=entity_0027|fullname=Vincenz Ebendorffer|gender=m)))
60262	denn		
60263	nicht		
60264	schon		
60265	früher		
60266	gekommen		
60267	,		
60268	sie	9502	(mention_id=9432|references=(entity=(entity_id=entity_0002|fullname=Gontrud Hegewald|gender=f)))
60269	zu		
60270	holen		
60271	?		
60272	«		
60273	»		
60274	Weil		
60275	ich	9503	(mention_id=9433|references=(entity=(entity_id=entity_0027|fullname=Vincenz Ebendorffer|gender=m)))
60276	ihren	9504	(mention_id=9434|references=(entity=(entity_id=entity_0002|fullname=Gontrud Hegewald|gender=f)))
60277	Aufenthaltsort		
60278	nicht		
60279	kannte		
60280	,		
60281	«		
60282	erwiderte		
60283	Ebendorffer	9505	(mention_id=9435|references=(entity=(entity_id=entity_0027|fullname=Vincenz Ebendorffer|gender=m)))
60284	.		
60285	»		
60286	Erst		
60287	kürzlich		
60288	hat		
60289	ihr	9506	(mention_id=9436|references=(entity=(entity_id=entity_0002|fullname=Gontrud Hegewald|gender=f)))
60290	Stiefvater	9507	(mention_id=9437|references=(entity=(entity_id=entity_0028|fullname=Pankraz Dornhuber|gender=m)))
60291	,		
60292	mit		
60293	dem	9508	(mention_id=9438|references=(entity=(entity_id=entity_0028|fullname=Pankraz Dornhuber|gender=m)))
60294	ich	9509	(mention_id=9439|references=(entity=(entity_id=entity_0027|fullname=Vincenz Ebendorffer|gender=m)))
60295	befreundet		
60296	bin		
60297	,		
60298	ein		
60299	von		
60300	ihrer	9510	(mention_id=9440|references=(entity=(entity_id=entity_0002|fullname=Gontrud Hegewald|gender=f)))
60301	verstorbenen		
60302	Mutter	9511	(mention_id=9441|references=(entity=(entity_id=entity_0032|fullname=Hilde Scheithauer|gender=f)))
60303	hinterlassenes		
60304	Papier		
60305	aufgefunden		
60306	,		
60307	aus		
60308	dem		
60309	hervorging		
60310	,		
60311	daß		
60312	sie	9512	(mention_id=9442|references=(entity=(entity_id=entity_0002|fullname=Gontrud Hegewald|gender=f)))
60313	in		
60314	der		
60315	Rheinpfalz		
60316	Verwandte		(mention_id=9443|references=(entity=(entity_id=entity_0186|fullname=Trudis Verwandte|gender=u|members=entity_0084|all_members_given=False|specialcase_entity=group)))
60317	haben		
60318	mußte		
60319	.		
60320	Da		
60321	hab		
60322	ich	9513	(mention_id=9444|references=(entity=(entity_id=entity_0027|fullname=Vincenz Ebendorffer|gender=m)))
60323	mich	9514	(mention_id=9445|references=(entity=(entity_id=entity_0027|fullname=Vincenz Ebendorffer|gender=m)))
60324	aufgemacht		
60325	und		
60326	hierzulande		
60327	in		
60328	Städten		
60329	und		
60330	Dörfern		
60331	nach		
60332	ihr	9515	(mention_id=9446|references=(entity=(entity_id=entity_0002|fullname=Gontrud Hegewald|gender=f)))
60333	geforscht		
60334	,		
60335	aber		
60336	niemand		
60337	wußte		
60338	etwas		
60339	von		
60340	einer		
60341	Trudi	9516	(mention_id=9447|references=(entity=(entity_id=entity_0002|fullname=Gontrud Hegewald|gender=f)))
60342	Hegewald	9516	(mention_id=9447|references=(entity=(entity_id=entity_0002|fullname=Gontrud Hegewald|gender=f)))
60343	.		
60344	Ihr	9517	(mention_id=9448|references=(entity=(entity_id=entity_0015|fullname=Hammichel von Gimmeldingen|gender=m)))
60345	seid		
60346	der		
60347	erste		
60348	,		
60349	der	9518	(mention_id=9449|references=(entity=(entity_id=entity_0015|fullname=Hammichel von Gimmeldingen|gender=m)))
60350	mir	9519	(mention_id=9450|references=(entity=(entity_id=entity_0027|fullname=Vincenz Ebendorffer|gender=m)))
60351	Bescheid		
60352	geben		
60353	konnte		
60354	.		
60355	«		
60356	»		
60357	Das		
60358	hat		
60359	sich		
60360	gut		
60361	getroffen		
60362	,		
60363	«		
60364	sagte		
60365	Hammichel	9520	(mention_id=9451|references=(entity=(entity_id=entity_0015|fullname=Hammichel von Gimmeldingen|gender=m)))
60366	.		
60367	»		
60368	Die		
60369	Verwandten	9521	(mention_id=9452|references=(entity=(entity_id=entity_0007|fullname=Familie Armbruster|gender=mf|members=entity_0001,entity_0003,entity_0004,entity_0005,entity_0008,entity_0016,entity_0017|all_members_given=True|specialcase_entity=group)))
60370	des		
60371	Mädchens	9522	(mention_id=9453|references=(entity=(entity_id=entity_0002|fullname=Gontrud Hegewald|gender=f)))
60372	sind		
60373	der		
60374	hiesige		
60375	Bürgermeister	9523	(mention_id=9454|references=(entity=(entity_id=entity_0001|fullname=Christoph Armbruster|gender=m)))
60376	Christoph	9523	(mention_id=9454|references=(entity=(entity_id=entity_0001|fullname=Christoph Armbruster|gender=m)))
60377	Armbruster	9523	(mention_id=9454|references=(entity=(entity_id=entity_0001|fullname=Christoph Armbruster|gender=m)))
60378	und		
60379	seine	9524	(mention_id=9455|references=(entity=(entity_id=entity_0001|fullname=Christoph Armbruster|gender=m)))
60380	Familie	9525	(mention_id=9456|references=(entity=(entity_id=entity_0007|fullname=Familie Armbruster|gender=mf|members=entity_0001,entity_0003,entity_0004,entity_0005,entity_0008,entity_0016,entity_0017|all_members_given=True|specialcase_entity=group)))
60381	,		
60382	die	9526	(mention_id=9457|references=(entity=(entity_id=entity_0007|fullname=Familie Armbruster|gender=mf|members=entity_0001,entity_0003,entity_0004,entity_0005,entity_0008,entity_0016,entity_0017|all_members_given=True|specialcase_entity=group)))
60383	der		
60384	Flüchtigen	9527	(mention_id=9458|references=(entity=(entity_id=entity_0002|fullname=Gontrud Hegewald|gender=f)))
60385	Obdach		
60386	gewährt		
60387	haben		
60388	.		
60389	Aber		
60390	ich	9528	(mention_id=9459|references=(entity=(entity_id=entity_0015|fullname=Hammichel von Gimmeldingen|gender=m)))
60391	schlage		
60392	vor		
60393	,		
60394	Herr	9529	(mention_id=9460|references=(entity=(entity_id=entity_0027|fullname=Vincenz Ebendorffer|gender=m)))
60395	Ebendorffer	9529	(mention_id=9460|references=(entity=(entity_id=entity_0027|fullname=Vincenz Ebendorffer|gender=m)))
60396	,		
60397	daß		
60398	wir	9530	(mention_id=9461|references=(entity=(entity_id=entity_0015|fullname=Hammichel von Gimmeldingen|gender=m)),(entity=(entity_id=entity_0027|fullname=Vincenz Ebendorffer|gender=m)))
60399	das		
60400	Nähere		
60401	in		
60402	geschlossenen		
60403	vier		
60404	Wänden		
60405	bereden		
60406	;		
60407	hier		
60408	auf		
60409	der		
60410	Gasse		
60411	könnte		
60412	das		
60413	auffallen		
60414	,		
60415	es		
60416	gibt		
60417	hier		
60418	schlechte		
60419	,		
60420	übeldenkende		
60421	Menschen	9531	(mention_id=9462|references=(entity=(entity_id=entity_0020|fullname=Christophs Verbündete|gender=mf|members=entity_0014,entity_0042|all_members_given=False|specialcase_entity=group)))
60422	.		
60423	«		
60424	»		
60425	So		
60426	kommt		
60427	in		
60428	den		
60429	Gasthof		
60430	zur		
60431	goldenen		
60432	Traube		
60433	,		
60434	«		
60435	sprach		
60436	der		
60437	Meier	9532	(mention_id=9463|references=(entity=(entity_id=entity_0027|fullname=Vincenz Ebendorffer|gender=m)))
60438	.		
60439	»		
60440	Da		
60441	bin		
60442	ich	9533	(mention_id=9464|references=(entity=(entity_id=entity_0027|fullname=Vincenz Ebendorffer|gender=m)))
60443	abgestiegen		
60444	und		
60445	hab'		
60446	auch		
60447	mein	9534	(mention_id=9465|references=(entity=(entity_id=entity_0027|fullname=Vincenz Ebendorffer|gender=m)))
60448	Pferd		
60449	dort		
60450	eingestellt		
60451	.		
60452	«		
60453	»		
60454	Hergeritten		
60455	seid		
60456	Ihr	9535	(mention_id=9466|references=(entity=(entity_id=entity_0027|fullname=Vincenz Ebendorffer|gender=m)))
60457	?		
60458	«		
60459	»		
60460	Jawohl		
60461	,		
60462	auf		
60463	einem		
60464	geschwinden		
60465	und		
60466	starken		
60467	Gaul		
60468	,		
60469	ausdauernd		
60470	in		
60471	jeder		
60472	Gangart		
60473	.		
60474	«		
60475	»		
60476	Darum		
60477	auch		
60478	die		
60479	Sporen		
60480	.		
60481	Wann		
60482	soll		
60483	ich	9536	(mention_id=9467|references=(entity=(entity_id=entity_0015|fullname=Hammichel von Gimmeldingen|gender=m)))
60484	kommen		
60485	,		
60486	Herr	9537	(mention_id=9468|references=(entity=(entity_id=entity_0027|fullname=Vincenz Ebendorffer|gender=m)))
60487	Ebendorffer	9537	(mention_id=9469|references=(entity=(entity_id=entity_0027|fullname=Vincenz Ebendorffer|gender=m)))
60488	?		
60489	«		
60490	»		
60491	Gegen		
60492	Abend		
60493	will		
60494	ich	9538	(mention_id=9470|references=(entity=(entity_id=entity_0027|fullname=Vincenz Ebendorffer|gender=m)))
60495	Euch	9539	(mention_id=9471|references=(entity=(entity_id=entity_0015|fullname=Hammichel von Gimmeldingen|gender=m)))
60496	erwarten		
60497	,		
60498	lieber		
60499	Hammichel	9540	(mention_id=9472|references=(entity=(entity_id=entity_0015|fullname=Hammichel von Gimmeldingen|gender=m)))
60500	,		
60501	und		
60502	im		
60503	Gasthof		
60504	werd'		
60505	ich	9541	(mention_id=9473|references=(entity=(entity_id=entity_0027|fullname=Vincenz Ebendorffer|gender=m)))
60506	Euch	9542	(mention_id=9474|references=(entity=(entity_id=entity_0015|fullname=Hammichel von Gimmeldingen|gender=m)))
60507	einen		
60508	Extraschoppen		
60509	Pfälzer		
60510	vorsetzen		
60511	,		
60512	der		
60513	Euch	9543	(mention_id=9475|references=(entity=(entity_id=entity_0015|fullname=Hammichel von Gimmeldingen|gender=m)))
60514	munden		
60515	soll		
60516	.		
60517	«		
60518	»		
60519	Und		
60520	den		
60521	ich	9544	(mention_id=9476|references=(entity=(entity_id=entity_0015|fullname=Hammichel von Gimmeldingen|gender=m)))
60522	selbst		
60523	zurecht		
60524	gemacht		
60525	habe		
60526	,		
60527	«		
60528	sagte		
60529	sich	9545	(mention_id=9477|references=(entity=(entity_id=entity_0015|fullname=Hammichel von Gimmeldingen|gender=m)))
60530	der		
60531	geheime		
60532	Kellermeister	9546	(mention_id=9478|references=(entity=(entity_id=entity_0015|fullname=Hammichel von Gimmeldingen|gender=m)))
60533	des		
60534	Traubenwirtes	9547	
60535	,		
60536	nachdem		
60537	er	9548	(mention_id=9479|references=(entity=(entity_id=entity_0015|fullname=Hammichel von Gimmeldingen|gender=m)))
60538	sich	9549	(mention_id=9480|references=(entity=(entity_id=entity_0015|fullname=Hammichel von Gimmeldingen|gender=m)))
60539	von		
60540	seinem	9550	(mention_id=9481|references=(entity=(entity_id=entity_0015|fullname=Hammichel von Gimmeldingen|gender=m)))
60541	neuen		
60542	Geschäftsfreunde	9551	(mention_id=9482|references=(entity=(entity_id=entity_0027|fullname=Vincenz Ebendorffer|gender=m)))
60543	getrennt		
60544	hatte		
60545	.		
60546	»		
60547	Ein		
60548	gefunden		
60549	Fressen		
60550	,		
60551	dieser		
60552	sporenklirrende		
60553	Mädchenfänger	9552	(mention_id=9483|references=(entity=(entity_id=entity_0027|fullname=Vincenz Ebendorffer|gender=m)))
60554	!		
60555	Würzburger		
60556	Gulden		
60557	gelten		
60558	ebensoviel		
60559	wie		
60560	rheinische		
60561	,		
60562	wenn		
60563	sie		
60564	einem		
60565	wie		
60566	gebratene		
60567	Tauben		
60568	ins		
60569	Maul		
60570	fliegen		
60571	.		
60572	Nun		
60573	muß		
60574	mir	9553	(mention_id=9484|references=(entity=(entity_id=entity_0015|fullname=Hammichel von Gimmeldingen|gender=m)))
60575	doch		
60576	auch		
60577	Jakobine	9554	(mention_id=9485|references=(entity=(entity_id=entity_0022|fullname=Jakobine Steinecker|gender=f)))
60578	wieder		
60579	blechen		
60580	,		
60581	daß		
60582	ich	9555	(mention_id=9486|references=(entity=(entity_id=entity_0015|fullname=Hammichel von Gimmeldingen|gender=m)))
60583	dabei		
60584	mitwirke		
60585	,		
60586	die		
60587	ihr	9556	(mention_id=9487|references=(entity=(entity_id=entity_0022|fullname=Jakobine Steinecker|gender=f)))
60588	Unbequeme	9557	(mention_id=9488|references=(entity=(entity_id=entity_0002|fullname=Gontrud Hegewald|gender=f)))
60589	von		
60590	hier		
60591	fortzuschaffen		
60592	.		
60593	Zwei		
60594	Eisen		
60595	im		
60596	Feuer		
60597	!		
60598	das		
60599	dreht		
60600	sich		
60601	ja		
60602	recht		
60603	günstig		
60604	für		
60605	dich	9558	(mention_id=9489|references=(entity=(entity_id=entity_0015|fullname=Hammichel von Gimmeldingen|gender=m)))
60606	,		
60607	alter		
60608	Hammichel	9559	(mention_id=9490|references=(entity=(entity_id=entity_0015|fullname=Hammichel von Gimmeldingen|gender=m)))
60609	,		
60610	und		
60611	Seiner	9560	(mention_id=9491|references=(entity=(entity_id=entity_0001|fullname=Christoph Armbruster|gender=m)))
60612	hochnäsigen		
60613	Wohlweisheit		
60614	dem		
60615	Herrn	9561	(mention_id=9492|references=(entity=(entity_id=entity_0001|fullname=Christoph Armbruster|gender=m)))
60616	Bürgermeister	9561	(mention_id=9492|references=(entity=(entity_id=entity_0001|fullname=Christoph Armbruster|gender=m)))
60617	schickst		
60618	du	9562	(mention_id=9493|references=(entity=(entity_id=entity_0015|fullname=Hammichel von Gimmeldingen|gender=m)))
60619	jetzt		
60620	einen		(mention_id=9494|references=(entity=(entity_id=entity_0027|fullname=Vincenz Ebendorffer|gender=m)))
60621	auf		
60622	den		
60623	Hals		
60624	,		
60625	der	9563	(mention_id=9495|references=(entity=(entity_id=entity_0027|fullname=Vincenz Ebendorffer|gender=m)))
60626	eine		
60627	bessere		
60628	Vollmacht		
60629	hat		
60630	als		
60631	der		
60632	dämische		
60633	Hühnerfaut		(mention_id=9496|references=(entity=(entity_id=entity_0172|fullname=Hühner-und Außenfaut Lippert Wallmann|gender=m)))
60634	mit		
60635	dem		
60636	wieder		
60637	aufgebrühten		
60638	Wildfangrecht		
60639	.		
60640	«		
60641	Als		
60642	es		
60643	Abend		
60644	geworden		
60645	war		
60646	,		
60647	folgte		
60648	Hammichel	9564	(mention_id=9497|references=(entity=(entity_id=entity_0015|fullname=Hammichel von Gimmeldingen|gender=m)))
60649	der		
60650	Einladung		
60651	des		
60652	Meiers	9565	(mention_id=9498|references=(entity=(entity_id=entity_0027|fullname=Vincenz Ebendorffer|gender=m)))
60653	,		
60654	wie		
60655	es		
60656	Kaspar	9566	(mention_id=9499|references=(entity=(entity_id=entity_0006|fullname=Kaspar|gender=m)))
60657	gesehen		
60658	und		
60659	flugs		
60660	auf		
60661	dem		
60662	Abtshofe		
60663	gemeldet		
60664	hatte		
60665	.		
60666	–		
60667	Das		
60668	Gasthaus		
60669	zur		
60670	goldenen		
60671	Traube		
60672	wurde		
60673	von		
60674	Einheimischen	9567	(mention_id=9500|references=(entity=(entity_id=entity_0019|fullname=Wachenheimer|gender=mf|members=entity_0007,entity_0013,entity_0014,entity_0026|all_members_given=False|specialcase_entity=group)))
60675	fast		
60676	gar		
60677	nicht		
60678	besucht		
60679	,		
60680	sondern		
60681	mehr		
60682	als		
60683	Herberge		
60684	für		
60685	Durchreisende	9568	(mention_id=9501|references=(entity=(entity_id=generic_0313|fullname=generic_0100|gender=u|specialcase_entity=generic)))
60686	und		
60687	als		
60688	Ausspann		
60689	für		
60690	Fuhrleute	9569	(mention_id=9502|references=(entity=(entity_id=generic_0314|fullname=generic_0101|gender=u|specialcase_entity=generic)))
60691	und		
60692	Reiter	9570	(mention_id=9503|references=(entity=(entity_id=generic_0315|fullname=generic_0102|gender=u|specialcase_entity=generic)))
60693	benutzt		
60694	.		
60695	Die		
60696	beiden		(mention_id=9504|references=(entity=(entity_id=entity_0027|fullname=Vincenz Ebendorffer|gender=m)),(entity=(entity_id=entity_0015|fullname=Hammichel von Gimmeldingen|gender=m)))
60697	einander	9571	(mention_id=9505|references=(entity=(entity_id=entity_0027|fullname=Vincenz Ebendorffer|gender=m)),(entity=(entity_id=entity_0015|fullname=Hammichel von Gimmeldingen|gender=m)))
60698	Würdigen	9572	
60699	,		
60700	der		
60701	Bronnbacher	9573	(mention_id=9506|references=(entity=(entity_id=entity_0027|fullname=Vincenz Ebendorffer|gender=m)))
60702	und		
60703	der		
60704	Gimmeldinger	9574	(mention_id=9507|references=(entity=(entity_id=entity_0015|fullname=Hammichel von Gimmeldingen|gender=m)))
60705	,		
60706	saßen		
60707	dort		
60708	unbeobachtet		
60709	und		
60710	unbelauscht		
60711	beim		
60712	Wein		
60713	und		
60714	besprachen		
60715	leise		
60716	,		
60717	wie		
60718	sich		
60719	Trudis	9575	(mention_id=9508|references=(entity=(entity_id=entity_0002|fullname=Gontrud Hegewald|gender=f)))
60720	Beschlagnahme		
60721	am		
60722	sichersten		
60723	und		
60724	schnellsten		
60725	erreichen		
60726	ließe		
60727	.		
60728	Um		
60729	Schnelligkeit		
60730	war		
60731	es		
60732	aber		
60733	Hammichel	9576	(mention_id=9509|references=(entity=(entity_id=entity_0015|fullname=Hammichel von Gimmeldingen|gender=m)))
60734	durchaus		
60735	nicht		
60736	dabei		
60737	zu		
60738	tun		
60739	,		
60740	denn		
60741	er	9577	(mention_id=9510|references=(entity=(entity_id=entity_0015|fullname=Hammichel von Gimmeldingen|gender=m)))
60742	wünschte		
60743	mehr		
60744	solche		
60745	verstohlenen		
60746	Zusammenkünfte		
60747	mit		
60748	dem		
60749	Meier	9578	(mention_id=9511|references=(entity=(entity_id=entity_0027|fullname=Vincenz Ebendorffer|gender=m)))
60750	,		
60751	deren		
60752	jede		
60753	einen		
60754	in		
60755	barer		
60756	Münze		
60757	ausgerechneten		
60758	Wert		
60759	für		
60760	ihn	9579	(mention_id=9512|references=(entity=(entity_id=entity_0015|fullname=Hammichel von Gimmeldingen|gender=m)))
60761	hatte		
60762	.		
60763	Darum		
60764	hob		
60765	er	9580	(mention_id=9513|references=(entity=(entity_id=entity_0015|fullname=Hammichel von Gimmeldingen|gender=m)))
60766	mit		
60767	erheuchelter		
60768	Sorglichkeit		
60769	für		
60770	den		
60771	vorwärts		
60772	Drängenden	9581	
60773	die		
60774	Schwierigkeiten		
60775	des		
60776	Unternehmens		
60777	nachdrücklich		
60778	hervor		
60779	und		
60780	suchte		
60781	sie		
60782	möglichst		
60783	aufzubauschen		
60784	.		
60785	Er	9582	(mention_id=9514|references=(entity=(entity_id=entity_0015|fullname=Hammichel von Gimmeldingen|gender=m)))
60786	weihte		
60787	ihn	9583	(mention_id=9515|references=(entity=(entity_id=entity_0027|fullname=Vincenz Ebendorffer|gender=m)))
60788	,		
60789	soviel		
60790	es		
60791	ihm	9584	(mention_id=9516|references=(entity=(entity_id=entity_0015|fullname=Hammichel von Gimmeldingen|gender=m)))
60792	ersprießlich		
60793	deuchte		
60794	,		
60795	in		
60796	die		
60797	Wachenheimer		
60798	Verhältnisse		
60799	umständlich		
60800	ein		
60801	,		
60802	unterrichtete		
60803	ihn	9585	(mention_id=9517|references=(entity=(entity_id=entity_0027|fullname=Vincenz Ebendorffer|gender=m)))
60804	von		
60805	der		
60806	unnachgiebigen		
60807	Hartnäckigkeit		
60808	und		
60809	dem		
60810	vielvermögenden		
60811	Einflusse		
60812	des		
60813	Bürgermeisters	9586	(mention_id=9518|references=(entity=(entity_id=entity_0001|fullname=Christoph Armbruster|gender=m)))
60814	und		
60815	erfand		
60816	noch		
60817	mehr		
60818	dem		
60819	Plan		
60820	entgegenstehende		
60821	Hindernisse		
60822	,		
60823	deren		
60824	Überwindung		
60825	mit		
60826	der		
60827	äußersten		
60828	Vorsicht		
60829	betrieben		
60830	werden		
60831	müßte		
60832	.		
60833	Die		
60834	vielen		
60835	Wenn		
60836	und		
60837	Aber		
60838	seines	9587	(mention_id=9519|references=(entity=(entity_id=entity_0015|fullname=Hammichel von Gimmeldingen|gender=m)))
60839	schlauen		
60840	Zuträgers	9588	(mention_id=9520|references=(entity=(entity_id=entity_0015|fullname=Hammichel von Gimmeldingen|gender=m)))
60841	entmutigten		
60842	den		
60843	Meier	9589	(mention_id=9521|references=(entity=(entity_id=entity_0027|fullname=Vincenz Ebendorffer|gender=m)))
60844	jedoch		
60845	nicht		
60846	,		
60847	was		
60848	Hammichel	9590	(mention_id=9522|references=(entity=(entity_id=entity_0015|fullname=Hammichel von Gimmeldingen|gender=m)))
60849	auch		
60850	keineswegs		
60851	beabsichtigte		
60852	.		
60853	Er	9591	(mention_id=9523|references=(entity=(entity_id=entity_0015|fullname=Hammichel von Gimmeldingen|gender=m)))
60854	bestärkte		
60855	ihn	9592	(mention_id=9524|references=(entity=(entity_id=entity_0027|fullname=Vincenz Ebendorffer|gender=m)))
60856	vielmehr		
60857	geflissentlich		
60858	in		
60859	seinem	9593	(mention_id=9525|references=(entity=(entity_id=entity_0027|fullname=Vincenz Ebendorffer|gender=m)))
60860	Vorsatze		
60861	,		
60862	morgen		
60863	zu		
60864	Armbruster	9594	(mention_id=9526|references=(entity=(entity_id=entity_0001|fullname=Christoph Armbruster|gender=m)))
60865	zu		
60866	gehen		
60867	und		
60868	die		
60869	pflichtschuldige		
60870	Auslieferung		
60871	der		
60872	aus		
60873	der		
60874	Klosterfron		
60875	Entsprungenen	9595	
60876	kurz		
60877	und		
60878	bündig		
60879	zu		
60880	fordern		
60881	.		
60882	Der		
60883	Erzschelm	9596	(mention_id=9527|references=(entity=(entity_id=entity_0015|fullname=Hammichel von Gimmeldingen|gender=m)))
60884	wußte		
60885	genau		
60886	,		
60887	daß		
60888	dies		
60889	ein		
60890	völlig		
60891	verlorener		
60892	Schritt		
60893	sein		
60894	würde		
60895	.		
60896	Aber		
60897	er	9597	(mention_id=9528|references=(entity=(entity_id=entity_0015|fullname=Hammichel von Gimmeldingen|gender=m)))
60898	wollte		
60899	Zeit		
60900	gewinnen		
60901	,		
60902	die		
60903	Sache		
60904	in		
60905	die		
60906	Länge		
60907	ziehen		
60908	,		
60909	den		
60910	schon		
60911	halb		
60912	Umgarnten	9598	(mention_id=9529|references=(entity=(entity_id=entity_0027|fullname=Vincenz Ebendorffer|gender=m)))
60913	nach		
60914	dem		
60915	Mißlingen		
60916	der		
60917	einen		
60918	noch		
60919	zu		
60920	anderen		
60921	Maßnahmen		
60922	anstiften		
60923	und		
60924	ihm	9599	(mention_id=9530|references=(entity=(entity_id=entity_0027|fullname=Vincenz Ebendorffer|gender=m)))
60925	dabei		
60926	mit		
60927	Rat		
60928	und		
60929	Tat		
60930	zur		
60931	Seite		
60932	stehen		
60933	,		
60934	–		
60935	natürlich		
60936	nicht		
60937	für		
60938	nichts		
60939	und		
60940	wieder		
60941	nichts		
60942	.		
60943	Um		
60944	des		
60945	Bronnbachers	9600	
60946	brennendes		
60947	Verlangen		
60948	nach		
60949	Trudi	9601	(mention_id=9531|references=(entity=(entity_id=entity_0002|fullname=Gontrud Hegewald|gender=f)))
60950	,		
60951	dessen	9602	(mention_id=9532|references=(entity=(entity_id=entity_0027|fullname=Vincenz Ebendorffer|gender=m)))
60952	wahren		
60953	Beweggrund		
60954	er	9603	(mention_id=9533|references=(entity=(entity_id=entity_0015|fullname=Hammichel von Gimmeldingen|gender=m)))
60955	bald		
60956	entdeckt		
60957	hatte		
60958	,		
60959	noch		
60960	zu		
60961	schüren		
60962	,		
60963	versäumte		
60964	er	9604	(mention_id=9534|references=(entity=(entity_id=entity_0015|fullname=Hammichel von Gimmeldingen|gender=m)))
60965	nicht		
60966	,		
60967	ihm	9605	(mention_id=9535|references=(entity=(entity_id=entity_0027|fullname=Vincenz Ebendorffer|gender=m)))
60968	ihre	9606	(mention_id=9536|references=(entity=(entity_id=entity_0002|fullname=Gontrud Hegewald|gender=f)))
60969	anmutige		
60970	Erscheinung		
60971	recht		
60972	sinnfällig		
60973	herauszustreichen		
60974	und		
60975	ihre	9607	(mention_id=9537|references=(entity=(entity_id=entity_0002|fullname=Gontrud Hegewald|gender=f)))
60976	verführerischen		
60977	Reize		
60978	zu		
60979	schildern		
60980	,		
60981	womit		
60982	sie	9608	(mention_id=9538|references=(entity=(entity_id=entity_0002|fullname=Gontrud Hegewald|gender=f)))
60983	den		
60984	Burschen	9609	(mention_id=9539|references=(entity=(entity_id=entity_0108|fullname=Burschen|gender=m|specialcase_entity=group)))
60985	hier		
60986	die		
60987	Köpfe		
60988	verdrehte		
60989	,		
60990	daß		
60991	alle	9610	(mention_id=9540|references=(entity=(entity_id=entity_0108|fullname=Burschen|gender=m|specialcase_entity=group)))
60992	nach		
60993	ihrem	9611	(mention_id=9541|references=(entity=(entity_id=entity_0002|fullname=Gontrud Hegewald|gender=f)))
60994	Besitz		
60995	trachteten		
60996	und		
60997	schmachteten		
60998	.		
60999	Das		
61000	war		
61001	Öl		
61002	ins		
61003	Feuer		
61004	gegossen		
61005	,		
61006	und		
61007	in		
61008	der		
61009	Weinlaune		
61010	versprach		
61011	Ebendorffer	9612	(mention_id=9542|references=(entity=(entity_id=entity_0027|fullname=Vincenz Ebendorffer|gender=m)))
61012	dem		
61013	abgefeimten		
61014	Schacherer	9613	(mention_id=9543|references=(entity=(entity_id=entity_0015|fullname=Hammichel von Gimmeldingen|gender=m)))
61015	goldene		
61016	Berge		
61017	für		
61018	seine	9614	(mention_id=9544|references=(entity=(entity_id=entity_0015|fullname=Hammichel von Gimmeldingen|gender=m)))
61019	Hilfe		
61020	,		
61021	wenn		
61022	sie		
61023	den		
61024	gewünschten		
61025	Erfolg		
61026	hätte		
61027	.		
61028	Heute		
61029	schon		
61030	drückte		
61031	er	9615	(mention_id=9545|references=(entity=(entity_id=entity_0027|fullname=Vincenz Ebendorffer|gender=m)))
61032	ihm	9616	(mention_id=9546|references=(entity=(entity_id=entity_0015|fullname=Hammichel von Gimmeldingen|gender=m)))
61033	zum		
61034	Dank		
61035	für		
61036	seine	9617	(mention_id=9547|references=(entity=(entity_id=entity_0027|fullname=Vincenz Ebendorffer|gender=m)))
61037	Bemühung		
61038	ein		
61039	ziemlich		
61040	gewichtiges		
61041	Geldstück		
61042	in		
61043	die		
61044	Hand		
61045	,		
61046	das		
61047	Hammichel	9618	(mention_id=9548|references=(entity=(entity_id=entity_0015|fullname=Hammichel von Gimmeldingen|gender=m)))
61048	unbesehen		
61049	,		
61050	aber		
61051	in		
61052	richtiger		
61053	Abschätzung		
61054	seines	9619	
61055	Silbergehaltes		
61056	zufrieden		
61057	einsteckte		
61058	.		
61059	Das		
61060	war		
61061	doch		
61062	ein		
61063	Anfang		
61064	,		
61065	der		
61066	weitere		
61067	gute		
61068	Besoldung		
61069	erhoffen		
61070	ließ		
61071	,		
61072	und		
61073	dienstwillig		
61074	empfahl		
61075	sich	9620	(mention_id=9549|references=(entity=(entity_id=entity_0015|fullname=Hammichel von Gimmeldingen|gender=m)))
61076	der		
61077	Seßhafte	9621	(mention_id=9550|references=(entity=(entity_id=entity_0015|fullname=Hammichel von Gimmeldingen|gender=m)))
61078	zu		
61079	später		
61080	Stunde		
61081	seinem	9622	(mention_id=9551|references=(entity=(entity_id=entity_0015|fullname=Hammichel von Gimmeldingen|gender=m)))
61082	freigebigen		
61083	Beköstiger	9623	(mention_id=9552|references=(entity=(entity_id=entity_0027|fullname=Vincenz Ebendorffer|gender=m)))
61084	mit		
61085	dem		
61086	Versprechen		
61087	,		
61088	am		
61089	nächsten		
61090	Abend		
61091	wiederzukommen		
61092	,		
61093	um		
61094	zu		
61095	hören		
61096	,		
61097	welchen		
61098	Verlauf		
61099	der		
61100	Antrittsbesuch		
61101	auf		
61102	dem		
61103	Abtshofe		
61104	genommen		
61105	hatte		
61106	.		
61107	Langsam		
61108	wandelte		
61109	er	9624	(mention_id=9553|references=(entity=(entity_id=entity_0015|fullname=Hammichel von Gimmeldingen|gender=m)))
61110	durch		
61111	die		
61112	nächtlich		
61113	stillen		
61114	Gassen		
61115	seiner	9625	(mention_id=9554|references=(entity=(entity_id=entity_0015|fullname=Hammichel von Gimmeldingen|gender=m)))
61116	Behausung		
61117	zu		
61118	und		
61119	spann		
61120	allerhand		
61121	Fäden		
61122	,		
61123	an		
61124	denen		
61125	er	9626	(mention_id=9555|references=(entity=(entity_id=entity_0015|fullname=Hammichel von Gimmeldingen|gender=m)))
61126	den		
61127	Irregeführten	9627	(mention_id=9556|references=(entity=(entity_id=entity_0027|fullname=Vincenz Ebendorffer|gender=m)))
61128	zappeln		
61129	und		
61130	so		
61131	lange		
61132	hin-		
61133	und		
61134	herziehen		
61135	wollte		
61136	,		
61137	bis		
61138	er	9628	(mention_id=9557|references=(entity=(entity_id=entity_0015|fullname=Hammichel von Gimmeldingen|gender=m)))
61139	sein	9629	(mention_id=9558|references=(entity=(entity_id=entity_0015|fullname=Hammichel von Gimmeldingen|gender=m)))
61140	Schäflein		
61141	im		
61142	Trockenen		
61143	,		
61144	d.		
61145	h.		
61146	sowohl		
61147	von		
61148	Ebendorffer	9630	(mention_id=9559|references=(entity=(entity_id=entity_0027|fullname=Vincenz Ebendorffer|gender=m)))
61149	wie		
61150	von		
61151	Jakobinen	9631	(mention_id=9560|references=(entity=(entity_id=entity_0022|fullname=Jakobine Steinecker|gender=f)))
61152	nicht		
61153	gering		
61154	veranschlagte		
61155	Sporteln		
61156	und		
61157	Gebühren		
61158	für		
61159	seine	9632	(mention_id=9561|references=(entity=(entity_id=entity_0015|fullname=Hammichel von Gimmeldingen|gender=m)))
61160	Maulwurfsarbeit		
61161	eingesackt		
61162	hatte		
61163	.		
61164	Am		
61165	Himmel		
61166	stand		
61167	der		
61168	Mond		
61169	,		
61170	der		
61171	dem		
61172	alten		
61173	Fuchse	9633	(mention_id=9562|references=(entity=(entity_id=entity_0015|fullname=Hammichel von Gimmeldingen|gender=m)))
61174	schon		
61175	auf		
61176	manchem		
61177	Schleichwege		
61178	geleuchtet		
61179	hatte		
61180	und		
61181	ihm	9634	(mention_id=9563|references=(entity=(entity_id=entity_0015|fullname=Hammichel von Gimmeldingen|gender=m)))
61182	jetzt		
61183	ein		
61184	Gesicht		
61185	schnitt		
61186	,		
61187	über		
61188	dessen		
61189	Ausdruck		
61190	der		
61191	bedächtig		
61192	zu		
61193	ihm	9635	
61194	Aufblickende	9636	(mention_id=9564|references=(entity=(entity_id=entity_0015|fullname=Hammichel von Gimmeldingen|gender=m)))
61195	in		
61196	Zweifel		
61197	war		
61198	.		
61199	Wollte		
61200	der		
61201	verschwiegene		
61202	Mitwisser	9637	
61203	so		
61204	vieler		
61205	Heimlichkeiten		
61206	ihn	9638	(mention_id=9565|references=(entity=(entity_id=entity_0015|fullname=Hammichel von Gimmeldingen|gender=m)))
61207	zu		
61208	den		
61209	vorhabenden		
61210	Schritten		
61211	anreizen		
61212	oder		
61213	ihn	9639	(mention_id=9566|references=(entity=(entity_id=entity_0015|fullname=Hammichel von Gimmeldingen|gender=m)))
61214	davor		
61215	warnen		
61216	?		
61217	Ihm	9640	(mention_id=9567|references=(entity=(entity_id=entity_0015|fullname=Hammichel von Gimmeldingen|gender=m)))
61218	war		
61219	,		
61220	als		
61221	hauchte		
61222	der		
61223	Nachtwind		
61224	von		
61225	oben		
61226	her		
61227	den		
61228	beherzigenswerten		
61229	Wink		
61230	ins		
61231	Ohr		
61232	:		
61233	hüte		
61234	dich	9641	(mention_id=9568|references=(entity=(entity_id=entity_0015|fullname=Hammichel von Gimmeldingen|gender=m)))
61235	,		
61236	Hammichel	9642	(mention_id=9569|references=(entity=(entity_id=entity_0015|fullname=Hammichel von Gimmeldingen|gender=m)))
61237	,		
61238	daß		
61239	du	9643	(mention_id=9570|references=(entity=(entity_id=entity_0015|fullname=Hammichel von Gimmeldingen|gender=m)))
61240	nicht		
61241	die		
61242	eigene		
61243	Haut		
61244	zu		
61245	Markte		
61246	trägst		
61247	und		
61248	selbst		
61249	in		
61250	die		
61251	Grube		
61252	fällst		
61253	,		
61254	die		
61255	du	9644	(mention_id=9571|references=(entity=(entity_id=entity_0015|fullname=Hammichel von Gimmeldingen|gender=m)))
61256	einem		
61257	andern	9645	(mention_id=9572|references=(entity=(entity_id=entity_0027|fullname=Vincenz Ebendorffer|gender=m)))
61258	graben		
61259	willst		
61260	!		
61261	Aber		
61262	da		
61263	flog		
61264	,		
61265	weit		
61266	rechts		
61267	vom		
61268	Monde		
61269	,		
61270	eine		
61271	Sternschnuppe		
61272	.		
61273	»		
61274	Huihui		
61275	!		
61276	«		
61277	lachte		
61278	er	9646	(mention_id=9573|references=(entity=(entity_id=entity_0015|fullname=Hammichel von Gimmeldingen|gender=m)))
61279	,		
61280	»		
61281	das		
61282	war		
61283	mir	9647	(mention_id=9574|references=(entity=(entity_id=entity_0015|fullname=Hammichel von Gimmeldingen|gender=m)))
61284	ein		
61285	Fingerzeig		
61286	,		
61287	ein		
61288	Vorbild		
61289	.		
61290	Einer	9648	(mention_id=9575|references=(entity=(entity_id=entity_0015|fullname=Hammichel von Gimmeldingen|gender=m)))
61291	,		
61292	der	9649	(mention_id=9576|references=(entity=(entity_id=entity_0015|fullname=Hammichel von Gimmeldingen|gender=m)))
61293	sich	9650	(mention_id=9576|references=(entity=(entity_id=entity_0015|fullname=Hammichel von Gimmeldingen|gender=m)))
61294	in		
61295	den		
61296	Schwächen		
61297	der		
61298	Menschen	9651	(mention_id=9577|references=(entity=(entity_id=generic_0316|fullname=generic_0103|gender=u|specialcase_entity=generic)))
61299	auskennt		
61300	wie		
61301	auf		
61302	den		
61303	verschlungenen		
61304	Pfaden		
61305	des		
61306	Westricher		
61307	Waldes		
61308	,		
61309	der	9652	(mention_id=9578|references=(entity=(entity_id=entity_0015|fullname=Hammichel von Gimmeldingen|gender=m)))
61310	läßt		
61311	sich	9653	(mention_id=9579|references=(entity=(entity_id=entity_0015|fullname=Hammichel von Gimmeldingen|gender=m)))
61312	so		
61313	wenig		
61314	fangen		
61315	,		
61316	wie		
61317	das		
61318	Kometlein	9654	
61319	,		
61320	das	9655	
61321	da		
61322	durchs		
61323	Weltall		
61324	flitzt		
61325	.		
61326	«		
61327	Und		
61328	im		
61329	Vertrauen		
61330	auf		
61331	seine	9656	(mention_id=9580|references=(entity=(entity_id=entity_0015|fullname=Hammichel von Gimmeldingen|gender=m)))
61332	Geschicklichkeit		
61333	in		
61334	der		
61335	Behandlung		
61336	von		
61337	gefährlichen		
61338	und		
61339	verbotenen		
61340	Dingen		
61341	trottete		
61342	er	9657	(mention_id=9581|references=(entity=(entity_id=entity_0015|fullname=Hammichel von Gimmeldingen|gender=m)))
61343	heimwärts		
61344	und		
61345	kroch		
61346	,		
61347	behaglich		
61348	schnurrend		
61349	wie		
61350	ein		
61351	alter		
61352	Kater		(mention_id=9582|references=(entity=(entity_id=entity_0015|fullname=Hammichel von Gimmeldingen|gender=m)|specialcase_reference=figurative))
61353	,		
61354	in		
61355	sein	9658	(mention_id=9583|references=(entity=(entity_id=entity_0015|fullname=Hammichel von Gimmeldingen|gender=m)))
61356	armseliges		
61357	Bett		
61358	.		
61359	–		
61360	Am		
61361	andern		
61362	Morgen		
61363	stand		
61364	Vinzenz	9659	(mention_id=9584|references=(entity=(entity_id=entity_0027|fullname=Vincenz Ebendorffer|gender=m)))
61365	Ebendorffer	9659	(mention_id=9584|references=(entity=(entity_id=entity_0027|fullname=Vincenz Ebendorffer|gender=m)))
61366	dem		
61367	Bürgermeister	9660	(mention_id=9585|references=(entity=(entity_id=entity_0001|fullname=Christoph Armbruster|gender=m)))
61368	in		
61369	dessen	9661	(mention_id=9586|references=(entity=(entity_id=entity_0001|fullname=Christoph Armbruster|gender=m)))
61370	Amtsstube		
61371	gegenüber		
61372	.		
61373	Christoph	9662	(mention_id=9587|references=(entity=(entity_id=entity_0001|fullname=Christoph Armbruster|gender=m)))
61374	Armbruster	9662	(mention_id=9587|references=(entity=(entity_id=entity_0001|fullname=Christoph Armbruster|gender=m)))
61375	hielt		
61376	ein		
61377	Pergamentblatt		
61378	in		
61379	der		
61380	Hand		
61381	,		
61382	das		
61383	in		
61384	sauberer		
61385	Mönchsschrift		
61386	die		
61387	Sendung		
61388	Ebendorffers	9663	(mention_id=9588|references=(entity=(entity_id=entity_0027|fullname=Vincenz Ebendorffer|gender=m)))
61389	,		
61390	auf		
61391	Trudi	9664	(mention_id=9589|references=(entity=(entity_id=entity_0002|fullname=Gontrud Hegewald|gender=f)))
61392	zu		
61393	fahnden		
61394	,		
61395	klerikalamtlich		
61396	bestätigte		
61397	und		
61398	mit		
61399	dem		
61400	klösterlichen		
61401	Siegel		
61402	versehen		
61403	war		
61404	.		
61405	Er	9665	(mention_id=9590|references=(entity=(entity_id=entity_0001|fullname=Christoph Armbruster|gender=m)))
61406	hatte		
61407	das		
61408	Skriptum		
61409	gelesen		
61410	und		
61411	reichte		
61412	es		
61413	nun		
61414	dem		
61415	Meier	9666	(mention_id=9591|references=(entity=(entity_id=entity_0027|fullname=Vincenz Ebendorffer|gender=m)))
61416	zurück		
61417	,		
61418	indem		
61419	er	9667	(mention_id=9592|references=(entity=(entity_id=entity_0001|fullname=Christoph Armbruster|gender=m)))
61420	kühl		
61421	und		
61422	gelassen		
61423	sagte		
61424	:		
61425	»		
61426	An		
61427	Eurer	9668	(mention_id=9593|references=(entity=(entity_id=entity_0027|fullname=Vincenz Ebendorffer|gender=m)))
61428	Beglaubigung		
61429	ist		
61430	weiter		
61431	nichts		
61432	auszusetzen		
61433	,		
61434	als		
61435	daß		
61436	Euch	9669	(mention_id=9594|references=(entity=(entity_id=entity_0027|fullname=Vincenz Ebendorffer|gender=m)))
61437	zur		
61438	Vollstreckung		
61439	dieses		
61440	Haftbefehls		
61441	zweierlei		
61442	mangelt		
61443	,		
61444	erstens		
61445	das		
61446	Recht		
61447	und		
61448	zweitens		
61449	die		
61450	Macht		
61451	.		
61452	«		
61453	»		
61454	Die		
61455	Macht		
61456	wird		
61457	zur		
61458	Vollstreckung		
61459	bereit		
61460	sein		
61461	,		
61462	sobald		
61463	ihre		
61464	Anwendung		
61465	nötig		
61466	wird		
61467	,		
61468	und		
61469	das		
61470	Recht		
61471	dazu		
61472	werdet		
61473	Ihr	9670	(mention_id=9595|references=(entity=(entity_id=entity_0001|fullname=Christoph Armbruster|gender=m)))
61474	mir	9671	(mention_id=9596|references=(entity=(entity_id=entity_0027|fullname=Vincenz Ebendorffer|gender=m)))
61475	wohl		
61476	nicht		
61477	bestreiten		
61478	,		
61479	Herr	9672	(mention_id=9597|references=(entity=(entity_id=entity_0001|fullname=Christoph Armbruster|gender=m)))
61480	Bürgermeister	9672	(mention_id=9597|references=(entity=(entity_id=entity_0001|fullname=Christoph Armbruster|gender=m)))
61481	,		
61482	«		
61483	sprach		
61484	Ebendorffer	9673	(mention_id=9598|references=(entity=(entity_id=entity_0027|fullname=Vincenz Ebendorffer|gender=m)))
61485	hochfahrenden		
61486	Tones		
61487	.		
61488	»		
61489	Mit		
61490	aller		
61491	Entschiedenheit		
61492	tu		
61493	ich	9674	(mention_id=9599|references=(entity=(entity_id=entity_0001|fullname=Christoph Armbruster|gender=m)))
61494	das		
61495	,		
61496	«		
61497	ließ		
61498	ihn	9675	(mention_id=9600|references=(entity=(entity_id=entity_0027|fullname=Vincenz Ebendorffer|gender=m)))
61499	Christoph	9676	(mention_id=9601|references=(entity=(entity_id=entity_0001|fullname=Christoph Armbruster|gender=m)))
61500	hart		
61501	an		
61502	,		
61503	von		
61504	dem		
61505	allzu		
61506	sichern		
61507	und		
61508	selbstbewußten		
61509	Auftreten		
61510	des		
61511	jüngeren		
61512	Mannes	9677	(mention_id=9602|references=(entity=(entity_id=entity_0027|fullname=Vincenz Ebendorffer|gender=m)))
61513	unangenehm		
61514	berührt		
61515	.		
61516	»		
61517	Wer		
61518	gibt		
61519	denn		
61520	Euch	9678	(mention_id=9603|references=(entity=(entity_id=entity_0027|fullname=Vincenz Ebendorffer|gender=m)))
61521	oder		
61522	Eurem	9679	(mention_id=9604|references=(entity=(entity_id=entity_0027|fullname=Vincenz Ebendorffer|gender=m)))
61523	Abte	9680	(mention_id=9605|references=(entity=(entity_id=entity_0056|fullname=Abt von Bronnbach|gender=m)))
61524	das		
61525	Recht		
61526	,		
61527	meine	9681	(mention_id=9606|references=(entity=(entity_id=entity_0001|fullname=Christoph Armbruster|gender=m)))
61528	Anverwandte	9682	(mention_id=9607|references=(entity=(entity_id=entity_0002|fullname=Gontrud Hegewald|gender=f)))
61529	aus		
61530	meinem	9683	(mention_id=9608|references=(entity=(entity_id=entity_0001|fullname=Christoph Armbruster|gender=m)))
61531	Hause		
61532	,		
61533	in		
61534	dem		
61535	sie	9684	(mention_id=9609|references=(entity=(entity_id=entity_0002|fullname=Gontrud Hegewald|gender=f)))
61536	ihre	9685	(mention_id=9610|references=(entity=(entity_id=entity_0002|fullname=Gontrud Hegewald|gender=f)))
61537	zweite		
61538	Heimat		
61539	gefunden		
61540	hat		
61541	,		
61542	hinwegzunehmen		
61543	?		
61544	«		
61545	»		
61546	Ihre	9686	(mention_id=9611|references=(entity=(entity_id=entity_0002|fullname=Gontrud Hegewald|gender=f)))
61547	Eltern	9687	(mention_id=9612|references=(entity=(entity_id=entity_0035|fullname=Hegewald|gender=m)),(entity=(entity_id=entity_0032|fullname=Hilde Scheithauer|gender=f)))
61548	waren		
61549	Altarleute	9688	(mention_id=9613|references=(entity=(entity_id=entity_0035|fullname=Hegewald|gender=m)),(entity=(entity_id=entity_0032|fullname=Hilde Scheithauer|gender=f)))
61550	des		
61551	Klosters		
61552	,		
61553	ihm		
61554	also		
61555	untertan		
61556	und		
61557	zu		
61558	Frondienst		
61559	auf		
61560	dem		
61561	Meierhofe		
61562	,		
61563	dessen		
61564	Verwalter	9689	(mention_id=9614|references=(entity=(entity_id=entity_0027|fullname=Vincenz Ebendorffer|gender=m)))
61565	ich	9690	(mention_id=9615|references=(entity=(entity_id=entity_0027|fullname=Vincenz Ebendorffer|gender=m)))
61566	bin		
61567	,		
61568	verpflichtet		
61569	.		
61570	Und		
61571	wie		
61572	es		
61573	ihre	9691	(mention_id=9616|references=(entity=(entity_id=entity_0002|fullname=Gontrud Hegewald|gender=f)))
61574	Eltern	9692	(mention_id=9617|references=(entity=(entity_id=entity_0035|fullname=Hegewald|gender=m)),(entity=(entity_id=entity_0032|fullname=Hilde Scheithauer|gender=f)))
61575	waren		
61576	und		
61577	ihr	9693	(mention_id=9618|references=(entity=(entity_id=entity_0002|fullname=Gontrud Hegewald|gender=f)))
61578	Stiefvater	9694	(mention_id=9619|references=(entity=(entity_id=entity_0028|fullname=Pankraz Dornhuber|gender=m)))
61579	heute		
61580	noch		
61581	ist		
61582	,		
61583	so		
61584	ist		
61585	es		
61586	auf		
61587	Lebenszeit		
61588	auch		
61589	ihre	9695	(mention_id=9620|references=(entity=(entity_id=entity_0032|fullname=Hilde Scheithauer|gender=f)),(entity=(entity_id=entity_0035|fullname=Hegewald|gender=m)))
61590	Tochter	9696	(mention_id=9621|references=(entity=(entity_id=entity_0002|fullname=Gontrud Hegewald|gender=f)))
61591	,		
61592	«		
61593	behauptete		
61594	Ebendorffer	9697	(mention_id=9622|references=(entity=(entity_id=entity_0027|fullname=Vincenz Ebendorffer|gender=m)))
61595	dreist		
61596	.		
61597	»		
61598	Die		
61599	Verpflichtung		
61600	zum		
61601	Frondienst		
61602	ist		
61603	an		
61604	den		
61605	Besitz		
61606	des		
61607	klösterlichen		
61608	Lehngutes		
61609	zu		
61610	Gamburg		
61611	gebunden		
61612	,		
61613	«		
61614	entgegnete		
61615	Christoph	9698	(mention_id=9623|references=(entity=(entity_id=entity_0001|fullname=Christoph Armbruster|gender=m)))
61616	.		
61617	»		
61618	Trudi	9699	(mention_id=9624|references=(entity=(entity_id=entity_0002|fullname=Gontrud Hegewald|gender=f)))
61619	Hegewald	9699	(mention_id=9624|references=(entity=(entity_id=entity_0002|fullname=Gontrud Hegewald|gender=f)))
61620	hat		
61621	aber		
61622	auf		
61623	diesen		
61624	Besitz		
61625	verzichtet		
61626	und		
61627	erhebt		
61628	keinen		
61629	Anspruch		
61630	mehr		
61631	darauf		
61632	.		
61633	Damit		
61634	ist		
61635	sie	9700	(mention_id=9625|references=(entity=(entity_id=entity_0002|fullname=Gontrud Hegewald|gender=f)))
61636	unabhängig		
61637	vom		
61638	Kloster		
61639	und		
61640	aller		
61641	Lasten		
61642	ledig		
61643	.		
61644	«		
61645	»		
61646	Dies		
61647	Pergament		
61648	beweist		
61649	Euch	9701	(mention_id=9626|references=(entity=(entity_id=entity_0001|fullname=Christoph Armbruster|gender=m)))
61650	das		
61651	Gegenteil		
61652	,		
61653	«		
61654	gab		
61655	Ebendorffer	9702	(mention_id=9627|references=(entity=(entity_id=entity_0027|fullname=Vincenz Ebendorffer|gender=m)))
61656	trotzig		
61657	zur		
61658	Antwort		
61659	.		
61660	»		
61661	Ich	9703	(mention_id=9628|references=(entity=(entity_id=entity_0027|fullname=Vincenz Ebendorffer|gender=m)))
61662	bin		
61663	der		
61664	Vertreter	9704	(mention_id=9629|references=(entity=(entity_id=entity_0027|fullname=Vincenz Ebendorffer|gender=m)))
61665	und		
61666	Bevollmächtigte	9705	(mention_id=9630|references=(entity=(entity_id=entity_0027|fullname=Vincenz Ebendorffer|gender=m)))
61667	des		
61668	nachjagenden		
61669	Herrn	9706	(mention_id=9631|references=(entity=(entity_id=entity_0056|fullname=Abt von Bronnbach|gender=m)))
61670	,		
61671	der	9707	(mention_id=9632|references=(entity=(entity_id=entity_0056|fullname=Abt von Bronnbach|gender=m)))
61672	das		
61673	unantastbare		
61674	Recht		
61675	hat		
61676	,		
61677	eine		
61678	aus		
61679	seinem	9708	(mention_id=9633|references=(entity=(entity_id=entity_0056|fullname=Abt von Bronnbach|gender=m)))
61680	Gebiet		
61681	Entflohene	9709	(mention_id=9634|references=(entity=(entity_id=entity_0002|fullname=Gontrud Hegewald|gender=f)))
61682	zur		
61683	Rückkehr		
61684	in		
61685	ihre	9710	(mention_id=9635|references=(entity=(entity_id=entity_0002|fullname=Gontrud Hegewald|gender=f)))
61686	angeborene		
61687	Untertänigkeit		
61688	zu		
61689	zwingen		
61690	,		
61691	und		
61692	dazu		
61693	bin		
61694	ich	9711	(mention_id=9636|references=(entity=(entity_id=entity_0027|fullname=Vincenz Ebendorffer|gender=m)))
61695	hergekommen		
61696	.		
61697	Hinter		
61698	mir	9712	(mention_id=9637|references=(entity=(entity_id=entity_0027|fullname=Vincenz Ebendorffer|gender=m)))
61699	steht		
61700	der		
61701	hochwürdige		
61702	Abt	9713	(mention_id=9638|references=(entity=(entity_id=entity_0056|fullname=Abt von Bronnbach|gender=m)))
61703	von		(mention_id=9638|references=(entity=(entity_id=entity_0056|fullname=Abt von Bronnbach|gender=m)))
61704	Bronnbach		(mention_id=9638|references=(entity=(entity_id=entity_0056|fullname=Abt von Bronnbach|gender=m)))
61705	und		
61706	hinter		
61707	dem		
61708	Abte	9714	(mention_id=9639|references=(entity=(entity_id=entity_0056|fullname=Abt von Bronnbach|gender=m)))
61709	Seine	9714	(mention_id=9640|references=(entity=(entity_id=entity_0217|fullname=Bischof von Würzburg|gender=m)))
61710	Gnaden	9714	(mention_id=9640|references=(entity=(entity_id=entity_0217|fullname=Bischof von Würzburg|gender=m)))
61711	der		
61712	Bischof	9715	(mention_id=9641|references=(entity=(entity_id=entity_0217|fullname=Bischof von Würzburg|gender=m)))
61713	von		(mention_id=9642|references=(entity=(entity_id=entity_0217|fullname=Bischof von Würzburg|gender=m)))
61714	Würzburg		(mention_id=9643|references=(entity=(entity_id=entity_0217|fullname=Bischof von Würzburg|gender=m)))
61715	.		
61716	«		
61717	»		
61718	Mir	9716	(mention_id=9644|references=(entity=(entity_id=entity_0001|fullname=Christoph Armbruster|gender=m)))
61719	hat		
61720	kein		
61721	Abt	9717	(mention_id=9645|references=(entity=(entity_id=entity_0056|fullname=Abt von Bronnbach|gender=m)))
61722	und		
61723	kein		
61724	Bischof	9718	(mention_id=9646|references=(entity=(entity_id=entity_0217|fullname=Bischof von Würzburg|gender=m)))
61725	etwas		
61726	vorzuschreiben		
61727	,		
61728	«		
61729	erklärte		
61730	der		
61731	Bürgermeister	9719	(mention_id=9647|references=(entity=(entity_id=entity_0001|fullname=Christoph Armbruster|gender=m)))
61732	stolz		
61733	und		
61734	hochaufgerichtet		
61735	mit		
61736	zornig		
61737	gefurchter		
61738	Stirn		
61739	.		
61740	»		
61741	Und		
61742	auf		
61743	die		
61744	großen		
61745	Worte		
61746	,		
61747	die		
61748	Ihr	9720	(mention_id=9648|references=(entity=(entity_id=entity_0027|fullname=Vincenz Ebendorffer|gender=m)))
61749	im		
61750	Munde		
61751	führt		
61752	,		
61753	sag'		
61754	ich	9721	(mention_id=9649|references=(entity=(entity_id=entity_0001|fullname=Christoph Armbruster|gender=m)))
61755	Euch	9722	(mention_id=9650|references=(entity=(entity_id=entity_0027|fullname=Vincenz Ebendorffer|gender=m)))
61756	:		
61757	ich	9723	(mention_id=9651|references=(entity=(entity_id=entity_0001|fullname=Christoph Armbruster|gender=m)))
61758	glaube		
61759	nicht		
61760	,		
61761	daß		
61762	der		
61763	Abt	9724	(mention_id=9652|references=(entity=(entity_id=entity_0056|fullname=Abt von Bronnbach|gender=m)))
61764	hinter		
61765	Euch	9725	(mention_id=9653|references=(entity=(entity_id=entity_0027|fullname=Vincenz Ebendorffer|gender=m)))
61766	steht		
61767	,		
61768	sondern		
61769	glaube		
61770	,		
61771	daß		
61772	Ihr	9726	(mention_id=9654|references=(entity=(entity_id=entity_0027|fullname=Vincenz Ebendorffer|gender=m)))
61773	Euch	9727	(mention_id=9655|references=(entity=(entity_id=entity_0027|fullname=Vincenz Ebendorffer|gender=m)))
61774	hinter		
61775	den		
61776	Abt	9728	(mention_id=9656|references=(entity=(entity_id=entity_0056|fullname=Abt von Bronnbach|gender=m)))
61777	,		
61778	von		
61779	dem	9729	(mention_id=9657|references=(entity=(entity_id=entity_0056|fullname=Abt von Bronnbach|gender=m)))
61780	Ihr	9730	(mention_id=9658|references=(entity=(entity_id=entity_0027|fullname=Vincenz Ebendorffer|gender=m)))
61781	diese		
61782	Vollmacht		
61783	erschlichen		
61784	habt		
61785	,		
61786	falsch		
61787	und		
61788	feige		
61789	verkriecht		
61790	,		
61791	weil		
61792	Ihr	9731	(mention_id=9659|references=(entity=(entity_id=entity_0027|fullname=Vincenz Ebendorffer|gender=m)))
61793	Trudi	9732	(mention_id=9660|references=(entity=(entity_id=entity_0002|fullname=Gontrud Hegewald|gender=f)))
61794	in		
61795	Eure	9733	(mention_id=9661|references=(entity=(entity_id=entity_0027|fullname=Vincenz Ebendorffer|gender=m)))
61796	eigene		
61797	Gewalt		
61798	zwingen		
61799	wollt		
61800	.		
61801	Man		
61802	kennt		
61803	Eure	9734	(mention_id=9662|references=(entity=(entity_id=entity_0027|fullname=Vincenz Ebendorffer|gender=m)))
61804	ruchlosen		
61805	Absichten		
61806	auf		
61807	das		
61808	Mädchen	9735	(mention_id=9663|references=(entity=(entity_id=entity_0002|fullname=Gontrud Hegewald|gender=f)))
61809	.		
61810	«		
61811	Der		
61812	Rothaarige	9736	(mention_id=9664|references=(entity=(entity_id=entity_0027|fullname=Vincenz Ebendorffer|gender=m)))
61813	geriet		
61814	in		
61815	sichtliche		
61816	Verlegenheit		
61817	,		
61818	denn		
61819	er	9737	(mention_id=9665|references=(entity=(entity_id=entity_0027|fullname=Vincenz Ebendorffer|gender=m)))
61820	fühlte		
61821	sich	9738	(mention_id=9666|references=(entity=(entity_id=entity_0027|fullname=Vincenz Ebendorffer|gender=m)))
61822	von		
61823	der		
61824	schweren		
61825	Anklage		
61826	,		
61827	die		
61828	ihm	9739	(mention_id=9667|references=(entity=(entity_id=entity_0027|fullname=Vincenz Ebendorffer|gender=m)))
61829	der		
61830	Bürgermeister	9740	(mention_id=9668|references=(entity=(entity_id=entity_0001|fullname=Christoph Armbruster|gender=m)))
61831	ins		
61832	Gesicht		
61833	schleuderte		
61834	,		
61835	getroffen		
61836	.		
61837	Doch		
61838	er	9741	(mention_id=9669|references=(entity=(entity_id=entity_0027|fullname=Vincenz Ebendorffer|gender=m)))
61839	faßte		
61840	sich	9742	(mention_id=9670|references=(entity=(entity_id=entity_0027|fullname=Vincenz Ebendorffer|gender=m)))
61841	schnell		
61842	und		
61843	erwiderte		
61844	grob		
61845	:		
61846	»		
61847	Der		
61848	Eurigen	9743	(mention_id=9671|references=(entity=(entity_id=entity_0001|fullname=Christoph Armbruster|gender=m)))
61849	wird		
61850	sie		(mention_id=9672|references=(entity=(entity_id=entity_0002|fullname=Gontrud Hegewald|gender=f)))
61851	jedenfalls		
61852	entzogen		
61853	werden		
61854	.		
61855	«		
61856	»		
61857	Versucht's		
61858	einmal		
61859	!		
61860	«		
61861	warf		
61862	Christoph	9744	(mention_id=9673|references=(entity=(entity_id=entity_0001|fullname=Christoph Armbruster|gender=m)))
61863	spöttisch		
61864	hin		
61865	.		
61866	»		
61867	Ihr	9745	(mention_id=9674|references=(entity=(entity_id=entity_0001|fullname=Christoph Armbruster|gender=m)))
61868	unterschätzt		
61869	die		
61870	Kräfte		
61871	,		
61872	über		
61873	die		
61874	wir	9746	(mention_id=9675|references=(entity=(entity_id=entity_0027|fullname=Vincenz Ebendorffer|gender=m)),(entity=(entity_id=entity_0028|fullname=Pankraz Dornhuber|gender=m)))
61875	zur		
61876	Durchführung		
61877	unseres	9747	(mention_id=9676|references=(entity=(entity_id=entity_0027|fullname=Vincenz Ebendorffer|gender=m)),(entity=(entity_id=entity_0028|fullname=Pankraz Dornhuber|gender=m)))
61878	Willens		
61879	verfügen		
61880	,		
61881	«		
61882	hielt		
61883	ihm	9748	(mention_id=9677|references=(entity=(entity_id=entity_0001|fullname=Christoph Armbruster|gender=m)))
61884	Ebendorffer	9749	(mention_id=9678|references=(entity=(entity_id=entity_0027|fullname=Vincenz Ebendorffer|gender=m)))
61885	hochmütig		
61886	entgegen		
61887	,		
61888	»		
61889	und		
61890	wenn		
61891	Ihr	9750	(mention_id=9679|references=(entity=(entity_id=entity_0001|fullname=Christoph Armbruster|gender=m)))
61892	Euch	9751	(mention_id=9680|references=(entity=(entity_id=entity_0001|fullname=Christoph Armbruster|gender=m)))
61893	dem		
61894	verbrieften		
61895	Rechte		
61896	nicht		
61897	–		
61898	«		
61899	»		
61900	Ah		
61901	,		
61902	jetzt		
61903	kommt		
61904	Ihr	9752	(mention_id=9681|references=(entity=(entity_id=entity_0027|fullname=Vincenz Ebendorffer|gender=m)))
61905	wohl		
61906	mit		
61907	der		
61908	Macht		
61909	,		
61910	die		
61911	Ihr	9753	(mention_id=9682|references=(entity=(entity_id=entity_0001|fullname=Christoph Armbruster|gender=m)))
61912	gegen		
61913	mich	9754	(mention_id=9683|references=(entity=(entity_id=entity_0001|fullname=Christoph Armbruster|gender=m)))
61914	gebrauchen		
61915	wollt		
61916	?		
61917	«		
61918	unterbrach		
61919	Christoph	9755	(mention_id=9684|references=(entity=(entity_id=entity_0001|fullname=Christoph Armbruster|gender=m)))
61920	den		
61921	Unklugen	9756	(mention_id=9685|references=(entity=(entity_id=entity_0027|fullname=Vincenz Ebendorffer|gender=m)))
61922	und		
61923	maß		
61924	ihn	9757	(mention_id=9686|references=(entity=(entity_id=entity_0027|fullname=Vincenz Ebendorffer|gender=m)))
61925	mit		
61926	einem		
61927	verächtlichen		
61928	Blicke		
61929	.		
61930	»		
61931	Nun		
61932	,		
61933	auf		
61934	deren		
61935	Entfaltung		
61936	bin		
61937	ich	9758	(mention_id=9687|references=(entity=(entity_id=entity_0001|fullname=Christoph Armbruster|gender=m)))
61938	in		
61939	der		
61940	Tat		
61941	neugierig		
61942	,		
61943	aber		
61944	bedenkt		
61945	es		
61946	wohl		
61947	,		
61948	Mann	9759	(mention_id=9688|references=(entity=(entity_id=entity_0027|fullname=Vincenz Ebendorffer|gender=m)))
61949	!		
61950	wir	9760	(mention_id=9689|references=(entity=(entity_id=entity_0001|fullname=Christoph Armbruster|gender=m)))
61951	haben		
61952	hier		
61953	in		
61954	einem		
61955	festen		
61956	Turme		
61957	stille		
61958	Kämmerlein		
61959	mit		
61960	schwedischen		
61961	Gardinen		
61962	,		
61963	und		
61964	draußen		
61965	vor		
61966	dem		
61967	Tore		
61968	ragt		
61969	ein		
61970	hoher		
61971	Galgen		
61972	in		
61973	die		
61974	blaue		
61975	Luft		
61976	.		
61977	«		
61978	»		
61979	Könnt		
61980	Ihr	9761	(mention_id=9690|references=(entity=(entity_id=entity_0001|fullname=Christoph Armbruster|gender=m)))
61981	etwa		
61982	mehr		
61983	als		
61984	die		
61985	Nürnberger	9762	(mention_id=9691|references=(entity=(entity_id=generic_0317|fullname=Nürnberger|gender=u|specialcase_entity=generic)))
61986	,		
61987	die	9763	(mention_id=9692|references=(entity=(entity_id=generic_0318|fullname=Nürnberger|gender=u|specialcase_entity=generic)))
61988	keinen		
61989	hängen		
61990	,		
61991	sie	9764	(mention_id=9693|references=(entity=(entity_id=generic_0319|fullname=Nürnberger|gender=u|specialcase_entity=generic)))
61992	hätten		
61993	ihn		
61994	denn		
61995	?		
61996	«		
61997	höhnte		
61998	Ebendorffer	9765	(mention_id=9694|references=(entity=(entity_id=entity_0027|fullname=Vincenz Ebendorffer|gender=m)))
61999	.		
62000	»		
62001	Vergeßt		
62002	nicht		
62003	,		
62004	daß		
62005	ich	9766	(mention_id=9695|references=(entity=(entity_id=entity_0027|fullname=Vincenz Ebendorffer|gender=m)))
62006	als		
62007	Abgesandter	9767	(mention_id=9696|references=(entity=(entity_id=entity_0027|fullname=Vincenz Ebendorffer|gender=m)))
62008	eines		
62009	kirchlichen		
62010	Würdenträgers	9768	(mention_id=9697|references=(entity=(entity_id=entity_0056|fullname=Abt von Bronnbach|gender=m)))
62011	in		
62012	einer		
62013	unangreifbaren		
62014	Stellung		
62015	bin		
62016	.		
62017	«		
62018	Bei		
62019	dieser		
62020	unverschämten		
62021	Frechheit		
62022	stieg		
62023	dem		
62024	Bürgermeister	9769	(mention_id=9698|references=(entity=(entity_id=entity_0001|fullname=Christoph Armbruster|gender=m)))
62025	das		
62026	Blut		
62027	zu		
62028	Kopfe		
62029	,		
62030	und		
62031	empört		
62032	rief		
62033	er	9770	(mention_id=9699|references=(entity=(entity_id=entity_0001|fullname=Christoph Armbruster|gender=m)))
62034	aus		
62035	:		
62036	»		
62037	Pocht		
62038	nicht		
62039	zu		
62040	laut		
62041	auf		
62042	Eure	9771	(mention_id=9700|references=(entity=(entity_id=entity_0027|fullname=Vincenz Ebendorffer|gender=m)))
62043	eingebildete		
62044	Unverletzbarkeit		
62045	!		
62046	wir	9772	(mention_id=9701|references=(entity=(entity_id=entity_0001|fullname=Christoph Armbruster|gender=m)))
62047	würden		
62048	kurzen		
62049	Prozeß		
62050	mit		
62051	Euch	9773	(mention_id=9702|references=(entity=(entity_id=entity_0027|fullname=Vincenz Ebendorffer|gender=m)))
62052	machen		
62053	.		
62054	Die		
62055	Trudi	9774	(mention_id=9703|references=(entity=(entity_id=entity_0002|fullname=Gontrud Hegewald|gender=f)))
62056	liefere		
62057	ich	9775	(mention_id=9704|references=(entity=(entity_id=entity_0001|fullname=Christoph Armbruster|gender=m)))
62058	nicht		
62059	aus		
62060	,		
62061	das		
62062	laßt		
62063	Euch	9776	(mention_id=9705|references=(entity=(entity_id=entity_0027|fullname=Vincenz Ebendorffer|gender=m)))
62064	hiermit		
62065	ein		
62066	für		
62067	allemal		
62068	gesagt		
62069	sein		
62070	.		
62071	Und		
62072	nun		
62073	hab'		
62074	ich	9777	(mention_id=9706|references=(entity=(entity_id=entity_0001|fullname=Christoph Armbruster|gender=m)))
62075	keine		
62076	Lust		
62077	mehr		
62078	,		
62079	mit		
62080	Euch	9778	(mention_id=9707|references=(entity=(entity_id=entity_0027|fullname=Vincenz Ebendorffer|gender=m)))
62081	noch		
62082	länger		
62083	zu		
62084	verhandeln		
62085	;		
62086	packt		
62087	Euch	9779	(mention_id=9708|references=(entity=(entity_id=entity_0027|fullname=Vincenz Ebendorffer|gender=m)))
62088	!		
62089	dort		
62090	ist		
62091	die		
62092	Tür		
62093	.		
62094	«		
62095	Der		
62096	so		
62097	schroff		
62098	Hinausgewiesene		(mention_id=9709|references=(entity=(entity_id=entity_0027|fullname=Vincenz Ebendorffer|gender=m)))
62099	machte		
62100	sich	9780	(mention_id=9710|references=(entity=(entity_id=entity_0027|fullname=Vincenz Ebendorffer|gender=m)))
62101	ohne		
62102	Gruß		
62103	und		
62104	mit		
62105	einem		
62106	grimmen		
62107	Fluch		
62108	auf		
62109	den		
62110	Lippen		
62111	davon		
62112	und		
62113	Christoph	9781	(mention_id=9711|references=(entity=(entity_id=entity_0001|fullname=Christoph Armbruster|gender=m)))
62114	Armbruster	9781	(mention_id=9711|references=(entity=(entity_id=entity_0001|fullname=Christoph Armbruster|gender=m)))
62115	hatte		
62116	nun		
62117	einen		
62118	Feind	9782	(mention_id=9712|references=(entity=(entity_id=entity_0027|fullname=Vincenz Ebendorffer|gender=m)))
62119	mehr		
62120	in		
62121	Wachenheim		
62122	.		
62123	Er	9783	(mention_id=9713|references=(entity=(entity_id=entity_0001|fullname=Christoph Armbruster|gender=m)))
62124	war		
62125	überzeugt		
62126	,		
62127	daß		
62128	dieser		
62129	erste		
62130	leicht		
62131	abgeschlagene		
62132	Angriff		
62133	auf		
62134	Trudis	9784	(mention_id=9714|references=(entity=(entity_id=entity_0002|fullname=Gontrud Hegewald|gender=f)))
62135	Freiheit		
62136	nur		
62137	der		
62138	Anfang		
62139	gewesen		
62140	war		
62141	von		
62142	einem		
62143	vielleicht		
62144	hartnäckigen		
62145	Kampfe		
62146	,		
62147	der		
62148	ernster		
62149	zu		
62150	nehmen		
62151	war		
62152	als		
62153	die		
62154	Auflehnung		
62155	gegen		
62156	das		
62157	Wildfangrecht		
62158	.		
62159	Der		
62160	Meier	9785	(mention_id=9715|references=(entity=(entity_id=entity_0027|fullname=Vincenz Ebendorffer|gender=m)))
62161	,		
62162	der	9786	(mention_id=9716|references=(entity=(entity_id=entity_0027|fullname=Vincenz Ebendorffer|gender=m)))
62163	sicher		
62164	alles		
62165	aufbieten		
62166	würde		
62167	,		
62168	Trudi	9787	(mention_id=9717|references=(entity=(entity_id=entity_0002|fullname=Gontrud Hegewald|gender=f)))
62169	zu		
62170	seiner	9788	(mention_id=9718|references=(entity=(entity_id=entity_0027|fullname=Vincenz Ebendorffer|gender=m)))
62171	Leibeigenen	9789	(mention_id=9719|references=(entity=(entity_id=entity_0002|fullname=Gontrud Hegewald|gender=f)))
62172	in		
62173	des		
62174	Wortes		
62175	schändlichster		
62176	Bedeutung		
62177	zu		
62178	machen		
62179	,		
62180	schien		
62181	ein		
62182	leidenschaftlicher		
62183	,		
62184	zügelloser		
62185	Mensch	9790	(mention_id=9720|references=(entity=(entity_id=entity_0027|fullname=Vincenz Ebendorffer|gender=m)))
62186	zu		
62187	sein		
62188	,		
62189	und		
62190	Christoph	9791	(mention_id=9721|references=(entity=(entity_id=entity_0001|fullname=Christoph Armbruster|gender=m)))
62191	mußte		
62192	dessen	9792	(mention_id=9722|references=(entity=(entity_id=entity_0027|fullname=Vincenz Ebendorffer|gender=m)))
62193	nächste		
62194	,		
62195	nicht		
62196	vorauszusehenden		
62197	Schritte		
62198	abwarten		
62199	,		
62200	eh'		
62201	er	9793	(mention_id=9723|references=(entity=(entity_id=entity_0001|fullname=Christoph Armbruster|gender=m)))
62202	Maßregeln		
62203	zu		
62204	ihrer		(mention_id=9724|references=(entity=(entity_id=entity_0002|fullname=Gontrud Hegewald|gender=f)))
62205	Abwehr		
62206	treffen		
62207	konnte		
62208	.		
62209	Sollte		
62210	er	9794	(mention_id=9725|references=(entity=(entity_id=entity_0001|fullname=Christoph Armbruster|gender=m)))
62211	den		
62212	Schultheißen	9795	(mention_id=9726|references=(entity=(entity_id=entity_0030|fullname=Schultheiß Gottfried Bofinger|gender=m)))
62213	um		
62214	Rat		
62215	fragen		
62216	,		
62217	was		
62218	hier		
62219	zu		
62220	tun		
62221	sei		
62222	?		
62223	Davon		
62224	versprach		
62225	er	9796	(mention_id=9727|references=(entity=(entity_id=entity_0001|fullname=Christoph Armbruster|gender=m)))
62226	sich	9797	(mention_id=9728|references=(entity=(entity_id=entity_0001|fullname=Christoph Armbruster|gender=m)))
62227	wenig		
62228	.		
62229	Gottfried	9798	(mention_id=9729|references=(entity=(entity_id=entity_0030|fullname=Schultheiß Gottfried Bofinger|gender=m)))
62230	Bofinger	9798	(mention_id=9729|references=(entity=(entity_id=entity_0030|fullname=Schultheiß Gottfried Bofinger|gender=m)))
62231	hatte		
62232	das		
62233	Recht		
62234	des		
62235	nachjagenden		
62236	Herrn	9799	(mention_id=9730|references=(entity=(entity_id=entity_0056|fullname=Abt von Bronnbach|gender=m)))
62237	als		
62238	unanfechtbar		
62239	anerkannt		
62240	,		
62241	konnte		
62242	also		
62243	nicht		
62244	dagegen		
62245	einschreiten		
62246	.		
62247	Oder		
62248	sollte		
62249	er	9800	(mention_id=9731|references=(entity=(entity_id=entity_0001|fullname=Christoph Armbruster|gender=m)))
62250	,		
62251	um		
62252	Macht		
62253	wider		
62254	Macht		
62255	ins		
62256	Feld		
62257	zu		
62258	führen		
62259	,		
62260	den		
62261	Reichsfreiherrn	9801	(mention_id=9732|references=(entity=(entity_id=entity_0018|fullname=Reichsfreiherr Dietrich von Remchingen|gender=m)))
62262	um		
62263	seinen	9802	(mention_id=9733|references=(entity=(entity_id=entity_0018|fullname=Reichsfreiherr Dietrich von Remchingen|gender=m)))
62264	Schutz		
62265	angehen		
62266	?		
62267	Ja		
62268	,		
62269	wenn		
62270	Dietrich	9803	(mention_id=9734|references=(entity=(entity_id=entity_0018|fullname=Reichsfreiherr Dietrich von Remchingen|gender=m)))
62271	von	9803	(mention_id=9734|references=(entity=(entity_id=entity_0018|fullname=Reichsfreiherr Dietrich von Remchingen|gender=m)))
62272	Remchingen	9803	(mention_id=9734|references=(entity=(entity_id=entity_0018|fullname=Reichsfreiherr Dietrich von Remchingen|gender=m)))
62273	dazu		
62274	geneigt		
62275	und		
62276	auch		
62277	dazu		
62278	befugt		
62279	wäre		
62280	!		
62281	An		
62282	dem		
62283	guten		
62284	Willen		
62285	des		
62286	alten		
62287	Freundes	9804	(mention_id=9735|references=(entity=(entity_id=entity_0018|fullname=Reichsfreiherr Dietrich von Remchingen|gender=m)))
62288	zweifelte		
62289	er	9805	(mention_id=9736|references=(entity=(entity_id=entity_0001|fullname=Christoph Armbruster|gender=m)))
62290	nicht		
62291	,		
62292	aber		
62293	er	9806	(mention_id=9737|references=(entity=(entity_id=entity_0001|fullname=Christoph Armbruster|gender=m)))
62294	wußte		
62295	,		
62296	daß		
62297	Dieter	9807	(mention_id=9738|references=(entity=(entity_id=entity_0018|fullname=Reichsfreiherr Dietrich von Remchingen|gender=m)))
62298	in		
62299	allen		
62300	Dingen		
62301	unparteiisch		
62302	und		
62303	gewissenhaft		
62304	war		
62305	und		
62306	sich	9808	(mention_id=9739|references=(entity=(entity_id=entity_0018|fullname=Reichsfreiherr Dietrich von Remchingen|gender=m)))
62307	bei		
62308	seinen	9809	(mention_id=9740|references=(entity=(entity_id=entity_0018|fullname=Reichsfreiherr Dietrich von Remchingen|gender=m)))
62309	Amtshandlungen		
62310	nicht		
62311	durch		
62312	Gefühlsregungen		
62313	bestimmen		
62314	ließ		
62315	.		
62316	Während		
62317	er	9810	(mention_id=9741|references=(entity=(entity_id=entity_0001|fullname=Christoph Armbruster|gender=m)))
62318	diese		
62319	und		
62320	noch		
62321	andere		
62322	Entschlüsse		
62323	sorgenvoll		
62324	bei		
62325	sich	9811	(mention_id=9742|references=(entity=(entity_id=entity_0001|fullname=Christoph Armbruster|gender=m)))
62326	erwog		
62327	,		
62328	erschienen		
62329	nach		
62330	und		
62331	nach		
62332	seine	9812	(mention_id=9743|references=(entity=(entity_id=entity_0001|fullname=Christoph Armbruster|gender=m)))
62333	sämtlichen		
62334	auf		
62335	dem		
62336	Abtshofe		
62337	hausenden		
62338	Familienglieder	9813	(mention_id=9744|references=(entity=(entity_id=entity_0007|fullname=Familie Armbruster|gender=mf|members=entity_0001,entity_0003,entity_0004,entity_0005,entity_0008,entity_0016,entity_0017|all_members_given=True|specialcase_entity=group)))
62339	bei		
62340	ihm	9814	(mention_id=9745|references=(entity=(entity_id=entity_0001|fullname=Christoph Armbruster|gender=m)))
62341	,		
62342	um		
62343	zu		
62344	erfahren		
62345	,		
62346	was		
62347	der		
62348	Bronnbacher	9815	(mention_id=9746|references=(entity=(entity_id=entity_0027|fullname=Vincenz Ebendorffer|gender=m)))
62349	von		
62350	ihm	9816	(mention_id=9747|references=(entity=(entity_id=entity_0001|fullname=Christoph Armbruster|gender=m)))
62351	gewollt		
62352	und		
62353	welche		
62354	Zumutungen		
62355	er	9817	(mention_id=9748|references=(entity=(entity_id=entity_0027|fullname=Vincenz Ebendorffer|gender=m)))
62356	in		
62357	bezug		
62358	auf		
62359	Trudi	9818	(mention_id=9749|references=(entity=(entity_id=entity_0002|fullname=Gontrud Hegewald|gender=f)))
62360	an		
62361	ihn	9819	(mention_id=9750|references=(entity=(entity_id=entity_0001|fullname=Christoph Armbruster|gender=m)))
62362	gestellt		
62363	hätte		
62364	.		
62365	Anfangs		
62366	wich		
62367	er	9820	(mention_id=9751|references=(entity=(entity_id=entity_0001|fullname=Christoph Armbruster|gender=m)))
62368	ihren	9821	(mention_id=9752|references=(entity=(entity_id=entity_0007|fullname=Familie Armbruster|gender=mf|members=entity_0001,entity_0003,entity_0004,entity_0005,entity_0008,entity_0016,entity_0017|all_members_given=True|specialcase_entity=group)))
62369	sich		
62370	überstürzenden		
62371	Fragen		
62372	aus		
62373	und		
62374	gab		
62375	ihnen	9822	(mention_id=9753|references=(entity=(entity_id=entity_0007|fullname=Familie Armbruster|gender=mf|members=entity_0001,entity_0003,entity_0004,entity_0005,entity_0008,entity_0016,entity_0017|all_members_given=True|specialcase_entity=group)))
62376	nur		
62377	widerstrebend		
62378	und		
62379	andeutungsweise		
62380	Auskunft		
62381	.		
62382	Als		
62383	aber		
62384	zuletzt		
62385	auch		
62386	Trudi	9823	(mention_id=9754|references=(entity=(entity_id=entity_0002|fullname=Gontrud Hegewald|gender=f)))
62387	und		
62388	Ammerie	9824	(mention_id=9755|references=(entity=(entity_id=entity_0004|fullname=Ammerie Armbruster|gender=f)))
62389	mit		
62390	angsterfüllten		
62391	Gesichtern		
62392	bei		
62393	ihm	9825	(mention_id=9756|references=(entity=(entity_id=entity_0001|fullname=Christoph Armbruster|gender=m)))
62394	eintraten		
62395	,		
62396	brachte		
62397	er	9826	(mention_id=9757|references=(entity=(entity_id=entity_0001|fullname=Christoph Armbruster|gender=m)))
62398	es		
62399	nicht		
62400	mehr		
62401	über		
62402	sich	9827	(mention_id=9758|references=(entity=(entity_id=entity_0001|fullname=Christoph Armbruster|gender=m)))
62403	,		
62404	den		
62405	Seinigen	9828	(mention_id=9759|references=(entity=(entity_id=entity_0007|fullname=Familie Armbruster|gender=mf|members=entity_0001,entity_0003,entity_0004,entity_0005,entity_0008,entity_0016,entity_0017|all_members_given=True|specialcase_entity=group)))
62406	die		
62407	Wahrheit		
62408	vorzuenthalten		
62409	und		
62410	erstattete		
62411	ihnen	9829	(mention_id=9760|references=(entity=(entity_id=entity_0007|fullname=Familie Armbruster|gender=mf|members=entity_0001,entity_0003,entity_0004,entity_0005,entity_0008,entity_0016,entity_0017|all_members_given=True|specialcase_entity=group)))
62412	fast		
62413	wortgetreuen		
62414	Bericht		
62415	.		
62416	Der		
62417	Eindruck		
62418	,		
62419	den		
62420	dieser	9830	
62421	auf		
62422	sie	9831	(mention_id=9761|references=(entity=(entity_id=entity_0007|fullname=Familie Armbruster|gender=mf|members=entity_0001,entity_0003,entity_0004,entity_0005,entity_0008,entity_0016,entity_0017|all_members_given=True|specialcase_entity=group)))
62423	machte		
62424	,		
62425	war		
62426	ein		
62427	sehr		
62428	verschiedener		
62429	.		
62430	Peter	9832	(mention_id=9762|references=(entity=(entity_id=entity_0005|fullname=Peter Armbruster|gender=m)))
62431	geriet		
62432	über		
62433	die		
62434	Frechheit		
62435	des		
62436	Meiers	9833	(mention_id=9763|references=(entity=(entity_id=entity_0027|fullname=Vincenz Ebendorffer|gender=m)))
62437	in		
62438	Wut		
62439	und		
62440	wollte		
62441	nicht		
62442	mehr		
62443	ohne		
62444	hagebüchenen		
62445	Stock		
62446	ausgehen		
62447	,		
62448	um		
62449	den		
62450	Friedensstörer	9834	(mention_id=9764|references=(entity=(entity_id=entity_0027|fullname=Vincenz Ebendorffer|gender=m)))
62451	bei		
62452	Gelegenheit		
62453	mores		
62454	lehren		
62455	zu		
62456	können		
62457	.		
62458	Elsbeth	9835	(mention_id=9765|references=(entity=(entity_id=entity_0008|fullname=Elsbeth Armbruster|gender=f)))
62459	war		
62460	voll		
62461	Mitleid		
62462	mit		
62463	Trudi	9836	(mention_id=9766|references=(entity=(entity_id=entity_0002|fullname=Gontrud Hegewald|gender=f)))
62464	und		
62465	bangte		
62466	sich	9837	(mention_id=9767|references=(entity=(entity_id=entity_0008|fullname=Elsbeth Armbruster|gender=f)))
62467	um		
62468	ihren	9838	(mention_id=9768|references=(entity=(entity_id=entity_0008|fullname=Elsbeth Armbruster|gender=f)))
62469	Mann	9839	(mention_id=9769|references=(entity=(entity_id=entity_0001|fullname=Christoph Armbruster|gender=m)))
62470	,		
62471	daß		
62472	er	9840	(mention_id=9770|references=(entity=(entity_id=entity_0001|fullname=Christoph Armbruster|gender=m)))
62473	sich	9841	(mention_id=9771|references=(entity=(entity_id=entity_0001|fullname=Christoph Armbruster|gender=m)))
62474	in		
62475	einen		
62476	Streit		
62477	mit		
62478	dem		
62479	bewaffneten		
62480	Fremden	9842	(mention_id=9772|references=(entity=(entity_id=entity_0027|fullname=Vincenz Ebendorffer|gender=m)))
62481	einlassen		
62482	wollte		
62483	Ammerie	9843	(mention_id=9773|references=(entity=(entity_id=entity_0004|fullname=Ammerie Armbruster|gender=f)))
62484	aber		
62485	stimmte		
62486	ihrem	9844	(mention_id=9774|references=(entity=(entity_id=entity_0004|fullname=Ammerie Armbruster|gender=f)))
62487	Bruder	9845	(mention_id=9775|references=(entity=(entity_id=entity_0005|fullname=Peter Armbruster|gender=m)))
62488	lebhaft		
62489	zu		
62490	,		
62491	daß		
62492	Knüppel		
62493	aus		
62494	dem		
62495	Sack		
62496	die		
62497	richtigste		
62498	und		
62499	verständlichste		
62500	Antwort		
62501	auf		
62502	Ebendorffers	9846	(mention_id=9776|references=(entity=(entity_id=entity_0027|fullname=Vincenz Ebendorffer|gender=m)))
62503	unverschämte		
62504	Forderung		
62505	wäre		
62506	.		
62507	Trudi	9847	(mention_id=9777|references=(entity=(entity_id=entity_0002|fullname=Gontrud Hegewald|gender=f)))
62508	saß		
62509	abseits		
62510	,		
62511	in		
62512	stiller		
62513	Verzweiflung		
62514	über		
62515	das		
62516	neuerdings		
62517	auf		
62518	sie	9848	(mention_id=9778|references=(entity=(entity_id=entity_0002|fullname=Gontrud Hegewald|gender=f)))
62519	heranstürmende		
62520	Schicksal		
62521	,		
62522	das		
62523	ihr	9849	(mention_id=9779|references=(entity=(entity_id=entity_0002|fullname=Gontrud Hegewald|gender=f)))
62524	grauenvoller		
62525	war		
62526	als		
62527	das		
62528	,		
62529	die		
62530	Hörige	9850	(mention_id=9780|references=(entity=(entity_id=entity_0002|fullname=Gontrud Hegewald|gender=f)))
62531	des		
62532	Reichsfreiherrn	9851	(mention_id=9781|references=(entity=(entity_id=entity_0018|fullname=Reichsfreiherr Dietrich von Remchingen|gender=m)))
62533	zu		
62534	werden		
62535	.		
62536	Nur		
62537	in		
62538	der		
62539	eiligen		
62540	Flucht		
62541	mit		
62542	Franz	9852	(mention_id=9782|references=(entity=(entity_id=entity_0009|fullname=Franz Gersbacher|gender=m)))
62543	sah		
62544	sie	9853	(mention_id=9783|references=(entity=(entity_id=entity_0002|fullname=Gontrud Hegewald|gender=f)))
62545	noch		
62546	eine		
62547	Möglichkeit		
62548	zur		
62549	Rettung		
62550	.		
62551	Die		
62552	einzige		(mention_id=9784|references=(entity=(entity_id=entity_0003|fullname=Magdalene Armbruster|gender=f)))
62553	,		
62554	die	9854	(mention_id=9785|references=(entity=(entity_id=entity_0003|fullname=Magdalene Armbruster|gender=f)))
62555	außer		
62556	dem		
62557	Bürgermeister	9855	(mention_id=9786|references=(entity=(entity_id=entity_0001|fullname=Christoph Armbruster|gender=m)))
62558	ihre	9856	(mention_id=9787|references=(entity=(entity_id=entity_0003|fullname=Magdalene Armbruster|gender=f)))
62559	Besonnenheit		
62560	bewahrte		
62561	,		
62562	war		
62563	Madlen	9857	(mention_id=9788|references=(entity=(entity_id=entity_0003|fullname=Magdalene Armbruster|gender=f)))
62564	.		
62565	Sie	9858	(mention_id=9789|references=(entity=(entity_id=entity_0003|fullname=Magdalene Armbruster|gender=f)))
62566	wußte		
62567	,		
62568	daß		
62569	Christoph	9859	(mention_id=9790|references=(entity=(entity_id=entity_0001|fullname=Christoph Armbruster|gender=m)))
62570	dem		
62571	frevelhaften		
62572	Begehren		
62573	des		
62574	Meiers	9860	(mention_id=9791|references=(entity=(entity_id=entity_0027|fullname=Vincenz Ebendorffer|gender=m)))
62575	einen		
62576	unbeugsamen		
62577	Widerstand		
62578	entgegensetzen		
62579	würde		
62580	und		
62581	hegte		
62582	wie		
62583	in		
62584	allen		
62585	Lebenslagen		
62586	so		
62587	auch		
62588	in		
62589	dieser		
62590	ein		
62591	unerschütterliches		
62592	Vertrauen		
62593	zu		
62594	ihm	9861	(mention_id=9792|references=(entity=(entity_id=entity_0001|fullname=Christoph Armbruster|gender=m)))
62595	.		
62596	Sie	9862	(mention_id=9793|references=(entity=(entity_id=entity_0003|fullname=Magdalene Armbruster|gender=f)))
62597	hatte		
62598	bis		
62599	jetzt		
62600	geschwiegen		
62601	,		
62602	ging		
62603	aber		
62604	nun		
62605	zu		
62606	Trudi	9863	(mention_id=9794|references=(entity=(entity_id=entity_0002|fullname=Gontrud Hegewald|gender=f)))
62607	,		
62608	nahm		
62609	,		
62610	sich	9864	(mention_id=9795|references=(entity=(entity_id=entity_0003|fullname=Magdalene Armbruster|gender=f)))
62611	neben		
62612	sie	9865	(mention_id=9796|references=(entity=(entity_id=entity_0002|fullname=Gontrud Hegewald|gender=f)))
62613	setzend		
62614	,		
62615	deren	9866	(mention_id=9797|references=(entity=(entity_id=entity_0002|fullname=Gontrud Hegewald|gender=f)))
62616	Rechte		
62617	in		
62618	ihre	9867	(mention_id=9798|references=(entity=(entity_id=entity_0003|fullname=Magdalene Armbruster|gender=f)))
62619	beiden		
62620	Hände		
62621	und		
62622	sprach		
62623	ruhig		
62624	und		
62625	mild		
62626	:		
62627	»		
62628	Fürchte		
62629	dich	9868	(mention_id=9799|references=(entity=(entity_id=entity_0002|fullname=Gontrud Hegewald|gender=f)))
62630	nicht		
62631	,		
62632	mein	9869	(mention_id=9800|references=(entity=(entity_id=entity_0003|fullname=Magdalene Armbruster|gender=f)))
62633	liebes		
62634	Kind	9870	(mention_id=9801|references=(entity=(entity_id=entity_0002|fullname=Gontrud Hegewald|gender=f)))
62635	!		
62636	das		
62637	kann		
62638	Gott		(mention_id=9802|references=(entity=(entity_id=entity_0040|fullname=Gott|gender=m|specialcase_entity=nonfact)))
62639	nicht		
62640	wollen		
62641	,		
62642	daß		
62643	du	9871	(mention_id=9803|references=(entity=(entity_id=entity_0002|fullname=Gontrud Hegewald|gender=f)))
62644	in		
62645	die		
62646	Gewalt		
62647	dieses		
62648	niederträchtigen		
62649	Menschen	9872	(mention_id=9804|references=(entity=(entity_id=entity_0027|fullname=Vincenz Ebendorffer|gender=m)))
62650	fällst		
62651	.		
62652	Onkel	9873	(mention_id=9805|references=(entity=(entity_id=entity_0001|fullname=Christoph Armbruster|gender=m)))
62653	Chrischtoph	9873	(mention_id=9805|references=(entity=(entity_id=entity_0001|fullname=Christoph Armbruster|gender=m)))
62654	ist		
62655	Bürgermeister	9874	(mention_id=9806|references=(entity=(entity_id=entity_0001|fullname=Christoph Armbruster|gender=m)))
62656	dieser		
62657	Stadt		
62658	und		
62659	steht		
62660	mit		
62661	seiner	9875	(mention_id=9807|references=(entity=(entity_id=entity_0001|fullname=Christoph Armbruster|gender=m)))
62662	Kraft		
62663	und		
62664	seinem	9876	(mention_id=9808|references=(entity=(entity_id=entity_0001|fullname=Christoph Armbruster|gender=m)))
62665	eisernen		
62666	Willen		
62667	nicht		
62668	einsam		
62669	und		
62670	allein		
62671	.		
62672	Er	9877	(mention_id=9809|references=(entity=(entity_id=entity_0001|fullname=Christoph Armbruster|gender=m)))
62673	hat		
62674	Freunde	9878	(mention_id=9810|references=(entity=(entity_id=entity_0045|fullname=Christophs Freunde|gender=mf|members=entity_0013,entity_0014,entity_0018|all_members_given=False|specialcase_entity=group)))
62675	um		
62676	sich	9879	(mention_id=9811|references=(entity=(entity_id=entity_0001|fullname=Christoph Armbruster|gender=m)))
62677	,		
62678	die	9880	(mention_id=9812|references=(entity=(entity_id=entity_0045|fullname=Christophs Freunde|gender=mf|members=entity_0013,entity_0014,entity_0018|all_members_given=False|specialcase_entity=group)))
62679	ihm	9881	(mention_id=9813|references=(entity=(entity_id=entity_0001|fullname=Christoph Armbruster|gender=m)))
62680	helfen		
62681	werden		
62682	,		
62683	dich	9882	(mention_id=9814|references=(entity=(entity_id=entity_0002|fullname=Gontrud Hegewald|gender=f)))
62684	zu		
62685	beschützen		
62686	und		
62687	in		
62688	Not		
62689	und		
62690	Gefahr		
62691	zu		
62692	verteidigen		
62693	.		
62694	Du	9883	(mention_id=9815|references=(entity=(entity_id=entity_0002|fullname=Gontrud Hegewald|gender=f)))
62695	wirst		
62696	von		
62697	uns	9884	(mention_id=9816|references=(entity=(entity_id=entity_0007|fullname=Familie Armbruster|gender=mf|members=entity_0001,entity_0003,entity_0004,entity_0005,entity_0008,entity_0016,entity_0017|all_members_given=True|specialcase_entity=group)))
62698	nicht		
62699	verraten		
62700	und		
62701	verkauft		
62702	werden		
62703	.		
62704	Das		
62705	sage		
62706	ich	9885	(mention_id=9817|references=(entity=(entity_id=entity_0003|fullname=Magdalene Armbruster|gender=f)))
62707	dir	9886	(mention_id=9818|references=(entity=(entity_id=entity_0002|fullname=Gontrud Hegewald|gender=f)))
62708	,		
62709	deine	9887	(mention_id=9819|references=(entity=(entity_id=entity_0002|fullname=Gontrud Hegewald|gender=f)))
62710	jetzige		
62711	Mutter	9888	(mention_id=9820|references=(entity=(entity_id=entity_0003|fullname=Magdalene Armbruster|gender=f)))
62712	,		
62713	die	9889	(mention_id=9821|references=(entity=(entity_id=entity_0003|fullname=Magdalene Armbruster|gender=f)))
62714	du	9890	(mention_id=9822|references=(entity=(entity_id=entity_0002|fullname=Gontrud Hegewald|gender=f)))
62715	in		
62716	guten		
62717	und		
62718	bösen		
62719	Stunden		
62720	stets		
62721	an		
62722	deiner	9891	(mention_id=9823|references=(entity=(entity_id=entity_0002|fullname=Gontrud Hegewald|gender=f)))
62723	Seite		
62724	haben		
62725	wirst		
62726	.		
62727	Chrischtoph	9892	(mention_id=9824|references=(entity=(entity_id=entity_0001|fullname=Christoph Armbruster|gender=m)))
62728	,		
62729	was		
62730	sagst		
62731	du	9893	(mention_id=9825|references=(entity=(entity_id=entity_0001|fullname=Christoph Armbruster|gender=m)))
62732	?		
62733	«		
62734	Christoph	9894	(mention_id=9826|references=(entity=(entity_id=entity_0001|fullname=Christoph Armbruster|gender=m)))
62735	kam		
62736	zu		
62737	Trudi	9895	(mention_id=9827|references=(entity=(entity_id=entity_0002|fullname=Gontrud Hegewald|gender=f)))
62738	heran		
62739	und		
62740	sprach		
62741	:		
62742	»		
62743	Solange		
62744	ich	9896	(mention_id=9828|references=(entity=(entity_id=entity_0001|fullname=Christoph Armbruster|gender=m)))
62745	lebe		
62746	,		
62747	Trudi	9897	(mention_id=9829|references=(entity=(entity_id=entity_0002|fullname=Gontrud Hegewald|gender=f)))
62748	,		
62749	sollst		
62750	du	9898	(mention_id=9830|references=(entity=(entity_id=entity_0002|fullname=Gontrud Hegewald|gender=f)))
62751	niemals		
62752	gegen		
62753	deinen	9899	(mention_id=9831|references=(entity=(entity_id=entity_0002|fullname=Gontrud Hegewald|gender=f)))
62754	Wunsch		
62755	und		
62756	Willen		
62757	von		
62758	meinem	9900	(mention_id=9832|references=(entity=(entity_id=entity_0001|fullname=Christoph Armbruster|gender=m)))
62759	Hofe		
62760	gehen		
62761	.		
62762	«		
62763	Sie	9901	(mention_id=9833|references=(entity=(entity_id=entity_0002|fullname=Gontrud Hegewald|gender=f)))
62764	sah		
62765	mit		
62766	einem		
62767	innig		
62768	dankbaren		
62769	Blick		
62770	zu		
62771	ihm	9902	(mention_id=9834|references=(entity=(entity_id=entity_0001|fullname=Christoph Armbruster|gender=m)))
62772	auf		
62773	,		
62774	war		
62775	aber		
62776	keines		
62777	Wortes		
62778	fähig		
62779	.		
62780	»		
62781	Nun		
62782	wieder		
62783	an		
62784	die		
62785	Arbeit		
62786	,		
62787	Kinder	9903	(mention_id=9835|references=(entity=(entity_id=entity_0002|fullname=Gontrud Hegewald|gender=f)),(entity=(entity_id=entity_0004|fullname=Ammerie Armbruster|gender=f)),(entity=(entity_id=entity_0005|fullname=Peter Armbruster|gender=m)),(entity=(entity_id=entity_0008|fullname=Elsbeth Armbruster|gender=f)))
62788	!		
62789	«		
62790	gebot		
62791	Madlen	9904	(mention_id=9836|references=(entity=(entity_id=entity_0003|fullname=Magdalene Armbruster|gender=f)))
62792	mit		
62793	hausmütterlicher		
62794	Würde		
62795	und		
62796	Entschiedenheit		
62797	.		
62798	»		
62799	Und		
62800	wenn		
62801	du	9905	(mention_id=9837|references=(entity=(entity_id=entity_0003|fullname=Magdalene Armbruster|gender=f)))
62802	mich	9906	(mention_id=9838|references=(entity=(entity_id=entity_0001|fullname=Christoph Armbruster|gender=m)))
62803	brauchst		
62804	,		
62805	Chrischtoph	9907	(mention_id=9839|references=(entity=(entity_id=entity_0001|fullname=Christoph Armbruster|gender=m)))
62806	,		
62807	so		
62808	rufe		
62809	deine	9908	(mention_id=9840|references=(entity=(entity_id=entity_0001|fullname=Christoph Armbruster|gender=m)))
62810	Frau	9909	(mention_id=9841|references=(entity=(entity_id=entity_0003|fullname=Magdalene Armbruster|gender=f)))
62811	!		
62812	«		
