i	token	mention	gold
70995	Zweiundzwanzigstes		
70996	Kapitel		
70997	.		
70998	Noch		
70999	tagelang		
71000	machte		
71001	sich		
71002	in		
71003	der		
71004	Einwohnerschaft	11258	(mention_id=11197|references=(entity=(entity_id=entity_0019|fullname=Wachenheimer|gender=mf|members=entity_0007,entity_0013,entity_0014,entity_0026|all_members_given=False|specialcase_entity=group)))
71005	Wachenheims		
71006	die		
71007	Aufregung		
71008	über		
71009	das		
71010	unselige		
71011	Ereignis		
71012	fühlbar		
71013	,		
71014	das		
71015	da		
71016	draußen		
71017	vor		
71018	der		
71019	Holzpforte		
71020	seinen		
71021	schauerlichen		
71022	Abschluß		
71023	gefunden		
71024	hatte		
71025	.		
71026	Man		(mention_id=11198|references=(entity=(entity_id=entity_0021|fullname=Christophs Gegner|gender=mf|members=entity_0015,entity_0043|all_members_given=False|specialcase_entity=group)))
71027	sah		
71028	auf		
71029	der		
71030	Straße		
71031	unzufriedene		
71032	,		
71033	mürrische		
71034	Gesichter		
71035	und		
71036	hörte		
71037	abfällige		
71038	Bemerkungen		
71039	über		
71040	die		
71041	rechtschaffenen		
71042	,		
71043	unbescholtenen		
71044	Bürger	11259	(mention_id=11199|references=(entity=(entity_id=entity_0229|fullname=Schöffen|gender=m|specialcase_entity=group)))
71045	,		
71046	die	11260	(mention_id=11200|references=(entity=(entity_id=entity_0229|fullname=Schöffen|gender=m|specialcase_entity=group)))
71047	bei		
71048	der		
71049	Gerichtsverhandlung		
71050	die		
71051	eingeschworene		
71052	Schöffenbank		
71053	gebildet		
71054	hatten		
71055	.		
71056	Selbst		
71057	der		
71058	hochachtbare		
71059	,		
71060	ehrwürdige		
71061	Schultheiß	11261	(mention_id=11201|references=(entity=(entity_id=entity_0030|fullname=Schultheiß Gottfried Bofinger|gender=m)))
71062	wurde		
71063	hinter		
71064	seinem	11262	(mention_id=11202|references=(entity=(entity_id=entity_0030|fullname=Schultheiß Gottfried Bofinger|gender=m)))
71065	Rücken		
71066	mit		
71067	Vorwürfen		
71068	wegen		
71069	seiner	11263	(mention_id=11203|references=(entity=(entity_id=entity_0030|fullname=Schultheiß Gottfried Bofinger|gender=m)))
71070	unnachsichtigen		
71071	Strenge		
71072	nicht		
71073	verschont		
71074	.		
71075	Aber		
71076	nicht		
71077	bloß		
71078	die		
71079	vielen	11264	
71080	zu		
71081	hart		
71082	scheinende		
71083	Strafe		
71084	war		
71085	es		
71086	,		
71087	was		
71088	in		
71089	den		
71090	Köpfen		
71091	der		
71092	Mißvergnügten	11265	(mention_id=11204|references=(entity=(entity_id=entity_0021|fullname=Christophs Gegner|gender=mf|members=entity_0015,entity_0043|all_members_given=False|specialcase_entity=group)))
71093	rumorte		
71094	wie		
71095	gärender		
71096	Most		
71097	.		
71098	Es		
71099	mußte		
71100	noch		
71101	etwas		
71102	anderes		
71103	sein		
71104	,		
71105	was		
71106	in		
71107	gewissen		
71108	Kreisen		
71109	der		
71110	Stadt		
71111	gemunkelt		
71112	,		
71113	aber		
71114	von		
71115	den		
71116	Eingeweihten	11266	(mention_id=11205|references=(entity=(entity_id=entity_0021|fullname=Christophs Gegner|gender=mf|members=entity_0015,entity_0043|all_members_given=False|specialcase_entity=group)))
71117	noch		
71118	verschwiegen		
71119	wurde		
71120	.		
71121	Die		
71122	Stammgäste	11267	(mention_id=11206|references=(entity=(entity_id=entity_0233|fullname=Stammgäste|gender=m|members=entity_0228,entity_0252|all_members_given=False|specialcase_entity=group)))
71123	in		
71124	der		
71125	Trinkstube		
71126	des		
71127	Kronenwirtes	11268	(mention_id=11207|references=(entity=(entity_id=entity_0102|fullname=Kronenwirt|gender=m)))
71128	blickten		
71129	sich	11269	(mention_id=11208|references=(entity=(entity_id=entity_0233|fullname=Stammgäste|gender=m|members=entity_0228,entity_0252|all_members_given=False|specialcase_entity=group)))
71130	mit		
71131	fragenden		
71132	Augen		
71133	mißtrauisch		
71134	an		
71135	,		
71136	doch		
71137	keiner		
71138	von		
71139	denen	11270	(mention_id=11209|references=(entity=(entity_id=entity_0233|fullname=Stammgäste|gender=m|members=entity_0228,entity_0252|all_members_given=False|specialcase_entity=group)))
71140	,		
71141	die	11271	(mention_id=11210|references=(entity=(entity_id=entity_0233|fullname=Stammgäste|gender=m|members=entity_0228,entity_0252|all_members_given=False|specialcase_entity=group)))
71142	wußten		
71143	,		
71144	was		
71145	im		
71146	Stillen		
71147	gesponnen		
71148	wurde		
71149	,		
71150	kam		
71151	damit		
71152	heraus		
71153	,		
71154	bis		
71155	es		
71156	sich		
71157	in		
71158	der		
71159	sonntäglichen		
71160	Elfuhrmesse		
71161	auf		
71162	eine		
71163	in		
71164	die		
71165	schleppende		
71166	Unterhaltung		
71167	eingestreute		
71168	Spottrede		
71169	Lutz	11272	(mention_id=11211|references=(entity=(entity_id=entity_0014|fullname=Lutz Hebenstreit|gender=m)))
71170	Hebenstreits	11272	(mention_id=11211|references=(entity=(entity_id=entity_0014|fullname=Lutz Hebenstreit|gender=m)))
71171	einmal		
71172	offenbarte		
71173	.		
71174	Die	11273	(mention_id=11212|references=(entity=(entity_id=entity_0233|fullname=Stammgäste|gender=m|members=entity_0228,entity_0252|all_members_given=False|specialcase_entity=group)))
71175	hier		
71176	beim		
71177	Schoppen		
71178	saßen		
71179	,		
71180	waren		
71181	zumeist		
71182	Winzer	11274	(mention_id=11213|references=(entity=(entity_id=entity_0252|fullname=Winzer|gender=m|specialcase_entity=group)))
71183	,		
71184	solche	11275	(mention_id=11214|references=(entity=(entity_id=entity_0252|fullname=Winzer|gender=m|specialcase_entity=group)))
71185	,		
71186	die	11276	(mention_id=11215|references=(entity=(entity_id=entity_0252|fullname=Winzer|gender=m|specialcase_entity=group)))
71187	ihr	11277	(mention_id=11216|references=(entity=(entity_id=entity_0252|fullname=Winzer|gender=m|specialcase_entity=group)))
71188	Gewächs		
71189	rein		
71190	und		
71191	unverfälscht		
71192	in		
71193	ihrem	11278	(mention_id=11217|references=(entity=(entity_id=entity_0252|fullname=Winzer|gender=m|specialcase_entity=group)))
71194	Keller		
71195	ausbauten		
71196	,		
71197	und		
71198	solche	11279	(mention_id=11218|references=(entity=(entity_id=generic_0325|fullname=Panscher|gender=u|specialcase_entity=generic)))
71199	,		
71200	denen	11280	(mention_id=11219|references=(entity=(entity_id=generic_0326|fullname=Panscher|gender=u|specialcase_entity=generic)))
71201	man		
71202	dies		
71203	nicht		
71204	nachrühmen		
71205	konnte		
71206	.		
71207	Einer	11281	(mention_id=11220|references=(entity=(entity_id=generic_0327|fullname=Panscher|gender=u|specialcase_entity=generic)))
71208	aus		
71209	der		
71210	Gesellschaft	11282	(mention_id=11221|references=(entity=(entity_id=generic_0328|fullname=Panscher|gender=u|specialcase_entity=generic)))
71211	der		
71212	letzteren	11283	(mention_id=11222|references=(entity=(entity_id=generic_0329|fullname=Panscher|gender=u|specialcase_entity=generic)))
71213	sprach		
71214	von		
71215	ungefähr		
71216	:		
71217	»		
71218	Wie		
71219	schnell		
71220	doch		
71221	so		
71222	ein		
71223	Jahr		
71224	vergeht		
71225	!		
71226	Schon		
71227	sind		
71228	die		
71229	Weinberge		
71230	wieder		
71231	geschlossen		
71232	,		
71233	und		
71234	die		
71235	Lese		
71236	steht		
71237	dicht		
71238	vor		
71239	der		
71240	Tür		
71241	.		
71242	«		
71243	»		
71244	Wird		
71245	aber		
71246	,		
71247	was		
71248	die		
71249	Bonität		
71250	des		
71251	Heurigen		
71252	betrifft		
71253	,		
71254	ein		
71255	kläglicher		
71256	Herbst		
71257	werden		
71258	,		
71259	«		
71260	fügte		
71261	ein		
71262	anderer	11284	(mention_id=11223|references=(entity=(entity_id=generic_0330|fullname=Panscher|gender=u|specialcase_entity=generic)))
71263	seufzend		
71264	hinzu		
71265	.		
71266	»		
71267	Ja		
71268	,		
71269	«		
71270	sagte		
71271	Lutz	11285	(mention_id=11224|references=(entity=(entity_id=entity_0014|fullname=Lutz Hebenstreit|gender=m)))
71272	hohnlachend		
71273	,		
71274	»		
71275	das		
71276	sind		
71277	miserable		
71278	Aussichten		
71279	für		
71280	euch	11286	(mention_id=11225|references=(entity=(entity_id=generic_0331|fullname=Panscher|gender=u|specialcase_entity=generic)))
71281	,		
71282	die	11287	(mention_id=11226|references=(entity=(entity_id=generic_0332|fullname=Panscher|gender=u|specialcase_entity=generic)))
71283	ihr	11288	(mention_id=11227|references=(entity=(entity_id=generic_0333|fullname=Panscher|gender=u|specialcase_entity=generic)))
71284	bisher		
71285	auch		
71286	mit		
71287	den		
71288	schlechtesten		
71289	Jahrgängen		
71290	immer		
71291	ein		
71292	Gesöff		
71293	zusammengeschmiert		
71294	habt		
71295	,		
71296	das		
71297	den		
71298	dickhäutigen		
71299	Zungen		
71300	eurer	11289	(mention_id=11228|references=(entity=(entity_id=generic_0334|fullname=Panscher|gender=u|specialcase_entity=generic)))
71301	Abnehmer	11290	(mention_id=11229|references=(entity=(entity_id=entity_0234|fullname=Abnehmer der Panscher|gender=m|specialcase_entity=group)))
71302	beinah		
71303	wie		
71304	Traubensaft		
71305	schmeckte		
71306	.		
71307	Damit		
71308	ist's		
71309	nun		
71310	vorbei		
71311	,		
71312	denn		
71313	nun		
71314	habt		
71315	ihr	11291	(mention_id=11230|references=(entity=(entity_id=entity_0252|fullname=Winzer|gender=m|specialcase_entity=group)))
71316	keinen		
71317	Hammichel	11292	(mention_id=11231|references=(entity=(entity_id=entity_0015|fullname=Hammichel von Gimmeldingen|gender=m)))
71318	mehr		
71319	,		
71320	der		(mention_id=11232|references=(entity=(entity_id=entity_0015|fullname=Hammichel von Gimmeldingen|gender=m)))
71321	mit		
71322	seinen	11293	(mention_id=11233|references=(entity=(entity_id=entity_0015|fullname=Hammichel von Gimmeldingen|gender=m)))
71323	,		
71324	zum		
71325	Glück		
71326	aller		
71327	braven		
71328	Zecher	11294	(mention_id=11234|references=(entity=(entity_id=entity_0235|fullname=Zecher|gender=m)))
71329	euch	11295	(mention_id=11235|references=(entity=(entity_id=entity_0252|fullname=Winzer|gender=m|specialcase_entity=group)))
71330	selber		
71331	nicht		
71332	bekannten		
71333	,		
71334	Mitteln		
71335	so		
71336	'nen		
71337	erbärmlichen		
71338	Schund		
71339	zurecht		
71340	quacksalbert		
71341	.		
71342	Nun		
71343	wird		
71344	sich		
71345	unser	11296	(mention_id=11236|references=(entity=(entity_id=entity_0019|fullname=Wachenheimer|gender=mf|members=entity_0007,entity_0013,entity_0014,entity_0026|all_members_given=False|specialcase_entity=group)))
71346	liebes		
71347	Wachenheim		
71348	in		
71349	der		
71350	ganzen		
71351	Pfalz		
71352	wieder		
71353	des		
71354	guten		
71355	Rufes		
71356	erfreuen		
71357	,		
71358	reine		
71359	Weine		
71360	zu		
71361	liefern		
71362	,		
71363	weil		
71364	der		
71365	Deibel	11297	(mention_id=11237|references=(entity=(entity_id=entity_0041|fullname=Teufel|gender=m|specialcase_entity=nonfact)))
71366	sich	11298	(mention_id=11238|references=(entity=(entity_id=entity_0041|fullname=Teufel|gender=m|specialcase_entity=nonfact)))
71367	euren	11299	(mention_id=11239|references=(entity=(entity_id=generic_0335|fullname=Panscher|gender=u|specialcase_entity=generic)))
71368	Giftmischer	11300	(mention_id=11240|references=(entity=(entity_id=entity_0015|fullname=Hammichel von Gimmeldingen|gender=m)))
71369	endlich		
71370	geholt		
71371	hat		
71372	.		
71373	«		
71374	Das		
71375	schlug		
71376	wie		
71377	der		
71378	Blitz		
71379	ins		
71380	Scheunendach		
71381	.		
71382	Die		
71383	Verhöhnten	11301	(mention_id=11241|references=(entity=(entity_id=generic_0336|fullname=Panscher|gender=u|specialcase_entity=generic)))
71384	fuhren		
71385	wild		
71386	auf		
71387	,		
71388	aber		
71389	einer	11302	(mention_id=11242|references=(entity=(entity_id=entity_0231|fullname=Henning Buschard|gender=m)))
71390	von		
71391	ihnen	11303	(mention_id=11243|references=(entity=(entity_id=generic_0337|fullname=Panscher|gender=u|specialcase_entity=generic)))
71392	,		
71393	namens		
71394	Buschard	11304	(mention_id=11244|references=(entity=(entity_id=entity_0231|fullname=Henning Buschard|gender=m)))
71395	,		
71396	entgegnete		
71397	äußerlich		
71398	ruhig		
71399	,		
71400	doch		
71401	innerlich		
71402	voll		
71403	kochenden		
71404	Grimmes		
71405	:		
71406	»		
71407	Da		
71408	hast		
71409	du	11305	(mention_id=11245|references=(entity=(entity_id=entity_0014|fullname=Lutz Hebenstreit|gender=m)))
71410	recht		
71411	,		
71412	Lutz	11306	(mention_id=11246|references=(entity=(entity_id=entity_0014|fullname=Lutz Hebenstreit|gender=m)))
71413	;		
71414	der		
71415	Hammichel	11307	(mention_id=11247|references=(entity=(entity_id=entity_0015|fullname=Hammichel von Gimmeldingen|gender=m)))
71416	wird		
71417	manchem		
71418	von		
71419	uns	11308	(mention_id=11248|references=(entity=(entity_id=generic_0338|fullname=Panscher|gender=u|specialcase_entity=generic)))
71420	fehlen		
71421	,		
71422	und		
71423	daß		
71424	er	11309	(mention_id=11249|references=(entity=(entity_id=entity_0015|fullname=Hammichel von Gimmeldingen|gender=m)))
71425	uns	11310	(mention_id=11250|references=(entity=(entity_id=generic_0339|fullname=Panscher|gender=u|specialcase_entity=generic)))
71426	fehlt		
71427	,		
71428	haben		
71429	wir	11311	(mention_id=11251|references=(entity=(entity_id=generic_0340|fullname=Panscher|gender=u|specialcase_entity=generic)))
71430	nur		
71431	der		
71432	eingewanderten		
71433	Fremden	11312	(mention_id=11252|references=(entity=(entity_id=entity_0002|fullname=Gontrud Hegewald|gender=f)))
71434	auf		
71435	dem		
71436	Abtshofe		
71437	zu		
71438	verdanken		
71439	und		
71440	werden		
71441	ihr	11313	(mention_id=11253|references=(entity=(entity_id=entity_0002|fullname=Gontrud Hegewald|gender=f)))
71442	den		
71443	Dank		
71444	dafür		
71445	auch		
71446	nicht		
71447	schuldig		
71448	bleiben		
71449	.		
71450	Vor		
71451	dem		
71452	Entführtwerden		
71453	haben		
71454	sie	11314	(mention_id=11254|references=(entity=(entity_id=entity_0002|fullname=Gontrud Hegewald|gender=f)))
71455	die		
71456	klobigen		
71457	Fäuste		
71458	der		
71459	Gersbacher	11315	(mention_id=11255|references=(entity=(entity_id=entity_0010|fullname=Steffen Gersbacher|gender=m)),(entity=(entity_id=entity_0009|fullname=Franz Gersbacher|gender=m)))
71460	bewahrt		
71461	,		
71462	dem		
71463	Hörigwerden		
71464	soll		
71465	sie	11316	(mention_id=11256|references=(entity=(entity_id=entity_0002|fullname=Gontrud Hegewald|gender=f)))
71466	aber		
71467	nicht		
71468	entschlüpfen		
71469	;		
71470	dafür		
71471	werden		
71472	wir	11317	(mention_id=11257|references=(entity=(entity_id=generic_0341|fullname=Panscher|gender=u|specialcase_entity=generic)))
71473	sorgen		
71474	.		
71475	«		
71476	Damit		
71477	war		
71478	das		
71479	Stichwort		
71480	gefallen		
71481	,		
71482	dem		
71483	die		
71484	anderen		
71485	berüchtigten		
71486	Pfuscher	11318	(mention_id=11258|references=(entity=(entity_id=generic_0342|fullname=Panscher|gender=u|specialcase_entity=generic)))
71487	mit		
71488	eifrigem		
71489	:		
71490	»		
71491	Jawohl		
71492	!		
71493	das		
71494	werden		
71495	wir	11319	(mention_id=11259|references=(entity=(entity_id=generic_0343|fullname=Panscher|gender=u|specialcase_entity=generic)))
71496	,		
71497	die	11320	(mention_id=11260|references=(entity=(entity_id=entity_0002|fullname=Gontrud Hegewald|gender=f)))
71498	soll		
71499	uns	11321	(mention_id=11261|references=(entity=(entity_id=generic_0344|fullname=Panscher|gender=u|specialcase_entity=generic)))
71500	noch		
71501	kennen		
71502	lernen		
71503	!		
71504	«		
71505	lärmend		
71506	und		
71507	johlend		
71508	zustimmten		
71509	.		
71510	»		
71511	So		
71512	?		
71513	das		
71514	probiert		
71515	einmal		
71516	!		
71517	dann		
71518	sollt		
71519	ihr	11322	(mention_id=11262|references=(entity=(entity_id=generic_0345|fullname=Panscher|gender=u|specialcase_entity=generic)))
71520	uns	11323	(mention_id=11263|references=(entity=(entity_id=entity_0014|fullname=Lutz Hebenstreit|gender=m)),(entity=(entity_id=entity_0020|fullname=Christophs Verbündete|gender=mf|members=entity_0014,entity_0042|all_members_given=False|specialcase_entity=group)))
71521	auch		
71522	erst		
71523	kennen		
71524	lernen		
71525	,		
71526	ihr	11324	(mention_id=11264|references=(entity=(entity_id=generic_0346|fullname=Panscher|gender=u|specialcase_entity=generic)))
71527	,		
71528	die	11325	(mention_id=11265|references=(entity=(entity_id=generic_0347|fullname=Panscher|gender=u|specialcase_entity=generic)))
71529	ihr	11326	(mention_id=11266|references=(entity=(entity_id=generic_0348|fullname=Panscher|gender=u|specialcase_entity=generic)))
71530	ein		
71531	so		
71532	löcheriges		
71533	Gewissen		
71534	habt		
71535	wie		
71536	ein		
71537	aus		
71538	allen		
71539	Fugen		
71540	leckendes		
71541	Faß		
71542	,		
71543	«		
71544	wetterte		
71545	Lutz	11327	(mention_id=11267|references=(entity=(entity_id=entity_0014|fullname=Lutz Hebenstreit|gender=m)))
71546	,		
71547	aber		
71548	er	11328	(mention_id=11268|references=(entity=(entity_id=entity_0014|fullname=Lutz Hebenstreit|gender=m)))
71549	schrieb		
71550	sich's	11329	(mention_id=11269|references=(entity=(entity_id=entity_0014|fullname=Lutz Hebenstreit|gender=m)))
71551	hinters		
71552	Ohr		
71553	,		
71554	was		
71555	er	11330	(mention_id=11270|references=(entity=(entity_id=entity_0014|fullname=Lutz Hebenstreit|gender=m)))
71556	eben		
71557	gehört		
71558	hatte		
71559	.		
71560	Buschards	11331	(mention_id=11271|references=(entity=(entity_id=entity_0231|fullname=Henning Buschard|gender=m)))
71561	Drohung		
71562	hatte		
71563	verraten		
71564	,		
71565	welcher		
71566	Plan		
71567	unter		
71568	den		
71569	der		
71570	Auflehnung		
71571	Verdächtigen	11332	(mention_id=11272|references=(entity=(entity_id=entity_0021|fullname=Christophs Gegner|gender=mf|members=entity_0015,entity_0043|all_members_given=False|specialcase_entity=group)))
71572	heimlich		
71573	umging		
71574	,		
71575	die		
71576	Wiederaufnahme		
71577	der		
71578	Angriffe		
71579	gegen		
71580	den		
71581	Bürgermeister	11333	(mention_id=11273|references=(entity=(entity_id=entity_0001|fullname=Christoph Armbruster|gender=m)))
71582	.		
71583	Damit		
71584	würde		
71585	der		
71586	unter		
71587	dem		
71588	Druck		
71589	der		
71590	jüngsten		
71591	Begebenheiten		
71592	kaum		
71593	erstickte		
71594	Hader		
71595	der		
71596	Parteien	11334	(mention_id=11274|references=(entity=(entity_id=entity_0020|fullname=Christophs Verbündete|gender=mf|members=entity_0014,entity_0042|all_members_given=False|specialcase_entity=group)),(entity=(entity_id=entity_0021|fullname=Christophs Gegner|gender=mf|members=entity_0015,entity_0043|all_members_given=False|specialcase_entity=group)))
71597	von		
71598	frischem		
71599	aufglimmen		
71600	und		
71601	bei		
71602	der		
71603	Wut		
71604	der		
71605	durch		
71606	die		
71607	Beseitigung		
71608	Hammichels	11335	(mention_id=11275|references=(entity=(entity_id=entity_0015|fullname=Hammichel von Gimmeldingen|gender=m)))
71609	Beeinträchtigten	11336	
71610	nun		
71611	doppelt		
71612	heiß		
71613	entbrennen		
71614	.		
71615	Und		
71616	das		
71617	fing		
71618	schon		
71619	jetzt		
71620	an		
71621	.		
71622	Zwischen		
71623	den		
71624	immer		
71625	heftiger		
71626	aufeinander		
71627	Prallenden	11337	
71628	flogen		
71629	so		
71630	schwere		
71631	Beleidigungen		
71632	hinüber		
71633	und		
71634	herüber		
71635	,		
71636	daß		
71637	ernstliche		
71638	Friedensstörungen		
71639	in		
71640	der		
71641	Stadt		
71642	zu		
71643	befürchten		
71644	waren		
71645	.		
71646	Buschard	11338	(mention_id=11276|references=(entity=(entity_id=entity_0231|fullname=Henning Buschard|gender=m)))
71647	galt		
71648	nicht		
71649	mit		
71650	Unrecht		
71651	für		
71652	einen		
71653	bösartigen		
71654	,		
71655	gefährlichen		
71656	Menschen	11339	(mention_id=11277|references=(entity=(entity_id=entity_0231|fullname=Henning Buschard|gender=m)))
71657	,		
71658	von		
71659	dem	11340	(mention_id=11278|references=(entity=(entity_id=entity_0231|fullname=Henning Buschard|gender=m)))
71660	man		
71661	,		
71662	wenn		
71663	man		
71664	ihn	11341	(mention_id=11279|references=(entity=(entity_id=entity_0231|fullname=Henning Buschard|gender=m)))
71665	zum		
71666	Feinde	11342	(mention_id=11280|references=(entity=(entity_id=entity_0231|fullname=Henning Buschard|gender=m)))
71667	hatte		
71668	,		
71669	sich	11343	
71670	des		
71671	Ärgsten		
71672	versehen		
71673	mußte		
71674	.		
71675	Zudem		
71676	stand		
71677	er	11344	(mention_id=11281|references=(entity=(entity_id=entity_0231|fullname=Henning Buschard|gender=m)))
71678	in		
71679	naher		
71680	Beziehung		
71681	zu		
71682	dem		
71683	ihm	11345	(mention_id=11282|references=(entity=(entity_id=entity_0231|fullname=Henning Buschard|gender=m)))
71684	geistesverwandten		
71685	Adam	11346	(mention_id=11283|references=(entity=(entity_id=entity_0023|fullname=Adam Steinecker|gender=m)))
71686	Steinecker	11346	(mention_id=11283|references=(entity=(entity_id=entity_0023|fullname=Adam Steinecker|gender=m)))
71687	,		
71688	dem		
71689	unversöhnlichen		
71690	Widersacher	11347	(mention_id=11284|references=(entity=(entity_id=entity_0023|fullname=Adam Steinecker|gender=m)))
71691	Armbrusters	11348	(mention_id=11285|references=(entity=(entity_id=entity_0001|fullname=Christoph Armbruster|gender=m)))
71692	,		
71693	der	11349	(mention_id=11286|references=(entity=(entity_id=entity_0001|fullname=Christoph Armbruster|gender=m)))
71694	,		
71695	ohnehin		
71696	aufgebracht		
71697	über		
71698	das		
71699	Verschwinden		
71700	seines	11350	(mention_id=11287|references=(entity=(entity_id=entity_0001|fullname=Christoph Armbruster|gender=m)))
71701	bei		
71702	dem		
71703	Entführungsversuche		
71704	beteiligten		
71705	Sohnes	11351	(mention_id=11288|references=(entity=(entity_id=entity_0024|fullname=Wilm Steinecker|gender=m)))
71706	,		
71707	nun		
71708	vollends		
71709	haßgeladen		
71710	war		
71711	gegen		
71712	den		
71713	Bürgermeister	11352	(mention_id=11289|references=(entity=(entity_id=entity_0001|fullname=Christoph Armbruster|gender=m)))
71714	,		
71715	dem	11353	(mention_id=11290|references=(entity=(entity_id=entity_0001|fullname=Christoph Armbruster|gender=m)))
71716	allein		
71717	er	11354	(mention_id=11291|references=(entity=(entity_id=entity_0001|fullname=Christoph Armbruster|gender=m)))
71718	die		
71719	Schuld		
71720	an		
71721	dem		
71722	Untergange		
71723	Hammichels	11355	(mention_id=11292|references=(entity=(entity_id=entity_0015|fullname=Hammichel von Gimmeldingen|gender=m)))
71724	zuschrieb		
71725	.		
71726	Und		
71727	weshalb		
71728	?		
71729	weil		
71730	Armbruster	11356	(mention_id=11293|references=(entity=(entity_id=entity_0001|fullname=Christoph Armbruster|gender=m)))
71731	den		
71732	Wildfang	11357	(mention_id=11294|references=(entity=(entity_id=entity_0002|fullname=Gontrud Hegewald|gender=f)))
71733	,		
71734	seine	11358	(mention_id=11295|references=(entity=(entity_id=entity_0001|fullname=Christoph Armbruster|gender=m)))
71735	heimatflüchtige		
71736	Niftel	11359	(mention_id=11296|references=(entity=(entity_id=entity_0002|fullname=Gontrud Hegewald|gender=f)))
71737	bei		
71738	sich	11360	(mention_id=11297|references=(entity=(entity_id=entity_0001|fullname=Christoph Armbruster|gender=m)))
71739	aufgenommen		
71740	hatte		
71741	,		
71742	um		
71743	derentwillen	11361	
71744	das		
71745	ganze		
71746	Unheil		
71747	entstanden		
71748	war		
71749	.		
71750	So		
71751	ließ		
71752	Ebendorffers	11362	(mention_id=11298|references=(entity=(entity_id=entity_0027|fullname=Vincenz Ebendorffer|gender=m)))
71753	Auftreten		
71754	hier		
71755	sehr		
71756	bedenkliche		
71757	Spuren		
71758	im		
71759	Irdischen		
71760	zurück		
71761	,		
71762	und		
71763	sein	11363	(mention_id=11299|references=(entity=(entity_id=entity_0027|fullname=Vincenz Ebendorffer|gender=m)))
71764	ihm	11364	(mention_id=11300|references=(entity=(entity_id=entity_0027|fullname=Vincenz Ebendorffer|gender=m)))
71765	mißlungenes		
71766	Beginnen		
71767	,		
71768	das		
71769	er	11365	(mention_id=11301|references=(entity=(entity_id=entity_0027|fullname=Vincenz Ebendorffer|gender=m)))
71770	selber		
71771	mit		
71772	dem		
71773	Tode		
71774	büßen		
71775	mußte		
71776	,		
71777	konnte		
71778	noch		
71779	ein		
71780	verhängnisvolles		
71781	Nachspiel		
71782	haben		
71783	.		
71784	Lutz	11366	(mention_id=11302|references=(entity=(entity_id=entity_0014|fullname=Lutz Hebenstreit|gender=m)))
71785	Hebenstreit	11366	(mention_id=11302|references=(entity=(entity_id=entity_0014|fullname=Lutz Hebenstreit|gender=m)))
71786	stellte		
71787	darüber		
71788	eingehende		
71789	Betrachtungen		
71790	an		
71791	,		
71792	als		
71793	er	11367	(mention_id=11303|references=(entity=(entity_id=entity_0014|fullname=Lutz Hebenstreit|gender=m)))
71794	sich	11368	(mention_id=11304|references=(entity=(entity_id=entity_0014|fullname=Lutz Hebenstreit|gender=m)))
71795	von		
71796	der		
71797	so		
71798	stürmisch		
71799	verlaufenen		
71800	Elfuhrmesse		
71801	auf		
71802	einem		
71803	weiten		
71804	Umwege		
71805	nach		
71806	Hause		
71807	begab		
71808	.		
71809	»		
71810	Also		
71811	Rache		
71812	für		
71813	Hammichel	11369	(mention_id=11305|references=(entity=(entity_id=entity_0015|fullname=Hammichel von Gimmeldingen|gender=m)))
71814	!		
71815	heißt		
71816	die		
71817	Parole		
71818	der		
71819	Panscher	11370	(mention_id=11306|references=(entity=(entity_id=generic_0349|fullname=Panscher|gender=u|specialcase_entity=generic)))
71820	,		
71821	«		
71822	hub		
71823	er	11371	(mention_id=11307|references=(entity=(entity_id=entity_0014|fullname=Lutz Hebenstreit|gender=m)))
71824	im		
71825	Selbstgespräch		
71826	an		
71827	,		
71828	»		
71829	und		
71830	Trudi	11372	(mention_id=11308|references=(entity=(entity_id=entity_0002|fullname=Gontrud Hegewald|gender=f)))
71831	oder		
71832	vielmehr		
71833	Chrischtoph	11373	(mention_id=11309|references=(entity=(entity_id=entity_0001|fullname=Christoph Armbruster|gender=m)))
71834	soll		
71835	das		
71836	Opfer	11374	(mention_id=11310|references=(entity=(entity_id=entity_0002|fullname=Gontrud Hegewald|gender=f)),(entity=(entity_id=entity_0001|fullname=Christoph Armbruster|gender=m)))
71837	sein		
71838	.		
71839	Dahinter		
71840	steckt		
71841	als		
71842	Rottmeister	11375	(mention_id=11311|references=(entity=(entity_id=entity_0023|fullname=Adam Steinecker|gender=m)))
71843	natürlich		
71844	Steinecker	11376	(mention_id=11312|references=(entity=(entity_id=entity_0023|fullname=Adam Steinecker|gender=m)))
71845	,		
71846	der's	11377	
71847	nicht		
71848	verknusen		
71849	kann		
71850	,		
71851	daß		
71852	Trudi	11378	(mention_id=11313|references=(entity=(entity_id=entity_0002|fullname=Gontrud Hegewald|gender=f)))
71853	,		
71854	nach		
71855	der		
71856	Einbildung		
71857	der		
71858	aufgeblasenen		
71859	Sippe	11379	(mention_id=11314|references=(entity=(entity_id=entity_0026|fullname=Familie Steinecker|gender=mf|members=entity_0022,entity_0023,entity_0024,entity_0025|all_members_given=True|specialcase_entity=group)))
71860	,		
71861	seiner	11380	(mention_id=11315|references=(entity=(entity_id=entity_0023|fullname=Adam Steinecker|gender=m)))
71862	Tochter	11381	(mention_id=11316|references=(entity=(entity_id=entity_0022|fullname=Jakobine Steinecker|gender=f)))
71863	Jakobine	11381	(mention_id=11316|references=(entity=(entity_id=entity_0022|fullname=Jakobine Steinecker|gender=f)))
71864	den		
71865	Franz	11382	(mention_id=11317|references=(entity=(entity_id=entity_0009|fullname=Franz Gersbacher|gender=m)))
71866	vor		
71867	der		
71868	Nase		
71869	weggeschnappt		
71870	haben		
71871	soll		
71872	.		
71873	So		
71874	'ne		
71875	Dummheit		
71876	!		
71877	Franz	11383	(mention_id=11318|references=(entity=(entity_id=entity_0009|fullname=Franz Gersbacher|gender=m)))
71878	hätte		
71879	die		
71880	Jakobine	11384	(mention_id=11319|references=(entity=(entity_id=entity_0022|fullname=Jakobine Steinecker|gender=f)))
71881	im		
71882	Leben		
71883	nicht		
71884	gefreit		
71885	.		
71886	Aber		
71887	was		
71888	wollen		
71889	denn		
71890	die		
71891	aufrührerischen		
71892	Krakeeler	11385	(mention_id=11320|references=(entity=(entity_id=entity_0021|fullname=Christophs Gegner|gender=mf|members=entity_0015,entity_0043|all_members_given=False|specialcase_entity=group)))
71893	gegen		
71894	Chrischtoph	11386	(mention_id=11321|references=(entity=(entity_id=entity_0001|fullname=Christoph Armbruster|gender=m)))
71895	unternehmen		
71896	?		
71897	Wie		
71898	wollen		
71899	sie	11387	(mention_id=11322|references=(entity=(entity_id=entity_0021|fullname=Christophs Gegner|gender=mf|members=entity_0015,entity_0043|all_members_given=False|specialcase_entity=group)))
71900	denn		
71901	den		
71902	Freiherrn	11388	(mention_id=11323|references=(entity=(entity_id=entity_0018|fullname=Reichsfreiherr Dietrich von Remchingen|gender=m)))
71903	zwingen		
71904	,		
71905	Trudi	11389	(mention_id=11324|references=(entity=(entity_id=entity_0002|fullname=Gontrud Hegewald|gender=f)))
71906	hörig		
71907	zu		
71908	machen		
71909	und		
71910	damit		
71911	seinen	11390	(mention_id=11325|references=(entity=(entity_id=entity_0018|fullname=Reichsfreiherr Dietrich von Remchingen|gender=m)))
71912	Freund	11391	(mention_id=11326|references=(entity=(entity_id=entity_0001|fullname=Christoph Armbruster|gender=m)))
71913	Chrischtoph	11391	(mention_id=11326|references=(entity=(entity_id=entity_0001|fullname=Christoph Armbruster|gender=m)))
71914	zu		
71915	demütigen		
71916	?		
71917	Remchingen	11392	(mention_id=11327|references=(entity=(entity_id=entity_0018|fullname=Reichsfreiherr Dietrich von Remchingen|gender=m)))
71918	muß		
71919	doch		
71920	seine		(mention_id=11328|references=(entity=(entity_id=entity_0018|fullname=Reichsfreiherr Dietrich von Remchingen|gender=m)))
71921	Gründe		
71922	haben		
71923	,		
71924	warum		
71925	er's	11393	(mention_id=11329|references=(entity=(entity_id=entity_0018|fullname=Reichsfreiherr Dietrich von Remchingen|gender=m)))
71926	noch		
71927	nicht		
71928	getan		
71929	hat		
71930	,		
71931	und		
71932	wird		
71933	es		
71934	zu		
71935	verantworten		
71936	wissen		
71937	,		
71938	wenn		
71939	er's	11394	(mention_id=11330|references=(entity=(entity_id=entity_0018|fullname=Reichsfreiherr Dietrich von Remchingen|gender=m)))
71940	überhaupt		
71941	nicht		
71942	tut		
71943	.		
71944	Von		
71945	Steinecker	11395	(mention_id=11331|references=(entity=(entity_id=entity_0023|fullname=Adam Steinecker|gender=m)))
71946	und		
71947	Kumpanei	11396	(mention_id=11332|references=(entity=(entity_id=entity_0021|fullname=Christophs Gegner|gender=mf|members=entity_0015,entity_0043|all_members_given=False|specialcase_entity=group)))
71948	dazu		
71949	drängen		
71950	läßt		
71951	sich	11397	(mention_id=11333|references=(entity=(entity_id=entity_0018|fullname=Reichsfreiherr Dietrich von Remchingen|gender=m)))
71952	der		
71953	alte		
71954	Haudegen	11398	(mention_id=11334|references=(entity=(entity_id=entity_0018|fullname=Reichsfreiherr Dietrich von Remchingen|gender=m)))
71955	nun		
71956	und		
71957	nimmermehr		
71958	.		
71959	–		
71960	Schade		
71961	,		
71962	daß		
71963	Florian	11399	(mention_id=11335|references=(entity=(entity_id=entity_0012|fullname=Florian Gersbacher|gender=m)))
71964	Gersbacher	11399	(mention_id=11335|references=(entity=(entity_id=entity_0012|fullname=Florian Gersbacher|gender=m)))
71965	heute		
71966	nicht		
71967	in		
71968	der		
71969	Elfuhrmesse		
71970	war		
71971	!		
71972	Der	11400	(mention_id=11336|references=(entity=(entity_id=entity_0012|fullname=Florian Gersbacher|gender=m)))
71973	wäre		
71974	den		
71975	Schreihälsen	11401	(mention_id=11337|references=(entity=(entity_id=generic_0350|fullname=Panscher|gender=u|specialcase_entity=generic)))
71976	ganz		
71977	anders		
71978	übers		
71979	Maul		
71980	gefahren		
71981	als		
71982	ich	11402	(mention_id=11338|references=(entity=(entity_id=entity_0014|fullname=Lutz Hebenstreit|gender=m)))
71983	,		
71984	der	11403	(mention_id=11339|references=(entity=(entity_id=entity_0014|fullname=Lutz Hebenstreit|gender=m)))
71985	ich	11404	(mention_id=11340|references=(entity=(entity_id=entity_0014|fullname=Lutz Hebenstreit|gender=m)))
71986	mich	11405	(mention_id=11341|references=(entity=(entity_id=entity_0014|fullname=Lutz Hebenstreit|gender=m)))
71987	fast		
71988	allein		
71989	mit		
71990	ihnen	11406	(mention_id=11342|references=(entity=(entity_id=generic_0351|fullname=Panscher|gender=u|specialcase_entity=generic)))
71991	herumbalgen		
71992	mußte		
71993	,		
71994	denn		
71995	die	11407	(mention_id=11343|references=(entity=(entity_id=entity_0020|fullname=Christophs Verbündete|gender=mf|members=entity_0014,entity_0042|all_members_given=False|specialcase_entity=group)))
71996	ich	11408	(mention_id=11344|references=(entity=(entity_id=entity_0014|fullname=Lutz Hebenstreit|gender=m)))
71997	von		
71998	den		
71999	Unsrigen	11409	(mention_id=11345|references=(entity=(entity_id=entity_0020|fullname=Christophs Verbündete|gender=mf|members=entity_0014,entity_0042|all_members_given=False|specialcase_entity=group)))
72000	auf		
72001	meiner	11410	(mention_id=11346|references=(entity=(entity_id=entity_0014|fullname=Lutz Hebenstreit|gender=m)))
72002	Seite		
72003	hatte		
72004	,		
72005	geholfen		
72006	haben		
72007	sie	11411	(mention_id=11347|references=(entity=(entity_id=entity_0020|fullname=Christophs Verbündete|gender=mf|members=entity_0014,entity_0042|all_members_given=False|specialcase_entity=group)))
72008	mir	11412	(mention_id=11348|references=(entity=(entity_id=entity_0014|fullname=Lutz Hebenstreit|gender=m)))
72009	verdammt		
72010	wenig		
72011	.		
72012	Ich	11413	(mention_id=11349|references=(entity=(entity_id=entity_0014|fullname=Lutz Hebenstreit|gender=m)))
72013	habe		
72014	die		
72015	Bande	11414	(mention_id=11350|references=(entity=(entity_id=generic_0352|fullname=Panscher|gender=u|specialcase_entity=generic)))
72016	noch		
72017	viel		
72018	zu		
72019	sanft		
72020	angefaßt		
72021	,		
72022	weil		
72023	Geschimpf'		
72024	und		
72025	Gezänk		
72026	meiner	11415	(mention_id=11351|references=(entity=(entity_id=entity_0014|fullname=Lutz Hebenstreit|gender=m)))
72027	Natur		
72028	durchaus		
72029	zuwider		
72030	sind		
72031	;		
72032	selig		
72033	sind		
72034	die		
72035	Friedfertigen	11416	(mention_id=11352|references=(entity=(entity_id=generic_0358|fullname=generic_0106|gender=u|specialcase_entity=generic)))
72036	.		
72037	Mit		
72038	dem		
72039	Florian	11417	(mention_id=11353|references=(entity=(entity_id=entity_0012|fullname=Florian Gersbacher|gender=m)))
72040	werd'		
72041	ich	11418	(mention_id=11354|references=(entity=(entity_id=entity_0014|fullname=Lutz Hebenstreit|gender=m)))
72042	ein		
72043	Wort		
72044	im		
72045	Vertrauen		
72046	reden		
72047	,		
72048	daß		
72049	wir	11419	(mention_id=11355|references=(entity=(entity_id=entity_0014|fullname=Lutz Hebenstreit|gender=m)),(entity=(entity_id=entity_0012|fullname=Florian Gersbacher|gender=m)),(entity=(entity_id=entity_0020|fullname=Christophs Verbündete|gender=mf|members=entity_0014,entity_0042|all_members_given=False|specialcase_entity=group)))
72050	den		
72051	Biedermännern	11420	(mention_id=11356|references=(entity=(entity_id=entity_0021|fullname=Christophs Gegner|gender=mf|members=entity_0015,entity_0043|all_members_given=False|specialcase_entity=group)))
72052	,		
72053	die	11421	(mention_id=11357|references=(entity=(entity_id=entity_0021|fullname=Christophs Gegner|gender=mf|members=entity_0015,entity_0043|all_members_given=False|specialcase_entity=group)))
72054	sich	11422	(mention_id=11358|references=(entity=(entity_id=entity_0021|fullname=Christophs Gegner|gender=mf|members=entity_0015,entity_0043|all_members_given=False|specialcase_entity=group)))
72055	über		
72056	Hammichels	11423	(mention_id=11359|references=(entity=(entity_id=entity_0015|fullname=Hammichel von Gimmeldingen|gender=m)))
72057	beschleunigte		
72058	Höllenfahrt		
72059	nicht		
72060	trösten		
72061	können		
72062	,		
72063	tatkräftig		
72064	zu		
72065	Leibe		
72066	gehen		
72067	,		
72068	denn		
72069	wir	11424	(mention_id=11360|references=(entity=(entity_id=entity_0014|fullname=Lutz Hebenstreit|gender=m)),(entity=(entity_id=entity_0012|fullname=Florian Gersbacher|gender=m)),(entity=(entity_id=entity_0020|fullname=Christophs Verbündete|gender=mf|members=entity_0014,entity_0042|all_members_given=False|specialcase_entity=group)))
72070	dürfen		
72071	die		
72072	Hände		
72073	nicht		
72074	in		
72075	den		
72076	Schoß		
72077	legen		
72078	und		
72079	mäßig		
72080	zuschauen		
72081	,		
72082	wie		
72083	sie	11425	(mention_id=11361|references=(entity=(entity_id=entity_0021|fullname=Christophs Gegner|gender=mf|members=entity_0015,entity_0043|all_members_given=False|specialcase_entity=group)))
72084	unserm	11426	(mention_id=11362|references=(entity=(entity_id=entity_0014|fullname=Lutz Hebenstreit|gender=m)),(entity=(entity_id=entity_0012|fullname=Florian Gersbacher|gender=m)),(entity=(entity_id=entity_0020|fullname=Christophs Verbündete|gender=mf|members=entity_0014,entity_0042|all_members_given=False|specialcase_entity=group)))
72085	Chrischtoph	11427	(mention_id=11363|references=(entity=(entity_id=entity_0001|fullname=Christoph Armbruster|gender=m)))
72086	einen		
72087	Knüppel		
72088	zwischen		
72089	die		
72090	Beine		
72091	schmeißen		
72092	.		
72093	Die		
72094	Sache		
72095	mit		
72096	dem		
72097	verflixten		
72098	Wildfangrecht		
72099	hat		
72100	doch		
72101	ihren		
72102	Haken		
72103	,		
72104	an		
72105	den		
72106	sich		
72107	allerhand		
72108	Spitzbübereien		
72109	anhängen		
72110	lassen		
72111	,		
72112	aber		
72113	so		
72114	Gott		(mention_id=11364|references=(entity=(entity_id=entity_0040|fullname=Gott|gender=m|specialcase_entity=nonfact)))
72115	will		
72116	,		
72117	werden		
72118	wir	11428	(mention_id=11365|references=(entity=(entity_id=entity_0014|fullname=Lutz Hebenstreit|gender=m)),(entity=(entity_id=entity_0012|fullname=Florian Gersbacher|gender=m)),(entity=(entity_id=entity_0020|fullname=Christophs Verbündete|gender=mf|members=entity_0014,entity_0042|all_members_given=False|specialcase_entity=group)))
72119	die		
72120	Stänker	11429	(mention_id=11366|references=(entity=(entity_id=entity_0021|fullname=Christophs Gegner|gender=mf|members=entity_0015,entity_0043|all_members_given=False|specialcase_entity=group)))
72121	und		
72122	Störenfriede	11430	(mention_id=11367|references=(entity=(entity_id=entity_0021|fullname=Christophs Gegner|gender=mf|members=entity_0015,entity_0043|all_members_given=False|specialcase_entity=group)))
72123	mit		
72124	Keulenschlägen		
72125	zu		
72126	Paaren	11431	
72127	treiben		
72128	.		
72129	«		
72130	Damit		
72131	schloß		
72132	der		
72133	sanftmütige		
72134	Küfer	11432	(mention_id=11368|references=(entity=(entity_id=entity_0014|fullname=Lutz Hebenstreit|gender=m)))
72135	seine	11433	(mention_id=11369|references=(entity=(entity_id=entity_0014|fullname=Lutz Hebenstreit|gender=m)))
72136	sich	11434	(mention_id=11370|references=(entity=(entity_id=entity_0014|fullname=Lutz Hebenstreit|gender=m)))
72137	selbst		
72138	gehaltene		
72139	Sonntagspredigt		
72140	und		
72141	streckte		
72142	,		
72143	zu		
72144	Hause		
72145	angelangt		
72146	,		
72147	mit		
72148	großem		
72149	Behagen		
72150	die		
72151	Füße		
72152	unter		
72153	seinen	11435	(mention_id=11371|references=(entity=(entity_id=entity_0014|fullname=Lutz Hebenstreit|gender=m)))
72154	wohlbestellten		
72155	Eßtisch		
72156	.		
72157	–		
72158	Henning	11436	(mention_id=11372|references=(entity=(entity_id=entity_0231|fullname=Henning Buschard|gender=m)))
72159	Buschard	11436	(mention_id=11372|references=(entity=(entity_id=entity_0231|fullname=Henning Buschard|gender=m)))
72160	hatte		
72161	nichts		
72162	Eiligeres		
72163	zu		
72164	tun		
72165	als		
72166	seinem	11437	(mention_id=11373|references=(entity=(entity_id=entity_0231|fullname=Henning Buschard|gender=m)))
72167	Verbündeten	11438	(mention_id=11374|references=(entity=(entity_id=entity_0023|fullname=Adam Steinecker|gender=m)))
72168	Adam	11439	(mention_id=11374|references=(entity=(entity_id=entity_0023|fullname=Adam Steinecker|gender=m)))
72169	Steinecker	11439	(mention_id=11374|references=(entity=(entity_id=entity_0023|fullname=Adam Steinecker|gender=m)))
72170	die		
72171	vom		
72172	Zaune		
72173	gebrochene		
72174	hämische		
72175	Anzapfung		
72176	Hebenstreits	11440	(mention_id=11375|references=(entity=(entity_id=entity_0014|fullname=Lutz Hebenstreit|gender=m)))
72177	brühwarm		
72178	zu		
72179	hinterbringen		
72180	.		
72181	Steinecker	11441	(mention_id=11376|references=(entity=(entity_id=entity_0023|fullname=Adam Steinecker|gender=m)))
72182	polterte		
72183	erst		
72184	über		
72185	die		
72186	Unverschämtheit		
72187	des		
72188	großschnäuzigen		
72189	,		
72190	sackgroben		
72191	Faßbinders	11442	(mention_id=11377|references=(entity=(entity_id=entity_0014|fullname=Lutz Hebenstreit|gender=m)))
72192	wutkollernd		
72193	los		
72194	,		
72195	empfahl		
72196	aber		
72197	dann		
72198	ein		
72199	sehr		
72200	behutsames		
72201	und		
72202	verschwiegenes		
72203	Vorgehen		
72204	gegen		
72205	den		
72206	Bürgermeister	11443	(mention_id=11378|references=(entity=(entity_id=entity_0001|fullname=Christoph Armbruster|gender=m)))
72207	,		
72208	weil		
72209	sie	11444	(mention_id=11379|references=(entity=(entity_id=entity_0231|fullname=Henning Buschard|gender=m)),(entity=(entity_id=entity_0023|fullname=Adam Steinecker|gender=m)),(entity=(entity_id=entity_0021|fullname=Christophs Gegner|gender=mf|members=entity_0015,entity_0043|all_members_given=False|specialcase_entity=group)))
72210	,		
72211	die		
72212	Gekränkten	11445	(mention_id=11380|references=(entity=(entity_id=entity_0231|fullname=Henning Buschard|gender=m)),(entity=(entity_id=entity_0023|fullname=Adam Steinecker|gender=m)),(entity=(entity_id=entity_0021|fullname=Christophs Gegner|gender=mf|members=entity_0015,entity_0043|all_members_given=False|specialcase_entity=group)))
72213	und		
72214	Geschmähten	11446	(mention_id=11381|references=(entity=(entity_id=entity_0231|fullname=Henning Buschard|gender=m)),(entity=(entity_id=entity_0023|fullname=Adam Steinecker|gender=m)),(entity=(entity_id=entity_0021|fullname=Christophs Gegner|gender=mf|members=entity_0015,entity_0043|all_members_given=False|specialcase_entity=group)))
72215	,		
72216	sich	11447	(mention_id=11382|references=(entity=(entity_id=entity_0231|fullname=Henning Buschard|gender=m)),(entity=(entity_id=entity_0023|fullname=Adam Steinecker|gender=m)),(entity=(entity_id=entity_0021|fullname=Christophs Gegner|gender=mf|members=entity_0015,entity_0043|all_members_given=False|specialcase_entity=group)))
72217	leider		
72218	in		
72219	der		
72220	Minderheit		
72221	befänden		
72222	und		
72223	deshalb		
72224	bedacht		
72225	sein		
72226	müßten		
72227	,		
72228	die		
72229	von		
72230	ihnen	11448	(mention_id=11383|references=(entity=(entity_id=entity_0231|fullname=Henning Buschard|gender=m)),(entity=(entity_id=entity_0023|fullname=Adam Steinecker|gender=m)),(entity=(entity_id=entity_0021|fullname=Christophs Gegner|gender=mf|members=entity_0015,entity_0043|all_members_given=False|specialcase_entity=group)))
72231	zu		
72232	ergreifenden		
72233	Maßregeln		
72234	geheimzuhalten		
72235	,		
72236	damit		
72237	die		
72238	Gegenpartei	11449	(mention_id=11384|references=(entity=(entity_id=entity_0020|fullname=Christophs Verbündete|gender=mf|members=entity_0014,entity_0042|all_members_given=False|specialcase_entity=group)))
72239	nicht		
72240	Wind		
72241	davon		
72242	bekäme		
72243	und		
72244	sie		
72245	mit		
72246	Vorbeugungen		
72247	und		
72248	Hinderungen		
72249	durchkreuzte		
72250	.		
72251	Er	11450	(mention_id=11385|references=(entity=(entity_id=entity_0023|fullname=Adam Steinecker|gender=m)))
72252	würde		
72253	die		
72254	Gesinnungsgenossen	11451	(mention_id=11386|references=(entity=(entity_id=entity_0021|fullname=Christophs Gegner|gender=mf|members=entity_0015,entity_0043|all_members_given=False|specialcase_entity=group)))
72255	nächstens		
72256	einmal		
72257	abends		
72258	bei		
72259	sich	11452	(mention_id=11387|references=(entity=(entity_id=entity_0023|fullname=Adam Steinecker|gender=m)))
72260	versammeln		
72261	,		
72262	um		
72263	mit		
72264	ihnen	11453	(mention_id=11388|references=(entity=(entity_id=entity_0021|fullname=Christophs Gegner|gender=mf|members=entity_0015,entity_0043|all_members_given=False|specialcase_entity=group)))
72265	zu		
72266	beraten		
72267	,		
72268	auf		
72269	welche		
72270	Weise		
72271	man		
72272	sich		(mention_id=11389|references=(entity=(entity_id=entity_0021|fullname=Christophs Gegner|gender=mf|members=entity_0015,entity_0043|all_members_given=False|specialcase_entity=group)))
72273	die		
72274	Unterstützung		
72275	des		
72276	Reichsfreiherrn	11454	(mention_id=11390|references=(entity=(entity_id=entity_0018|fullname=Reichsfreiherr Dietrich von Remchingen|gender=m)))
72277	sichern		
72278	könnte		
72279	.		
72280	Buschard	11455	(mention_id=11391|references=(entity=(entity_id=entity_0231|fullname=Henning Buschard|gender=m)))
72281	fragte		
72282	,		
72283	schon		
72284	die		
72285	Türklinke		
72286	in		
72287	der		
72288	Hand		
72289	,		
72290	ob		
72291	nicht		
72292	Junker	11456	(mention_id=11392|references=(entity=(entity_id=entity_0029|fullname=Junker Ulrich von Remchingen|gender=m)))
72293	Ulrich	11456	(mention_id=11392|references=(entity=(entity_id=entity_0029|fullname=Junker Ulrich von Remchingen|gender=m)))
72294	,		
72295	wenn		
72296	man		
72297	ihn	11457	(mention_id=11393|references=(entity=(entity_id=entity_0029|fullname=Junker Ulrich von Remchingen|gender=m)))
72298	darum		
72299	anginge		
72300	,		
72301	die		
72302	Vermittlung		
72303	übernehmen		
72304	würde		
72305	.		
72306	»		
72307	Dein	11458	(mention_id=11394|references=(entity=(entity_id=entity_0231|fullname=Henning Buschard|gender=m)))
72308	Vorschlag		
72309	ist		
72310	gar		
72311	nicht		
72312	so		
72313	übel		
72314	,		
72315	Henning	11459	(mention_id=11395|references=(entity=(entity_id=entity_0231|fullname=Henning Buschard|gender=m)))
72316	,		
72317	«		
72318	erwiderte		
72319	Steinecker	11460	(mention_id=11396|references=(entity=(entity_id=entity_0023|fullname=Adam Steinecker|gender=m)))
72320	.		
72321	»		
72322	Der		
72323	Junker	11461	(mention_id=11397|references=(entity=(entity_id=entity_0029|fullname=Junker Ulrich von Remchingen|gender=m)))
72324	soll		
72325	früher		
72326	selber		
72327	die		
72328	Leibeigenschaft		
72329	der		
72330	Würzburgerin	11462	(mention_id=11398|references=(entity=(entity_id=entity_0002|fullname=Gontrud Hegewald|gender=f)))
72331	betrieben		
72332	haben		
72333	ohne		
72334	damit		
72335	durchgedrungen		
72336	zu		
72337	sein		
72338	.		
72339	Aber		
72340	vielleicht		
72341	läßt		
72342	er	11463	(mention_id=11399|references=(entity=(entity_id=entity_0029|fullname=Junker Ulrich von Remchingen|gender=m)))
72343	sich	11464	(mention_id=11400|references=(entity=(entity_id=entity_0029|fullname=Junker Ulrich von Remchingen|gender=m)))
72344	bewegen		
72345	,		
72346	seinen	11465	(mention_id=11401|references=(entity=(entity_id=entity_0029|fullname=Junker Ulrich von Remchingen|gender=m)))
72347	Vater	11466	(mention_id=11402|references=(entity=(entity_id=entity_0018|fullname=Reichsfreiherr Dietrich von Remchingen|gender=m)))
72348	noch		
72349	einmal		
72350	an		
72351	die		
72352	ihm	11467	(mention_id=11403|references=(entity=(entity_id=entity_0018|fullname=Reichsfreiherr Dietrich von Remchingen|gender=m)))
72353	obliegende		
72354	Ausübung		
72355	des		
72356	Wildfangrechtes		
72357	zu		
72358	erinnern		
72359	.		
72360	Ich	11468	(mention_id=11404|references=(entity=(entity_id=entity_0023|fullname=Adam Steinecker|gender=m)))
72361	werd's		
72362	mir	11469	(mention_id=11405|references=(entity=(entity_id=entity_0023|fullname=Adam Steinecker|gender=m)))
72363	überlegen		
72364	,		
72365	wie		
72366	er	11470	(mention_id=11406|references=(entity=(entity_id=entity_0029|fullname=Junker Ulrich von Remchingen|gender=m)))
72367	wohl		
72368	zur		
72369	Erfüllung		
72370	dieses		
72371	Anliegens		
72372	zu		
72373	gewinnen		
72374	wäre		
72375	.		
72376	«		
72377	Steinecker	11471	(mention_id=11407|references=(entity=(entity_id=entity_0023|fullname=Adam Steinecker|gender=m)))
72378	brauchte		
72379	sich	11472	(mention_id=11408|references=(entity=(entity_id=entity_0023|fullname=Adam Steinecker|gender=m)))
72380	das		
72381	gar		
72382	nicht		
72383	erst		
72384	zu		
72385	überlegen		
72386	,		
72387	denn		
72388	er	11473	(mention_id=11409|references=(entity=(entity_id=entity_0023|fullname=Adam Steinecker|gender=m)))
72389	wußte		
72390	,		
72391	daß		
72392	dazu		
72393	niemand		
72394	geeigneter		
72395	war		
72396	als		
72397	seine	11474	(mention_id=11410|references=(entity=(entity_id=entity_0023|fullname=Adam Steinecker|gender=m)))
72398	Tochter	11475	(mention_id=11411|references=(entity=(entity_id=entity_0022|fullname=Jakobine Steinecker|gender=f)))
72399	Jakobine	11475	(mention_id=11411|references=(entity=(entity_id=entity_0022|fullname=Jakobine Steinecker|gender=f)))
72400	,		
72401	deren	11476	(mention_id=11412|references=(entity=(entity_id=entity_0022|fullname=Jakobine Steinecker|gender=f)))
72402	ihn	11477	(mention_id=11413|references=(entity=(entity_id=entity_0023|fullname=Adam Steinecker|gender=m)))
72403	gefahrlos		
72404	dünkende		
72405	Liebelei		
72406	mit		
72407	Ulrich	11478	(mention_id=11414|references=(entity=(entity_id=entity_0029|fullname=Junker Ulrich von Remchingen|gender=m)))
72408	ihm	11479	(mention_id=11415|references=(entity=(entity_id=entity_0023|fullname=Adam Steinecker|gender=m)))
72409	nicht		
72410	verborgen		
72411	geblieben		
72412	war		
72413	.		
72414	Er	11480	(mention_id=11416|references=(entity=(entity_id=entity_0023|fullname=Adam Steinecker|gender=m)))
72415	hatte		
72416	ihr	11481	(mention_id=11417|references=(entity=(entity_id=entity_0022|fullname=Jakobine Steinecker|gender=f)))
72417	bisher		
72418	aus		
72419	Mitleid		
72420	mit		
72421	der		
72422	von		
72423	Franz	11482	(mention_id=11418|references=(entity=(entity_id=entity_0009|fullname=Franz Gersbacher|gender=m)))
72424	sitzen		
72425	Gelassenen	11483	(mention_id=11419|references=(entity=(entity_id=entity_0022|fullname=Jakobine Steinecker|gender=f)))
72426	und		
72427	nun		
72428	bei		
72429	dem		
72430	Junker	11484	(mention_id=11420|references=(entity=(entity_id=entity_0029|fullname=Junker Ulrich von Remchingen|gender=m)))
72431	Trost		
72432	und		
72433	Ersatz		
72434	Suchenden		(mention_id=11421|references=(entity=(entity_id=entity_0022|fullname=Jakobine Steinecker|gender=f)))
72435	duldsam		
72436	durch		
72437	die		
72438	Finger		
72439	gesehen		
72440	,		
72441	jetzt		
72442	aber		
72443	kam		
72444	ihm	11485	(mention_id=11422|references=(entity=(entity_id=entity_0023|fullname=Adam Steinecker|gender=m)))
72445	der		
72446	listig		
72447	gepflegte		
72448	Stelldicheinverkehr		
72449	der		
72450	beiden	11486	(mention_id=11423|references=(entity=(entity_id=entity_0022|fullname=Jakobine Steinecker|gender=f)),(entity=(entity_id=entity_0029|fullname=Junker Ulrich von Remchingen|gender=m)))
72451	sehr		
72452	zupaß		
72453	.		
72454	Als		
72455	er	11487	(mention_id=11424|references=(entity=(entity_id=entity_0023|fullname=Adam Steinecker|gender=m)))
72456	ihr	11488	(mention_id=11425|references=(entity=(entity_id=entity_0022|fullname=Jakobine Steinecker|gender=f)))
72457	nun		
72458	seinen	11489	(mention_id=11426|references=(entity=(entity_id=entity_0023|fullname=Adam Steinecker|gender=m)))
72459	Wunsch		
72460	,		
72461	die		
72462	Mitwirkung		
72463	des		
72464	Junkers	11490	(mention_id=11427|references=(entity=(entity_id=entity_0029|fullname=Junker Ulrich von Remchingen|gender=m)))
72465	zum		
72466	Inkrafttreten		
72467	des		
72468	Wildfangrechtes		
72469	zu		
72470	veranlassen		
72471	,		
72472	unverblümt		
72473	zu		
72474	verstehen		
72475	gab		
72476	,		
72477	heuchelte		
72478	sie	11491	(mention_id=11428|references=(entity=(entity_id=entity_0022|fullname=Jakobine Steinecker|gender=f)))
72479	dreist		
72480	:		
72481	»		
72482	Aber		
72483	Vater	11492	(mention_id=11429|references=(entity=(entity_id=entity_0023|fullname=Adam Steinecker|gender=m)))
72484	,		
72485	wie		
72486	soll		
72487	ich	11493	(mention_id=11430|references=(entity=(entity_id=entity_0022|fullname=Jakobine Steinecker|gender=f)))
72488	denn		
72489	das		
72490	anfangen		
72491	?		
72492	ja		
72493	,		
72494	wenn		
72495	Hammichel	11494	(mention_id=11431|references=(entity=(entity_id=entity_0015|fullname=Hammichel von Gimmeldingen|gender=m)))
72496	noch		
72497	lebte		
72498	!		
72499	Der	11495	(mention_id=11432|references=(entity=(entity_id=entity_0015|fullname=Hammichel von Gimmeldingen|gender=m)))
72500	war		
72501	mir	11496	(mention_id=11433|references=(entity=(entity_id=entity_0022|fullname=Jakobine Steinecker|gender=f)))
72502	immer		
72503	ein		
72504	dienstwilliger		
72505	Bote	11497	(mention_id=11434|references=(entity=(entity_id=entity_0015|fullname=Hammichel von Gimmeldingen|gender=m)))
72506	,		
72507	wenn		
72508	ich	11498	(mention_id=11435|references=(entity=(entity_id=entity_0022|fullname=Jakobine Steinecker|gender=f)))
72509	–		
72510	«		
72511	sie	11499	(mention_id=11436|references=(entity=(entity_id=entity_0022|fullname=Jakobine Steinecker|gender=f)))
72512	brach		
72513	erschrocken		
72514	ab		
72515	,		
72516	denn		
72517	sie	11500	(mention_id=11437|references=(entity=(entity_id=entity_0022|fullname=Jakobine Steinecker|gender=f)))
72518	hätte		
72519	sich	11501	(mention_id=11438|references=(entity=(entity_id=entity_0022|fullname=Jakobine Steinecker|gender=f)))
72520	beinahe		
72521	verraten		
72522	,		
72523	zu		
72524	was		
72525	für		
72526	Botschaften		
72527	und		
72528	Hilfsleistungen		
72529	sie	11502	(mention_id=11439|references=(entity=(entity_id=entity_0022|fullname=Jakobine Steinecker|gender=f)))
72530	den		
72531	Zwischenträger	11503	(mention_id=11440|references=(entity=(entity_id=entity_0015|fullname=Hammichel von Gimmeldingen|gender=m)))
72532	benutzt		
72533	hatte		
72534	.		
72535	»		
72536	Ich	11504	(mention_id=11441|references=(entity=(entity_id=entity_0022|fullname=Jakobine Steinecker|gender=f)))
72537	meine		
72538	nur		
72539	,		
72540	«		
72541	fuhr		
72542	sie	11505	(mention_id=11442|references=(entity=(entity_id=entity_0022|fullname=Jakobine Steinecker|gender=f)))
72543	fort		
72544	,		
72545	verwirrt		
72546	»		
72547	ich	11506	(mention_id=11443|references=(entity=(entity_id=entity_0022|fullname=Jakobine Steinecker|gender=f)))
72548	habe		
72549	doch		
72550	gar		
72551	keine		
72552	Gelegenheit		
72553	–		
72554	«		
72555	»		
72556	Na		
72557	,		
72558	tu		
72559	nur		
72560	nicht		
72561	so		
72562	furchtbar		
72563	unschuldig		
72564	,		
72565	«		
72566	spöttelte		
72567	er	11507	(mention_id=11444|references=(entity=(entity_id=entity_0023|fullname=Adam Steinecker|gender=m)))
72568	,		
72569	»		
72570	wirst'		
72571	s		
72572	wohl		
72573	auch		
72574	ohne		
72575	Hammichel		(mention_id=11445|references=(entity=(entity_id=entity_0015|fullname=Hammichel von Gimmeldingen|gender=m)))
72576	zuwege		
72577	bringen		
72578	.		
72579	«		
72580	»		
72581	Sollte		
72582	mich	11508	(mention_id=11446|references=(entity=(entity_id=entity_0022|fullname=Jakobine Steinecker|gender=f)))
72583	der		
72584	Zufall		
72585	einmal		
72586	mit		
72587	dem		
72588	Junker	11509	(mention_id=11447|references=(entity=(entity_id=entity_0029|fullname=Junker Ulrich von Remchingen|gender=m)))
72589	zusammenführen		
72590	,		
72591	will		
72592	ich	11510	(mention_id=11448|references=(entity=(entity_id=entity_0022|fullname=Jakobine Steinecker|gender=f)))
72593	ihn	11511	(mention_id=11449|references=(entity=(entity_id=entity_0029|fullname=Junker Ulrich von Remchingen|gender=m)))
72594	gern		
72595	darauf		
72596	anreden		
72597	,		
72598	«		
72599	erwiderte		
72600	sie	11512	(mention_id=11450|references=(entity=(entity_id=entity_0022|fullname=Jakobine Steinecker|gender=f)))
72601	,		
72602	züchtig		
72603	die		
72604	Augen		
72605	niederschlagend		
72606	.		
72607	»		
72608	Schön		
72609	!		
72610	kannst		
72611	auch		
72612	dem		
72613	Zufall		
72614	ein		
72615	paar		
72616	Schritt		
72617	entgegenkommen		
72618	,		
72619	mein	11513	(mention_id=11451|references=(entity=(entity_id=entity_0023|fullname=Adam Steinecker|gender=m)))
72620	kluges		
72621	Töchterlein	11514	(mention_id=11452|references=(entity=(entity_id=entity_0022|fullname=Jakobine Steinecker|gender=f)))
72622	,		
72623	«		
72624	sagte		
72625	er	11515	(mention_id=11453|references=(entity=(entity_id=entity_0023|fullname=Adam Steinecker|gender=m)))
72626	mit		
72627	einem		
72628	pfiffigen		
72629	Gesichtsausdruck		
72630	.		
72631	Als		
72632	ihr	11516	(mention_id=11454|references=(entity=(entity_id=entity_0022|fullname=Jakobine Steinecker|gender=f)))
72633	der		
72634	Alte	11517	(mention_id=11455|references=(entity=(entity_id=entity_0023|fullname=Adam Steinecker|gender=m)))
72635	den		
72636	Rücken		
72637	gekehrt		
72638	hatte		
72639	,		
72640	faßte		
72641	sie	11518	(mention_id=11456|references=(entity=(entity_id=entity_0022|fullname=Jakobine Steinecker|gender=f)))
72642	mit		
72643	den		
72644	Händen		
72645	rechts		
72646	und		
72647	links		
72648	einen		
72649	Saum		
72650	ihrer	11519	(mention_id=11457|references=(entity=(entity_id=entity_0022|fullname=Jakobine Steinecker|gender=f)))
72651	Schürze		
72652	,		
72653	machte		
72654	einen		
72655	tiefen		
72656	Knix		
72657	hinter		
72658	ihm	11520	(mention_id=11458|references=(entity=(entity_id=entity_0023|fullname=Adam Steinecker|gender=m)))
72659	her		
72660	und		
72661	sprach		
72662	schalkhaft		
72663	:		
72664	»		
72665	Wenn		
72666	der		
72667	gestrenge		
72668	Herr	11521	(mention_id=11459|references=(entity=(entity_id=entity_0023|fullname=Adam Steinecker|gender=m)))
72669	Vater	11522	(mention_id=11459|references=(entity=(entity_id=entity_0023|fullname=Adam Steinecker|gender=m)))
72670	befehlen		
72671	,		
72672	wird		
72673	die		
72674	gehorsame		
72675	Tochter	11523	(mention_id=11460|references=(entity=(entity_id=entity_0022|fullname=Jakobine Steinecker|gender=f)))
72676	nicht		
72677	ermangeln		
72678	,		
72679	sich	11524	(mention_id=11461|references=(entity=(entity_id=entity_0022|fullname=Jakobine Steinecker|gender=f)))
72680	mit		
72681	dem		
72682	liebenswürdigen		
72683	Junker	11525	(mention_id=11462|references=(entity=(entity_id=entity_0029|fullname=Junker Ulrich von Remchingen|gender=m)))
72684	über		
72685	das		
72686	Wildfangrecht		
72687	aufs		
72688	traulichste		
72689	zu		
72690	unterhalten		
72691	.		
72692	«		
72693	–		
72694	Auch		
72695	Lutz	11526	(mention_id=11463|references=(entity=(entity_id=entity_0014|fullname=Lutz Hebenstreit|gender=m)))
72696	Hebenstreit	11526	(mention_id=11463|references=(entity=(entity_id=entity_0014|fullname=Lutz Hebenstreit|gender=m)))
72697	zögerte		
72698	nicht		
72699	,		
72700	seinen	11527	(mention_id=11464|references=(entity=(entity_id=entity_0014|fullname=Lutz Hebenstreit|gender=m)))
72701	und		
72702	des		
72703	Bürgermeisters	11528	(mention_id=11465|references=(entity=(entity_id=entity_0001|fullname=Christoph Armbruster|gender=m)))
72704	Freund	11529	(mention_id=11466|references=(entity=(entity_id=entity_0012|fullname=Florian Gersbacher|gender=m)))
72705	Florian	11529	(mention_id=11466|references=(entity=(entity_id=entity_0012|fullname=Florian Gersbacher|gender=m)))
72706	Gersbacher	11529	(mention_id=11466|references=(entity=(entity_id=entity_0012|fullname=Florian Gersbacher|gender=m)))
72707	von		
72708	dem		
72709	Vorfall		
72710	in		
72711	der		
72712	Krone		
72713	genau		
72714	zu		
72715	unterrichten		
72716	.		
72717	Bei		
72718	seinem	11530	(mention_id=11467|references=(entity=(entity_id=entity_0014|fullname=Lutz Hebenstreit|gender=m)))
72719	Besuche		
72720	dort		
72721	fragte		
72722	er	11531	(mention_id=11468|references=(entity=(entity_id=entity_0014|fullname=Lutz Hebenstreit|gender=m)))
72723	Florian	11532	(mention_id=11469|references=(entity=(entity_id=entity_0012|fullname=Florian Gersbacher|gender=m)))
72724	und		
72725	seine	11533	(mention_id=11470|references=(entity=(entity_id=entity_0012|fullname=Florian Gersbacher|gender=m)))
72726	Frau	11534	(mention_id=11471|references=(entity=(entity_id=entity_0011|fullname=Agnete Gersbacher|gender=f)))
72727	vorerst		
72728	nach		
72729	dem		
72730	Befinden		
72731	Franzens	11535	(mention_id=11472|references=(entity=(entity_id=entity_0009|fullname=Franz Gersbacher|gender=m)))
72732	.		
72733	Sie	11536	(mention_id=11473|references=(entity=(entity_id=entity_0011|fullname=Agnete Gersbacher|gender=f)),(entity=(entity_id=entity_0012|fullname=Florian Gersbacher|gender=m)))
72734	konnten		
72735	ihm	11537	(mention_id=11474|references=(entity=(entity_id=entity_0014|fullname=Lutz Hebenstreit|gender=m)))
72736	die		
72737	erfreuliche		
72738	Auskunft		
72739	geben		
72740	,		
72741	daß		
72742	Franzens	11538	(mention_id=11475|references=(entity=(entity_id=entity_0009|fullname=Franz Gersbacher|gender=m)))
72743	Wunde		
72744	vollständig		
72745	geheilt		
72746	und		
72747	er	11539	(mention_id=11476|references=(entity=(entity_id=entity_0009|fullname=Franz Gersbacher|gender=m)))
72748	wieder		
72749	arbeitsfähig		
72750	sei		
72751	,		
72752	sich	11540	(mention_id=11477|references=(entity=(entity_id=entity_0009|fullname=Franz Gersbacher|gender=m)))
72753	nur		
72754	noch		
72755	ein		
72756	wenig		
72757	schonen		
72758	müsse		
72759	.		
72760	Agnete	11541	(mention_id=11478|references=(entity=(entity_id=entity_0011|fullname=Agnete Gersbacher|gender=f)))
72761	blickte		
72762	ihn	11542	(mention_id=11479|references=(entity=(entity_id=entity_0014|fullname=Lutz Hebenstreit|gender=m)))
72763	forschend		
72764	an		
72765	und		
72766	sprach		
72767	:		
72768	»		
72769	Lutz	11543	(mention_id=11480|references=(entity=(entity_id=entity_0014|fullname=Lutz Hebenstreit|gender=m)))
72770	,		
72771	um		
72772	Euch	11544	(mention_id=11481|references=(entity=(entity_id=entity_0014|fullname=Lutz Hebenstreit|gender=m)))
72773	nach		
72774	Franzens	11545	(mention_id=11482|references=(entity=(entity_id=entity_0009|fullname=Franz Gersbacher|gender=m)))
72775	Befinden		
72776	zu		
72777	erkundigen		
72778	seid		
72779	Ihr	11546	(mention_id=11483|references=(entity=(entity_id=entity_0014|fullname=Lutz Hebenstreit|gender=m)))
72780	nicht		
72781	hergekommen		
72782	,		
72783	Ihr	11547	(mention_id=11484|references=(entity=(entity_id=entity_0014|fullname=Lutz Hebenstreit|gender=m)))
72784	wollt		
72785	mit		
72786	meinem	11548	(mention_id=11485|references=(entity=(entity_id=entity_0011|fullname=Agnete Gersbacher|gender=f)))
72787	Mann	11549	(mention_id=11486|references=(entity=(entity_id=entity_0012|fullname=Florian Gersbacher|gender=m)))
72788	allein		
72789	reden		
72790	,		
72791	nicht		
72792	wahr		
72793	?		
72794	ich	11550	(mention_id=11487|references=(entity=(entity_id=entity_0011|fullname=Agnete Gersbacher|gender=f)))
72795	werde		
72796	das		
72797	Feld		
72798	räumen		
72799	.		
72800	«		
72801	»		
72802	Nein		
72803	,		
72804	Agnete	11551	(mention_id=11488|references=(entity=(entity_id=entity_0011|fullname=Agnete Gersbacher|gender=f)))
72805	,		
72806	bleibt		
72807	hier		
72808	!		
72809	«		
72810	erwiderte		
72811	Lutz	11552	(mention_id=11489|references=(entity=(entity_id=entity_0014|fullname=Lutz Hebenstreit|gender=m)))
72812	.		
72813	»		
72814	Was		
72815	ich	11553	(mention_id=11490|references=(entity=(entity_id=entity_0014|fullname=Lutz Hebenstreit|gender=m)))
72816	Florian	11554	(mention_id=11491|references=(entity=(entity_id=entity_0012|fullname=Florian Gersbacher|gender=m)))
72817	zu		
72818	sagen		
72819	habe		
72820	,		
72821	könnt		
72822	Ihr	11555	(mention_id=11492|references=(entity=(entity_id=entity_0011|fullname=Agnete Gersbacher|gender=f)))
72823	alles		
72824	mit		
72825	anhören		
72826	,		
72827	und		
72828	Euer	11556	(mention_id=11493|references=(entity=(entity_id=entity_0011|fullname=Agnete Gersbacher|gender=f)))
72829	guter		
72830	Rat		
72831	kann		
72832	uns	11557	(mention_id=11494|references=(entity=(entity_id=entity_0014|fullname=Lutz Hebenstreit|gender=m)),(entity=(entity_id=entity_0012|fullname=Florian Gersbacher|gender=m)))
72833	in		
72834	der		
72835	kitzlichen		
72836	Sache		
72837	,		
72838	die		
72839	ich	11558	(mention_id=11495|references=(entity=(entity_id=entity_0014|fullname=Lutz Hebenstreit|gender=m)))
72840	ihm	11559	(mention_id=11496|references=(entity=(entity_id=entity_0012|fullname=Florian Gersbacher|gender=m)))
72841	vorzutragen		
72842	habe		
72843	,		
72844	von		
72845	großem		
72846	Nutzen		
72847	sein		
72848	.		
72849	«		
72850	Und		
72851	nun		
72852	erzählte		
72853	er	11560	(mention_id=11497|references=(entity=(entity_id=entity_0014|fullname=Lutz Hebenstreit|gender=m)))
72854	ihnen	11561	(mention_id=11498|references=(entity=(entity_id=entity_0011|fullname=Agnete Gersbacher|gender=f)),(entity=(entity_id=entity_0012|fullname=Florian Gersbacher|gender=m)))
72855	,		
72856	was		
72857	er	11562	(mention_id=11499|references=(entity=(entity_id=entity_0014|fullname=Lutz Hebenstreit|gender=m)))
72858	in		
72859	der		
72860	Elfuhrmesse		
72861	erlebt		
72862	hatte		
72863	.		
72864	Beide	11563	(mention_id=11500|references=(entity=(entity_id=entity_0011|fullname=Agnete Gersbacher|gender=f)),(entity=(entity_id=entity_0012|fullname=Florian Gersbacher|gender=m)))
72865	waren		
72866	außer		
72867	sich	11564	(mention_id=11501|references=(entity=(entity_id=entity_0011|fullname=Agnete Gersbacher|gender=f)),(entity=(entity_id=entity_0012|fullname=Florian Gersbacher|gender=m)))
72868	über		
72869	die		
72870	Rachgier		
72871	und		
72872	Bosheit		
72873	derer	11565	(mention_id=11502|references=(entity=(entity_id=generic_0353|fullname=Panscher|gender=u|specialcase_entity=generic)))
72874	,		
72875	die	11566	(mention_id=11503|references=(entity=(entity_id=generic_0354|fullname=Panscher|gender=u|specialcase_entity=generic)))
72876	mit		
72877	Hammichel		(mention_id=11504|references=(entity=(entity_id=entity_0015|fullname=Hammichel von Gimmeldingen|gender=m)))
72878	Stütze		
72879	und		
72880	Halt		
72881	in		
72882	ihrem	11567	(mention_id=11505|references=(entity=(entity_id=generic_0355|fullname=Panscher|gender=u|specialcase_entity=generic)))
72883	ehrlosen		
72884	Geschäftsbetriebe		
72885	verloren		
72886	hatten		
72887	.		
72888	Gersbacher	11568	(mention_id=11506|references=(entity=(entity_id=entity_0012|fullname=Florian Gersbacher|gender=m)))
72889	schüttelte		
72890	,		
72891	hastig		
72892	auf		
72893	und		
72894	ab		
72895	schreitend		
72896	,		
72897	die		
72898	geballten		
72899	Fäuste		
72900	und		
72901	knirschte		
72902	:		
72903	»		
72904	Wenn		
72905	ich	11569	(mention_id=11507|references=(entity=(entity_id=entity_0012|fullname=Florian Gersbacher|gender=m)))
72906	doch		
72907	dem		
72908	ganzen		
72909	gottvergessenen		
72910	Gesindel	11570	(mention_id=11508|references=(entity=(entity_id=generic_0356|fullname=Panscher|gender=u|specialcase_entity=generic)))
72911	mit		
72912	einem		
72913	Knacks		
72914	den		
72915	Hals		
72916	umdrehen		
72917	könnte		
72918	!		
72919	Weiß		
72920	Chrischtoph	11571	(mention_id=11509|references=(entity=(entity_id=entity_0001|fullname=Christoph Armbruster|gender=m)))
72921	schon		
72922	davon		
72923	?		
72924	«		
72925	»		
72926	Nein		
72927	,		
72928	er	11572	(mention_id=11510|references=(entity=(entity_id=entity_0001|fullname=Christoph Armbruster|gender=m)))
72929	darf		
72930	es		
72931	auch		
72932	nicht		
72933	erfahren		
72934	,		
72935	«		
72936	erwiderte		
72937	Lutz	11573	(mention_id=11511|references=(entity=(entity_id=entity_0014|fullname=Lutz Hebenstreit|gender=m)))
72938	.		
72939	»		
72940	Ja		
72941	,		
72942	wie		
72943	soll		
72944	er	11574	(mention_id=11512|references=(entity=(entity_id=entity_0001|fullname=Christoph Armbruster|gender=m)))
72945	sich	11575	(mention_id=11513|references=(entity=(entity_id=entity_0001|fullname=Christoph Armbruster|gender=m)))
72946	denn		
72947	vor		
72948	den		
72949	Banditen	11576	(mention_id=11514|references=(entity=(entity_id=entity_0021|fullname=Christophs Gegner|gender=mf|members=entity_0015,entity_0043|all_members_given=False|specialcase_entity=group)))
72950	schützen		
72951	,		
72952	wenn		
72953	er	11577	(mention_id=11515|references=(entity=(entity_id=entity_0001|fullname=Christoph Armbruster|gender=m)))
72954	nicht		
72955	weiß		
72956	,		
72957	von		
72958	welcher		
72959	Seite		
72960	sie	11578	(mention_id=11516|references=(entity=(entity_id=entity_0021|fullname=Christophs Gegner|gender=mf|members=entity_0015,entity_0043|all_members_given=False|specialcase_entity=group)))
72961	ihn	11579	(mention_id=11517|references=(entity=(entity_id=entity_0001|fullname=Christoph Armbruster|gender=m)))
72962	angreifen		
72963	wollen		
72964	?		
72965	«		
72966	»		
72967	Lutz	11580	(mention_id=11518|references=(entity=(entity_id=entity_0014|fullname=Lutz Hebenstreit|gender=m)))
72968	hat		
72969	recht		
72970	,		
72971	Mann	11581	(mention_id=11519|references=(entity=(entity_id=entity_0012|fullname=Florian Gersbacher|gender=m)))
72972	,		
72973	«		
72974	nahm		
72975	Agnete	11582	(mention_id=11520|references=(entity=(entity_id=entity_0011|fullname=Agnete Gersbacher|gender=f)))
72976	das		
72977	Wort		
72978	.		
72979	»		
72980	Chrischtoph	11583	(mention_id=11521|references=(entity=(entity_id=entity_0001|fullname=Christoph Armbruster|gender=m)))
72981	darf		
72982	es		
72983	noch		
72984	nicht		
72985	erfahren		
72986	;		
72987	er	11584	(mention_id=11522|references=(entity=(entity_id=entity_0001|fullname=Christoph Armbruster|gender=m)))
72988	steht		
72989	seinen	11585	(mention_id=11523|references=(entity=(entity_id=entity_0001|fullname=Christoph Armbruster|gender=m)))
72990	Feinden	11586	(mention_id=11524|references=(entity=(entity_id=entity_0021|fullname=Christophs Gegner|gender=mf|members=entity_0015,entity_0043|all_members_given=False|specialcase_entity=group)))
72991	desto		
72992	unbefangener		
72993	und		
72994	unabhängiger		
72995	gegenüber		
72996	,		
72997	je		
72998	weniger		
72999	er	11587	(mention_id=11525|references=(entity=(entity_id=entity_0001|fullname=Christoph Armbruster|gender=m)))
73000	von		
73001	ihrem	11588	(mention_id=11526|references=(entity=(entity_id=entity_0021|fullname=Christophs Gegner|gender=mf|members=entity_0015,entity_0043|all_members_given=False|specialcase_entity=group)))
73002	Vorhaben		
73003	weiß		
73004	;		
73005	schützen		
73006	müßt		
73007	ihr	11589	(mention_id=11527|references=(entity=(entity_id=entity_0014|fullname=Lutz Hebenstreit|gender=m)),(entity=(entity_id=entity_0012|fullname=Florian Gersbacher|gender=m)))
73008	ihn	11590	(mention_id=11528|references=(entity=(entity_id=entity_0001|fullname=Christoph Armbruster|gender=m)))
73009	,		
73010	seine	11591	(mention_id=11529|references=(entity=(entity_id=entity_0001|fullname=Christoph Armbruster|gender=m)))
73011	Freunde	11592	(mention_id=11530|references=(entity=(entity_id=entity_0014|fullname=Lutz Hebenstreit|gender=m)),(entity=(entity_id=entity_0012|fullname=Florian Gersbacher|gender=m)))
73012	.		
73013	«		
73014	»		
73015	Aber		
73016	wie		
73017	denn		
73018	?		
73019	womit		
73020	denn		
73021	?		
73022	«		
73023	fragte		
73024	Lutz	11593	(mention_id=11531|references=(entity=(entity_id=entity_0014|fullname=Lutz Hebenstreit|gender=m)))
73025	,		
73026	sprang		
73027	auf		
73028	und		
73029	stapfte		
73030	nun		
73031	auch		
73032	erregt		
73033	hin		
73034	und		
73035	her		
73036	,		
73037	sich	11594	(mention_id=11532|references=(entity=(entity_id=entity_0014|fullname=Lutz Hebenstreit|gender=m)))
73038	dabei		
73039	jedesmal		
73040	in		
73041	der		
73042	Mitte		
73043	des		
73044	Zimmers		
73045	mit		
73046	Florian	11595	(mention_id=11533|references=(entity=(entity_id=entity_0012|fullname=Florian Gersbacher|gender=m)))
73047	begegnend		
73048	,		
73049	daß		
73050	von		
73051	ihren	11596	(mention_id=11534|references=(entity=(entity_id=entity_0014|fullname=Lutz Hebenstreit|gender=m)),(entity=(entity_id=entity_0012|fullname=Florian Gersbacher|gender=m)))
73052	wuchtigen		
73053	Tritten		
73054	der		
73055	Fußboden		
73056	dröhnte		
73057	.		
73058	Der		
73059	eine	11597	(mention_id=11535|references=(entity=(entity_id=entity_0012|fullname=Florian Gersbacher|gender=m)))
73060	hielt		
73061	die		
73062	Hände		
73063	auf		
73064	dem		
73065	Rücken		
73066	gefaltet		
73067	,		
73068	der		
73069	andere	11598	(mention_id=11536|references=(entity=(entity_id=entity_0014|fullname=Lutz Hebenstreit|gender=m)))
73070	fuchtelte		
73071	mit		
73072	den		
73073	Armen		
73074	in		
73075	der		
73076	Luft		
73077	herum		
73078	,		
73079	und		
73080	beide	11599	(mention_id=11537|references=(entity=(entity_id=entity_0014|fullname=Lutz Hebenstreit|gender=m)),(entity=(entity_id=entity_0012|fullname=Florian Gersbacher|gender=m)))
73081	machten		
73082	abwechselnd		
73083	ganz		
73084	haarsträubende		
73085	Vorschläge		
73086	zur		
73087	Verteidigung		
73088	Christophs	11600	(mention_id=11538|references=(entity=(entity_id=entity_0001|fullname=Christoph Armbruster|gender=m)))
73089	.		
73090	Aber		
73091	was		
73092	der		
73093	eine	11601	(mention_id=11539|references=(entity=(entity_id=entity_0014|fullname=Lutz Hebenstreit|gender=m)),(entity=(entity_id=entity_0012|fullname=Florian Gersbacher|gender=m)))
73094	riet		
73095	,		
73096	dem		
73097	widersprach		
73098	der		
73099	andere	11602	(mention_id=11540|references=(entity=(entity_id=entity_0014|fullname=Lutz Hebenstreit|gender=m)),(entity=(entity_id=entity_0012|fullname=Florian Gersbacher|gender=m)))
73100	,		
73101	was		
73102	dem		
73103	einen	11603	(mention_id=11541|references=(entity=(entity_id=entity_0014|fullname=Lutz Hebenstreit|gender=m)),(entity=(entity_id=entity_0012|fullname=Florian Gersbacher|gender=m)))
73104	gefiel		
73105	,		
73106	das		
73107	behagte		
73108	dem		
73109	andern	11604	(mention_id=11542|references=(entity=(entity_id=entity_0014|fullname=Lutz Hebenstreit|gender=m)),(entity=(entity_id=entity_0012|fullname=Florian Gersbacher|gender=m)))
73110	nicht		
73111	,		
73112	so		
73113	daß		
73114	sie	11605	(mention_id=11543|references=(entity=(entity_id=entity_0014|fullname=Lutz Hebenstreit|gender=m)),(entity=(entity_id=entity_0012|fullname=Florian Gersbacher|gender=m)))
73115	zu		
73116	keinem		
73117	Entschlusse		
73118	kommen		
73119	konnten		
73120	.		
73121	Agnete	11606	(mention_id=11544|references=(entity=(entity_id=entity_0011|fullname=Agnete Gersbacher|gender=f)))
73122	blieb		
73123	am		
73124	Tische		
73125	sitzen		
73126	und		
73127	hörte		
73128	und		
73129	sah		
73130	besorgt		
73131	den		
73132	Wüterichen	11607	(mention_id=11545|references=(entity=(entity_id=entity_0014|fullname=Lutz Hebenstreit|gender=m)),(entity=(entity_id=entity_0012|fullname=Florian Gersbacher|gender=m)))
73133	zu		
73134	,		
73135	die	11608	(mention_id=11546|references=(entity=(entity_id=entity_0014|fullname=Lutz Hebenstreit|gender=m)),(entity=(entity_id=entity_0012|fullname=Florian Gersbacher|gender=m)))
73136	gleich		
73137	zwei		
73138	grimmigen		
73139	Löwen		(mention_id=11547|references=(entity=(entity_id=entity_0012|fullname=Florian Gersbacher|gender=m)|specialcase_reference=figurative),(entity=(entity_id=entity_0014|fullname=Lutz Hebenstreit|gender=m)|specialcase_reference=figurative))
73140	in		
73141	einem		
73142	Käfig		
73143	rastlos		
73144	und		
73145	knurrend		
73146	aneinander		
73147	vorbeistrichen		
73148	.		
73149	Mehr		
73150	und		
73151	mehr		
73152	aber		
73153	klärte		
73154	sich		
73155	ihr	11609	(mention_id=11548|references=(entity=(entity_id=entity_0011|fullname=Agnete Gersbacher|gender=f)))
73156	Antlitz		
73157	auf		
73158	;		
73159	sie	11610	(mention_id=11549|references=(entity=(entity_id=entity_0011|fullname=Agnete Gersbacher|gender=f)))
73160	blickte		
73161	,		
73162	wie		
73163	einer		
73164	Eingebung		
73165	,		
73166	einem		
73167	Traumgespinst		
73168	nachsinnend		
73169	,		
73170	zum		
73171	Fenster		
73172	hin		
73173	und		
73174	sprach		
73175	endlich		
73176	leise		
73177	zu		
73178	sich	11611	(mention_id=11550|references=(entity=(entity_id=entity_0011|fullname=Agnete Gersbacher|gender=f)))
73179	selber		
73180	:		
73181	»		
73182	Ja		
73183	,		
73184	ja		
73185	,		
73186	so		
73187	geht's		
73188	,		
73189	so		
73190	muß		
73191	es		
73192	gehen		
73193	.		
73194	«		
73195	Dann		
73196	begann		
73197	sie	11612	(mention_id=11551|references=(entity=(entity_id=entity_0011|fullname=Agnete Gersbacher|gender=f)))
73198	laut		
73199	:		
73200	»		
73201	Jetzt		
73202	laßt		
73203	einmal		
73204	euer	11613	(mention_id=11552|references=(entity=(entity_id=entity_0014|fullname=Lutz Hebenstreit|gender=m)),(entity=(entity_id=entity_0012|fullname=Florian Gersbacher|gender=m)))
73205	unvernünftiges		
73206	Herumrennen		
73207	,		
73208	setzt		
73209	euch	11614	(mention_id=11553|references=(entity=(entity_id=entity_0014|fullname=Lutz Hebenstreit|gender=m)),(entity=(entity_id=entity_0012|fullname=Florian Gersbacher|gender=m)))
73210	her		
73211	zu		
73212	mir	11615	(mention_id=11554|references=(entity=(entity_id=entity_0011|fullname=Agnete Gersbacher|gender=f)))
73213	und		
73214	vernehmt		
73215	,		
73216	was		
73217	ich	11616	(mention_id=11555|references=(entity=(entity_id=entity_0011|fullname=Agnete Gersbacher|gender=f)))
73218	euch	11617	(mention_id=11556|references=(entity=(entity_id=entity_0014|fullname=Lutz Hebenstreit|gender=m)),(entity=(entity_id=entity_0012|fullname=Florian Gersbacher|gender=m)))
73219	zu		
73220	sagen		
73221	habe		
73222	.		
73223	«		
73224	Die		
73225	Männer	11618	(mention_id=11557|references=(entity=(entity_id=entity_0014|fullname=Lutz Hebenstreit|gender=m)),(entity=(entity_id=entity_0012|fullname=Florian Gersbacher|gender=m)))
73226	taten		
73227	nach		
73228	ihrem	11619	(mention_id=11558|references=(entity=(entity_id=entity_0011|fullname=Agnete Gersbacher|gender=f)))
73229	Geheiß		
73230	,		
73231	und		
73232	Agnete	11620	(mention_id=11559|references=(entity=(entity_id=entity_0011|fullname=Agnete Gersbacher|gender=f)))
73233	hub		
73234	an		
73235	:		
73236	»		
73237	In		
73238	dem		
73239	ganzen		
73240	,		
73241	erbitterten		
73242	Streit		
73243	handelt		
73244	es		
73245	sich		
73246	doch		
73247	zuvörderst		
73248	um		
73249	Trudi	11621	(mention_id=11560|references=(entity=(entity_id=entity_0002|fullname=Gontrud Hegewald|gender=f)))
73250	,		
73251	und		
73252	erst		
73253	durch		
73254	ihr	11622	(mention_id=11561|references=(entity=(entity_id=entity_0002|fullname=Gontrud Hegewald|gender=f)))
73255	Hörigwerden		
73256	soll		
73257	Chrischtoph	11623	(mention_id=11562|references=(entity=(entity_id=entity_0001|fullname=Christoph Armbruster|gender=m)))
73258	in		
73259	Mitleidenschaft		
73260	gezogen		
73261	werden		
73262	,		
73263	weil		
73264	eigentlich		
73265	nur		
73266	ihm	11624	(mention_id=11563|references=(entity=(entity_id=entity_0001|fullname=Christoph Armbruster|gender=m)))
73267	der		
73268	Haß		
73269	der		
73270	um		
73271	Hammichel	11625	(mention_id=11564|references=(entity=(entity_id=entity_0015|fullname=Hammichel von Gimmeldingen|gender=m)))
73272	Trauernden	11626	(mention_id=11565|references=(entity=(entity_id=generic_0357|fullname=Panscher|gender=u|specialcase_entity=generic)))
73273	gilt		
73274	.		
73275	Nun		
73276	bedenkt		
73277	einmal		
73278	,		
73279	wie		
73280	musterhaft		
73281	sich	11627	(mention_id=11566|references=(entity=(entity_id=entity_0002|fullname=Gontrud Hegewald|gender=f)))
73282	Trudi	11628	(mention_id=11567|references=(entity=(entity_id=entity_0002|fullname=Gontrud Hegewald|gender=f)))
73283	von		
73284	Anfang		
73285	an		
73286	hier		
73287	benommen		
73288	und		
73289	durch		
73290	ihr	11629	(mention_id=11568|references=(entity=(entity_id=entity_0002|fullname=Gontrud Hegewald|gender=f)))
73291	sittsames		
73292	Wesen		
73293	die		
73294	Achtung		
73295	und		
73296	Zuneigung		
73297	aller		
73298	anständigen		
73299	Menschen	11630	(mention_id=11569|references=(entity=(entity_id=entity_0020|fullname=Christophs Verbündete|gender=mf|members=entity_0014,entity_0042|all_members_given=False|specialcase_entity=group)))
73300	erworben		
73301	hat		
73302	.		
73303	Denkt		
73304	auch		
73305	an		
73306	ihre	11631	(mention_id=11570|references=(entity=(entity_id=entity_0002|fullname=Gontrud Hegewald|gender=f)))
73307	mutige		
73308	Tat		
73309	bei		
73310	dem		
73311	Brande		
73312	,		
73313	für		
73314	die		
73315	sie	11632	(mention_id=11571|references=(entity=(entity_id=entity_0002|fullname=Gontrud Hegewald|gender=f)))
73316	das		
73317	höchste		
73318	Lob		
73319	verdient		
73320	.		
73321	Dann		
73322	wurde		
73323	die		
73324	aus		
73325	ihrer	11633	(mention_id=11572|references=(entity=(entity_id=entity_0002|fullname=Gontrud Hegewald|gender=f)))
73326	Heimat		
73327	Vertriebene	11634	(mention_id=11573|references=(entity=(entity_id=entity_0002|fullname=Gontrud Hegewald|gender=f)))
73328	vom		
73329	Wildfangrecht		
73330	beunruhigt		
73331	und		
73332	bedroht		
73333	,		
73334	aus		
73335	ihrem	11635	(mention_id=11574|references=(entity=(entity_id=entity_0002|fullname=Gontrud Hegewald|gender=f)))
73336	friedlichen		
73337	,		
73338	wohligen		
73339	Dasein		
73340	hier		
73341	wieder		
73342	herausgerissen		
73343	um		
73344	hörig		
73345	und		
73346	leibeigen		
73347	zu		
73348	werden		
73349	.		
73350	Und		
73351	dann		
73352	,		
73353	dann		
73354	erschien		
73355	ihr	11636	(mention_id=11575|references=(entity=(entity_id=entity_0002|fullname=Gontrud Hegewald|gender=f)))
73356	nichtswürdiger		
73357	Verfolger	11637	(mention_id=11576|references=(entity=(entity_id=entity_0027|fullname=Vincenz Ebendorffer|gender=m)))
73358	,		
73359	der		
73360	Klostermeier	11638	(mention_id=11577|references=(entity=(entity_id=entity_0027|fullname=Vincenz Ebendorffer|gender=m)))
73361	von	11638	(mention_id=11577|references=(entity=(entity_id=entity_0027|fullname=Vincenz Ebendorffer|gender=m)))
73362	Bronnbach	11638	(mention_id=11577|references=(entity=(entity_id=entity_0027|fullname=Vincenz Ebendorffer|gender=m)))
73363	,		
73364	um		
73365	sie	11639	(mention_id=11578|references=(entity=(entity_id=entity_0002|fullname=Gontrud Hegewald|gender=f)))
73366	gewaltsam		
73367	zu		
73368	entführen		
73369	und		
73370	zur		
73371	Sklavin	11640	(mention_id=11579|references=(entity=(entity_id=entity_0002|fullname=Gontrud Hegewald|gender=f)))
73372	seiner	11641	(mention_id=11580|references=(entity=(entity_id=entity_0027|fullname=Vincenz Ebendorffer|gender=m)))
73373	sündhaften		
73374	Begierde		
73375	zu		
73376	machen		
73377	,		
73378	aus		
73379	welcher		
73380	Gefahr		
73381	sie	11642	(mention_id=11581|references=(entity=(entity_id=entity_0002|fullname=Gontrud Hegewald|gender=f)))
73382	Gott		(mention_id=11582|references=(entity=(entity_id=entity_0040|fullname=Gott|gender=m|specialcase_entity=nonfact)))
73383	sei		
73384	Dank		
73385	!		
73386	unsere	11643	(mention_id=11583|references=(entity=(entity_id=entity_0011|fullname=Agnete Gersbacher|gender=f)),(entity=(entity_id=entity_0012|fullname=Florian Gersbacher|gender=m)))
73387	wackeren		
73388	Jungen	11644	(mention_id=11584|references=(entity=(entity_id=entity_0010|fullname=Steffen Gersbacher|gender=m)),(entity=(entity_id=entity_0009|fullname=Franz Gersbacher|gender=m)))
73389	gerettet		
73390	haben		
73391	.		
73392	Das		
73393	alles		
73394	ist		
73395	ihr	11645	(mention_id=11585|references=(entity=(entity_id=entity_0002|fullname=Gontrud Hegewald|gender=f)))
73396	hier		
73397	in		
73398	unserer	11646	(mention_id=11586|references=(entity=(entity_id=entity_0019|fullname=Wachenheimer|gender=mf|members=entity_0007,entity_0013,entity_0014,entity_0026|all_members_given=False|specialcase_entity=group)))
73399	Stadt		
73400	widerfahren		
73401	,		
73402	die		
73403	ihr	11647	(mention_id=11587|references=(entity=(entity_id=entity_0011|fullname=Agnete Gersbacher|gender=f)),(entity=(entity_id=entity_0014|fullname=Lutz Hebenstreit|gender=m)),(entity=(entity_id=entity_0012|fullname=Florian Gersbacher|gender=m)))
73404	,		
73405	statt		
73406	sie	11648	(mention_id=11588|references=(entity=(entity_id=entity_0002|fullname=Gontrud Hegewald|gender=f)))
73407	dem		
73408	Wildfangrecht		
73409	preiszugeben		
73410	,		
73411	nach		
73412	altem		
73413	,		
73414	geheiligtem		
73415	Brauch		
73416	Gastrecht		
73417	zu		
73418	gewähren		
73419	hat		
73420	.		
73421	Ich	11649	(mention_id=11589|references=(entity=(entity_id=entity_0011|fullname=Agnete Gersbacher|gender=f)))
73422	frage		
73423	euch	11650	(mention_id=11590|references=(entity=(entity_id=entity_0014|fullname=Lutz Hebenstreit|gender=m)),(entity=(entity_id=entity_0012|fullname=Florian Gersbacher|gender=m)))
73424	,		
73425	ob		
73426	wir	11651	(mention_id=11591|references=(entity=(entity_id=entity_0011|fullname=Agnete Gersbacher|gender=f)),(entity=(entity_id=entity_0014|fullname=Lutz Hebenstreit|gender=m)),(entity=(entity_id=entity_0012|fullname=Florian Gersbacher|gender=m)))
73427	dem		
73428	armen		
73429	Mädchen	11652	(mention_id=11592|references=(entity=(entity_id=entity_0002|fullname=Gontrud Hegewald|gender=f)))
73430	für		
73431	das		
73432	in		
73433	unseren	11653	(mention_id=11593|references=(entity=(entity_id=entity_0011|fullname=Agnete Gersbacher|gender=f)),(entity=(entity_id=entity_0014|fullname=Lutz Hebenstreit|gender=m)),(entity=(entity_id=entity_0012|fullname=Florian Gersbacher|gender=m)))
73434	Ringmauern		
73435	erlittene		
73436	Ungemach		
73437	nicht		
73438	eine		
73439	Genugtuung		
73440	,		
73441	ich	11654	(mention_id=11594|references=(entity=(entity_id=entity_0011|fullname=Agnete Gersbacher|gender=f)))
73442	möchte		
73443	sagen		
73444	eine		
73445	Ehrenerklärung		
73446	schuldig		
73447	sind		
73448	.		
73449	Wie		
73450	wäre		
73451	es		
73452	nun		
73453	,		
73454	wenn		
73455	ihr	11655	(mention_id=11595|references=(entity=(entity_id=entity_0014|fullname=Lutz Hebenstreit|gender=m)),(entity=(entity_id=entity_0012|fullname=Florian Gersbacher|gender=m)),(entity=(entity_id=entity_0020|fullname=Christophs Verbündete|gender=mf|members=entity_0014,entity_0042|all_members_given=False|specialcase_entity=group)))
73456	euch	11656	(mention_id=11596|references=(entity=(entity_id=entity_0014|fullname=Lutz Hebenstreit|gender=m)),(entity=(entity_id=entity_0012|fullname=Florian Gersbacher|gender=m)),(entity=(entity_id=entity_0020|fullname=Christophs Verbündete|gender=mf|members=entity_0014,entity_0042|all_members_given=False|specialcase_entity=group)))
73457	alle		
73458	zusammentätet		
73459	und		
73460	in		
73461	einer		
73462	öffentlichen		
73463	Versammlung		
73464	der		
73465	ganzen		
73466	Bürgerschaft	11657	(mention_id=11597|references=(entity=(entity_id=entity_0019|fullname=Wachenheimer|gender=mf|members=entity_0007,entity_0013,entity_0014,entity_0026|all_members_given=False|specialcase_entity=group)))
73467	einmütig		
73468	beschlösset		
73469	:		
73470	die		
73471	Trudi	11658	(mention_id=11598|references=(entity=(entity_id=entity_0002|fullname=Gontrud Hegewald|gender=f)))
73472	soll		
73473	nicht		
73474	hörig		
73475	werden		
73476	,		
73477	sondern		
73478	frei		
73479	soll		
73480	sie	11659	(mention_id=11599|references=(entity=(entity_id=entity_0002|fullname=Gontrud Hegewald|gender=f)))
73481	werden		
73482	,		
73483	und		
73484	unser	11660	(mention_id=11600|references=(entity=(entity_id=entity_0011|fullname=Agnete Gersbacher|gender=f)),(entity=(entity_id=entity_0014|fullname=Lutz Hebenstreit|gender=m)),(entity=(entity_id=entity_0012|fullname=Florian Gersbacher|gender=m)),(entity=(entity_id=entity_0019|fullname=Wachenheimer|gender=mf|members=entity_0007,entity_0013,entity_0014,entity_0026|all_members_given=False|specialcase_entity=group)))
73485	Obervogt	11661	(mention_id=11601|references=(entity=(entity_id=entity_0018|fullname=Reichsfreiherr Dietrich von Remchingen|gender=m)))
73486	,		
73487	Reichsfreiherr	11662	(mention_id=11602|references=(entity=(entity_id=entity_0018|fullname=Reichsfreiherr Dietrich von Remchingen|gender=m)))
73488	von	11662	(mention_id=11602|references=(entity=(entity_id=entity_0018|fullname=Reichsfreiherr Dietrich von Remchingen|gender=m)))
73489	Remchingen	11662	(mention_id=11602|references=(entity=(entity_id=entity_0018|fullname=Reichsfreiherr Dietrich von Remchingen|gender=m)))
73490	,		
73491	soll		
73492	sie	11663	(mention_id=11603|references=(entity=(entity_id=entity_0002|fullname=Gontrud Hegewald|gender=f)))
73493	vom		
73494	Wildfangrecht		
73495	für		
73496	alle		
73497	Zeiten		
73498	los-		
73499	und		
73500	ledigsprechen		
73501	?		
73502	Das		
73503	ist		
73504	meine	11664	(mention_id=11604|references=(entity=(entity_id=entity_0011|fullname=Agnete Gersbacher|gender=f)))
73505	Meinung		
73506	;		
73507	was		
73508	sagt		
73509	ihr	11665	(mention_id=11605|references=(entity=(entity_id=entity_0014|fullname=Lutz Hebenstreit|gender=m)),(entity=(entity_id=entity_0012|fullname=Florian Gersbacher|gender=m)))
73510	dazu		
73511	?		
73512	«		
73513	Sie	11666	(mention_id=11606|references=(entity=(entity_id=entity_0011|fullname=Agnete Gersbacher|gender=f)))
73514	hatten		
73515	ihr	11667	(mention_id=11607|references=(entity=(entity_id=entity_0011|fullname=Agnete Gersbacher|gender=f)))
73516	ohne		
73517	Unterbrechung		
73518	zugehört		
73519	und		
73520	saßen		
73521	,		
73522	als		
73523	sie	11668	(mention_id=11608|references=(entity=(entity_id=entity_0011|fullname=Agnete Gersbacher|gender=f)))
73524	geendet		
73525	,		
73526	vor		
73527	Überraschung		
73528	und		
73529	Staunen		
73530	sprachlos		
73531	ihr	11669	(mention_id=11609|references=(entity=(entity_id=entity_0014|fullname=Lutz Hebenstreit|gender=m)),(entity=(entity_id=entity_0012|fullname=Florian Gersbacher|gender=m)))
73532	gegenüber		
73533	.		
73534	Lutz	11670	(mention_id=11610|references=(entity=(entity_id=entity_0014|fullname=Lutz Hebenstreit|gender=m)))
73535	fand		
73536	zuerst		
73537	Worte		
73538	.		
73539	Er	11671	(mention_id=11611|references=(entity=(entity_id=entity_0014|fullname=Lutz Hebenstreit|gender=m)))
73540	donnerte		
73541	seine	11672	(mention_id=11612|references=(entity=(entity_id=entity_0014|fullname=Lutz Hebenstreit|gender=m)))
73542	schwere		
73543	Böttcherfaust		
73544	auf		
73545	den		
73546	Tisch		
73547	und		
73548	schrie		
73549	:		
73550	»		
73551	Hol		
73552	mich	11673	(mention_id=11613|references=(entity=(entity_id=entity_0014|fullname=Lutz Hebenstreit|gender=m)))
73553	der		
73554	Deibel	11674	(mention_id=11614|references=(entity=(entity_id=entity_0041|fullname=Teufel|gender=m|specialcase_entity=nonfact)))
73555	,		
73556	Agnete	11675	(mention_id=11615|references=(entity=(entity_id=entity_0011|fullname=Agnete Gersbacher|gender=f)))
73557	!		
73558	das		
73559	ist		
73560	ein		
73561	Vorschlag		
73562	,		
73563	der		
73564	Hand		
73565	und		
73566	Fuß		
73567	hat		
73568	.		
73569	So		
73570	geht's		
73571	,		
73572	so		
73573	machen		
73574	wir'	11676	(mention_id=11616|references=(entity=(entity_id=entity_0020|fullname=Christophs Verbündete|gender=mf|members=entity_0014,entity_0042|all_members_given=False|specialcase_entity=group)),(entity=(entity_id=entity_0014|fullname=Lutz Hebenstreit|gender=m)),(entity=(entity_id=entity_0012|fullname=Florian Gersbacher|gender=m)))
73575	s.	11676	
73576	«		
73577	»		
73578	Ja		
73579	!		
73580	«		
73581	rief		
73582	auch		
73583	Florian	11677	(mention_id=11617|references=(entity=(entity_id=entity_0012|fullname=Florian Gersbacher|gender=m)))
73584	,		
73585	»		
73586	du	11678	(mention_id=11618|references=(entity=(entity_id=entity_0011|fullname=Agnete Gersbacher|gender=f)))
73587	hast		
73588	den		
73589	Nagel		
73590	auf		
73591	den		
73592	Kopf		
73593	getroffen		
73594	,		
73595	Frau	11679	(mention_id=11619|references=(entity=(entity_id=entity_0011|fullname=Agnete Gersbacher|gender=f)))
73596	!		
73597	Ich	11680	(mention_id=11620|references=(entity=(entity_id=entity_0012|fullname=Florian Gersbacher|gender=m)))
73598	bin		
73599	mit		
73600	allem		
73601	,		
73602	was		
73603	du	11681	(mention_id=11621|references=(entity=(entity_id=entity_0011|fullname=Agnete Gersbacher|gender=f)))
73604	gesagt		
73605	hast		
73606	,		
73607	vollkommen		
73608	einverstanden		
73609	,		
73610	nur		
73611	eine		
73612	einzige		
73613	Abänderung		
73614	ist		
73615	nötig		
73616	.		
73617	Nicht		
73618	in		
73619	einer		
73620	öffentlichen		
73621	Versammlung		
73622	,		
73623	wo		
73624	jeder		
73625	Aufsässige	11682	(mention_id=11622|references=(entity=(entity_id=entity_0021|fullname=Christophs Gegner|gender=mf|members=entity_0015,entity_0043|all_members_given=False|specialcase_entity=group)))
73626	und		
73627	jeder		
73628	Hansnarr	11683	(mention_id=11623|references=(entity=(entity_id=entity_0021|fullname=Christophs Gegner|gender=mf|members=entity_0015,entity_0043|all_members_given=False|specialcase_entity=group)))
73629	uns	11684	(mention_id=11624|references=(entity=(entity_id=entity_0014|fullname=Lutz Hebenstreit|gender=m)),(entity=(entity_id=entity_0012|fullname=Florian Gersbacher|gender=m)))
73630	dreinreden		
73631	und		
73632	den		
73633	Plan		
73634	verderben		
73635	kann		
73636	,		
73637	sondern		
73638	von		
73639	Amts		
73640	wegen		
73641	muß		
73642	das		
73643	geschehen		
73644	,		
73645	muß		
73646	im		
73647	Gemeinderat	11685	
73648	beantragt		
73649	,		
73650	von		
73651	ihm	11686	
73652	genehmigt		
73653	und		
73654	zur		
73655	Ausführung		
73656	gebracht		
73657	werden		
73658	,		
73659	und		
73660	ich	11687	(mention_id=11625|references=(entity=(entity_id=entity_0012|fullname=Florian Gersbacher|gender=m)))
73661	selber		
73662	werde		
73663	den		
73664	Antrag		
73665	in		
73666	der		
73667	Sitzung		
73668	stellen		
73669	.		
73670	«		
73671	»		
73672	Und		
73673	ich	11688	(mention_id=11626|references=(entity=(entity_id=entity_0014|fullname=Lutz Hebenstreit|gender=m)))
73674	,		
73675	«		
73676	schloß		
73677	sich	11689	(mention_id=11627|references=(entity=(entity_id=entity_0014|fullname=Lutz Hebenstreit|gender=m)))
73678	ihm	11690	(mention_id=11628|references=(entity=(entity_id=entity_0012|fullname=Florian Gersbacher|gender=m)))
73679	Lutz	11691	(mention_id=11629|references=(entity=(entity_id=entity_0014|fullname=Lutz Hebenstreit|gender=m)))
73680	an		
73681	,		
73682	»		
73683	ich	11692	(mention_id=11630|references=(entity=(entity_id=entity_0014|fullname=Lutz Hebenstreit|gender=m)))
73684	setze		
73685	Himmel		
73686	und		
73687	Hölle		
73688	in		
73689	Bewegung		
73690	,		
73691	laufe		
73692	bei		
73693	den		
73694	hochwohlweisen		
73695	Vätern	11693	(mention_id=11631|references=(entity=(entity_id=entity_0232|fullname=Gemeinderat|gender=m|specialcase_entity=group)))
73696	der		
73697	Stadt		
73698	herum		
73699	und		
73700	knete		
73701	sie	11694	(mention_id=11632|references=(entity=(entity_id=entity_0232|fullname=Gemeinderat|gender=m|specialcase_entity=group)))
73702	so		
73703	windelweich		
73704	,		
73705	daß		
73706	sie	11695	(mention_id=11633|references=(entity=(entity_id=entity_0232|fullname=Gemeinderat|gender=m|specialcase_entity=group)))
73707	mir	11696	(mention_id=11634|references=(entity=(entity_id=entity_0014|fullname=Lutz Hebenstreit|gender=m)))
73708	auf		
73709	Seel'		
73710	und		
73711	Seligkeit		
73712	geloben		
73713	müssen		
73714	,		
73715	dem		
73716	Antrag		
73717	bedingungslos		
73718	zuzustimmen		
73719	.		
73720	«		
73721	»		
73722	Ich	11697	(mention_id=11635|references=(entity=(entity_id=entity_0012|fullname=Florian Gersbacher|gender=m)))
73723	bin		
73724	auch		
73725	bereit		
73726	,		
73727	«		
73728	fuhr		
73729	Gersbacher	11698	(mention_id=11636|references=(entity=(entity_id=entity_0012|fullname=Florian Gersbacher|gender=m)))
73730	fort		
73731	,		
73732	»		
73733	mit		
73734	noch		
73735	einem		
73736	andern		(mention_id=11637|references=(entity=(entity_id=entity_0014|fullname=Lutz Hebenstreit|gender=m)))
73737	,		
73738	am		
73739	liebsten		
73740	mit		
73741	dir	11699	(mention_id=11638|references=(entity=(entity_id=entity_0014|fullname=Lutz Hebenstreit|gender=m)))
73742	,		
73743	Lutz	11700	(mention_id=11639|references=(entity=(entity_id=entity_0014|fullname=Lutz Hebenstreit|gender=m)))
73744	,		
73745	dem		
73746	Reichsfreiherrn	11701	(mention_id=11640|references=(entity=(entity_id=entity_0018|fullname=Reichsfreiherr Dietrich von Remchingen|gender=m)))
73747	das		
73748	Gesuch		
73749	vorzutragen		
73750	,		
73751	und		
73752	hoffe		
73753	,		
73754	daß		
73755	er	11702	(mention_id=11641|references=(entity=(entity_id=entity_0018|fullname=Reichsfreiherr Dietrich von Remchingen|gender=m)))
73756	uns	11703	(mention_id=11642|references=(entity=(entity_id=entity_0014|fullname=Lutz Hebenstreit|gender=m)),(entity=(entity_id=entity_0012|fullname=Florian Gersbacher|gender=m)))
73757	damit		
73758	nicht		
73759	abweisen		
73760	wird		
73761	,		
73762	obwohl		
73763	wir	11704	(mention_id=11643|references=(entity=(entity_id=entity_0014|fullname=Lutz Hebenstreit|gender=m)),(entity=(entity_id=entity_0012|fullname=Florian Gersbacher|gender=m)))
73764	seiner	11705	(mention_id=11644|references=(entity=(entity_id=entity_0018|fullname=Reichsfreiherr Dietrich von Remchingen|gender=m)))
73765	Willfährigkeit		
73766	keineswegs		
73767	sicher		
73768	sein		
73769	dürfen		
73770	.		
73771	«		
73772	»		
73773	Gewiß		
73774	dürfen		
73775	wir	11706	(mention_id=11645|references=(entity=(entity_id=entity_0014|fullname=Lutz Hebenstreit|gender=m)),(entity=(entity_id=entity_0012|fullname=Florian Gersbacher|gender=m)))
73776	das		
73777	,		
73778	«		
73779	sagte		
73780	Lutz	11707	(mention_id=11646|references=(entity=(entity_id=entity_0014|fullname=Lutz Hebenstreit|gender=m)))
73781	,		
73782	»		
73783	und		
73784	nun		
73785	gehen		
73786	wir	11708	(mention_id=11647|references=(entity=(entity_id=entity_0014|fullname=Lutz Hebenstreit|gender=m)),(entity=(entity_id=entity_0012|fullname=Florian Gersbacher|gender=m)))
73787	doch		
73788	zu		
73789	Chrischtoph	11709	(mention_id=11648|references=(entity=(entity_id=entity_0001|fullname=Christoph Armbruster|gender=m)))
73790	,		
73791	heute		
73792	noch		
73793	,		
73794	und		
73795	teilen		
73796	ihm	11710	(mention_id=11649|references=(entity=(entity_id=entity_0001|fullname=Christoph Armbruster|gender=m)))
73797	mit		
73798	,		
73799	was		
73800	Agnete	11711	(mention_id=11650|references=(entity=(entity_id=entity_0011|fullname=Agnete Gersbacher|gender=f)))
73801	zu		
73802	seinem	11712	(mention_id=11651|references=(entity=(entity_id=entity_0001|fullname=Christoph Armbruster|gender=m)))
73803	Heil		
73804	ersonnen		
73805	hat		
73806	.		
73807	«		
73808	»		
73809	Ja		
73810	,		
73811	das		
73812	wollen		
73813	wir	11713	(mention_id=11652|references=(entity=(entity_id=entity_0014|fullname=Lutz Hebenstreit|gender=m)),(entity=(entity_id=entity_0012|fullname=Florian Gersbacher|gender=m)))
73814	,		
73815	und		
73816	wie		
73817	wird		
73818	er	11714	(mention_id=11653|references=(entity=(entity_id=entity_0001|fullname=Christoph Armbruster|gender=m)))
73819	sich	11715	(mention_id=11654|references=(entity=(entity_id=entity_0001|fullname=Christoph Armbruster|gender=m)))
73820	freuen		
73821	,		
73822	wenn		
73823	wir	11716	(mention_id=11655|references=(entity=(entity_id=entity_0014|fullname=Lutz Hebenstreit|gender=m)),(entity=(entity_id=entity_0012|fullname=Florian Gersbacher|gender=m)))
73824	mit		
73825	der		
73826	Botschaft		
73827	kommen		
73828	!		
73829	«		
73830	sprach		
73831	Florian	11717	(mention_id=11656|references=(entity=(entity_id=entity_0012|fullname=Florian Gersbacher|gender=m)))
73832	.		
73833	»		
73834	Und		
73835	wie		
73836	werden		
73837	sich	11718	
73838	die		
73839	Hammichel'schen	11719	(mention_id=11657|references=(entity=(entity_id=entity_0021|fullname=Christophs Gegner|gender=mf|members=entity_0015,entity_0043|all_members_given=False|specialcase_entity=group)),(entity=(entity_id=entity_0015|fullname=Hammichel von Gimmeldingen|gender=m)))
73840	fuchsen		
73841	,		
73842	wenn		
73843	sie	11720	(mention_id=11658|references=(entity=(entity_id=entity_0021|fullname=Christophs Gegner|gender=mf|members=entity_0015,entity_0043|all_members_given=False|specialcase_entity=group)))
73844	sehen		
73845	,		
73846	daß		
73847	ihre	11721	(mention_id=11659|references=(entity=(entity_id=entity_0021|fullname=Christophs Gegner|gender=mf|members=entity_0015,entity_0043|all_members_given=False|specialcase_entity=group)))
73848	niederträchtigen		
73849	Machenschaften		
73850	elend		
73851	zu		
73852	schanden		
73853	werden		
73854	!		
73855	«		
73856	fügte		
73857	Lutz	11722	(mention_id=11660|references=(entity=(entity_id=entity_0014|fullname=Lutz Hebenstreit|gender=m)))
73858	,		
73859	sich	11723	(mention_id=11661|references=(entity=(entity_id=entity_0014|fullname=Lutz Hebenstreit|gender=m)))
73860	vor		
73861	Vergnügen		
73862	die		
73863	Hände		
73864	reibend		
73865	,		
73866	hinzu		
73867	.		
73868	»		
73869	O		
73870	wenn		
73871	es		
73872	glückte		
73873	!		
73874	«		
73875	flüsterte		
73876	Agnete	11724	(mention_id=11662|references=(entity=(entity_id=entity_0011|fullname=Agnete Gersbacher|gender=f)))
73877	.		
73878	»		
73879	Denkt		
73880	nur		
73881	an		
73882	Franz	11725	(mention_id=11663|references=(entity=(entity_id=entity_0009|fullname=Franz Gersbacher|gender=m)))
73883	und		
73884	Trudi	11726	(mention_id=11664|references=(entity=(entity_id=entity_0002|fullname=Gontrud Hegewald|gender=f)))
73885	!		
73886	«		
73887	»		
73888	Ja		
73889	,		
73890	Franz	11727	(mention_id=11665|references=(entity=(entity_id=entity_0009|fullname=Franz Gersbacher|gender=m)))
73891	und		
73892	Trudi	11728	(mention_id=11666|references=(entity=(entity_id=entity_0002|fullname=Gontrud Hegewald|gender=f)))
73893	!		
73894	«		
73895	wiederholte		
73896	Lutz	11729	(mention_id=11667|references=(entity=(entity_id=entity_0014|fullname=Lutz Hebenstreit|gender=m)))
73897	.		
73898	»		
73899	Und		
73900	Eure	11730	(mention_id=11668|references=(entity=(entity_id=entity_0011|fullname=Agnete Gersbacher|gender=f)))
73901	Erfindung		
73902	,		
73903	Euer	11731	(mention_id=11669|references=(entity=(entity_id=entity_0011|fullname=Agnete Gersbacher|gender=f)))
73904	Werk		
73905	ist		
73906	es		
73907	,		
73908	Agnete	11732	(mention_id=11670|references=(entity=(entity_id=entity_0011|fullname=Agnete Gersbacher|gender=f)))
73909	!		
73910	Welch		
73911	eine		
73912	köstliche		
73913	Morgengabe		
73914	bringt		
73915	Ihr	11733	(mention_id=11671|references=(entity=(entity_id=entity_0011|fullname=Agnete Gersbacher|gender=f)))
73916	damit		
73917	Eurer	11734	(mention_id=11672|references=(entity=(entity_id=entity_0011|fullname=Agnete Gersbacher|gender=f)))
73918	künftigen		
73919	Schwiegertochter	11735	(mention_id=11673|references=(entity=(entity_id=entity_0002|fullname=Gontrud Hegewald|gender=f)))
73920	dar		
73921	,		
73922	ihre	11736	(mention_id=11674|references=(entity=(entity_id=entity_0002|fullname=Gontrud Hegewald|gender=f)))
73923	Freiheit		
73924	!		
73925	«		
73926	–		
73927	Im		
73928	Abtshofe		
73929	ward		
73930	allerdings		
73931	eitel		
73932	Glück		
73933	und		
73934	Freude		
73935	über		
73936	die		
73937	Nachricht		
73938	.		
73939	Christoph	11737	(mention_id=11675|references=(entity=(entity_id=entity_0001|fullname=Christoph Armbruster|gender=m)))
73940	dankte		
73941	den		
73942	Freunden	11738	(mention_id=11676|references=(entity=(entity_id=entity_0014|fullname=Lutz Hebenstreit|gender=m)),(entity=(entity_id=entity_0012|fullname=Florian Gersbacher|gender=m)))
73943	mit		
73944	bewegten		
73945	Worten		
73946	für		
73947	das		
73948	,		
73949	was		
73950	sie	11739	(mention_id=11677|references=(entity=(entity_id=entity_0014|fullname=Lutz Hebenstreit|gender=m)),(entity=(entity_id=entity_0012|fullname=Florian Gersbacher|gender=m)))
73951	ihm	11740	(mention_id=11678|references=(entity=(entity_id=entity_0001|fullname=Christoph Armbruster|gender=m)))
73952	und		
73953	Trudi	11741	(mention_id=11679|references=(entity=(entity_id=entity_0002|fullname=Gontrud Hegewald|gender=f)))
73954	zuliebe		
73955	tun		
73956	wollten		
73957	und		
73958	womit		
73959	just		
73960	das		
73961	erzielt		
73962	wurde		
73963	,		
73964	was		
73965	ihm	11742	(mention_id=11680|references=(entity=(entity_id=entity_0001|fullname=Christoph Armbruster|gender=m)))
73966	der		
73967	Reichsfreiherr	11743	(mention_id=11681|references=(entity=(entity_id=entity_0018|fullname=Reichsfreiherr Dietrich von Remchingen|gender=m)))
73968	im		
73969	Vertrauen		
73970	geraten		
73971	hatte		
73972	,		
73973	ein		
73974	entschlossenes		
73975	Eintreten		
73976	für		
73977	Trudi	11744	(mention_id=11682|references=(entity=(entity_id=entity_0002|fullname=Gontrud Hegewald|gender=f)))
73978	seitens		
73979	der		
73980	sich		
73981	ihrer	11745	
73982	Macht		
73983	bewußten		
73984	Gemeinde	11746	(mention_id=11683|references=(entity=(entity_id=entity_0019|fullname=Wachenheimer|gender=mf|members=entity_0007,entity_0013,entity_0014,entity_0026|all_members_given=False|specialcase_entity=group)))
73985	.		
73986	Aber		
73987	daß		
73988	Remchingen	11747	(mention_id=11684|references=(entity=(entity_id=entity_0018|fullname=Reichsfreiherr Dietrich von Remchingen|gender=m)))
73989	ihm	11748	(mention_id=11685|references=(entity=(entity_id=entity_0001|fullname=Christoph Armbruster|gender=m)))
73990	schon		
73991	vor		
73992	Wochen		
73993	einen		
73994	darauf		
73995	hinausgehenden		
73996	Wink		
73997	gegeben		
73998	hatte		
73999	,		
74000	verschwieg		
74001	er	11749	(mention_id=11686|references=(entity=(entity_id=entity_0001|fullname=Christoph Armbruster|gender=m)))
74002	.		
74003	Gleich		
74004	am		
74005	nächsten		
74006	Tage		
74007	machte		
74008	sich	11750	(mention_id=11687|references=(entity=(entity_id=entity_0014|fullname=Lutz Hebenstreit|gender=m)))
74009	Lutz	11751	(mention_id=11688|references=(entity=(entity_id=entity_0014|fullname=Lutz Hebenstreit|gender=m)))
74010	auf		
74011	die		
74012	Beine		
74013	zu		
74014	den		
74015	einzelnen		
74016	Mitgliedern	11752	(mention_id=11689|references=(entity=(entity_id=entity_0232|fullname=Gemeinderat|gender=m|specialcase_entity=group)))
74017	der		
74018	städtischen		
74019	Körperschaft		
74020	,		
74021	um		
74022	sie	11753	(mention_id=11690|references=(entity=(entity_id=entity_0232|fullname=Gemeinderat|gender=m|specialcase_entity=group)))
74023	von		
74024	der		
74025	zu		
74026	erwartenden		
74027	Vorlage		
74028	in		
74029	Kenntnis		
74030	zu		
74031	setzen		
74032	und		
74033	für		
74034	deren		
74035	Bewilligung		
74036	zu		
74037	werben		
74038	.		
74039	Nun		
74040	brannte		
74041	es		
74042	in		
74043	Wachenheim		
74044	an		
74045	allen		
74046	Ecken		
74047	und		
74048	Enden		
74049	.		
74050	Die		
74051	Feinde	11754	(mention_id=11691|references=(entity=(entity_id=entity_0021|fullname=Christophs Gegner|gender=mf|members=entity_0015,entity_0043|all_members_given=False|specialcase_entity=group)))
74052	des		
74053	Bürgermeisters	11755	(mention_id=11692|references=(entity=(entity_id=entity_0001|fullname=Christoph Armbruster|gender=m)))
74054	gebärdeten		
74055	sich	11756	(mention_id=11693|references=(entity=(entity_id=entity_0021|fullname=Christophs Gegner|gender=mf|members=entity_0015,entity_0043|all_members_given=False|specialcase_entity=group)))
74056	wie		
74057	Tobsüchtige	11757	(mention_id=11694|references=(entity=(entity_id=entity_0021|fullname=Christophs Gegner|gender=mf|members=entity_0015,entity_0043|all_members_given=False|specialcase_entity=group)))
74058	und		
74059	arbeiteten		
74060	mit		
74061	besten		
74062	Kräften		
74063	,		
74064	den		
74065	beabsichtigten		
74066	Antrag		
74067	schon		
74068	vor		
74069	seiner		
74070	Beratung		
74071	zu		
74072	Falle		
74073	zu		
74074	bringen		
74075	.		
74076	Bald		
74077	darauf		
74078	fand		
74079	die		
74080	entscheidende		
74081	Sitzung		
74082	statt		
74083	,		
74084	und		
74085	es		
74086	entspann		
74087	sich		
74088	in		
74089	ihr		
74090	ein		
74091	heißer		
74092	Kampf		
74093	für		
74094	und		
74095	wider		
74096	die		
74097	Maßnahme		
74098	,		
74099	zum		
74100	Zwecke		
74101	der		
74102	»		
74103	durchaus		
74104	ungerechtfertigten		
74105	Begünstigung		
74106	einer		
74107	Fremden	11758	(mention_id=11695|references=(entity=(entity_id=entity_0002|fullname=Gontrud Hegewald|gender=f)))
74108	«		
74109	,		
74110	wie		
74111	sich	11759	(mention_id=11696|references=(entity=(entity_id=entity_0021|fullname=Christophs Gegner|gender=mf|members=entity_0015,entity_0043|all_members_given=False|specialcase_entity=group)))
74112	die		
74113	Gegner	11760	(mention_id=11697|references=(entity=(entity_id=entity_0021|fullname=Christophs Gegner|gender=mf|members=entity_0015,entity_0043|all_members_given=False|specialcase_entity=group)))
74114	gehässig		
74115	ausdrückten		
74116	,		
74117	die		
74118	Hilfe		
74119	des		
74120	Reichsfreiherrn	11761	(mention_id=11698|references=(entity=(entity_id=entity_0018|fullname=Reichsfreiherr Dietrich von Remchingen|gender=m)))
74121	anzurufen		
74122	.		
74123	Allein		
74124	die		
74125	trotzig		
74126	ablehnende		
74127	Partei	11762	(mention_id=11699|references=(entity=(entity_id=entity_0021|fullname=Christophs Gegner|gender=mf|members=entity_0015,entity_0043|all_members_given=False|specialcase_entity=group)))
74128	wurde		
74129	von		
74130	den		
74131	Gutgesinnten	11764	(mention_id=11700|references=(entity=(entity_id=entity_0020|fullname=Christophs Verbündete|gender=mf|members=entity_0014,entity_0042|all_members_given=False|specialcase_entity=group)))
74132	und		
74133	von		
74134	dem		
74135	nun		
74136	auch		
74137	in		
74138	das		
74139	Wortgefecht		
74140	scharf		
74141	eingreifenden		
74142	Bürgermeister	11765	(mention_id=11701|references=(entity=(entity_id=entity_0001|fullname=Christoph Armbruster|gender=m)))
74143	selber		
74144	Schlag		
74145	auf		
74146	Schlag		
74147	geworfen		
74148	und		
74149	endlich		
74150	von		
74151	einer		
74152	mehr		
74153	als		
74154	doppelt		
74155	so		
74156	starken		
74157	Mehrheit	11766	
74158	überstimmt		
74159	,		
74160	so		
74161	daß		
74162	der		
74163	Antrag		
74164	zum		
74165	Beschluß		
74166	erhoben		
74167	wurde		
74168	.		
74169	Florian	11767	(mention_id=11702|references=(entity=(entity_id=entity_0012|fullname=Florian Gersbacher|gender=m)))
74170	Gersbacher	11767	(mention_id=11702|references=(entity=(entity_id=entity_0012|fullname=Florian Gersbacher|gender=m)))
74171	und		
74172	Lutz	11768	(mention_id=11703|references=(entity=(entity_id=entity_0014|fullname=Lutz Hebenstreit|gender=m)))
74173	Hebenstreit	11768	(mention_id=11703|references=(entity=(entity_id=entity_0014|fullname=Lutz Hebenstreit|gender=m)))
74174	wurden		
74175	abgeordnet		
74176	,		
74177	dem		
74178	Reichsfreiherrn	11769	(mention_id=11704|references=(entity=(entity_id=entity_0018|fullname=Reichsfreiherr Dietrich von Remchingen|gender=m)))
74179	im		
74180	Namen		
74181	der		
74182	Stadt		
74183	zu		
74184	bitten		
74185	,		
74186	daß		
74187	er	11770	(mention_id=11705|references=(entity=(entity_id=entity_0018|fullname=Reichsfreiherr Dietrich von Remchingen|gender=m)))
74188	Trudi	11771	(mention_id=11706|references=(entity=(entity_id=entity_0002|fullname=Gontrud Hegewald|gender=f)))
74189	zur		
74190	Belohnung		
74191	für		
74192	ihre	11772	(mention_id=11707|references=(entity=(entity_id=entity_0002|fullname=Gontrud Hegewald|gender=f)))
74193	Rettungstat		
74194	und		
74195	zur		
74196	Entschädigung		
74197	für		
74198	die		
74199	ausgestandene		
74200	Angst		
74201	bei		
74202	dem		
74203	Entführungsversuche		
74204	kraft		
74205	seines	11773	(mention_id=11708|references=(entity=(entity_id=entity_0018|fullname=Reichsfreiherr Dietrich von Remchingen|gender=m)))
74206	obrigkeitlichen		
74207	Amtes		
74208	vom		
74209	Wildfangrecht		
74210	auf		
74211	alle		
74212	Zeit		
74213	lösen		
74214	möchte		
74215	.		
74216	So		
74217	begaben		
74218	sie	11774	(mention_id=11709|references=(entity=(entity_id=entity_0012|fullname=Florian Gersbacher|gender=m)),(entity=(entity_id=entity_0014|fullname=Lutz Hebenstreit|gender=m)))
74219	sich	11775	(mention_id=11710|references=(entity=(entity_id=entity_0012|fullname=Florian Gersbacher|gender=m)),(entity=(entity_id=entity_0014|fullname=Lutz Hebenstreit|gender=m)))
74220	denn		
74221	in		
74222	ihrem	11776	(mention_id=11711|references=(entity=(entity_id=entity_0012|fullname=Florian Gersbacher|gender=m)),(entity=(entity_id=entity_0014|fullname=Lutz Hebenstreit|gender=m)))
74223	besten		
74224	Sonntagsstaat		
74225	,		
74226	in		
74227	Schnallenschuhen		
74228	und		
74229	mit		
74230	dem		
74231	dreispitzigen		
74232	Nebelspalter		
74233	auf		
74234	dem		
74235	dicken		
74236	Bauernschädel		
74237	zur		
74238	Wachtenburg		
74239	hinauf		
74240	.		
74241	Dietrich	11777	(mention_id=11712|references=(entity=(entity_id=entity_0018|fullname=Reichsfreiherr Dietrich von Remchingen|gender=m)))
74242	von	11777	(mention_id=11712|references=(entity=(entity_id=entity_0018|fullname=Reichsfreiherr Dietrich von Remchingen|gender=m)))
74243	Remchingen	11777	(mention_id=11712|references=(entity=(entity_id=entity_0018|fullname=Reichsfreiherr Dietrich von Remchingen|gender=m)))
74244	empfing		
74245	sie	11778	(mention_id=11713|references=(entity=(entity_id=entity_0012|fullname=Florian Gersbacher|gender=m)),(entity=(entity_id=entity_0014|fullname=Lutz Hebenstreit|gender=m)))
74246	in		
74247	seinem	11779	(mention_id=11714|references=(entity=(entity_id=entity_0018|fullname=Reichsfreiherr Dietrich von Remchingen|gender=m)))
74248	wohnlichen		
74249	Gemach		
74250	,		
74251	hieß		
74252	sie	11780	(mention_id=11715|references=(entity=(entity_id=entity_0012|fullname=Florian Gersbacher|gender=m)),(entity=(entity_id=entity_0014|fullname=Lutz Hebenstreit|gender=m)))
74253	Platz		
74254	nehmen		
74255	und		
74256	schenkte		
74257	ihren	11781	(mention_id=11716|references=(entity=(entity_id=entity_0012|fullname=Florian Gersbacher|gender=m)),(entity=(entity_id=entity_0014|fullname=Lutz Hebenstreit|gender=m)))
74258	Auseinandersetzungen		
74259	ein		
74260	williges		
74261	Gehör		
74262	.		
74263	Wie		
74264	sehr		
74265	er	11782	(mention_id=11717|references=(entity=(entity_id=entity_0018|fullname=Reichsfreiherr Dietrich von Remchingen|gender=m)))
74266	sich	11783	(mention_id=11718|references=(entity=(entity_id=entity_0018|fullname=Reichsfreiherr Dietrich von Remchingen|gender=m)))
74267	in		
74268	der		
74269	Seele		
74270	seines	11784	(mention_id=11719|references=(entity=(entity_id=entity_0018|fullname=Reichsfreiherr Dietrich von Remchingen|gender=m)))
74271	Freundes	11785	(mention_id=11720|references=(entity=(entity_id=entity_0001|fullname=Christoph Armbruster|gender=m)))
74272	Armbruster	11785	(mention_id=11720|references=(entity=(entity_id=entity_0001|fullname=Christoph Armbruster|gender=m)))
74273	über		
74274	diese		
74275	Wendung		
74276	der		
74277	lange		
74278	schwebenden		
74279	Angelegenheit		
74280	freute		
74281	,		
74282	ließ		
74283	er	11786	(mention_id=11721|references=(entity=(entity_id=entity_0018|fullname=Reichsfreiherr Dietrich von Remchingen|gender=m)))
74284	sie	11787	(mention_id=11722|references=(entity=(entity_id=entity_0012|fullname=Florian Gersbacher|gender=m)),(entity=(entity_id=entity_0014|fullname=Lutz Hebenstreit|gender=m)))
74285	nicht		
74286	merken		
74287	,		
74288	fragte		
74289	jedoch		
74290	,		
74291	wer	11788	
74292	auf		
74293	den		
74294	schlauen		
74295	Einfall		
74296	gekommen		
74297	wäre		
74298	,		
74299	ihn	11789	(mention_id=11723|references=(entity=(entity_id=entity_0018|fullname=Reichsfreiherr Dietrich von Remchingen|gender=m)))
74300	um		
74301	seine	11790	(mention_id=11724|references=(entity=(entity_id=entity_0018|fullname=Reichsfreiherr Dietrich von Remchingen|gender=m)))
74302	Vermittlung		
74303	anzugehen		
74304	,		
74305	weil		
74306	er	11791	(mention_id=11725|references=(entity=(entity_id=entity_0018|fullname=Reichsfreiherr Dietrich von Remchingen|gender=m)))
74307	wissen		
74308	wollte		
74309	,		
74310	ob		
74311	Christoph	11792	(mention_id=11726|references=(entity=(entity_id=entity_0001|fullname=Christoph Armbruster|gender=m)))
74312	infolge		
74313	seines	11793	(mention_id=11727|references=(entity=(entity_id=entity_0001|fullname=Christoph Armbruster|gender=m)))
74314	vertraulichen		
74315	Winkes		
74316	die		
74317	Bürger	11794	(mention_id=11728|references=(entity=(entity_id=entity_0019|fullname=Wachenheimer|gender=mf|members=entity_0007,entity_0013,entity_0014,entity_0026|all_members_given=False|specialcase_entity=group)))
74318	dazu		
74319	veranlaßt		
74320	hätte		
74321	.		
74322	Aber		
74323	Gersbacher	11795	(mention_id=11729|references=(entity=(entity_id=entity_0012|fullname=Florian Gersbacher|gender=m)))
74324	erwiderte		
74325	:		
74326	»		
74327	Den		
74328	glücklichen		
74329	Gedanken		
74330	hat		
74331	meine	11796	(mention_id=11730|references=(entity=(entity_id=entity_0012|fullname=Florian Gersbacher|gender=m)))
74332	Frau	11797	(mention_id=11731|references=(entity=(entity_id=entity_0011|fullname=Agnete Gersbacher|gender=f)))
74333	gehabt		
74334	und		
74335	zuerst		
74336	uns	11798	(mention_id=11732|references=(entity=(entity_id=entity_0012|fullname=Florian Gersbacher|gender=m)),(entity=(entity_id=entity_0014|fullname=Lutz Hebenstreit|gender=m)))
74337	beiden	11799	(mention_id=11733|references=(entity=(entity_id=entity_0012|fullname=Florian Gersbacher|gender=m)),(entity=(entity_id=entity_0014|fullname=Lutz Hebenstreit|gender=m)))
74338	gegenüber		
74339	ausgesprochen		
74340	.		
74341	Im		
74342	Gemeinderat		
74343	den		
74344	Antrag		
74345	gestellt		
74346	hab'		
74347	ich	11800	(mention_id=11734|references=(entity=(entity_id=entity_0012|fullname=Florian Gersbacher|gender=m)))
74348	,		
74349	Eure	11801	(mention_id=11735|references=(entity=(entity_id=entity_0018|fullname=Reichsfreiherr Dietrich von Remchingen|gender=m)))
74350	Herrlichkeit	11802	(mention_id=11735|references=(entity=(entity_id=entity_0018|fullname=Reichsfreiherr Dietrich von Remchingen|gender=m)))
74351	.		
74352	«		
74353	»		
74354	Was		
74355	der		
74356	Tausend	11803	
74357	!		
74358	«		
74359	lächelte		
74360	Remchingen	11804	(mention_id=11736|references=(entity=(entity_id=entity_0018|fullname=Reichsfreiherr Dietrich von Remchingen|gender=m)))
74361	,		
74362	»		
74363	ich	11805	(mention_id=11737|references=(entity=(entity_id=entity_0018|fullname=Reichsfreiherr Dietrich von Remchingen|gender=m)))
74364	kenne		
74365	ja		
74366	Eure	11806	(mention_id=11738|references=(entity=(entity_id=entity_0018|fullname=Reichsfreiherr Dietrich von Remchingen|gender=m)))
74367	tugendsame		
74368	Hausfrau	11807	(mention_id=11739|references=(entity=(entity_id=entity_0011|fullname=Agnete Gersbacher|gender=f)))
74369	,		
74370	doch		
74371	einen		
74372	so		
74373	anschlägigen		
74374	Kopf		
74375	hätt'		
74376	ich	11808	(mention_id=11740|references=(entity=(entity_id=entity_0018|fullname=Reichsfreiherr Dietrich von Remchingen|gender=m)))
74377	ihr	11809	(mention_id=11741|references=(entity=(entity_id=entity_0011|fullname=Agnete Gersbacher|gender=f)))
74378	–		
74379	nehmt's		
74380	nicht		
74381	übel		
74382	!		
74383	–		
74384	kaum		
74385	zugetraut		
74386	.		
74387	Macht		
74388	Frau	11810	(mention_id=11742|references=(entity=(entity_id=entity_0011|fullname=Agnete Gersbacher|gender=f)))
74389	Agnete	11810	(mention_id=11742|references=(entity=(entity_id=entity_0011|fullname=Agnete Gersbacher|gender=f)))
74390	mein	11811	(mention_id=11743|references=(entity=(entity_id=entity_0018|fullname=Reichsfreiherr Dietrich von Remchingen|gender=m)))
74391	Kompliment		
74392	dafür		
74393	,		
74394	Florian	11812	(mention_id=11744|references=(entity=(entity_id=entity_0012|fullname=Florian Gersbacher|gender=m)))
74395	Gersbacher	11812	(mention_id=11744|references=(entity=(entity_id=entity_0012|fullname=Florian Gersbacher|gender=m)))
74396	.		
74397	«		
74398	Florian	11813	(mention_id=11745|references=(entity=(entity_id=entity_0012|fullname=Florian Gersbacher|gender=m)))
74399	verneigte		
74400	sich	11814	(mention_id=11746|references=(entity=(entity_id=entity_0012|fullname=Florian Gersbacher|gender=m)))
74401	geschmeichelt		
74402	.		
74403	»		
74404	Leider		
74405	aber		
74406	,		
74407	«		
74408	fuhr		
74409	der		
74410	Freiherr	11815	(mention_id=11747|references=(entity=(entity_id=entity_0018|fullname=Reichsfreiherr Dietrich von Remchingen|gender=m)))
74411	fort		
74412	,		
74413	»		
74414	bin		
74415	ich	11816	(mention_id=11748|references=(entity=(entity_id=entity_0018|fullname=Reichsfreiherr Dietrich von Remchingen|gender=m)))
74416	nicht		
74417	imstande		
74418	,		
74419	euer	11817	(mention_id=11749|references=(entity=(entity_id=entity_0012|fullname=Florian Gersbacher|gender=m)),(entity=(entity_id=entity_0014|fullname=Lutz Hebenstreit|gender=m)))
74420	Begehren		
74421	zu		
74422	erfüllen		
74423	,		
74424	denn		
74425	das		
74426	übersteigt		
74427	meine	11818	(mention_id=11750|references=(entity=(entity_id=entity_0018|fullname=Reichsfreiherr Dietrich von Remchingen|gender=m)))
74428	Befugnis		
74429	und		
74430	hängt		
74431	einzig		
74432	und		
74433	allein		
74434	von		
74435	der		
74436	Gnade		
74437	eures	11819	(mention_id=11751|references=(entity=(entity_id=entity_0012|fullname=Florian Gersbacher|gender=m)),(entity=(entity_id=entity_0014|fullname=Lutz Hebenstreit|gender=m)))
74438	und		
74439	meines	11820	(mention_id=11752|references=(entity=(entity_id=entity_0018|fullname=Reichsfreiherr Dietrich von Remchingen|gender=m)))
74440	Herrn	11821	(mention_id=11753|references=(entity=(entity_id=entity_0047|fullname=Kurfürst Karl Ludwig|gender=m)))
74441	,		
74442	des		
74443	Pfalzgrafen	11822	(mention_id=11754|references=(entity=(entity_id=entity_0047|fullname=Kurfürst Karl Ludwig|gender=m)))
74444	,		
74445	ab		
74446	,		
74447	der	11823	(mention_id=11755|references=(entity=(entity_id=entity_0047|fullname=Kurfürst Karl Ludwig|gender=m)))
74448	als		
74449	Reichsvikarius	11824	(mention_id=11756|references=(entity=(entity_id=entity_0047|fullname=Kurfürst Karl Ludwig|gender=m)))
74450	die		
74451	Ausübung		
74452	des		
74453	Wildfangrechtes		
74454	gleich		
74455	einem		
74456	erblichen		
74457	kaiserlichen		
74458	Lehen		
74459	in		
74460	seiner	11825	(mention_id=11757|references=(entity=(entity_id=entity_0047|fullname=Kurfürst Karl Ludwig|gender=m)))
74461	unbeschränkten		
74462	Gewalt		
74463	hat		
74464	.		
74465	Ihr	11826	(mention_id=11758|references=(entity=(entity_id=entity_0012|fullname=Florian Gersbacher|gender=m)),(entity=(entity_id=entity_0014|fullname=Lutz Hebenstreit|gender=m)))
74466	braucht		
74467	deshalb		
74468	nicht		
74469	zu		
74470	verzagen		
74471	,		
74472	«		
74473	fügte		
74474	er	11827	(mention_id=11759|references=(entity=(entity_id=entity_0018|fullname=Reichsfreiherr Dietrich von Remchingen|gender=m)))
74475	schnell		
74476	hinzu		
74477	,		
74478	als		
74479	er	11828	(mention_id=11760|references=(entity=(entity_id=entity_0018|fullname=Reichsfreiherr Dietrich von Remchingen|gender=m)))
74480	nun		
74481	die		
74482	langen		
74483	Gesichter		
74484	seiner	11829	(mention_id=11761|references=(entity=(entity_id=entity_0018|fullname=Reichsfreiherr Dietrich von Remchingen|gender=m)))
74485	Besucher	11830	(mention_id=11762|references=(entity=(entity_id=entity_0012|fullname=Florian Gersbacher|gender=m)),(entity=(entity_id=entity_0014|fullname=Lutz Hebenstreit|gender=m)))
74486	sah		
74487	.		
74488	»		
74489	Ich	11831	(mention_id=11763|references=(entity=(entity_id=entity_0018|fullname=Reichsfreiherr Dietrich von Remchingen|gender=m)))
74490	will		
74491	euch	11832	(mention_id=11764|references=(entity=(entity_id=entity_0012|fullname=Florian Gersbacher|gender=m)),(entity=(entity_id=entity_0014|fullname=Lutz Hebenstreit|gender=m)))
74492	gern		
74493	raten		
74494	und		
74495	helfen		
74496	.		
74497	Schickt		
74498	an		
74499	unsern	11833	(mention_id=11765|references=(entity=(entity_id=entity_0018|fullname=Reichsfreiherr Dietrich von Remchingen|gender=m)))
74500	durchlauchtigten		
74501	Pfalzgrafen	11834	(mention_id=11766|references=(entity=(entity_id=entity_0047|fullname=Kurfürst Karl Ludwig|gender=m)))
74502	eine		
74503	Deputation		
74504	von		
74505	zwei		
74506	oder		
74507	drei		
74508	Bürgern	11835	(mention_id=11767|references=(entity=(entity_id=entity_0005|fullname=Peter Armbruster|gender=m)),(entity=(entity_id=entity_0014|fullname=Lutz Hebenstreit|gender=m)),(entity=(entity_id=entity_0012|fullname=Florian Gersbacher|gender=m)))
74509	,		
74510	die	11836	(mention_id=11768|references=(entity=(entity_id=entity_0005|fullname=Peter Armbruster|gender=m)),(entity=(entity_id=entity_0012|fullname=Florian Gersbacher|gender=m)),(entity=(entity_id=entity_0014|fullname=Lutz Hebenstreit|gender=m)))
74511	dem		
74512	hohen		
74513	Herrn	11837	(mention_id=11769|references=(entity=(entity_id=entity_0047|fullname=Kurfürst Karl Ludwig|gender=m)))
74514	den		
74515	Fall		
74516	vortragen		
74517	;		
74518	ich	11838	(mention_id=11770|references=(entity=(entity_id=entity_0018|fullname=Reichsfreiherr Dietrich von Remchingen|gender=m)))
74519	werde		
74520	ihnen	11839	(mention_id=11771|references=(entity=(entity_id=entity_0005|fullname=Peter Armbruster|gender=m)),(entity=(entity_id=entity_0014|fullname=Lutz Hebenstreit|gender=m)),(entity=(entity_id=entity_0012|fullname=Florian Gersbacher|gender=m)))
74521	zur		
74522	Befürwortung		
74523	des		
74524	Gesuches		
74525	einen		
74526	Brief		
74527	mitgeben		
74528	.		
74529	Nimmt		
74530	der		
74531	Pfalzgraf	11840	(mention_id=11772|references=(entity=(entity_id=entity_0047|fullname=Kurfürst Karl Ludwig|gender=m)))
74532	eure	11841	(mention_id=11773|references=(entity=(entity_id=entity_0012|fullname=Florian Gersbacher|gender=m)),(entity=(entity_id=entity_0014|fullname=Lutz Hebenstreit|gender=m)))
74533	Abgesandten		(mention_id=11774|references=(entity=(entity_id=entity_0005|fullname=Peter Armbruster|gender=m)),(entity=(entity_id=entity_0012|fullname=Florian Gersbacher|gender=m)),(entity=(entity_id=entity_0014|fullname=Lutz Hebenstreit|gender=m)))
74534	und		
74535	mein	11842	(mention_id=11775|references=(entity=(entity_id=entity_0018|fullname=Reichsfreiherr Dietrich von Remchingen|gender=m)))
74536	Handschreiben		
74537	gnädig		
74538	auf		
74539	,		
74540	so		
74541	ist		
74542	es		
74543	möglich		
74544	,		
74545	daß		
74546	er	11843	(mention_id=11776|references=(entity=(entity_id=entity_0047|fullname=Kurfürst Karl Ludwig|gender=m)))
74547	mir	11844	(mention_id=11777|references=(entity=(entity_id=entity_0018|fullname=Reichsfreiherr Dietrich von Remchingen|gender=m)))
74548	den		
74549	Befehl		
74550	erteilt		
74551	,		
74552	zu		
74553	tun		
74554	,		
74555	was		
74556	ihr	11845	(mention_id=11778|references=(entity=(entity_id=entity_0012|fullname=Florian Gersbacher|gender=m)),(entity=(entity_id=entity_0014|fullname=Lutz Hebenstreit|gender=m)))
74557	wünschet		
74558	und		
74559	was		
74560	ich	11846	(mention_id=11779|references=(entity=(entity_id=entity_0018|fullname=Reichsfreiherr Dietrich von Remchingen|gender=m)))
74561	selber		
74562	wünsche		
74563	.		
74564	Morgen		
74565	sollt		
74566	ihr	11847	(mention_id=11780|references=(entity=(entity_id=entity_0012|fullname=Florian Gersbacher|gender=m)),(entity=(entity_id=entity_0014|fullname=Lutz Hebenstreit|gender=m)))
74567	den		
74568	Brief		
74569	haben		
74570	,		
74571	also		
74572	kann		
74573	übermorgen		
74574	eure	11848	(mention_id=11781|references=(entity=(entity_id=entity_0012|fullname=Florian Gersbacher|gender=m)),(entity=(entity_id=entity_0014|fullname=Lutz Hebenstreit|gender=m)))
74575	Deputation		
74576	gen		
74577	Heidelberg		
74578	ausrücken		
74579	.		
74580	«		
74581	Er	11849	(mention_id=11782|references=(entity=(entity_id=entity_0018|fullname=Reichsfreiherr Dietrich von Remchingen|gender=m)))
74582	erhob		
74583	sich	11850	(mention_id=11783|references=(entity=(entity_id=entity_0018|fullname=Reichsfreiherr Dietrich von Remchingen|gender=m)))
74584	und		
74585	mit		
74586	ihm	11851	(mention_id=11784|references=(entity=(entity_id=entity_0018|fullname=Reichsfreiherr Dietrich von Remchingen|gender=m)))
74587	auch		
74588	die		
74589	beiden		
74590	hocherfreuten		
74591	Wachenheimer	11852	(mention_id=11785|references=(entity=(entity_id=entity_0012|fullname=Florian Gersbacher|gender=m)),(entity=(entity_id=entity_0014|fullname=Lutz Hebenstreit|gender=m)))
74592	,		
74593	die	11853	(mention_id=11786|references=(entity=(entity_id=entity_0012|fullname=Florian Gersbacher|gender=m)),(entity=(entity_id=entity_0014|fullname=Lutz Hebenstreit|gender=m)))
74594	ihm	11854	(mention_id=11787|references=(entity=(entity_id=entity_0018|fullname=Reichsfreiherr Dietrich von Remchingen|gender=m)))
74595	ihren	11855	(mention_id=11788|references=(entity=(entity_id=entity_0012|fullname=Florian Gersbacher|gender=m)),(entity=(entity_id=entity_0014|fullname=Lutz Hebenstreit|gender=m)))
74596	tiefgefühlten		
74597	Dank		
74598	so		
74599	kräftig		
74600	ausdrückten		
74601	,		
74602	wie		
74603	sie	11856	(mention_id=11789|references=(entity=(entity_id=entity_0012|fullname=Florian Gersbacher|gender=m)),(entity=(entity_id=entity_0014|fullname=Lutz Hebenstreit|gender=m)))
74604	konnten		
74605	.		
74606	»		
74607	Wird		
74608	das		
74609	ein		
74610	Gaudi		
74611	werden		
74612	,		
74613	wenn		
74614	wir's	11857	(mention_id=11790|references=(entity=(entity_id=entity_0014|fullname=Lutz Hebenstreit|gender=m)),(entity=(entity_id=entity_0012|fullname=Florian Gersbacher|gender=m)))
74615	unten		
74616	in		
74617	der		
74618	Stadt		
74619	verkündigen		
74620	!		
74621	«		
74622	sagte		
74623	Lutz	11858	(mention_id=11791|references=(entity=(entity_id=entity_0014|fullname=Lutz Hebenstreit|gender=m)))
74624	.		
74625	»		
74626	Da		
74627	wird		
74628	mancher	11859	(mention_id=11792|references=(entity=(entity_id=entity_0020|fullname=Christophs Verbündete|gender=mf|members=entity_0014,entity_0042|all_members_given=False|specialcase_entity=group)))
74629	heut		
74630	abend		
74631	seinem	11860	(mention_id=11793|references=(entity=(entity_id=entity_0020|fullname=Christophs Verbündete|gender=mf|members=entity_0014,entity_0042|all_members_given=False|specialcase_entity=group)))
74632	gesunden		
74633	Pfälzerdorscht		
74634	ganz		
74635	gehörig		
74636	unter		
74637	die		
74638	Arme		
74639	greifen		
74640	,		
74641	ich	11861	(mention_id=11794|references=(entity=(entity_id=entity_0014|fullname=Lutz Hebenstreit|gender=m)))
74642	auch		
74643	.		
74644	«		
74645	»		
74646	Hol		
74647	mich	11862	(mention_id=11795|references=(entity=(entity_id=entity_0018|fullname=Reichsfreiherr Dietrich von Remchingen|gender=m)))
74648	der		
74649	Deibel	11863	(mention_id=11796|references=(entity=(entity_id=entity_0041|fullname=Teufel|gender=m|specialcase_entity=nonfact)))
74650	!		
74651	nicht		
74652	wahr		
74653	?		
74654	«		
74655	fiel		
74656	der		
74657	Freiherr	11864	(mention_id=11797|references=(entity=(entity_id=entity_0018|fullname=Reichsfreiherr Dietrich von Remchingen|gender=m)))
74658	lachend		
74659	ein		
74660	.		
74661	»		
74662	Das		
74663	Wort		
74664	hab'		
74665	ich	11865	(mention_id=11798|references=(entity=(entity_id=entity_0018|fullname=Reichsfreiherr Dietrich von Remchingen|gender=m)))
74666	lange		
74667	nicht		
74668	aus		
74669	Eurem	11866	(mention_id=11799|references=(entity=(entity_id=entity_0014|fullname=Lutz Hebenstreit|gender=m)))
74670	Munde		
74671	gehört		
74672	,		
74673	Lutz	11867	(mention_id=11800|references=(entity=(entity_id=entity_0014|fullname=Lutz Hebenstreit|gender=m)))
74674	Hebenstreit	11867	(mention_id=11800|references=(entity=(entity_id=entity_0014|fullname=Lutz Hebenstreit|gender=m)))
74675	.		
74676	«		
74677	»		
74678	Weil		
74679	Ihr	11868	(mention_id=11801|references=(entity=(entity_id=entity_0018|fullname=Reichsfreiherr Dietrich von Remchingen|gender=m)))
74680	lange		
74681	nicht		
74682	in		
74683	der		
74684	Elfuhrmesse		
74685	gewesen		
74686	seid		
74687	,		
74688	Herr	11869	(mention_id=11802|references=(entity=(entity_id=entity_0018|fullname=Reichsfreiherr Dietrich von Remchingen|gender=m)))
74689	Reichsfreiherr	11869	(mention_id=11802|references=(entity=(entity_id=entity_0018|fullname=Reichsfreiherr Dietrich von Remchingen|gender=m)))
74690	,		
74691	«		
74692	erwiderte		
74693	Lutz	11870	(mention_id=11803|references=(entity=(entity_id=entity_0014|fullname=Lutz Hebenstreit|gender=m)))
74694	.		
74695	»		
74696	Schade		
74697	,		
74698	daß		
74699	Ihr	11871	(mention_id=11804|references=(entity=(entity_id=entity_0018|fullname=Reichsfreiherr Dietrich von Remchingen|gender=m)))
74700	vorigen		
74701	Sonntag		
74702	nicht		
74703	dawaret		
74704	!		
74705	Da		
74706	ist's		
74707	scharf		
74708	hergegangen		
74709	.		
74710	«		
74711	»		
74712	Habt		
74713	ihr	11872	(mention_id=11805|references=(entity=(entity_id=entity_0019|fullname=Wachenheimer|gender=mf|members=entity_0007,entity_0013,entity_0014,entity_0026|all_members_given=False|specialcase_entity=group)))
74714	euch	11873	(mention_id=11806|references=(entity=(entity_id=entity_0019|fullname=Wachenheimer|gender=mf|members=entity_0007,entity_0013,entity_0014,entity_0026|all_members_given=False|specialcase_entity=group)))
74715	in		
74716	den		
74717	Haaren		
74718	gelegen		
74719	?		
74720	«		
74721	»		
74722	Jawohl		
74723	,		
74724	tüchtig		
74725	!		
74726	und		
74727	alles		
74728	um		
74729	den		
74730	seligen		
74731	Hammichel		(mention_id=11807|references=(entity=(entity_id=entity_0015|fullname=Hammichel von Gimmeldingen|gender=m)))
74732	und		
74733	die		
74734	verfluchte		
74735	Panscherei		
74736	.		
74737	«		
74738	»		
74739	Also		
74740	Gottbefohlen		
74741	!		
74742	und		
74743	grüßt		
74744	mir	11874	(mention_id=11808|references=(entity=(entity_id=entity_0018|fullname=Reichsfreiherr Dietrich von Remchingen|gender=m)))
74745	meinen	11875	(mention_id=11809|references=(entity=(entity_id=entity_0018|fullname=Reichsfreiherr Dietrich von Remchingen|gender=m)))
74746	alten		
74747	Freund	11876	(mention_id=11810|references=(entity=(entity_id=entity_0001|fullname=Christoph Armbruster|gender=m)))
74748	Chrischtoph	11876	(mention_id=11810|references=(entity=(entity_id=entity_0001|fullname=Christoph Armbruster|gender=m)))
74749	.		
74750	«		
74751	–		
74752	In		
74753	die		
74754	Deputation		
74755	an		
74756	den		
74757	Pfalzgrafen	11877	(mention_id=11811|references=(entity=(entity_id=entity_0047|fullname=Kurfürst Karl Ludwig|gender=m)))
74758	wurden		
74759	Florian	11878	(mention_id=11812|references=(entity=(entity_id=entity_0012|fullname=Florian Gersbacher|gender=m)))
74760	Gersbacher	11878	(mention_id=11812|references=(entity=(entity_id=entity_0012|fullname=Florian Gersbacher|gender=m)))
74761	,		
74762	Lutz	11879	(mention_id=11813|references=(entity=(entity_id=entity_0014|fullname=Lutz Hebenstreit|gender=m)))
74763	Hebenstreit	11879	(mention_id=11813|references=(entity=(entity_id=entity_0014|fullname=Lutz Hebenstreit|gender=m)))
74764	und		
74765	Peter	11880	(mention_id=11814|references=(entity=(entity_id=entity_0005|fullname=Peter Armbruster|gender=m)))
74766	Armbruster	11880	(mention_id=11814|references=(entity=(entity_id=entity_0005|fullname=Peter Armbruster|gender=m)))
74767	als		
74768	Sohn	11881	(mention_id=11815|references=(entity=(entity_id=entity_0005|fullname=Peter Armbruster|gender=m)))
74769	des		
74770	Bürgermeisters	11882	(mention_id=11816|references=(entity=(entity_id=entity_0001|fullname=Christoph Armbruster|gender=m)))
74771	gewählt		
74772	,		
74773	und		
74774	zwei		
74775	Tage		
74776	nach		
74777	dem		
74778	Besuch		
74779	auf		
74780	der		
74781	Wachtenburg		
74782	fuhren		
74783	sie	11883	(mention_id=11817|references=(entity=(entity_id=entity_0012|fullname=Florian Gersbacher|gender=m)),(entity=(entity_id=entity_0014|fullname=Lutz Hebenstreit|gender=m)),(entity=(entity_id=entity_0005|fullname=Peter Armbruster|gender=m)))
74784	mit		
74785	dem		
74786	Briefe		
74787	des		
74788	Reichsfreiherrn	11884	(mention_id=11818|references=(entity=(entity_id=entity_0018|fullname=Reichsfreiherr Dietrich von Remchingen|gender=m)))
74789	ab		
74790	.		
74791	Da		
74792	jedoch		
74793	in		
74794	dem		
74795	von		
74796	Gersbacher	11885	(mention_id=11819|references=(entity=(entity_id=entity_0012|fullname=Florian Gersbacher|gender=m)))
74797	gestellten		
74798	,		
74799	viersitzigen		
74800	Fuhrwerk		
74801	noch		
74802	ein		
74803	Platz		
74804	frei		
74805	war		
74806	,		
74807	nahmen		
74808	sie	11886	(mention_id=11820|references=(entity=(entity_id=entity_0012|fullname=Florian Gersbacher|gender=m)),(entity=(entity_id=entity_0014|fullname=Lutz Hebenstreit|gender=m)),(entity=(entity_id=entity_0005|fullname=Peter Armbruster|gender=m)))
74809	zu		
74810	seiner	11887	(mention_id=11821|references=(entity=(entity_id=entity_0012|fullname=Florian Gersbacher|gender=m)))
74811	überschwenglichen		
74812	Freude		
74813	den		
74814	jetzt		
74815	wie		
74816	ein		
74817	Sohn	11888	(mention_id=11822|references=(entity=(entity_id=entity_0006|fullname=Kaspar|gender=m)))
74818	des		
74819	Hauses		
74820	mitsamt		
74821	seinem	11889	(mention_id=11823|references=(entity=(entity_id=entity_0006|fullname=Kaspar|gender=m)))
74822	Patz	11890	
74823	auf		
74824	dem		
74825	Abtshofe		
74826	wohnenden		
74827	Schneckenkaschper	11891	(mention_id=11824|references=(entity=(entity_id=entity_0006|fullname=Kaspar|gender=m)))
74828	mit		
74829	,		
74830	daß		
74831	er	11892	(mention_id=11825|references=(entity=(entity_id=entity_0006|fullname=Kaspar|gender=m)))
74832	auch		
74833	einmal		
74834	ein		
74835	Stückchen		
74836	Welt		
74837	,		
74838	in		
74839	Sonderheit		
74840	das		
74841	schöne		
74842	Heidelberg		
74843	zu		
74844	sehen		
74845	bekäme		
74846	.		
