i	token	mention	gold
66170	Zwanzigstes		
66171	Kapitel		
66172	.		
66173	Eines		
66174	Morgens		
66175	erschien		
66176	Schneckenkaschper	10475	(mention_id=10407|references=(entity=(entity_id=entity_0006|fullname=Kaspar|gender=m)))
66177	mit		
66178	seinem	10476	(mention_id=10408|references=(entity=(entity_id=entity_0006|fullname=Kaspar|gender=m)))
66179	Patz		
66180	auf		
66181	dem		
66182	Abtshofe		
66183	und		
66184	saß		
66185	,		
66186	unverwandt		
66187	das		
66188	Haus		
66189	im		
66190	Auge		
66191	behaltend		
66192	,		
66193	geduldig		
66194	so		
66195	lange		
66196	auf		
66197	der		
66198	Bank		
66199	unter		
66200	dem		
66201	großen		
66202	Nußbaum		
66203	,		
66204	bis		
66205	ihn	10477	(mention_id=10409|references=(entity=(entity_id=entity_0002|fullname=Gontrud Hegewald|gender=f)))
66206	Trudi	10478	(mention_id=10410|references=(entity=(entity_id=entity_0002|fullname=Gontrud Hegewald|gender=f)))
66207	von		
66208	einem		
66209	Fenster		
66210	aus		
66211	erblickte		
66212	und		
66213	auf		
66214	ein		
66215	Zeichen		
66216	von		
66217	ihm	10479	(mention_id=10411|references=(entity=(entity_id=entity_0006|fullname=Kaspar|gender=m)))
66218	mit		
66219	Ammerie	10480	(mention_id=10412|references=(entity=(entity_id=entity_0004|fullname=Ammerie Armbruster|gender=f)))
66220	herauskam		
66221	.		
66222	Da		
66223	steckte		
66224	er	10481	(mention_id=10413|references=(entity=(entity_id=entity_0006|fullname=Kaspar|gender=m)))
66225	ihr	10482	(mention_id=10414|references=(entity=(entity_id=entity_0002|fullname=Gontrud Hegewald|gender=f)))
66226	einen		
66227	Brief		
66228	zu		
66229	,		
66230	auf		
66231	den		
66232	er	10483	(mention_id=10415|references=(entity=(entity_id=entity_0006|fullname=Kaspar|gender=m)))
66233	seinem	10484	(mention_id=10416|references=(entity=(entity_id=entity_0006|fullname=Kaspar|gender=m)))
66234	Großvater	10485	(mention_id=10417|references=(entity=(entity_id=entity_0015|fullname=Hammichel von Gimmeldingen|gender=m)))
66235	mündliche		
66236	Antwort		
66237	bringen		
66238	sollte		
66239	.		
66240	Die		
66241	Mädchen	10486	(mention_id=10418|references=(entity=(entity_id=entity_0002|fullname=Gontrud Hegewald|gender=f)),(entity=(entity_id=entity_0004|fullname=Ammerie Armbruster|gender=f)))
66242	,		
66243	höchst		
66244	erstaunt		
66245	über		
66246	diese		
66247	Sendung		
66248	,		
66249	wollten		
66250	das		
66251	sorglich		
66252	geschlossene		
66253	Schriftstück		
66254	erst		
66255	nicht		
66256	annehmen		
66257	,		
66258	taten		
66259	es		
66260	aber		
66261	im		
66262	unwiderstehlichen		
66263	Drange		
66264	der		
66265	Neugier		
66266	dann		
66267	doch		
66268	und		
66269	schickten		
66270	den		
66271	Jungen	10487	(mention_id=10419|references=(entity=(entity_id=entity_0006|fullname=Kaspar|gender=m)))
66272	in		
66273	den		
66274	Garten		
66275	,		
66276	dort		
66277	ihres	10488	(mention_id=10420|references=(entity=(entity_id=entity_0002|fullname=Gontrud Hegewald|gender=f)),(entity=(entity_id=entity_0004|fullname=Ammerie Armbruster|gender=f)))
66278	Bescheides		
66279	zu		
66280	harren		
66281	.		
66282	Der		
66283	Brief		
66284	war		
66285	von		
66286	Ebendorffer	10489	(mention_id=10421|references=(entity=(entity_id=entity_0027|fullname=Vincenz Ebendorffer|gender=m)))
66287	,		
66288	der	10490	(mention_id=10422|references=(entity=(entity_id=entity_0027|fullname=Vincenz Ebendorffer|gender=m)))
66289	Trudi	10491	(mention_id=10423|references=(entity=(entity_id=entity_0002|fullname=Gontrud Hegewald|gender=f)))
66290	in		
66291	rührseligem		
66292	Tone		
66293	um		
66294	ein		
66295	letztes		
66296	Wiedersehen		
66297	bat		
66298	.		
66299	Er	10492	(mention_id=10424|references=(entity=(entity_id=entity_0027|fullname=Vincenz Ebendorffer|gender=m)))
66300	hätte		
66301	sich	10493	(mention_id=10425|references=(entity=(entity_id=entity_0027|fullname=Vincenz Ebendorffer|gender=m)))
66302	leider		
66303	überzeugen		
66304	müssen		
66305	,		
66306	schrieb		
66307	er	10494	(mention_id=10426|references=(entity=(entity_id=entity_0027|fullname=Vincenz Ebendorffer|gender=m)))
66308	,		
66309	daß		
66310	sein	10495	(mention_id=10427|references=(entity=(entity_id=entity_0027|fullname=Vincenz Ebendorffer|gender=m)))
66311	Bemühen		
66312	,		
66313	sie	10496	(mention_id=10428|references=(entity=(entity_id=entity_0002|fullname=Gontrud Hegewald|gender=f)))
66314	in		
66315	ihre	10497	(mention_id=10429|references=(entity=(entity_id=entity_0002|fullname=Gontrud Hegewald|gender=f)))
66316	Heimat		
66317	zurückzuführen		
66318	,		
66319	vergeblich		
66320	wäre		
66321	,		
66322	und		
66323	wollte		
66324	nun		
66325	allein		
66326	abreisen		
66327	.		
66328	Die		
66329	einzige		
66330	Bitte		
66331	,		
66332	die		
66333	er	10498	(mention_id=10430|references=(entity=(entity_id=entity_0027|fullname=Vincenz Ebendorffer|gender=m)))
66334	noch		
66335	auf		
66336	dem		
66337	Herzen		
66338	hätte		
66339	,		
66340	wäre		
66341	,		
66342	von		
66343	ihr	10499	(mention_id=10431|references=(entity=(entity_id=entity_0002|fullname=Gontrud Hegewald|gender=f)))
66344	auf		
66345	ewig		
66346	Abschied		
66347	nehmen		
66348	zu		
66349	dürfen		
66350	;		
66351	sie	10500	(mention_id=10432|references=(entity=(entity_id=entity_0002|fullname=Gontrud Hegewald|gender=f)))
66352	möchte		
66353	ihm	10501	(mention_id=10433|references=(entity=(entity_id=entity_0027|fullname=Vincenz Ebendorffer|gender=m)))
66354	diese		
66355	kleine		
66356	Gunst		
66357	nicht		
66358	versagen		
66359	.		
66360	Zum		
66361	Beweise		
66362	seines	10502	(mention_id=10434|references=(entity=(entity_id=entity_0027|fullname=Vincenz Ebendorffer|gender=m)))
66363	völligen		
66364	Verzichtes		
66365	verspräche		
66366	er	10503	(mention_id=10435|references=(entity=(entity_id=entity_0027|fullname=Vincenz Ebendorffer|gender=m)))
66367	auf		
66368	Ehr		
66369	und		
66370	Eid		
66371	,		
66372	ihr	10504	(mention_id=10436|references=(entity=(entity_id=entity_0002|fullname=Gontrud Hegewald|gender=f)))
66373	dabei		
66374	seine	10505	(mention_id=10437|references=(entity=(entity_id=entity_0027|fullname=Vincenz Ebendorffer|gender=m)))
66375	Vollmacht		
66376	auszuhändigen		
66377	,		
66378	womit		
66379	er	10506	(mention_id=10438|references=(entity=(entity_id=entity_0027|fullname=Vincenz Ebendorffer|gender=m)))
66380	sich	10507	(mention_id=10439|references=(entity=(entity_id=entity_0027|fullname=Vincenz Ebendorffer|gender=m)))
66381	jedes		
66382	Anspruches		
66383	und		
66384	jedes		
66385	Rechtes		
66386	auf		
66387	sie	10508	(mention_id=10440|references=(entity=(entity_id=entity_0002|fullname=Gontrud Hegewald|gender=f)))
66388	entäußerte		
66389	.		
66390	Sie	10509	(mention_id=10441|references=(entity=(entity_id=entity_0002|fullname=Gontrud Hegewald|gender=f)))
66391	möchte		
66392	heut		
66393	abend		
66394	um		
66395	neun		
66396	Uhr		
66397	vor		
66398	die		
66399	Rheinpforte		
66400	hinauskommen		
66401	und		
66402	sich	10510	(mention_id=10442|references=(entity=(entity_id=entity_0002|fullname=Gontrud Hegewald|gender=f)))
66403	von		
66404	ihrer	10511	(mention_id=10443|references=(entity=(entity_id=entity_0002|fullname=Gontrud Hegewald|gender=f)))
66405	Muhme	10512	(mention_id=10444|references=(entity=(entity_id=entity_0004|fullname=Ammerie Armbruster|gender=f)))
66406	Ammerie	10513	(mention_id=10444|references=(entity=(entity_id=entity_0004|fullname=Ammerie Armbruster|gender=f)))
66407	begleiten		
66408	lassen		
66409	,		
66410	die	10514	(mention_id=10445|references=(entity=(entity_id=entity_0004|fullname=Ammerie Armbruster|gender=f)))
66411	ja		
66412	Zeuge		(mention_id=10446|references=(entity=(entity_id=entity_0004|fullname=Ammerie Armbruster|gender=f)))
66413	seines	10515	(mention_id=10447|references=(entity=(entity_id=entity_0027|fullname=Vincenz Ebendorffer|gender=m)))
66414	Abschiedes		
66415	von		
66416	ihr	10516	(mention_id=10448|references=(entity=(entity_id=entity_0002|fullname=Gontrud Hegewald|gender=f)))
66417	sein		
66418	könnte		
66419	.		
66420	Nachdem		
66421	die		
66422	beiden		
66423	Mädchen	10517	(mention_id=10449|references=(entity=(entity_id=entity_0002|fullname=Gontrud Hegewald|gender=f)),(entity=(entity_id=entity_0004|fullname=Ammerie Armbruster|gender=f)))
66424	,		
66425	Schulter		
66426	an		
66427	Schulter		
66428	,		
66429	den		
66430	Brief		
66431	gelesen		
66432	hatten		
66433	,		
66434	sahen		
66435	sie	10518	(mention_id=10450|references=(entity=(entity_id=entity_0002|fullname=Gontrud Hegewald|gender=f)),(entity=(entity_id=entity_0004|fullname=Ammerie Armbruster|gender=f)))
66436	sich	10519	(mention_id=10451|references=(entity=(entity_id=entity_0002|fullname=Gontrud Hegewald|gender=f)),(entity=(entity_id=entity_0004|fullname=Ammerie Armbruster|gender=f)))
66437	fragend		
66438	an		
66439	,		
66440	und		
66441	jede	10520	(mention_id=10452|references=(entity=(entity_id=entity_0002|fullname=Gontrud Hegewald|gender=f)),(entity=(entity_id=entity_0004|fullname=Ammerie Armbruster|gender=f)))
66442	wartete		
66443	auf		
66444	das		
66445	erste		
66446	Wort		
66447	der		
66448	andern	10521	(mention_id=10453|references=(entity=(entity_id=entity_0002|fullname=Gontrud Hegewald|gender=f)),(entity=(entity_id=entity_0004|fullname=Ammerie Armbruster|gender=f)))
66449	.		
66450	Trudi	10522	(mention_id=10454|references=(entity=(entity_id=entity_0002|fullname=Gontrud Hegewald|gender=f)))
66451	sprach		
66452	es		
66453	aus		
66454	:		
66455	»		
66456	Ammerie	10523	(mention_id=10455|references=(entity=(entity_id=entity_0004|fullname=Ammerie Armbruster|gender=f)))
66457	,		
66458	das		
66459	ist		
66460	eine		
66461	Falle		
66462	.		
66463	«		
66464	»		
66465	Nein		
66466	,		
66467	«		
66468	erwiderte		
66469	Ammerie	10524	(mention_id=10456|references=(entity=(entity_id=entity_0004|fullname=Ammerie Armbruster|gender=f)))
66470	,		
66471	»		
66472	das		
66473	glaub'		
66474	ich	10525	(mention_id=10457|references=(entity=(entity_id=entity_0004|fullname=Ammerie Armbruster|gender=f)))
66475	nicht		
66476	,		
66477	sonst		
66478	würde		
66479	er	10526	(mention_id=10458|references=(entity=(entity_id=entity_0027|fullname=Vincenz Ebendorffer|gender=m)))
66480	dir	10527	(mention_id=10459|references=(entity=(entity_id=entity_0002|fullname=Gontrud Hegewald|gender=f)))
66481	nicht		
66482	vorschlagen		
66483	,		
66484	mich	10528	(mention_id=10460|references=(entity=(entity_id=entity_0004|fullname=Ammerie Armbruster|gender=f)))
66485	mitzubringen		
66486	.		
66487	«		
66488	»		
66489	Wozu		
66490	denn		
66491	ein		
66492	Abschied		
66493	?		
66494	«		
66495	versetzte		
66496	Trudi	10529	(mention_id=10461|references=(entity=(entity_id=entity_0002|fullname=Gontrud Hegewald|gender=f)))
66497	.		
66498	»		
66499	Ich	10530	(mention_id=10462|references=(entity=(entity_id=entity_0002|fullname=Gontrud Hegewald|gender=f)))
66500	hab		
66501	ihm	10531	(mention_id=10463|references=(entity=(entity_id=entity_0027|fullname=Vincenz Ebendorffer|gender=m)))
66502	nichts		
66503	zu		
66504	sagen		
66505	und		
66506	will		
66507	nichts		
66508	von		
66509	ihm	10532	(mention_id=10464|references=(entity=(entity_id=entity_0027|fullname=Vincenz Ebendorffer|gender=m)))
66510	hören		
66511	.		
66512	«		
66513	»		
66514	Für		
66515	den		
66516	Preis		
66517	,		
66518	seine	10533	(mention_id=10465|references=(entity=(entity_id=entity_0027|fullname=Vincenz Ebendorffer|gender=m)))
66519	Vollmacht		
66520	in		
66521	die		
66522	Hände		
66523	zu		
66524	bekommen		
66525	,		
66526	könntest		
66527	du	10534	(mention_id=10466|references=(entity=(entity_id=entity_0002|fullname=Gontrud Hegewald|gender=f)))
66528	schon		
66529	ein		
66530	übriges		
66531	tun		
66532	.		
66533	«		
66534	»		
66535	Das		
66536	ist		
66537	nur		
66538	der		
66539	Köder		
66540	,		
66541	mit		
66542	dem		
66543	er	10535	(mention_id=10467|references=(entity=(entity_id=entity_0027|fullname=Vincenz Ebendorffer|gender=m)))
66544	mich	10536	(mention_id=10468|references=(entity=(entity_id=entity_0002|fullname=Gontrud Hegewald|gender=f)))
66545	kirren		
66546	will		
66547	.		
66548	Wer		
66549	weiß		
66550	,		
66551	was		
66552	er	10537	(mention_id=10469|references=(entity=(entity_id=entity_0027|fullname=Vincenz Ebendorffer|gender=m)))
66553	arges		
66554	mit		
66555	mir	10538	(mention_id=10470|references=(entity=(entity_id=entity_0002|fullname=Gontrud Hegewald|gender=f)))
66556	im		
66557	Sinn		
66558	hat		
66559	.		
66560	«		
66561	»		
66562	Die		
66563	Erfüllung		
66564	dieser		
66565	Bedingung		
66566	muß		
66567	voraufgehen		
66568	,		
66569	ehe		
66570	du	10539	(mention_id=10471|references=(entity=(entity_id=entity_0002|fullname=Gontrud Hegewald|gender=f)))
66571	ihm	10540	(mention_id=10472|references=(entity=(entity_id=entity_0027|fullname=Vincenz Ebendorffer|gender=m)))
66572	nur		
66573	mit		
66574	einer		
66575	Silbe		
66576	Rede		
66577	stehst		
66578	,		
66579	«		
66580	erklärte		
66581	Ammerie	10541	(mention_id=10473|references=(entity=(entity_id=entity_0004|fullname=Ammerie Armbruster|gender=f)))
66582	.		
66583	»		
66584	Mir	10542	(mention_id=10474|references=(entity=(entity_id=entity_0002|fullname=Gontrud Hegewald|gender=f)))
66585	schaudert		
66586	vor		
66587	einem		
66588	Zusammentreffen		
66589	mit		
66590	dem		
66591	Menschen	10543	(mention_id=10475|references=(entity=(entity_id=entity_0027|fullname=Vincenz Ebendorffer|gender=m)))
66592	.		
66593	«		
66594	»		
66595	Da		
66596	es		
66597	aber		
66598	das		
66599	einzige		
66600	Mittel		
66601	ist		
66602	,		
66603	ihn	10544	(mention_id=10476|references=(entity=(entity_id=entity_0027|fullname=Vincenz Ebendorffer|gender=m)))
66604	loszuwerden		
66605	,		
66606	müssen		
66607	wir's	10545	(mention_id=10477|references=(entity=(entity_id=entity_0002|fullname=Gontrud Hegewald|gender=f)),(entity=(entity_id=entity_0004|fullname=Ammerie Armbruster|gender=f)))
66608	wagen		
66609	.		
66610	«		
66611	»		
66612	Hast		
66613	du	10546	(mention_id=10478|references=(entity=(entity_id=entity_0002|fullname=Gontrud Hegewald|gender=f)))
66614	wirklich		
66615	den		
66616	Mut		
66617	dazu		
66618	?		
66619	«		
66620	»		
66621	Warum		
66622	nicht		
66623	?		
66624	«		
66625	meinte		
66626	Ammerie	10547	(mention_id=10479|references=(entity=(entity_id=entity_0004|fullname=Ammerie Armbruster|gender=f)))
66627	.		
66628	»		
66629	Gegen		
66630	uns	10548	(mention_id=10480|references=(entity=(entity_id=entity_0004|fullname=Ammerie Armbruster|gender=f)),(entity=(entity_id=entity_0002|fullname=Gontrud Hegewald|gender=f)))
66631	zwei		
66632	starke		
66633	Mädchen	10549	(mention_id=10481|references=(entity=(entity_id=entity_0004|fullname=Ammerie Armbruster|gender=f)),(entity=(entity_id=entity_0002|fullname=Gontrud Hegewald|gender=f)))
66634	kann		
66635	er	10550	(mention_id=10482|references=(entity=(entity_id=entity_0027|fullname=Vincenz Ebendorffer|gender=m)))
66636	nichts		
66637	ausrichten		
66638	.		
66639	Die		
66640	Eltern	10551	(mention_id=10483|references=(entity=(entity_id=entity_0001|fullname=Christoph Armbruster|gender=m)),(entity=(entity_id=entity_0003|fullname=Magdalene Armbruster|gender=f)))
66641	dürfen		
66642	natürlich		
66643	nichts		
66644	davon		
66645	wissen		
66646	;		
66647	denen	10552	(mention_id=10484|references=(entity=(entity_id=entity_0001|fullname=Christoph Armbruster|gender=m)),(entity=(entity_id=entity_0003|fullname=Magdalene Armbruster|gender=f)))
66648	sagen		
66649	wir	10553	(mention_id=10485|references=(entity=(entity_id=entity_0004|fullname=Ammerie Armbruster|gender=f)),(entity=(entity_id=entity_0002|fullname=Gontrud Hegewald|gender=f)))
66650	,		
66651	wir	10554	(mention_id=10486|references=(entity=(entity_id=entity_0004|fullname=Ammerie Armbruster|gender=f)),(entity=(entity_id=entity_0002|fullname=Gontrud Hegewald|gender=f)))
66652	hätten		
66653	Gersbachers	10555	(mention_id=10487|references=(entity=(entity_id=entity_0013|fullname=Familie Gersbacher|gender=mf|members=entity_0009,entity_0010,entity_0011,entity_0012|all_members_given=True|specialcase_entity=group)))
66654	versprochen		
66655	,		
66656	sie	10556	(mention_id=10488|references=(entity=(entity_id=entity_0013|fullname=Familie Gersbacher|gender=mf|members=entity_0009,entity_0010,entity_0011,entity_0012|all_members_given=True|specialcase_entity=group)))
66657	heut		
66658	abend		
66659	nach		
66660	Tisch		
66661	zu		
66662	besuchen		
66663	,		
66664	wogegen		
66665	sie	10557	(mention_id=10489|references=(entity=(entity_id=entity_0003|fullname=Magdalene Armbruster|gender=f)),(entity=(entity_id=entity_0001|fullname=Christoph Armbruster|gender=m)))
66666	nichts		
66667	einzuwenden		
66668	haben		
66669	werden		
66670	.		
66671	Vorher		
66672	aber		
66673	wollen		
66674	wir	10558	(mention_id=10490|references=(entity=(entity_id=entity_0004|fullname=Ammerie Armbruster|gender=f)),(entity=(entity_id=entity_0002|fullname=Gontrud Hegewald|gender=f)))
66675	meinen	10559	(mention_id=10491|references=(entity=(entity_id=entity_0004|fullname=Ammerie Armbruster|gender=f)))
66676	Bruder	10560	(mention_id=10492|references=(entity=(entity_id=entity_0005|fullname=Peter Armbruster|gender=m)))
66677	Peter	10561	(mention_id=10492|references=(entity=(entity_id=entity_0005|fullname=Peter Armbruster|gender=m)))
66678	noch		
66679	um		
66680	Rat		
66681	fragen		
66682	und		
66683	danach		
66684	beschließen		
66685	,		
66686	was		
66687	wir	10562	(mention_id=10493|references=(entity=(entity_id=entity_0004|fullname=Ammerie Armbruster|gender=f)),(entity=(entity_id=entity_0002|fullname=Gontrud Hegewald|gender=f)))
66688	tun		
66689	.		
66690	Jedenfalls		
66691	lassen		
66692	wir	10563	(mention_id=10494|references=(entity=(entity_id=entity_0004|fullname=Ammerie Armbruster|gender=f)),(entity=(entity_id=entity_0002|fullname=Gontrud Hegewald|gender=f)))
66693	durch		
66694	Kaschper	10564	(mention_id=10495|references=(entity=(entity_id=entity_0006|fullname=Kaspar|gender=m)))
66695	bestellen		
66696	,		
66697	wir	10565	(mention_id=10496|references=(entity=(entity_id=entity_0004|fullname=Ammerie Armbruster|gender=f)),(entity=(entity_id=entity_0002|fullname=Gontrud Hegewald|gender=f)))
66698	würden		
66699	zu		
66700	dem		
66701	Abschiednehmen		
66702	kommen		
66703	.		
66704	Rät		
66705	uns	10566	(mention_id=10497|references=(entity=(entity_id=entity_0004|fullname=Ammerie Armbruster|gender=f)),(entity=(entity_id=entity_0002|fullname=Gontrud Hegewald|gender=f)))
66706	Peter	10567	(mention_id=10498|references=(entity=(entity_id=entity_0005|fullname=Peter Armbruster|gender=m)))
66707	davon		
66708	ab		
66709	,		
66710	so		
66711	bleiben		
66712	wir	10568	(mention_id=10499|references=(entity=(entity_id=entity_0004|fullname=Ammerie Armbruster|gender=f)),(entity=(entity_id=entity_0002|fullname=Gontrud Hegewald|gender=f)))
66713	hübsch		
66714	zu		
66715	Hause		
66716	und		
66717	lassen		
66718	den		
66719	Rothaarigen	10569	(mention_id=10500|references=(entity=(entity_id=entity_0027|fullname=Vincenz Ebendorffer|gender=m)))
66720	da		
66721	draußen		
66722	so		
66723	lange		
66724	warten		
66725	,		
66726	bis		
66727	er	10570	(mention_id=10501|references=(entity=(entity_id=entity_0027|fullname=Vincenz Ebendorffer|gender=m)))
66728	schwarz		
66729	wird		
66730	.		
66731	Bist		
66732	du	10571	(mention_id=10502|references=(entity=(entity_id=entity_0002|fullname=Gontrud Hegewald|gender=f)))
66733	damit		
66734	zufrieden		
66735	?		
66736	«		
66737	»		
66738	Ja		
66739	,		
66740	damit		
66741	bin		
66742	ich	10572	(mention_id=10503|references=(entity=(entity_id=entity_0002|fullname=Gontrud Hegewald|gender=f)))
66743	einverstanden		
66744	,		
66745	«		
66746	erwiderte		
66747	Trudi	10573	(mention_id=10504|references=(entity=(entity_id=entity_0002|fullname=Gontrud Hegewald|gender=f)))
66748	.		
66749	»		
66750	Wollen		
66751	wir	10574	(mention_id=10505|references=(entity=(entity_id=entity_0002|fullname=Gontrud Hegewald|gender=f)),(entity=(entity_id=entity_0004|fullname=Ammerie Armbruster|gender=f)))
66752	Peter	10575	(mention_id=10506|references=(entity=(entity_id=entity_0005|fullname=Peter Armbruster|gender=m)))
66753	nicht		
66754	bitten		
66755	,		
66756	mitzukommen		
66757	?		
66758	«		
66759	»		
66760	Nein		
66761	,		
66762	das		
66763	nicht		
66764	,		
66765	«		
66766	widersprach		
66767	Ammerie	10576	(mention_id=10507|references=(entity=(entity_id=entity_0004|fullname=Ammerie Armbruster|gender=f)))
66768	.		
66769	»		
66770	Erstens		
66771	wird		
66772	er	10577	(mention_id=10508|references=(entity=(entity_id=entity_0005|fullname=Peter Armbruster|gender=m)))
66773	sich	10578	(mention_id=10509|references=(entity=(entity_id=entity_0005|fullname=Peter Armbruster|gender=m)))
66774	nicht		
66775	dazu		
66776	verstehen		
66777	,		
66778	und		
66779	zweitens		
66780	würde		
66781	Ebendorffer	10579	(mention_id=10510|references=(entity=(entity_id=entity_0027|fullname=Vincenz Ebendorffer|gender=m)))
66782	das		
66783	als		
66784	einen		
66785	auf		
66786	ihn	10580	(mention_id=10511|references=(entity=(entity_id=entity_0027|fullname=Vincenz Ebendorffer|gender=m)))
66787	ausgeübten		
66788	Zwang		
66789	ansehen		
66790	und		
66791	uns	10581	(mention_id=10512|references=(entity=(entity_id=entity_0004|fullname=Ammerie Armbruster|gender=f)),(entity=(entity_id=entity_0002|fullname=Gontrud Hegewald|gender=f)))
66792	aus		
66793	Ärger		
66794	darüber		
66795	seine	10582	(mention_id=10513|references=(entity=(entity_id=entity_0027|fullname=Vincenz Ebendorffer|gender=m)))
66796	Vollmacht		
66797	nicht		
66798	ausliefern		
66799	.		
66800	«		
66801	»		
66802	Damit		
66803	könntest		
66804	du	10583	(mention_id=10514|references=(entity=(entity_id=entity_0004|fullname=Ammerie Armbruster|gender=f)))
66805	allerdings		
66806	recht		
66807	haben		
66808	,		
66809	«		
66810	pflichtete		
66811	ihr	10584	(mention_id=10515|references=(entity=(entity_id=entity_0004|fullname=Ammerie Armbruster|gender=f)))
66812	Trudi	10585	(mention_id=10516|references=(entity=(entity_id=entity_0002|fullname=Gontrud Hegewald|gender=f)))
66813	bei		
66814	.		
66815	»		
66816	So		
66817	komm		
66818	,		
66819	daß		
66820	wir	10586	(mention_id=10517|references=(entity=(entity_id=entity_0004|fullname=Ammerie Armbruster|gender=f)),(entity=(entity_id=entity_0002|fullname=Gontrud Hegewald|gender=f)))
66821	dem		
66822	Jungen	10587	(mention_id=10518|references=(entity=(entity_id=entity_0006|fullname=Kaspar|gender=m)))
66823	Bescheid		
66824	bringen		
66825	.		
66826	«		
66827	Im		
66828	Garten		
66829	sagte		
66830	Ammerie	10588	(mention_id=10519|references=(entity=(entity_id=entity_0004|fullname=Ammerie Armbruster|gender=f)))
66831	zu		
66832	Kaspar	10589	(mention_id=10520|references=(entity=(entity_id=entity_0006|fullname=Kaspar|gender=m)))
66833	:		
66834	»		
66835	Melde		
66836	deinem	10590	(mention_id=10521|references=(entity=(entity_id=entity_0006|fullname=Kaspar|gender=m)))
66837	Großvater	10591	(mention_id=10522|references=(entity=(entity_id=entity_0015|fullname=Hammichel von Gimmeldingen|gender=m)))
66838	,		
66839	wir	10592	(mention_id=10523|references=(entity=(entity_id=entity_0004|fullname=Ammerie Armbruster|gender=f)),(entity=(entity_id=entity_0002|fullname=Gontrud Hegewald|gender=f)))
66840	würden		
66841	uns	10593	(mention_id=10524|references=(entity=(entity_id=entity_0004|fullname=Ammerie Armbruster|gender=f)),(entity=(entity_id=entity_0002|fullname=Gontrud Hegewald|gender=f)))
66842	heut		
66843	abend		
66844	Klocke		
66845	neun		
66846	vor		
66847	der		
66848	Rheinpfort'		
66849	einfinden		
66850	.		
66851	«		
66852	»		
66853	Werd's		
66854	bestellen		
66855	,		
66856	«		
66857	sprach		
66858	Kaspar	10594	(mention_id=10525|references=(entity=(entity_id=entity_0006|fullname=Kaspar|gender=m)))
66859	,		
66860	lief		
66861	mit		
66862	seinem	10595	(mention_id=10526|references=(entity=(entity_id=entity_0006|fullname=Kaspar|gender=m)))
66863	Patz		
66864	flink		
66865	davon		
66866	,		
66867	dachte		
66868	aber		
66869	:		
66870	abends		
66871	Klocke		
66872	neun		
66873	vor		
66874	der		
66875	Rheinpfort'		
66876	?		
66877	was		
66878	soll		
66879	denn		
66880	das		
66881	bedeuten		
66882	?		
66883	Schneckenkaschper	10596	(mention_id=10527|references=(entity=(entity_id=entity_0006|fullname=Kaspar|gender=m)))
66884	,		(mention_id=10527|references=(entity=(entity_id=entity_0006|fullname=Kaspar|gender=m)))
66885	da		
66886	müssen		
66887	wir	10597	(mention_id=10528|references=(entity=(entity_id=entity_0006|fullname=Kaspar|gender=m)))
66888	dabei		
66889	sein		
66890	.		
66891	Darauf		
66892	begaben		
66893	sich	10598	(mention_id=10529|references=(entity=(entity_id=entity_0002|fullname=Gontrud Hegewald|gender=f)),(entity=(entity_id=entity_0004|fullname=Ammerie Armbruster|gender=f)))
66894	die		
66895	Mädchen	10599	(mention_id=10530|references=(entity=(entity_id=entity_0002|fullname=Gontrud Hegewald|gender=f)),(entity=(entity_id=entity_0004|fullname=Ammerie Armbruster|gender=f)))
66896	in		
66897	Peters	10600	(mention_id=10531|references=(entity=(entity_id=entity_0005|fullname=Peter Armbruster|gender=m)))
66898	Wohnung		
66899	.		
66900	Ammerie	10601	(mention_id=10532|references=(entity=(entity_id=entity_0004|fullname=Ammerie Armbruster|gender=f)))
66901	trug		
66902	ihrem	10602	(mention_id=10533|references=(entity=(entity_id=entity_0004|fullname=Ammerie Armbruster|gender=f)))
66903	Bruder	10603	(mention_id=10534|references=(entity=(entity_id=entity_0005|fullname=Peter Armbruster|gender=m)))
66904	,		
66905	ohne		
66906	Beisein		
66907	von		
66908	Elsbeth	10604	(mention_id=10535|references=(entity=(entity_id=entity_0008|fullname=Elsbeth Armbruster|gender=f)))
66909	,		
66910	das		
66911	Begehren		
66912	und		
66913	das		
66914	Anerbieten		
66915	des		
66916	Meiers	10605	(mention_id=10536|references=(entity=(entity_id=entity_0027|fullname=Vincenz Ebendorffer|gender=m)))
66917	vor		
66918	und		
66919	knüpfte		
66920	daran		
66921	die		
66922	Bitte		
66923	,		
66924	ihnen	10606	(mention_id=10537|references=(entity=(entity_id=entity_0004|fullname=Ammerie Armbruster|gender=f)),(entity=(entity_id=entity_0005|fullname=Peter Armbruster|gender=m)))
66925	seinen	10607	(mention_id=10538|references=(entity=(entity_id=entity_0005|fullname=Peter Armbruster|gender=m)))
66926	Rat		
66927	zu		
66928	erteilen		
66929	.		
66930	Sie	10608	(mention_id=10539|references=(entity=(entity_id=entity_0004|fullname=Ammerie Armbruster|gender=f)))
66931	verschwieg		
66932	ihm	10609	(mention_id=10540|references=(entity=(entity_id=entity_0005|fullname=Peter Armbruster|gender=m)))
66933	nicht		
66934	Trudis	10610	(mention_id=10541|references=(entity=(entity_id=entity_0002|fullname=Gontrud Hegewald|gender=f)))
66935	Bedenken		
66936	und		
66937	große		
66938	Abneigung		
66939	gegen		
66940	den		
66941	Schritt		
66942	,		
66943	vertrat		
66944	aber		
66945	auch		
66946	ihre	10611	(mention_id=10542|references=(entity=(entity_id=entity_0004|fullname=Ammerie Armbruster|gender=f)))
66947	eigene		
66948	Meinung		
66949	und		
66950	wiederholte		
66951	alles		
66952	das		
66953	,		
66954	was		
66955	sie	10612	(mention_id=10543|references=(entity=(entity_id=entity_0004|fullname=Ammerie Armbruster|gender=f)))
66956	für		
66957	das		
66958	Eingehen		
66959	auf		
66960	Ebendorffers	10613	(mention_id=10544|references=(entity=(entity_id=entity_0027|fullname=Vincenz Ebendorffer|gender=m)))
66961	Vorschlag		
66962	schon		
66963	Trudi	10614	(mention_id=10545|references=(entity=(entity_id=entity_0002|fullname=Gontrud Hegewald|gender=f)))
66964	gegenüber		
66965	geltend		
66966	gemacht		
66967	hatte		
66968	.		
66969	Peter	10615	(mention_id=10546|references=(entity=(entity_id=entity_0005|fullname=Peter Armbruster|gender=m)))
66970	hatte		
66971	ihr	10616	(mention_id=10547|references=(entity=(entity_id=entity_0004|fullname=Ammerie Armbruster|gender=f)))
66972	aufmerksam		
66973	zugehört		
66974	und		
66975	sprach		
66976	nach		
66977	längerem		
66978	Besinnen		
66979	:		
66980	»		
66981	Ja		
66982	!		
66983	geht		
66984	hin		
66985	!		
66986	ich	10617	(mention_id=10548|references=(entity=(entity_id=entity_0005|fullname=Peter Armbruster|gender=m)))
66987	sehe		
66988	keine		
66989	Gefahr		
66990	dabei		
66991	,		
66992	und		
66993	in		
66994	den		
66995	Besitz		
66996	der		
66997	Vollmacht		
66998	zu		
66999	gelangen		
67000	,		
67001	ist		
67002	für		
67003	dich	10618	(mention_id=10549|references=(entity=(entity_id=entity_0002|fullname=Gontrud Hegewald|gender=f)))
67004	,		
67005	Trudi	10619	(mention_id=10550|references=(entity=(entity_id=entity_0002|fullname=Gontrud Hegewald|gender=f)))
67006	,		
67007	wie		
67008	auch		
67009	für		
67010	den		
67011	Vater	10620	(mention_id=10551|references=(entity=(entity_id=entity_0001|fullname=Christoph Armbruster|gender=m)))
67012	so		
67013	überaus		
67014	wichtig		
67015	,		
67016	daß		
67017	du	10621	(mention_id=10552|references=(entity=(entity_id=entity_0002|fullname=Gontrud Hegewald|gender=f)))
67018	die		
67019	Gelegenheit		
67020	dazu		
67021	nicht		
67022	versäumen		
67023	darfst		
67024	.		
67025	Ich	10622	(mention_id=10553|references=(entity=(entity_id=entity_0005|fullname=Peter Armbruster|gender=m)))
67026	würde		
67027	euch	10623	(mention_id=10554|references=(entity=(entity_id=entity_0002|fullname=Gontrud Hegewald|gender=f)),(entity=(entity_id=entity_0004|fullname=Ammerie Armbruster|gender=f)))
67028	,		
67029	damit		
67030	ihr	10624	(mention_id=10555|references=(entity=(entity_id=entity_0002|fullname=Gontrud Hegewald|gender=f)),(entity=(entity_id=entity_0004|fullname=Ammerie Armbruster|gender=f)))
67031	euch	10625	(mention_id=10556|references=(entity=(entity_id=entity_0002|fullname=Gontrud Hegewald|gender=f)),(entity=(entity_id=entity_0004|fullname=Ammerie Armbruster|gender=f)))
67032	sicherer		
67033	fühltet		
67034	,		
67035	gern		
67036	zu		
67037	dem		
67038	Stelldichein		
67039	begleiten		
67040	,		
67041	aber		
67042	das		
67043	würde		
67044	die		
67045	Übergabe		
67046	der		
67047	Vollmacht		
67048	nicht		
67049	fördern		
67050	,		
67051	sondern		
67052	wahrscheinlich		
67053	hintanhalten		
67054	.		
67055	«		
67056	»		
67057	Ganz		
67058	richtig		
67059	!		
67060	das		
67061	hab'		
67062	ich	10626	(mention_id=10557|references=(entity=(entity_id=entity_0004|fullname=Ammerie Armbruster|gender=f)))
67063	Trudi	10627	(mention_id=10558|references=(entity=(entity_id=entity_0002|fullname=Gontrud Hegewald|gender=f)))
67064	auch		
67065	schon		
67066	gesagt		
67067	,		
67068	«		
67069	fiel		
67070	Ammerie	10628	(mention_id=10559|references=(entity=(entity_id=entity_0004|fullname=Ammerie Armbruster|gender=f)))
67071	ein		
67072	.		
67073	»		
67074	Also		
67075	du	10629	(mention_id=10560|references=(entity=(entity_id=entity_0005|fullname=Peter Armbruster|gender=m)))
67076	rätst		
67077	uns	10630	(mention_id=10561|references=(entity=(entity_id=entity_0002|fullname=Gontrud Hegewald|gender=f)),(entity=(entity_id=entity_0004|fullname=Ammerie Armbruster|gender=f)))
67078	,		
67079	den		
67080	Gang		
67081	zu		
67082	wagen		
67083	?		
67084	«		
67085	fragte		
67086	Trudi	10631	(mention_id=10562|references=(entity=(entity_id=entity_0002|fullname=Gontrud Hegewald|gender=f)))
67087	noch		
67088	einmal		
67089	.		
67090	»		
67091	Unbedingt		
67092	ja		
67093	!		
67094	«		
67095	erwiderte		
67096	Peter	10632	(mention_id=10563|references=(entity=(entity_id=entity_0005|fullname=Peter Armbruster|gender=m)))
67097	.		
67098	»		
67099	Gut		
67100	!		
67101	dann		
67102	tun		
67103	wir's	10633	
67104	,		
67105	«		
67106	entschied		
67107	Trudi	10634	(mention_id=10564|references=(entity=(entity_id=entity_0002|fullname=Gontrud Hegewald|gender=f)))
67108	.		
67109	»		
67110	Hab'		
67111	Dank		
67112	,		
67113	Peter	10635	(mention_id=10565|references=(entity=(entity_id=entity_0005|fullname=Peter Armbruster|gender=m)))
67114	!		
67115	«		
67116	Sie	10636	(mention_id=10566|references=(entity=(entity_id=entity_0002|fullname=Gontrud Hegewald|gender=f)),(entity=(entity_id=entity_0004|fullname=Ammerie Armbruster|gender=f)))
67117	verließen		
67118	ihn	10637	(mention_id=10567|references=(entity=(entity_id=entity_0005|fullname=Peter Armbruster|gender=m)))
67119	,		
67120	und		
67121	auf		
67122	dem		
67123	Hofe		
67124	hub		
67125	Ammerie	10638	(mention_id=10568|references=(entity=(entity_id=entity_0004|fullname=Ammerie Armbruster|gender=f)))
67126	an		
67127	:		
67128	»		
67129	Nun		
67130	kannst		
67131	du	10639	(mention_id=10569|references=(entity=(entity_id=entity_0002|fullname=Gontrud Hegewald|gender=f)))
67132	ohne		
67133	Sorge		
67134	sein		
67135	.		
67136	Peter	10640	(mention_id=10570|references=(entity=(entity_id=entity_0005|fullname=Peter Armbruster|gender=m)))
67137	ist		
67138	ein		
67139	sehr		
67140	vorsichtiger		
67141	Mensch	10641	(mention_id=10571|references=(entity=(entity_id=entity_0005|fullname=Peter Armbruster|gender=m)))
67142	und		
67143	würde		
67144	uns	10642	(mention_id=10572|references=(entity=(entity_id=entity_0002|fullname=Gontrud Hegewald|gender=f)),(entity=(entity_id=entity_0004|fullname=Ammerie Armbruster|gender=f)))
67145	nicht		
67146	zureden		
67147	,		
67148	wenn		
67149	er	10643	(mention_id=10573|references=(entity=(entity_id=entity_0005|fullname=Peter Armbruster|gender=m)))
67150	an		
67151	der		
67152	Sache		
67153	irgend		
67154	etwas		
67155	Mißliches		
67156	fände		
67157	.		
67158	Sobald		
67159	wir	10644	(mention_id=10574|references=(entity=(entity_id=entity_0002|fullname=Gontrud Hegewald|gender=f)),(entity=(entity_id=entity_0004|fullname=Ammerie Armbruster|gender=f)))
67160	die		
67161	Schrift		
67162	in		
67163	Händen		
67164	haben		
67165	,		
67166	sagen		
67167	wir	10645	(mention_id=10575|references=(entity=(entity_id=entity_0002|fullname=Gontrud Hegewald|gender=f)),(entity=(entity_id=entity_0004|fullname=Ammerie Armbruster|gender=f)))
67168	Schab		
67169	ab		
67170	!		
67171	laufen		
67172	nach		
67173	Hause		
67174	und		
67175	überreichen		
67176	Väterle	10646	(mention_id=10576|references=(entity=(entity_id=entity_0001|fullname=Christoph Armbruster|gender=m)))
67177	stolz		
67178	die		
67179	eroberte		
67180	Vollmacht		
67181	.		
67182	Wird		
67183	der	10647	
67184	mal		
67185	Augen		
67186	machen		
67187	!		
67188	«		
67189	»		
67190	Hätten		
67191	wir	10648	(mention_id=10577|references=(entity=(entity_id=entity_0002|fullname=Gontrud Hegewald|gender=f)),(entity=(entity_id=entity_0004|fullname=Ammerie Armbruster|gender=f)))
67192	sie		
67193	nur		
67194	schon		
67195	!		
67196	«		
67197	seufzte		
67198	Trudi	10649	(mention_id=10578|references=(entity=(entity_id=entity_0002|fullname=Gontrud Hegewald|gender=f)))
67199	.		
67200	»		
67201	Nur		
67202	nicht		
67203	so		
67204	katzangst		
67205	!		
67206	vor		
67207	allen		
67208	Dingen		
67209	zeige		
67210	dem		
67211	Meier	10650	(mention_id=10579|references=(entity=(entity_id=entity_0027|fullname=Vincenz Ebendorffer|gender=m)))
67212	keine		
67213	Spur		
67214	von		
67215	Furcht		
67216	,		
67217	sondern		
67218	tritt		
67219	kaltblütig		
67220	und		
67221	fest		
67222	gegen		
67223	ihn	10651	(mention_id=10580|references=(entity=(entity_id=entity_0027|fullname=Vincenz Ebendorffer|gender=m)))
67224	auf		
67225	und		
67226	mach'		
67227	den		
67228	Abschied		
67229	so		
67230	kurz		
67231	wie		
67232	möglich		
67233	,		
67234	«		
67235	mahnte		
67236	Ammerie	10652	(mention_id=10581|references=(entity=(entity_id=entity_0004|fullname=Ammerie Armbruster|gender=f)))
67237	.		
67238	»		
67239	Am		
67240	liebsten		
67241	spräch'		
67242	ich	10653	(mention_id=10582|references=(entity=(entity_id=entity_0002|fullname=Gontrud Hegewald|gender=f)))
67243	kein		
67244	Wort		
67245	dabei		
67246	.		
67247	«		
67248	»		
67249	Vielleicht		
67250	brauchst		
67251	du	10654	(mention_id=10583|references=(entity=(entity_id=entity_0002|fullname=Gontrud Hegewald|gender=f)))
67252	das		
67253	auch		
67254	gar		
67255	nicht		
67256	,		
67257	«		
67258	versetzte		
67259	Ammerie	10655	(mention_id=10584|references=(entity=(entity_id=entity_0004|fullname=Ammerie Armbruster|gender=f)))
67260	.		
67261	»		
67262	Ein		
67263	Kopfnicken		
67264	,		
67265	eine		
67266	dargereichte		
67267	Fingerspitze		
67268	genügt		
67269	ja		
67270	.		
67271	Wir	10656	(mention_id=10585|references=(entity=(entity_id=entity_0002|fullname=Gontrud Hegewald|gender=f)),(entity=(entity_id=entity_0004|fullname=Ammerie Armbruster|gender=f)))
67272	wollen		
67273	auch		
67274	nicht		
67275	mehr		
67276	darüber		
67277	sprechen		
67278	,		
67279	wollen		
67280	uns	10657	(mention_id=10586|references=(entity=(entity_id=entity_0002|fullname=Gontrud Hegewald|gender=f)),(entity=(entity_id=entity_0004|fullname=Ammerie Armbruster|gender=f)))
67281	die		
67282	Zeit		
67283	mit		
67284	Arbeit		
67285	vertreiben		
67286	und		
67287	gar		
67288	nicht		
67289	mehr		
67290	daran		
67291	denken		
67292	.		
67293	«		
67294	Das		
67295	war		
67296	leichter		
67297	gesagt		
67298	als		
67299	getan		
67300	.		
67301	Trudi	10658	(mention_id=10587|references=(entity=(entity_id=entity_0002|fullname=Gontrud Hegewald|gender=f)))
67302	wurde		
67303	die		
67304	Gedanken		
67305	an		
67306	das		
67307	,		
67308	was		
67309	ihr	10659	(mention_id=10588|references=(entity=(entity_id=entity_0002|fullname=Gontrud Hegewald|gender=f)))
67310	heut		
67311	abend		
67312	bevorstand		
67313	,		
67314	nicht		
67315	los		
67316	,		
67317	denn		
67318	es		
67319	lastete		
67320	auf		
67321	ihr	10660	(mention_id=10589|references=(entity=(entity_id=entity_0002|fullname=Gontrud Hegewald|gender=f)))
67322	mit		
67323	einem		
67324	dumpfen		
67325	Drucke		
67326	,		
67327	von		
67328	dem		
67329	sie	10661	(mention_id=10590|references=(entity=(entity_id=entity_0002|fullname=Gontrud Hegewald|gender=f)))
67330	sich	10662	(mention_id=10591|references=(entity=(entity_id=entity_0002|fullname=Gontrud Hegewald|gender=f)))
67331	mit		
67332	keinen		
67333	Vernunftgründen		
67334	freimachen		
67335	konnte		
67336	.		
67337	Immer		
67338	ging		
67339	ihr	10663	(mention_id=10592|references=(entity=(entity_id=entity_0002|fullname=Gontrud Hegewald|gender=f)))
67340	die		
67341	Frage		
67342	durch		
67343	den		
67344	Sinn		
67345	,		
67346	ob		
67347	Ebendorffer	10664	(mention_id=10593|references=(entity=(entity_id=entity_0027|fullname=Vincenz Ebendorffer|gender=m)))
67348	mit		
67349	dem		
67350	,		
67351	was		
67352	er	10665	(mention_id=10594|references=(entity=(entity_id=entity_0027|fullname=Vincenz Ebendorffer|gender=m)))
67353	in		
67354	seinem	10666	(mention_id=10595|references=(entity=(entity_id=entity_0027|fullname=Vincenz Ebendorffer|gender=m)))
67355	Briefe		
67356	versprochen		
67357	hatte		
67358	,		
67359	auch		
67360	Wort		
67361	halten		
67362	und		
67363	sonst		
67364	nichts		
67365	weiter		
67366	von		
67367	ihr	10667	(mention_id=10596|references=(entity=(entity_id=entity_0002|fullname=Gontrud Hegewald|gender=f)))
67368	verlangen		
67369	würde		
67370	.		
67371	In		
67372	ihrer	10668	(mention_id=10597|references=(entity=(entity_id=entity_0002|fullname=Gontrud Hegewald|gender=f)))
67373	Ungeduld		
67374	,		
67375	die		
67376	widerwärtige		
67377	Begegnung		
67378	nur		
67379	erst		
67380	hinter		
67381	sich	10669	(mention_id=10598|references=(entity=(entity_id=entity_0002|fullname=Gontrud Hegewald|gender=f)))
67382	zu		
67383	haben		
67384	,		
67385	schlichen		
67386	ihr	10670	(mention_id=10599|references=(entity=(entity_id=entity_0002|fullname=Gontrud Hegewald|gender=f)))
67387	die		
67388	Stunden		
67389	des		
67390	Tages		
67391	schier		
67392	unerträglich		
67393	langsam		
67394	dahin		
67395	,		
67396	und		
67397	sie	10671	(mention_id=10600|references=(entity=(entity_id=entity_0002|fullname=Gontrud Hegewald|gender=f)))
67398	hatte		
67399	große		
67400	Mühe		
67401	,		
67402	ihre	10672	(mention_id=10601|references=(entity=(entity_id=entity_0002|fullname=Gontrud Hegewald|gender=f)))
67403	Aufregung		
67404	in		
67405	Gegenwart		
67406	der		
67407	lieben		
67408	Alten	10673	(mention_id=10602|references=(entity=(entity_id=entity_0003|fullname=Magdalene Armbruster|gender=f)),(entity=(entity_id=entity_0001|fullname=Christoph Armbruster|gender=m)))
67409	zu		
67410	verhehlen		
67411	,		
67412	was		
67413	ihr	10674	(mention_id=10603|references=(entity=(entity_id=entity_0002|fullname=Gontrud Hegewald|gender=f)))
67414	ohne		
67415	Ammeries	10675	(mention_id=10604|references=(entity=(entity_id=entity_0004|fullname=Ammerie Armbruster|gender=f)))
67416	absichtlich		
67417	ununterbrochenes		
67418	Geplauder		
67419	,		
67420	das		
67421	die		
67422	Aufmerksamkeit		
67423	von		
67424	der		
67425	Schweigsamen	10676	(mention_id=10605|references=(entity=(entity_id=entity_0002|fullname=Gontrud Hegewald|gender=f)))
67426	ablenkte		
67427	,		
67428	kaum		
67429	geglückt		
67430	wäre		
67431	.		
67432	Endlich		
67433	war		
67434	der		
67435	Abend		
67436	herangekommen		
67437	.		
67438	Das		
67439	jüngere		
67440	Ehepaar	10677	(mention_id=10606|references=(entity=(entity_id=entity_0005|fullname=Peter Armbruster|gender=m)),(entity=(entity_id=entity_0008|fullname=Elsbeth Armbruster|gender=f)))
67441	erhob		
67442	sich	10678	(mention_id=10607|references=(entity=(entity_id=entity_0005|fullname=Peter Armbruster|gender=m)),(entity=(entity_id=entity_0008|fullname=Elsbeth Armbruster|gender=f)))
67443	vom		
67444	elterlichen		
67445	Tische		
67446	sehr		
67447	frühzeitig		
67448	,		
67449	wie		
67450	es		
67451	die		
67452	beiden	10679	(mention_id=10608|references=(entity=(entity_id=entity_0005|fullname=Peter Armbruster|gender=m)),(entity=(entity_id=entity_0008|fullname=Elsbeth Armbruster|gender=f)))
67453	manchmal		
67454	zu		
67455	tun		
67456	pflegten		
67457	,		
67458	wenn		
67459	sie	10680	(mention_id=10609|references=(entity=(entity_id=entity_0005|fullname=Peter Armbruster|gender=m)),(entity=(entity_id=entity_0008|fullname=Elsbeth Armbruster|gender=f)))
67460	drüben		
67461	in		
67462	ihrer	10681	(mention_id=10610|references=(entity=(entity_id=entity_0005|fullname=Peter Armbruster|gender=m)),(entity=(entity_id=entity_0008|fullname=Elsbeth Armbruster|gender=f)))
67463	Wohnung		
67464	vor		
67465	dem		
67466	Zubettgehen		
67467	noch		
67468	ein		
67469	Stündchen		
67470	unter		
67471	sich	10682	(mention_id=10611|references=(entity=(entity_id=entity_0005|fullname=Peter Armbruster|gender=m)),(entity=(entity_id=entity_0008|fullname=Elsbeth Armbruster|gender=f)))
67472	sein		
67473	wollten		
67474	,		
67475	weil		
67476	es		
67477	ihnen	10683	(mention_id=10612|references=(entity=(entity_id=entity_0005|fullname=Peter Armbruster|gender=m)),(entity=(entity_id=entity_0008|fullname=Elsbeth Armbruster|gender=f)))
67478	tagsüber		
67479	an		
67480	Zeit		
67481	dazu		
67482	gebrach		
67483	.		
67484	Peter	10684	(mention_id=10613|references=(entity=(entity_id=entity_0005|fullname=Peter Armbruster|gender=m)))
67485	warf		
67486	beim		
67487	Verlassen		
67488	des		
67489	Zimmers		
67490	Trudi	10685	(mention_id=10614|references=(entity=(entity_id=entity_0002|fullname=Gontrud Hegewald|gender=f)))
67491	einen		
67492	ermutigenden		
67493	Blick		
67494	zu		
67495	,		
67496	den		
67497	sie	10686	(mention_id=10615|references=(entity=(entity_id=entity_0002|fullname=Gontrud Hegewald|gender=f)))
67498	verstand		
67499	und		
67500	mit		
67501	einem		
67502	schnellen		
67503	Augenplinken		
67504	erwiderte		
67505	.		
67506	Kurz		
67507	vor		
67508	neun		
67509	Uhr		
67510	machten		
67511	sich	10687	(mention_id=10616|references=(entity=(entity_id=entity_0002|fullname=Gontrud Hegewald|gender=f)),(entity=(entity_id=entity_0004|fullname=Ammerie Armbruster|gender=f)))
67512	auch		
67513	Trudi	10688	(mention_id=10617|references=(entity=(entity_id=entity_0002|fullname=Gontrud Hegewald|gender=f)))
67514	und		
67515	Ammerie	10689	(mention_id=10618|references=(entity=(entity_id=entity_0004|fullname=Ammerie Armbruster|gender=f)))
67516	bereit		
67517	,		
67518	und		
67519	da		
67520	selbst		
67521	ein		
67522	so		
67523	später		
67524	Besuch		
67525	im		
67526	Gersbacherhofe		
67527	nichts		
67528	Ungewöhnliches		
67529	und		
67530	Auffallendes		
67531	hatte		
67532	,		
67533	so		
67534	konnten		
67535	sie	10690	(mention_id=10619|references=(entity=(entity_id=entity_0002|fullname=Gontrud Hegewald|gender=f)),(entity=(entity_id=entity_0004|fullname=Ammerie Armbruster|gender=f)))
67536	ihren	10691	(mention_id=10620|references=(entity=(entity_id=entity_0002|fullname=Gontrud Hegewald|gender=f)),(entity=(entity_id=entity_0004|fullname=Ammerie Armbruster|gender=f)))
67537	heimlichen		
67538	Gang		
67539	unbehindert		
67540	antreten		
67541	.		
67542	Ein		
67543	mäßiger		
67544	Wind		
67545	rauschte		
67546	im		
67547	Laub		
67548	der		
67549	Bäume		
67550	und		
67551	Sträucher		
67552	und		
67553	trieb		
67554	von		
67555	Westen		
67556	her		
67557	zerrissene		
67558	Wolken		
67559	,		
67560	die		
67561	den		
67562	halben		
67563	Mond		
67564	bald		
67565	verschleierten		
67566	,		
67567	bald		
67568	unverhüllt		
67569	herabschauen		
67570	ließen		
67571	.		
67572	Die		
67573	Stadttore		
67574	blieben		
67575	,		
67576	was		
67577	Hammichel	10692	(mention_id=10621|references=(entity=(entity_id=entity_0015|fullname=Hammichel von Gimmeldingen|gender=m)))
67578	dem		
67579	Bronnbacher	10693	(mention_id=10622|references=(entity=(entity_id=entity_0027|fullname=Vincenz Ebendorffer|gender=m)))
67580	klüglich		
67581	verschwiegen		
67582	hatte		
67583	,		
67584	in		
67585	Friedenszeiten		
67586	bis		
67587	zehn		
67588	Uhr		
67589	offen		
67590	,		
67591	und		
67592	als		
67593	die		
67594	beiden		
67595	Mädchen	10694	(mention_id=10623|references=(entity=(entity_id=entity_0002|fullname=Gontrud Hegewald|gender=f)),(entity=(entity_id=entity_0004|fullname=Ammerie Armbruster|gender=f)))
67596	ein		
67597	Stück		
67598	außerhalb		
67599	der		
67600	Rheinpforte		
67601	waren		
67602	,		
67603	erblickten		
67604	sie	10695	(mention_id=10624|references=(entity=(entity_id=entity_0002|fullname=Gontrud Hegewald|gender=f)),(entity=(entity_id=entity_0004|fullname=Ammerie Armbruster|gender=f)))
67605	in		
67606	geringer		
67607	Entfernung		
67608	auf		
67609	dem		
67610	völlig		
67611	einsamen		
67612	,		
67613	von		
67614	hohem		
67615	Gebüsch		
67616	umsäumten		
67617	Fahrwege		
67618	,		
67619	der		
67620	nach		
67621	dem		
67622	Rheine		
67623	zuführte		
67624	,		
67625	einen		
67626	einzelnen		
67627	Mann	10696	(mention_id=10625|references=(entity=(entity_id=entity_0027|fullname=Vincenz Ebendorffer|gender=m)))
67628	,		
67629	und		
67630	das		
67631	war		
67632	Ebendorffer	10697	(mention_id=10626|references=(entity=(entity_id=entity_0027|fullname=Vincenz Ebendorffer|gender=m)))
67633	.		
67634	Eine		
67635	Strecke		
67636	hinter		
67637	ihm	10698	(mention_id=10627|references=(entity=(entity_id=entity_0027|fullname=Vincenz Ebendorffer|gender=m)))
67638	aber		
67639	stand		
67640	einer	10699	(mention_id=10628|references=(entity=(entity_id=entity_0015|fullname=Hammichel von Gimmeldingen|gender=m)))
67641	mit		
67642	einem		
67643	Pferde		
67644	,		
67645	der	10700	(mention_id=10629|references=(entity=(entity_id=entity_0015|fullname=Hammichel von Gimmeldingen|gender=m)))
67646	ein		
67647	Knecht	10701	(mention_id=10630|references=(entity=(entity_id=entity_0015|fullname=Hammichel von Gimmeldingen|gender=m)))
67648	oder		
67649	Bursche	10702	(mention_id=10631|references=(entity=(entity_id=entity_0015|fullname=Hammichel von Gimmeldingen|gender=m)))
67650	aus		
67651	dem		
67652	Gasthause		
67653	zur		
67654	goldenen		
67655	Traube		
67656	sein		
67657	mußte		
67658	.		
67659	»		
67660	Siehst		
67661	du	10703	(mention_id=10632|references=(entity=(entity_id=entity_0002|fullname=Gontrud Hegewald|gender=f)))
67662	,		
67663	«		
67664	sprach		
67665	Ammerie	10704	(mention_id=10633|references=(entity=(entity_id=entity_0004|fullname=Ammerie Armbruster|gender=f)))
67666	,		
67667	»		
67668	dein	10705	(mention_id=10634|references=(entity=(entity_id=entity_0002|fullname=Gontrud Hegewald|gender=f)))
67669	Quälgeist	10706	(mention_id=10635|references=(entity=(entity_id=entity_0027|fullname=Vincenz Ebendorffer|gender=m)))
67670	ist		
67671	schon		
67672	reisefertig		
67673	;		
67674	dort		
67675	steht		
67676	sein	10707	
67677	gesatteltes		
67678	Pferd		
67679	.		
67680	Muß		
67681	dem		
67682	der		
67683	Boden		
67684	unter		
67685	den		
67686	Sohlen		
67687	brennen		
67688	,		
67689	daß		
67690	er	10708	(mention_id=10636|references=(entity=(entity_id=entity_0027|fullname=Vincenz Ebendorffer|gender=m)))
67691	sogar		
67692	die		
67693	Nacht		
67694	durch		
67695	reiten		
67696	will		
67697	.		
67698	«		
67699	»		
67700	Glück		
67701	auf		
67702	den		
67703	Weg		
67704	!		
67705	«		
67706	flüsterte		
67707	Trudi	10709	(mention_id=10637|references=(entity=(entity_id=entity_0002|fullname=Gontrud Hegewald|gender=f)))
67708	.		
67709	»		
67710	Glück		
67711	?		
67712	«		
67713	sagte		
67714	Ammerie	10710	(mention_id=10638|references=(entity=(entity_id=entity_0004|fullname=Ammerie Armbruster|gender=f)))
67715	.		
67716	»		
67717	Den		
67718	Hals		
67719	soll		
67720	er	10711	(mention_id=10639|references=(entity=(entity_id=entity_0027|fullname=Vincenz Ebendorffer|gender=m)))
67721	im		
67722	Dunkeln		
67723	brechen		
67724	oder		
67725	im		
67726	Rheine		
67727	versaufen		
67728	!		
67729	Das		
67730	ist		
67731	mein	10712	(mention_id=10640|references=(entity=(entity_id=entity_0004|fullname=Ammerie Armbruster|gender=f)))
67732	Reisesegen		
67733	.		
67734	«		
67735	Sie	10713	(mention_id=10641|references=(entity=(entity_id=entity_0002|fullname=Gontrud Hegewald|gender=f)),(entity=(entity_id=entity_0004|fullname=Ammerie Armbruster|gender=f)))
67736	gingen		
67737	langsam		
67738	auf		
67739	ihn	10714	(mention_id=10642|references=(entity=(entity_id=entity_0027|fullname=Vincenz Ebendorffer|gender=m)))
67740	zu		
67741	.		
67742	Der		
67743	Meier	10715	(mention_id=10643|references=(entity=(entity_id=entity_0027|fullname=Vincenz Ebendorffer|gender=m)))
67744	rührte		
67745	sich	10716	(mention_id=10644|references=(entity=(entity_id=entity_0027|fullname=Vincenz Ebendorffer|gender=m)))
67746	nicht		
67747	vom		
67748	Flecke		
67749	,		
67750	sondern		
67751	winkte		
67752	mit		
67753	einem		
67754	weißen		
67755	Blatt		
67756	Papier		
67757	,		
67758	daß		
67759	sie	10717	(mention_id=10645|references=(entity=(entity_id=entity_0002|fullname=Gontrud Hegewald|gender=f)),(entity=(entity_id=entity_0004|fullname=Ammerie Armbruster|gender=f)))
67760	näher		
67761	kommen		
67762	möchten		
67763	.		
67764	Als		
67765	dies		
67766	geschehen		
67767	war		
67768	,		
67769	sprach		
67770	er	10718	(mention_id=10646|references=(entity=(entity_id=entity_0027|fullname=Vincenz Ebendorffer|gender=m)))
67771	:		
67772	»		
67773	Guten		
67774	Abend		
67775	!		
67776	es		
67777	freut		
67778	mich	10719	(mention_id=10647|references=(entity=(entity_id=entity_0027|fullname=Vincenz Ebendorffer|gender=m)))
67779	,		
67780	daß		
67781	ihr	10720	(mention_id=10648|references=(entity=(entity_id=entity_0002|fullname=Gontrud Hegewald|gender=f)),(entity=(entity_id=entity_0004|fullname=Ammerie Armbruster|gender=f)))
67782	so		
67783	pünktlich		
67784	zur		
67785	Stelle		
67786	seid		
67787	.		
67788	Hier		
67789	nehmt		
67790	die		
67791	Vollmacht		
67792	,		
67793	die		
67794	auszuliefern		
67795	ich	10721	(mention_id=10649|references=(entity=(entity_id=entity_0027|fullname=Vincenz Ebendorffer|gender=m)))
67796	gelobt		
67797	habe		
67798	!		
67799	Wollt		
67800	ihr	10722	(mention_id=10650|references=(entity=(entity_id=entity_0002|fullname=Gontrud Hegewald|gender=f)),(entity=(entity_id=entity_0004|fullname=Ammerie Armbruster|gender=f)))
67801	euch	10723	(mention_id=10651|references=(entity=(entity_id=entity_0002|fullname=Gontrud Hegewald|gender=f)),(entity=(entity_id=entity_0004|fullname=Ammerie Armbruster|gender=f)))
67802	überzeugen		
67803	?		
67804	«		
67805	»		
67806	Jawohl		
67807	!		
67808	«		
67809	sagte		
67810	Ammerie	10724	(mention_id=10652|references=(entity=(entity_id=entity_0004|fullname=Ammerie Armbruster|gender=f)))
67811	,		
67812	griff		
67813	schnell		
67814	zu		
67815	und		
67816	steckte		
67817	das		
67818	Blatt		
67819	in		
67820	die		
67821	Tasche		
67822	ihres	10725	(mention_id=10653|references=(entity=(entity_id=entity_0004|fullname=Ammerie Armbruster|gender=f)))
67823	Kleides		
67824	.		
67825	»		
67826	Und		
67827	nun		
67828	,		
67829	liebe		
67830	Trudi	10726	(mention_id=10654|references=(entity=(entity_id=entity_0002|fullname=Gontrud Hegewald|gender=f)))
67831	,		
67832	wie		
67833	ist		
67834	es		
67835	?		
67836	«		
67837	fragte		
67838	Ebendorffer	10727	(mention_id=10655|references=(entity=(entity_id=entity_0027|fullname=Vincenz Ebendorffer|gender=m)))
67839	mit		
67840	schmeichelndem		
67841	Tone		
67842	.		
67843	»		
67844	Willst		
67845	du	10728	(mention_id=10656|references=(entity=(entity_id=entity_0002|fullname=Gontrud Hegewald|gender=f)))
67846	mich	10729	(mention_id=10657|references=(entity=(entity_id=entity_0027|fullname=Vincenz Ebendorffer|gender=m)))
67847	nicht		
67848	zum		
67849	letzten		
67850	Male		
67851	noch		
67852	ein		
67853	Stück		
67854	begleiten		
67855	?		
67856	Die		
67857	Nacht		
67858	ist		
67859	mild		
67860	,		
67861	und		
67862	dort		
67863	steht		
67864	mein	10730	(mention_id=10658|references=(entity=(entity_id=entity_0027|fullname=Vincenz Ebendorffer|gender=m)))
67865	Schweißfuchs		
67866	,		
67867	den		
67868	du	10731	(mention_id=10659|references=(entity=(entity_id=entity_0002|fullname=Gontrud Hegewald|gender=f)))
67869	ja		
67870	von		
67871	früher		
67872	her		
67873	kennst		
67874	.		
67875	Ich	10732	(mention_id=10660|references=(entity=(entity_id=entity_0027|fullname=Vincenz Ebendorffer|gender=m)))
67876	nehme		
67877	dich	10733	(mention_id=10661|references=(entity=(entity_id=entity_0002|fullname=Gontrud Hegewald|gender=f)))
67878	vor		
67879	mich	10734	(mention_id=10662|references=(entity=(entity_id=entity_0027|fullname=Vincenz Ebendorffer|gender=m)))
67880	in		
67881	den		
67882	Sattel		
67883	,		
67884	nur		
67885	bis		
67886	zum		
67887	Rheine		
67888	.		
67889	Wie		
67890	sich		
67891	der		
67892	Mond		
67893	da		
67894	im		
67895	Strome		
67896	spiegelt		
67897	,		
67898	das		
67899	ist		
67900	ein		
67901	prächtiges		
67902	Bild		
67903	,		
67904	als		
67905	könnte		
67906	man		
67907	wie		
67908	auf		
67909	einer		
67910	goldenen		
67911	Brücke		
67912	hinüberreiten		
67913	.		
67914	«		
67915	Trudi	10735	(mention_id=10663|references=(entity=(entity_id=entity_0002|fullname=Gontrud Hegewald|gender=f)))
67916	blickte		
67917	ihn	10736	(mention_id=10664|references=(entity=(entity_id=entity_0027|fullname=Vincenz Ebendorffer|gender=m)))
67918	,		
67919	über		
67920	diese		
67921	unglaubliche		
67922	Zumutung		
67923	empört		
67924	,		
67925	mit		
67926	starren		
67927	Augen		
67928	an		
67929	und		
67930	konnte		
67931	nicht		
67932	antworten		
67933	.		
67934	Ammerie	10737	(mention_id=10665|references=(entity=(entity_id=entity_0004|fullname=Ammerie Armbruster|gender=f)))
67935	zog		
67936	sie	10738	(mention_id=10666|references=(entity=(entity_id=entity_0002|fullname=Gontrud Hegewald|gender=f)))
67937	am		
67938	Arme		
67939	und		
67940	flüsterte		
67941	:		
67942	»		
67943	Komm		
67944	!		
67945	komm		
67946	fort		
67947	!		
67948	«		
67949	Schon		
67950	wandten		
67951	sie	10739	(mention_id=10667|references=(entity=(entity_id=entity_0002|fullname=Gontrud Hegewald|gender=f)),(entity=(entity_id=entity_0004|fullname=Ammerie Armbruster|gender=f)))
67952	sich	10740	(mention_id=10668|references=(entity=(entity_id=entity_0002|fullname=Gontrud Hegewald|gender=f)),(entity=(entity_id=entity_0004|fullname=Ammerie Armbruster|gender=f)))
67953	zum		
67954	Gehen		
67955	,		
67956	aber		
67957	–		
67958	»		
67959	Halt		
67960	!		
67961	du	10741	(mention_id=10669|references=(entity=(entity_id=entity_0002|fullname=Gontrud Hegewald|gender=f)))
67962	kommst		
67963	mit		
67964	mir	10742	(mention_id=10670|references=(entity=(entity_id=entity_0027|fullname=Vincenz Ebendorffer|gender=m)))
67965	!		
67966	«		
67967	rief		
67968	der		
67969	Meier	10743	(mention_id=10671|references=(entity=(entity_id=entity_0027|fullname=Vincenz Ebendorffer|gender=m)))
67970	laut		
67971	,		
67972	erfaßte		
67973	die		
67974	zum		
67975	Tod		
67976	erschrockene		
67977	Trudi	10744	(mention_id=10672|references=(entity=(entity_id=entity_0002|fullname=Gontrud Hegewald|gender=f)))
67978	und		
67979	versuchte		
67980	,		
67981	sie	10745	(mention_id=10673|references=(entity=(entity_id=entity_0002|fullname=Gontrud Hegewald|gender=f)))
67982	mit		
67983	Gewalt		
67984	zu		
67985	seinem	10746	(mention_id=10674|references=(entity=(entity_id=entity_0027|fullname=Vincenz Ebendorffer|gender=m)))
67986	Pferde		
67987	zu		
67988	schleppen		
67989	.		
67990	Und		
67991	wie		
67992	auf		
67993	eine		
67994	Losung		
67995	fiel		
67996	ein		
67997	anderer	10747	(mention_id=10675|references=(entity=(entity_id=entity_0024|fullname=Wilm Steinecker|gender=m)))
67998	,		
67999	einer	10748	(mention_id=10676|references=(entity=(entity_id=entity_0024|fullname=Wilm Steinecker|gender=m)))
68000	mit		
68001	geschwärztem		
68002	Gesicht		
68003	,		
68004	über		
68005	Ammerie	10749	(mention_id=10677|references=(entity=(entity_id=entity_0004|fullname=Ammerie Armbruster|gender=f)))
68006	her		
68007	,		
68008	um		
68009	ihr	10750	(mention_id=10678|references=(entity=(entity_id=entity_0004|fullname=Ammerie Armbruster|gender=f)))
68010	mit		
68011	der		
68012	Hand		
68013	den		
68014	Mund		
68015	zu		
68016	verschließen		
68017	.		
68018	Doch		
68019	ehe		
68020	ihm	10751	(mention_id=10679|references=(entity=(entity_id=entity_0024|fullname=Wilm Steinecker|gender=m)))
68021	dies		
68022	gelang		
68023	,		
68024	konnte		
68025	die		
68026	sich	10752	(mention_id=10680|references=(entity=(entity_id=entity_0004|fullname=Ammerie Armbruster|gender=f)))
68027	heftig		
68028	Sträubende		(mention_id=10681|references=(entity=(entity_id=entity_0004|fullname=Ammerie Armbruster|gender=f)))
68029	noch		
68030	einen		
68031	gellenden		
68032	Schrei		
68033	ausstoßen		
68034	.		
68035	Da		
68036	stürmten		
68037	drei		
68038	Retter	10753	(mention_id=10682|references=(entity=(entity_id=entity_0005|fullname=Peter Armbruster|gender=m)),(entity=(entity_id=entity_0009|fullname=Franz Gersbacher|gender=m)),(entity=(entity_id=entity_0010|fullname=Steffen Gersbacher|gender=m)))
68039	in		
68040	der		
68041	Not		
68042	,		
68043	Peter	10754	(mention_id=10683|references=(entity=(entity_id=entity_0005|fullname=Peter Armbruster|gender=m)))
68044	,		
68045	Franz	10755	(mention_id=10684|references=(entity=(entity_id=entity_0009|fullname=Franz Gersbacher|gender=m)))
68046	und		
68047	Steffen	10756	(mention_id=10685|references=(entity=(entity_id=entity_0010|fullname=Steffen Gersbacher|gender=m)))
68048	,		
68049	aus		
68050	dem		
68051	Gebüsch		
68052	pfeilgeschwind		
68053	heran		
68054	.		
68055	Mit		
68056	nerviger		
68057	Faust		
68058	packte		
68059	Franz	10757	(mention_id=10686|references=(entity=(entity_id=entity_0009|fullname=Franz Gersbacher|gender=m)))
68060	den		
68061	Meier	10758	(mention_id=10687|references=(entity=(entity_id=entity_0027|fullname=Vincenz Ebendorffer|gender=m)))
68062	im		
68063	Genick		
68064	,		
68065	daß		
68066	dieser	10759	(mention_id=10688|references=(entity=(entity_id=entity_0027|fullname=Vincenz Ebendorffer|gender=m)))
68067	seine	10760	(mention_id=10689|references=(entity=(entity_id=entity_0027|fullname=Vincenz Ebendorffer|gender=m)))
68068	umklammerte		
68069	Beute		(mention_id=10690|references=(entity=(entity_id=entity_0002|fullname=Gontrud Hegewald|gender=f)))
68070	fahren		
68071	lassen		
68072	mußte		
68073	.		
68074	Der		
68075	vollständig		
68076	Überraschte	10761	(mention_id=10691|references=(entity=(entity_id=entity_0027|fullname=Vincenz Ebendorffer|gender=m)))
68077	kehrte		
68078	sich	10762	(mention_id=10692|references=(entity=(entity_id=entity_0027|fullname=Vincenz Ebendorffer|gender=m)))
68079	sofort		
68080	gegen		
68081	ihn	10763	(mention_id=10693|references=(entity=(entity_id=entity_0009|fullname=Franz Gersbacher|gender=m)))
68082	,		
68083	zückte		
68084	im		
68085	Nu		
68086	sein	10764	(mention_id=10694|references=(entity=(entity_id=entity_0027|fullname=Vincenz Ebendorffer|gender=m)))
68087	Weidmesser		
68088	und		
68089	versetzte		
68090	seinem	10765	(mention_id=10695|references=(entity=(entity_id=entity_0027|fullname=Vincenz Ebendorffer|gender=m)))
68091	Angreifer	10766	(mention_id=10696|references=(entity=(entity_id=entity_0009|fullname=Franz Gersbacher|gender=m)))
68092	einen		
68093	Stich		
68094	in		
68095	die		
68096	Gegend		
68097	des		
68098	Herzens		
68099	.		
68100	Aber		
68101	ungeschwächt		
68102	davon		
68103	,		
68104	weil		
68105	der		
68106	Stoß		
68107	glücklicherweise		
68108	nicht		
68109	ins		
68110	Herz		
68111	gedrungen		
68112	,		
68113	sondern		
68114	an		
68115	einer		
68116	Rippe		
68117	abgeglitten		
68118	war		
68119	,		
68120	wich		
68121	Franz	10767	(mention_id=10697|references=(entity=(entity_id=entity_0009|fullname=Franz Gersbacher|gender=m)))
68122	,		
68123	obwohl		
68124	blutend		
68125	,		
68126	vor		
68127	dem		
68128	Rasenden	10768	(mention_id=10698|references=(entity=(entity_id=entity_0027|fullname=Vincenz Ebendorffer|gender=m)))
68129	nicht		
68130	zurück		
68131	und		
68132	entwand		
68133	ihm	10769	(mention_id=10699|references=(entity=(entity_id=entity_0027|fullname=Vincenz Ebendorffer|gender=m)))
68134	mit		
68135	Peters	10770	(mention_id=10700|references=(entity=(entity_id=entity_0005|fullname=Peter Armbruster|gender=m)))
68136	Hilfe		
68137	die		
68138	Waffe		
68139	,		
68140	ehe		
68141	er	10771	(mention_id=10701|references=(entity=(entity_id=entity_0027|fullname=Vincenz Ebendorffer|gender=m)))
68142	noch		
68143	einmal		
68144	zustechen		
68145	konnte		
68146	.		
68147	Dann		
68148	aber		
68149	entspann		
68150	sich		
68151	ein		
68152	so		
68153	wilder		
68154	Zweikampf		
68155	,		
68156	daß		
68157	Peter	10772	(mention_id=10702|references=(entity=(entity_id=entity_0005|fullname=Peter Armbruster|gender=m)))
68158	in		
68159	die		
68160	schlangenhaft		
68161	schnellen		
68162	Bewegungen		
68163	der		
68164	miteinander	10773	
68165	Ringenden	10774	(mention_id=10703|references=(entity=(entity_id=entity_0027|fullname=Vincenz Ebendorffer|gender=m)),(entity=(entity_id=entity_0009|fullname=Franz Gersbacher|gender=m)))
68166	nur		
68167	wenig		
68168	einzugreifen		
68169	vermochte		
68170	,		
68171	bis		
68172	Franz	10775	(mention_id=10704|references=(entity=(entity_id=entity_0009|fullname=Franz Gersbacher|gender=m)))
68173	seinen	10776	(mention_id=10705|references=(entity=(entity_id=entity_0009|fullname=Franz Gersbacher|gender=m)))
68174	Gegner	10777	(mention_id=10706|references=(entity=(entity_id=entity_0027|fullname=Vincenz Ebendorffer|gender=m)))
68175	zu		
68176	Boden		
68177	warf		
68178	und		
68179	sich	10778	(mention_id=10707|references=(entity=(entity_id=entity_0009|fullname=Franz Gersbacher|gender=m)))
68180	auf		
68181	ihn	10779	(mention_id=10708|references=(entity=(entity_id=entity_0027|fullname=Vincenz Ebendorffer|gender=m)))
68182	kniete		
68183	.		
68184	Inzwischen		
68185	hatte		
68186	Steffen	10780	(mention_id=10709|references=(entity=(entity_id=entity_0010|fullname=Steffen Gersbacher|gender=m)))
68187	auch		
68188	Ammerie	10781	(mention_id=10710|references=(entity=(entity_id=entity_0004|fullname=Ammerie Armbruster|gender=f)))
68189	von		
68190	ihrem	10782	(mention_id=10711|references=(entity=(entity_id=entity_0004|fullname=Ammerie Armbruster|gender=f)))
68191	Bedränger	10783	(mention_id=10712|references=(entity=(entity_id=entity_0024|fullname=Wilm Steinecker|gender=m)))
68192	befreit		
68193	,		
68194	der	10784	(mention_id=10713|references=(entity=(entity_id=entity_0024|fullname=Wilm Steinecker|gender=m)))
68195	eilig		
68196	floh		
68197	und		
68198	unerkannt		
68199	entkam		
68200	.		
68201	Peter	10785	(mention_id=10714|references=(entity=(entity_id=entity_0005|fullname=Peter Armbruster|gender=m)))
68202	leistete		
68203	seinem	10786	(mention_id=10715|references=(entity=(entity_id=entity_0005|fullname=Peter Armbruster|gender=m)))
68204	Schwager	10787	(mention_id=10716|references=(entity=(entity_id=entity_0009|fullname=Franz Gersbacher|gender=m)))
68205	nun		
68206	einen		
68207	sehr		
68208	gediegenen		
68209	Beistand		
68210	zur		
68211	Überwältigung		
68212	des		
68213	sich	10788	(mention_id=10717|references=(entity=(entity_id=entity_0027|fullname=Vincenz Ebendorffer|gender=m)))
68214	immer		
68215	noch		
68216	verzweifelt		
68217	Wehrenden	10789	(mention_id=10718|references=(entity=(entity_id=entity_0027|fullname=Vincenz Ebendorffer|gender=m)))
68218	,		
68219	die	10790	
68220	bald		
68221	so		
68222	gründlich		
68223	besorgt		
68224	war		
68225	,		
68226	daß		
68227	sie	10791	(mention_id=10719|references=(entity=(entity_id=entity_0005|fullname=Peter Armbruster|gender=m)),(entity=(entity_id=entity_0009|fullname=Franz Gersbacher|gender=m)),(entity=(entity_id=entity_0010|fullname=Steffen Gersbacher|gender=m)))
68228	ihn	10792	(mention_id=10720|references=(entity=(entity_id=entity_0027|fullname=Vincenz Ebendorffer|gender=m)))
68229	mit		
68230	Stricken		
68231	fesseln		
68232	konnten		
68233	,		
68234	die		
68235	sie	10793	(mention_id=10721|references=(entity=(entity_id=entity_0005|fullname=Peter Armbruster|gender=m)),(entity=(entity_id=entity_0009|fullname=Franz Gersbacher|gender=m)),(entity=(entity_id=entity_0010|fullname=Steffen Gersbacher|gender=m)))
68236	vorsichtigerweise		
68237	mitgebracht		
68238	hatten		
68239	.		
68240	Die		
68241	Mädchen	10794	(mention_id=10722|references=(entity=(entity_id=entity_0002|fullname=Gontrud Hegewald|gender=f)),(entity=(entity_id=entity_0004|fullname=Ammerie Armbruster|gender=f)))
68242	standen		
68243	Hand		
68244	in		
68245	Hand		
68246	abseits		
68247	und		
68248	schauten		
68249	mit		
68250	fliegendem		
68251	Atem		
68252	,		
68253	vor		
68254	Angst		
68255	zitternd		
68256	und		
68257	bebend		
68258	,		
68259	dem		
68260	Kampf		
68261	auf		
68262	Leben		
68263	und		
68264	Tod		
68265	zu		
68266	,		
68267	den		
68268	sie	10795	(mention_id=10723|references=(entity=(entity_id=entity_0002|fullname=Gontrud Hegewald|gender=f)),(entity=(entity_id=entity_0004|fullname=Ammerie Armbruster|gender=f)))
68269	genau		
68270	verfolgen		
68271	konnten		
68272	,		
68273	weil		
68274	jetzt		
68275	der		
68276	Mond		
68277	wolkenlos		
68278	vom		
68279	Himmel		
68280	schien		
68281	.		
68282	Bald		
68283	wollte		
68284	Trudi	10796	(mention_id=10724|references=(entity=(entity_id=entity_0002|fullname=Gontrud Hegewald|gender=f)))
68285	,		
68286	bald		
68287	Ammerie	10797	(mention_id=10725|references=(entity=(entity_id=entity_0004|fullname=Ammerie Armbruster|gender=f)))
68288	sich	10798	(mention_id=10726|references=(entity=(entity_id=entity_0002|fullname=Gontrud Hegewald|gender=f)),(entity=(entity_id=entity_0004|fullname=Ammerie Armbruster|gender=f)))
68289	losreißen		
68290	,		
68291	um		
68292	den		
68293	Ihrigen	10799	(mention_id=10727|references=(entity=(entity_id=entity_0005|fullname=Peter Armbruster|gender=m)),(entity=(entity_id=entity_0009|fullname=Franz Gersbacher|gender=m)),(entity=(entity_id=entity_0010|fullname=Steffen Gersbacher|gender=m)))
68294	tapfer		
68295	beizuspringen		
68296	,		
68297	und		
68298	war		
68299	dann		
68300	von		
68301	der		
68302	andern	10800	(mention_id=10728|references=(entity=(entity_id=entity_0002|fullname=Gontrud Hegewald|gender=f)),(entity=(entity_id=entity_0004|fullname=Ammerie Armbruster|gender=f)))
68303	kaum		
68304	zu		
68305	halten		
68306	.		
68307	Jetzt		
68308	sah		
68309	Steffen	10801	(mention_id=10729|references=(entity=(entity_id=entity_0010|fullname=Steffen Gersbacher|gender=m)))
68310	,		
68311	wie		
68312	der		
68313	bei		
68314	dem		
68315	Pferde		
68316	Stehende	10802	(mention_id=10730|references=(entity=(entity_id=entity_0015|fullname=Hammichel von Gimmeldingen|gender=m)))
68317	sich	10803	(mention_id=10731|references=(entity=(entity_id=entity_0015|fullname=Hammichel von Gimmeldingen|gender=m)))
68318	aus		
68319	dem		
68320	Staube		
68321	machen		
68322	wollte		
68323	,		
68324	war		
68325	sofort		
68326	hinter		
68327	ihm	10804	(mention_id=10732|references=(entity=(entity_id=entity_0015|fullname=Hammichel von Gimmeldingen|gender=m)))
68328	her		
68329	,		
68330	holte		
68331	ihn	10805	(mention_id=10733|references=(entity=(entity_id=entity_0015|fullname=Hammichel von Gimmeldingen|gender=m)))
68332	ein		
68333	und		
68334	zerrte		
68335	den		
68336	Entwischten	10806	(mention_id=10734|references=(entity=(entity_id=entity_0015|fullname=Hammichel von Gimmeldingen|gender=m)))
68337	,		
68338	der	10807	(mention_id=10735|references=(entity=(entity_id=entity_0015|fullname=Hammichel von Gimmeldingen|gender=m)))
68339	kein		
68340	anderer		
68341	war		
68342	als		
68343	Hammichel	10808	(mention_id=10736|references=(entity=(entity_id=entity_0015|fullname=Hammichel von Gimmeldingen|gender=m)))
68344	,		
68345	an		
68346	einem		
68347	Ohre		
68348	auf		
68349	den		
68350	Kampfplatz		
68351	zurück		
68352	,		
68353	wo		
68354	die		
68355	andern		
68356	beiden	10809	(mention_id=10737|references=(entity=(entity_id=entity_0005|fullname=Peter Armbruster|gender=m)),(entity=(entity_id=entity_0009|fullname=Franz Gersbacher|gender=m)))
68357	den		
68358	Meier	10810	(mention_id=10738|references=(entity=(entity_id=entity_0027|fullname=Vincenz Ebendorffer|gender=m)))
68359	noch		
68360	fester		
68361	umschnürt		
68362	hatten		
68363	,		
68364	so		
68365	daß		
68366	er	10811	(mention_id=10739|references=(entity=(entity_id=entity_0027|fullname=Vincenz Ebendorffer|gender=m)))
68367	an		
68368	kein		
68369	Entrinnen		
68370	denken		
68371	konnte		
68372	.		
68373	Der		
68374	Besiegte	10812	(mention_id=10740|references=(entity=(entity_id=entity_0027|fullname=Vincenz Ebendorffer|gender=m)))
68375	lag		
68376	am		
68377	Boden		
68378	,		
68379	aber		
68380	auch		
68381	die		
68382	Sieger	10813	(mention_id=10741|references=(entity=(entity_id=entity_0005|fullname=Peter Armbruster|gender=m)),(entity=(entity_id=entity_0009|fullname=Franz Gersbacher|gender=m)),(entity=(entity_id=entity_0010|fullname=Steffen Gersbacher|gender=m)))
68383	waren		
68384	erschöpft		
68385	und		
68386	mußten		
68387	sich	10814	(mention_id=10742|references=(entity=(entity_id=entity_0005|fullname=Peter Armbruster|gender=m)),(entity=(entity_id=entity_0009|fullname=Franz Gersbacher|gender=m)),(entity=(entity_id=entity_0010|fullname=Steffen Gersbacher|gender=m)))
68388	ein		
68389	wenig		
68390	verschnaufen		
68391	.		
68392	Trudi	10815	(mention_id=10743|references=(entity=(entity_id=entity_0002|fullname=Gontrud Hegewald|gender=f)))
68393	kam		
68394	erregt		
68395	auf		
68396	Franz	10816	(mention_id=10744|references=(entity=(entity_id=entity_0009|fullname=Franz Gersbacher|gender=m)))
68397	zu		
68398	,		
68399	aber		
68400	dicht		
68401	vor		
68402	ihm	10817	(mention_id=10745|references=(entity=(entity_id=entity_0009|fullname=Franz Gersbacher|gender=m)))
68403	blieb		
68404	sie	10818	(mention_id=10746|references=(entity=(entity_id=entity_0002|fullname=Gontrud Hegewald|gender=f)))
68405	schreckgelähmt		
68406	stehen		
68407	und		
68408	schrie		
68409	entsetzt		
68410	auf		
68411	:		
68412	»		
68413	Mein		(mention_id=10747|references=(entity=(entity_id=entity_0002|fullname=Gontrud Hegewald|gender=f)))
68414	Gott		(mention_id=10748|references=(entity=(entity_id=entity_0040|fullname=Gott|gender=m|specialcase_entity=nonfact)))
68415	,		
68416	du	10819	(mention_id=10749|references=(entity=(entity_id=entity_0009|fullname=Franz Gersbacher|gender=m)))
68417	blutest		
68418	ja		
68419	!		
68420	Bist		
68421	du	10820	(mention_id=10750|references=(entity=(entity_id=entity_0009|fullname=Franz Gersbacher|gender=m)))
68422	verwundet		
68423	?		
68424	«		
68425	»		
68426	Ja		
68427	,		
68428	Ebendorffer	10821	(mention_id=10751|references=(entity=(entity_id=entity_0027|fullname=Vincenz Ebendorffer|gender=m)))
68429	hat		
68430	mich	10822	(mention_id=10752|references=(entity=(entity_id=entity_0009|fullname=Franz Gersbacher|gender=m)))
68431	gestochen		
68432	,		
68433	«		
68434	erwiderte		
68435	er	10823	(mention_id=10753|references=(entity=(entity_id=entity_0009|fullname=Franz Gersbacher|gender=m)))
68436	,		
68437	»		
68438	es		
68439	hat		
68440	nichts		
68441	zu		
68442	bedeuten		
68443	.		
68444	«		
68445	Peter	10824	(mention_id=10754|references=(entity=(entity_id=entity_0005|fullname=Peter Armbruster|gender=m)))
68446	winkte		
68447	ihr	10825	(mention_id=10755|references=(entity=(entity_id=entity_0002|fullname=Gontrud Hegewald|gender=f)))
68448	,		
68449	zurückzutreten		
68450	und		
68451	sprach		
68452	zu		
68453	seinen	10826	(mention_id=10756|references=(entity=(entity_id=entity_0005|fullname=Peter Armbruster|gender=m)))
68454	Gefährten	10827	(mention_id=10757|references=(entity=(entity_id=entity_0009|fullname=Franz Gersbacher|gender=m)),(entity=(entity_id=entity_0010|fullname=Steffen Gersbacher|gender=m)))
68455	:		
68456	»		
68457	Nun		
68458	laßt		
68459	uns	10828	(mention_id=10758|references=(entity=(entity_id=entity_0005|fullname=Peter Armbruster|gender=m)),(entity=(entity_id=entity_0009|fullname=Franz Gersbacher|gender=m)),(entity=(entity_id=entity_0010|fullname=Steffen Gersbacher|gender=m)))
68460	den	10829	(mention_id=10759|references=(entity=(entity_id=entity_0027|fullname=Vincenz Ebendorffer|gender=m)))
68461	hier		
68462	auf		
68463	die		
68464	Füße		
68465	stellen		
68466	und		
68467	dann		
68468	die		
68469	beiden		
68470	Ehrenmänner	10830	(mention_id=10760|references=(entity=(entity_id=entity_0027|fullname=Vincenz Ebendorffer|gender=m)),(entity=(entity_id=entity_0015|fullname=Hammichel von Gimmeldingen|gender=m)))
68471	in		
68472	sicheren		
68473	Gewahrsam		
68474	bringen		
68475	!		
68476	«		
68477	»		
68478	Was		
68479	wollt		
68480	ihr	10831	(mention_id=10761|references=(entity=(entity_id=entity_0005|fullname=Peter Armbruster|gender=m)),(entity=(entity_id=entity_0009|fullname=Franz Gersbacher|gender=m)),(entity=(entity_id=entity_0010|fullname=Steffen Gersbacher|gender=m)))
68481	denn		
68482	von		
68483	mir	10832	(mention_id=10762|references=(entity=(entity_id=entity_0015|fullname=Hammichel von Gimmeldingen|gender=m)))
68484	?		
68485	«		
68486	schnarrte		
68487	Hammichel	10833	(mention_id=10763|references=(entity=(entity_id=entity_0015|fullname=Hammichel von Gimmeldingen|gender=m)))
68488	.		
68489	»		
68490	Ich	10834	(mention_id=10764|references=(entity=(entity_id=entity_0015|fullname=Hammichel von Gimmeldingen|gender=m)))
68491	hab'		
68492	ja		
68493	bloß		
68494	das		
68495	Pferd		
68496	gehalten		
68497	und		
68498	von		
68499	allem		
68500	andern		
68501	kein		
68502	Sterbenswort		
68503	gewußt		
68504	.		
68505	«		
68506	»		
68507	Murr		
68508	mir	10835	(mention_id=10765|references=(entity=(entity_id=entity_0009|fullname=Franz Gersbacher|gender=m)))
68509	nicht		
68510	viel		
68511	,		
68512	elender		
68513	Giftmischer	10836	(mention_id=10766|references=(entity=(entity_id=entity_0015|fullname=Hammichel von Gimmeldingen|gender=m)))
68514	!		
68515	«		
68516	fuhr		
68517	ihn	10837	(mention_id=10767|references=(entity=(entity_id=entity_0015|fullname=Hammichel von Gimmeldingen|gender=m)))
68518	Franz	10838	(mention_id=10768|references=(entity=(entity_id=entity_0009|fullname=Franz Gersbacher|gender=m)))
68519	zornig		
68520	an		
68521	.		
68522	»		
68523	Bloß		
68524	das		
68525	Pferd		
68526	gehalten		
68527	!		
68528	als		
68529	ob		
68530	das		
68531	nicht		
68532	genug		
68533	wäre		
68534	,		
68535	dir	10839	(mention_id=10769|references=(entity=(entity_id=entity_0015|fullname=Hammichel von Gimmeldingen|gender=m)))
68536	einen		
68537	Strick		
68538	um		
68539	den		
68540	Hals		
68541	zu		
68542	drehen		
68543	.		
68544	Manschen		
68545	und		
68546	kuppeln		
68547	immer		
68548	und		
68549	überall		
68550	,		
68551	das		
68552	ist		
68553	dein	10840	(mention_id=10770|references=(entity=(entity_id=entity_0015|fullname=Hammichel von Gimmeldingen|gender=m)))
68554	Handwerk		
68555	;		
68556	du	10841	(mention_id=10771|references=(entity=(entity_id=entity_0015|fullname=Hammichel von Gimmeldingen|gender=m)))
68557	sollst		
68558	dran		
68559	zu		
68560	schlucken		
68561	haben		
68562	!		
68563	«		
68564	Hammichel	10842	(mention_id=10772|references=(entity=(entity_id=entity_0015|fullname=Hammichel von Gimmeldingen|gender=m)))
68565	wollte		
68566	,		
68567	gänzlich		
68568	geknickt		
68569	und		
68570	an		
68571	allen		
68572	Gliedern		
68573	schlotternd		
68574	,		
68575	etwas		
68576	darauf		
68577	entgegnen		
68578	,		
68579	aber		
68580	sein	10843	(mention_id=10773|references=(entity=(entity_id=entity_0015|fullname=Hammichel von Gimmeldingen|gender=m)))
68581	Lügenmaul		
68582	blieb		
68583	ihm	10844	(mention_id=10774|references=(entity=(entity_id=entity_0015|fullname=Hammichel von Gimmeldingen|gender=m)))
68584	tonlos		
68585	offen		
68586	stehen		
68587	,		
68588	denn		
68589	ihm	10845	(mention_id=10775|references=(entity=(entity_id=entity_0015|fullname=Hammichel von Gimmeldingen|gender=m)))
68590	gerade		
68591	gegenüber		
68592	tauchte		
68593	plötzlich		
68594	Schneckenkaschper	10846	(mention_id=10776|references=(entity=(entity_id=entity_0006|fullname=Kaspar|gender=m)))
68595	aus		
68596	dem		
68597	Gesträuch		
68598	hervor		
68599	und		
68600	schien		
68601	nicht		
68602	im		
68603	mindesten		
68604	erstaunt		
68605	,		
68606	welchen		
68607	Kreis		
68608	von		
68609	guten		
68610	Bekannten	10847	(mention_id=10777|references=(entity=(entity_id=entity_0005|fullname=Peter Armbruster|gender=m)),(entity=(entity_id=entity_0009|fullname=Franz Gersbacher|gender=m)),(entity=(entity_id=entity_0010|fullname=Steffen Gersbacher|gender=m)),(entity=(entity_id=entity_0027|fullname=Vincenz Ebendorffer|gender=m)),(entity=(entity_id=entity_0015|fullname=Hammichel von Gimmeldingen|gender=m)))
68611	er	10848	(mention_id=10778|references=(entity=(entity_id=entity_0006|fullname=Kaspar|gender=m)))
68612	hier		
68613	versammelt		
68614	fand		
68615	.		
68616	»		
68617	Bube	10849	(mention_id=10779|references=(entity=(entity_id=entity_0006|fullname=Kaspar|gender=m)))
68618	,		
68619	verfluchter		(mention_id=10780|references=(entity=(entity_id=entity_0006|fullname=Kaspar|gender=m)))
68620	!		
68621	Du	10850	(mention_id=10781|references=(entity=(entity_id=entity_0006|fullname=Kaspar|gender=m)))
68622	hast		
68623	uns	10851	(mention_id=10782|references=(entity=(entity_id=entity_0015|fullname=Hammichel von Gimmeldingen|gender=m)),(entity=(entity_id=entity_0027|fullname=Vincenz Ebendorffer|gender=m)))
68624	verraten		
68625	,		
68626	«		
68627	keifte		
68628	der		
68629	Alte	10852	(mention_id=10783|references=(entity=(entity_id=entity_0015|fullname=Hammichel von Gimmeldingen|gender=m)))
68630	mit		
68631	vor		
68632	Wut		
68633	überschnappender		
68634	Stimme		
68635	,		
68636	als		
68637	sich		
68638	ihm	10853	(mention_id=10784|references=(entity=(entity_id=entity_0015|fullname=Hammichel von Gimmeldingen|gender=m)))
68639	die		
68640	Zunge		
68641	wieder		
68642	löste		
68643	,		
68644	und		
68645	mit		
68646	haßsprühenden		
68647	Augen		
68648	wollte		
68649	er	10854	(mention_id=10785|references=(entity=(entity_id=entity_0015|fullname=Hammichel von Gimmeldingen|gender=m)))
68650	auf		
68651	seinen	10855	(mention_id=10786|references=(entity=(entity_id=entity_0015|fullname=Hammichel von Gimmeldingen|gender=m)))
68652	Enkel	10856	(mention_id=10787|references=(entity=(entity_id=entity_0006|fullname=Kaspar|gender=m)))
68653	los		
68654	,		
68655	um		
68656	ihn	10857	(mention_id=10788|references=(entity=(entity_id=entity_0006|fullname=Kaspar|gender=m)))
68657	zu		
68658	würgen		
68659	.		
68660	Aber		
68661	Steffen	10858	(mention_id=10789|references=(entity=(entity_id=entity_0010|fullname=Steffen Gersbacher|gender=m)))
68662	trat		
68663	schnell		
68664	dazwischen		
68665	und		
68666	sprach		
68667	:		
68668	»		
68669	Sachte		
68670	,		
68671	Halunke	10859	(mention_id=10790|references=(entity=(entity_id=entity_0015|fullname=Hammichel von Gimmeldingen|gender=m)))
68672	!		
68673	mach'		
68674	dir	10860	(mention_id=10791|references=(entity=(entity_id=entity_0015|fullname=Hammichel von Gimmeldingen|gender=m)))
68675	keine		
68676	Ungelegenheiten		
68677	,		
68678	sonst		
68679	regnet's		
68680	hageldichte		
68681	Hiebe		
68682	.		
68683	«		
68684	Kaspar	10861	(mention_id=10792|references=(entity=(entity_id=entity_0006|fullname=Kaspar|gender=m)))
68685	sagte		
68686	zu		
68687	den		
68688	Mädchen	10862	(mention_id=10793|references=(entity=(entity_id=entity_0002|fullname=Gontrud Hegewald|gender=f)),(entity=(entity_id=entity_0004|fullname=Ammerie Armbruster|gender=f)))
68689	:		
68690	»		
68691	Ich	10863	(mention_id=10794|references=(entity=(entity_id=entity_0006|fullname=Kaspar|gender=m)))
68692	hab'		
68693	alles		
68694	mit		
68695	angesehen		
68696	,		
68697	war		
68698	lange		
68699	vor		
68700	euch	10864	(mention_id=10795|references=(entity=(entity_id=entity_0002|fullname=Gontrud Hegewald|gender=f)),(entity=(entity_id=entity_0004|fullname=Ammerie Armbruster|gender=f)))
68701	hier		
68702	.		
68703	Kannst		
68704	du	10865	(mention_id=10796|references=(entity=(entity_id=entity_0002|fullname=Gontrud Hegewald|gender=f)))
68705	mich	10866	(mention_id=10797|references=(entity=(entity_id=entity_0006|fullname=Kaspar|gender=m)))
68706	brauchen		
68707	,		
68708	Trudi	10867	(mention_id=10798|references=(entity=(entity_id=entity_0002|fullname=Gontrud Hegewald|gender=f)))
68709	?		
68710	«		
68711	»		
68712	Ei		
68713	freilich		
68714	!		
68715	«		
68716	erwiderte		
68717	sie	10868	(mention_id=10799|references=(entity=(entity_id=entity_0002|fullname=Gontrud Hegewald|gender=f)))
68718	.		
68719	»		
68720	Einmal		
68721	hast		
68722	du	10869	(mention_id=10800|references=(entity=(entity_id=entity_0006|fullname=Kaspar|gender=m)))
68723	den		
68724	Bader	10870	(mention_id=10801|references=(entity=(entity_id=entity_0188|fullname=Bader|gender=m)))
68725	für		
68726	mich	10871	(mention_id=10802|references=(entity=(entity_id=entity_0002|fullname=Gontrud Hegewald|gender=f)))
68727	geholt		
68728	,		
68729	jetzt		
68730	tu's		
68731	für		
68732	Franz.	10872	(mention_id=10803|references=(entity=(entity_id=entity_0009|fullname=Franz Gersbacher|gender=m)))
68733	Er	10873	(mention_id=10804|references=(entity=(entity_id=entity_0188|fullname=Bader|gender=m)))
68734	soll		
68735	gleich		
68736	auf		
68737	den		
68738	Gersbacherhof		
68739	kommen		
68740	und		
68741	Franzens	10874	(mention_id=10805|references=(entity=(entity_id=entity_0009|fullname=Franz Gersbacher|gender=m)))
68742	Wunde		
68743	verbinden		
68744	.		
68745	«		
68746	Ohne		
68747	Antwort		
68748	flog		
68749	der		
68750	Junge	10875	(mention_id=10806|references=(entity=(entity_id=entity_0006|fullname=Kaspar|gender=m)))
68751	davon		
68752	.		
68753	»		
68754	Also		
68755	vorwärts		
68756	!		
68757	«		
68758	gebot		
68759	Peter	10876	(mention_id=10807|references=(entity=(entity_id=entity_0005|fullname=Peter Armbruster|gender=m)))
68760	.		
68761	»		
68762	Du	10877	(mention_id=10808|references=(entity=(entity_id=entity_0009|fullname=Franz Gersbacher|gender=m)))
68763	Franz	10878	(mention_id=10809|references=(entity=(entity_id=entity_0009|fullname=Franz Gersbacher|gender=m)))
68764	,		
68765	machst		
68766	,		
68767	daß		
68768	du	10879	(mention_id=10810|references=(entity=(entity_id=entity_0009|fullname=Franz Gersbacher|gender=m)))
68769	heimkommst		
68770	;		
68771	wir	10880	(mention_id=10811|references=(entity=(entity_id=entity_0005|fullname=Peter Armbruster|gender=m)),(entity=(entity_id=entity_0010|fullname=Steffen Gersbacher|gender=m)))
68772	zwei	10881	(mention_id=10812|references=(entity=(entity_id=entity_0005|fullname=Peter Armbruster|gender=m)),(entity=(entity_id=entity_0010|fullname=Steffen Gersbacher|gender=m)))
68773	sind		
68774	schon		
68775	Manns	10882	(mention_id=10813|references=(entity=(entity_id=entity_0005|fullname=Peter Armbruster|gender=m)),(entity=(entity_id=entity_0010|fullname=Steffen Gersbacher|gender=m)))
68776	genug		
68777	als		
68778	Trabanten	10883	(mention_id=10814|references=(entity=(entity_id=entity_0005|fullname=Peter Armbruster|gender=m)),(entity=(entity_id=entity_0010|fullname=Steffen Gersbacher|gender=m)))
68779	für		
68780	die		
68781	beiden		(mention_id=10815|references=(entity=(entity_id=entity_0027|fullname=Vincenz Ebendorffer|gender=m)),(entity=(entity_id=entity_0015|fullname=Hammichel von Gimmeldingen|gender=m)))
68782	hier		
68783	.		
68784	«		
68785	»		
68786	Zwei		(mention_id=10816|references=(entity=(entity_id=entity_0005|fullname=Peter Armbruster|gender=m)),(entity=(entity_id=entity_0010|fullname=Steffen Gersbacher|gender=m)))
68787	?		
68788	«		
68789	fragte		
68790	Ammerie	10884	(mention_id=10817|references=(entity=(entity_id=entity_0004|fullname=Ammerie Armbruster|gender=f)))
68791	,		
68792	»		
68793	wir	10885	(mention_id=10818|references=(entity=(entity_id=entity_0005|fullname=Peter Armbruster|gender=m)),(entity=(entity_id=entity_0010|fullname=Steffen Gersbacher|gender=m)),(entity=(entity_id=entity_0002|fullname=Gontrud Hegewald|gender=f)),(entity=(entity_id=entity_0004|fullname=Ammerie Armbruster|gender=f)))
68794	sind		
68795	doch		
68796	ohne		
68797	Franz	10886	(mention_id=10819|references=(entity=(entity_id=entity_0009|fullname=Franz Gersbacher|gender=m)))
68798	unser	10887	(mention_id=10820|references=(entity=(entity_id=entity_0005|fullname=Peter Armbruster|gender=m)),(entity=(entity_id=entity_0010|fullname=Steffen Gersbacher|gender=m)),(entity=(entity_id=entity_0002|fullname=Gontrud Hegewald|gender=f)),(entity=(entity_id=entity_0004|fullname=Ammerie Armbruster|gender=f)))
68799	vier		
68800	.		
68801	Uns	10888	(mention_id=10821|references=(entity=(entity_id=entity_0002|fullname=Gontrud Hegewald|gender=f)),(entity=(entity_id=entity_0004|fullname=Ammerie Armbruster|gender=f)))
68802	Mädchen	10889	(mention_id=10822|references=(entity=(entity_id=entity_0002|fullname=Gontrud Hegewald|gender=f)),(entity=(entity_id=entity_0004|fullname=Ammerie Armbruster|gender=f)))
68803	rechnest		
68804	du	10890	(mention_id=10823|references=(entity=(entity_id=entity_0005|fullname=Peter Armbruster|gender=m)))
68805	wohl		
68806	nicht		
68807	?		
68808	wir	10891	(mention_id=10824|references=(entity=(entity_id=entity_0002|fullname=Gontrud Hegewald|gender=f)),(entity=(entity_id=entity_0004|fullname=Ammerie Armbruster|gender=f)))
68809	wollen		
68810	aber		
68811	auch		
68812	mit		
68813	dabei		
68814	sein		
68815	und		
68816	verlassen		
68817	euch	10892	(mention_id=10825|references=(entity=(entity_id=entity_0005|fullname=Peter Armbruster|gender=m)),(entity=(entity_id=entity_0010|fullname=Steffen Gersbacher|gender=m)))
68818	nicht		
68819	,		
68820	bis		
68821	alles		
68822	zu		
68823	Ende		
68824	ist		
68825	.		
68826	«		
68827	»		
68828	Meinetwegen		
68829	!		
68830	«		
68831	sagte		
68832	Peter	10893	(mention_id=10826|references=(entity=(entity_id=entity_0005|fullname=Peter Armbruster|gender=m)))
68833	.		
68834	»		
68835	Faß		
68836	an		
68837	,		
68838	Steffen	10894	(mention_id=10827|references=(entity=(entity_id=entity_0010|fullname=Steffen Gersbacher|gender=m)))
68839	!		
68840	Nein		
68841	,		
68842	du	10895	(mention_id=10828|references=(entity=(entity_id=entity_0009|fullname=Franz Gersbacher|gender=m)))
68843	nicht		
68844	,		
68845	Franz	10896	(mention_id=10829|references=(entity=(entity_id=entity_0009|fullname=Franz Gersbacher|gender=m)))
68846	!		
68847	Du	10897	(mention_id=10830|references=(entity=(entity_id=entity_0009|fullname=Franz Gersbacher|gender=m)))
68848	darfst		
68849	dich	10898	(mention_id=10831|references=(entity=(entity_id=entity_0009|fullname=Franz Gersbacher|gender=m)))
68850	nicht		
68851	bücken		
68852	.		
68853	«		
68854	Mit		
68855	einem		
68856	kräftigen		
68857	Ruck		
68858	hoben		
68859	die		
68860	zwei	10899	(mention_id=10832|references=(entity=(entity_id=entity_0005|fullname=Peter Armbruster|gender=m)),(entity=(entity_id=entity_0010|fullname=Steffen Gersbacher|gender=m)))
68861	den		
68862	Gefesselten	10900	(mention_id=10833|references=(entity=(entity_id=entity_0027|fullname=Vincenz Ebendorffer|gender=m)))
68863	vom		
68864	Boden		
68865	auf		
68866	,		
68867	der	10901	(mention_id=10834|references=(entity=(entity_id=entity_0027|fullname=Vincenz Ebendorffer|gender=m)))
68868	sich	10902	(mention_id=10835|references=(entity=(entity_id=entity_0027|fullname=Vincenz Ebendorffer|gender=m)))
68869	stumm		
68870	alles		
68871	gefallen		
68872	und		
68873	von		
68874	seinen	10903	(mention_id=10836|references=(entity=(entity_id=entity_0027|fullname=Vincenz Ebendorffer|gender=m)))
68875	Bändigern	10904	(mention_id=10837|references=(entity=(entity_id=entity_0005|fullname=Peter Armbruster|gender=m)),(entity=(entity_id=entity_0010|fullname=Steffen Gersbacher|gender=m)))
68876	auf		
68877	dem		
68878	Wege		
68879	zum		
68880	Turm		
68881	in		
68882	die		
68883	Mitte		
68884	nehmen		
68885	ließ		
68886	.		
68887	Trudi	10905	(mention_id=10838|references=(entity=(entity_id=entity_0002|fullname=Gontrud Hegewald|gender=f)))
68888	und		
68889	Ammerie	10906	(mention_id=10839|references=(entity=(entity_id=entity_0004|fullname=Ammerie Armbruster|gender=f)))
68890	folgten		
68891	und		
68892	trieben		
68893	seinen	10907	(mention_id=10840|references=(entity=(entity_id=entity_0015|fullname=Hammichel von Gimmeldingen|gender=m)))
68894	Schildknappen		(mention_id=10841|references=(entity=(entity_id=entity_0015|fullname=Hammichel von Gimmeldingen|gender=m)))
68895	wie		
68896	einen		
68897	gepfändeten		
68898	Hammel		(mention_id=10842|references=(entity=(entity_id=entity_0015|fullname=Hammichel von Gimmeldingen|gender=m)|specialcase_reference=figurative))
68899	vor		
68900	sich	10908	(mention_id=10843|references=(entity=(entity_id=entity_0015|fullname=Hammichel von Gimmeldingen|gender=m)))
68901	her		
68902	.		
68903	Franz	10909	(mention_id=10844|references=(entity=(entity_id=entity_0009|fullname=Franz Gersbacher|gender=m)))
68904	aber		
68905	begleitete		
68906	die		
68907	gemischte		
68908	Gesellschaft	10910	(mention_id=10845|references=(entity=(entity_id=entity_0005|fullname=Peter Armbruster|gender=m)),(entity=(entity_id=entity_0010|fullname=Steffen Gersbacher|gender=m)),(entity=(entity_id=entity_0002|fullname=Gontrud Hegewald|gender=f)),(entity=(entity_id=entity_0004|fullname=Ammerie Armbruster|gender=f)),(entity=(entity_id=entity_0027|fullname=Vincenz Ebendorffer|gender=m)),(entity=(entity_id=entity_0015|fullname=Hammichel von Gimmeldingen|gender=m)))
68909	doch		
68910	noch		
68911	zum		
68912	Schultheißen		(mention_id=10846|references=(entity=(entity_id=entity_0030|fullname=Schultheiß Gottfried Bofinger|gender=m)))
68913	,		
68914	damit		
68915	dieser	10911	(mention_id=10847|references=(entity=(entity_id=entity_0030|fullname=Schultheiß Gottfried Bofinger|gender=m)))
68916	sich	10912	(mention_id=10848|references=(entity=(entity_id=entity_0030|fullname=Schultheiß Gottfried Bofinger|gender=m)))
68917	von		
68918	seiner	10913	(mention_id=10849|references=(entity=(entity_id=entity_0030|fullname=Schultheiß Gottfried Bofinger|gender=m)))
68919	Verwundung		
68920	überzeugen		
68921	sollte		
68922	.		
68923	Zum		
68924	Liebsten	10914	(mention_id=10850|references=(entity=(entity_id=entity_0009|fullname=Franz Gersbacher|gender=m)))
68925	,		
68926	der	10915	(mention_id=10851|references=(entity=(entity_id=entity_0009|fullname=Franz Gersbacher|gender=m)))
68927	an		
68928	ihrer	10916	(mention_id=10852|references=(entity=(entity_id=entity_0002|fullname=Gontrud Hegewald|gender=f)))
68929	Seite		
68930	ging		
68931	,		
68932	sprach		
68933	Trudi	10917	(mention_id=10853|references=(entity=(entity_id=entity_0002|fullname=Gontrud Hegewald|gender=f)))
68934	leise		
68935	:		
68936	»		
68937	Wie		
68938	habt		
68939	ihr's	10918	(mention_id=10854|references=(entity=(entity_id=entity_0005|fullname=Peter Armbruster|gender=m)),(entity=(entity_id=entity_0010|fullname=Steffen Gersbacher|gender=m)),(entity=(entity_id=entity_0009|fullname=Franz Gersbacher|gender=m)))
68940	nur		
68941	angestellt		
68942	,		
68943	daß		
68944	ihr	10919	(mention_id=10855|references=(entity=(entity_id=entity_0005|fullname=Peter Armbruster|gender=m)),(entity=(entity_id=entity_0009|fullname=Franz Gersbacher|gender=m)),(entity=(entity_id=entity_0010|fullname=Steffen Gersbacher|gender=m)))
68945	just		
68946	im		
68947	entscheidenden		
68948	Augenblick		
68949	zu		
68950	unserer	10920	(mention_id=10856|references=(entity=(entity_id=entity_0002|fullname=Gontrud Hegewald|gender=f)),(entity=(entity_id=entity_0004|fullname=Ammerie Armbruster|gender=f)))
68951	Rettung		
68952	kamet		
68953	?		
68954	«		
68955	»		
68956	Ja		
68957	,		
68958	konntet		
68959	ihr	10921	(mention_id=10857|references=(entity=(entity_id=entity_0002|fullname=Gontrud Hegewald|gender=f)),(entity=(entity_id=entity_0004|fullname=Ammerie Armbruster|gender=f)))
68960	törichten		
68961	Jungfrauen	10922	(mention_id=10858|references=(entity=(entity_id=entity_0002|fullname=Gontrud Hegewald|gender=f)),(entity=(entity_id=entity_0004|fullname=Ammerie Armbruster|gender=f)))
68962	denn		
68963	glauben		
68964	,		
68965	daß		
68966	wir	10923	(mention_id=10859|references=(entity=(entity_id=entity_0005|fullname=Peter Armbruster|gender=m)),(entity=(entity_id=entity_0009|fullname=Franz Gersbacher|gender=m)),(entity=(entity_id=entity_0010|fullname=Steffen Gersbacher|gender=m)))
68967	euch	10924	(mention_id=10860|references=(entity=(entity_id=entity_0002|fullname=Gontrud Hegewald|gender=f)),(entity=(entity_id=entity_0004|fullname=Ammerie Armbruster|gender=f)))
68968	den		
68969	gefährlichen		
68970	Weg		
68971	allein		
68972	machen		
68973	und		
68974	dem		
68975	hungrigen		
68976	Wolf	10925	(mention_id=10861|references=(entity=(entity_id=entity_0027|fullname=Vincenz Ebendorffer|gender=m)|specialcase_reference=figurative))
68977	geradeswegs		
68978	in		
68979	den		
68980	Rachen		
68981	laufen		
68982	ließen		
68983	?		
68984	«		
68985	erwiderte		
68986	Franz.	10926	
68987	»		
68988	Peter	10927	(mention_id=10862|references=(entity=(entity_id=entity_0005|fullname=Peter Armbruster|gender=m)))
68989	hat		
68990	den		
68991	Braten		
68992	gleich		
68993	gerochen		
68994	,		
68995	als		
68996	ihr	10928	(mention_id=10863|references=(entity=(entity_id=entity_0002|fullname=Gontrud Hegewald|gender=f)),(entity=(entity_id=entity_0004|fullname=Ammerie Armbruster|gender=f)))
68997	ihn	10929	(mention_id=10864|references=(entity=(entity_id=entity_0005|fullname=Peter Armbruster|gender=m)))
68998	um		
68999	Rat		
69000	fragtet		
69001	,		
69002	und		
69003	mit		
69004	mir	10930	(mention_id=10865|references=(entity=(entity_id=entity_0009|fullname=Franz Gersbacher|gender=m)))
69005	und		
69006	Steffen	10931	(mention_id=10866|references=(entity=(entity_id=entity_0010|fullname=Steffen Gersbacher|gender=m)))
69007	alles		
69008	zu		
69009	eurem	10932	(mention_id=10867|references=(entity=(entity_id=entity_0002|fullname=Gontrud Hegewald|gender=f)),(entity=(entity_id=entity_0004|fullname=Ammerie Armbruster|gender=f)))
69010	Schutze		
69011	verabredet		
69012	.		
69013	Sagen		
69014	durfte		
69015	er	10933	(mention_id=10868|references=(entity=(entity_id=entity_0005|fullname=Peter Armbruster|gender=m)))
69016	euch	10934	(mention_id=10869|references=(entity=(entity_id=entity_0002|fullname=Gontrud Hegewald|gender=f)),(entity=(entity_id=entity_0004|fullname=Ammerie Armbruster|gender=f)))
69017	nichts		
69018	davon		
69019	,		
69020	denn		
69021	sonst		
69022	hättet		
69023	ihr	10935	(mention_id=10870|references=(entity=(entity_id=entity_0002|fullname=Gontrud Hegewald|gender=f)),(entity=(entity_id=entity_0004|fullname=Ammerie Armbruster|gender=f)))
69024	euch	10936	(mention_id=10871|references=(entity=(entity_id=entity_0002|fullname=Gontrud Hegewald|gender=f)),(entity=(entity_id=entity_0004|fullname=Ammerie Armbruster|gender=f)))
69025	am		
69026	Ende		
69027	nicht		
69028	hergetraut		
69029	,		
69030	und		
69031	unser	10937	(mention_id=10872|references=(entity=(entity_id=entity_0005|fullname=Peter Armbruster|gender=m)),(entity=(entity_id=entity_0009|fullname=Franz Gersbacher|gender=m)),(entity=(entity_id=entity_0010|fullname=Steffen Gersbacher|gender=m)))
69032	köstlicher		
69033	Plan		
69034	,		
69035	die		
69036	Hasenstricker	10938	(mention_id=10873|references=(entity=(entity_id=entity_0027|fullname=Vincenz Ebendorffer|gender=m)),(entity=(entity_id=entity_0015|fullname=Hammichel von Gimmeldingen|gender=m)))
69037	in		
69038	ihren	10939	(mention_id=10874|references=(entity=(entity_id=entity_0027|fullname=Vincenz Ebendorffer|gender=m)),(entity=(entity_id=entity_0015|fullname=Hammichel von Gimmeldingen|gender=m)))
69039	eigenen		
69040	Schlingen		
69041	zu		
69042	fangen		
69043	,		
69044	wäre		
69045	gescheitert		
69046	.		
69047	So		
69048	aber		
69049	haben		
69050	wir	10940	(mention_id=10875|references=(entity=(entity_id=entity_0005|fullname=Peter Armbruster|gender=m)),(entity=(entity_id=entity_0009|fullname=Franz Gersbacher|gender=m)),(entity=(entity_id=entity_0010|fullname=Steffen Gersbacher|gender=m)))
69051	ihnen	10941	(mention_id=10876|references=(entity=(entity_id=entity_0027|fullname=Vincenz Ebendorffer|gender=m)),(entity=(entity_id=entity_0015|fullname=Hammichel von Gimmeldingen|gender=m)))
69052	aufgelauert		
69053	und		
69054	fürchteten		
69055	nur		
69056	,		
69057	sie	10942	(mention_id=10877|references=(entity=(entity_id=entity_0027|fullname=Vincenz Ebendorffer|gender=m)),(entity=(entity_id=entity_0015|fullname=Hammichel von Gimmeldingen|gender=m)))
69058	könnten		
69059	uns	10943	(mention_id=10878|references=(entity=(entity_id=entity_0005|fullname=Peter Armbruster|gender=m)),(entity=(entity_id=entity_0009|fullname=Franz Gersbacher|gender=m)),(entity=(entity_id=entity_0010|fullname=Steffen Gersbacher|gender=m)))
69060	entdecken		
69061	,		
69062	als		
69063	sie	10944	(mention_id=10879|references=(entity=(entity_id=entity_0027|fullname=Vincenz Ebendorffer|gender=m)),(entity=(entity_id=entity_0015|fullname=Hammichel von Gimmeldingen|gender=m)))
69064	sich	10945	(mention_id=10880|references=(entity=(entity_id=entity_0027|fullname=Vincenz Ebendorffer|gender=m)),(entity=(entity_id=entity_0015|fullname=Hammichel von Gimmeldingen|gender=m)))
69065	in		
69066	demselben		
69067	Gebüsch		
69068	verkrochen		
69069	,		
69070	wo		
69071	wir	10946	(mention_id=10881|references=(entity=(entity_id=entity_0005|fullname=Peter Armbruster|gender=m)),(entity=(entity_id=entity_0009|fullname=Franz Gersbacher|gender=m)),(entity=(entity_id=entity_0010|fullname=Steffen Gersbacher|gender=m)))
69072	bereits		
69073	im		
69074	Hinterhalt		
69075	lagen		
69076	.		
69077	Schneckenkaschper	10947	(mention_id=10882|references=(entity=(entity_id=entity_0006|fullname=Kaspar|gender=m)))
69078	stand		
69079	schon		
69080	Wache		
69081	am		
69082	Tor		
69083	,		
69084	als		
69085	wir	10948	(mention_id=10883|references=(entity=(entity_id=entity_0005|fullname=Peter Armbruster|gender=m)),(entity=(entity_id=entity_0009|fullname=Franz Gersbacher|gender=m)),(entity=(entity_id=entity_0010|fullname=Steffen Gersbacher|gender=m)))
69086	kamen		
69087	,		
69088	paßte		
69089	auf		
69090	,		
69091	wann		
69092	die		
69093	Schufte		(mention_id=10884|references=(entity=(entity_id=entity_0015|fullname=Hammichel von Gimmeldingen|gender=m)),(entity=(entity_id=entity_0027|fullname=Vincenz Ebendorffer|gender=m)))
69094	sich		
69095	nahten		
69096	und		
69097	tat		
69098	uns	10949	(mention_id=10885|references=(entity=(entity_id=entity_0005|fullname=Peter Armbruster|gender=m)),(entity=(entity_id=entity_0009|fullname=Franz Gersbacher|gender=m)),(entity=(entity_id=entity_0010|fullname=Steffen Gersbacher|gender=m)))
69099	,		
69100	unbemerkt		
69101	von		
69102	ihnen	10950	(mention_id=10886|references=(entity=(entity_id=entity_0027|fullname=Vincenz Ebendorffer|gender=m)),(entity=(entity_id=entity_0015|fullname=Hammichel von Gimmeldingen|gender=m)))
69103	,		
69104	Kundschafterdienst		
69105	.		
69106	«		
69107	Trudi	10951	(mention_id=10887|references=(entity=(entity_id=entity_0002|fullname=Gontrud Hegewald|gender=f)))
69108	wußte		
69109	nicht		
69110	,		
69111	wie		
69112	sie	10952	(mention_id=10888|references=(entity=(entity_id=entity_0002|fullname=Gontrud Hegewald|gender=f)))
69113	mit		
69114	ihrem	10953	(mention_id=10889|references=(entity=(entity_id=entity_0002|fullname=Gontrud Hegewald|gender=f)))
69115	vollen		
69116	Herzen		
69117	ihm	10954	(mention_id=10890|references=(entity=(entity_id=entity_0009|fullname=Franz Gersbacher|gender=m)))
69118	danken		
69119	sollte		
69120	,		
69121	und		
69122	fragte		
69123	nur		
69124	:		
69125	»		
69126	Hast		
69127	du	10955	(mention_id=10891|references=(entity=(entity_id=entity_0009|fullname=Franz Gersbacher|gender=m)))
69128	Schmerzen		
69129	?		
69130	«		
69131	»		
69132	Nur		
69133	wenig		
69134	,		
69135	«		
69136	antwortete		
69137	er	10956	(mention_id=10892|references=(entity=(entity_id=entity_0009|fullname=Franz Gersbacher|gender=m)))
69138	.		
69139	Beim		
69140	Schultheißen		(mention_id=10893|references=(entity=(entity_id=entity_0030|fullname=Schultheiß Gottfried Bofinger|gender=m)))
69141	führten		
69142	sie	10957	(mention_id=10894|references=(entity=(entity_id=entity_0005|fullname=Peter Armbruster|gender=m)),(entity=(entity_id=entity_0009|fullname=Franz Gersbacher|gender=m)),(entity=(entity_id=entity_0010|fullname=Steffen Gersbacher|gender=m)))
69143	die		
69144	Verbrecher	10958	(mention_id=10895|references=(entity=(entity_id=entity_0027|fullname=Vincenz Ebendorffer|gender=m)),(entity=(entity_id=entity_0015|fullname=Hammichel von Gimmeldingen|gender=m)))
69145	dem		
69146	alten		
69147	Herren	10959	(mention_id=10896|references=(entity=(entity_id=entity_0030|fullname=Schultheiß Gottfried Bofinger|gender=m)))
69148	vor		
69149	,		
69150	und		
69151	nach		
69152	Anhörung		
69153	von		
69154	Peters	10960	(mention_id=10897|references=(entity=(entity_id=entity_0005|fullname=Peter Armbruster|gender=m)))
69155	Bericht		
69156	über		
69157	das		
69158	Geschehene		
69159	schrieb		
69160	Gottfried	10961	(mention_id=10898|references=(entity=(entity_id=entity_0030|fullname=Schultheiß Gottfried Bofinger|gender=m)))
69161	Bofinger	10961	(mention_id=10898|references=(entity=(entity_id=entity_0030|fullname=Schultheiß Gottfried Bofinger|gender=m)))
69162	den		
69163	Befehl		
69164	für		
69165	den		
69166	Schließer	10962	(mention_id=10899|references=(entity=(entity_id=entity_0223|fullname=Schließer|gender=m)))
69167	,		
69168	die		
69169	beiden	10963	(mention_id=10900|references=(entity=(entity_id=entity_0027|fullname=Vincenz Ebendorffer|gender=m)),(entity=(entity_id=entity_0015|fullname=Hammichel von Gimmeldingen|gender=m)))
69170	einzukerkern		
69171	.		
69172	Dann		
69173	ging		
69174	es		
69175	,		
69176	während		
69177	sich	10964	(mention_id=10901|references=(entity=(entity_id=entity_0009|fullname=Franz Gersbacher|gender=m)))
69178	Franz	10965	(mention_id=10902|references=(entity=(entity_id=entity_0009|fullname=Franz Gersbacher|gender=m)))
69179	stracks		
69180	nach		
69181	Hause		
69182	begab		
69183	,		
69184	zum		
69185	Eulenturm		
69186	,		
69187	wo		
69188	Ebendorffer	10966	(mention_id=10903|references=(entity=(entity_id=entity_0027|fullname=Vincenz Ebendorffer|gender=m)))
69189	und		
69190	Hammichel	10967	(mention_id=10904|references=(entity=(entity_id=entity_0015|fullname=Hammichel von Gimmeldingen|gender=m)))
69191	,		
69192	voneinander		
69193	gesondert		
69194	,		
69195	in		
69196	Eisen		
69197	gelegt		
69198	wurden		
69199	.		
69200	»		
69201	Nun		
69202	haben		
69203	wir	10968	(mention_id=10905|references=(entity=(entity_id=entity_0010|fullname=Steffen Gersbacher|gender=m)),(entity=(entity_id=entity_0005|fullname=Peter Armbruster|gender=m)),(entity=(entity_id=entity_0009|fullname=Franz Gersbacher|gender=m)),(entity=(entity_id=entity_0002|fullname=Gontrud Hegewald|gender=f)),(entity=(entity_id=entity_0004|fullname=Ammerie Armbruster|gender=f)))
69204	sie	10969	(mention_id=10906|references=(entity=(entity_id=entity_0027|fullname=Vincenz Ebendorffer|gender=m)),(entity=(entity_id=entity_0015|fullname=Hammichel von Gimmeldingen|gender=m)))
69205	hinter		
69206	Schloß		
69207	und		
69208	Riegel		
69209	,		
69210	«		
69211	sprach		
69212	Steffen	10970	(mention_id=10907|references=(entity=(entity_id=entity_0010|fullname=Steffen Gersbacher|gender=m)))
69213	und		
69214	trennte		
69215	sich	10971	(mention_id=10908|references=(entity=(entity_id=entity_0010|fullname=Steffen Gersbacher|gender=m)))
69216	mit		
69217	einem		
69218	fröhlichen		
69219	Gute		
69220	Nacht		
69221	!		
69222	von		
69223	den		
69224	anderen	10972	(mention_id=10909|references=(entity=(entity_id=entity_0005|fullname=Peter Armbruster|gender=m)),(entity=(entity_id=entity_0002|fullname=Gontrud Hegewald|gender=f)),(entity=(entity_id=entity_0004|fullname=Ammerie Armbruster|gender=f)))
69225	,		
69226	wobei		
69227	er	10973	(mention_id=10910|references=(entity=(entity_id=entity_0010|fullname=Steffen Gersbacher|gender=m)))
69228	Ammerie	10974	(mention_id=10911|references=(entity=(entity_id=entity_0004|fullname=Ammerie Armbruster|gender=f)))
69229	so		
69230	kräftig		
69231	die		
69232	Hand		
69233	drückte		
69234	,		
69235	daß		
69236	sie	10975	(mention_id=10912|references=(entity=(entity_id=entity_0004|fullname=Ammerie Armbruster|gender=f)))
69237	beinah'		
69238	laut		
69239	aufgeschrien		
69240	hätte		
69241	.		
69242	Der		
69243	ganze		
69244	Vorgang		
69245	hatte		
69246	sich		
69247	ziemlich		
69248	schnell		
69249	abgespielt		
69250	und		
69251	von		
69252	Anfang		
69253	bis		
69254	zu		
69255	Ende		
69256	etwa		
69257	dreiviertel		
69258	Stunde		
69259	gedauert		
69260	.		
69261	Peter	10976	(mention_id=10913|references=(entity=(entity_id=entity_0005|fullname=Peter Armbruster|gender=m)))
69262	,		
69263	Trudi	10977	(mention_id=10914|references=(entity=(entity_id=entity_0002|fullname=Gontrud Hegewald|gender=f)))
69264	und		
69265	Ammerie	10978	(mention_id=10915|references=(entity=(entity_id=entity_0004|fullname=Ammerie Armbruster|gender=f)))
69266	wandten		
69267	sich	10979	(mention_id=10916|references=(entity=(entity_id=entity_0005|fullname=Peter Armbruster|gender=m)),(entity=(entity_id=entity_0002|fullname=Gontrud Hegewald|gender=f)),(entity=(entity_id=entity_0004|fullname=Ammerie Armbruster|gender=f)))
69268	dem		
69269	Abtshofe		
69270	zu		
69271	,		
69272	sprachen		
69273	aber		
69274	kaum		
69275	miteinander		
69276	,		
69277	denn		
69278	das		
69279	in		
69280	einen		
69281	knappen		
69282	Zeitraum		
69283	zusammengedrängt		
69284	Erlebte		
69285	übte		
69286	seine		
69287	mächtige		
69288	Nachwirkung		
69289	auf		
69290	sie	10980	(mention_id=10917|references=(entity=(entity_id=entity_0005|fullname=Peter Armbruster|gender=m)),(entity=(entity_id=entity_0002|fullname=Gontrud Hegewald|gender=f)),(entity=(entity_id=entity_0004|fullname=Ammerie Armbruster|gender=f)))
69291	aus		
69292	,		
69293	die		
69294	jeder	10981	(mention_id=10918|references=(entity=(entity_id=entity_0005|fullname=Peter Armbruster|gender=m)),(entity=(entity_id=entity_0002|fullname=Gontrud Hegewald|gender=f)),(entity=(entity_id=entity_0004|fullname=Ammerie Armbruster|gender=f)))
69295	in		
69296	sich	10982	(mention_id=10919|references=(entity=(entity_id=entity_0005|fullname=Peter Armbruster|gender=m)),(entity=(entity_id=entity_0002|fullname=Gontrud Hegewald|gender=f)),(entity=(entity_id=entity_0004|fullname=Ammerie Armbruster|gender=f)))
69297	selbst		
69298	zu		
69299	überwinden		
69300	strebte		
69301	.		
69302	Als		
69303	sie	10983	(mention_id=10920|references=(entity=(entity_id=entity_0005|fullname=Peter Armbruster|gender=m)),(entity=(entity_id=entity_0002|fullname=Gontrud Hegewald|gender=f)),(entity=(entity_id=entity_0004|fullname=Ammerie Armbruster|gender=f)))
69304	aber		
69305	an		
69306	das		
69307	Tor		
69308	des		
69309	Gehöftes		
69310	kamen		
69311	,		
69312	sahen		
69313	sie	10984	(mention_id=10921|references=(entity=(entity_id=entity_0005|fullname=Peter Armbruster|gender=m)),(entity=(entity_id=entity_0002|fullname=Gontrud Hegewald|gender=f)),(entity=(entity_id=entity_0004|fullname=Ammerie Armbruster|gender=f)))
69314	in		
69315	zwei		
69316	Fenstern		
69317	des		
69318	Hauses		
69319	einen		
69320	rötlichen		
69321	Schimmer		
69322	und		
69323	wußten		
69324	nun		
69325	,		
69326	daß		
69327	sie	10985	(mention_id=10922|references=(entity=(entity_id=entity_0005|fullname=Peter Armbruster|gender=m)),(entity=(entity_id=entity_0002|fullname=Gontrud Hegewald|gender=f)),(entity=(entity_id=entity_0004|fullname=Ammerie Armbruster|gender=f)))
69328	die		
69329	Eltern	10986	(mention_id=10923|references=(entity=(entity_id=entity_0003|fullname=Magdalene Armbruster|gender=f)),(entity=(entity_id=entity_0001|fullname=Christoph Armbruster|gender=m)))
69330	noch		
69331	in		
69332	der		
69333	Wohnstube		
69334	bei		
69335	der		
69336	Lampe		
69337	fanden		
69338	und		
69339	ihnen	10987	(mention_id=10924|references=(entity=(entity_id=entity_0003|fullname=Magdalene Armbruster|gender=f)),(entity=(entity_id=entity_0001|fullname=Christoph Armbruster|gender=m)))
69340	ihr	10988	(mention_id=10925|references=(entity=(entity_id=entity_0005|fullname=Peter Armbruster|gender=m)),(entity=(entity_id=entity_0002|fullname=Gontrud Hegewald|gender=f)),(entity=(entity_id=entity_0004|fullname=Ammerie Armbruster|gender=f)))
69341	Herz		
69342	ausschütten		
69343	konnten		
69344	.		
69345	So		
69346	traten		
69347	sie	10989	(mention_id=10926|references=(entity=(entity_id=entity_0005|fullname=Peter Armbruster|gender=m)),(entity=(entity_id=entity_0002|fullname=Gontrud Hegewald|gender=f)),(entity=(entity_id=entity_0004|fullname=Ammerie Armbruster|gender=f)))
69348	zu		
69349	ihnen	10990	(mention_id=10927|references=(entity=(entity_id=entity_0001|fullname=Christoph Armbruster|gender=m)),(entity=(entity_id=entity_0003|fullname=Magdalene Armbruster|gender=f)))
69350	ein		
69351	.		
69352	Ammerie	10991	(mention_id=10928|references=(entity=(entity_id=entity_0004|fullname=Ammerie Armbruster|gender=f)))
69353	schritt		
69354	entschlossen		
69355	voran		
69356	,		
69357	trumpfte		
69358	mit		
69359	derbem		
69360	Schlag		
69361	das		
69362	Pergament		
69363	vor		
69364	ihrem	10992	(mention_id=10929|references=(entity=(entity_id=entity_0004|fullname=Ammerie Armbruster|gender=f)))
69365	Vater	10993	(mention_id=10930|references=(entity=(entity_id=entity_0001|fullname=Christoph Armbruster|gender=m)))
69366	auf		
69367	den		
69368	Tisch		
69369	und		
69370	platzte		
69371	los		
69372	:		
69373	»		
69374	Hier		
69375	,		
69376	Väterle	10994	(mention_id=10931|references=(entity=(entity_id=entity_0001|fullname=Christoph Armbruster|gender=m)))
69377	,		
69378	hast		
69379	du	10995	(mention_id=10932|references=(entity=(entity_id=entity_0001|fullname=Christoph Armbruster|gender=m)))
69380	die		
69381	Vollmacht		
69382	des		
69383	Klostermeiers	10996	(mention_id=10933|references=(entity=(entity_id=entity_0027|fullname=Vincenz Ebendorffer|gender=m)))
69384	von	10996	(mention_id=10933|references=(entity=(entity_id=entity_0027|fullname=Vincenz Ebendorffer|gender=m)))
69385	Bronnbach	10996	(mention_id=10933|references=(entity=(entity_id=entity_0027|fullname=Vincenz Ebendorffer|gender=m)))
69386	!		
69387	ich	10997	(mention_id=10934|references=(entity=(entity_id=entity_0004|fullname=Ammerie Armbruster|gender=f)))
69388	hab'		
69389	sie		
69390	ihm	10998	(mention_id=10935|references=(entity=(entity_id=entity_0027|fullname=Vincenz Ebendorffer|gender=m)))
69391	eigenhändig		
69392	abgenommen		
69393	.		
69394	Er	10999	(mention_id=10936|references=(entity=(entity_id=entity_0027|fullname=Vincenz Ebendorffer|gender=m)))
69395	wollte		
69396	unter		
69397	dem		
69398	Beistande		
69399	Hammichels	11000	(mention_id=10937|references=(entity=(entity_id=entity_0015|fullname=Hammichel von Gimmeldingen|gender=m)))
69400	und		
69401	noch		
69402	eines		
69403	andern		
69404	unsere	11001	(mention_id=10938|references=(entity=(entity_id=entity_0007|fullname=Familie Armbruster|gender=mf|members=entity_0001,entity_0003,entity_0004,entity_0005,entity_0008,entity_0016,entity_0017|all_members_given=True|specialcase_entity=group)))
69405	Trudi	11002	(mention_id=10939|references=(entity=(entity_id=entity_0002|fullname=Gontrud Hegewald|gender=f)))
69406	mit		
69407	Gewalt		
69408	über		
69409	den		
69410	Rhein		
69411	entführen		
69412	,		
69413	aber		
69414	wir	11003	(mention_id=10940|references=(entity=(entity_id=entity_0004|fullname=Ammerie Armbruster|gender=f)),(entity=(entity_id=entity_0002|fullname=Gontrud Hegewald|gender=f)),(entity=(entity_id=entity_0005|fullname=Peter Armbruster|gender=m)))
69415	mit		
69416	Franz	11004	(mention_id=10941|references=(entity=(entity_id=entity_0009|fullname=Franz Gersbacher|gender=m)))
69417	und		
69418	Steffen	11005	(mention_id=10942|references=(entity=(entity_id=entity_0010|fullname=Steffen Gersbacher|gender=m)))
69419	haben		
69420	sie	11006	(mention_id=10943|references=(entity=(entity_id=entity_0002|fullname=Gontrud Hegewald|gender=f)))
69421	gerettet		
69422	,		
69423	und		
69424	jetzt		
69425	sitzen		
69426	die		
69427	Bösewichter	11007	(mention_id=10944|references=(entity=(entity_id=entity_0027|fullname=Vincenz Ebendorffer|gender=m)),(entity=(entity_id=entity_0015|fullname=Hammichel von Gimmeldingen|gender=m)))
69428	wohlverwahrt		
69429	im		
69430	Eulenturm		
69431	.		
69432	«		
69433	Der		
69434	Bürgermeister	11008	(mention_id=10945|references=(entity=(entity_id=entity_0001|fullname=Christoph Armbruster|gender=m)))
69435	blickte		
69436	seine	11009	(mention_id=10946|references=(entity=(entity_id=entity_0001|fullname=Christoph Armbruster|gender=m)))
69437	ihm	11010	(mention_id=10947|references=(entity=(entity_id=entity_0001|fullname=Christoph Armbruster|gender=m)))
69438	verdächtig		
69439	vorkommende		
69440	Jüngste	11011	(mention_id=10948|references=(entity=(entity_id=entity_0004|fullname=Ammerie Armbruster|gender=f)))
69441	lächelnd		
69442	an		
69443	und		
69444	sagte		
69445	,		
69446	ihr	11012	(mention_id=10949|references=(entity=(entity_id=entity_0004|fullname=Ammerie Armbruster|gender=f)))
69447	mit		
69448	dem		
69449	Finger		
69450	drohend		
69451	,		
69452	gutlaunig		
69453	:		
69454	»		
69455	Grashupf		(mention_id=10950|references=(entity=(entity_id=entity_0004|fullname=Ammerie Armbruster|gender=f)))
69456	,		
69457	ihr	11013	(mention_id=10951|references=(entity=(entity_id=entity_0004|fullname=Ammerie Armbruster|gender=f)),(entity=(entity_id=entity_0002|fullname=Gontrud Hegewald|gender=f)))
69458	waret		
69459	bei		
69460	Gersbachers	11014	(mention_id=10952|references=(entity=(entity_id=entity_0013|fullname=Familie Gersbacher|gender=mf|members=entity_0009,entity_0010,entity_0011,entity_0012|all_members_given=True|specialcase_entity=group)))
69461	,		
69462	da		
69463	hat		
69464	dir	11015	(mention_id=10953|references=(entity=(entity_id=entity_0004|fullname=Ammerie Armbruster|gender=f)))
69465	der		
69466	Steffen	11016	(mention_id=10954|references=(entity=(entity_id=entity_0010|fullname=Steffen Gersbacher|gender=m)))
69467	wohl		
69468	zuviel		
69469	Ruppertsberger		
69470	eingeschenkt		
69471	?		
69472	«		
69473	»		
69474	Der		
69475	Steffen	11017	(mention_id=10955|references=(entity=(entity_id=entity_0010|fullname=Steffen Gersbacher|gender=m)))
69476	?		
69477	ach		
69478	!		
69479	–		
69480	wir	11018	(mention_id=10956|references=(entity=(entity_id=entity_0004|fullname=Ammerie Armbruster|gender=f)),(entity=(entity_id=entity_0002|fullname=Gontrud Hegewald|gender=f)))
69481	waren		
69482	gar		
69483	nicht		
69484	bei		
69485	Gersbachers	11019	(mention_id=10957|references=(entity=(entity_id=entity_0013|fullname=Familie Gersbacher|gender=mf|members=entity_0009,entity_0010,entity_0011,entity_0012|all_members_given=True|specialcase_entity=group)))
69486	,		
69487	«		
69488	stotterte		
69489	sie	11020	(mention_id=10958|references=(entity=(entity_id=entity_0004|fullname=Ammerie Armbruster|gender=f)))
69490	mit		
69491	heißen		
69492	Wangen		
69493	.		
69494	Er	11021	(mention_id=10959|references=(entity=(entity_id=entity_0001|fullname=Christoph Armbruster|gender=m)))
69495	entfaltete		
69496	das		
69497	Pergament		
69498	.		
69499	»		
69500	Meiner	11022	(mention_id=10960|references=(entity=(entity_id=entity_0001|fullname=Christoph Armbruster|gender=m)))
69501	Seele	11023	
69502	!		
69503	es		
69504	ist		
69505	wahrhaftig		
69506	die		
69507	Vollmacht		
69508	,		
69509	«		
69510	sprach		
69511	er	11024	(mention_id=10961|references=(entity=(entity_id=entity_0001|fullname=Christoph Armbruster|gender=m)))
69512	staunend		
69513	,		
69514	nahezu		
69515	verblüfft		
69516	.		
69517	»		
69518	Setzt		
69519	euch	11025	(mention_id=10962|references=(entity=(entity_id=entity_0005|fullname=Peter Armbruster|gender=m)),(entity=(entity_id=entity_0002|fullname=Gontrud Hegewald|gender=f)),(entity=(entity_id=entity_0004|fullname=Ammerie Armbruster|gender=f)))
69520	und		
69521	erzählt		
69522	!		
69523	«		
69524	Jetzt		
69525	trat		
69526	Elsbeth	11026	(mention_id=10963|references=(entity=(entity_id=entity_0008|fullname=Elsbeth Armbruster|gender=f)))
69527	ein		
69528	,		
69529	denn		
69530	sie	11027	(mention_id=10964|references=(entity=(entity_id=entity_0008|fullname=Elsbeth Armbruster|gender=f)))
69531	hatte		
69532	die		
69533	drei	11028	(mention_id=10965|references=(entity=(entity_id=entity_0005|fullname=Peter Armbruster|gender=m)),(entity=(entity_id=entity_0002|fullname=Gontrud Hegewald|gender=f)),(entity=(entity_id=entity_0004|fullname=Ammerie Armbruster|gender=f)))
69534	über		
69535	den		
69536	Hof		
69537	kommen		
69538	hören		
69539	.		
69540	Sie	11029	(mention_id=10966|references=(entity=(entity_id=entity_0008|fullname=Elsbeth Armbruster|gender=f)))
69541	stutzte		
69542	vor		
69543	den		
69544	ernsten		
69545	,		
69546	erregten		
69547	Gesichtern		
69548	,		
69549	aber		
69550	ehe		
69551	sie	11030	(mention_id=10967|references=(entity=(entity_id=entity_0008|fullname=Elsbeth Armbruster|gender=f)))
69552	eine		
69553	Frage		
69554	tun		
69555	konnte		
69556	,		
69557	machte		
69558	ihr	11031	(mention_id=10968|references=(entity=(entity_id=entity_0008|fullname=Elsbeth Armbruster|gender=f)))
69559	Madlen	11032	(mention_id=10969|references=(entity=(entity_id=entity_0003|fullname=Magdalene Armbruster|gender=f)))
69560	ein		
69561	Zeichen		
69562	des		
69563	Schweigens		
69564	und		
69565	wies		
69566	nach		
69567	einem		
69568	Stuhl		
69569	hin		
69570	.		
69571	Als		
69572	alle	11033	(mention_id=10970|references=(entity=(entity_id=entity_0005|fullname=Peter Armbruster|gender=m)),(entity=(entity_id=entity_0002|fullname=Gontrud Hegewald|gender=f)),(entity=(entity_id=entity_0004|fullname=Ammerie Armbruster|gender=f)),(entity=(entity_id=entity_0008|fullname=Elsbeth Armbruster|gender=f)),(entity=(entity_id=entity_0003|fullname=Magdalene Armbruster|gender=f)),(entity=(entity_id=entity_0001|fullname=Christoph Armbruster|gender=m)))
69573	saßen		
69574	,		
69575	nahm		
69576	Ammerie	11034	(mention_id=10971|references=(entity=(entity_id=entity_0004|fullname=Ammerie Armbruster|gender=f)))
69577	das		
69578	Wort		
69579	und		
69580	schilderte		
69581	das		
69582	bestandene		
69583	Abenteuer		
69584	so		
69585	lebendig		
69586	und		
69587	anschaulich		
69588	,		
69589	daß		
69590	die		
69591	Hörenden	11035	(mention_id=10972|references=(entity=(entity_id=entity_0005|fullname=Peter Armbruster|gender=m)),(entity=(entity_id=entity_0002|fullname=Gontrud Hegewald|gender=f)),(entity=(entity_id=entity_0008|fullname=Elsbeth Armbruster|gender=f)),(entity=(entity_id=entity_0003|fullname=Magdalene Armbruster|gender=f)),(entity=(entity_id=entity_0001|fullname=Christoph Armbruster|gender=m)))
69592	mit		
69593	allen		
69594	Sinnen		
69595	an		
69596	ihren	11036	(mention_id=10973|references=(entity=(entity_id=entity_0004|fullname=Ammerie Armbruster|gender=f)))
69597	Lippen		
69598	hingen		
69599	und		
69600	am		
69601	Schlusse		
69602	ihres	11037	(mention_id=10974|references=(entity=(entity_id=entity_0004|fullname=Ammerie Armbruster|gender=f)))
69603	eindringlichen		
69604	Berichtes		
69605	ein		
69606	tiefes		
69607	,		
69608	nachdenkliches		
69609	Schweigen		
69610	am		
69611	Tische		
69612	herrschte		
69613	.		
69614	Dann		
69615	aber		
69616	gaben		
69617	Madlen	11038	(mention_id=10975|references=(entity=(entity_id=entity_0003|fullname=Magdalene Armbruster|gender=f)))
69618	,		
69619	Christoph	11039	(mention_id=10976|references=(entity=(entity_id=entity_0001|fullname=Christoph Armbruster|gender=m)))
69620	und		
69621	Elsbeth	11040	(mention_id=10977|references=(entity=(entity_id=entity_0008|fullname=Elsbeth Armbruster|gender=f)))
69622	ihrer	11041	(mention_id=10978|references=(entity=(entity_id=entity_0003|fullname=Magdalene Armbruster|gender=f)),(entity=(entity_id=entity_0001|fullname=Christoph Armbruster|gender=m)),(entity=(entity_id=entity_0008|fullname=Elsbeth Armbruster|gender=f)))
69623	Freude		
69624	über		
69625	Trudis	11042	(mention_id=10979|references=(entity=(entity_id=entity_0002|fullname=Gontrud Hegewald|gender=f)))
69626	Rettung		
69627	aus		
69628	der		
69629	Gefahr		
69630	und		
69631	zugleich		
69632	ihrer	11043	(mention_id=10980|references=(entity=(entity_id=entity_0003|fullname=Magdalene Armbruster|gender=f)),(entity=(entity_id=entity_0001|fullname=Christoph Armbruster|gender=m)),(entity=(entity_id=entity_0008|fullname=Elsbeth Armbruster|gender=f)))
69633	warmen		
69634	Anerkennung		
69635	von		
69636	Peters	11044	(mention_id=10981|references=(entity=(entity_id=entity_0005|fullname=Peter Armbruster|gender=m)))
69637	und		
69638	seiner	11045	(mention_id=10982|references=(entity=(entity_id=entity_0005|fullname=Peter Armbruster|gender=m)))
69639	beiden		
69640	Schwäger	11046	(mention_id=10983|references=(entity=(entity_id=entity_0009|fullname=Franz Gersbacher|gender=m)),(entity=(entity_id=entity_0010|fullname=Steffen Gersbacher|gender=m)))
69641	tatkräftigem		
69642	Schutze		
69643	,		
69644	dem		(mention_id=10984|references=(entity=(entity_id=entity_0005|fullname=Peter Armbruster|gender=m)),(entity=(entity_id=entity_0009|fullname=Franz Gersbacher|gender=m)),(entity=(entity_id=entity_0010|fullname=Steffen Gersbacher|gender=m)))
69645	allein		
69646	die		
69647	Rettung		
69648	zu		
69649	danken		
69650	war		
69651	,		
69652	herzüberquellenden		
69653	Ausdruck		
69654	.		
69655	Darauf		
69656	winkte		
69657	der		
69658	Bürgermeister	11047	(mention_id=10985|references=(entity=(entity_id=entity_0001|fullname=Christoph Armbruster|gender=m)))
69659	seiner	11048	(mention_id=10986|references=(entity=(entity_id=entity_0001|fullname=Christoph Armbruster|gender=m)))
69660	Tochter	11049	(mention_id=10987|references=(entity=(entity_id=entity_0004|fullname=Ammerie Armbruster|gender=f)))
69661	:		
69662	»		
69663	Nun		
69664	komm'		
69665	du	11050	(mention_id=10988|references=(entity=(entity_id=entity_0004|fullname=Ammerie Armbruster|gender=f)))
69666	mal		
69667	her		
69668	,		
69669	Grashupf	11051	(mention_id=10989|references=(entity=(entity_id=entity_0004|fullname=Ammerie Armbruster|gender=f)))
69670	!		
69671	was		
69672	mach'		
69673	ich	11052	(mention_id=10990|references=(entity=(entity_id=entity_0001|fullname=Christoph Armbruster|gender=m)))
69674	denn		
69675	mit		
69676	dir	11053	(mention_id=10991|references=(entity=(entity_id=entity_0004|fullname=Ammerie Armbruster|gender=f)))
69677	?		
69678	Du	11054	(mention_id=10992|references=(entity=(entity_id=entity_0004|fullname=Ammerie Armbruster|gender=f)))
69679	bist		
69680	doch		
69681	gewiß		
69682	die		
69683	Rädelsführerin	11055	(mention_id=10993|references=(entity=(entity_id=entity_0004|fullname=Ammerie Armbruster|gender=f)))
69684	bei		
69685	dem		
69686	Wagestück		
69687	gewesen		
69688	,		
69689	nicht		
69690	wahr		
69691	?		
69692	«		
69693	»		
69694	Natürlich		
69695	,		
69696	Väterle	11056	(mention_id=10994|references=(entity=(entity_id=entity_0001|fullname=Christoph Armbruster|gender=m)))
69697	!		
69698	«		
69699	gestand		
69700	Ammerie	11057	(mention_id=10995|references=(entity=(entity_id=entity_0004|fullname=Ammerie Armbruster|gender=f)))
69701	mit		
69702	keckem		
69703	Selbstbewußtsein		
69704	.		
69705	»		
69706	Die		
69707	Trudi	11058	(mention_id=10996|references=(entity=(entity_id=entity_0002|fullname=Gontrud Hegewald|gender=f)))
69708	wollte		
69709	erst		
69710	durchaus		
69711	nicht		
69712	mit		
69713	,		
69714	aber		
69715	ich	11059	(mention_id=10997|references=(entity=(entity_id=entity_0004|fullname=Ammerie Armbruster|gender=f)))
69716	habe		
69717	sie	11060	(mention_id=10998|references=(entity=(entity_id=entity_0002|fullname=Gontrud Hegewald|gender=f)))
69718	doch		
69719	dazu		
69720	herumgekriegt		
69721	,		
69722	und		
69723	darauf		
69724	bild'		
69725	ich	11061	(mention_id=10999|references=(entity=(entity_id=entity_0004|fullname=Ammerie Armbruster|gender=f)))
69726	mir	11062	(mention_id=11000|references=(entity=(entity_id=entity_0004|fullname=Ammerie Armbruster|gender=f)))
69727	nicht		
69728	wenig		
69729	ein		
69730	,		
69731	denn		
69732	sonst		
69733	säßen		
69734	ja		
69735	die		
69736	Schufte		(mention_id=11001|references=(entity=(entity_id=entity_0027|fullname=Vincenz Ebendorffer|gender=m)),(entity=(entity_id=entity_0015|fullname=Hammichel von Gimmeldingen|gender=m)))
69737	jetzt		
69738	nicht		
69739	im		
69740	Eulenturm		
69741	.		
69742	«		
69743	»		
69744	Ja		
69745	,		
69746	was		
69747	wären		
69748	wir	11063	(mention_id=11002|references=(entity=(entity_id=entity_0001|fullname=Christoph Armbruster|gender=m)),(entity=(entity_id=entity_0003|fullname=Magdalene Armbruster|gender=f)))
69749	ohne		
69750	dich	11064	(mention_id=11003|references=(entity=(entity_id=entity_0004|fullname=Ammerie Armbruster|gender=f)))
69751	!		
69752	«		
69753	lachte		
69754	er	11065	(mention_id=11004|references=(entity=(entity_id=entity_0001|fullname=Christoph Armbruster|gender=m)))
69755	und		
69756	griff		
69757	ihr	11066	(mention_id=11005|references=(entity=(entity_id=entity_0004|fullname=Ammerie Armbruster|gender=f)))
69758	liebevoll		
69759	in		
69760	das		
69761	krause		
69762	Stirnhaar		
69763	.		
69764	»		
69765	Und		
69766	auf		
69767	welch		
69768	hinterlistige		
69769	Weise		
69770	habt		
69771	ihr	11067	(mention_id=11006|references=(entity=(entity_id=entity_0004|fullname=Ammerie Armbruster|gender=f)),(entity=(entity_id=entity_0002|fullname=Gontrud Hegewald|gender=f)))
69772	Rackerzeug		
69773	von		
69774	Mädels	11068	(mention_id=11007|references=(entity=(entity_id=entity_0004|fullname=Ammerie Armbruster|gender=f)),(entity=(entity_id=entity_0002|fullname=Gontrud Hegewald|gender=f)))
69775	euch	11069	(mention_id=11008|references=(entity=(entity_id=entity_0004|fullname=Ammerie Armbruster|gender=f)),(entity=(entity_id=entity_0002|fullname=Gontrud Hegewald|gender=f)))
69776	von		
69777	uns	11070	(mention_id=11009|references=(entity=(entity_id=entity_0003|fullname=Magdalene Armbruster|gender=f)),(entity=(entity_id=entity_0001|fullname=Christoph Armbruster|gender=m)))
69778	weggestohlen		
69779	!		
69780	«		
69781	schalt		
69782	Madlen	11071	(mention_id=11010|references=(entity=(entity_id=entity_0003|fullname=Magdalene Armbruster|gender=f)))
69783	in		
69784	spaßhaftem		
69785	Tone		
69786	.		
69787	»		
69788	Euch	11072	(mention_id=11011|references=(entity=(entity_id=entity_0003|fullname=Magdalene Armbruster|gender=f)),(entity=(entity_id=entity_0001|fullname=Christoph Armbruster|gender=m)))
69789	um		
69790	Erlaubnis		
69791	dazu		
69792	bitten		
69793	konnten		
69794	wir	11073	(mention_id=11012|references=(entity=(entity_id=entity_0004|fullname=Ammerie Armbruster|gender=f)),(entity=(entity_id=entity_0002|fullname=Gontrud Hegewald|gender=f)))
69795	doch		
69796	nicht		
69797	,		
69798	Mütterle	11074	(mention_id=11013|references=(entity=(entity_id=entity_0003|fullname=Magdalene Armbruster|gender=f)))
69799	,		
69800	«		
69801	entgegnete		
69802	Ammerie	11075	(mention_id=11014|references=(entity=(entity_id=entity_0004|fullname=Ammerie Armbruster|gender=f)))
69803	.		
69804	»		
69805	Darum		
69806	mußten		
69807	wir	11076	(mention_id=11015|references=(entity=(entity_id=entity_0004|fullname=Ammerie Armbruster|gender=f)),(entity=(entity_id=entity_0002|fullname=Gontrud Hegewald|gender=f)))
69808	euch	11077	(mention_id=11016|references=(entity=(entity_id=entity_0003|fullname=Magdalene Armbruster|gender=f)),(entity=(entity_id=entity_0001|fullname=Christoph Armbruster|gender=m)))
69809	vorflunkern		
69810	,		
69811	wir	11078	(mention_id=11017|references=(entity=(entity_id=entity_0004|fullname=Ammerie Armbruster|gender=f)),(entity=(entity_id=entity_0002|fullname=Gontrud Hegewald|gender=f)))
69812	gingen		
69813	zu		
69814	Gersbachers	11079	(mention_id=11018|references=(entity=(entity_id=entity_0013|fullname=Familie Gersbacher|gender=mf|members=entity_0009,entity_0010,entity_0011,entity_0012|all_members_given=True|specialcase_entity=group)))
69815	,		
69816	denn		
69817	zu		
69818	einem		
69819	Stelldichein		
69820	mit		
69821	dem		
69822	Meier	11080	(mention_id=11019|references=(entity=(entity_id=entity_0027|fullname=Vincenz Ebendorffer|gender=m)))
69823	hättet		
69824	ihr	11081	(mention_id=11020|references=(entity=(entity_id=entity_0003|fullname=Magdalene Armbruster|gender=f)),(entity=(entity_id=entity_0001|fullname=Christoph Armbruster|gender=m)))
69825	uns	11082	(mention_id=11021|references=(entity=(entity_id=entity_0004|fullname=Ammerie Armbruster|gender=f)),(entity=(entity_id=entity_0002|fullname=Gontrud Hegewald|gender=f)))
69826	doch		
69827	keinen		
69828	Urlaub		
69829	bewilligt		
69830	.		
69831	«		
69832	»		
69833	Allerdings		
69834	nicht		
69835	,		
69836	«		
69837	sprach		
69838	Christoph	11083	(mention_id=11022|references=(entity=(entity_id=entity_0001|fullname=Christoph Armbruster|gender=m)))
69839	,		
69840	»		
69841	aber		
69842	da		
69843	alles		
69844	noch		
69845	so		
69846	leidlich		
69847	abgelaufen		
69848	ist		
69849	,		
69850	sei		
69851	euch	11084	(mention_id=11023|references=(entity=(entity_id=entity_0004|fullname=Ammerie Armbruster|gender=f)),(entity=(entity_id=entity_0002|fullname=Gontrud Hegewald|gender=f)))
69852	die		
69853	Flunkerei		
69854	für		
69855	diesmal		
69856	verziehen		
69857	.		
69858	Ich	11085	(mention_id=11024|references=(entity=(entity_id=entity_0001|fullname=Christoph Armbruster|gender=m)))
69859	hoffe		
69860	,		
69861	die		
69862	nachjagenden		
69863	Herren	11086	(mention_id=11025|references=(entity=(entity_id=entity_0056|fullname=Abt von Bronnbach|gender=m)),(entity=(entity_id=entity_0217|fullname=Bischof von Würzburg|gender=m)))
69864	werden		
69865	uns	11087	(mention_id=11026|references=(entity=(entity_id=entity_0001|fullname=Christoph Armbruster|gender=m)),(entity=(entity_id=entity_0003|fullname=Magdalene Armbruster|gender=f)))
69866	nach		
69867	dieser		
69868	Erfahrung		
69869	mit		
69870	ihrem	11088	(mention_id=11027|references=(entity=(entity_id=entity_0217|fullname=Bischof von Würzburg|gender=m)),(entity=(entity_id=entity_0056|fullname=Abt von Bronnbach|gender=m)))
69871	Abgesandten	11089	(mention_id=11028|references=(entity=(entity_id=entity_0027|fullname=Vincenz Ebendorffer|gender=m)))
69872	,		
69873	falls		
69874	der		
69875	gefangene		
69876	Marder	11090	(mention_id=11029|references=(entity=(entity_id=entity_0027|fullname=Vincenz Ebendorffer|gender=m)|specialcase_reference=figurative))
69877	überhaupt		
69878	ihr	11091	(mention_id=11030|references=(entity=(entity_id=entity_0217|fullname=Bischof von Würzburg|gender=m)),(entity=(entity_id=entity_0056|fullname=Abt von Bronnbach|gender=m)))
69879	Abgesandter	11092	(mention_id=11031|references=(entity=(entity_id=entity_0027|fullname=Vincenz Ebendorffer|gender=m)))
69880	war		
69881	,		
69882	in		
69883	Zukunft		
69884	ungeschoren		
69885	lassen		
69886	.		
69887	«		
69888	»		
69889	Seine		(mention_id=11032|references=(entity=(entity_id=entity_0027|fullname=Vincenz Ebendorffer|gender=m)))
69890	Vollmacht		
69891	solltest		
69892	du	11093	(mention_id=11033|references=(entity=(entity_id=entity_0002|fullname=Gontrud Hegewald|gender=f)))
69893	dir	11094	(mention_id=11034|references=(entity=(entity_id=entity_0002|fullname=Gontrud Hegewald|gender=f)))
69894	einrahmen		
69895	lassen		
69896	und		
69897	zur		
69898	Erinnerung		
69899	an		
69900	die		
69901	Wand		
69902	hängen		
69903	,		
69904	Trudi	11095	(mention_id=11035|references=(entity=(entity_id=entity_0002|fullname=Gontrud Hegewald|gender=f)))
69905	,		
69906	«		
69907	sagte		
69908	Peter	11096	(mention_id=11036|references=(entity=(entity_id=entity_0005|fullname=Peter Armbruster|gender=m)))
69909	.		
69910	»		
69911	Ich	11097	(mention_id=11037|references=(entity=(entity_id=entity_0002|fullname=Gontrud Hegewald|gender=f)))
69912	danke		
69913	schön		
69914	,		
69915	Peter	11098	(mention_id=11038|references=(entity=(entity_id=entity_0005|fullname=Peter Armbruster|gender=m)))
69916	,		
69917	für		
69918	solche		
69919	Erinnerung		
69920	!		
69921	«		
69922	erwiderte		
69923	Trudi	11099	(mention_id=11039|references=(entity=(entity_id=entity_0002|fullname=Gontrud Hegewald|gender=f)))
69924	lachend		
69925	.		
69926	»		
69927	Onkel	11100	(mention_id=11040|references=(entity=(entity_id=entity_0001|fullname=Christoph Armbruster|gender=m)))
69928	Chrischtoph	11100	(mention_id=11040|references=(entity=(entity_id=entity_0001|fullname=Christoph Armbruster|gender=m)))
69929	wird		
69930	das		
69931	Dokument		
69932	wohl		
69933	in		
69934	seinem	11101	(mention_id=11041|references=(entity=(entity_id=entity_0001|fullname=Christoph Armbruster|gender=m)))
69935	Repositorium		
69936	begraben		
69937	.		
69938	«		
69939	»		
69940	Richtig		
69941	,		
69942	mein	11102	(mention_id=11042|references=(entity=(entity_id=entity_0001|fullname=Christoph Armbruster|gender=m)))
69943	Kind	11103	(mention_id=11043|references=(entity=(entity_id=entity_0002|fullname=Gontrud Hegewald|gender=f)))
69944	,		
69945	ad		
69946	acta		
69947	damit		
69948	!		
69949	«		
69950	sprach		
69951	der		
69952	Bürgermeister	11104	(mention_id=11044|references=(entity=(entity_id=entity_0001|fullname=Christoph Armbruster|gender=m)))
69953	.		
69954	So		
69955	wurde		
69956	über		
69957	die		
69958	denkwürdige		
69959	Begebenheit		
69960	noch		
69961	viel		
69962	in		
69963	Ernst		
69964	und		
69965	Scherz		
69966	hin		
69967	und		
69968	her		
69969	geredet		
69970	,		
69971	und		
69972	die		
69973	Armbrusters	11105	(mention_id=11045|references=(entity=(entity_id=entity_0007|fullname=Familie Armbruster|gender=mf|members=entity_0001,entity_0003,entity_0004,entity_0005,entity_0008,entity_0016,entity_0017|all_members_given=True|specialcase_entity=group)))
69974	gelangten		
69975	heut		
69976	erst		
69977	sehr		
69978	spät		
69979	zu		
69980	ihrer	11106	(mention_id=11046|references=(entity=(entity_id=entity_0007|fullname=Familie Armbruster|gender=mf|members=entity_0001,entity_0003,entity_0004,entity_0005,entity_0008,entity_0016,entity_0017|all_members_given=True|specialcase_entity=group)))
69981	Nachtruhe		
69982	.		
69983	Als		
69984	die		
69985	beiden		
69986	Mädchen	11107	(mention_id=11047|references=(entity=(entity_id=entity_0002|fullname=Gontrud Hegewald|gender=f)),(entity=(entity_id=entity_0004|fullname=Ammerie Armbruster|gender=f)))
69987	oben		
69988	in		
69989	ihrer	11108	(mention_id=11048|references=(entity=(entity_id=entity_0002|fullname=Gontrud Hegewald|gender=f)),(entity=(entity_id=entity_0004|fullname=Ammerie Armbruster|gender=f)))
69990	Kammer		
69991	waren		
69992	und		
69993	Trudi	11109	(mention_id=11049|references=(entity=(entity_id=entity_0002|fullname=Gontrud Hegewald|gender=f)))
69994	bereits		
69995	im		
69996	Bette		
69997	lag		
69998	,		
69999	beugte		
70000	sich	11110	(mention_id=11050|references=(entity=(entity_id=entity_0004|fullname=Ammerie Armbruster|gender=f)))
70001	Ammerie	11111	(mention_id=11051|references=(entity=(entity_id=entity_0004|fullname=Ammerie Armbruster|gender=f)))
70002	,		
70003	auch		
70004	schon		
70005	entkleidet		
70006	,		
70007	zärtlich		
70008	über		
70009	sie	11112	(mention_id=11052|references=(entity=(entity_id=entity_0002|fullname=Gontrud Hegewald|gender=f)))
70010	und		
70011	begann		
70012	:		
70013	»		
70014	Du	11113	(mention_id=11053|references=(entity=(entity_id=entity_0002|fullname=Gontrud Hegewald|gender=f)))
70015	hattest		
70016	doch		
70017	recht		
70018	,		
70019	Trudi	11114	(mention_id=11054|references=(entity=(entity_id=entity_0002|fullname=Gontrud Hegewald|gender=f)))
70020	,		
70021	daß		
70022	das		
70023	Abschiednehmen		
70024	eine		
70025	Falle		
70026	war		
70027	,		
70028	die		
70029	der		
70030	abscheuliche		
70031	Mensch	11115	(mention_id=11055|references=(entity=(entity_id=entity_0027|fullname=Vincenz Ebendorffer|gender=m)))
70032	dir	11116	(mention_id=11056|references=(entity=(entity_id=entity_0002|fullname=Gontrud Hegewald|gender=f)))
70033	gestellt		
70034	hatte		
70035	.		
70036	Gott		(mention_id=11057|references=(entity=(entity_id=entity_0040|fullname=Gott|gender=m|specialcase_entity=nonfact)))
70037	sei		
70038	gedankt		
70039	,		
70040	daß		
70041	ihm	11117	(mention_id=11058|references=(entity=(entity_id=entity_0027|fullname=Vincenz Ebendorffer|gender=m)))
70042	der		
70043	Bubenstreich		
70044	nicht		
70045	gelungen		
70046	ist		
70047	!		
70048	Jetzt		
70049	aber		
70050	möcht'		
70051	ich	11118	(mention_id=11059|references=(entity=(entity_id=entity_0004|fullname=Ammerie Armbruster|gender=f)))
70052	dich	11119	(mention_id=11060|references=(entity=(entity_id=entity_0002|fullname=Gontrud Hegewald|gender=f)))
70053	prügeln		
70054	vor		
70055	Freude		
70056	,		
70057	daß		
70058	ich	11120	(mention_id=11061|references=(entity=(entity_id=entity_0004|fullname=Ammerie Armbruster|gender=f)))
70059	dich	11121	(mention_id=11062|references=(entity=(entity_id=entity_0002|fullname=Gontrud Hegewald|gender=f)))
70060	wieder		
70061	hier		
70062	in		
70063	den		
70064	Daunen		
70065	habe		
70066	,		
70067	du	11122	(mention_id=11063|references=(entity=(entity_id=entity_0002|fullname=Gontrud Hegewald|gender=f)))
70068	–		
70069	du	11123	(mention_id=11064|references=(entity=(entity_id=entity_0002|fullname=Gontrud Hegewald|gender=f)))
70070	Würzburgische	11124	(mention_id=11065|references=(entity=(entity_id=entity_0002|fullname=Gontrud Hegewald|gender=f)))
70071	!		
70072	«		
70073	»		
70074	Nur		
70075	immer		
70076	zu		
70077	!		
70078	von		
70079	dir	11125	(mention_id=11066|references=(entity=(entity_id=entity_0004|fullname=Ammerie Armbruster|gender=f)))
70080	will		
70081	ich	11126	(mention_id=11067|references=(entity=(entity_id=entity_0002|fullname=Gontrud Hegewald|gender=f)))
70082	die		
70083	schönsten		
70084	Püffe		
70085	für		
70086	alle		
70087	die		
70088	Not		
70089	und		
70090	Beschwer		
70091	,		
70092	die		
70093	ich	11127	(mention_id=11068|references=(entity=(entity_id=entity_0002|fullname=Gontrud Hegewald|gender=f)))
70094	euch	11128	(mention_id=11069|references=(entity=(entity_id=entity_0004|fullname=Ammerie Armbruster|gender=f)),(entity=(entity_id=entity_0005|fullname=Peter Armbruster|gender=m)),(entity=(entity_id=entity_0009|fullname=Franz Gersbacher|gender=m)),(entity=(entity_id=entity_0010|fullname=Steffen Gersbacher|gender=m)))
70095	verursacht		
70096	habe		
70097	,		
70098	gern		
70099	hinnehmen		
70100	,		
70101	«		
70102	sagte		
70103	Trudi	11129	(mention_id=11070|references=(entity=(entity_id=entity_0002|fullname=Gontrud Hegewald|gender=f)))
70104	mit		
70105	einem		
70106	träumerischen		
70107	Lächeln		
70108	,		
70109	sich	11130	(mention_id=11071|references=(entity=(entity_id=entity_0002|fullname=Gontrud Hegewald|gender=f)))
70110	reckend		
70111	und		
70112	streckend		
70113	in		
70114	dem		
70115	wohligen		
70116	Gefühl		
70117	,		
70118	wieder		
70119	sicher		
70120	vor		
70121	Gefahren		
70122	zu		
70123	sein		
70124	und		
70125	von		
70126	den		
70127	Ihrigen	11131	(mention_id=11072|references=(entity=(entity_id=entity_0009|fullname=Franz Gersbacher|gender=m)),(entity=(entity_id=entity_0010|fullname=Steffen Gersbacher|gender=m)),(entity=(entity_id=entity_0007|fullname=Familie Armbruster|gender=mf|members=entity_0001,entity_0003,entity_0004,entity_0005,entity_0008,entity_0016,entity_0017|all_members_given=True|specialcase_entity=group)))
70128	so		
70129	geliebt		
70130	zu		
70131	werden		
70132	.		
