i	token	is_section_start	gold	pred
30796	8.	1		
30797	Es	0		
30798	ist	0		
30799	köstlich	0		
30800	,	0		
30801	mit	0		
30802	seinem	0		(mention_id=4380|references=(entity=(entity_id=9|fullname=Franz|gender=m)))
30803	Glück	0		
30804	dem	0		
30805	Lenz	0		
30806	entgegenzugehen	0		
30807	.	0		
30808	Blatt	0		
30809	um	0		
30810	Blatt	0		
30811	trieben	0		
30812	die	0		
30813	Bäume	0		
30814	im	0		
30815	Niendorfer	0		
30816	Garten	0		
30817	,	0		
30818	wie	0		
30819	grüne	0		
30820	Schleier	0		
30821	hing	0		
30822	es	0		
30823	über	0		
30824	dem	0		
30825	sprossenden	0		
30826	Walde	0		
30827	,	0		
30828	und	0		
30829	überall	0		
30830	blühten	0		
30831	die	0		
30832	Veilchen	0		
30833	,	0		
30834	in	0		
30835	Trudchens	0	(mention_id=4374|references=(entity=(entity_id=entity_0004|fullname=Gertrud Baumhagen|gender=f)))	(mention_id=4381|references=(entity=(entity_id=32|fullname=Trudchen|gender=f)))
30836	ganzem	0		
30837	Revier	0		
30838	duftete	0		
30839	es	0		
30840	nach	0		
30841	den	0		
30842	blauen	0		
30843	Frühlingskindern	0		
30844	.	0		
30845	Wie	0		
30846	Lerchenschlag	0		
30847	drang	0		
30848	die	0		
30849	Stimme	0		
30850	der	0		
30851	jungen	0		
30852	Frau	0	(mention_id=4375|references=(entity=(entity_id=entity_0004|fullname=Gertrud Baumhagen|gender=f)))	(mention_id=4382|references=(entity=(entity_id=32|fullname=Trudchen|gender=f)))
30853	durch	0		
30854	das	0		
30855	alte	0		
30856	Haus	0		
30857	.	0		
30858	Wenn	0		
30859	Franz	0	(mention_id=4376|references=(entity=(entity_id=entity_0001|fullname=Franz Linden|gender=m)))	(mention_id=4383|references=(entity=(entity_id=9|fullname=Franz|gender=m)))
30860	sonnenverbrannt	0		
30861	vom	0		
30862	Felde	0		
30863	heimkehrte	0		
30864	,	0		
30865	flatterte	0		
30866	oben	0		
30867	aus	0		
30868	den	0		
30869	blinkenden	0		
30870	Fenstern	0		
30871	ein	0		
30872	weißes	0		
30873	Tuch	0		
30874	,	0		
30875	und	0		
30876	kam	0		
30877	er	0	(mention_id=4377|references=(entity=(entity_id=entity_0001|fullname=Franz Linden|gender=m)))	(mention_id=4384|references=(entity=(entity_id=9|fullname=Franz|gender=m)))
30878	auf	0		
30879	den	0		
30880	Hof	0		
30881	,	0		
30882	so	0		
30883	flatterte	0		
30884	es	0		
30885	auf	0		
30886	der	0		
30887	obersten	0		
30888	Treppenstufe	0		
30889	in	0		
30890	ihrer	0	(mention_id=4378|references=(entity=(entity_id=entity_0004|fullname=Gertrud Baumhagen|gender=f)))	(mention_id=4385|references=(entity=(entity_id=32|fullname=Trudchen|gender=f)))
30891	Hand	0		
30892	.	0		
30893	»	0		
30894	Liebster	0	(mention_id=4379|references=(entity=(entity_id=entity_0001|fullname=Franz Linden|gender=m)))	(mention_id=4386|references=(entity=(entity_id=9|fullname=Franz|gender=m)))
30895	,	0		
30896	da	0		
30897	bist	0		
30898	du	0	(mention_id=4380|references=(entity=(entity_id=entity_0001|fullname=Franz Linden|gender=m)))	(mention_id=4387|references=(entity=(entity_id=9|fullname=Franz|gender=m)))
30899	!	0		
30900	«	0		
30901	sagte	0		
30902	sie	0	(mention_id=4381|references=(entity=(entity_id=entity_0004|fullname=Gertrud Baumhagen|gender=f)))	(mention_id=4388|references=(entity=(entity_id=32|fullname=Trudchen|gender=f)))
30903	dann	0		
30904	innig	0		
30905	.	0		
30906	Und	0		
30907	die	0		
30908	Spaziergänge	0		
30909	im	0		
30910	Walde	0		
30911	,	0		
30912	die	0		
30913	Abende	0		
30914	,	0		
30915	wenn	0		
30916	er	0	(mention_id=4382|references=(entity=(entity_id=entity_0001|fullname=Franz Linden|gender=m)))	(mention_id=4389|references=(entity=(entity_id=9|fullname=Franz|gender=m)))
30917	vorlas	0		
30918	,	0		
30919	und	0		
30920	dann	0		
30921	die	0		
30922	Einrichtung	0		
30923	des	0		
30924	Hauses	0		
30925	!	0		
30926	Wie	0		
30927	süß	0		
30928	war	0		
30929	es	0		
30930	,	0		
30931	zusammen	0		
30932	zu	0		
30933	beraten	0		
30934	,	0		
30935	auszuwählen	0		
30936	,	0		
30937	einzukaufen	0		
30938	,	0		
30939	und	0		
30940	wie	0		
30941	freuten	0		
30942	sie	0	(mention_id=4383|references=(entity=(entity_id=entity_0004|fullname=Gertrud Baumhagen|gender=f)),(entity=(entity_id=entity_0001|fullname=Franz Linden|gender=m)))	(mention_id=4390|references=(entity=(entity_id=9|fullname=Franz|gender=m)),(entity=(entity_id=32|fullname=Trudchen|gender=f)))
30943	sich	0	(mention_id=4384|references=(entity=(entity_id=entity_0004|fullname=Gertrud Baumhagen|gender=f)),(entity=(entity_id=entity_0001|fullname=Franz Linden|gender=m)))	(mention_id=4391|references=(entity=(entity_id=9|fullname=Franz|gender=m)),(entity=(entity_id=32|fullname=Trudchen|gender=f)))
30944	beide	0	(mention_id=4385|references=(entity=(entity_id=entity_0004|fullname=Gertrud Baumhagen|gender=f)),(entity=(entity_id=entity_0001|fullname=Franz Linden|gender=m)))	(mention_id=4392|references=(entity=(entity_id=9|fullname=Franz|gender=m)),(entity=(entity_id=32|fullname=Trudchen|gender=f)))
30945	,	0		
30946	wenn	0		
30947	sie	0	(mention_id=4386|references=(entity=(entity_id=entity_0004|fullname=Gertrud Baumhagen|gender=f)),(entity=(entity_id=entity_0001|fullname=Franz Linden|gender=m)))	(mention_id=4393|references=(entity=(entity_id=9|fullname=Franz|gender=m)),(entity=(entity_id=32|fullname=Trudchen|gender=f)))
30948	genau	0		
30949	das	0		
30950	nämliche	0		
30951	gedacht	0		
30952	hatten	0		
30953	.	0		
30954	So	0		
30955	putzte	0		
30956	sich	0		
30957	allmählich	0		
30958	das	0		
30959	alte	0		
30960	Haus	0		
30961	.	0		
30962	Tapezierer	0	(mention_id=4387|references=(entity=(entity_id=entity_0229|fullname=Tapezierer|gender=m|specialcase_entity=group)))	(mention_id=4394|references=(entity=(entity_id=generic_0001|fullname=Tapezierer im Allgemeinen|gender=u|specialcase_entity=generic)))
30963	und	0		
30964	Handwerker	0	(mention_id=4388|references=(entity=(entity_id=entity_0224|fullname=Handwerker|gender=m|specialcase_entity=group)))	(mention_id=4395|references=(entity=(entity_id=generic_0002|fullname=Handwerker im Allgemeinen|gender=u|specialcase_entity=generic)))
30965	schafften	0		
30966	darin	0		
30967	,	0		
30968	nur	0		
30969	Frau	0	(mention_id=4389|references=(entity=(entity_id=entity_0011|fullname=Rosalie Kruse|gender=f)))	(mention_id=4396|references=(entity=(entity_id=11|fullname=Frau Rosa|gender=f)))
30970	Rosas	0	(mention_id=4389|references=(entity=(entity_id=entity_0011|fullname=Rosalie Kruse|gender=f)))	(mention_id=4396|references=(entity=(entity_id=11|fullname=Frau Rosa|gender=f)))
30971	Zimmer	0		
30972	blieb	0		
30973	unbehelligt	0		
30974	und	0		
30975	das	0		
30976	traute	0		
30977	Stübchen	0		
30978	des	0		
30979	Hausherrn	0	(mention_id=4390|references=(entity=(entity_id=entity_0001|fullname=Franz Linden|gender=m)))	(mention_id=4397|references=(entity=(entity_id=9|fullname=Franz|gender=m)))
30980	,	0		
30981	in	0		
30982	dem	0		
30983	sie	0	(mention_id=4391|references=(entity=(entity_id=entity_0004|fullname=Gertrud Baumhagen|gender=f)),(entity=(entity_id=entity_0001|fullname=Franz Linden|gender=m)))	(mention_id=4398|references=(entity=(entity_id=32|fullname=Trudchen|gender=f)))
30984	ihre	0	(mention_id=4392|references=(entity=(entity_id=entity_0004|fullname=Gertrud Baumhagen|gender=f)),(entity=(entity_id=entity_0001|fullname=Franz Linden|gender=m)))	(mention_id=4399|references=(entity=(entity_id=32|fullname=Trudchen|gender=f)))
30985	glücklichsten	0		
30986	Wochen	0		
30987	verlebt	0		
30988	hatten	0		
30989	.	0		
30990	Und	0		
30991	heute	0		
30992	war	0		
30993	alles	0		
30994	fertig	0		
30995	,	0		
30996	gemütlich	0		
30997	und	0		
30998	wohnlich	0		
30999	,	0		
31000	aber	0		
31001	ohne	0		
31002	jeglichen	0		
31003	Pomp	0		
31004	.	0		
31005	Die	0		
31006	niedrigen	0		
31007	Räume	0		
31008	eigneten	0		
31009	sich	0		
31010	nicht	0		
31011	zur	0		
31012	Schaustellung	0		
31013	kostbarer	0		
31014	geschnitzter	0		
31015	Möbel	0		
31016	–	0		
31017	so	0		
31018	hatten	0		
31019	sie	0	(mention_id=4393|references=(entity=(entity_id=entity_0004|fullname=Gertrud Baumhagen|gender=f)),(entity=(entity_id=entity_0001|fullname=Franz Linden|gender=m)))	(mention_id=4400|references=(entity=(entity_id=9|fullname=Franz|gender=m)),(entity=(entity_id=32|fullname=Trudchen|gender=f)))
31020	beide	0	(mention_id=4394|references=(entity=(entity_id=entity_0004|fullname=Gertrud Baumhagen|gender=f)),(entity=(entity_id=entity_0001|fullname=Franz Linden|gender=m)))	(mention_id=4401|references=(entity=(entity_id=9|fullname=Franz|gender=m)),(entity=(entity_id=32|fullname=Trudchen|gender=f)))
31021	im	0		
31022	richtigen	0		
31023	Gefühl	0		
31024	nur	0		
31025	einfache	0		
31026	Sachen	0		
31027	gewählt	0		
31028	.	0		
31029	»	0		
31030	Wenn	0		
31031	wir	0	(mention_id=4395|references=(entity=(entity_id=entity_0004|fullname=Gertrud Baumhagen|gender=f)),(entity=(entity_id=entity_0001|fullname=Franz Linden|gender=m)))	(mention_id=4402|references=(entity=(entity_id=9|fullname=Franz|gender=m)),(entity=(entity_id=32|fullname=Trudchen|gender=f)))
31032	uns	0	(mention_id=4396|references=(entity=(entity_id=entity_0004|fullname=Gertrud Baumhagen|gender=f)),(entity=(entity_id=entity_0001|fullname=Franz Linden|gender=m)))	(mention_id=4403|references=(entity=(entity_id=9|fullname=Franz|gender=m)),(entity=(entity_id=32|fullname=Trudchen|gender=f)))
31033	später	0		
31034	ein	0		
31035	neues	0		
31036	Wohnhaus	0		
31037	bauen	0		
31038	,	0		
31039	Trudchen	0		(mention_id=4404|references=(entity=(entity_id=32|fullname=Trudchen|gender=f)))
31040	,	0		
31041	dann	0		
31042	wollen	0		
31043	wir	0	(mention_id=4397|references=(entity=(entity_id=entity_0004|fullname=Gertrud Baumhagen|gender=f)),(entity=(entity_id=entity_0001|fullname=Franz Linden|gender=m)))	(mention_id=4405|references=(entity=(entity_id=9|fullname=Franz|gender=m)),(entity=(entity_id=32|fullname=Trudchen|gender=f)))
31044	es	0		
31045	schöner	0		
31046	einrichten	0		
31047	«	0		
31048	,	0		
31049	meinte	0		
31050	er	0	(mention_id=4398|references=(entity=(entity_id=entity_0001|fullname=Franz Linden|gender=m)))	(mention_id=4406|references=(entity=(entity_id=9|fullname=Franz|gender=m)))
31051	,	0		
31052	und	0		
31053	sie	0	(mention_id=4399|references=(entity=(entity_id=entity_0004|fullname=Gertrud Baumhagen|gender=f)))	(mention_id=4407|references=(entity=(entity_id=32|fullname=Trudchen|gender=f)))
31054	nickte	0		
31055	:	0		
31056	»	0		
31057	Erst	0		
31058	die	0		
31059	Wirtschaft	0		
31060	,	0		
31061	Franz.	0		(mention_id=4408|references=(entity=(entity_id=9|fullname=Franz|gender=m)))
31062	Uns	0	(mention_id=4400|references=(entity=(entity_id=entity_0004|fullname=Gertrud Baumhagen|gender=f)),(entity=(entity_id=entity_0001|fullname=Franz Linden|gender=m)))	(mention_id=4409|references=(entity=(entity_id=9|fullname=Franz|gender=m)),(entity=(entity_id=32|fullname=Trudchen|gender=f)))
31063	gefällt	0		
31064	es	0		
31065	ja	0		
31066	so	0		
31067	gut	0		
31068	in	0		
31069	den	0		
31070	lieben	0		
31071	Räumen	0		
31072	.	0		
31073	«	0		
31074	Der	0		
31075	Gartensaal	0		
31076	war	0		
31077	zum	0		
31078	Speisezimmer	0		
31079	umgeschaffen	0		
31080	.	0		
31081	Daneben	0		
31082	ein	0		
31083	Salon	0		
31084	mit	0		
31085	dunklen	0		
31086	Tapeten	0		
31087	und	0		
31088	weichen	0		
31089	Teppichen	0		
31090	,	0		
31091	an	0		
31092	der	0		
31093	Längswand	0		
31094	das	0		
31095	Hochzeitsgeschenk	0		
31096	Onkel	0	(mention_id=4401|references=(entity=(entity_id=entity_0008|fullname=Onkel Heinrich|gender=m)))	(mention_id=4410|references=(entity=(entity_id=24|fullname=Onkel Heinrich|gender=m)))
31097	Heinrichs	0	(mention_id=4401|references=(entity=(entity_id=entity_0008|fullname=Onkel Heinrich|gender=m)))	(mention_id=4410|references=(entity=(entity_id=24|fullname=Onkel Heinrich|gender=m)))
31098	,	0		
31099	zwei	0		
31100	große	0		
31101	Ölbilder	0		
31102	–	0		
31103	eine	0		
31104	sonnendurchleuchtete	0		
31105	Waldlandschaft	0		
31106	und	0		
31107	eine	0		
31108	Seeküste	0		
31109	bei	0		
31110	Gewitter	0		
31111	.	0		
31112	Hinter	0		
31113	grünen	0		
31114	,	0		
31115	üppigen	0		
31116	Blattpflanzen	0		
31117	leuchtete	0		
31118	eine	0		
31119	edle	0		
31120	,	0		
31121	schöne	0		
31122	Hermesbüste	0		
31123	.	0		
31124	Sofas	0		
31125	,	0		
31126	Sessel	0		
31127	und	0		
31128	Sesselchen	0		
31129	überall	0		
31130	,	0		
31131	und	0		
31132	wo	0		
31133	es	0		
31134	nur	0		
31135	irgend	0		
31136	anging	0		
31137	,	0		
31138	befand	0		
31139	sich	0		
31140	eine	0		
31141	gefüllte	0		
31142	Blumenschale	0		
31143	.	0		
31144	Oben	0		
31145	,	0		
31146	neben	0		
31147	des	0		
31148	Hausherrn	0	(mention_id=4402|references=(entity=(entity_id=entity_0001|fullname=Franz Linden|gender=m)))	(mention_id=4411|references=(entity=(entity_id=9|fullname=Franz|gender=m)))
31149	Gemach	0		
31150	war	0		
31151	das	0		
31152	der	0		
31153	jungen	0		
31154	Frau	0	(mention_id=4403|references=(entity=(entity_id=entity_0004|fullname=Gertrud Baumhagen|gender=f)))	(mention_id=4412|references=(entity=(entity_id=32|fullname=Trudchen|gender=f)))
31155	hergerichtet	0		
31156	,	0		
31157	dort	0		
31158	stand	0		
31159	jetzt	0		
31160	des	0		
31161	Vaters	0	(mention_id=4404|references=(entity=(entity_id=entity_0015|fullname=Leberecht Baumhagen|gender=m)))	(mention_id=4413|references=(entity=(entity_id=9|fullname=Franz|gender=m)))
31162	Bild	0		
31163	hinter	0		
31164	dem	0		
31165	Nähtischchen	0		
31166	am	0		
31167	Fenster	0		
31168	.	0		
31169	Die	0		
31170	Tür	0		
31171	,	0		
31172	die	0		
31173	die	0		
31174	Gemächer	0		
31175	verband	0		
31176	,	0		
31177	war	0		
31178	weit	0		
31179	zurückgeschlagen	0		
31180	,	0		
31181	und	0		
31182	die	0		
31183	bunten	0		
31184	türkischen	0		
31185	Vorhänge	0		
31186	ließen	0		
31187	Trudchen	0	(mention_id=4405|references=(entity=(entity_id=entity_0004|fullname=Gertrud Baumhagen|gender=f)))	(mention_id=4414|references=(entity=(entity_id=32|fullname=Trudchen|gender=f)))
31188	von	0		
31189	ihrem	0	(mention_id=4406|references=(entity=(entity_id=entity_0004|fullname=Gertrud Baumhagen|gender=f)))	(mention_id=4415|references=(entity=(entity_id=32|fullname=Trudchen|gender=f)))
31190	Fensterplätzchen	0		
31191	den	0		
31192	Schreibtisch	0		
31193	sehen	0		
31194	,	0		
31195	an	0		
31196	dem	0		
31197	er	0	(mention_id=4407|references=(entity=(entity_id=entity_0001|fullname=Franz Linden|gender=m)))	(mention_id=4416|references=(entity=(entity_id=9|fullname=Franz|gender=m)))
31198	arbeitete	0		
31199	.	0		
31200	Und	0		
31201	aus	0		
31202	dem	0		
31203	Fenster	0		
31204	konnte	0		
31205	der	0		
31206	Blick	0		
31207	hinausschweifen	0		
31208	über	0		
31209	den	0		
31210	grünenden	0		
31211	Garten	0		
31212	zu	0		
31213	den	0		
31214	bewaldeten	0		
31215	Bergen	0		
31216	und	0		
31217	weit	0		
31218	und	0		
31219	weiter	0		
31220	,	0		
31221	bis	0		
31222	dort	0		
31223	,	0		
31224	wo	0		
31225	sich	0		
31226	der	0		
31227	ferne	0		
31228	Brocken	0		
31229	in	0		
31230	Wolken	0		
31231	verhüllt	0		
31232	.	0		
31233	Die	0		
31234	junge	0		
31235	Frau	0	(mention_id=4408|references=(entity=(entity_id=entity_0004|fullname=Gertrud Baumhagen|gender=f)))	(mention_id=4417|references=(entity=(entity_id=32|fullname=Trudchen|gender=f)))
31236	hatte	0		
31237	alle	0		
31238	Spinde	0		
31239	eingeräumt	0		
31240	.	0		
31241	In	0		
31242	der	0		
31243	Küche	0		
31244	war	0		
31245	das	0		
31246	letzte	0		
31247	Stückchen	0		
31248	des	0		
31249	neuen	0		
31250	Geschirres	0		
31251	an	0		
31252	die	0		
31253	Haken	0		
31254	gehängt	0		
31255	und	0		
31256	blinkte	0		
31257	und	0		
31258	glitzerte	0		
31259	in	0		
31260	dem	0		
31261	hereinfallenden	0		
31262	Sonnenstrahl	0		
31263	,	0		
31264	als	0		
31265	wäre	0		
31266	alles	0		
31267	eitel	0		
31268	Gold	0		
31269	.	0		
31270	In	0		
31271	der	0		
31272	Speisekammer	0		
31273	standen	0		
31274	Büchsen	0		
31275	und	0		
31276	Töpfe	0		
31277	in	0		
31278	Reih	0		
31279	und	0		
31280	Glied	0		
31281	,	0		
31282	und	0		
31283	mit	0		
31284	glücklichem	0		
31285	Lächeln	0		
31286	drehte	0		
31287	sie	0	(mention_id=4409|references=(entity=(entity_id=entity_0004|fullname=Gertrud Baumhagen|gender=f)))	(mention_id=4418|references=(entity=(entity_id=32|fullname=Trudchen|gender=f)))
31288	den	0		
31289	Schlüssel	0		
31290	im	0		
31291	Schloß	0		
31292	und	0		
31293	tat	0		
31294	ihn	0		
31295	in	0		
31296	das	0		
31297	funkelnagelneue	0		
31298	Körbchen	0		
31299	an	0		
31300	ihren	0	(mention_id=4410|references=(entity=(entity_id=entity_0004|fullname=Gertrud Baumhagen|gender=f)))	(mention_id=4419|references=(entity=(entity_id=32|fullname=Trudchen|gender=f)))
31301	Arm	0		
31302	.	0		
31303	»	0		
31304	Komm	0		
31305	,	0		
31306	Franz	0	(mention_id=4411|references=(entity=(entity_id=entity_0001|fullname=Franz Linden|gender=m)))	(mention_id=4420|references=(entity=(entity_id=9|fullname=Franz|gender=m)))
31307	«	0		
31308	,	0		
31309	sagte	0		
31310	sie	0	(mention_id=4412|references=(entity=(entity_id=entity_0004|fullname=Gertrud Baumhagen|gender=f)))	(mention_id=4421|references=(entity=(entity_id=32|fullname=Trudchen|gender=f)))
31311	zu	0		
31312	ihm	0	(mention_id=4413|references=(entity=(entity_id=entity_0001|fullname=Franz Linden|gender=m)))	(mention_id=4422|references=(entity=(entity_id=9|fullname=Franz|gender=m)))
31313	,	0		
31314	der	0	(mention_id=4414|references=(entity=(entity_id=entity_0001|fullname=Franz Linden|gender=m)))	(mention_id=4423|references=(entity=(entity_id=9|fullname=Franz|gender=m)))
31315	diese	0		
31316	Herrlichkeit	0		
31317	hatte	0		
31318	bewundern	0		
31319	müssen	0		
31320	,	0		
31321	»	0		
31322	nun	0		
31323	wollen	0		
31324	wir	0	(mention_id=4415|references=(entity=(entity_id=entity_0004|fullname=Gertrud Baumhagen|gender=f)),(entity=(entity_id=entity_0001|fullname=Franz Linden|gender=m)))	(mention_id=4424|references=(entity=(entity_id=9|fullname=Franz|gender=m)),(entity=(entity_id=32|fullname=Trudchen|gender=f)))
31325	noch	0		
31326	einmal	0		
31327	durch	0		
31328	alle	0		
31329	Stuben	0		
31330	gehen	0		
31331	.	0		
31332	«	0		
31333	»	0		
31334	Es	0		
31335	sind	0		
31336	nicht	0		
31337	viele	0		
31338	,	0		
31339	Trudchen	0	(mention_id=4416|references=(entity=(entity_id=entity_0004|fullname=Gertrud Baumhagen|gender=f)))	(mention_id=4425|references=(entity=(entity_id=32|fullname=Trudchen|gender=f)))
31340	«	0		
31341	,	0		
31342	lachte	0		
31343	er	0	(mention_id=4417|references=(entity=(entity_id=entity_0001|fullname=Franz Linden|gender=m)))	(mention_id=4426|references=(entity=(entity_id=9|fullname=Franz|gender=m)))
31344	.	0		
31345	»	0		
31346	Oh	0		
31347	,	0		
31348	genug	0		
31349	für	0		
31350	uns	0	(mention_id=4418|references=(entity=(entity_id=entity_0004|fullname=Gertrud Baumhagen|gender=f)),(entity=(entity_id=entity_0001|fullname=Franz Linden|gender=m)))	(mention_id=4427|references=(entity=(entity_id=9|fullname=Franz|gender=m)),(entity=(entity_id=32|fullname=Trudchen|gender=f)))
31351	,	0		
31352	Franz	0	(mention_id=4419|references=(entity=(entity_id=entity_0001|fullname=Franz Linden|gender=m)))	(mention_id=4428|references=(entity=(entity_id=9|fullname=Franz|gender=m)))
31353	,	0		
31354	wir	0	(mention_id=4420|references=(entity=(entity_id=entity_0004|fullname=Gertrud Baumhagen|gender=f)),(entity=(entity_id=entity_0001|fullname=Franz Linden|gender=m)))	(mention_id=4429|references=(entity=(entity_id=9|fullname=Franz|gender=m)),(entity=(entity_id=32|fullname=Trudchen|gender=f)))
31355	brauchen	0		
31356	nicht	0		
31357	mehr	0		
31358	.	0		
31359	«	0		
31360	Und	0		
31361	sie	0	(mention_id=4421|references=(entity=(entity_id=entity_0004|fullname=Gertrud Baumhagen|gender=f)),(entity=(entity_id=entity_0001|fullname=Franz Linden|gender=m)))	(mention_id=4430|references=(entity=(entity_id=9|fullname=Franz|gender=m)),(entity=(entity_id=32|fullname=Trudchen|gender=f)))
31362	gingen	0		
31363	durch	0		
31364	den	0		
31365	Gartensaal	0		
31366	und	0		
31367	freuten	0		
31368	sich	0	(mention_id=4422|references=(entity=(entity_id=entity_0004|fullname=Gertrud Baumhagen|gender=f)),(entity=(entity_id=entity_0001|fullname=Franz Linden|gender=m)))	(mention_id=4431|references=(entity=(entity_id=9|fullname=Franz|gender=m)),(entity=(entity_id=32|fullname=Trudchen|gender=f)))
31369	über	0		
31370	das	0		
31371	stattliche	0		
31372	Büfett	0		
31373	und	0		
31374	über	0		
31375	die	0		
31376	Lampe	0		
31377	aus	0		
31378	poliertem	0		
31379	Messing	0		
31380	,	0		
31381	die	0		
31382	über	0		
31383	dem	0		
31384	großen	0		
31385	Eßtisch	0		
31386	schaukelte	0		
31387	.	0		
31388	Sie	0	(mention_id=4423|references=(entity=(entity_id=entity_0004|fullname=Gertrud Baumhagen|gender=f)),(entity=(entity_id=entity_0001|fullname=Franz Linden|gender=m)))	(mention_id=4432|references=(entity=(entity_id=32|fullname=Trudchen|gender=f)))
31389	traten	0		
31390	in	0		
31391	den	0		
31392	Salon	0		
31393	und	0		
31394	freuten	0		
31395	sich	0	(mention_id=4424|references=(entity=(entity_id=entity_0004|fullname=Gertrud Baumhagen|gender=f)),(entity=(entity_id=entity_0001|fullname=Franz Linden|gender=m)))	(mention_id=4433|references=(entity=(entity_id=32|fullname=Trudchen|gender=f)))
31396	an	0		
31397	den	0		
31398	Bildern	0		
31399	,	0		
31400	welche	0		
31401	die	0		
31402	Sonne	0		
31403	so	0		
31404	schön	0		
31405	beleuchtete	0		
31406	;	0		
31407	und	0		
31408	dann	0		
31409	blieben	0		
31410	sie	0	(mention_id=4425|references=(entity=(entity_id=entity_0004|fullname=Gertrud Baumhagen|gender=f)),(entity=(entity_id=entity_0001|fullname=Franz Linden|gender=m)))	(mention_id=4434|references=(entity=(entity_id=9|fullname=Franz|gender=m)),(entity=(entity_id=32|fullname=Trudchen|gender=f)))
31411	stehen	0		
31412	,	0		
31413	sahen	0		
31414	sich	0	(mention_id=4426|references=(entity=(entity_id=entity_0004|fullname=Gertrud Baumhagen|gender=f)),(entity=(entity_id=entity_0001|fullname=Franz Linden|gender=m)))	(mention_id=4435|references=(entity=(entity_id=9|fullname=Franz|gender=m)),(entity=(entity_id=32|fullname=Trudchen|gender=f)))
31415	in	0		
31416	die	0		
31417	Augen	0		
31418	und	0		
31419	küßten	0		
31420	sich	0	(mention_id=4427|references=(entity=(entity_id=entity_0004|fullname=Gertrud Baumhagen|gender=f)),(entity=(entity_id=entity_0001|fullname=Franz Linden|gender=m)))	(mention_id=4436|references=(entity=(entity_id=9|fullname=Franz|gender=m)),(entity=(entity_id=32|fullname=Trudchen|gender=f)))
31421	.	0		
31422	»	0		
31423	Das	0		
31424	ist	0		
31425	alles	0		
31426	so	0		
31427	,	0		
31428	wie	0		
31429	ich	0	(mention_id=4428|references=(entity=(entity_id=entity_0004|fullname=Gertrud Baumhagen|gender=f)))	(mention_id=4437|references=(entity=(entity_id=32|fullname=Trudchen|gender=f)))
31430	es	0		
31431	gern	0		
31432	habe	0		
31433	,	0		
31434	Franz	0	(mention_id=4429|references=(entity=(entity_id=entity_0001|fullname=Franz Linden|gender=m)))	(mention_id=4438|references=(entity=(entity_id=9|fullname=Franz|gender=m)))
31435	«	0		
31436	,	0		
31437	sagte	0		
31438	sie	0	(mention_id=4430|references=(entity=(entity_id=entity_0004|fullname=Gertrud Baumhagen|gender=f)))	(mention_id=4439|references=(entity=(entity_id=32|fullname=Trudchen|gender=f)))
31439	,	0		
31440	»	0		
31441	einfach	0		
31442	und	0		
31443	gediegen	0		
31444	.	0		
31445	Nur	0		
31446	nichts	0		
31447	Falsches	0		
31448	,	0		
31449	nichts	0		
31450	Nachgemachtes	0		
31451	.	0		
31452	Ich	0	(mention_id=4431|references=(entity=(entity_id=entity_0004|fullname=Gertrud Baumhagen|gender=f)))	(mention_id=4440|references=(entity=(entity_id=32|fullname=Trudchen|gender=f)))
31453	hasse	0		
31454	den	0		
31455	Schein	0		
31456	.	0		
31457	Es	0		
31458	soll	0		
31459	alles	0		
31460	echt	0		
31461	sein	0		
31462	,	0		
31463	so	0		
31464	echt	0		
31465	und	0		
31466	wahr	0		
31467	wie	0		
31468	meine	0	(mention_id=4432|references=(entity=(entity_id=entity_0004|fullname=Gertrud Baumhagen|gender=f)))	(mention_id=4441|references=(entity=(entity_id=32|fullname=Trudchen|gender=f)))
31469	Liebe	0		
31470	und	0		
31471	wie	0		
31472	dein	0	(mention_id=4433|references=(entity=(entity_id=entity_0001|fullname=Franz Linden|gender=m)))	(mention_id=4442|references=(entity=(entity_id=9|fullname=Franz|gender=m)))
31473	Herz	0		
31474	,	0		
31475	du	0	(mention_id=4434|references=(entity=(entity_id=entity_0001|fullname=Franz Linden|gender=m)))	(mention_id=4443|references=(entity=(entity_id=9|fullname=Franz|gender=m)))
31476	großer	0		
31477	,	0		
31478	lieber	0		
31479	Mensch	0	(mention_id=4435|references=(entity=(entity_id=entity_0001|fullname=Franz Linden|gender=m)))	(mention_id=4444|references=(entity=(entity_id=9|fullname=Franz|gender=m)))
31480	.	0		
31481	–	0		
31482	Und	0		
31483	in	0		
31484	der	0		
31485	Wirtschaft	0		
31486	ist	0		
31487	jetzt	0		
31488	alles	0		
31489	komplett	0		
31490	«	0		
31491	,	0		
31492	fuhr	0		
31493	sie	0	(mention_id=4436|references=(entity=(entity_id=entity_0004|fullname=Gertrud Baumhagen|gender=f)))	(mention_id=4445|references=(entity=(entity_id=32|fullname=Trudchen|gender=f)))
31494	fort	0		
31495	und	0		
31496	nahm	0		
31497	ein	0		
31498	Fäserchen	0		
31499	vom	0		
31500	Teppich	0		
31501	auf	0		
31502	,	0		
31503	»	0		
31504	Franz	0	(mention_id=4437|references=(entity=(entity_id=entity_0001|fullname=Franz Linden|gender=m)))	(mention_id=4446|references=(entity=(entity_id=9|fullname=Franz|gender=m)))
31505	,	0		
31506	gar	0		
31507	nicht	0		
31508	zum	0		
31509	Wiedererkennen	0		
31510	,	0		
31511	es	0		
31512	ist	0		
31513	das	0		
31514	schmuckste	0		
31515	kleine	0		
31516	Gut	0		
31517	weit	0		
31518	und	0		
31519	breit	0		
31520	.	0		
31521	Franz	0	(mention_id=4438|references=(entity=(entity_id=entity_0001|fullname=Franz Linden|gender=m)))	(mention_id=4447|references=(entity=(entity_id=9|fullname=Franz|gender=m)))
31522	,	0		
31523	sieh	0		
31524	,	0		
31525	und	0		
31526	das	0		
31527	alles	0		
31528	hat	0		
31529	noch	0		
31530	lange	0		
31531	nicht	0		
31532	so	0		
31533	viel	0		
31534	gekostet	0		
31535	,	0		
31536	wie	0		
31537	Jennys	0	(mention_id=4439|references=(entity=(entity_id=entity_0006|fullname=Jenny Fredrich, geb. Baumhagen|gender=f)))	(mention_id=4448|references=(entity=(entity_id=17|fullname=Jenny|gender=f)))
31538	Aussteuer	0		
31539	und	0		
31540	Hochzeitsreise	0		
31541	.	0		
31542	«	0		
31543	Sie	0	(mention_id=4440|references=(entity=(entity_id=entity_0004|fullname=Gertrud Baumhagen|gender=f)),(entity=(entity_id=entity_0001|fullname=Franz Linden|gender=m)))	(mention_id=4449|references=(entity=(entity_id=32|fullname=Trudchen|gender=f)))
31544	waren	0		
31545	in	0		
31546	die	0		
31547	offene	0		
31548	Saaltüre	0		
31549	getreten	0		
31550	,	0		
31551	und	0		
31552	der	0		
31553	junge	0		
31554	Mann	0	(mention_id=4441|references=(entity=(entity_id=entity_0001|fullname=Franz Linden|gender=m)))	(mention_id=4450|references=(entity=(entity_id=9|fullname=Franz|gender=m)))
31555	sah	0		
31556	mit	0		
31557	leuchtenden	0		
31558	Augen	0		
31559	über	0		
31560	den	0		
31561	Garten	0		
31562	hinweg	0		
31563	und	0		
31564	zu	0		
31565	den	0		
31566	Wirtschaftsgebäuden	0		
31567	hinüber	0		
31568	,	0		
31569	die	0		
31570	ihr	0		(mention_id=4451|references=(entity=(entity_id=32|fullname=Trudchen|gender=f)))
31571	schadhaftes	0		
31572	Ziegeldach	0		
31573	mit	0		
31574	bläulich	0		
31575	glänzendem	0		
31576	Schiefer	0		
31577	vertauscht	0		
31578	hatten	0		
31579	.	0		
31580	»	0		
31581	Du	0	(mention_id=4442|references=(entity=(entity_id=entity_0001|fullname=Franz Linden|gender=m)))	(mention_id=4452|references=(entity=(entity_id=9|fullname=Franz|gender=m)))
31582	hast	0		
31583	recht	0		
31584	,	0		
31585	Trudchen	0	(mention_id=4443|references=(entity=(entity_id=entity_0004|fullname=Gertrud Baumhagen|gender=f)))	(mention_id=4453|references=(entity=(entity_id=32|fullname=Trudchen|gender=f)))
31586	,	0		
31587	es	0		
31588	ist	0		
31589	ein	0		
31590	hübscher	0		
31591	Anblick	0		
31592	,	0		
31593	wir	0	(mention_id=4444|references=(entity=(entity_id=entity_0004|fullname=Gertrud Baumhagen|gender=f)),(entity=(entity_id=entity_0001|fullname=Franz Linden|gender=m)))	(mention_id=4454|references=(entity=(entity_id=9|fullname=Franz|gender=m)),(entity=(entity_id=32|fullname=Trudchen|gender=f)))
31594	wollen	0		
31595	oft	0		
31596	hier	0		
31597	sitzen	0		
31598	.	0		
31599	–	0		
31600	Und	0		
31601	übermorgen	0		
31602	beginnt	0		
31603	der	0		
31604	Bau	0		
31605	der	0		
31606	neuen	0		
31607	Scheune	0		
31608	;	0		
31609	sie	0		
31610	soll	0		
31611	fertig	0		
31612	sein	0		
31613	,	0		
31614	wenn	0		
31615	wir	0	(mention_id=4445|references=(entity=(entity_id=entity_0004|fullname=Gertrud Baumhagen|gender=f)),(entity=(entity_id=entity_0001|fullname=Franz Linden|gender=m)))	(mention_id=4455|references=(entity=(entity_id=9|fullname=Franz|gender=m)),(entity=(entity_id=32|fullname=Trudchen|gender=f)))
31616	den	0		
31617	ersten	0		
31618	Roggen	0		
31619	einfahren	0		
31620	.	0		
31621	«	0		
31622	»	0		
31623	Du	0	(mention_id=4446|references=(entity=(entity_id=entity_0001|fullname=Franz Linden|gender=m)))	(mention_id=4456|references=(entity=(entity_id=9|fullname=Franz|gender=m)))
31624	«	0		
31625	,	0		
31626	fragte	0		
31627	sie	0	(mention_id=4447|references=(entity=(entity_id=entity_0004|fullname=Gertrud Baumhagen|gender=f)))	(mention_id=4457|references=(entity=(entity_id=32|fullname=Trudchen|gender=f)))
31628	neckend	0		
31629	,	0		
31630	»	0		
31631	denkst	0		
31632	du	0	(mention_id=4448|references=(entity=(entity_id=entity_0001|fullname=Franz Linden|gender=m)))	(mention_id=4458|references=(entity=(entity_id=9|fullname=Franz|gender=m)))
31633	noch	0		
31634	immer	0		
31635	so	0		
31636	wie	0		
31637	damals	0		
31638	,	0		
31639	acht	0		
31640	Tage	0		
31641	nach	0		
31642	unserer	0	(mention_id=4449|references=(entity=(entity_id=entity_0004|fullname=Gertrud Baumhagen|gender=f)),(entity=(entity_id=entity_0001|fullname=Franz Linden|gender=m)))	(mention_id=4459|references=(entity=(entity_id=9|fullname=Franz|gender=m)),(entity=(entity_id=32|fullname=Trudchen|gender=f)))
31643	Hochzeit	0		
31644	,	0		
31645	als	0		
31646	wir	0	(mention_id=4450|references=(entity=(entity_id=entity_0004|fullname=Gertrud Baumhagen|gender=f)),(entity=(entity_id=entity_0001|fullname=Franz Linden|gender=m)))	(mention_id=4460|references=(entity=(entity_id=9|fullname=Franz|gender=m)),(entity=(entity_id=32|fullname=Trudchen|gender=f)))
31647	zum	0		
31648	ersten	0		
31649	Male	0		
31650	dieses	0		
31651	Thema	0		
31652	besprachen	0		
31653	und	0		
31654	du	0	(mention_id=4451|references=(entity=(entity_id=entity_0001|fullname=Franz Linden|gender=m)))	(mention_id=4461|references=(entity=(entity_id=9|fullname=Franz|gender=m)))
31655	dich	0	(mention_id=4452|references=(entity=(entity_id=entity_0001|fullname=Franz Linden|gender=m)))	(mention_id=4462|references=(entity=(entity_id=9|fullname=Franz|gender=m)))
31656	recht	0		
31657	kindisch	0		
31658	betrugst	0		
31659	und	0		
31660	absolut	0		
31661	nichts	0		
31662	von	0		
31663	dem	0		
31664	nehmen	0		
31665	wolltest	0		
31666	,	0		
31667	was	0		
31668	dir	0	(mention_id=4453|references=(entity=(entity_id=entity_0001|fullname=Franz Linden|gender=m)))	(mention_id=4463|references=(entity=(entity_id=9|fullname=Franz|gender=m)))
31669	von	0		
31670	Gottes	0		
31671	und	0		
31672	Rechts	0		
31673	wegen	0		
31674	zukommt	0		
31675	?	0		
31676	Und	0		
31677	es	0		
31678	lieber	0		
31679	den	0		
31680	Kühen	0		
31681	in	0		
31682	den	0		
31683	Futtertrog	0		
31684	regnen	0		
31685	lassen	0		
31686	wolltest	0		
31687	und	0		
31688	den	0		
31689	Knechten	0	(mention_id=4454|references=(entity=(entity_id=entity_0223|fullname=Knechte|gender=m|specialcase_entity=group)))	(mention_id=4464|references=(entity=(entity_id=generic_0003|fullname=Knechte im Allgemeinen|gender=u|specialcase_entity=generic)))
31690	in	0		
31691	die	0		
31692	Betten	0		
31693	?	0		
31694	«	0		
31695	»	0		
31696	Nein	0		
31697	«	0		
31698	,	0		
31699	sagte	0		
31700	er	0	(mention_id=4455|references=(entity=(entity_id=entity_0001|fullname=Franz Linden|gender=m)))	(mention_id=4465|references=(entity=(entity_id=9|fullname=Franz|gender=m)))
31701	,	0		
31702	»	0		
31703	nicht	0		
31704	mehr	0		
31705	,	0		
31706	Trudchen	0	(mention_id=4456|references=(entity=(entity_id=entity_0004|fullname=Gertrud Baumhagen|gender=f)))	(mention_id=4466|references=(entity=(entity_id=32|fullname=Trudchen|gender=f)))
31707	.	0		
31708	«	0		
31709	»	0		
31710	Warum	0		
31711	,	0		
31712	du	0	(mention_id=4457|references=(entity=(entity_id=entity_0001|fullname=Franz Linden|gender=m)))	(mention_id=4467|references=(entity=(entity_id=9|fullname=Franz|gender=m)))
31713	Eisenkopf	0	(mention_id=4458|references=(entity=(entity_id=entity_0001|fullname=Franz Linden|gender=m)))	(mention_id=4468|references=(entity=(entity_id=9|fullname=Franz|gender=m)))
31714	?	0		
31715	«	0		
31716	»	0		
31717	Weil	0		
31718	wir	0	(mention_id=4459|references=(entity=(entity_id=entity_0004|fullname=Gertrud Baumhagen|gender=f)),(entity=(entity_id=entity_0001|fullname=Franz Linden|gender=m)))	(mention_id=4469|references=(entity=(entity_id=9|fullname=Franz|gender=m)),(entity=(entity_id=32|fullname=Trudchen|gender=f)))
31719	uns	0	(mention_id=4460|references=(entity=(entity_id=entity_0004|fullname=Gertrud Baumhagen|gender=f)),(entity=(entity_id=entity_0001|fullname=Franz Linden|gender=m)))	(mention_id=4470|references=(entity=(entity_id=9|fullname=Franz|gender=m)),(entity=(entity_id=32|fullname=Trudchen|gender=f)))
31720	lieben	0		
31721	,	0		
31722	namenlos	0		
31723	lieben	0		
31724	–	0		
31725	«	0		
31726	»	0		
31727	Das	0		
31728	Beiwort	0		
31729	ist	0		
31730	gar	0		
31731	nicht	0		
31732	nötig	0		
31733	«	0		
31734	,	0		
31735	tadelte	0		
31736	sie	0	(mention_id=4461|references=(entity=(entity_id=entity_0004|fullname=Gertrud Baumhagen|gender=f)))	(mention_id=4471|references=(entity=(entity_id=32|fullname=Trudchen|gender=f)))
31737	.	0		
31738	»	0		
31739	Glaubst	0		
31740	du	0	(mention_id=4462|references=(entity=(entity_id=entity_0004|fullname=Gertrud Baumhagen|gender=f)))	(mention_id=4472|references=(entity=(entity_id=32|fullname=Trudchen|gender=f)))
31741	nicht	0		
31742	,	0		
31743	daß	0		
31744	man	0		
31745	namenlos	0		
31746	lieben	0		
31747	kann	0		
31748	?	0		
31749	«	0		
31750	fragte	0		
31751	er	0	(mention_id=4463|references=(entity=(entity_id=entity_0001|fullname=Franz Linden|gender=m)))	(mention_id=4473|references=(entity=(entity_id=9|fullname=Franz|gender=m)))
31752	scherzend	0		
31753	.	0		
31754	»	0		
31755	Es	0		
31756	klingt	0		
31757	wie	0		
31758	eine	0		
31759	Phrase	0		
31760	!	0		
31761	«	0		
31762	Er	0	(mention_id=4464|references=(entity=(entity_id=entity_0001|fullname=Franz Linden|gender=m)))	(mention_id=4474|references=(entity=(entity_id=9|fullname=Franz|gender=m)))
31763	lachte	0		
31764	jetzt	0		
31765	hell	0		
31766	und	0		
31767	zog	0		
31768	sie	0	(mention_id=4465|references=(entity=(entity_id=entity_0004|fullname=Gertrud Baumhagen|gender=f)))	
31769	an	0		
31770	die	0		
31771	Brüstung	0		
31772	der	0		
31773	Veranda	0		
31774	.	0		
31775	»	0		
31776	Unser	0	(mention_id=4466|references=(entity=(entity_id=entity_0004|fullname=Gertrud Baumhagen|gender=f)),(entity=(entity_id=entity_0001|fullname=Franz Linden|gender=m)))	(mention_id=4475|references=(entity=(entity_id=9|fullname=Franz|gender=m)),(entity=(entity_id=32|fullname=Trudchen|gender=f)))
31777	Heim	0		
31778	!	0		
31779	«	0		
31780	sagte	0		
31781	er	0	(mention_id=4467|references=(entity=(entity_id=entity_0001|fullname=Franz Linden|gender=m)))	(mention_id=4476|references=(entity=(entity_id=9|fullname=Franz|gender=m)))
31782	.	0		
31783	»	0		
31784	Komm	0		
31785	,	0		
31786	laß	0		
31787	uns	0	(mention_id=4468|references=(entity=(entity_id=entity_0004|fullname=Gertrud Baumhagen|gender=f)),(entity=(entity_id=entity_0001|fullname=Franz Linden|gender=m)))	(mention_id=4477|references=(entity=(entity_id=9|fullname=Franz|gender=m)),(entity=(entity_id=32|fullname=Trudchen|gender=f)))
31788	durch	0		
31789	den	0		
31790	Garten	0		
31791	und	0		
31792	ein	0		
31793	Stückchen	0		
31794	in	0		
31795	den	0		
31796	Wald	0		
31797	gehen	0		
31798	.	0		
31799	«	0		
31800	Und	0		
31801	andern	0		
31802	Tags	0		
31803	öffnete	0		
31804	Trudchen	0	(mention_id=4469|references=(entity=(entity_id=entity_0004|fullname=Gertrud Baumhagen|gender=f)))	(mention_id=4478|references=(entity=(entity_id=32|fullname=Trudchen|gender=f)))
31805	die	0		
31806	Fenster	0		
31807	der	0		
31808	Logierstube	0		
31809	und	0		
31810	rüstete	0		
31811	dort	0		
31812	alles	0		
31813	aufs	0		
31814	beste	0		
31815	.	0		
31816	Festlich	0		
31817	gedeckt	0		
31818	stand	0		
31819	die	0		
31820	Tafel	0		
31821	im	0		
31822	Saal	0		
31823	und	0		
31824	Franz	0	(mention_id=4470|references=(entity=(entity_id=entity_0001|fullname=Franz Linden|gender=m)))	(mention_id=4479|references=(entity=(entity_id=9|fullname=Franz|gender=m)))
31825	fuhr	0		
31826	mit	0		
31827	der	0		
31828	neuen	0		
31829	Equipage	0		
31830	nach	0		
31831	der	0		
31832	Stadt	0		
31833	,	0		
31834	um	0		
31835	den	0		
31836	Amtsrichter	0	(mention_id=4471|references=(entity=(entity_id=entity_0002|fullname=Richard Weishaupt|gender=m)))	(mention_id=4480|references=(entity=(entity_id=4|fullname=Amtsrichter|gender=m)))
31837	vom	0		
31838	Bahnhofe	0		
31839	abzuholen	0		
31840	.	0		
31841	Sie	0	(mention_id=4472|references=(entity=(entity_id=entity_0004|fullname=Gertrud Baumhagen|gender=f)))	(mention_id=4481|references=(entity=(entity_id=32|fullname=Trudchen|gender=f)))
31842	freute	0		
31843	sich	0	(mention_id=4473|references=(entity=(entity_id=entity_0004|fullname=Gertrud Baumhagen|gender=f)))	(mention_id=4482|references=(entity=(entity_id=32|fullname=Trudchen|gender=f)))
31844	ihn	0	(mention_id=4474|references=(entity=(entity_id=entity_0002|fullname=Richard Weishaupt|gender=m)))	(mention_id=4483|references=(entity=(entity_id=4|fullname=Amtsrichter|gender=m)))
31845	kennenzulernen	0		
31846	,	0		
31847	Franz	0	(mention_id=4475|references=(entity=(entity_id=entity_0001|fullname=Franz Linden|gender=m)))	(mention_id=4484|references=(entity=(entity_id=9|fullname=Franz|gender=m)))
31848	hatte	0		
31849	ihr	0	(mention_id=4476|references=(entity=(entity_id=entity_0004|fullname=Gertrud Baumhagen|gender=f)))	(mention_id=4485|references=(entity=(entity_id=32|fullname=Trudchen|gender=f)))
31850	so	0		
31851	viel	0		
31852	erzählen	0		
31853	müssen	0		
31854	von	0		
31855	dem	0		
31856	Freunde	0	(mention_id=4477|references=(entity=(entity_id=entity_0002|fullname=Richard Weishaupt|gender=m)))	(mention_id=4486|references=(entity=(entity_id=4|fullname=Amtsrichter|gender=m)),(entity=(entity_id=24|fullname=Onkel Heinrich|gender=m)))
31857	.	0		
31858	Sie	0	(mention_id=4478|references=(entity=(entity_id=entity_0004|fullname=Gertrud Baumhagen|gender=f)))	(mention_id=4487|references=(entity=(entity_id=32|fullname=Trudchen|gender=f)))
31859	hatte	0		
31860	sich	0	(mention_id=4479|references=(entity=(entity_id=entity_0004|fullname=Gertrud Baumhagen|gender=f)))	(mention_id=4488|references=(entity=(entity_id=32|fullname=Trudchen|gender=f)))
31861	königlich	0		
31862	amüsiert	0		
31863	über	0		
31864	die	0		
31865	drollige	0		
31866	Personalbeschreibung	0		
31867	,	0		
31868	daß	0		
31869	er	0	(mention_id=4480|references=(entity=(entity_id=entity_0002|fullname=Richard Weishaupt|gender=m)))	(mention_id=4489|references=(entity=(entity_id=4|fullname=Amtsrichter|gender=m)))
31870	in	0		
31871	den	0		
31872	Gesellschaften	0		
31873	mitunter	0		
31874	nicht	0		
31875	so	0		
31876	recht	0		
31877	vom	0		
31878	Flecke	0		
31879	komme	0		
31880	und	0		
31881	in	0		
31882	der	0		
31883	Absicht	0		
31884	,	0		
31885	ein	0		
31886	Kompliment	0		
31887	zu	0		
31888	sagen	0		
31889	,	0		
31890	häufig	0		
31891	eine	0		
31892	wunderbare	0		
31893	Grobheit	0		
31894	herausbringe	0		
31895	,	0		
31896	zu	0		
31897	seinem	0	(mention_id=4481|references=(entity=(entity_id=entity_0002|fullname=Richard Weishaupt|gender=m)))	(mention_id=4490|references=(entity=(entity_id=4|fullname=Amtsrichter|gender=m)))
31898	eigenen	0		
31899	Erstaunen	0		
31900	.	0		
31901	Sie	0	(mention_id=4482|references=(entity=(entity_id=entity_0004|fullname=Gertrud Baumhagen|gender=f)))	(mention_id=4491|references=(entity=(entity_id=32|fullname=Trudchen|gender=f)))
31902	wollte	0		
31903	sich	0	(mention_id=4483|references=(entity=(entity_id=entity_0004|fullname=Gertrud Baumhagen|gender=f)))	(mention_id=4492|references=(entity=(entity_id=32|fullname=Trudchen|gender=f)))
31904	ganz	0		
31905	besonders	0		
31906	für	0		
31907	diese	0		
31908	»	0		
31909	Seele	0		
31910	«	0		
31911	von	0		
31912	einem	0		
31913	Menschen	0	(mention_id=4484|references=(entity=(entity_id=entity_0002|fullname=Richard Weishaupt|gender=m)))	(mention_id=4493|references=(entity=(entity_id=9|fullname=Franz|gender=m)))
31914	,	0		
31915	wie	0		
31916	Franz	0	(mention_id=4485|references=(entity=(entity_id=entity_0001|fullname=Franz Linden|gender=m)))	(mention_id=4494|references=(entity=(entity_id=9|fullname=Franz|gender=m)))
31917	ihn	0	(mention_id=4486|references=(entity=(entity_id=entity_0002|fullname=Richard Weishaupt|gender=m)))	(mention_id=4495|references=(entity=(entity_id=4|fullname=Amtsrichter|gender=m)))
31918	nannte	0		
31919	,	0		
31920	putzen	0		
31921	.	0		
31922	Sie	0	(mention_id=4487|references=(entity=(entity_id=entity_0004|fullname=Gertrud Baumhagen|gender=f)))	(mention_id=4496|references=(entity=(entity_id=32|fullname=Trudchen|gender=f)))
31923	steckte	0		
31924	eine	0		
31925	Spitzenrosette	0		
31926	ins	0		
31927	Haar	0		
31928	;	0		
31929	das	0		
31930	hatte	0		
31931	Franz	0	(mention_id=4488|references=(entity=(entity_id=entity_0001|fullname=Franz Linden|gender=m)))	(mention_id=4497|references=(entity=(entity_id=9|fullname=Franz|gender=m)))
31932	gern	0		
31933	,	0		
31934	es	0		
31935	sah	0		
31936	so	0		
31937	frauenhaft	0		
31938	aus	0		
31939	,	0		
31940	beinahe	0		
31941	wie	0		
31942	ein	0		
31943	Häubchen	0		
31944	.	0		
31945	Als	0		
31946	sie	0	(mention_id=4489|references=(entity=(entity_id=entity_0004|fullname=Gertrud Baumhagen|gender=f)))	(mention_id=4498|references=(entity=(entity_id=32|fullname=Trudchen|gender=f)))
31947	mit	0		
31948	dem	0		
31949	graziösen	0		
31950	Attribut	0		
31951	ihrer	0	(mention_id=4490|references=(entity=(entity_id=entity_0004|fullname=Gertrud Baumhagen|gender=f)))	(mention_id=4499|references=(entity=(entity_id=32|fullname=Trudchen|gender=f)))
31952	jungen	0		
31953	Würde	0		
31954	an	0		
31955	den	0		
31956	Toilettentisch	0		
31957	trat	0		
31958	,	0		
31959	um	0		
31960	in	0		
31961	den	0		
31962	Spiegel	0		
31963	zu	0		
31964	schauen	0		
31965	,	0		
31966	sah	0		
31967	sie	0	(mention_id=4491|references=(entity=(entity_id=entity_0004|fullname=Gertrud Baumhagen|gender=f)))	(mention_id=4500|references=(entity=(entity_id=32|fullname=Trudchen|gender=f)))
31968	dort	0		
31969	einen	0		
31970	Maiblumenstrauß	0		
31971	,	0		
31972	und	0		
31973	um	0		
31974	seinen	0		
31975	Stiel	0		
31976	gewunden	0		
31977	ein	0		
31978	Zettelchen	0		
31979	.	0		
31980	»	0		
31981	Von	0		
31982	ihm	0	(mention_id=4492|references=(entity=(entity_id=entity_0001|fullname=Franz Linden|gender=m)))	(mention_id=4501|references=(entity=(entity_id=9|fullname=Franz|gender=m)))
31983	,	0		
31984	von	0		
31985	Franz	0	(mention_id=4493|references=(entity=(entity_id=entity_0001|fullname=Franz Linden|gender=m)))	(mention_id=4502|references=(entity=(entity_id=9|fullname=Franz|gender=m)))
31986	«	0		
31987	,	0		
31988	flüsterte	0		
31989	sie	0	(mention_id=4494|references=(entity=(entity_id=entity_0004|fullname=Gertrud Baumhagen|gender=f)))	(mention_id=4503|references=(entity=(entity_id=32|fullname=Trudchen|gender=f)))
31990	und	0		
31991	wurde	0		
31992	rot	0		
31993	vor	0		
31994	Freude	0		
31995	.	0		
31996	Er	0	(mention_id=4495|references=(entity=(entity_id=entity_0001|fullname=Franz Linden|gender=m)))	(mention_id=4504|references=(entity=(entity_id=9|fullname=Franz|gender=m)))
31997	hatte	0		
31998	ihr	0	(mention_id=4496|references=(entity=(entity_id=entity_0004|fullname=Gertrud Baumhagen|gender=f)))	(mention_id=4505|references=(entity=(entity_id=32|fullname=Trudchen|gender=f)))
31999	so	0		
32000	lächelnd	0		
32001	»	0		
32002	Adieu	0		
32003	!	0		
32004	«	0		
32005	gesagt	0		
32006	.	0		
32007	Eilig	0		
32008	wickelte	0		
32009	sie	0	(mention_id=4497|references=(entity=(entity_id=entity_0004|fullname=Gertrud Baumhagen|gender=f)))	(mention_id=4506|references=(entity=(entity_id=32|fullname=Trudchen|gender=f)))
32010	das	0		
32011	Papier	0		
32012	von	0		
32013	den	0		
32014	Blumen	0		
32015	und	0		
32016	las	0		
32017	:	0		
32018	»	0		
32019	Ich	0	(mention_id=4498|references=(entity=(entity_id=entity_0001|fullname=Franz Linden|gender=m)))	(mention_id=4507|references=(entity=(entity_id=9|fullname=Franz|gender=m)))
32020	hab'	0		
32021	Dich	0	(mention_id=4499|references=(entity=(entity_id=entity_0004|fullname=Gertrud Baumhagen|gender=f)))	(mention_id=4508|references=(entity=(entity_id=32|fullname=Trudchen|gender=f)))
32022	›	0		
32023	namenlos	0		
32024	‹	0		
32025	geliebt	0		
32026	!	0		
32027	Was	0		
32028	schaust	0		
32029	Du	0	(mention_id=4500|references=(entity=(entity_id=entity_0004|fullname=Gertrud Baumhagen|gender=f)))	(mention_id=4509|references=(entity=(entity_id=32|fullname=Trudchen|gender=f)))
32030	mich	0	(mention_id=4501|references=(entity=(entity_id=entity_0001|fullname=Franz Linden|gender=m)))	(mention_id=4510|references=(entity=(entity_id=32|fullname=Trudchen|gender=f)))
32031	verwundert	0		
32032	an	0		
32033	?	0		
32034	Und	0		
32035	warum	0		
32036	fragst	0		
32037	Du	0	(mention_id=4502|references=(entity=(entity_id=entity_0004|fullname=Gertrud Baumhagen|gender=f)))	(mention_id=4511|references=(entity=(entity_id=32|fullname=Trudchen|gender=f)))
32038	schier	0		
32039	betrübt	0		
32040	,	0		
32041	Wieso	0		
32042	ich	0	(mention_id=4503|references=(entity=(entity_id=entity_0001|fullname=Franz Linden|gender=m)))	(mention_id=4512|references=(entity=(entity_id=9|fullname=Franz|gender=m)))
32043	dieses	0		
32044	Wort	0		
32045	ersann	0		
32046	?	0		
32047	Weil	0		
32048	lieben	0		
32049	schon	0		
32050	so	0		
32051	herrlich	0		
32052	sei	0		
32053	,	0		
32054	Daß	0		
32055	es	0		
32056	des	0		
32057	Beiworts	0		
32058	nicht	0		
32059	bedürfe	0		
32060	?	0		
32061	Es	0		
32062	wär'	0		
32063	,	0		
32064	als	0		
32065	ob	0		
32066	man	0		
32067	in	0		
32068	dem	0		
32069	Mai	0		
32070	Noch	0		
32071	mit	0		
32072	gemachten	0		
32073	Blüten	0		
32074	würfe	0		
32075	?	0		
32076	Du	0	(mention_id=4504|references=(entity=(entity_id=entity_0004|fullname=Gertrud Baumhagen|gender=f)))	(mention_id=4513|references=(entity=(entity_id=32|fullname=Trudchen|gender=f)))
32077	hast	0		
32078	wohl	0		
32079	recht	0		
32080	;	0		
32081	doch	0		
32082	gib	0		
32083	die	0		
32084	Hand	0		
32085	Und	0		
32086	hör	0		
32087	,	0		
32088	wie	0		
32089	mir	0	(mention_id=4505|references=(entity=(entity_id=entity_0001|fullname=Franz Linden|gender=m)))	(mention_id=4514|references=(entity=(entity_id=9|fullname=Franz|gender=m)))
32090	die	0		
32091	Worte	0		
32092	kamen	0		
32093	,	0		
32094	Als	0		
32095	mir	0	(mention_id=4506|references=(entity=(entity_id=entity_0001|fullname=Franz Linden|gender=m)))	(mention_id=4515|references=(entity=(entity_id=9|fullname=Franz|gender=m)))
32096	Dein	0	(mention_id=4507|references=(entity=(entity_id=entity_0004|fullname=Gertrud Baumhagen|gender=f)))	(mention_id=4516|references=(entity=(entity_id=32|fullname=Trudchen|gender=f)))
32097	Blick	0		
32098	ins	0		
32099	Herz	0		
32100	gebrannt	0		
32101	,	0		
32102	Da	0		
32103	kannt'	0		
32104	ich	0	(mention_id=4508|references=(entity=(entity_id=entity_0001|fullname=Franz Linden|gender=m)))	(mention_id=4517|references=(entity=(entity_id=9|fullname=Franz|gender=m)))
32105	längst	0		
32106	nicht	0		
32107	Deinen	0	(mention_id=4509|references=(entity=(entity_id=entity_0004|fullname=Gertrud Baumhagen|gender=f)))	(mention_id=4518|references=(entity=(entity_id=32|fullname=Trudchen|gender=f)))
32108	Namen	0		
32109	.	0		
32110	Ich	0	(mention_id=4510|references=(entity=(entity_id=entity_0001|fullname=Franz Linden|gender=m)))	(mention_id=4519|references=(entity=(entity_id=9|fullname=Franz|gender=m)))
32111	sah	0		
32112	nur	0		
32113	Deiner	0	(mention_id=4511|references=(entity=(entity_id=entity_0004|fullname=Gertrud Baumhagen|gender=f)))	(mention_id=4520|references=(entity=(entity_id=32|fullname=Trudchen|gender=f)))
32114	Augen	0		
32115	Paar	0		
32116	,	0		
32117	So	0		
32118	süß	0		
32119	wie	0		
32120	ich	0	(mention_id=4512|references=(entity=(entity_id=entity_0001|fullname=Franz Linden|gender=m)))	(mention_id=4521|references=(entity=(entity_id=9|fullname=Franz|gender=m)))
32121	sie	0		
32122	heute	0		
32123	kenne	0		
32124	.	0		
32125	Und	0		
32126	wußt'	0		
32127	es	0		
32128	gleich	0		
32129	,	0		
32130	daß	0		
32131	Dein	0	(mention_id=4513|references=(entity=(entity_id=entity_0004|fullname=Gertrud Baumhagen|gender=f)))	(mention_id=4522|references=(entity=(entity_id=32|fullname=Trudchen|gender=f)))
32132	ich	0	(mention_id=4514|references=(entity=(entity_id=entity_0001|fullname=Franz Linden|gender=m)))	(mention_id=4523|references=(entity=(entity_id=9|fullname=Franz|gender=m)))
32133	war	0		
32134	,	0		
32135	Und	0		
32136	wußte	0		
32137	nicht	0		
32138	,	0		
32139	wie	0		
32140	ich	0	(mention_id=4515|references=(entity=(entity_id=entity_0001|fullname=Franz Linden|gender=m)))	(mention_id=4524|references=(entity=(entity_id=9|fullname=Franz|gender=m)))
32141	Dich	0	(mention_id=4516|references=(entity=(entity_id=entity_0004|fullname=Gertrud Baumhagen|gender=f)))	(mention_id=4525|references=(entity=(entity_id=32|fullname=Trudchen|gender=f)))
32142	nenne	0		
32143	,	0		
32144	Noch	0		
32145	wo	0		
32146	Dein	0	(mention_id=4517|references=(entity=(entity_id=entity_0004|fullname=Gertrud Baumhagen|gender=f)))	(mention_id=4526|references=(entity=(entity_id=32|fullname=Trudchen|gender=f)))
32147	Haus	0		
32148	,	0		
32149	und	0		
32150	wer	0		
32151	die	0		
32152	Deinen	0	(mention_id=4518|references=(entity=(entity_id=entity_0010|fullname=Familie Baumhagen|gender=mf|members=entity_0004,entity_0005,entity_0006,entity_0007,entity_0008,entity_0009,entity_0015|all_members_given=True|specialcase_entity=group)))	(mention_id=4527|references=(entity=(entity_id=32|fullname=Trudchen|gender=f)))
32153	,	0		
32154	Und	0		
32155	wer	0		
32156	davon	0		
32157	mir	0	(mention_id=4519|references=(entity=(entity_id=entity_0001|fullname=Franz Linden|gender=m)))	(mention_id=4528|references=(entity=(entity_id=9|fullname=Franz|gender=m)))
32158	Kunde	0		
32159	gibt	0		
32160	!	0		
32161	Will	0		
32162	Dir	0	(mention_id=4520|references=(entity=(entity_id=entity_0004|fullname=Gertrud Baumhagen|gender=f)))	(mention_id=4529|references=(entity=(entity_id=32|fullname=Trudchen|gender=f)))
32163	das	0		
32164	Wort	0		
32165	so	0		
32166	recht	0		
32167	erscheinen	0		
32168	?	0		
32169	Ich	0	(mention_id=4521|references=(entity=(entity_id=entity_0001|fullname=Franz Linden|gender=m)))	(mention_id=4530|references=(entity=(entity_id=9|fullname=Franz|gender=m)))
32170	hab'	0		
32171	Dich	0	(mention_id=4522|references=(entity=(entity_id=entity_0004|fullname=Gertrud Baumhagen|gender=f)))	(mention_id=4531|references=(entity=(entity_id=32|fullname=Trudchen|gender=f)))
32172	›	0		
32173	namenlos	0		
32174	‹	0		
32175	geliebt	0		
32176	!	0		
32177	«	0		
32178	»	0		
32179	So	0		
32180	redet	0		
32181	er	0	(mention_id=4523|references=(entity=(entity_id=entity_0001|fullname=Franz Linden|gender=m)))	(mention_id=4532|references=(entity=(entity_id=9|fullname=Franz|gender=m)))
32182	sich	0	(mention_id=4524|references=(entity=(entity_id=entity_0001|fullname=Franz Linden|gender=m)))	(mention_id=4533|references=(entity=(entity_id=9|fullname=Franz|gender=m)))
32183	heraus	0		
32184	«	0		
32185	,	0		
32186	flüsterte	0		
32187	sie	0	(mention_id=4525|references=(entity=(entity_id=entity_0004|fullname=Gertrud Baumhagen|gender=f)))	(mention_id=4534|references=(entity=(entity_id=32|fullname=Trudchen|gender=f)))
32188	mit	0		
32189	seligen	0		
32190	Blicken	0		
32191	und	0		
32192	drückte	0		
32193	das	0		
32194	Papier	0		
32195	an	0		
32196	die	0		
32197	Lippen	0		
32198	.	0		
32199	»	0		
32200	Ja	0		
32201	freilich	0		
32202	,	0		
32203	das	0		
32204	ist	0		
32205	richtig	0		
32206	›	0		
32207	namenlos	0		
32208	‹	0		
32209	!	0		
32210	«	0		
32211	–	0		
32212	Es	0		
32213	war	0		
32214	ja	0		
32215	ihr	0	(mention_id=4526|references=(entity=(entity_id=entity_0004|fullname=Gertrud Baumhagen|gender=f)),(entity=(entity_id=entity_0001|fullname=Franz Linden|gender=m)))	(mention_id=4535|references=(entity=(entity_id=32|fullname=Trudchen|gender=f)))
32216	Lieblingsgespräch	0		
32217	,	0		
32218	daß	0		
32219	sie	0	(mention_id=4527|references=(entity=(entity_id=entity_0004|fullname=Gertrud Baumhagen|gender=f)),(entity=(entity_id=entity_0001|fullname=Franz Linden|gender=m)))	(mention_id=4536|references=(entity=(entity_id=32|fullname=Trudchen|gender=f)))
32220	sich	0	(mention_id=4528|references=(entity=(entity_id=entity_0004|fullname=Gertrud Baumhagen|gender=f)),(entity=(entity_id=entity_0001|fullname=Franz Linden|gender=m)))	(mention_id=4537|references=(entity=(entity_id=32|fullname=Trudchen|gender=f)))
32221	schon	0		
32222	gern	0		
32223	gehabt	0		
32224	hatten	0		
32225	,	0		
32226	ehe	0		
32227	sie	0	(mention_id=4529|references=(entity=(entity_id=entity_0004|fullname=Gertrud Baumhagen|gender=f)),(entity=(entity_id=entity_0001|fullname=Franz Linden|gender=m)))	(mention_id=4538|references=(entity=(entity_id=32|fullname=Trudchen|gender=f)))
32228	wußten	0		
32229	:	0		
32230	woher	0		
32231	,	0		
32232	wohin	0		
32233	?	0		
32234	Sie	0	(mention_id=4530|references=(entity=(entity_id=entity_0004|fullname=Gertrud Baumhagen|gender=f)))	(mention_id=4539|references=(entity=(entity_id=32|fullname=Trudchen|gender=f)))
32235	war	0		
32236	doch	0		
32237	eine	0		
32238	sehr	0		
32239	glückliche	0		
32240	Frau	0	(mention_id=4531|references=(entity=(entity_id=entity_0004|fullname=Gertrud Baumhagen|gender=f)))	(mention_id=4540|references=(entity=(entity_id=32|fullname=Trudchen|gender=f)))
32241	,	0		
32242	eine	0		
32243	zu	0		
32244	glückliche	0		
32245	Frau	0	(mention_id=4532|references=(entity=(entity_id=entity_0004|fullname=Gertrud Baumhagen|gender=f)))	(mention_id=4541|references=(entity=(entity_id=32|fullname=Trudchen|gender=f)))
32246	!	0		
32247	Und	0		
32248	sie	0	(mention_id=4533|references=(entity=(entity_id=entity_0004|fullname=Gertrud Baumhagen|gender=f)))	(mention_id=4542|references=(entity=(entity_id=32|fullname=Trudchen|gender=f)))
32249	steckte	0		
32250	die	0		
32251	Maiblumen	0		
32252	an	0		
32253	die	0		
32254	Brust	0		
32255	,	0		
32256	den	0		
32257	kleinen	0		
32258	Zettel	0		
32259	in	0		
32260	die	0		
32261	Tasche	0		
32262	,	0		
32263	nahm	0		
32264	den	0		
32265	Schlüsselkorb	0		
32266	und	0		
32267	ging	0		
32268	noch	0		
32269	einmal	0		
32270	im	0		
32271	Speisezimmer	0		
32272	musternd	0		
32273	um	0		
32274	die	0		
32275	Tafel	0		
32276	.	0		
32277	Und	0		
32278	weil	0		
32279	sie	0	(mention_id=4534|references=(entity=(entity_id=entity_0004|fullname=Gertrud Baumhagen|gender=f)))	(mention_id=4543|references=(entity=(entity_id=32|fullname=Trudchen|gender=f)))
32280	weiter	0		
32281	nichts	0		
32282	vorhatte	0		
32283	im	0		
32284	Moment	0		
32285	,	0		
32286	klopfte	0		
32287	sie	0	(mention_id=4535|references=(entity=(entity_id=entity_0004|fullname=Gertrud Baumhagen|gender=f)))	(mention_id=4544|references=(entity=(entity_id=32|fullname=Trudchen|gender=f)))
32288	an	0		
32289	Tante	0	(mention_id=4536|references=(entity=(entity_id=entity_0011|fullname=Rosalie Kruse|gender=f)))	(mention_id=4545|references=(entity=(entity_id=26|fullname=Tante Rosa|gender=f)))
32290	Rosas	0	(mention_id=4536|references=(entity=(entity_id=entity_0011|fullname=Rosalie Kruse|gender=f)))	(mention_id=4545|references=(entity=(entity_id=26|fullname=Tante Rosa|gender=f)))
32291	Tür	0		
32292	,	0		
32293	die	0		
32294	nur	0		
32295	durch	0		
32296	einen	0		
32297	schmalen	0		
32298	Flur	0		
32299	vom	0		
32300	Saale	0		
32301	getrennt	0		
32302	war	0		
32303	.	0		
32304	Die	0		
32305	alte	0		
32306	Dame	0	(mention_id=4537|references=(entity=(entity_id=entity_0011|fullname=Rosalie Kruse|gender=f)))	(mention_id=4546|references=(entity=(entity_id=26|fullname=Tante Rosa|gender=f)))
32307	saß	0		
32308	am	0		
32309	Fenster	0		
32310	und	0		
32311	machte	0		
32312	Rosen	0		
32313	.	0		
32314	Es	0		
32315	sollte	0		
32316	eine	0		
32317	Hochzeit	0		
32318	im	0		
32319	Dorfe	0		
32320	sein	0		
32321	um	0		
32322	Pfingsten	0		
32323	.	0		
32324	Ihr	0	(mention_id=4538|references=(entity=(entity_id=entity_0011|fullname=Rosalie Kruse|gender=f)))	(mention_id=4547|references=(entity=(entity_id=26|fullname=Tante Rosa|gender=f)))
32325	gegenüber	0		
32326	hatte	0		
32327	ein	0		
32328	kleiner	0		
32329	Herr	0	(mention_id=4539|references=(entity=(entity_id=entity_0003|fullname=Herr Wolff|gender=m)))	(mention_id=4548|references=(entity=(entity_id=38|fullname=Wolff|gender=m)))
32330	Platz	0		
32331	genommen	0		
32332	,	0		
32333	der	0	(mention_id=4540|references=(entity=(entity_id=entity_0003|fullname=Herr Wolff|gender=m)))	(mention_id=4549|references=(entity=(entity_id=38|fullname=Wolff|gender=m)))
32334	jetzt	0		
32335	die	0		
32336	eintretende	0		
32337	junge	0		
32338	Frau	0	(mention_id=4541|references=(entity=(entity_id=entity_0004|fullname=Gertrud Baumhagen|gender=f)))	(mention_id=4550|references=(entity=(entity_id=32|fullname=Trudchen|gender=f)))
32339	mit	0		
32340	einer	0		
32341	tiefen	0		
32342	Verbeugung	0		
32343	begrüßte	0		
32344	.	0		
32345	»	0		
32346	Bitte	0		
32347	tausendmal	0		
32348	um	0		
32349	Entschuldigung	0		
32350	,	0		
32351	gnädige	0		
32352	Frau	0	(mention_id=4542|references=(entity=(entity_id=entity_0004|fullname=Gertrud Baumhagen|gender=f)))	(mention_id=4551|references=(entity=(entity_id=32|fullname=Trudchen|gender=f)))
32353	–	0		
32354	ich	0	(mention_id=4543|references=(entity=(entity_id=entity_0003|fullname=Herr Wolff|gender=m)))	(mention_id=4552|references=(entity=(entity_id=32|fullname=Trudchen|gender=f)))
32355	wollte	0		
32356	Ihren	0	(mention_id=4544|references=(entity=(entity_id=entity_0004|fullname=Gertrud Baumhagen|gender=f)))	(mention_id=4553|references=(entity=(entity_id=9|fullname=Franz|gender=m)))
32357	Gemahl	0	(mention_id=4545|references=(entity=(entity_id=entity_0001|fullname=Franz Linden|gender=m)))	(mention_id=4554|references=(entity=(entity_id=9|fullname=Franz|gender=m)))
32358	sprechen	0		
32359	–	0		
32360	höre	0		
32361	,	0		
32362	daß	0		
32363	er	0	(mention_id=4546|references=(entity=(entity_id=entity_0001|fullname=Franz Linden|gender=m)))	(mention_id=4555|references=(entity=(entity_id=9|fullname=Franz|gender=m)))
32364	ausgefahren	0		
32365	ist	0		
32366	,	0		
32367	da	0		
32368	hat	0		
32369	mir	0	(mention_id=4547|references=(entity=(entity_id=entity_0003|fullname=Herr Wolff|gender=m)))	(mention_id=4556|references=(entity=(entity_id=38|fullname=Wolff|gender=m)))
32370	das	0		
32371	Fräulein	0	(mention_id=4548|references=(entity=(entity_id=entity_0011|fullname=Rosalie Kruse|gender=f)))	(mention_id=4557|references=(entity=(entity_id=32|fullname=Trudchen|gender=f)))
32372	gestattet	0		
32373	,	0		
32374	hier	0		
32375	zu	0		
32376	warten	0		
32377	.	0		
32378	«	0		
32379	»	0		
32380	Was	0		
32381	sagt	0		
32382	er	0	(mention_id=4549|references=(entity=(entity_id=entity_0003|fullname=Herr Wolff|gender=m)))	(mention_id=4558|references=(entity=(entity_id=38|fullname=Wolff|gender=m)))
32383	,	0		
32384	Frau	0	(mention_id=4550|references=(entity=(entity_id=entity_0004|fullname=Gertrud Baumhagen|gender=f)))	(mention_id=4559|references=(entity=(entity_id=32|fullname=Trudchen|gender=f)))
32385	Gertrud	0	(mention_id=4550|references=(entity=(entity_id=entity_0004|fullname=Gertrud Baumhagen|gender=f)))	(mention_id=4559|references=(entity=(entity_id=32|fullname=Trudchen|gender=f)))
32386	?	0		
32387	«	0		
32388	fragte	0		
32389	die	0		
32390	alte	0		
32391	Dame	0	(mention_id=4551|references=(entity=(entity_id=entity_0011|fullname=Rosalie Kruse|gender=f)))	(mention_id=4560|references=(entity=(entity_id=26|fullname=Tante Rosa|gender=f)))
32392	,	0		
32393	ihr	0	(mention_id=4552|references=(entity=(entity_id=entity_0011|fullname=Rosalie Kruse|gender=f)))	(mention_id=4561|references=(entity=(entity_id=26|fullname=Tante Rosa|gender=f)))
32394	die	0		
32395	Hand	0		
32396	reichend	0		
32397	,	0		
32398	»	0		
32399	ich	0	(mention_id=4553|references=(entity=(entity_id=entity_0011|fullname=Rosalie Kruse|gender=f)))	(mention_id=4562|references=(entity=(entity_id=26|fullname=Tante Rosa|gender=f)))
32400	habe	0		
32401	ihm	0	(mention_id=4554|references=(entity=(entity_id=entity_0003|fullname=Herr Wolff|gender=m)))	(mention_id=4563|references=(entity=(entity_id=38|fullname=Wolff|gender=m)))
32402	gar	0		
32403	nichts	0		
32404	erlaubt	0		
32405	;	0		
32406	er	0	(mention_id=4555|references=(entity=(entity_id=entity_0003|fullname=Herr Wolff|gender=m)))	(mention_id=4564|references=(entity=(entity_id=38|fullname=Wolff|gender=m)))
32407	kam	0		
32408	herein	0		
32409	–	0		
32410	und	0		
32411	da	0		
32412	ist	0		
32413	er	0	(mention_id=4556|references=(entity=(entity_id=entity_0003|fullname=Herr Wolff|gender=m)))	(mention_id=4565|references=(entity=(entity_id=38|fullname=Wolff|gender=m)))
32414	.	0		
32415	«	0		
32416	»	0		
32417	Mein	0	(mention_id=4557|references=(entity=(entity_id=entity_0003|fullname=Herr Wolff|gender=m)))	(mention_id=4566|references=(entity=(entity_id=38|fullname=Wolff|gender=m)))
32418	Name	0		
32419	ist	0		
32420	›	0		
32421	Wolff	0	(mention_id=4558|references=(entity=(entity_id=entity_0003|fullname=Herr Wolff|gender=m)))	(mention_id=4567|references=(entity=(entity_id=38|fullname=Wolff|gender=m)))
32422	‹	0		
32423	,	0		
32424	gnädige	0		
32425	Frau	0	(mention_id=4559|references=(entity=(entity_id=entity_0004|fullname=Gertrud Baumhagen|gender=f)))	(mention_id=4568|references=(entity=(entity_id=32|fullname=Trudchen|gender=f)))
32426	«	0		
32427	,	0		
32428	stellte	0		
32429	sich	0	(mention_id=4560|references=(entity=(entity_id=entity_0003|fullname=Herr Wolff|gender=m)))	(mention_id=4569|references=(entity=(entity_id=38|fullname=Wolff|gender=m)))
32430	der	0		
32431	Agent	0	(mention_id=4561|references=(entity=(entity_id=entity_0003|fullname=Herr Wolff|gender=m)))	(mention_id=4570|references=(entity=(entity_id=38|fullname=Wolff|gender=m)))
32432	vor	0		
32433	.	0		
32434	»	0		
32435	Müssen	0		
32436	Sie	0	(mention_id=4562|references=(entity=(entity_id=entity_0004|fullname=Gertrud Baumhagen|gender=f)))	(mention_id=4571|references=(entity=(entity_id=32|fullname=Trudchen|gender=f)))
32437	meinen	0	(mention_id=4563|references=(entity=(entity_id=entity_0004|fullname=Gertrud Baumhagen|gender=f)))	(mention_id=4572|references=(entity=(entity_id=9|fullname=Franz|gender=m)))
32438	Mann	0	(mention_id=4564|references=(entity=(entity_id=entity_0001|fullname=Franz Linden|gender=m)))	(mention_id=4573|references=(entity=(entity_id=9|fullname=Franz|gender=m)))
32439	heute	0		
32440	notwendig	0		
32441	sprechen	0		
32442	?	0		
32443	Wir	0	(mention_id=4565|references=(entity=(entity_id=entity_0004|fullname=Gertrud Baumhagen|gender=f)),(entity=(entity_id=entity_0001|fullname=Franz Linden|gender=m)))	(mention_id=4574|references=(entity=(entity_id=32|fullname=Trudchen|gender=f)),(entity=(entity_id=9|fullname=Franz|gender=m)))
32444	haben	0		
32445	Besuch	0		
32446	zu	0		
32447	Mittag	0		
32448	,	0		
32449	es	0		
32450	paßt	0		
32451	sich	0		
32452	schlecht	0		
32453	.	0		
32454	Kann	0		
32455	ich	0	(mention_id=4566|references=(entity=(entity_id=entity_0004|fullname=Gertrud Baumhagen|gender=f)))	(mention_id=4575|references=(entity=(entity_id=32|fullname=Trudchen|gender=f)))
32456	es	0		
32457	nicht	0		
32458	ausrichten	0		
32459	?	0		
32460	«	0		
32461	erkundigte	0		
32462	sich	0	(mention_id=4567|references=(entity=(entity_id=entity_0004|fullname=Gertrud Baumhagen|gender=f)))	(mention_id=4576|references=(entity=(entity_id=32|fullname=Trudchen|gender=f)))
32463	Trudchen	0	(mention_id=4568|references=(entity=(entity_id=entity_0004|fullname=Gertrud Baumhagen|gender=f)))	(mention_id=4577|references=(entity=(entity_id=32|fullname=Trudchen|gender=f)))
32464	.	0		
32465	»	0		
32466	O	0		
32467	nein	0		
32468	!	0		
32469	nein	0		
32470	!	0		
32471	«	0		
32472	wehrte	0		
32473	er	0	(mention_id=4569|references=(entity=(entity_id=entity_0003|fullname=Herr Wolff|gender=m)))	(mention_id=4578|references=(entity=(entity_id=38|fullname=Wolff|gender=m)))
32474	entschieden	0		
32475	ab	0		
32476	mit	0		
32477	neuen	0		
32478	Verbeugungen	0		
32479	.	0		
32480	»	0		
32481	Ich	0	(mention_id=4570|references=(entity=(entity_id=entity_0003|fullname=Herr Wolff|gender=m)))	(mention_id=4579|references=(entity=(entity_id=38|fullname=Wolff|gender=m)))
32482	muß	0		
32483	Herrn	0	(mention_id=4571|references=(entity=(entity_id=entity_0001|fullname=Franz Linden|gender=m)))	(mention_id=4580|references=(entity=(entity_id=16|fullname=Herr Linden|gender=m)))
32484	Linden	0	(mention_id=4571|references=(entity=(entity_id=entity_0001|fullname=Franz Linden|gender=m)))	(mention_id=4580|references=(entity=(entity_id=16|fullname=Herr Linden|gender=m)))
32485	selbst	0		
32486	sprechen	0		
32487	,	0		
32488	kann	0		
32489	aber	0		
32490	wiederkommen	0		
32491	,	0		
32492	's	0		
32493	ist	0		
32494	ja	0		
32495	nicht	0		
32496	so	0		
32497	umständlich	0		
32498	,	0		
32499	bin	0		
32500	früher	0		
32501	täglich	0		
32502	den	0		
32503	Weg	0		
32504	gegangen	0		
32505	.	0		
32506	Ich	0	(mention_id=4572|references=(entity=(entity_id=entity_0003|fullname=Herr Wolff|gender=m)))	(mention_id=4581|references=(entity=(entity_id=38|fullname=Wolff|gender=m)))
32507	empfehle	0		
32508	mich	0	(mention_id=4573|references=(entity=(entity_id=entity_0003|fullname=Herr Wolff|gender=m)))	(mention_id=4582|references=(entity=(entity_id=38|fullname=Wolff|gender=m)))
32509	,	0		
32510	wünsche	0		
32511	den	0		
32512	Damen	0	(mention_id=4574|references=(entity=(entity_id=entity_0004|fullname=Gertrud Baumhagen|gender=f)),(entity=(entity_id=entity_0011|fullname=Rosalie Kruse|gender=f)))	(mention_id=4583|references=(entity=(entity_id=32|fullname=Trudchen|gender=f)),(entity=(entity_id=26|fullname=Tante Rosa|gender=f)))
32513	›	0		
32514	Guten	0		
32515	Morgen	0		
32516	!	0		
32517	‹	0		
32518	«	0		
32519	»	0		
32520	Was	0		
32521	er	0	(mention_id=4575|references=(entity=(entity_id=entity_0003|fullname=Herr Wolff|gender=m)))	(mention_id=4584|references=(entity=(entity_id=38|fullname=Wolff|gender=m)))
32522	nur	0		
32523	gewollt	0		
32524	hat	0		
32525	,	0		
32526	Tantchen	0	(mention_id=4576|references=(entity=(entity_id=entity_0011|fullname=Rosalie Kruse|gender=f)))	(mention_id=4585|references=(entity=(entity_id=26|fullname=Tante Rosa|gender=f)))
32527	?	0		
32528	«	0		
32529	forschte	0		
32530	die	0		
32531	junge	0		
32532	Frau	0	(mention_id=4577|references=(entity=(entity_id=entity_0004|fullname=Gertrud Baumhagen|gender=f)))	(mention_id=4586|references=(entity=(entity_id=26|fullname=Tante Rosa|gender=f)))
32533	,	0		
32534	als	0		
32535	er	0	(mention_id=4578|references=(entity=(entity_id=entity_0003|fullname=Herr Wolff|gender=m)))	(mention_id=4587|references=(entity=(entity_id=38|fullname=Wolff|gender=m)))
32536	gegangen	0		
32537	war	0		
32538	.	0		
32539	»	0		
32540	Nun	0		
32541	,	0		
32542	was	0		
32543	er	0	(mention_id=4579|references=(entity=(entity_id=entity_0003|fullname=Herr Wolff|gender=m)))	(mention_id=4588|references=(entity=(entity_id=38|fullname=Wolff|gender=m)))
32544	bei	0		
32545	mir	0	(mention_id=4580|references=(entity=(entity_id=entity_0011|fullname=Rosalie Kruse|gender=f)))	(mention_id=4589|references=(entity=(entity_id=26|fullname=Tante Rosa|gender=f)))
32546	wollte	0		
32547	,	0		
32548	kann	0		
32549	ich	0	(mention_id=4581|references=(entity=(entity_id=entity_0011|fullname=Rosalie Kruse|gender=f)))	(mention_id=4590|references=(entity=(entity_id=26|fullname=Tante Rosa|gender=f)))
32550	Ihnen	0	(mention_id=4582|references=(entity=(entity_id=entity_0004|fullname=Gertrud Baumhagen|gender=f)))	(mention_id=4591|references=(entity=(entity_id=32|fullname=Trudchen|gender=f)),(entity=(entity_id=26|fullname=Tante Rosa|gender=f)))
32551	sagen	0		
32552	–	0		
32553	ausfragen	0		
32554	wollt'	0		
32555	er	0	(mention_id=4583|references=(entity=(entity_id=entity_0003|fullname=Herr Wolff|gender=m)))	(mention_id=4592|references=(entity=(entity_id=38|fullname=Wolff|gender=m)))
32556	mich	0	(mention_id=4584|references=(entity=(entity_id=entity_0011|fullname=Rosalie Kruse|gender=f)))	(mention_id=4593|references=(entity=(entity_id=26|fullname=Tante Rosa|gender=f)))
32557	.	0		
32558	Am	0		
32559	liebsten	0		
32560	hätte	0		
32561	er	0	(mention_id=4585|references=(entity=(entity_id=entity_0003|fullname=Herr Wolff|gender=m)))	(mention_id=4594|references=(entity=(entity_id=38|fullname=Wolff|gender=m)))
32562	durch	0		
32563	die	0		
32564	Schlüssellöcher	0		
32565	geguckt	0		
32566	,	0		
32567	um	0		
32568	zu	0		
32569	wissen	0		
32570	,	0		
32571	wie	0		
32572	es	0		
32573	aussieht	0		
32574	bei	0		
32575	euch	0	(mention_id=4586|references=(entity=(entity_id=entity_0004|fullname=Gertrud Baumhagen|gender=f)),(entity=(entity_id=entity_0001|fullname=Franz Linden|gender=m)))	(mention_id=4595|references=(entity=(entity_id=9|fullname=Franz|gender=m)),(entity=(entity_id=32|fullname=Trudchen|gender=f)))
32576	drüben	0		
32577	.	0		
32578	Aber	0		
32579	setzen	0		
32580	Sie	0	(mention_id=4587|references=(entity=(entity_id=entity_0004|fullname=Gertrud Baumhagen|gender=f)))	(mention_id=4596|references=(entity=(entity_id=32|fullname=Trudchen|gender=f)))
32581	sich	0	(mention_id=4588|references=(entity=(entity_id=entity_0004|fullname=Gertrud Baumhagen|gender=f)))	(mention_id=4597|references=(entity=(entity_id=32|fullname=Trudchen|gender=f)))
32582	doch	0		
32583	,	0		
32584	junges	0		
32585	Frauchen	0	(mention_id=4589|references=(entity=(entity_id=entity_0004|fullname=Gertrud Baumhagen|gender=f)))	(mention_id=4598|references=(entity=(entity_id=32|fullname=Trudchen|gender=f)))
32586	.	0		
32587	«	0		
32588	Die	0		
32589	beiden	0	(mention_id=4590|references=(entity=(entity_id=entity_0004|fullname=Gertrud Baumhagen|gender=f)),(entity=(entity_id=entity_0011|fullname=Rosalie Kruse|gender=f)))	(mention_id=4599|references=(entity=(entity_id=32|fullname=Trudchen|gender=f)),(entity=(entity_id=26|fullname=Tante Rosa|gender=f)))
32590	verstanden	0		
32591	sich	0	(mention_id=4591|references=(entity=(entity_id=entity_0004|fullname=Gertrud Baumhagen|gender=f)),(entity=(entity_id=entity_0011|fullname=Rosalie Kruse|gender=f)))	(mention_id=4600|references=(entity=(entity_id=32|fullname=Trudchen|gender=f)),(entity=(entity_id=26|fullname=Tante Rosa|gender=f)))
32592	ganz	0		
32593	gut	0		
32594	.	0		
32595	Zuweilen	0		
32596	trank	0		
32597	die	0		
32598	alte	0		
32599	Dame	0	(mention_id=4592|references=(entity=(entity_id=entity_0011|fullname=Rosalie Kruse|gender=f)))	(mention_id=4601|references=(entity=(entity_id=26|fullname=Tante Rosa|gender=f)))
32600	bei	0		
32601	Trudchen	0	(mention_id=4593|references=(entity=(entity_id=entity_0004|fullname=Gertrud Baumhagen|gender=f)))	(mention_id=4602|references=(entity=(entity_id=32|fullname=Trudchen|gender=f)))
32602	Kaffee	0		
32603	,	0		
32604	und	0		
32605	dann	0		
32606	mußte	0		
32607	sie	0	(mention_id=4594|references=(entity=(entity_id=entity_0011|fullname=Rosalie Kruse|gender=f)))	(mention_id=4603|references=(entity=(entity_id=26|fullname=Tante Rosa|gender=f)))
32608	viele	0		
32609	Fragen	0		
32610	beantworten	0		
32611	.	0		
32612	Ganz	0		
32613	zufällig	0		
32614	war	0		
32615	es	0		
32616	da	0		
32617	herausgekommen	0		
32618	,	0		
32619	daß	0		
32620	sie	0	(mention_id=4595|references=(entity=(entity_id=entity_0011|fullname=Rosalie Kruse|gender=f)))	(mention_id=4604|references=(entity=(entity_id=26|fullname=Tante Rosa|gender=f)))
32621	eine	0		
32622	Schulkameradin	0	(mention_id=4596|references=(entity=(entity_id=entity_0011|fullname=Rosalie Kruse|gender=f)))	(mention_id=4605|references=(entity=(entity_id=25|fullname=Schulkameradin von Trudchens Großmutter|gender=f|specialcase_entity=nonfact)))
32623	von	0		
32624	Trudchens	0	(mention_id=4597|references=(entity=(entity_id=entity_0004|fullname=Gertrud Baumhagen|gender=f)))	(mention_id=4606|references=(entity=(entity_id=32|fullname=Trudchen|gender=f)))
32625	Großmutter	0	(mention_id=4598|references=(entity=(entity_id=entity_0016|fullname=Großmutter von Trudchen Baumhagen|gender=f)))	(mention_id=4607|references=(entity=(entity_id=33|fullname=Trudchens Großmutter|gender=f)))
32626	gewesen	0		
32627	war	0		
32628	,	0		
32629	aus	0		
32630	der	0		
32631	engen	0		
32632	Gasse	0		
32633	.	0		
32634	Bisweilen	0		
32635	gingen	0		
32636	sie	0	(mention_id=4599|references=(entity=(entity_id=entity_0004|fullname=Gertrud Baumhagen|gender=f)),(entity=(entity_id=entity_0011|fullname=Rosalie Kruse|gender=f)))	(mention_id=4608|references=(entity=(entity_id=26|fullname=Tante Rosa|gender=f)))
32637	auch	0		
32638	zusammen	0		
32639	spazieren	0		
32640	,	0		
32641	und	0		
32642	Trudchen	0	(mention_id=4600|references=(entity=(entity_id=entity_0004|fullname=Gertrud Baumhagen|gender=f)))	(mention_id=4609|references=(entity=(entity_id=32|fullname=Trudchen|gender=f)))
32643	lernte	0		
32644	die	0		
32645	Dorfleute	0	(mention_id=4601|references=(entity=(entity_id=entity_0216|fullname=Dorfleute|gender=u|specialcase_entity=group)))	(mention_id=4610|references=(entity=(entity_id=generic_0004|fullname=Dorfleute im Allgemeinen|gender=u|specialcase_entity=generic)))
32646	kennen	0		
32647	,	0		
32648	erfuhr	0		
32649	,	0		
32650	wo	0		
32651	es	0		
32652	Arme	0	(mention_id=4602|references=(entity=(entity_id=entity_0220|fullname=Arme des Dorfes|gender=u|specialcase_entity=group)))	
32653	gab	0		
32654	,	0		
32655	und	0		
32656	ein	0		
32657	wenig	0		
32658	von	0		
32659	der	0		
32660	Chronik	0		
32661	des	0		
32662	Ortes	0		
32663	.	0		
32664	Tante	0	(mention_id=4603|references=(entity=(entity_id=entity_0011|fullname=Rosalie Kruse|gender=f)))	(mention_id=4611|references=(entity=(entity_id=26|fullname=Tante Rosa|gender=f)))
32665	Rosa	0	(mention_id=4603|references=(entity=(entity_id=entity_0011|fullname=Rosalie Kruse|gender=f)))	(mention_id=4611|references=(entity=(entity_id=26|fullname=Tante Rosa|gender=f)))
32666	zeichnete	0		
32667	in	0		
32668	etwas	0		
32669	schroffen	0		
32670	Strichen	0		
32671	,	0		
32672	es	0		
32673	gefiel	0		
32674	ihr	0	(mention_id=4604|references=(entity=(entity_id=entity_0011|fullname=Rosalie Kruse|gender=f)))	(mention_id=4612|references=(entity=(entity_id=26|fullname=Tante Rosa|gender=f)))
32675	nicht	0		
32676	leicht	0		
32677	jemand	0		(mention_id=4613|references=(entity=(entity_id=generic_0005|fullname=jemand im Allgemeinen|gender=u|specialcase_entity=generic)))
32678	,	0		
32679	dafür	0		
32680	war	0		
32681	aber	0		
32682	Linden	0	(mention_id=4605|references=(entity=(entity_id=entity_0001|fullname=Franz Linden|gender=m)))	(mention_id=4614|references=(entity=(entity_id=9|fullname=Franz|gender=m)))
32683	nächst	0		
32684	einer	0		
32685	jungen	0		
32686	Nichte	0	(mention_id=4606|references=(entity=(entity_id=entity_0021|fullname=Adelheid Strom|gender=f)))	(mention_id=4615|references=(entity=(entity_id=29|fullname=Tante Rosas Nichte|gender=f)))
32687	ihr	0	(mention_id=4607|references=(entity=(entity_id=entity_0011|fullname=Rosalie Kruse|gender=f)))	(mention_id=4616|references=(entity=(entity_id=26|fullname=Tante Rosa|gender=f)))
32688	Abgott	0	(mention_id=4608|references=(entity=(entity_id=entity_0001|fullname=Franz Linden|gender=m)))	(mention_id=4617|references=(entity=(entity_id=9|fullname=Franz|gender=m)))
32689	.	0		
32690	»	0		
32691	Er	0	(mention_id=4609|references=(entity=(entity_id=entity_0001|fullname=Franz Linden|gender=m)))	(mention_id=4618|references=(entity=(entity_id=9|fullname=Franz|gender=m)))
32692	ist	0		
32693	so	0		
32694	anständig	0		
32695	«	0		
32696	,	0		
32697	pflegte	0		
32698	sie	0	(mention_id=4610|references=(entity=(entity_id=entity_0011|fullname=Rosalie Kruse|gender=f)))	(mention_id=4619|references=(entity=(entity_id=26|fullname=Tante Rosa|gender=f)))
32699	ihn	0	(mention_id=4611|references=(entity=(entity_id=entity_0001|fullname=Franz Linden|gender=m)))	(mention_id=4620|references=(entity=(entity_id=9|fullname=Franz|gender=m)))
32700	zu	0		
32701	loben	0		
32702	,	0		
32703	»	0		
32704	er	0	(mention_id=4612|references=(entity=(entity_id=entity_0001|fullname=Franz Linden|gender=m)))	(mention_id=4621|references=(entity=(entity_id=9|fullname=Franz|gender=m)))
32705	ist	0		
32706	so	0		
32707	galant	0		
32708	,	0		
32709	auch	0		
32710	gegen	0		
32711	die	0		
32712	Alten	0	(mention_id=4613|references=(entity=(entity_id=generic_0071|fullname=Alte|gender=u|specialcase_entity=generic)))	(mention_id=4622|references=(entity=(entity_id=generic_0006|fullname=Alte im Allgemeinen|gender=u|specialcase_entity=generic)))
32713	.	0		
32714	«	0		
32715	Und	0		
32716	Trudchen	0	(mention_id=4614|references=(entity=(entity_id=entity_0004|fullname=Gertrud Baumhagen|gender=f)))	(mention_id=4623|references=(entity=(entity_id=32|fullname=Trudchen|gender=f)))
32717	vergalt	0		
32718	ihr	0	(mention_id=4615|references=(entity=(entity_id=entity_0011|fullname=Rosalie Kruse|gender=f)))	(mention_id=4624|references=(entity=(entity_id=32|fullname=Trudchen|gender=f)))
32719	dies	0		
32720	Kompliment	0		
32721	und	0		
32722	erklärte	0		
32723	,	0		
32724	sie	0	(mention_id=4616|references=(entity=(entity_id=entity_0004|fullname=Gertrud Baumhagen|gender=f)))	(mention_id=4625|references=(entity=(entity_id=32|fullname=Trudchen|gender=f)))
32725	könne	0		
32726	sich	0	(mention_id=4617|references=(entity=(entity_id=entity_0004|fullname=Gertrud Baumhagen|gender=f)))	
32727	das	0		
32728	Haus	0		
32729	gar	0		
32730	nicht	0		
32731	ohne	0		
32732	Tante	0	(mention_id=4618|references=(entity=(entity_id=entity_0011|fullname=Rosalie Kruse|gender=f)))	(mention_id=4626|references=(entity=(entity_id=26|fullname=Tante Rosa|gender=f)))
32733	Rosa	0	(mention_id=4618|references=(entity=(entity_id=entity_0011|fullname=Rosalie Kruse|gender=f)))	(mention_id=4626|references=(entity=(entity_id=26|fullname=Tante Rosa|gender=f)))
32734	denken	0		
32735	.	0		
32736	Heute	0		
32737	litt	0		
32738	es	0		
32739	die	0		
32740	junge	0		
32741	Frau	0	(mention_id=4619|references=(entity=(entity_id=entity_0004|fullname=Gertrud Baumhagen|gender=f)))	(mention_id=4627|references=(entity=(entity_id=32|fullname=Trudchen|gender=f)))
32742	nicht	0		
32743	lange	0		
32744	in	0		
32745	dem	0		
32746	Rosenstübchen	0		
32747	.	0		
32748	Es	0		
32749	war	0		
32750	sonderbar	0		
32751	,	0		
32752	sie	0	(mention_id=4620|references=(entity=(entity_id=entity_0004|fullname=Gertrud Baumhagen|gender=f)))	(mention_id=4628|references=(entity=(entity_id=32|fullname=Trudchen|gender=f)))
32753	ängstete	0		
32754	sich	0	(mention_id=4621|references=(entity=(entity_id=entity_0004|fullname=Gertrud Baumhagen|gender=f)))	(mention_id=4629|references=(entity=(entity_id=32|fullname=Trudchen|gender=f)))
32755	um	0		
32756	ihren	0	(mention_id=4622|references=(entity=(entity_id=entity_0004|fullname=Gertrud Baumhagen|gender=f)))	(mention_id=4630|references=(entity=(entity_id=9|fullname=Franz|gender=m)))
32757	Mann	0	(mention_id=4623|references=(entity=(entity_id=entity_0001|fullname=Franz Linden|gender=m)))	(mention_id=4631|references=(entity=(entity_id=9|fullname=Franz|gender=m)))
32758	.	0		
32759	Wenn	0		
32760	ihm	0	(mention_id=4624|references=(entity=(entity_id=entity_0001|fullname=Franz Linden|gender=m)))	(mention_id=4632|references=(entity=(entity_id=9|fullname=Franz|gender=m)))
32761	nur	0		
32762	nichts	0		
32763	mit	0		
32764	den	0		
32765	neuen	0		
32766	Pferden	0		
32767	passiert	0		
32768	,	0		
32769	dachte	0		
32770	sie	0	(mention_id=4625|references=(entity=(entity_id=entity_0004|fullname=Gertrud Baumhagen|gender=f)))	(mention_id=4633|references=(entity=(entity_id=32|fullname=Trudchen|gender=f)))
32771	und	0		
32772	trat	0		
32773	auf	0		
32774	die	0		
32775	Veranda	0		
32776	.	0		
32777	In	0		
32778	Blütenpracht	0		
32779	lag	0		
32780	der	0		
32781	Garten	0		
32782	unter	0		
32783	der	0		
32784	Mittagssonne	0		
32785	vor	0		
32786	ihr	0	(mention_id=4626|references=(entity=(entity_id=entity_0004|fullname=Gertrud Baumhagen|gender=f)))	(mention_id=4634|references=(entity=(entity_id=32|fullname=Trudchen|gender=f)))
32787	,	0		
32788	einsam	0		
32789	und	0		
32790	still	0		
32791	allenthalben	0		
32792	.	0		
32793	Dann	0		
32794	flog	0		
32795	ein	0		
32796	Schatten	0		
32797	über	0		
32798	ihre	0	(mention_id=4627|references=(entity=(entity_id=entity_0004|fullname=Gertrud Baumhagen|gender=f)))	(mention_id=4635|references=(entity=(entity_id=32|fullname=Trudchen|gender=f)))
32799	Züge	0		
32800	.	0		
32801	Dort	0		
32802	hinten	0		
32803	,	0		
32804	unter	0		
32805	den	0		
32806	Kastanien	0		
32807	,	0		
32808	wo	0		
32809	die	0		
32810	Sonnenstrahlen	0		
32811	wie	0		
32812	goldene	0		
32813	Flocken	0		
32814	durch	0		
32815	das	0		
32816	Blättergewirr	0		
32817	brachen	0		
32818	,	0		
32819	ging	0		
32820	ein	0		
32821	Mensch	0	(mention_id=4628|references=(entity=(entity_id=entity_0003|fullname=Herr Wolff|gender=m)))	(mention_id=4636|references=(entity=(entity_id=38|fullname=Wolff|gender=m)))
32822	.	0		
32823	Kein	0		
32824	Zweifel	0		
32825	–	0		
32826	er	0	(mention_id=4629|references=(entity=(entity_id=entity_0003|fullname=Herr Wolff|gender=m)))	(mention_id=4637|references=(entity=(entity_id=38|fullname=Wolff|gender=m)))
32827	war	0		
32828	es	0		
32829	,	0		
32830	der	0	(mention_id=4630|references=(entity=(entity_id=entity_0003|fullname=Herr Wolff|gender=m)))	(mention_id=4638|references=(entity=(entity_id=38|fullname=Wolff|gender=m)))
32831	aus	0		
32832	Tante	0	(mention_id=4631|references=(entity=(entity_id=entity_0011|fullname=Rosalie Kruse|gender=f)))	(mention_id=4639|references=(entity=(entity_id=26|fullname=Tante Rosa|gender=f)))
32833	Rosas	0	(mention_id=4631|references=(entity=(entity_id=entity_0011|fullname=Rosalie Kruse|gender=f)))	(mention_id=4639|references=(entity=(entity_id=26|fullname=Tante Rosa|gender=f)))
32834	Stübchen	0		
32835	.	0		
32836	Wie	0		
32837	kam	0		
32838	er	0	(mention_id=4632|references=(entity=(entity_id=entity_0003|fullname=Herr Wolff|gender=m)))	(mention_id=4640|references=(entity=(entity_id=38|fullname=Wolff|gender=m)))
32839	dazu	0		
32840	,	0		
32841	in	0		
32842	den	0		
32843	Garten	0		
32844	einzudringen	0		
32845	?	0		
32846	–	0		
32847	Wo	0		
32848	hatte	0		
32849	sie	0	(mention_id=4633|references=(entity=(entity_id=entity_0004|fullname=Gertrud Baumhagen|gender=f)))	(mention_id=4641|references=(entity=(entity_id=32|fullname=Trudchen|gender=f)))
32850	doch	0		
32851	seinen	0	(mention_id=4634|references=(entity=(entity_id=entity_0003|fullname=Herr Wolff|gender=m)))	(mention_id=4642|references=(entity=(entity_id=38|fullname=Wolff|gender=m)))
32852	Namen	0		
32853	schon	0		
32854	gehört	0		
32855	?	0		
32856	Sie	0	(mention_id=4635|references=(entity=(entity_id=entity_0004|fullname=Gertrud Baumhagen|gender=f)))	(mention_id=4643|references=(entity=(entity_id=32|fullname=Trudchen|gender=f)))
32857	schreckte	0		
32858	empor	0		
32859	,	0		
32860	als	0		
32861	hätte	0		
32862	sie	0	(mention_id=4636|references=(entity=(entity_id=entity_0004|fullname=Gertrud Baumhagen|gender=f)))	(mention_id=4644|references=(entity=(entity_id=32|fullname=Trudchen|gender=f)))
32863	etwas	0		
32864	Unangenehmes	0		
32865	berührt	0		
32866	.	0		
32867	»	0		
32868	Wolff	0	(mention_id=4637|references=(entity=(entity_id=entity_0003|fullname=Herr Wolff|gender=m)))	(mention_id=4645|references=(entity=(entity_id=38|fullname=Wolff|gender=m)))
32869	«	0		
32870	–	0		
32871	der	0		
32872	Name	0		
32873	stand	0		
32874	auf	0		
32875	der	0		
32876	Visitenkarte	0		
32877	,	0		
32878	die	0		
32879	dem	0		
32880	Blumenkorbe	0		
32881	beigegeben	0		
32882	war	0		
32883	,	0		
32884	der	0		
32885	am	0		
32886	Hochzeitsabend	0		
32887	–	0		
32888	ja	0		
32889	freilich	0		
32890	!	0		
32891	Aber	0		
32892	sie	0	(mention_id=4638|references=(entity=(entity_id=entity_0004|fullname=Gertrud Baumhagen|gender=f)))	(mention_id=4646|references=(entity=(entity_id=32|fullname=Trudchen|gender=f)))
32893	hatte	0		
32894	den	0		
32895	Mann	0	(mention_id=4639|references=(entity=(entity_id=entity_0003|fullname=Herr Wolff|gender=m)))	(mention_id=4647|references=(entity=(entity_id=38|fullname=Wolff|gender=m)))
32896	auch	0		
32897	schon	0		
32898	gesehen	0		
32899	–	0		
32900	wo	0		
32901	doch	0		
32902	gleich	0		
32903	?	0		
32904	Vielleicht	0		
32905	bei	0		
32906	Artur	0	(mention_id=4640|references=(entity=(entity_id=entity_0007|fullname=Artur Fredrich|gender=m)))	(mention_id=4648|references=(entity=(entity_id=5|fullname=Artur|gender=m)))
32907	,	0		
32908	draußen	0		
32909	in	0		
32910	der	0		
32911	Fabrik	0		
32912	?	0		
32913	Es	0		
32914	konnte	0		
32915	sein	0		
32916	.	0		
32917	Sie	0	(mention_id=4641|references=(entity=(entity_id=entity_0004|fullname=Gertrud Baumhagen|gender=f)))	(mention_id=4649|references=(entity=(entity_id=32|fullname=Trudchen|gender=f)))
32918	hob	0		
32919	den	0		
32920	Kopf	0		
32921	,	0		
32922	und	0		
32923	ihre	0	(mention_id=4642|references=(entity=(entity_id=entity_0004|fullname=Gertrud Baumhagen|gender=f)))	(mention_id=4650|references=(entity=(entity_id=32|fullname=Trudchen|gender=f)))
32924	Augen	0		
32925	leuchteten	0		
32926	wieder	0		
32927	.	0		
32928	Dort	0		
32929	bog	0		
32930	der	0		
32931	Wagen	0		
32932	in	0		
32933	das	0		
32934	Gittertor	0		
32935	.	0		
32936	Er	0	(mention_id=4643|references=(entity=(entity_id=entity_0001|fullname=Franz Linden|gender=m)))	(mention_id=4651|references=(entity=(entity_id=9|fullname=Franz|gender=m)))
32937	lenkte	0		
32938	die	0		
32939	Pferde	0		
32940	und	0		
32941	im	0		
32942	Fond	0		
32943	des	0		
32944	leichten	0		
32945	Gefährts	0		
32946	saß	0		
32947	,	0		
32948	neben	0		
32949	dem	0		
32950	erwarteten	0		
32951	Freunde	0	(mention_id=4644|references=(entity=(entity_id=entity_0002|fullname=Richard Weishaupt|gender=m)))	(mention_id=4652|references=(entity=(entity_id=4|fullname=Amtsrichter|gender=m)),(entity=(entity_id=24|fullname=Onkel Heinrich|gender=m)))
32952	,	0		
32953	Onkel	0	(mention_id=4645|references=(entity=(entity_id=entity_0008|fullname=Onkel Heinrich|gender=m)))	(mention_id=4653|references=(entity=(entity_id=24|fullname=Onkel Heinrich|gender=m)))
32954	Heinrich	0	(mention_id=4645|references=(entity=(entity_id=entity_0008|fullname=Onkel Heinrich|gender=m)))	(mention_id=4653|references=(entity=(entity_id=24|fullname=Onkel Heinrich|gender=m)))
32955	und	0		
32956	schwenkte	0		
32957	sein	0	(mention_id=4646|references=(entity=(entity_id=entity_0008|fullname=Onkel Heinrich|gender=m)))	(mention_id=4654|references=(entity=(entity_id=24|fullname=Onkel Heinrich|gender=m)))
32958	rotes	0		
32959	Taschentuch	0		
32960	.	0		
32961	Die	0		
32962	Herren	0	(mention_id=4647|references=(entity=(entity_id=entity_0002|fullname=Richard Weishaupt|gender=m)),(entity=(entity_id=entity_0008|fullname=Onkel Heinrich|gender=m)))	(mention_id=4655|references=(entity=(entity_id=4|fullname=Amtsrichter|gender=m)),(entity=(entity_id=24|fullname=Onkel Heinrich|gender=m)))
32963	waren	0		
32964	in	0		
32965	allerbester	0		
32966	Stimmung	0		
32967	;	0		
32968	es	0		
32969	wurde	0		
32970	eine	0		
32971	lebhafte	0		
32972	Begrüßung	0		
32973	.	0		
32974	»	0		
32975	Jetzt	0		
32976	sieht's	0		
32977	hier	0		
32978	anders	0		
32979	aus	0		
32980	,	0		
32981	Franz	0	(mention_id=4648|references=(entity=(entity_id=entity_0001|fullname=Franz Linden|gender=m)))	(mention_id=4656|references=(entity=(entity_id=9|fullname=Franz|gender=m)))
32982	«	0		
32983	,	0		
32984	sagte	0		
32985	der	0		
32986	kleine	0		
32987	Amtsrichter	0	(mention_id=4649|references=(entity=(entity_id=entity_0002|fullname=Richard Weishaupt|gender=m)))	(mention_id=4657|references=(entity=(entity_id=4|fullname=Amtsrichter|gender=m)))
32988	und	0		
32989	klopfte	0		
32990	Linden	0	(mention_id=4650|references=(entity=(entity_id=entity_0001|fullname=Franz Linden|gender=m)))	(mention_id=4658|references=(entity=(entity_id=9|fullname=Franz|gender=m)))
32991	auf	0		
32992	die	0		
32993	Schulter	0		
32994	und	0		
32995	schüttelte	0		
32996	der	0		
32997	jungen	0		
32998	Frau	0	(mention_id=4651|references=(entity=(entity_id=entity_0004|fullname=Gertrud Baumhagen|gender=f)))	(mention_id=4659|references=(entity=(entity_id=32|fullname=Trudchen|gender=f)))
32999	die	0		
33000	Hand	0		
33001	.	0		
33002	Er	0	(mention_id=4652|references=(entity=(entity_id=entity_0002|fullname=Richard Weishaupt|gender=m)))	(mention_id=4660|references=(entity=(entity_id=4|fullname=Amtsrichter|gender=m)))
33003	war	0		
33004	so	0		
33005	vergnügt	0		
33006	,	0		
33007	daß	0		
33008	er	0	(mention_id=4653|references=(entity=(entity_id=entity_0002|fullname=Richard Weishaupt|gender=m)))	(mention_id=4661|references=(entity=(entity_id=4|fullname=Amtsrichter|gender=m)))
33009	sich	0	(mention_id=4654|references=(entity=(entity_id=entity_0002|fullname=Richard Weishaupt|gender=m)))	(mention_id=4662|references=(entity=(entity_id=4|fullname=Amtsrichter|gender=m)))
33010	sogar	0		
33011	nach	0		
33012	Tante	0	(mention_id=4655|references=(entity=(entity_id=entity_0011|fullname=Rosalie Kruse|gender=f)))	(mention_id=4663|references=(entity=(entity_id=26|fullname=Tante Rosa|gender=f)))
33013	Rosa	0	(mention_id=4655|references=(entity=(entity_id=entity_0011|fullname=Rosalie Kruse|gender=f)))	(mention_id=4663|references=(entity=(entity_id=26|fullname=Tante Rosa|gender=f)))
33014	erkundigte	0		
33015	.	0		
33016	»	0		
33017	Oh	0		
33018	,	0		
33019	siehst	0		
33020	du	0	(mention_id=4656|references=(entity=(entity_id=entity_0004|fullname=Gertrud Baumhagen|gender=f)))	(mention_id=4664|references=(entity=(entity_id=32|fullname=Trudchen|gender=f)))
33021	,	0		
33022	Kind	0	(mention_id=4657|references=(entity=(entity_id=entity_0004|fullname=Gertrud Baumhagen|gender=f)))	(mention_id=4665|references=(entity=(entity_id=32|fullname=Trudchen|gender=f)))
33023	«	0		
33024	,	0		
33025	entschuldigte	0		
33026	Onkel	0	(mention_id=4658|references=(entity=(entity_id=entity_0008|fullname=Onkel Heinrich|gender=m)))	(mention_id=4666|references=(entity=(entity_id=24|fullname=Onkel Heinrich|gender=m)))
33027	Heinrich	0	(mention_id=4658|references=(entity=(entity_id=entity_0008|fullname=Onkel Heinrich|gender=m)))	(mention_id=4666|references=(entity=(entity_id=24|fullname=Onkel Heinrich|gender=m)))
33028	sein	0	(mention_id=4659|references=(entity=(entity_id=entity_0008|fullname=Onkel Heinrich|gender=m)))	(mention_id=4667|references=(entity=(entity_id=24|fullname=Onkel Heinrich|gender=m)))
33029	Kommen	0		
33030	,	0		
33031	»	0		
33032	ich	0	(mention_id=4660|references=(entity=(entity_id=entity_0008|fullname=Onkel Heinrich|gender=m)))	(mention_id=4668|references=(entity=(entity_id=24|fullname=Onkel Heinrich|gender=m)))
33033	wäre	0		
33034	nicht	0		
33035	schon	0		
33036	wieder	0		
33037	hier	0		
33038	,	0		
33039	aber	0		
33040	der	0		
33041	Wirt	0	(mention_id=4661|references=(entity=(entity_id=entity_0231|fullname=Wirt|gender=m)))	(mention_id=4669|references=(entity=(entity_id=37|fullname=Wirt im Deutschen Hause|gender=m|specialcase_entity=nonfact)))
33042	im	0		
33043	›	0		
33044	Deutschen	0		
33045	Hause	0		
33046	‹	0		
33047	ist	0		
33048	gestorben	0		
33049	heute	0		
33050	früh	0		
33051	,	0		
33052	ich	0	(mention_id=4662|references=(entity=(entity_id=entity_0008|fullname=Onkel Heinrich|gender=m)))	(mention_id=4670|references=(entity=(entity_id=24|fullname=Onkel Heinrich|gender=m)))
33053	kann	0		
33054	da	0		
33055	nicht	0		
33056	essen	0		
33057	,	0		
33058	's	0		
33059	ist	0		
33060	mir	0	(mention_id=4663|references=(entity=(entity_id=entity_0008|fullname=Onkel Heinrich|gender=m)))	(mention_id=4671|references=(entity=(entity_id=24|fullname=Onkel Heinrich|gender=m)))
33061	nicht	0		
33062	möglich	0		
33063	.	0		
33064	Du	0	(mention_id=4664|references=(entity=(entity_id=entity_0004|fullname=Gertrud Baumhagen|gender=f)))	(mention_id=4672|references=(entity=(entity_id=32|fullname=Trudchen|gender=f)))
33065	hast	0		
33066	doch	0		
33067	Spargel	0		
33068	?	0		
33069	«	0		
33070	»	0		
33071	Wird	0		
33072	nichts	0		
33073	verraten	0		
33074	,	0		
33075	Onkelchen	0	(mention_id=4665|references=(entity=(entity_id=entity_0008|fullname=Onkel Heinrich|gender=m)))	(mention_id=4673|references=(entity=(entity_id=24|fullname=Onkel Heinrich|gender=m)))
33076	!	0		
33077	«	0		
33078	Sie	0	(mention_id=4666|references=(entity=(entity_id=entity_0004|fullname=Gertrud Baumhagen|gender=f)))	(mention_id=4674|references=(entity=(entity_id=32|fullname=Trudchen|gender=f)))
33079	legte	0		
33080	ihren	0	(mention_id=4667|references=(entity=(entity_id=entity_0004|fullname=Gertrud Baumhagen|gender=f)))	(mention_id=4675|references=(entity=(entity_id=32|fullname=Trudchen|gender=f)))
33081	Arm	0		
33082	in	0		
33083	den	0		
33084	des	0		
33085	alten	0		
33086	Herrn	0	(mention_id=4668|references=(entity=(entity_id=entity_0008|fullname=Onkel Heinrich|gender=m)))	(mention_id=4676|references=(entity=(entity_id=24|fullname=Onkel Heinrich|gender=m)))
33087	und	0		
33088	schritt	0		
33089	zwischen	0		
33090	ihren	0	(mention_id=4669|references=(entity=(entity_id=entity_0004|fullname=Gertrud Baumhagen|gender=f)))	(mention_id=4677|references=(entity=(entity_id=32|fullname=Trudchen|gender=f)),(entity=(entity_id=4|fullname=Amtsrichter|gender=m)))
33091	Gästen	0	(mention_id=4670|references=(entity=(entity_id=entity_0002|fullname=Richard Weishaupt|gender=m)),(entity=(entity_id=entity_0008|fullname=Onkel Heinrich|gender=m)))	(mention_id=4678|references=(entity=(entity_id=32|fullname=Trudchen|gender=f)),(entity=(entity_id=4|fullname=Amtsrichter|gender=m)))
33092	die	0		
33093	Stufen	0		
33094	hinauf	0		
33095	.	0		
33096	Oben	0		
33097	wandte	0		
33098	sie	0	(mention_id=4671|references=(entity=(entity_id=entity_0004|fullname=Gertrud Baumhagen|gender=f)))	(mention_id=4679|references=(entity=(entity_id=32|fullname=Trudchen|gender=f)))
33099	den	0		
33100	Kopf	0		
33101	zurück	0		
33102	und	0		
33103	trat	0		
33104	dann	0		
33105	rasch	0		
33106	an	0		
33107	die	0		
33108	Brüstung	0		
33109	der	0		
33110	Veranda	0		
33111	.	0		
33112	Dort	0		
33113	stand	0		
33114	dieser	0		
33115	Wolff	0	(mention_id=4672|references=(entity=(entity_id=entity_0003|fullname=Herr Wolff|gender=m)))	(mention_id=4680|references=(entity=(entity_id=38|fullname=Wolff|gender=m)))
33116	wie	0		
33117	hingezaubert	0		
33118	vor	0		
33119	ihrem	0	(mention_id=4673|references=(entity=(entity_id=entity_0004|fullname=Gertrud Baumhagen|gender=f)))	(mention_id=4681|references=(entity=(entity_id=32|fullname=Trudchen|gender=f)))
33120	Manne	0	(mention_id=4674|references=(entity=(entity_id=entity_0001|fullname=Franz Linden|gender=m)))	(mention_id=4682|references=(entity=(entity_id=9|fullname=Franz|gender=m)))
33121	,	0		
33122	den	0		
33123	Hut	0		
33124	devot	0		
33125	in	0		
33126	der	0		
33127	Hand	0		
33128	,	0		
33129	und	0		
33130	sein	0	(mention_id=4675|references=(entity=(entity_id=entity_0003|fullname=Herr Wolff|gender=m)))	(mention_id=4683|references=(entity=(entity_id=38|fullname=Wolff|gender=m)))
33131	Gesicht	0		
33132	war	0		
33133	eitel	0		
33134	Lächeln	0		
33135	.	0		
33136	»	0		
33137	O	0		
33138	la	0		
33139	la	0		
33140	!	0		
33141	«	0		
33142	sagte	0		
33143	Onkel	0	(mention_id=4676|references=(entity=(entity_id=entity_0008|fullname=Onkel Heinrich|gender=m)))	(mention_id=4684|references=(entity=(entity_id=24|fullname=Onkel Heinrich|gender=m)))
33144	Heinrich	0	(mention_id=4676|references=(entity=(entity_id=entity_0008|fullname=Onkel Heinrich|gender=m)))	(mention_id=4684|references=(entity=(entity_id=24|fullname=Onkel Heinrich|gender=m)))
33145	,	0		
33146	»	0		
33147	wo	0		
33148	kommt	0		
33149	der	0	(mention_id=4677|references=(entity=(entity_id=entity_0003|fullname=Herr Wolff|gender=m)))	(mention_id=4685|references=(entity=(entity_id=38|fullname=Wolff|gender=m)))
33150	her	0		
33151	,	0		
33152	Trudchen	0	(mention_id=4678|references=(entity=(entity_id=entity_0004|fullname=Gertrud Baumhagen|gender=f)))	(mention_id=4686|references=(entity=(entity_id=32|fullname=Trudchen|gender=f)))
33153	?	0		
33154	«	0		
33155	Der	0		
33156	Amtsrichter	0	(mention_id=4679|references=(entity=(entity_id=entity_0002|fullname=Richard Weishaupt|gender=m)))	(mention_id=4687|references=(entity=(entity_id=4|fullname=Amtsrichter|gender=m)))
33157	sah	0		
33158	unter	0		
33159	seiner	0	(mention_id=4680|references=(entity=(entity_id=entity_0002|fullname=Richard Weishaupt|gender=m)))	(mention_id=4688|references=(entity=(entity_id=4|fullname=Amtsrichter|gender=m)))
33160	blauen	0		
33161	Brille	0		
33162	hervor	0		
33163	mit	0		
33164	gespannter	0		
33165	Aufmerksamkeit	0		
33166	auf	0		
33167	die	0		
33168	beiden	0		
33169	Herren	0	(mention_id=4681|references=(entity=(entity_id=entity_0001|fullname=Franz Linden|gender=m)),(entity=(entity_id=entity_0003|fullname=Herr Wolff|gender=m)))	(mention_id=4689|references=(entity=(entity_id=9|fullname=Franz|gender=m)),(entity=(entity_id=38|fullname=Wolff|gender=m)))
33170	.	0		
33171	Jetzt	0		
33172	winkte	0		
33173	Linden	0	(mention_id=4682|references=(entity=(entity_id=entity_0001|fullname=Franz Linden|gender=m)))	(mention_id=4690|references=(entity=(entity_id=9|fullname=Franz|gender=m)))
33174	kurz	0		
33175	mit	0		
33176	der	0		
33177	Hand	0		
33178	und	0		
33179	sie	0	(mention_id=4683|references=(entity=(entity_id=entity_0001|fullname=Franz Linden|gender=m)),(entity=(entity_id=entity_0003|fullname=Herr Wolff|gender=m)))	(mention_id=4691|references=(entity=(entity_id=9|fullname=Franz|gender=m)),(entity=(entity_id=38|fullname=Wolff|gender=m)))
33180	schritten	0		
33181	den	0		
33182	Weg	0		
33183	entlang	0		
33184	,	0		
33185	der	0		
33186	nach	0		
33187	dem	0		
33188	Gittertor	0		
33189	und	0		
33190	zum	0		
33191	Hofe	0		
33192	führte	0		
33193	.	0		
33194	Wolff	0	(mention_id=4684|references=(entity=(entity_id=entity_0003|fullname=Herr Wolff|gender=m)))	(mention_id=4692|references=(entity=(entity_id=38|fullname=Wolff|gender=m)))
33195	immer	0		
33196	eifrig	0		
33197	sprechend	0		
33198	.	0		
33199	Trudchen	0	(mention_id=4685|references=(entity=(entity_id=entity_0004|fullname=Gertrud Baumhagen|gender=f)))	(mention_id=4693|references=(entity=(entity_id=32|fullname=Trudchen|gender=f)))
33200	bog	0		
33201	sich	0	(mention_id=4686|references=(entity=(entity_id=entity_0004|fullname=Gertrud Baumhagen|gender=f)))	(mention_id=4694|references=(entity=(entity_id=32|fullname=Trudchen|gender=f)))
33202	weit	0		
33203	über	0		
33204	das	0		
33205	Eisengeländer	0		
33206	.	0		
33207	Es	0		
33208	kam	0		
33209	ihr	0	(mention_id=4687|references=(entity=(entity_id=entity_0004|fullname=Gertrud Baumhagen|gender=f)))	(mention_id=4695|references=(entity=(entity_id=32|fullname=Trudchen|gender=f)))
33210	vor	0		
33211	,	0		
33212	als	0		
33213	ob	0		
33214	Franz	0	(mention_id=4688|references=(entity=(entity_id=entity_0001|fullname=Franz Linden|gender=m)))	(mention_id=4696|references=(entity=(entity_id=9|fullname=Franz|gender=m)))
33215	unwillig	0		
33216	sei	0		
33217	.	0		
33218	Nun	0		
33219	standen	0		
33220	sie	0	(mention_id=4689|references=(entity=(entity_id=entity_0001|fullname=Franz Linden|gender=m)),(entity=(entity_id=entity_0003|fullname=Herr Wolff|gender=m)))	(mention_id=4697|references=(entity=(entity_id=9|fullname=Franz|gender=m)),(entity=(entity_id=32|fullname=Trudchen|gender=f)))
33221	still	0		
33222	,	0		
33223	Franz	0	(mention_id=4690|references=(entity=(entity_id=entity_0001|fullname=Franz Linden|gender=m)))	(mention_id=4698|references=(entity=(entity_id=9|fullname=Franz|gender=m)))
33224	öffnete	0		
33225	die	0		
33226	Gittertür	0		
33227	und	0		
33228	wies	0		
33229	plötzlich	0		
33230	mit	0		
33231	einer	0		
33232	nicht	0		
33233	mißzuverstehenden	0		
33234	,	0		
33235	sehr	0		
33236	energischen	0		
33237	Gebärde	0		
33238	hinaus	0		
33239	.	0		
33240	Herr	0	(mention_id=4691|references=(entity=(entity_id=entity_0003|fullname=Herr Wolff|gender=m)))	(mention_id=4699|references=(entity=(entity_id=38|fullname=Wolff|gender=m)))
33241	Wolff	0	(mention_id=4691|references=(entity=(entity_id=entity_0003|fullname=Herr Wolff|gender=m)))	(mention_id=4699|references=(entity=(entity_id=38|fullname=Wolff|gender=m)))
33242	zögerte	0		
33243	,	0		
33244	er	0	(mention_id=4692|references=(entity=(entity_id=entity_0003|fullname=Herr Wolff|gender=m)))	(mention_id=4700|references=(entity=(entity_id=38|fullname=Wolff|gender=m)))
33245	sprach	0		
33246	wieder	0		
33247	.	0		
33248	Da	0		
33249	noch	0		
33250	einmal	0		
33251	,	0		
33252	noch	0		
33253	heftiger	0		
33254	die	0		
33255	stumme	0		
33256	Gebärde	0		
33257	,	0		
33258	und	0		
33259	wie	0		
33260	ein	0		
33261	Blitz	0		
33262	verschwand	0		
33263	der	0		
33264	kleine	0		
33265	Mann	0	(mention_id=4693|references=(entity=(entity_id=entity_0003|fullname=Herr Wolff|gender=m)))	(mention_id=4701|references=(entity=(entity_id=38|fullname=Wolff|gender=m)))
33266	.	0		
33267	Klirrend	0		
33268	fiel	0		
33269	die	0		
33270	Tür	0		
33271	ins	0		
33272	Schloß	0		
33273	,	0		
33274	und	0		
33275	Franz	0	(mention_id=4694|references=(entity=(entity_id=entity_0001|fullname=Franz Linden|gender=m)))	(mention_id=4702|references=(entity=(entity_id=9|fullname=Franz|gender=m)))
33276	kam	0		
33277	zurück	0		
33278	,	0		
33279	aber	0		
33280	langsam	0		
33281	,	0		
33282	als	0		
33283	müsse	0		
33284	er	0	(mention_id=4695|references=(entity=(entity_id=entity_0001|fullname=Franz Linden|gender=m)))	(mention_id=4703|references=(entity=(entity_id=9|fullname=Franz|gender=m)))
33285	sich	0	(mention_id=4696|references=(entity=(entity_id=entity_0001|fullname=Franz Linden|gender=m)))	(mention_id=4704|references=(entity=(entity_id=9|fullname=Franz|gender=m)))
33286	erst	0		
33287	sammeln	0		
33288	,	0		
33289	und	0		
33290	dunkelrot	0		
33291	,	0		
33292	wie	0		
33293	nach	0		
33294	heftigem	0		
33295	Ärger	0		
33296	.	0		
33297	Sie	0	(mention_id=4697|references=(entity=(entity_id=entity_0004|fullname=Gertrud Baumhagen|gender=f)))	(mention_id=4705|references=(entity=(entity_id=32|fullname=Trudchen|gender=f)))
33298	ging	0		
33299	ihm	0	(mention_id=4698|references=(entity=(entity_id=entity_0001|fullname=Franz Linden|gender=m)))	(mention_id=4706|references=(entity=(entity_id=9|fullname=Franz|gender=m)))
33300	entgegen	0		
33301	,	0		
33302	aber	0		
33303	fragte	0		
33304	nicht	0		
33305	.	0		
33306	Vor	0		
33307	den	0		
33308	Gästen	0	(mention_id=4699|references=(entity=(entity_id=entity_0002|fullname=Richard Weishaupt|gender=m)),(entity=(entity_id=entity_0008|fullname=Onkel Heinrich|gender=m)))	(mention_id=4707|references=(entity=(entity_id=4|fullname=Amtsrichter|gender=m)),(entity=(entity_id=24|fullname=Onkel Heinrich|gender=m)))
33309	wollte	0		
33310	sie	0	(mention_id=4700|references=(entity=(entity_id=entity_0004|fullname=Gertrud Baumhagen|gender=f)))	(mention_id=4708|references=(entity=(entity_id=32|fullname=Trudchen|gender=f)))
33311	ihn	0	(mention_id=4701|references=(entity=(entity_id=entity_0001|fullname=Franz Linden|gender=m)))	(mention_id=4709|references=(entity=(entity_id=9|fullname=Franz|gender=m)))
33312	nicht	0		
33313	zum	0		
33314	Reden	0		
33315	bringen	0		
33316	.	0		
33317	Sie	0	(mention_id=4702|references=(entity=(entity_id=entity_0004|fullname=Gertrud Baumhagen|gender=f)))	(mention_id=4710|references=(entity=(entity_id=32|fullname=Trudchen|gender=f)))
33318	drückte	0		
33319	nur	0		
33320	verstohlen	0		
33321	seine	0	(mention_id=4703|references=(entity=(entity_id=entity_0001|fullname=Franz Linden|gender=m)))	(mention_id=4711|references=(entity=(entity_id=9|fullname=Franz|gender=m)))
33322	Rechte	0		
33323	und	0		
33324	sprach	0		
33325	heiter	0		
33326	über	0		
33327	die	0		
33328	Freude	0		
33329	,	0		
33330	Besuch	0		
33331	zu	0		
33332	haben	0		
33333	.	0		
33334	»	0		
33335	Scharmant	0		
33336	!	0		
33337	«	0		
33338	sagte	0		
33339	er	0	(mention_id=4704|references=(entity=(entity_id=entity_0001|fullname=Franz Linden|gender=m)))	(mention_id=4712|references=(entity=(entity_id=9|fullname=Franz|gender=m)))
33340	zerstreut	0		
33341	,	0		
33342	»	0		
33343	aber	0		
33344	bitte	0		
33345	Trudchen	0	(mention_id=4705|references=(entity=(entity_id=entity_0004|fullname=Gertrud Baumhagen|gender=f)))	(mention_id=4713|references=(entity=(entity_id=32|fullname=Trudchen|gender=f)))
33346	,	0		
33347	unterhalte	0		
33348	dich	0	(mention_id=4706|references=(entity=(entity_id=entity_0004|fullname=Gertrud Baumhagen|gender=f)))	(mention_id=4714|references=(entity=(entity_id=32|fullname=Trudchen|gender=f)))
33349	mit	0		
33350	Onkel	0	(mention_id=4707|references=(entity=(entity_id=entity_0008|fullname=Onkel Heinrich|gender=m)))	(mention_id=4715|references=(entity=(entity_id=24|fullname=Onkel Heinrich|gender=m)))
33351	Heinrich	0	(mention_id=4707|references=(entity=(entity_id=entity_0008|fullname=Onkel Heinrich|gender=m)))	(mention_id=4715|references=(entity=(entity_id=24|fullname=Onkel Heinrich|gender=m)))
33352	.	0		
33353	Richard	0	(mention_id=4708|references=(entity=(entity_id=entity_0002|fullname=Richard Weishaupt|gender=m)))	(mention_id=4716|references=(entity=(entity_id=4|fullname=Amtsrichter|gender=m)))
33354	,	0		
33355	komm	0		
33356	einen	0		
33357	Augenblick	0		
33358	–	0		
33359	ich	0	(mention_id=4709|references=(entity=(entity_id=entity_0001|fullname=Franz Linden|gender=m)))	(mention_id=4717|references=(entity=(entity_id=9|fullname=Franz|gender=m)))
33360	muß	0		
33361	–	0		
33362	ich	0	(mention_id=4710|references=(entity=(entity_id=entity_0001|fullname=Franz Linden|gender=m)))	(mention_id=4718|references=(entity=(entity_id=9|fullname=Franz|gender=m)))
33363	will	0		
33364	dir	0	(mention_id=4711|references=(entity=(entity_id=entity_0002|fullname=Richard Weishaupt|gender=m)))	(mention_id=4719|references=(entity=(entity_id=4|fullname=Amtsrichter|gender=m)))
33365	deine	0	(mention_id=4712|references=(entity=(entity_id=entity_0002|fullname=Richard Weishaupt|gender=m)))	(mention_id=4720|references=(entity=(entity_id=4|fullname=Amtsrichter|gender=m)))
33366	Stube	0		
33367	zeigen	0		
33368	.	0		
33369	«	0		
33370	Und	0		
33371	die	0		
33372	Freunde	0	(mention_id=4713|references=(entity=(entity_id=entity_0001|fullname=Franz Linden|gender=m)),(entity=(entity_id=entity_0002|fullname=Richard Weishaupt|gender=m)))	(mention_id=4721|references=(entity=(entity_id=9|fullname=Franz|gender=m)),(entity=(entity_id=4|fullname=Amtsrichter|gender=m)))
33373	gingen	0		
33374	zusammen	0		
33375	hinaus	0		
33376	.	0		
33377	»	0		
33378	Weißt	0		
33379	du	0	(mention_id=4714|references=(entity=(entity_id=entity_0004|fullname=Gertrud Baumhagen|gender=f)))	(mention_id=4722|references=(entity=(entity_id=4|fullname=Amtsrichter|gender=m)))
33380	auch	0		
33381	,	0		
33382	daß	0		
33383	du	0	(mention_id=4715|references=(entity=(entity_id=entity_0004|fullname=Gertrud Baumhagen|gender=f)))	(mention_id=4723|references=(entity=(entity_id=9|fullname=Franz|gender=m)))
33384	nachmittag	0		
33385	noch	0		
33386	mehr	0		
33387	Gäste	0	(mention_id=4716|references=(entity=(entity_id=entity_0005|fullname=Ottilie Baumhagen|gender=f)),(entity=(entity_id=entity_0006|fullname=Jenny Fredrich, geb. Baumhagen|gender=f)),(entity=(entity_id=entity_0007|fullname=Artur Fredrich|gender=m)))	(mention_id=4724|references=(entity=(entity_id=10|fullname=Frau Baumhagen|gender=f)),(entity=(entity_id=17|fullname=Jenny|gender=f)),(entity=(entity_id=5|fullname=Artur|gender=m)))
33388	bekommst	0		
33389	?	0		
33390	«	0		
33391	fragte	0		
33392	der	0		
33393	alte	0		
33394	Herr	0	(mention_id=4717|references=(entity=(entity_id=entity_0008|fullname=Onkel Heinrich|gender=m)))	(mention_id=4725|references=(entity=(entity_id=24|fullname=Onkel Heinrich|gender=m)))
33395	,	0		
33396	sich	0	(mention_id=4718|references=(entity=(entity_id=entity_0008|fullname=Onkel Heinrich|gender=m)))	(mention_id=4726|references=(entity=(entity_id=24|fullname=Onkel Heinrich|gender=m)))
33397	behaglich	0		
33398	im	0		
33399	Salon	0		
33400	niederlassend	0		
33401	.	0		
33402	»	0		
33403	Deine	0	(mention_id=4719|references=(entity=(entity_id=entity_0004|fullname=Gertrud Baumhagen|gender=f)))	(mention_id=4727|references=(entity=(entity_id=10|fullname=Frau Baumhagen|gender=f)))
33404	Mutter	0	(mention_id=4720|references=(entity=(entity_id=entity_0005|fullname=Ottilie Baumhagen|gender=f)))	(mention_id=4728|references=(entity=(entity_id=10|fullname=Frau Baumhagen|gender=f)))
33405	und	0		
33406	Fredrichs	0	(mention_id=4721|references=(entity=(entity_id=entity_0007|fullname=Artur Fredrich|gender=m)),(entity=(entity_id=entity_0006|fullname=Jenny Fredrich, geb. Baumhagen|gender=f)))	(mention_id=4729|references=(entity=(entity_id=5|fullname=Artur|gender=m)))
33407	.	0		
33408	Sie	0	(mention_id=4722|references=(entity=(entity_id=entity_0005|fullname=Ottilie Baumhagen|gender=f)),(entity=(entity_id=entity_0007|fullname=Artur Fredrich|gender=m)),(entity=(entity_id=entity_0006|fullname=Jenny Fredrich, geb. Baumhagen|gender=f)))	(mention_id=4730|references=(entity=(entity_id=10|fullname=Frau Baumhagen|gender=f)),(entity=(entity_id=17|fullname=Jenny|gender=f)),(entity=(entity_id=5|fullname=Artur|gender=m)))
33409	sind	0		
33410	gestern	0		
33411	zurückgekehrt	0		
33412	.	0		
33413	Tausend	0		
33414	Wetter	0		
33415	,	0		
33416	sieht	0		
33417	Frau	0	(mention_id=4723|references=(entity=(entity_id=entity_0006|fullname=Jenny Fredrich, geb. Baumhagen|gender=f)))	(mention_id=4731|references=(entity=(entity_id=17|fullname=Jenny|gender=f)))
33418	Jenny	0	(mention_id=4723|references=(entity=(entity_id=entity_0006|fullname=Jenny Fredrich, geb. Baumhagen|gender=f)))	(mention_id=4731|references=(entity=(entity_id=17|fullname=Jenny|gender=f)))
33419	fesch	0		
33420	aus	0		
33421	!	0		
33422	Und	0		
33423	,	0		
33424	Gott	0	(mention_id=4724|references=(entity=(entity_id=entity_0019|fullname=Gott|gender=u|specialcase_entity=nonfact)))	
33425	sei	0		
33426	Dank	0		
33427	,	0		
33428	ist	0		
33429	auch	0		
33430	das	0		
33431	Milchgesicht	0		
33432	,	0		
33433	der	0		
33434	Artur	0	(mention_id=4725|references=(entity=(entity_id=entity_0007|fullname=Artur Fredrich|gender=m)))	(mention_id=4732|references=(entity=(entity_id=5|fullname=Artur|gender=m)))
33435	,	0		
33436	ein	0		
33437	bißchen	0		
33438	von	0		
33439	der	0		
33440	Sonne	0		
33441	angebräunt	0		
33442	.	0		
33443	«	0		
33444	»	0		
33445	Ja	0		
33446	«	0		
33447	,	0		
33448	sagte	0		
33449	Trudchen	0	(mention_id=4726|references=(entity=(entity_id=entity_0004|fullname=Gertrud Baumhagen|gender=f)))	(mention_id=4733|references=(entity=(entity_id=32|fullname=Trudchen|gender=f)))
33450	,	0		
33451	»	0		
33452	er	0	(mention_id=4727|references=(entity=(entity_id=entity_0007|fullname=Artur Fredrich|gender=m)))	(mention_id=4734|references=(entity=(entity_id=5|fullname=Artur|gender=m)))
33453	war	0		
33454	noch	0		
33455	vier	0		
33456	Wochen	0		
33457	mit	0		
33458	ihnen	0	(mention_id=4728|references=(entity=(entity_id=entity_0005|fullname=Ottilie Baumhagen|gender=f)),(entity=(entity_id=entity_0006|fullname=Jenny Fredrich, geb. Baumhagen|gender=f)))	(mention_id=4735|references=(entity=(entity_id=10|fullname=Frau Baumhagen|gender=f)),(entity=(entity_id=17|fullname=Jenny|gender=f)),(entity=(entity_id=5|fullname=Artur|gender=m)))
33459	an	0		
33460	den	0		
33461	italienischen	0		
33462	Seen	0		
33463	.	0		
33464	«	0		
33465	Und	0		
33466	als	0		
33467	besinne	0		
33468	sie	0	(mention_id=4729|references=(entity=(entity_id=entity_0004|fullname=Gertrud Baumhagen|gender=f)))	(mention_id=4736|references=(entity=(entity_id=32|fullname=Trudchen|gender=f)))
33469	sich	0	(mention_id=4730|references=(entity=(entity_id=entity_0004|fullname=Gertrud Baumhagen|gender=f)))	(mention_id=4737|references=(entity=(entity_id=32|fullname=Trudchen|gender=f)))
33470	jetzt	0		
33471	erst	0		
33472	:	0		
33473	»	0		
33474	Wie	0		
33475	es	0		
33476	mich	0	(mention_id=4731|references=(entity=(entity_id=entity_0004|fullname=Gertrud Baumhagen|gender=f)))	(mention_id=4738|references=(entity=(entity_id=32|fullname=Trudchen|gender=f)))
33477	aber	0		
33478	freut	0		
33479	,	0		
33480	daß	0		
33481	Mama	0	(mention_id=4732|references=(entity=(entity_id=entity_0005|fullname=Ottilie Baumhagen|gender=f)))	(mention_id=4739|references=(entity=(entity_id=10|fullname=Frau Baumhagen|gender=f)))
33482	gleich	0		
33483	herauskommen	0		
33484	will	0		
33485	!	0		
33486	Ach	0		
33487	,	0		
33488	Onkel	0	(mention_id=4733|references=(entity=(entity_id=entity_0008|fullname=Onkel Heinrich|gender=m)))	(mention_id=4740|references=(entity=(entity_id=24|fullname=Onkel Heinrich|gender=m)))
33489	,	0		
33490	wenn	0		
33491	sie	0	(mention_id=4734|references=(entity=(entity_id=entity_0005|fullname=Ottilie Baumhagen|gender=f)))	(mention_id=4741|references=(entity=(entity_id=10|fullname=Frau Baumhagen|gender=f)))
33492	sich	0	(mention_id=4735|references=(entity=(entity_id=entity_0005|fullname=Ottilie Baumhagen|gender=f)))	(mention_id=4742|references=(entity=(entity_id=10|fullname=Frau Baumhagen|gender=f)))
33493	doch	0		
33494	mit	0		
33495	Franz	0	(mention_id=4736|references=(entity=(entity_id=entity_0001|fullname=Franz Linden|gender=m)))	(mention_id=4743|references=(entity=(entity_id=9|fullname=Franz|gender=m)))
33496	aussöhnte	0		
33497	!	0		
33498	«	0		
33499	»	0		
33500	I	0		
33501	was	0		
33502	,	0		
33503	Trudchen	0	(mention_id=4737|references=(entity=(entity_id=entity_0004|fullname=Gertrud Baumhagen|gender=f)))	(mention_id=4744|references=(entity=(entity_id=32|fullname=Trudchen|gender=f)))
33504	,	0		
33505	sorge	0		
33506	dich	0	(mention_id=4738|references=(entity=(entity_id=entity_0004|fullname=Gertrud Baumhagen|gender=f)))	(mention_id=4745|references=(entity=(entity_id=32|fullname=Trudchen|gender=f)))
33507	nicht	0		
33508	,	0		
33509	wird	0		
33510	sich	0	(mention_id=4739|references=(entity=(entity_id=entity_0001|fullname=Franz Linden|gender=m)),(entity=(entity_id=entity_0005|fullname=Ottilie Baumhagen|gender=f)))	
33511	schon	0		
33512	machen	0		
33513	.	0		
33514	Er	0	(mention_id=4740|references=(entity=(entity_id=entity_0001|fullname=Franz Linden|gender=m)))	(mention_id=4746|references=(entity=(entity_id=9|fullname=Franz|gender=m)))
33515	ist	0		
33516	nicht	0		
33517	der	0		
33518	Mann	0	(mention_id=4741|references=(entity=(entity_id=entity_0001|fullname=Franz Linden|gender=m)))	(mention_id=4747|references=(entity=(entity_id=9|fullname=Franz|gender=m)))
33519	,	0		
33520	der	0	(mention_id=4742|references=(entity=(entity_id=entity_0001|fullname=Franz Linden|gender=m)))	(mention_id=4748|references=(entity=(entity_id=9|fullname=Franz|gender=m)))
33521	sich	0	(mention_id=4742|references=(entity=(entity_id=entity_0001|fullname=Franz Linden|gender=m)))	(mention_id=4749|references=(entity=(entity_id=9|fullname=Franz|gender=m)))
33522	etwas	0		
33523	gefallen	0		
33524	läßt	0		
33525	.	0		
33526	«	0		
33527	»	0		
33528	Was	0		
33529	nur	0		
33530	dieser	0		
33531	Wolff	0	(mention_id=4743|references=(entity=(entity_id=entity_0003|fullname=Herr Wolff|gender=m)))	(mention_id=4750|references=(entity=(entity_id=38|fullname=Wolff|gender=m)))
33532	von	0		
33533	ihm	0	(mention_id=4744|references=(entity=(entity_id=entity_0001|fullname=Franz Linden|gender=m)))	(mention_id=4751|references=(entity=(entity_id=9|fullname=Franz|gender=m)))
33534	wollte	0		
33535	?	0		
33536	«	0		
33537	»	0		
33538	Hm	0		
33539	!	0		
33540	–	0		
33541	Wo	0		
33542	,	0		
33543	um's	0		
33544	Himmels	0		
33545	willen	0		
33546	!	0		
33547	bleiben	0		
33548	sie	0	(mention_id=4745|references=(entity=(entity_id=entity_0001|fullname=Franz Linden|gender=m)),(entity=(entity_id=entity_0002|fullname=Richard Weishaupt|gender=m)))	(mention_id=4752|references=(entity=(entity_id=10|fullname=Frau Baumhagen|gender=f)))
33549	denn	0		
33550	aber	0		
33551	?	0		
33552	«	0		
33553	fragte	0		
33554	ungeduldig	0		
33555	der	0		
33556	Onkel	0	(mention_id=4746|references=(entity=(entity_id=entity_0008|fullname=Onkel Heinrich|gender=m)))	(mention_id=4753|references=(entity=(entity_id=24|fullname=Onkel Heinrich|gender=m)))
33557	.	0		
33558	»	0		
33559	Hungert	0		
33560	dich	0	(mention_id=4747|references=(entity=(entity_id=entity_0008|fullname=Onkel Heinrich|gender=m)))	(mention_id=4754|references=(entity=(entity_id=24|fullname=Onkel Heinrich|gender=m)))
33561	?	0		
33562	«	0		
33563	erkundigte	0		
33564	sie	0	(mention_id=4748|references=(entity=(entity_id=entity_0004|fullname=Gertrud Baumhagen|gender=f)))	(mention_id=4755|references=(entity=(entity_id=10|fullname=Frau Baumhagen|gender=f)))
33565	sich	0	(mention_id=4749|references=(entity=(entity_id=entity_0004|fullname=Gertrud Baumhagen|gender=f)))	(mention_id=4756|references=(entity=(entity_id=10|fullname=Frau Baumhagen|gender=f)))
33566	zerstreut	0		
33567	.	0		
33568	»	0		
33569	Hungern	0		
33570	?	0		
33571	Wie	0		
33572	kann	0		
33573	man	0		
33574	so	0		
33575	plebejisch	0		
33576	fragen	0		
33577	!	0		
33578	für	0		
33579	den	0		
33580	Hunger	0		
33581	tut's	0		
33582	ein	0		
33583	Gericht	0		
33584	Schweinefleisch	0		
33585	mit	0		
33586	Rüben	0		
33587	.	0		
33588	Ich	0	(mention_id=4750|references=(entity=(entity_id=entity_0008|fullname=Onkel Heinrich|gender=m)))	(mention_id=4757|references=(entity=(entity_id=10|fullname=Frau Baumhagen|gender=f)))
33589	habe	0		
33590	Appetit	0		
33591	,	0		
33592	mein	0	(mention_id=4751|references=(entity=(entity_id=entity_0008|fullname=Onkel Heinrich|gender=m)))	(mention_id=4758|references=(entity=(entity_id=10|fullname=Frau Baumhagen|gender=f)))
33593	Kind	0	(mention_id=4752|references=(entity=(entity_id=entity_0004|fullname=Gertrud Baumhagen|gender=f)))	(mention_id=4759|references=(entity=(entity_id=17|fullname=Jenny|gender=f)))
33594	!	0		
33595	O	0		
33596	la	0		
33597	la	0		
33598	–	0		
33599	der	0		
33600	Spargel	0		
33601	wird	0		
33602	schlecht	0		
33603	werden	0		
33604	,	0		
33605	wenn	0		
33606	die	0		
33607	beiden	0	(mention_id=4753|references=(entity=(entity_id=entity_0001|fullname=Franz Linden|gender=m)),(entity=(entity_id=entity_0002|fullname=Richard Weishaupt|gender=m)))	(mention_id=4760|references=(entity=(entity_id=9|fullname=Franz|gender=m)),(entity=(entity_id=32|fullname=Trudchen|gender=f)))
33608	so	0		
33609	lange	0		
33610	bleiben	0		
33611	.	0		
33612	«	0		
33613	–	0		
33614	Es	0		
33615	war	0		
33616	ein	0		
33617	sehr	0		
33618	behagliches	0		
33619	Bild	0		
33620	,	0		
33621	das	0		
33622	sich	0		
33623	der	0		
33624	Frau	0	(mention_id=4754|references=(entity=(entity_id=entity_0005|fullname=Ottilie Baumhagen|gender=f)))	(mention_id=4761|references=(entity=(entity_id=10|fullname=Frau Baumhagen|gender=f)))
33625	Baumhagen	0	(mention_id=4754|references=(entity=(entity_id=entity_0005|fullname=Ottilie Baumhagen|gender=f)))	(mention_id=4761|references=(entity=(entity_id=10|fullname=Frau Baumhagen|gender=f)))
33626	darbot	0		
33627	,	0		
33628	als	0		
33629	sie	0	(mention_id=4755|references=(entity=(entity_id=entity_0005|fullname=Ottilie Baumhagen|gender=f)))	(mention_id=4762|references=(entity=(entity_id=10|fullname=Frau Baumhagen|gender=f)))
33630	nebst	0		
33631	Jenny	0	(mention_id=4756|references=(entity=(entity_id=entity_0006|fullname=Jenny Fredrich, geb. Baumhagen|gender=f)))	(mention_id=4763|references=(entity=(entity_id=17|fullname=Jenny|gender=f)))
33632	und	0		
33633	Artur	0	(mention_id=4757|references=(entity=(entity_id=entity_0007|fullname=Artur Fredrich|gender=m)))	(mention_id=4764|references=(entity=(entity_id=5|fullname=Artur|gender=m)))
33634	vor	0		
33635	den	0		
33636	Stufen	0		
33637	der	0		
33638	Veranda	0		
33639	anlangte	0		
33640	.	0		
33641	Man	0	(mention_id=4758|references=(entity=(entity_id=entity_0001|fullname=Franz Linden|gender=m)),(entity=(entity_id=entity_0002|fullname=Richard Weishaupt|gender=m)),(entity=(entity_id=entity_0008|fullname=Onkel Heinrich|gender=m)),(entity=(entity_id=entity_0004|fullname=Gertrud Baumhagen|gender=f)))	(mention_id=4765|references=(entity=(entity_id=generic_0007|fullname=Man im Allgemeinen|gender=u|specialcase_entity=generic)))
33642	saß	0		
33643	eben	0		
33644	noch	0		
33645	beim	0		
33646	Nachtisch	0		
33647	,	0		
33648	und	0		
33649	Onkel	0	(mention_id=4759|references=(entity=(entity_id=entity_0008|fullname=Onkel Heinrich|gender=m)))	(mention_id=4766|references=(entity=(entity_id=24|fullname=Onkel Heinrich|gender=m)))
33650	Heinrich	0	(mention_id=4759|references=(entity=(entity_id=entity_0008|fullname=Onkel Heinrich|gender=m)))	(mention_id=4766|references=(entity=(entity_id=24|fullname=Onkel Heinrich|gender=m)))
33651	,	0		
33652	die	0		
33653	Serviette	0		
33654	im	0		
33655	Knopfloch	0		
33656	,	0		
33657	das	0		
33658	erhobene	0		
33659	Champagnerglas	0		
33660	in	0		
33661	der	0		
33662	Hand	0		
33663	,	0		
33664	rief	0		
33665	ihnen	0	(mention_id=4760|references=(entity=(entity_id=entity_0005|fullname=Ottilie Baumhagen|gender=f)),(entity=(entity_id=entity_0006|fullname=Jenny Fredrich, geb. Baumhagen|gender=f)),(entity=(entity_id=entity_0007|fullname=Artur Fredrich|gender=m)))	(mention_id=4767|references=(entity=(entity_id=10|fullname=Frau Baumhagen|gender=f)),(entity=(entity_id=17|fullname=Jenny|gender=f)),(entity=(entity_id=5|fullname=Artur|gender=m)))
33666	an	0		
33667	der	0		
33668	Saaltür	0		
33669	ein	0		
33670	kräftiges	0		
33671	»	0		
33672	Willkommen	0		
33673	!	0		
33674	«	0		
33675	entgegen	0		
33676	,	0		
33677	während	0		
33678	das	0		
33679	junge	0		
33680	Paar	0	(mention_id=4761|references=(entity=(entity_id=entity_0004|fullname=Gertrud Baumhagen|gender=f)),(entity=(entity_id=entity_0001|fullname=Franz Linden|gender=m)))	(mention_id=4768|references=(entity=(entity_id=9|fullname=Franz|gender=m)),(entity=(entity_id=32|fullname=Trudchen|gender=f)))
33681	eilig	0		
33682	die	0		
33683	Stufen	0		
33684	hinabschritt	0		
33685	.	0		
33686	Trudchen	0	(mention_id=4762|references=(entity=(entity_id=entity_0004|fullname=Gertrud Baumhagen|gender=f)))	(mention_id=4769|references=(entity=(entity_id=32|fullname=Trudchen|gender=f)))
33687	mit	0		
33688	purpurroten	0		
33689	Wangen	0		
33690	.	0		
33691	Sie	0	(mention_id=4763|references=(entity=(entity_id=entity_0004|fullname=Gertrud Baumhagen|gender=f)))	(mention_id=4770|references=(entity=(entity_id=10|fullname=Frau Baumhagen|gender=f)))
33692	war	0		
33693	so	0		
33694	stolz	0		
33695	,	0		
33696	so	0		
33697	glücklich	0		
33698	.	0		
33699	Frau	0	(mention_id=4764|references=(entity=(entity_id=entity_0005|fullname=Ottilie Baumhagen|gender=f)))	(mention_id=4771|references=(entity=(entity_id=10|fullname=Frau Baumhagen|gender=f)))
33700	Baumhagen	0	(mention_id=4764|references=(entity=(entity_id=entity_0005|fullname=Ottilie Baumhagen|gender=f)))	(mention_id=4771|references=(entity=(entity_id=10|fullname=Frau Baumhagen|gender=f)))
33701	sah	0		
33702	erstaunt	0		
33703	auf	0		
33704	ihr	0	(mention_id=4765|references=(entity=(entity_id=entity_0005|fullname=Ottilie Baumhagen|gender=f)))	(mention_id=4772|references=(entity=(entity_id=32|fullname=Trudchen|gender=f)))
33705	Kind	0	(mention_id=4766|references=(entity=(entity_id=entity_0004|fullname=Gertrud Baumhagen|gender=f)))	(mention_id=4773|references=(entity=(entity_id=32|fullname=Trudchen|gender=f)))
33706	.	0		
33707	Das	0		
33708	blasse	0		
33709	,	0		
33710	stille	0		
33711	Mädchen	0	(mention_id=4767|references=(entity=(entity_id=entity_0004|fullname=Gertrud Baumhagen|gender=f)))	(mention_id=4774|references=(entity=(entity_id=32|fullname=Trudchen|gender=f)))
33712	war	0		
33713	aufgeblüht	0		
33714	wie	0		
33715	eine	0		
33716	Rose	0		
33717	;	0		
33718	»	0		
33719	es	0		
33720	sind	0		
33721	doch	0		
33722	die	0		
33723	Flitterwochen	0		
33724	«	0		
33725	,	0		
33726	sagte	0		
33727	sie	0	(mention_id=4768|references=(entity=(entity_id=entity_0005|fullname=Ottilie Baumhagen|gender=f)))	(mention_id=4775|references=(entity=(entity_id=10|fullname=Frau Baumhagen|gender=f)))
33728	sich	0	(mention_id=4769|references=(entity=(entity_id=entity_0005|fullname=Ottilie Baumhagen|gender=f)))	(mention_id=4776|references=(entity=(entity_id=10|fullname=Frau Baumhagen|gender=f)))
33729	,	0		
33730	und	0		
33731	unablässig	0		
33732	folgten	0		
33733	an	0		
33734	diesem	0		
33735	Tage	0		
33736	ihre	0	(mention_id=4770|references=(entity=(entity_id=entity_0005|fullname=Ottilie Baumhagen|gender=f)))	(mention_id=4777|references=(entity=(entity_id=10|fullname=Frau Baumhagen|gender=f)))
33737	Augen	0		
33738	der	0		
33739	jüngsten	0		
33740	Tochter	0	(mention_id=4771|references=(entity=(entity_id=entity_0004|fullname=Gertrud Baumhagen|gender=f)))	(mention_id=4778|references=(entity=(entity_id=32|fullname=Trudchen|gender=f)))
33741	.	0		
33742	Unter	0		
33743	der	0		
33744	Kastaniengruppe	0		
33745	stand	0		
33746	der	0		
33747	Kaffeetisch	0		
33748	;	0		
33749	es	0		
33750	war	0		
33751	ein	0		
33752	köstliches	0		
33753	Fleckchen	0		
33754	.	0		
33755	Über	0		
33756	den	0		
33757	grünen	0		
33758	Rasenflächen	0		
33759	,	0		
33760	an	0		
33761	prächtig	0		
33762	belaubten	0		
33763	Bäumen	0		
33764	vorbei	0		
33765	schweifte	0		
33766	der	0		
33767	Blick	0		
33768	zu	0		
33769	dem	0		
33770	gemütlichen	0		
33771	alten	0		
33772	Wohnhause	0		
33773	hinüber	0		
33774	,	0		
33775	mit	0		
33776	seinem	0		
33777	efeubewachsenen	0		
33778	Dache	0		
33779	und	0		
33780	dem	0		
33781	hohen	0		
33782	Giebelfeld	0		
33783	.	0		
33784	Die	0		
33785	Türen	0		
33786	des	0		
33787	Gartensaales	0		
33788	standen	0		
33789	offen	0		
33790	,	0		
33791	an	0		
33792	der	0		
33793	Fahnenstange	0		
33794	flatterte	0		
33795	lustig	0		
33796	ein	0		
33797	schwarzweißer	0		
33798	Wimpel	0		
33799	.	0		
33800	»	0		
33801	Ein	0		
33802	Idyll	0		
33803	,	0		
33804	wie	0		
33805	eine	0		
33806	Idylle	0		
33807	von	0		
33808	Voß	0		(mention_id=4779|references=(entity=(entity_id=generic_0008|fullname=Voß im Allgemeinen|gender=u|specialcase_entity=generic)))
33809	!	0		
33810	«	0		
33811	lachte	0		
33812	der	0		
33813	kleine	0		
33814	Amtsrichter	0	(mention_id=4772|references=(entity=(entity_id=entity_0002|fullname=Richard Weishaupt|gender=m)))	(mention_id=4780|references=(entity=(entity_id=4|fullname=Amtsrichter|gender=m)))
33815	.	0		
33816	Der	0		
33817	junge	0		
33818	Hausherr	0	(mention_id=4773|references=(entity=(entity_id=entity_0001|fullname=Franz Linden|gender=m)))	(mention_id=4781|references=(entity=(entity_id=9|fullname=Franz|gender=m)))
33819	führte	0		
33820	galant	0		
33821	die	0		
33822	Schwiegermutter	0	(mention_id=4774|references=(entity=(entity_id=entity_0005|fullname=Ottilie Baumhagen|gender=f)))	(mention_id=4782|references=(entity=(entity_id=10|fullname=Frau Baumhagen|gender=f)))
33823	durch	0		
33824	die	0		
33825	Gartenwege	0		
33826	.	0		
33827	Jede	0		
33828	Wolke	0		
33829	war	0		
33830	von	0		
33831	seiner	0	(mention_id=4775|references=(entity=(entity_id=entity_0001|fullname=Franz Linden|gender=m)))	(mention_id=4783|references=(entity=(entity_id=9|fullname=Franz|gender=m)))
33832	Stirn	0		
33833	geschwunden	0		
33834	,	0		
33835	er	0	(mention_id=4776|references=(entity=(entity_id=entity_0001|fullname=Franz Linden|gender=m)))	(mention_id=4784|references=(entity=(entity_id=9|fullname=Franz|gender=m)))
33836	war	0		
33837	heiter	0		
33838	und	0		
33839	liebenswürdig	0		
33840	.	0		
33841	»	0		
33842	Aber	0		
33843	sehr	0		
33844	sicher	0		
33845	!	0		
33846	«	0		
33847	raunte	0		
33848	Frau	0	(mention_id=4777|references=(entity=(entity_id=entity_0006|fullname=Jenny Fredrich, geb. Baumhagen|gender=f)))	(mention_id=4785|references=(entity=(entity_id=17|fullname=Jenny|gender=f)))
33849	Jenny	0	(mention_id=4777|references=(entity=(entity_id=entity_0006|fullname=Jenny Fredrich, geb. Baumhagen|gender=f)))	(mention_id=4785|references=(entity=(entity_id=17|fullname=Jenny|gender=f)))
33850	ihrer	0	(mention_id=4778|references=(entity=(entity_id=entity_0006|fullname=Jenny Fredrich, geb. Baumhagen|gender=f)))	(mention_id=4786|references=(entity=(entity_id=10|fullname=Frau Baumhagen|gender=f)))
33851	Mutter	0	(mention_id=4779|references=(entity=(entity_id=entity_0005|fullname=Ottilie Baumhagen|gender=f)))	(mention_id=4787|references=(entity=(entity_id=10|fullname=Frau Baumhagen|gender=f)))
33852	später	0		
33853	zu	0		
33854	,	0		
33855	»	0		
33856	er	0	(mention_id=4780|references=(entity=(entity_id=entity_0001|fullname=Franz Linden|gender=m)))	(mention_id=4788|references=(entity=(entity_id=9|fullname=Franz|gender=m)))
33857	fühlt	0		
33858	sich	0	(mention_id=4781|references=(entity=(entity_id=entity_0001|fullname=Franz Linden|gender=m)))	(mention_id=4789|references=(entity=(entity_id=9|fullname=Franz|gender=m)))
33859	als	0		
33860	Wirt	0	(mention_id=4782|references=(entity=(entity_id=entity_0001|fullname=Franz Linden|gender=m)))	(mention_id=4790|references=(entity=(entity_id=9|fullname=Franz|gender=m)))
33861	und	0		
33862	Hausherr	0	(mention_id=4783|references=(entity=(entity_id=entity_0001|fullname=Franz Linden|gender=m)))	(mention_id=4791|references=(entity=(entity_id=9|fullname=Franz|gender=m)))
33863	.	0		
33864	«	0		
33865	Das	0		
33866	unbehagliche	0		
33867	Gefühl	0		
33868	,	0		
33869	das	0		
33870	ihn	0	(mention_id=4784|references=(entity=(entity_id=entity_0001|fullname=Franz Linden|gender=m)))	(mention_id=4792|references=(entity=(entity_id=9|fullname=Franz|gender=m)))
33871	sonst	0		
33872	seiner	0	(mention_id=4785|references=(entity=(entity_id=entity_0001|fullname=Franz Linden|gender=m)))	(mention_id=4793|references=(entity=(entity_id=9|fullname=Franz|gender=m)))
33873	Schwiegermutter	0	(mention_id=4786|references=(entity=(entity_id=entity_0005|fullname=Ottilie Baumhagen|gender=f)))	(mention_id=4794|references=(entity=(entity_id=10|fullname=Frau Baumhagen|gender=f)))
33874	gegenüber	0		
33875	nicht	0		
33876	verlassen	0		
33877	hatte	0		
33878	,	0		
33879	war	0		
33880	gewichen	0		
33881	.	0		
33882	Zu	0		
33883	ihrem	0	(mention_id=4787|references=(entity=(entity_id=entity_0005|fullname=Ottilie Baumhagen|gender=f)))	(mention_id=4795|references=(entity=(entity_id=10|fullname=Frau Baumhagen|gender=f)))
33884	Erstaunen	0		
33885	erlaubte	0		
33886	er	0	(mention_id=4788|references=(entity=(entity_id=entity_0001|fullname=Franz Linden|gender=m)))	(mention_id=4796|references=(entity=(entity_id=9|fullname=Franz|gender=m)))
33887	sich	0	(mention_id=4789|references=(entity=(entity_id=entity_0001|fullname=Franz Linden|gender=m)))	(mention_id=4797|references=(entity=(entity_id=9|fullname=Franz|gender=m)))
33888	,	0		
33889	ihr	0	(mention_id=4790|references=(entity=(entity_id=entity_0005|fullname=Ottilie Baumhagen|gender=f)))	(mention_id=4798|references=(entity=(entity_id=10|fullname=Frau Baumhagen|gender=f)))
33890	ein	0		
33891	paarmal	0		
33892	ganz	0		
33893	ruhig	0		
33894	zu	0		
33895	widersprechen	0		
33896	–	0		
33897	das	0		
33898	hatte	0		
33899	Artur	0	(mention_id=4791|references=(entity=(entity_id=entity_0007|fullname=Artur Fredrich|gender=m)))	(mention_id=4799|references=(entity=(entity_id=5|fullname=Artur|gender=m)))
33900	nie	0		
33901	gewagt	0		
33902	.	0		
33903	Und	0		
33904	Trudchen	0	(mention_id=4792|references=(entity=(entity_id=entity_0004|fullname=Gertrud Baumhagen|gender=f)))	(mention_id=4800|references=(entity=(entity_id=32|fullname=Trudchen|gender=f)))
33905	,	0		
33906	wie	0		
33907	lächerlich	0		
33908	!	0		
33909	Während	0		
33910	sie	0	(mention_id=4793|references=(entity=(entity_id=entity_0004|fullname=Gertrud Baumhagen|gender=f)))	(mention_id=4801|references=(entity=(entity_id=32|fullname=Trudchen|gender=f)))
33911	in	0		
33912	ihrer	0	(mention_id=4794|references=(entity=(entity_id=entity_0004|fullname=Gertrud Baumhagen|gender=f)))	(mention_id=4802|references=(entity=(entity_id=32|fullname=Trudchen|gender=f)))
33913	ruhigen	0		
33914	Weise	0		
33915	am	0		
33916	Kaffeetisch	0		
33917	waltete	0		
33918	,	0		
33919	flogen	0		
33920	ihre	0	(mention_id=4795|references=(entity=(entity_id=entity_0004|fullname=Gertrud Baumhagen|gender=f)))	(mention_id=4803|references=(entity=(entity_id=32|fullname=Trudchen|gender=f)))
33921	Augen	0		
33922	beständig	0		
33923	zu	0		
33924	ihm	0	(mention_id=4796|references=(entity=(entity_id=entity_0001|fullname=Franz Linden|gender=m)))	(mention_id=4804|references=(entity=(entity_id=9|fullname=Franz|gender=m)))
33925	hinüber	0		
33926	,	0		
33927	sobald	0		
33928	er	0	(mention_id=4797|references=(entity=(entity_id=entity_0001|fullname=Franz Linden|gender=m)))	(mention_id=4805|references=(entity=(entity_id=9|fullname=Franz|gender=m)))
33929	sprach	0		
33930	.	0		
33931	»	0		
33932	Wie	0		
33933	du	0	(mention_id=4798|references=(entity=(entity_id=entity_0001|fullname=Franz Linden|gender=m)))	(mention_id=4806|references=(entity=(entity_id=9|fullname=Franz|gender=m)))
33934	willst	0		
33935	,	0		
33936	Franz.	0		(mention_id=4807|references=(entity=(entity_id=9|fullname=Franz|gender=m)))
33937	«	0		
33938	–	0		
33939	»	0		
33940	Was	0		
33941	meinst	0		
33942	du	0	(mention_id=4799|references=(entity=(entity_id=entity_0001|fullname=Franz Linden|gender=m)))	(mention_id=4808|references=(entity=(entity_id=32|fullname=Trudchen|gender=f)))
33943	dazu	0		
33944	,	0		
33945	Franz	0	(mention_id=4800|references=(entity=(entity_id=entity_0001|fullname=Franz Linden|gender=m)))	(mention_id=4809|references=(entity=(entity_id=9|fullname=Franz|gender=m)))
33946	?	0		
33947	«	0		
33948	–	0		
33949	Und	0		
33950	auf	0		
33951	eine	0		
33952	Einladung	0		
33953	der	0		
33954	Mutter	0	(mention_id=4801|references=(entity=(entity_id=entity_0005|fullname=Ottilie Baumhagen|gender=f)))	(mention_id=4810|references=(entity=(entity_id=10|fullname=Frau Baumhagen|gender=f)))
33955	,	0		
33956	Trudchen	0	(mention_id=4802|references=(entity=(entity_id=entity_0004|fullname=Gertrud Baumhagen|gender=f)))	(mention_id=4811|references=(entity=(entity_id=32|fullname=Trudchen|gender=f)))
33957	möge	0		
33958	doch	0		
33959	am	0		
33960	morgigen	0		
33961	Geburtstage	0		
33962	der	0		
33963	Tante	0	(mention_id=4803|references=(entity=(entity_id=entity_0009|fullname=Tante Pauline|gender=f)))	(mention_id=4812|references=(entity=(entity_id=30|fullname=Tante Stadträtin|gender=f)))
33964	Stadträtin	0	(mention_id=4803|references=(entity=(entity_id=entity_0009|fullname=Tante Pauline|gender=f)))	(mention_id=4812|references=(entity=(entity_id=30|fullname=Tante Stadträtin|gender=f)))
33965	als	0		
33966	Gratulantin	0	(mention_id=4804|references=(entity=(entity_id=entity_0004|fullname=Gertrud Baumhagen|gender=f)))	(mention_id=4813|references=(entity=(entity_id=32|fullname=Trudchen|gender=f)))
33967	nicht	0		
33968	fehlen	0		
33969	,	0		
33970	fragte	0		
33971	sie	0	(mention_id=4805|references=(entity=(entity_id=entity_0004|fullname=Gertrud Baumhagen|gender=f)))	(mention_id=4814|references=(entity=(entity_id=32|fullname=Trudchen|gender=f)))
33972	lieblich	0		
33973	bittend	0		
33974	:	0		
33975	»	0		
33976	Erlaubst	0		
33977	du	0	(mention_id=4806|references=(entity=(entity_id=entity_0001|fullname=Franz Linden|gender=m)))	(mention_id=4815|references=(entity=(entity_id=32|fullname=Trudchen|gender=f)))
33978	,	0		
33979	Franz	0	(mention_id=4807|references=(entity=(entity_id=entity_0001|fullname=Franz Linden|gender=m)))	(mention_id=4816|references=(entity=(entity_id=9|fullname=Franz|gender=m)))
33980	?	0		
33981	Kann	0		
33982	ich	0	(mention_id=4808|references=(entity=(entity_id=entity_0004|fullname=Gertrud Baumhagen|gender=f)))	(mention_id=4817|references=(entity=(entity_id=32|fullname=Trudchen|gender=f)))
33983	den	0		
33984	Wagen	0		
33985	bekommen	0		
33986	?	0		
33987	«	0		
33988	»	0		
33989	Sicher	0		
33990	,	0		
33991	Trudchen	0	(mention_id=4809|references=(entity=(entity_id=entity_0004|fullname=Gertrud Baumhagen|gender=f)))	(mention_id=4818|references=(entity=(entity_id=32|fullname=Trudchen|gender=f)))
33992	!	0		
33993	«	0		
33994	war	0		
33995	die	0		
33996	Antwort	0		
33997	.	0		
33998	Da	0		
33999	legte	0		
34000	Frau	0	(mention_id=4810|references=(entity=(entity_id=entity_0005|fullname=Ottilie Baumhagen|gender=f)))	(mention_id=4819|references=(entity=(entity_id=10|fullname=Frau Baumhagen|gender=f)))
34001	Baumhagen	0	(mention_id=4810|references=(entity=(entity_id=entity_0005|fullname=Ottilie Baumhagen|gender=f)))	(mention_id=4819|references=(entity=(entity_id=10|fullname=Frau Baumhagen|gender=f)))
34002	ihre	0	(mention_id=4811|references=(entity=(entity_id=entity_0005|fullname=Ottilie Baumhagen|gender=f)))	(mention_id=4820|references=(entity=(entity_id=10|fullname=Frau Baumhagen|gender=f)))
34003	zierliche	0		
34004	Kaffeeserviette	0		
34005	auf	0		
34006	den	0		
34007	Tisch	0		
34008	und	0		
34009	lehnte	0		
34010	sich	0	(mention_id=4812|references=(entity=(entity_id=entity_0005|fullname=Ottilie Baumhagen|gender=f)))	(mention_id=4821|references=(entity=(entity_id=10|fullname=Frau Baumhagen|gender=f)))
34011	weit	0		
34012	zurück	0		
34013	in	0		
34014	den	0		
34015	Gartensessel	0		
34016	.	0		
34017	Das	0		
34018	Kind	0	(mention_id=4813|references=(entity=(entity_id=entity_0004|fullname=Gertrud Baumhagen|gender=f)))	(mention_id=4822|references=(entity=(entity_id=32|fullname=Trudchen|gender=f)))
34019	war	0		
34020	wohl	0		
34021	nicht	0		
34022	recht	0		
34023	gescheit	0		
34024	!	0		
34025	Das	0		
34026	ging	0		
34027	über	0		
34028	alle	0		
34029	Begriffe	0		
34030	!	0		
34031	Artur	0	(mention_id=4814|references=(entity=(entity_id=entity_0007|fullname=Artur Fredrich|gender=m)))	(mention_id=4823|references=(entity=(entity_id=5|fullname=Artur|gender=m)))
34032	Fredrich	0	(mention_id=4814|references=(entity=(entity_id=entity_0007|fullname=Artur Fredrich|gender=m)))	(mention_id=4823|references=(entity=(entity_id=5|fullname=Artur|gender=m)))
34033	aber	0		
34034	klatschte	0		
34035	lebhaft	0		
34036	Beifall	0		
34037	;	0		
34038	»	0		
34039	Trudchen	0	(mention_id=4815|references=(entity=(entity_id=entity_0004|fullname=Gertrud Baumhagen|gender=f)))	(mention_id=4824|references=(entity=(entity_id=32|fullname=Trudchen|gender=f)))
34040	«	0		
34041	,	0		
34042	rief	0		
34043	er	0	(mention_id=4816|references=(entity=(entity_id=entity_0007|fullname=Artur Fredrich|gender=m)))	(mention_id=4825|references=(entity=(entity_id=5|fullname=Artur|gender=m)))
34044	über	0		
34045	den	0		
34046	Kaffeetisch	0		
34047	hinweg	0		
34048	,	0		
34049	»	0		
34050	sprich	0		
34051	hier	0		
34052	zu	0		
34053	dieser	0	(mention_id=4817|references=(entity=(entity_id=entity_0006|fullname=Jenny Fredrich, geb. Baumhagen|gender=f)))	(mention_id=4826|references=(entity=(entity_id=32|fullname=Trudchen|gender=f)))
34054	«	0		
34055	–	0		
34056	er	0	(mention_id=4818|references=(entity=(entity_id=entity_0007|fullname=Artur Fredrich|gender=m)))	(mention_id=4827|references=(entity=(entity_id=5|fullname=Artur|gender=m)))
34057	faßte	0		
34058	die	0		
34059	Hand	0		
34060	seiner	0	(mention_id=4819|references=(entity=(entity_id=entity_0007|fullname=Artur Fredrich|gender=m)))	(mention_id=4828|references=(entity=(entity_id=5|fullname=Artur|gender=m)))
34061	Frau	0	(mention_id=4820|references=(entity=(entity_id=entity_0006|fullname=Jenny Fredrich, geb. Baumhagen|gender=f)))	(mention_id=4829|references=(entity=(entity_id=17|fullname=Jenny|gender=f)))
34062	,	0		
34063	die	0	(mention_id=4821|references=(entity=(entity_id=entity_0006|fullname=Jenny Fredrich, geb. Baumhagen|gender=f)))	
34064	sie	0	(mention_id=4822|references=(entity=(entity_id=entity_0006|fullname=Jenny Fredrich, geb. Baumhagen|gender=f)))	(mention_id=4830|references=(entity=(entity_id=17|fullname=Jenny|gender=f)))
34065	ihm	0	(mention_id=4823|references=(entity=(entity_id=entity_0007|fullname=Artur Fredrich|gender=m)))	(mention_id=4831|references=(entity=(entity_id=5|fullname=Artur|gender=m)))
34066	ärgerlich	0		
34067	zu	0		
34068	entwinden	0		
34069	suchte	0		
34070	,	0		
34071	»	0		
34072	wie	0		
34073	sagt	0		
34074	doch	0		
34075	Käthchen	0	(mention_id=4824|references=(entity=(entity_id=entity_0212|fullname=Käthchen|gender=f|specialcase_entity=nonfact)))	(mention_id=4832|references=(entity=(entity_id=22|fullname=Käthchen|gender=f)))
34076	als	0		
34077	liebenswürdige	0		
34078	Ehefrau	0	(mention_id=4825|references=(entity=(entity_id=entity_0212|fullname=Käthchen|gender=f|specialcase_entity=nonfact)))	(mention_id=4833|references=(entity=(entity_id=22|fullname=Käthchen|gender=f)))
34079	zu	0		
34080	ihrer	0	(mention_id=4826|references=(entity=(entity_id=entity_0212|fullname=Käthchen|gender=f|specialcase_entity=nonfact)))	(mention_id=4834|references=(entity=(entity_id=22|fullname=Käthchen|gender=f)))
34081	Schwester	0	(mention_id=4827|references=(entity=(entity_id=entity_0222|fullname=Schwester von Käthchen|gender=f)))	(mention_id=4835|references=(entity=(entity_id=17|fullname=Jenny|gender=f)))
34082	?	0		
34083	›	0		
34084	Dieselbe	0		
34085	Treue	0		
34086	und	0		
34087	Ergebenheit	0		
34088	,	0		
34089	wie	0		
34090	sie	0		
34091	der	0		
34092	Untertan	0	(mention_id=4828|references=(entity=(entity_id=entity_0230|fullname=Untertan|gender=m|borderline_entity=generic)))	(mention_id=4836|references=(entity=(entity_id=generic_0009|fullname=Untertan im Allgemeinen|gender=u|specialcase_entity=generic)))
34093	dem	0		
34094	Fürsten	0	(mention_id=4829|references=(entity=(entity_id=generic_0072|fullname=Fürst|gender=u|specialcase_entity=generic)))	(mention_id=4837|references=(entity=(entity_id=generic_0010|fullname=Fürst im Allgemeinen|gender=u|specialcase_entity=generic)))
34095	zollt	0		
34096	,	0		
34097	die	0		
34098	schuldet	0		
34099	auch	0		
34100	das	0		
34101	Weib	0	(mention_id=4830|references=(entity=(entity_id=generic_0073|fullname=Weib|gender=u|specialcase_entity=generic)))	(mention_id=4838|references=(entity=(entity_id=generic_0011|fullname=Weib im Allgemeinen|gender=u|specialcase_entity=generic)))
34102	dem	0		
34103	Eheherrn	0	(mention_id=4831|references=(entity=(entity_id=generic_0076|fullname=Eheherr|gender=u|specialcase_entity=generic)))	(mention_id=4839|references=(entity=(entity_id=generic_0012|fullname=Eheherr im Allgemeinen|gender=u|specialcase_entity=generic)))
34104	!	0		
34105	‹	0		
34106	Ist's	0		
34107	nicht	0		
34108	so	0		
34109	?	0		
34110	Ach	0		
34111	,	0		
34112	es	0		
34113	klingt	0		
34114	so	0		
34115	süß	0		
34116	für	0		
34117	unsereinen	0	(mention_id=4832|references=(entity=(entity_id=entity_0007|fullname=Artur Fredrich|gender=m)))	(mention_id=4840|references=(entity=(entity_id=generic_0019|fullname=unsereinen im Allgemeinen|gender=u|specialcase_entity=generic)))
34118	,	0		
34119	wie	0		
34120	eine	0		
34121	Botschaft	0		
34122	aus	0		
34123	der	0		
34124	besseren	0		
34125	Welt	0		
34126	!	0		
34127	«	0		
34128	»	0		
34129	Gewiß	0		
34130	!	0		
34131	«	0		
34132	lachte	0		
34133	Trudchen	0	(mention_id=4833|references=(entity=(entity_id=entity_0004|fullname=Gertrud Baumhagen|gender=f)))	(mention_id=4842|references=(entity=(entity_id=32|fullname=Trudchen|gender=f)))
34134	,	0		
34135	nicht	0		
34136	im	0		
34137	mindesten	0		
34138	verletzt	0		
34139	von	0		
34140	dem	0		
34141	ironischen	0		
34142	Tone	0		
34143	,	0		
34144	»	0		
34145	›	0		
34146	Der	0		
34147	Gatte	0	(mention_id=4834|references=(entity=(entity_id=generic_0077|fullname=Eheherr|gender=u|specialcase_entity=generic)),(entity=(entity_id=entity_0001|fullname=Franz Linden|gender=m)))	(mention_id=4843|references=(entity=(entity_id=generic_0013|fullname=Eheherr im Allgemeinen|gender=u|specialcase_entity=generic)))
34148	ist	0		
34149	der	0		
34150	Herr	0	(mention_id=4835|references=(entity=(entity_id=generic_0078|fullname=Eheherr|gender=u|specialcase_entity=generic)),(entity=(entity_id=entity_0001|fullname=Franz Linden|gender=m)))	(mention_id=4844|references=(entity=(entity_id=generic_0014|fullname=Eheherr im Allgemeinen|gender=u|specialcase_entity=generic)))
34151	und	0		
34152	der	0		
34153	Erhalter	0	(mention_id=4836|references=(entity=(entity_id=generic_0079|fullname=Eheherr|gender=u|specialcase_entity=generic)),(entity=(entity_id=entity_0001|fullname=Franz Linden|gender=m)))	(mention_id=4845|references=(entity=(entity_id=generic_0015|fullname=Eheherr im Allgemeinen|gender=u|specialcase_entity=generic)))
34154	,	0		
34155	das	0		
34156	Licht	0	(mention_id=4837|references=(entity=(entity_id=entity_0001|fullname=Franz Linden|gender=m)|specialcase_reference=figurative),(entity=(entity_id=generic_0080|fullname=Eheherr|gender=u|specialcase_entity=generic)|specialcase_reference=figurative))	
34157	,	0		
34158	das	0		
34159	Haupt	0	(mention_id=4838|references=(entity=(entity_id=entity_0001|fullname=Franz Linden|gender=m)|specialcase_reference=part),(entity=(entity_id=generic_0081|fullname=Eheherr|gender=u|specialcase_entity=generic)|specialcase_reference=part))	
34160	,	0		
34161	der	0		
34162	Fürst	0	(mention_id=4839|references=(entity=(entity_id=generic_0082|fullname=Eheherr|gender=u|specialcase_entity=generic)|specialcase_reference=figurative),(entity=(entity_id=entity_0001|fullname=Franz Linden|gender=m)|specialcase_reference=figurative))	(mention_id=4846|references=(entity=(entity_id=generic_0016|fullname=Eheherr im Allgemeinen|gender=u|specialcase_entity=generic)))
34163	;	0		
34164	er	0	(mention_id=4840|references=(entity=(entity_id=generic_0083|fullname=Eheherr|gender=u|specialcase_entity=generic)),(entity=(entity_id=entity_0001|fullname=Franz Linden|gender=m)))	(mention_id=4847|references=(entity=(entity_id=generic_0017|fullname=Eheherr im Allgemeinen|gender=u|specialcase_entity=generic)))
34165	sorgt	0		
34166	für	0		
34167	dich	0	(mention_id=4841|references=(entity=(entity_id=entity_0004|fullname=Gertrud Baumhagen|gender=f)),(entity=(entity_id=generic_0074|fullname=Weib|gender=u|specialcase_entity=generic)))	(mention_id=4848|references=(entity=(entity_id=22|fullname=Käthchen|gender=f)))
34168	,	0		
34169	gibt	0		
34170	seinen	0	(mention_id=4842|references=(entity=(entity_id=generic_0084|fullname=Eheherr|gender=u|specialcase_entity=generic)),(entity=(entity_id=entity_0001|fullname=Franz Linden|gender=m)))	(mention_id=4849|references=(entity=(entity_id=generic_0018|fullname=Eheherr im Allgemeinen|gender=u|specialcase_entity=generic)))
34171	Leib	0		
34172	mühseliger	0		
34173	Arbeit	0		
34174	preis	0		
34175	,	0		
34176	wenn	0		
34177	du	0	(mention_id=4843|references=(entity=(entity_id=entity_0004|fullname=Gertrud Baumhagen|gender=f)),(entity=(entity_id=generic_0075|fullname=Weib|gender=u|specialcase_entity=generic)))	(mention_id=4850|references=(entity=(entity_id=22|fullname=Käthchen|gender=f)))
34178	im	0		
34179	Hause	0		
34180	warm	0		
34181	und	0		
34182	sicher	0		
34183	ruhst	0		
34184	,	0		
34185	und	0		
34186	fordert	0		
34187	zum	0		
34188	Ersatz	0		
34189	nicht	0		
34190	andern	0		
34191	Lohn	0		
34192	als	0		
34193	Liebe	0		
34194	,	0		
34195	freundlich	0		
34196	Blicken	0		
34197	und	0		
34198	Gehorsam	0		
34199	.	0		
34200	Zu	0		
34201	kleine	0		
34202	Zahlung	0		
34203	für	0		
34204	so	0		
34205	große	0		
34206	Schuld	0		
34207	!	0		
34208	‹	0		
34209	–	0		
34210	Du	0	(mention_id=4844|references=(entity=(entity_id=entity_0007|fullname=Artur Fredrich|gender=m)))	(mention_id=4851|references=(entity=(entity_id=32|fullname=Trudchen|gender=f)))
34211	siehst	0		
34212	,	0		
34213	Artur	0	(mention_id=4845|references=(entity=(entity_id=entity_0007|fullname=Artur Fredrich|gender=m)))	(mention_id=4852|references=(entity=(entity_id=5|fullname=Artur|gender=m)))
34214	,	0		
34215	ich	0	(mention_id=4846|references=(entity=(entity_id=entity_0004|fullname=Gertrud Baumhagen|gender=f)))	(mention_id=4853|references=(entity=(entity_id=32|fullname=Trudchen|gender=f)))
34216	habe	0		
34217	meinen	0	(mention_id=4847|references=(entity=(entity_id=entity_0004|fullname=Gertrud Baumhagen|gender=f)))	(mention_id=4854|references=(entity=(entity_id=32|fullname=Trudchen|gender=f)))
34218	Shakespeare	0	(mention_id=4848|references=(entity=(entity_id=entity_0228|fullname=Shakespeare|gender=m)))	
34219	im	0		
34220	Kopfe	0		
34221	.	0		
34222	«	0		
34223	Frau	0	(mention_id=4849|references=(entity=(entity_id=entity_0005|fullname=Ottilie Baumhagen|gender=f)))	(mention_id=4855|references=(entity=(entity_id=10|fullname=Frau Baumhagen|gender=f)))
34224	Baumhagen	0	(mention_id=4849|references=(entity=(entity_id=entity_0005|fullname=Ottilie Baumhagen|gender=f)))	(mention_id=4855|references=(entity=(entity_id=10|fullname=Frau Baumhagen|gender=f)))
34225	hob	0		
34226	urplötzlich	0		
34227	den	0		
34228	gemütlichen	0		
34229	Kaffeetisch	0		
34230	auf	0		
34231	.	0		
34232	Sie	0	(mention_id=4850|references=(entity=(entity_id=entity_0005|fullname=Ottilie Baumhagen|gender=f)))	(mention_id=4856|references=(entity=(entity_id=10|fullname=Frau Baumhagen|gender=f)))
34233	schien	0		
34234	echauffiert	0		
34235	,	0		
34236	denn	0		
34237	sie	0	(mention_id=4851|references=(entity=(entity_id=entity_0005|fullname=Ottilie Baumhagen|gender=f)))	(mention_id=4857|references=(entity=(entity_id=10|fullname=Frau Baumhagen|gender=f)))
34238	wehte	0		
34239	sich	0	(mention_id=4852|references=(entity=(entity_id=entity_0005|fullname=Ottilie Baumhagen|gender=f)))	(mention_id=4858|references=(entity=(entity_id=10|fullname=Frau Baumhagen|gender=f)))
34240	heftig	0		
34241	Kühlung	0		
34242	mit	0		
34243	dem	0		
34244	Taschentuche	0		
34245	.	0		
34246	»	0		
34247	Gertrud	0	(mention_id=4853|references=(entity=(entity_id=entity_0004|fullname=Gertrud Baumhagen|gender=f)))	(mention_id=4859|references=(entity=(entity_id=32|fullname=Trudchen|gender=f)))
34248	,	0		
34249	du	0	(mention_id=4854|references=(entity=(entity_id=entity_0004|fullname=Gertrud Baumhagen|gender=f)))	(mention_id=4860|references=(entity=(entity_id=32|fullname=Trudchen|gender=f)))
34250	mußt	0		
34251	uns	0	(mention_id=4855|references=(entity=(entity_id=entity_0005|fullname=Ottilie Baumhagen|gender=f)),(entity=(entity_id=entity_0006|fullname=Jenny Fredrich, geb. Baumhagen|gender=f)))	(mention_id=4861|references=(entity=(entity_id=10|fullname=Frau Baumhagen|gender=f)),(entity=(entity_id=17|fullname=Jenny|gender=f)),(entity=(entity_id=5|fullname=Artur|gender=m)))
34252	noch	0		
34253	die	0		
34254	Einrichtung	0		
34255	zeigen	0		
34256	«	0		
34257	,	0		
34258	erklärte	0		
34259	sie	0	(mention_id=4856|references=(entity=(entity_id=entity_0005|fullname=Ottilie Baumhagen|gender=f)))	(mention_id=4862|references=(entity=(entity_id=10|fullname=Frau Baumhagen|gender=f)))
34260	.	0		
34261	»	0		
34262	Komm	0		
34263	,	0		
34264	Jenny	0	(mention_id=4857|references=(entity=(entity_id=entity_0006|fullname=Jenny Fredrich, geb. Baumhagen|gender=f)))	(mention_id=4863|references=(entity=(entity_id=17|fullname=Jenny|gender=f)))
34265	–	0		
34266	wir	0	(mention_id=4858|references=(entity=(entity_id=entity_0005|fullname=Ottilie Baumhagen|gender=f)),(entity=(entity_id=entity_0006|fullname=Jenny Fredrich, geb. Baumhagen|gender=f)))	(mention_id=4864|references=(entity=(entity_id=10|fullname=Frau Baumhagen|gender=f)),(entity=(entity_id=17|fullname=Jenny|gender=f)),(entity=(entity_id=5|fullname=Artur|gender=m)))
34267	wollen	0		
34268	die	0		
34269	Herren	0	(mention_id=4859|references=(entity=(entity_id=entity_0001|fullname=Franz Linden|gender=m)),(entity=(entity_id=entity_0002|fullname=Richard Weishaupt|gender=m)),(entity=(entity_id=entity_0008|fullname=Onkel Heinrich|gender=m)),(entity=(entity_id=entity_0007|fullname=Artur Fredrich|gender=m)))	(mention_id=4865|references=(entity=(entity_id=9|fullname=Franz|gender=m)),(entity=(entity_id=24|fullname=Onkel Heinrich|gender=m)))
34270	allein	0		
34271	bei	0		
34272	ihren	0	(mention_id=4860|references=(entity=(entity_id=entity_0001|fullname=Franz Linden|gender=m)),(entity=(entity_id=entity_0002|fullname=Richard Weishaupt|gender=m)),(entity=(entity_id=entity_0008|fullname=Onkel Heinrich|gender=m)),(entity=(entity_id=entity_0007|fullname=Artur Fredrich|gender=m)))	(mention_id=4866|references=(entity=(entity_id=9|fullname=Franz|gender=m)),(entity=(entity_id=24|fullname=Onkel Heinrich|gender=m)))
34273	Zigarren	0		
34274	lassen	0		
34275	.	0		
34276	«	0		
34277	»	0		
34278	Gern	0		
34279	,	0		
34280	Mama	0	(mention_id=4861|references=(entity=(entity_id=entity_0005|fullname=Ottilie Baumhagen|gender=f)))	(mention_id=4867|references=(entity=(entity_id=10|fullname=Frau Baumhagen|gender=f)))
34281	«	0		
34282	,	0		
34283	sagte	0		
34284	die	0		
34285	junge	0		
34286	Frau	0	(mention_id=4862|references=(entity=(entity_id=entity_0004|fullname=Gertrud Baumhagen|gender=f)))	(mention_id=4868|references=(entity=(entity_id=32|fullname=Trudchen|gender=f)))
34287	unbefangen	0		
34288	.	0		
34289	Sie	0	(mention_id=4863|references=(entity=(entity_id=entity_0004|fullname=Gertrud Baumhagen|gender=f)))	(mention_id=4869|references=(entity=(entity_id=10|fullname=Frau Baumhagen|gender=f)))
34290	führte	0		
34291	Mutter	0	(mention_id=4864|references=(entity=(entity_id=entity_0005|fullname=Ottilie Baumhagen|gender=f)))	(mention_id=4870|references=(entity=(entity_id=10|fullname=Frau Baumhagen|gender=f)))
34292	und	0		
34293	Schwester	0	(mention_id=4865|references=(entity=(entity_id=entity_0006|fullname=Jenny Fredrich, geb. Baumhagen|gender=f)))	(mention_id=4871|references=(entity=(entity_id=17|fullname=Jenny|gender=f)))
34294	durch	0		
34295	Küche	0		
34296	und	0		
34297	Keller	0		
34298	,	0		
34299	durch	0		
34300	die	0		
34301	Zimmer	0		
34302	,	0		
34303	durch	0		
34304	das	0		
34305	ganze	0		
34306	Haus	0		
34307	.	0		
34308	Im	0		
34309	Gartensaal	0		
34310	war	0		
34311	eine	0		
34312	hübsche	0		
34313	Frau	0	(mention_id=4866|references=(entity=(entity_id=entity_0012|fullname=Johanne|gender=f)))	(mention_id=4872|references=(entity=(entity_id=32|fullname=Trudchen|gender=f)))
34314	in	0		
34315	blendend	0		
34316	weißer	0		
34317	Schürze	0		
34318	beschäftigt	0		
34319	,	0		
34320	die	0		
34321	Tafel	0		
34322	abzuräumen	0		
34323	.	0		
34324	Trudchen	0	(mention_id=4867|references=(entity=(entity_id=entity_0004|fullname=Gertrud Baumhagen|gender=f)))	(mention_id=4873|references=(entity=(entity_id=32|fullname=Trudchen|gender=f)))
34325	gab	0		
34326	ihr	0	(mention_id=4868|references=(entity=(entity_id=entity_0012|fullname=Johanne|gender=f)))	(mention_id=4874|references=(entity=(entity_id=32|fullname=Trudchen|gender=f)))
34327	im	0		
34328	Vorbeigehen	0		
34329	leise	0		
34330	einen	0		
34331	Befehl	0		
34332	.	0		
34333	»	0		
34334	Das	0		
34335	ist	0		
34336	ja	0		
34337	die	0		
34338	Johanne	0	(mention_id=4869|references=(entity=(entity_id=entity_0012|fullname=Johanne|gender=f)))	(mention_id=4875|references=(entity=(entity_id=18|fullname=Johanne|gender=f)))
34339	,	0		
34340	deren	0	(mention_id=4870|references=(entity=(entity_id=entity_0012|fullname=Johanne|gender=f)))	(mention_id=4876|references=(entity=(entity_id=18|fullname=Johanne|gender=f)))
34341	Mann	0	(mention_id=4871|references=(entity=(entity_id=entity_0060|fullname=Fritze|gender=m)))	(mention_id=4877|references=(entity=(entity_id=20|fullname=Johannens Mann|gender=m)))
34342	damals	0		
34343	verunglückte	0		
34344	?	0		
34345	«	0		
34346	sagte	0		
34347	Jenny	0	(mention_id=4872|references=(entity=(entity_id=entity_0006|fullname=Jenny Fredrich, geb. Baumhagen|gender=f)))	(mention_id=4878|references=(entity=(entity_id=17|fullname=Jenny|gender=f)))
34348	.	0		
34349	»	0		
34350	Ja	0		
34351	«	0		
34352	,	0		
34353	bestätigte	0		
34354	die	0		
34355	Schwester	0	(mention_id=4873|references=(entity=(entity_id=entity_0004|fullname=Gertrud Baumhagen|gender=f)))	(mention_id=4879|references=(entity=(entity_id=17|fullname=Jenny|gender=f)))
34356	,	0		
34357	»	0		
34358	ich	0	(mention_id=4874|references=(entity=(entity_id=entity_0004|fullname=Gertrud Baumhagen|gender=f)))	(mention_id=4880|references=(entity=(entity_id=32|fullname=Trudchen|gender=f)))
34359	habe	0		
34360	sie	0	(mention_id=4875|references=(entity=(entity_id=entity_0012|fullname=Johanne|gender=f)))	(mention_id=4881|references=(entity=(entity_id=18|fullname=Johanne|gender=f)))
34361	als	0		
34362	›	0		
34363	Mamsell	0	(mention_id=4876|references=(entity=(entity_id=entity_0012|fullname=Johanne|gender=f)))	(mention_id=4882|references=(entity=(entity_id=18|fullname=Johanne|gender=f)))
34364	‹	0		
34365	engagiert	0		
34366	.	0		
34367	Sie	0	(mention_id=4877|references=(entity=(entity_id=entity_0012|fullname=Johanne|gender=f)))	(mention_id=4883|references=(entity=(entity_id=32|fullname=Trudchen|gender=f)))
34368	ist	0		
34369	sehr	0		
34370	tüchtig	0		
34371	und	0		
34372	ich	0	(mention_id=4878|references=(entity=(entity_id=entity_0004|fullname=Gertrud Baumhagen|gender=f)))	(mention_id=4884|references=(entity=(entity_id=32|fullname=Trudchen|gender=f)))
34373	möchte	0		
34374	gern	0		
34375	ein	0		
34376	bekanntes	0		
34377	Gesicht	0		
34378	um	0		
34379	mich	0	(mention_id=4879|references=(entity=(entity_id=entity_0004|fullname=Gertrud Baumhagen|gender=f)))	(mention_id=4885|references=(entity=(entity_id=32|fullname=Trudchen|gender=f)))
34380	haben	0		
34381	.	0		
34382	«	0		
34383	»	0		
34384	Mit	0		
34385	dem	0		
34386	Kinde	0	(mention_id=4880|references=(entity=(entity_id=entity_0014|fullname=Täufling|gender=m)))	(mention_id=4886|references=(entity=(entity_id=19|fullname=Johannens Kind|gender=m)))
34387	?	0		
34388	«	0		
34389	fragte	0		
34390	spöttisch	0		
34391	die	0		
34392	Mutter	0	(mention_id=4881|references=(entity=(entity_id=entity_0005|fullname=Ottilie Baumhagen|gender=f)))	(mention_id=4887|references=(entity=(entity_id=10|fullname=Frau Baumhagen|gender=f)))
34393	.	0		
34394	»	0		
34395	Das	0		
34396	versteht	0		
34397	sich	0		
34398	«	0		
34399	,	0		
34400	erwiderte	0		
34401	die	0		
34402	junge	0		
34403	Frau	0	(mention_id=4882|references=(entity=(entity_id=entity_0004|fullname=Gertrud Baumhagen|gender=f)))	(mention_id=4888|references=(entity=(entity_id=32|fullname=Trudchen|gender=f)))
34404	;	0		
34405	»	0		
34406	sie	0	(mention_id=4883|references=(entity=(entity_id=entity_0004|fullname=Gertrud Baumhagen|gender=f)))	(mention_id=4889|references=(entity=(entity_id=32|fullname=Trudchen|gender=f)))
34407	wohnt	0		
34408	im	0		
34409	Seitengebäude	0		
34410	;	0		
34411	's	0		
34412	ist	0		
34413	eine	0		
34414	Lust	0		
34415	,	0		
34416	wie	0		
34417	der	0		
34418	kleine	0		
34419	Kerl	0	(mention_id=4884|references=(entity=(entity_id=entity_0014|fullname=Täufling|gender=m)))	(mention_id=4890|references=(entity=(entity_id=19|fullname=Johannens Kind|gender=m)))
34420	hier	0		
34421	draußen	0		
34422	gedeiht	0		
34423	.	0		
34424	«	0		
34425	Frau	0	(mention_id=4885|references=(entity=(entity_id=entity_0005|fullname=Ottilie Baumhagen|gender=f)))	(mention_id=4891|references=(entity=(entity_id=10|fullname=Frau Baumhagen|gender=f)))
34426	Baumhagen	0	(mention_id=4885|references=(entity=(entity_id=entity_0005|fullname=Ottilie Baumhagen|gender=f)))	(mention_id=4891|references=(entity=(entity_id=10|fullname=Frau Baumhagen|gender=f)))
34427	zuckte	0		
34428	die	0		
34429	Schultern	0		
34430	.	0		
34431	»	0		
34432	Wer	0		
34433	wohnt	0		
34434	auf	0		
34435	jener	0		
34436	Seite	0		
34437	des	0		
34438	Hauses	0		
34439	?	0		
34440	«	0		
34441	erkundigte	0		
34442	sich	0	(mention_id=4886|references=(entity=(entity_id=entity_0006|fullname=Jenny Fredrich, geb. Baumhagen|gender=f)))	(mention_id=4892|references=(entity=(entity_id=10|fullname=Frau Baumhagen|gender=f)))
34443	Jenny	0	(mention_id=4887|references=(entity=(entity_id=entity_0006|fullname=Jenny Fredrich, geb. Baumhagen|gender=f)))	(mention_id=4893|references=(entity=(entity_id=17|fullname=Jenny|gender=f)))
34444	weiter	0		
34445	.	0		
34446	»	0		
34447	Die	0		
34448	Tante	0	(mention_id=4888|references=(entity=(entity_id=entity_0011|fullname=Rosalie Kruse|gender=f)))	(mention_id=4894|references=(entity=(entity_id=26|fullname=Tante Rosa|gender=f)))
34449	Rosa	0	(mention_id=4888|references=(entity=(entity_id=entity_0011|fullname=Rosalie Kruse|gender=f)))	(mention_id=4894|references=(entity=(entity_id=26|fullname=Tante Rosa|gender=f)))
34450	.	0		
34451	«	0		
34452	»	0		
34453	Barmherziger	0	(mention_id=4889|references=(entity=(entity_id=entity_0006|fullname=Jenny Fredrich, geb. Baumhagen|gender=f)))	(mention_id=4895|references=(entity=(entity_id=26|fullname=Tante Rosa|gender=f)))
34454	!	0		
34455	Wohl	0		
34456	eine	0		
34457	Art	0		
34458	Schwiegermutter	0	(mention_id=4890|references=(entity=(entity_id=entity_0011|fullname=Rosalie Kruse|gender=f)))	(mention_id=4896|references=(entity=(entity_id=10|fullname=Frau Baumhagen|gender=f)))
34459	?	0		
34460	«	0		
34461	rief	0		
34462	die	0		
34463	Schwester	0	(mention_id=4891|references=(entity=(entity_id=entity_0006|fullname=Jenny Fredrich, geb. Baumhagen|gender=f)))	(mention_id=4897|references=(entity=(entity_id=17|fullname=Jenny|gender=f)))
34464	erschreckt	0		
34465	.	0		
34466	Trudchen	0	(mention_id=4892|references=(entity=(entity_id=entity_0004|fullname=Gertrud Baumhagen|gender=f)))	(mention_id=4898|references=(entity=(entity_id=32|fullname=Trudchen|gender=f)))
34467	schüttelte	0		
34468	den	0		
34469	Kopf	0		
34470	.	0		
34471	»	0		
34472	Nein	0		
34473	,	0		
34474	sie	0	(mention_id=4893|references=(entity=(entity_id=entity_0011|fullname=Rosalie Kruse|gender=f)))	(mention_id=4899|references=(entity=(entity_id=26|fullname=Tante Rosa|gender=f)))
34475	ist	0		
34476	eine	0		
34477	ganz	0		
34478	harmlose	0		
34479	Person	0	(mention_id=4894|references=(entity=(entity_id=entity_0011|fullname=Rosalie Kruse|gender=f)))	(mention_id=4900|references=(entity=(entity_id=26|fullname=Tante Rosa|gender=f)))
34480	,	0		
34481	ein	0		
34482	altes	0		
34483	Hausinventar	0	(mention_id=4895|references=(entity=(entity_id=entity_0011|fullname=Rosalie Kruse|gender=f)|specialcase_reference=figurative))	(mention_id=4901|references=(entity=(entity_id=26|fullname=Tante Rosa|gender=f)))
34484	–	0		
34485	sozusagen	0		
34486	.	0		
34487	Aber	0		
34488	ich	0	(mention_id=4896|references=(entity=(entity_id=entity_0004|fullname=Gertrud Baumhagen|gender=f)))	(mention_id=4902|references=(entity=(entity_id=32|fullname=Trudchen|gender=f)))
34489	möchte	0		
34490	gern	0		
34491	,	0		
34492	daß	0		
34493	Franz	0	(mention_id=4897|references=(entity=(entity_id=entity_0001|fullname=Franz Linden|gender=m)))	(mention_id=4903|references=(entity=(entity_id=9|fullname=Franz|gender=m)))
34494	seine	0	(mention_id=4898|references=(entity=(entity_id=entity_0001|fullname=Franz Linden|gender=m)))	(mention_id=4904|references=(entity=(entity_id=9|fullname=Franz|gender=m)))
34495	Mutter	0	(mention_id=4899|references=(entity=(entity_id=entity_0029|fullname=Mutter des Franz Linden|gender=f)))	(mention_id=4905|references=(entity=(entity_id=10|fullname=Frau Baumhagen|gender=f)))
34496	hernimmt	0		
34497	.	0		
34498	Die	0		
34499	alte	0		
34500	Frau	0	(mention_id=4900|references=(entity=(entity_id=entity_0029|fullname=Mutter des Franz Linden|gender=f)))	(mention_id=4906|references=(entity=(entity_id=10|fullname=Frau Baumhagen|gender=f)))
34501	ist	0		
34502	so	0		
34503	allein	0		
34504	und	0		
34505	es	0		
34506	geht	0		
34507	ihr	0	(mention_id=4901|references=(entity=(entity_id=entity_0029|fullname=Mutter des Franz Linden|gender=f)))	(mention_id=4907|references=(entity=(entity_id=10|fullname=Frau Baumhagen|gender=f)))
34508	recht	0		
34509	kümmerlich	0		
34510	.	0		
34511	«	0		
34512	Jenny	0	(mention_id=4902|references=(entity=(entity_id=entity_0006|fullname=Jenny Fredrich, geb. Baumhagen|gender=f)))	(mention_id=4908|references=(entity=(entity_id=17|fullname=Jenny|gender=f)))
34513	lachte	0		
34514	hell	0		
34515	auf	0		
34516	,	0		
34517	Frau	0	(mention_id=4903|references=(entity=(entity_id=entity_0005|fullname=Ottilie Baumhagen|gender=f)))	(mention_id=4909|references=(entity=(entity_id=10|fullname=Frau Baumhagen|gender=f)))
34518	Baumhagen	0	(mention_id=4903|references=(entity=(entity_id=entity_0005|fullname=Ottilie Baumhagen|gender=f)))	(mention_id=4909|references=(entity=(entity_id=10|fullname=Frau Baumhagen|gender=f)))
34519	aber	0		
34520	rauschte	0		
34521	so	0		
34522	heftig	0		
34523	in	0		
34524	das	0		
34525	nächste	0		
34526	Zimmer	0		
34527	,	0		
34528	daß	0		
34529	alle	0		
34530	Schleifen	0		
34531	ihrer	0	(mention_id=4904|references=(entity=(entity_id=entity_0005|fullname=Ottilie Baumhagen|gender=f)))	(mention_id=4910|references=(entity=(entity_id=10|fullname=Frau Baumhagen|gender=f)))
34532	etwas	0		
34533	jugendlich	0		
34534	arrangierten	0		
34535	Trauertoilette	0		
34536	flatterten	0		
34537	und	0		
34538	wogten	0		
34539	.	0		
34540	»	0		
34541	Trudchen	0	(mention_id=4905|references=(entity=(entity_id=entity_0004|fullname=Gertrud Baumhagen|gender=f)))	(mention_id=4911|references=(entity=(entity_id=32|fullname=Trudchen|gender=f)))
34542	!	0		
34543	«	0		
34544	rief	0		
34545	Jenny	0	(mention_id=4906|references=(entity=(entity_id=entity_0006|fullname=Jenny Fredrich, geb. Baumhagen|gender=f)))	(mention_id=4912|references=(entity=(entity_id=17|fullname=Jenny|gender=f)))
34546	,	0		
34547	»	0		
34548	du	0	(mention_id=4907|references=(entity=(entity_id=entity_0004|fullname=Gertrud Baumhagen|gender=f)))	(mention_id=4913|references=(entity=(entity_id=32|fullname=Trudchen|gender=f)))
34549	wirst	0		
34550	doch	0		
34551	nicht	0		
34552	so	0		
34553	von	0		
34554	Sinnen	0		
34555	sein	0		
34556	?	0		
34557	«	0		
34558	Die	0		
34559	junge	0		
34560	Frau	0	(mention_id=4908|references=(entity=(entity_id=entity_0004|fullname=Gertrud Baumhagen|gender=f)))	(mention_id=4914|references=(entity=(entity_id=32|fullname=Trudchen|gender=f)))
34561	antwortete	0		
34562	nicht	0		
34563	.	0		
34564	Sie	0	(mention_id=4909|references=(entity=(entity_id=entity_0004|fullname=Gertrud Baumhagen|gender=f)))	(mention_id=4915|references=(entity=(entity_id=10|fullname=Frau Baumhagen|gender=f)))
34565	öffnete	0		
34566	gelassen	0		
34567	eine	0		
34568	Schranktür	0		
34569	im	0		
34570	Korridor	0		
34571	und	0		
34572	sagte	0		
34573	:	0		
34574	»	0		
34575	Das	0		
34576	ist	0		
34577	die	0		
34578	Gesindewäsche	0		
34579	,	0		
34580	Jenny	0	(mention_id=4910|references=(entity=(entity_id=entity_0006|fullname=Jenny Fredrich, geb. Baumhagen|gender=f)))	(mention_id=4916|references=(entity=(entity_id=17|fullname=Jenny|gender=f)))
34581	.	0		
34582	Wir	0	(mention_id=4911|references=(entity=(entity_id=entity_0004|fullname=Gertrud Baumhagen|gender=f)),(entity=(entity_id=entity_0001|fullname=Franz Linden|gender=m)))	(mention_id=4917|references=(entity=(entity_id=10|fullname=Frau Baumhagen|gender=f)),(entity=(entity_id=17|fullname=Jenny|gender=f)),(entity=(entity_id=5|fullname=Artur|gender=m)))
34583	müssen	0		
34584	viel	0		
34585	haben	0		
34586	auf	0		
34587	dem	0		
34588	Lande	0		
34589	.	0		
34590	Dort	0		
34591	die	0		
34592	Spinde	0		
34593	für	0		
34594	andere	0		
34595	Wäsche	0		
34596	und	0		
34597	für	0		
34598	Porzellan	0		
34599	,	0		
34600	und	0		
34601	hier	0		
34602	ist	0		
34603	mein	0	(mention_id=4912|references=(entity=(entity_id=entity_0004|fullname=Gertrud Baumhagen|gender=f)))	(mention_id=4918|references=(entity=(entity_id=10|fullname=Frau Baumhagen|gender=f)))
34604	Zimmer	0		
34605	.	0		
34606	Bitte	0		
34607	,	0		
34608	Mama	0	(mention_id=4913|references=(entity=(entity_id=entity_0005|fullname=Ottilie Baumhagen|gender=f)))	(mention_id=4919|references=(entity=(entity_id=10|fullname=Frau Baumhagen|gender=f)))
34609	.	0		
34610	«	0		
34611	»	0		
34612	Hätte	0		
34613	etwas	0		
34614	weniger	0		
34615	einfach	0		
34616	sein	0		
34617	können	0		
34618	«	0		
34619	,	0		
34620	bemerkte	0		
34621	die	0		
34622	Mutter	0	(mention_id=4914|references=(entity=(entity_id=entity_0005|fullname=Ottilie Baumhagen|gender=f)))	(mention_id=4920|references=(entity=(entity_id=10|fullname=Frau Baumhagen|gender=f)))
34623	,	0		
34624	die	0	(mention_id=4915|references=(entity=(entity_id=entity_0005|fullname=Ottilie Baumhagen|gender=f)))	(mention_id=4921|references=(entity=(entity_id=10|fullname=Frau Baumhagen|gender=f)))
34625	ihr	0	(mention_id=4916|references=(entity=(entity_id=entity_0005|fullname=Ottilie Baumhagen|gender=f)))	(mention_id=4922|references=(entity=(entity_id=10|fullname=Frau Baumhagen|gender=f)))
34626	Gleichgewicht	0		
34627	wiedergefunden	0		
34628	hatte	0		
34629	,	0		
34630	nur	0		
34631	die	0		
34632	Röte	0		
34633	der	0		
34634	Erregung	0		
34635	lag	0		
34636	noch	0		
34637	auf	0		
34638	dem	0		
34639	runden	0		
34640	Gesicht	0		
34641	.	0		
34642	»	0		
34643	Ich	0	(mention_id=4917|references=(entity=(entity_id=entity_0004|fullname=Gertrud Baumhagen|gender=f)))	(mention_id=4923|references=(entity=(entity_id=32|fullname=Trudchen|gender=f)))
34644	wollte	0		
34645	nicht	0		
34646	so	0		
34647	sehr	0		
34648	abstechen	0		
34649	von	0		
34650	Franz	0	(mention_id=4918|references=(entity=(entity_id=entity_0001|fullname=Franz Linden|gender=m)))	(mention_id=4924|references=(entity=(entity_id=9|fullname=Franz|gender=m)))
34651	,	0		
34652	und	0		
34653	der	0	(mention_id=4919|references=(entity=(entity_id=entity_0001|fullname=Franz Linden|gender=m)))	(mention_id=4925|references=(entity=(entity_id=9|fullname=Franz|gender=m)))
34654	hat	0		
34655	seine	0	(mention_id=4920|references=(entity=(entity_id=entity_0001|fullname=Franz Linden|gender=m)))	(mention_id=4926|references=(entity=(entity_id=9|fullname=Franz|gender=m)))
34656	alten	0		
34657	Möbel	0		
34658	behalten	0		
34659	.	0		
34660	Wir	0	(mention_id=4921|references=(entity=(entity_id=entity_0004|fullname=Gertrud Baumhagen|gender=f)),(entity=(entity_id=entity_0001|fullname=Franz Linden|gender=m)))	(mention_id=4927|references=(entity=(entity_id=9|fullname=Franz|gender=m)),(entity=(entity_id=32|fullname=Trudchen|gender=f)))
34661	sind	0		
34662	ja	0		
34663	überhaupt	0		
34664	nur	0		
34665	ganz	0		
34666	kleine	0		
34667	Gutsbesitzer	0	(mention_id=4922|references=(entity=(entity_id=entity_0004|fullname=Gertrud Baumhagen|gender=f)),(entity=(entity_id=entity_0001|fullname=Franz Linden|gender=m)))	(mention_id=4928|references=(entity=(entity_id=9|fullname=Franz|gender=m)),(entity=(entity_id=32|fullname=Trudchen|gender=f)))
34668	,	0		
34669	Mamachen	0	(mention_id=4923|references=(entity=(entity_id=entity_0005|fullname=Ottilie Baumhagen|gender=f)))	(mention_id=4929|references=(entity=(entity_id=10|fullname=Frau Baumhagen|gender=f)))
34670	,	0		
34671	und	0		
34672	haben	0		
34673	eben	0		
34674	erst	0		
34675	angefangen	0		
34676	.	0		
34677	«	0		
34678	Die	0		
34679	Frau	0	(mention_id=4924|references=(entity=(entity_id=entity_0005|fullname=Ottilie Baumhagen|gender=f)))	(mention_id=4930|references=(entity=(entity_id=10|fullname=Frau Baumhagen|gender=f)))
34680	Mama	0	(mention_id=4924|references=(entity=(entity_id=entity_0005|fullname=Ottilie Baumhagen|gender=f)))	(mention_id=4930|references=(entity=(entity_id=10|fullname=Frau Baumhagen|gender=f)))
34681	räusperte	0		
34682	sich	0	(mention_id=4925|references=(entity=(entity_id=entity_0005|fullname=Ottilie Baumhagen|gender=f)))	(mention_id=4931|references=(entity=(entity_id=10|fullname=Frau Baumhagen|gender=f)))
34683	und	0		
34684	nahm	0		
34685	Platz	0		
34686	in	0		
34687	einem	0		
34688	der	0		
34689	kleinen	0		
34690	Fauteuils	0		
34691	.	0		
34692	Jenny	0	(mention_id=4926|references=(entity=(entity_id=entity_0006|fullname=Jenny Fredrich, geb. Baumhagen|gender=f)))	(mention_id=4932|references=(entity=(entity_id=17|fullname=Jenny|gender=f)))
34693	ging	0		
34694	im	0		
34695	Zimmer	0		
34696	umher	0		
34697	und	0		
34698	beschaute	0		
34699	die	0		
34700	Nippes	0		
34701	und	0		
34702	Bilder	0		
34703	,	0		
34704	wobei	0		
34705	sie	0	(mention_id=4927|references=(entity=(entity_id=entity_0006|fullname=Jenny Fredrich, geb. Baumhagen|gender=f)))	(mention_id=4933|references=(entity=(entity_id=17|fullname=Jenny|gender=f)))
34706	leise	0		
34707	vor	0		
34708	sich	0	(mention_id=4928|references=(entity=(entity_id=entity_0006|fullname=Jenny Fredrich, geb. Baumhagen|gender=f)))	(mention_id=4934|references=(entity=(entity_id=17|fullname=Jenny|gender=f)))
34709	hinsummte	0		
34710	.	0		
34711	Trudchen	0	(mention_id=4929|references=(entity=(entity_id=entity_0004|fullname=Gertrud Baumhagen|gender=f)))	(mention_id=4935|references=(entity=(entity_id=32|fullname=Trudchen|gender=f)))
34712	aber	0		
34713	stand	0		
34714	gedankenvoll	0		
34715	vor	0		
34716	der	0		
34717	Mutter	0	(mention_id=4930|references=(entity=(entity_id=entity_0005|fullname=Ottilie Baumhagen|gender=f)))	(mention_id=4936|references=(entity=(entity_id=10|fullname=Frau Baumhagen|gender=f)))
34718	und	0		
34719	wie	0		
34720	Eis	0		
34721	legte	0		
34722	es	0		
34723	sich	0	(mention_id=4931|references=(entity=(entity_id=entity_0004|fullname=Gertrud Baumhagen|gender=f)))	
34724	um	0		
34725	ihr	0	(mention_id=4932|references=(entity=(entity_id=entity_0004|fullname=Gertrud Baumhagen|gender=f)))	(mention_id=4937|references=(entity=(entity_id=32|fullname=Trudchen|gender=f)))
34726	Herz	0		
34727	.	0		
34728	Es	0		
34729	war	0		
34730	das	0		
34731	alte	0		
34732	Gefühl	0		
34733	von	0		
34734	Fremdsein	0		
34735	,	0		
34736	das	0		
34737	sie	0	(mention_id=4933|references=(entity=(entity_id=entity_0004|fullname=Gertrud Baumhagen|gender=f)))	(mention_id=4938|references=(entity=(entity_id=32|fullname=Trudchen|gender=f)))
34738	immer	0		
34739	und	0		
34740	immer	0		
34741	wieder	0		
34742	zurückdrängte	0		
34743	von	0		
34744	Mutter	0	(mention_id=4934|references=(entity=(entity_id=entity_0005|fullname=Ottilie Baumhagen|gender=f)))	(mention_id=4939|references=(entity=(entity_id=10|fullname=Frau Baumhagen|gender=f)))
34745	und	0		
34746	Schwester	0	(mention_id=4935|references=(entity=(entity_id=entity_0006|fullname=Jenny Fredrich, geb. Baumhagen|gender=f)))	(mention_id=4940|references=(entity=(entity_id=17|fullname=Jenny|gender=f)))
34747	;	0		
34748	nichts	0		
34749	war	0		
34750	ihnen	0	(mention_id=4936|references=(entity=(entity_id=entity_0005|fullname=Ottilie Baumhagen|gender=f)),(entity=(entity_id=entity_0006|fullname=Jenny Fredrich, geb. Baumhagen|gender=f)),(entity=(entity_id=entity_0004|fullname=Gertrud Baumhagen|gender=f)))	(mention_id=4941|references=(entity=(entity_id=10|fullname=Frau Baumhagen|gender=f)),(entity=(entity_id=17|fullname=Jenny|gender=f)))
34751	gemeinschaftlich	0		
34752	.	0		
34753	Es	0		
34754	tat	0		
34755	ihr	0	(mention_id=4937|references=(entity=(entity_id=entity_0004|fullname=Gertrud Baumhagen|gender=f)))	(mention_id=4942|references=(entity=(entity_id=32|fullname=Trudchen|gender=f)))
34756	noch	0		
34757	immer	0		
34758	so	0		
34759	unendlich	0		
34760	leid	0		
34761	,	0		
34762	aber	0		
34763	sie	0	(mention_id=4938|references=(entity=(entity_id=entity_0004|fullname=Gertrud Baumhagen|gender=f)))	(mention_id=4943|references=(entity=(entity_id=32|fullname=Trudchen|gender=f)))
34764	empfand	0		
34765	nicht	0		
34766	den	0		
34767	herben	0		
34768	Schmerz	0		
34769	wie	0		
34770	früher	0		
34771	.	0		
34772	Langsam	0		
34773	senkte	0		
34774	sich	0		
34775	ihre	0	(mention_id=4939|references=(entity=(entity_id=entity_0004|fullname=Gertrud Baumhagen|gender=f)))	(mention_id=4944|references=(entity=(entity_id=32|fullname=Trudchen|gender=f)))
34776	Hand	0		
34777	in	0		
34778	die	0		
34779	Tasche	0		
34780	des	0		
34781	Kleides	0		
34782	und	0		
34783	faßte	0		
34784	leise	0		
34785	ein	0		
34786	knisterndes	0		
34787	Papier	0		
34788	.	0		
34789	»	0		
34790	Ich	0	(mention_id=4940|references=(entity=(entity_id=entity_0001|fullname=Franz Linden|gender=m)))	(mention_id=4945|references=(entity=(entity_id=32|fullname=Trudchen|gender=f)))
34791	hab'	0		
34792	dich	0	(mention_id=4941|references=(entity=(entity_id=entity_0004|fullname=Gertrud Baumhagen|gender=f)))	(mention_id=4946|references=(entity=(entity_id=32|fullname=Trudchen|gender=f)))
34793	namenlos	0		
34794	geliebt	0		
34795	!	0		
34796	«	0		
34797	Ach	0		
34798	,	0		
34799	es	0		
34800	war	0		
34801	ein	0		
34802	Ersatz	0		
34803	für	0		
34804	alles	0		
34805	,	0		
34806	alles	0		
34807	.	0		
34808	Und	0		
34809	fröhlich	0		
34810	hob	0		
34811	sie	0	(mention_id=4942|references=(entity=(entity_id=entity_0004|fullname=Gertrud Baumhagen|gender=f)))	(mention_id=4947|references=(entity=(entity_id=32|fullname=Trudchen|gender=f)))
34812	den	0		
34813	Kopf	0		
34814	.	0		
34815	»	0		
34816	Aber	0		
34817	ihr	0	(mention_id=4943|references=(entity=(entity_id=entity_0005|fullname=Ottilie Baumhagen|gender=f)),(entity=(entity_id=entity_0006|fullname=Jenny Fredrich, geb. Baumhagen|gender=f)))	(mention_id=4948|references=(entity=(entity_id=10|fullname=Frau Baumhagen|gender=f)),(entity=(entity_id=17|fullname=Jenny|gender=f)))
34818	habt	0		
34819	mir	0	(mention_id=4944|references=(entity=(entity_id=entity_0004|fullname=Gertrud Baumhagen|gender=f)))	(mention_id=4949|references=(entity=(entity_id=32|fullname=Trudchen|gender=f)))
34820	noch	0		
34821	gar	0		
34822	nicht	0		
34823	erzählt	0		
34824	von	0		
34825	eurer	0	(mention_id=4945|references=(entity=(entity_id=entity_0005|fullname=Ottilie Baumhagen|gender=f)),(entity=(entity_id=entity_0006|fullname=Jenny Fredrich, geb. Baumhagen|gender=f)))	(mention_id=4950|references=(entity=(entity_id=10|fullname=Frau Baumhagen|gender=f)),(entity=(entity_id=17|fullname=Jenny|gender=f)),(entity=(entity_id=5|fullname=Artur|gender=m)))
34826	schönen	0		
34827	Reise	0		
34828	,	0		
34829	und	0		
34830	eure	0	(mention_id=4946|references=(entity=(entity_id=entity_0005|fullname=Ottilie Baumhagen|gender=f)),(entity=(entity_id=entity_0006|fullname=Jenny Fredrich, geb. Baumhagen|gender=f)))	(mention_id=4951|references=(entity=(entity_id=10|fullname=Frau Baumhagen|gender=f)),(entity=(entity_id=17|fullname=Jenny|gender=f)),(entity=(entity_id=5|fullname=Artur|gender=m)))
34831	Briefe	0		
34832	waren	0		
34833	so	0		
34834	kurz	0		
34835	.	0		
34836	«	0		
34837	»	0		
34838	Ja	0		
34839	«	0		
34840	,	0		
34841	sagte	0		
34842	Jenny	0	(mention_id=4947|references=(entity=(entity_id=entity_0006|fullname=Jenny Fredrich, geb. Baumhagen|gender=f)))	(mention_id=4952|references=(entity=(entity_id=17|fullname=Jenny|gender=f)))
34843	gähnend	0		
34844	und	0		
34845	nahm	0		
34846	eine	0		
34847	Terrakottafigur	0		
34848	in	0		
34849	die	0		
34850	Hand	0		
34851	,	0		
34852	die	0		
34853	sie	0	(mention_id=4948|references=(entity=(entity_id=entity_0006|fullname=Jenny Fredrich, geb. Baumhagen|gender=f)))	(mention_id=4953|references=(entity=(entity_id=17|fullname=Jenny|gender=f)))
34854	von	0		
34855	allen	0		
34856	Seiten	0		
34857	betrachtete	0		
34858	,	0		
34859	»	0		
34860	es	0		
34861	war	0		
34862	himmlisch	0		
34863	in	0		
34864	Nizza	0		
34865	,	0		
34866	man	0		
34867	fühlt	0		
34868	so	0		
34869	recht	0		
34870	,	0		
34871	in	0		
34872	welch	0		
34873	kleinen	0		
34874	Kreisen	0		
34875	man	0	(mention_id=4949|references=(entity=(entity_id=entity_0005|fullname=Ottilie Baumhagen|gender=f)),(entity=(entity_id=entity_0006|fullname=Jenny Fredrich, geb. Baumhagen|gender=f)))	
34876	vegetiert	0		
34877	,	0		
34878	jetzt	0		
34879	,	0		
34880	da	0		
34881	man	0	(mention_id=4950|references=(entity=(entity_id=entity_0005|fullname=Ottilie Baumhagen|gender=f)),(entity=(entity_id=entity_0006|fullname=Jenny Fredrich, geb. Baumhagen|gender=f)))	
34882	zurück	0		
34883	ist	0		
34884	–	0		
34885	es	0		
34886	leben	0		
34887	die	0		
34888	deutschen	0		
34889	kleinen	0		
34890	Städte	0		
34891	!	0		
34892	«	0		
34893	»	0		
34894	Nächstes	0		
34895	Jahr	0		
34896	gehen	0		
34897	wir	0	(mention_id=4951|references=(entity=(entity_id=entity_0005|fullname=Ottilie Baumhagen|gender=f)),(entity=(entity_id=entity_0006|fullname=Jenny Fredrich, geb. Baumhagen|gender=f)))	(mention_id=4954|references=(entity=(entity_id=10|fullname=Frau Baumhagen|gender=f)),(entity=(entity_id=17|fullname=Jenny|gender=f)),(entity=(entity_id=5|fullname=Artur|gender=m)))
34898	wieder	0		
34899	hin	0		
34900	,	0		
34901	so	0		
34902	Gott	0	(mention_id=4952|references=(entity=(entity_id=entity_0019|fullname=Gott|gender=u|specialcase_entity=nonfact)))	
34903	will	0		
34904	«	0		
34905	,	0		
34906	fügte	0		
34907	Frau	0	(mention_id=4953|references=(entity=(entity_id=entity_0005|fullname=Ottilie Baumhagen|gender=f)))	(mention_id=4955|references=(entity=(entity_id=10|fullname=Frau Baumhagen|gender=f)))
34908	Baumhagen	0	(mention_id=4953|references=(entity=(entity_id=entity_0005|fullname=Ottilie Baumhagen|gender=f)))	(mention_id=4955|references=(entity=(entity_id=10|fullname=Frau Baumhagen|gender=f)))
34909	hinzu	0		
34910	,	0		
34911	»	0		
34912	nur	0		
34913	möchte	0		
34914	ich	0	(mention_id=4954|references=(entity=(entity_id=entity_0005|fullname=Ottilie Baumhagen|gender=f)))	(mention_id=4956|references=(entity=(entity_id=10|fullname=Frau Baumhagen|gender=f)))
34915	von	0		
34916	Arturs	0	(mention_id=4955|references=(entity=(entity_id=entity_0007|fullname=Artur Fredrich|gender=m)))	(mention_id=4957|references=(entity=(entity_id=5|fullname=Artur|gender=m)))
34917	Begleitung	0		
34918	absehen	0		
34919	.	0		
34920	Er	0	(mention_id=4956|references=(entity=(entity_id=entity_0007|fullname=Artur Fredrich|gender=m)))	(mention_id=4958|references=(entity=(entity_id=5|fullname=Artur|gender=m)))
34921	war	0		
34922	genau	0		
34923	so	0		
34924	kindisch	0		
34925	wie	0		
34926	seinerzeit	0		
34927	euer	0	(mention_id=4957|references=(entity=(entity_id=entity_0005|fullname=Ottilie Baumhagen|gender=f)),(entity=(entity_id=entity_0006|fullname=Jenny Fredrich, geb. Baumhagen|gender=f)))	(mention_id=4959|references=(entity=(entity_id=9|fullname=Franz|gender=m)),(entity=(entity_id=32|fullname=Trudchen|gender=f)))
34928	Vater	0	(mention_id=4958|references=(entity=(entity_id=entity_0015|fullname=Leberecht Baumhagen|gender=m)))	(mention_id=4960|references=(entity=(entity_id=9|fullname=Franz|gender=m)))
34929	.	0		
34930	Jenny	0	(mention_id=4959|references=(entity=(entity_id=entity_0006|fullname=Jenny Fredrich, geb. Baumhagen|gender=f)))	(mention_id=4961|references=(entity=(entity_id=17|fullname=Jenny|gender=f)))
34931	sollte	0		
34932	dies	0		
34933	nicht	0		
34934	tun	0		
34935	und	0		
34936	jenes	0		
34937	nicht	0		
34938	tun	0		
34939	,	0		
34940	hier	0		
34941	nicht	0		
34942	hingehen	0		
34943	und	0		
34944	dort	0		
34945	nicht	0		
34946	stehenbleiben	0		
34947	.	0		
34948	Er	0	(mention_id=4960|references=(entity=(entity_id=entity_0007|fullname=Artur Fredrich|gender=m)))	(mention_id=4962|references=(entity=(entity_id=5|fullname=Artur|gender=m)))
34949	kehrt	0		
34950	bei	0		
34951	solchen	0		
34952	Gelegenheiten	0		
34953	den	0		
34954	richtigen	0		
34955	deutschen	0		
34956	Spießbürger	0	(mention_id=4961|references=(entity=(entity_id=entity_0007|fullname=Artur Fredrich|gender=m)))	(mention_id=4963|references=(entity=(entity_id=generic_0020|fullname=deutscher Spießbürger im Allgemeinen|gender=u|specialcase_entity=generic)))
34957	heraus	0		
34958	,	0		
34959	als	0		
34960	ob	0		
34961	wir	0	(mention_id=4962|references=(entity=(entity_id=entity_0005|fullname=Ottilie Baumhagen|gender=f)),(entity=(entity_id=entity_0006|fullname=Jenny Fredrich, geb. Baumhagen|gender=f)))	(mention_id=4964|references=(entity=(entity_id=10|fullname=Frau Baumhagen|gender=f)),(entity=(entity_id=17|fullname=Jenny|gender=f)),(entity=(entity_id=5|fullname=Artur|gender=m)))
34962	Frauen	0	(mention_id=4963|references=(entity=(entity_id=entity_0006|fullname=Jenny Fredrich, geb. Baumhagen|gender=f)),(entity=(entity_id=entity_0005|fullname=Ottilie Baumhagen|gender=f)),(entity=(entity_id=generic_0085|fullname=Frauen|gender=u|specialcase_entity=generic)))	(mention_id=4965|references=(entity=(entity_id=generic_0021|fullname=Frauen im Allgemeinen|gender=u|specialcase_entity=generic)))
34963	nicht	0		
34964	ganz	0		
34965	von	0		
34966	selbst	0		
34967	das	0		
34968	Rechte	0		
34969	fänden	0		
34970	.	0		
34971	«	0		
34972	Frau	0	(mention_id=4964|references=(entity=(entity_id=entity_0006|fullname=Jenny Fredrich, geb. Baumhagen|gender=f)))	(mention_id=4966|references=(entity=(entity_id=17|fullname=Jenny|gender=f)))
34973	Jenny	0	(mention_id=4964|references=(entity=(entity_id=entity_0006|fullname=Jenny Fredrich, geb. Baumhagen|gender=f)))	(mention_id=4966|references=(entity=(entity_id=17|fullname=Jenny|gender=f)))
34974	setzte	0		
34975	sich	0	(mention_id=4965|references=(entity=(entity_id=entity_0006|fullname=Jenny Fredrich, geb. Baumhagen|gender=f)))	(mention_id=4967|references=(entity=(entity_id=17|fullname=Jenny|gender=f)))
34976	ebenfalls	0		
34977	.	0		
34978	»	0		
34979	Laß	0		
34980	nur	0		
34981	gut	0		
34982	sein	0		
34983	,	0		
34984	Mamachen	0	(mention_id=4966|references=(entity=(entity_id=entity_0005|fullname=Ottilie Baumhagen|gender=f)))	(mention_id=4968|references=(entity=(entity_id=10|fullname=Frau Baumhagen|gender=f)))
34985	,	0		
34986	er	0	(mention_id=4967|references=(entity=(entity_id=entity_0007|fullname=Artur Fredrich|gender=m)))	(mention_id=4969|references=(entity=(entity_id=5|fullname=Artur|gender=m)))
34987	büßt	0		
34988	noch	0		
34989	immer	0		
34990	für	0		
34991	seine	0	(mention_id=4968|references=(entity=(entity_id=entity_0007|fullname=Artur Fredrich|gender=m)))	(mention_id=4970|references=(entity=(entity_id=5|fullname=Artur|gender=m)))
34992	Albernheiten	0		
34993	.	0		
34994	Die	0		
34995	Szene	0		
34996	,	0		
34997	die	0		
34998	er	0	(mention_id=4969|references=(entity=(entity_id=entity_0007|fullname=Artur Fredrich|gender=m)))	(mention_id=4971|references=(entity=(entity_id=5|fullname=Artur|gender=m)))
34999	uns	0	(mention_id=4970|references=(entity=(entity_id=entity_0006|fullname=Jenny Fredrich, geb. Baumhagen|gender=f)),(entity=(entity_id=entity_0005|fullname=Ottilie Baumhagen|gender=f)))	(mention_id=4972|references=(entity=(entity_id=10|fullname=Frau Baumhagen|gender=f)),(entity=(entity_id=17|fullname=Jenny|gender=f)),(entity=(entity_id=5|fullname=Artur|gender=m)))
35000	in	0		
35001	Monte	0		
35002	Carlo	0		
35003	machte	0		
35004	,	0		
35005	habe	0		
35006	ich	0	(mention_id=4971|references=(entity=(entity_id=entity_0006|fullname=Jenny Fredrich, geb. Baumhagen|gender=f)))	(mention_id=4973|references=(entity=(entity_id=17|fullname=Jenny|gender=f)))
35007	ihm	0	(mention_id=4972|references=(entity=(entity_id=entity_0007|fullname=Artur Fredrich|gender=m)))	(mention_id=4974|references=(entity=(entity_id=5|fullname=Artur|gender=m)))
35008	noch	0		
35009	lange	0		
35010	nicht	0		
35011	vergessen	0		
35012	.	0		
35013	«	0		
35014	»	0		
35015	O	0		
35016	ja	0		
35017	,	0		
35018	die	0		
35019	Stimmung	0		
35020	zwischen	0		
35021	euch	0	(mention_id=4973|references=(entity=(entity_id=entity_0006|fullname=Jenny Fredrich, geb. Baumhagen|gender=f)),(entity=(entity_id=entity_0007|fullname=Artur Fredrich|gender=m)))	(mention_id=4975|references=(entity=(entity_id=5|fullname=Artur|gender=m)),(entity=(entity_id=17|fullname=Jenny|gender=f)))
35022	ist	0		
35023	eine	0		
35024	äußerst	0		
35025	angenehme	0		
35026	,	0		
35027	das	0		
35028	weiß	0		
35029	Gott	0	(mention_id=4974|references=(entity=(entity_id=entity_0019|fullname=Gott|gender=u|specialcase_entity=nonfact)))	
35030	!	0		
35031	«	0		
35032	erklärte	0		
35033	die	0		
35034	Mutter	0	(mention_id=4975|references=(entity=(entity_id=entity_0005|fullname=Ottilie Baumhagen|gender=f)))	(mention_id=4976|references=(entity=(entity_id=10|fullname=Frau Baumhagen|gender=f)))
35035	.	0		
35036	»	0		
35037	Übrigens	0		
35038	«	0		
35039	,	0		
35040	sie	0	(mention_id=4976|references=(entity=(entity_id=entity_0005|fullname=Ottilie Baumhagen|gender=f)))	(mention_id=4977|references=(entity=(entity_id=10|fullname=Frau Baumhagen|gender=f)))
35041	nahm	0		
35042	die	0		
35043	kleine	0		
35044	kostbare	0		
35045	Uhr	0		
35046	aus	0		
35047	dem	0		
35048	Gürtel	0		
35049	,	0		
35050	»	0		
35051	ich	0	(mention_id=4977|references=(entity=(entity_id=entity_0005|fullname=Ottilie Baumhagen|gender=f)))	(mention_id=4978|references=(entity=(entity_id=10|fullname=Frau Baumhagen|gender=f)))
35052	glaube	0		
35053	,	0		
35054	es	0		
35055	wird	0		
35056	Zeit	0		
35057	,	0		
35058	Jenny	0	(mention_id=4978|references=(entity=(entity_id=entity_0006|fullname=Jenny Fredrich, geb. Baumhagen|gender=f)))	(mention_id=4979|references=(entity=(entity_id=17|fullname=Jenny|gender=f)))
35059	,	0		
35060	daß	0		
35061	wir	0	(mention_id=4979|references=(entity=(entity_id=entity_0005|fullname=Ottilie Baumhagen|gender=f)),(entity=(entity_id=entity_0006|fullname=Jenny Fredrich, geb. Baumhagen|gender=f)))	(mention_id=4980|references=(entity=(entity_id=10|fullname=Frau Baumhagen|gender=f)),(entity=(entity_id=17|fullname=Jenny|gender=f)),(entity=(entity_id=5|fullname=Artur|gender=m)))
35062	heimfahren	0		
35063	.	0		
35064	Wir	0	(mention_id=4980|references=(entity=(entity_id=entity_0005|fullname=Ottilie Baumhagen|gender=f)),(entity=(entity_id=entity_0006|fullname=Jenny Fredrich, geb. Baumhagen|gender=f)))	(mention_id=4981|references=(entity=(entity_id=10|fullname=Frau Baumhagen|gender=f)),(entity=(entity_id=17|fullname=Jenny|gender=f)),(entity=(entity_id=5|fullname=Artur|gender=m)))
35065	wollen	0		
35066	deinen	0	(mention_id=4981|references=(entity=(entity_id=entity_0006|fullname=Jenny Fredrich, geb. Baumhagen|gender=f)))	(mention_id=4982|references=(entity=(entity_id=5|fullname=Artur|gender=m)))
35067	Mann	0	(mention_id=4982|references=(entity=(entity_id=entity_0007|fullname=Artur Fredrich|gender=m)))	(mention_id=4983|references=(entity=(entity_id=5|fullname=Artur|gender=m)))
35068	holen	0		
35069	;	0		
35070	kommt	0		
35071	.	0		
35072	«	0		
35073	Die	0		
35074	drei	0		
35075	Damen	0	(mention_id=4983|references=(entity=(entity_id=entity_0005|fullname=Ottilie Baumhagen|gender=f)),(entity=(entity_id=entity_0006|fullname=Jenny Fredrich, geb. Baumhagen|gender=f)),(entity=(entity_id=entity_0004|fullname=Gertrud Baumhagen|gender=f)))	(mention_id=4984|references=(entity=(entity_id=10|fullname=Frau Baumhagen|gender=f)),(entity=(entity_id=17|fullname=Jenny|gender=f)),(entity=(entity_id=32|fullname=Trudchen|gender=f)))
35076	kehrten	0		
35077	in	0		
35078	den	0		
35079	Garten	0		
35080	und	0		
35081	an	0		
35082	den	0		
35083	Tisch	0		
35084	zurück	0		
35085	,	0		
35086	wo	0		
35087	die	0		
35088	Herren	0	(mention_id=4984|references=(entity=(entity_id=entity_0001|fullname=Franz Linden|gender=m)),(entity=(entity_id=entity_0002|fullname=Richard Weishaupt|gender=m)),(entity=(entity_id=entity_0008|fullname=Onkel Heinrich|gender=m)),(entity=(entity_id=entity_0007|fullname=Artur Fredrich|gender=m)))	(mention_id=4985|references=(entity=(entity_id=9|fullname=Franz|gender=m)),(entity=(entity_id=24|fullname=Onkel Heinrich|gender=m)))
35089	jetzt	0		
35090	bei	0		
35091	einem	0		
35092	Glase	0		
35093	Bier	0		
35094	und	0		
35095	Zigarren	0		
35096	sehr	0		
35097	behaglich	0		
35098	plauderten	0		
35099	.	0		
35100	Franz	0	(mention_id=4985|references=(entity=(entity_id=entity_0001|fullname=Franz Linden|gender=m)))	(mention_id=4986|references=(entity=(entity_id=9|fullname=Franz|gender=m)))
35101	war	0		
35102	in	0		
35103	eifriger	0		
35104	Unterhaltung	0		
35105	mit	0		
35106	Tante	0	(mention_id=4986|references=(entity=(entity_id=entity_0011|fullname=Rosalie Kruse|gender=f)))	(mention_id=4987|references=(entity=(entity_id=26|fullname=Tante Rosa|gender=f)))
35107	Rosa	0	(mention_id=4986|references=(entity=(entity_id=entity_0011|fullname=Rosalie Kruse|gender=f)))	(mention_id=4987|references=(entity=(entity_id=26|fullname=Tante Rosa|gender=f)))
35108	,	0		
35109	die	0	(mention_id=4987|references=(entity=(entity_id=entity_0011|fullname=Rosalie Kruse|gender=f)))	(mention_id=4988|references=(entity=(entity_id=26|fullname=Tante Rosa|gender=f)))
35110	in	0		
35111	ihrem	0	(mention_id=4988|references=(entity=(entity_id=entity_0011|fullname=Rosalie Kruse|gender=f)))	(mention_id=4989|references=(entity=(entity_id=26|fullname=Tante Rosa|gender=f)))
35112	herrlichsten	0		
35113	Putz	0		
35114	auf	0		
35115	dem	0		
35116	Platz	0		
35117	thronte	0		
35118	,	0		
35119	den	0		
35120	kurz	0		
35121	zuvor	0		
35122	Frau	0	(mention_id=4989|references=(entity=(entity_id=entity_0005|fullname=Ottilie Baumhagen|gender=f)))	(mention_id=4990|references=(entity=(entity_id=10|fullname=Frau Baumhagen|gender=f)))
35123	Baumhagen	0	(mention_id=4989|references=(entity=(entity_id=entity_0005|fullname=Ottilie Baumhagen|gender=f)))	(mention_id=4990|references=(entity=(entity_id=10|fullname=Frau Baumhagen|gender=f)))
35124	verlassen	0		
35125	hatte	0		
35126	.	0		
35127	Trudchen	0	(mention_id=4990|references=(entity=(entity_id=entity_0004|fullname=Gertrud Baumhagen|gender=f)))	(mention_id=4991|references=(entity=(entity_id=32|fullname=Trudchen|gender=f)))
35128	beeilte	0		
35129	sich	0	(mention_id=4991|references=(entity=(entity_id=entity_0004|fullname=Gertrud Baumhagen|gender=f)))	(mention_id=4992|references=(entity=(entity_id=32|fullname=Trudchen|gender=f)))
35130	,	0		
35131	Mutter	0	(mention_id=4992|references=(entity=(entity_id=entity_0005|fullname=Ottilie Baumhagen|gender=f)))	(mention_id=4993|references=(entity=(entity_id=10|fullname=Frau Baumhagen|gender=f)))
35132	und	0		
35133	Schwester	0	(mention_id=4993|references=(entity=(entity_id=entity_0006|fullname=Jenny Fredrich, geb. Baumhagen|gender=f)))	(mention_id=4994|references=(entity=(entity_id=17|fullname=Jenny|gender=f)))
35134	der	0		
35135	alten	0		
35136	Dame	0	(mention_id=4994|references=(entity=(entity_id=entity_0011|fullname=Rosalie Kruse|gender=f)))	(mention_id=4995|references=(entity=(entity_id=26|fullname=Tante Rosa|gender=f)))
35137	vorzustellen	0		
35138	.	0		
35139	Es	0		
35140	ging	0		
35141	nicht	0		
35142	anders	0		
35143	,	0		
35144	man	0		
35145	mußte	0		
35146	anstandshalber	0		
35147	noch	0		
35148	ein	0		
35149	wenig	0		
35150	Platz	0		
35151	nehmen	0		
35152	,	0		
35153	Frau	0	(mention_id=4995|references=(entity=(entity_id=entity_0005|fullname=Ottilie Baumhagen|gender=f)))	(mention_id=4996|references=(entity=(entity_id=10|fullname=Frau Baumhagen|gender=f)))
35154	Baumhagen	0	(mention_id=4995|references=(entity=(entity_id=entity_0005|fullname=Ottilie Baumhagen|gender=f)))	(mention_id=4996|references=(entity=(entity_id=10|fullname=Frau Baumhagen|gender=f)))
35155	mit	0		
35156	gelangweilter	0		
35157	Miene	0		
35158	,	0		
35159	Jenny	0	(mention_id=4996|references=(entity=(entity_id=entity_0006|fullname=Jenny Fredrich, geb. Baumhagen|gender=f)))	(mention_id=4997|references=(entity=(entity_id=17|fullname=Jenny|gender=f)))
35160	mit	0		
35161	kaum	0		
35162	verhehltem	0		
35163	Spott	0		
35164	über	0		
35165	die	0		
35166	wunderliche	0		
35167	kleine	0		
35168	Alte	0	(mention_id=4997|references=(entity=(entity_id=entity_0011|fullname=Rosalie Kruse|gender=f)))	(mention_id=4998|references=(entity=(entity_id=26|fullname=Tante Rosa|gender=f)))
35169	.	0		
35170	»	0		
35171	Trudchen	0	(mention_id=4998|references=(entity=(entity_id=entity_0004|fullname=Gertrud Baumhagen|gender=f)))	(mention_id=4999|references=(entity=(entity_id=32|fullname=Trudchen|gender=f)))
35172	«	0		
35173	,	0		
35174	begann	0		
35175	Franz	0	(mention_id=4999|references=(entity=(entity_id=entity_0001|fullname=Franz Linden|gender=m)))	(mention_id=5000|references=(entity=(entity_id=9|fullname=Franz|gender=m)))
35176	,	0		
35177	»	0		
35178	Tante	0	(mention_id=5000|references=(entity=(entity_id=entity_0011|fullname=Rosalie Kruse|gender=f)))	(mention_id=5001|references=(entity=(entity_id=26|fullname=Tante Rosa|gender=f)))
35179	Rosa	0	(mention_id=5000|references=(entity=(entity_id=entity_0011|fullname=Rosalie Kruse|gender=f)))	(mention_id=5001|references=(entity=(entity_id=26|fullname=Tante Rosa|gender=f)))
35180	kam	0		
35181	,	0		
35182	um	0		
35183	uns	0	(mention_id=5001|references=(entity=(entity_id=entity_0001|fullname=Franz Linden|gender=m)),(entity=(entity_id=entity_0004|fullname=Gertrud Baumhagen|gender=f)))	(mention_id=5002|references=(entity=(entity_id=32|fullname=Trudchen|gender=f)),(entity=(entity_id=9|fullname=Franz|gender=m)))
35184	mitzuteilen	0		
35185	,	0		
35186	daß	0		
35187	sie	0	(mention_id=5002|references=(entity=(entity_id=entity_0011|fullname=Rosalie Kruse|gender=f)))	(mention_id=5003|references=(entity=(entity_id=26|fullname=Tante Rosa|gender=f)))
35188	Besuch	0		
35189	erwartet	0		
35190	.	0		
35191	«	0		
35192	»	0		
35193	Es	0		
35194	stört	0		
35195	doch	0		
35196	hoffentlich	0		
35197	nicht	0		
35198	«	0		
35199	,	0		
35200	wandte	0		
35201	sich	0	(mention_id=5003|references=(entity=(entity_id=entity_0011|fullname=Rosalie Kruse|gender=f)))	(mention_id=5004|references=(entity=(entity_id=26|fullname=Tante Rosa|gender=f)))
35202	die	0		
35203	alte	0		
35204	Dame	0	(mention_id=5004|references=(entity=(entity_id=entity_0011|fullname=Rosalie Kruse|gender=f)))	(mention_id=5005|references=(entity=(entity_id=26|fullname=Tante Rosa|gender=f)))
35205	an	0		
35206	die	0		
35207	Hausfrau	0	(mention_id=5005|references=(entity=(entity_id=entity_0004|fullname=Gertrud Baumhagen|gender=f)))	(mention_id=5006|references=(entity=(entity_id=32|fullname=Trudchen|gender=f)))
35208	.	0		
35209	»	0		
35210	Meine	0	(mention_id=5006|references=(entity=(entity_id=entity_0011|fullname=Rosalie Kruse|gender=f)))	(mention_id=5007|references=(entity=(entity_id=26|fullname=Tante Rosa|gender=f)))
35211	Nichte	0	(mention_id=5007|references=(entity=(entity_id=entity_0021|fullname=Adelheid Strom|gender=f)))	(mention_id=5008|references=(entity=(entity_id=1|fullname=Adelheid Strom|gender=f)))
35212	hat	0		
35213	mich	0	(mention_id=5008|references=(entity=(entity_id=entity_0011|fullname=Rosalie Kruse|gender=f)))	(mention_id=5009|references=(entity=(entity_id=26|fullname=Tante Rosa|gender=f)))
35214	bis	0		
35215	jetzt	0		
35216	jedes	0		
35217	Jahr	0		
35218	besucht	0		
35219	;	0		
35220	Sie	0	(mention_id=5009|references=(entity=(entity_id=entity_0004|fullname=Gertrud Baumhagen|gender=f)))	(mention_id=5010|references=(entity=(entity_id=32|fullname=Trudchen|gender=f)))
35221	wissen	0		
35222	ja	0		
35223	von	0		
35224	mir	0	(mention_id=5010|references=(entity=(entity_id=entity_0011|fullname=Rosalie Kruse|gender=f)))	(mention_id=5011|references=(entity=(entity_id=26|fullname=Tante Rosa|gender=f)))
35225	,	0		
35226	daß	0		
35227	das	0		
35228	Kind	0	(mention_id=5011|references=(entity=(entity_id=entity_0021|fullname=Adelheid Strom|gender=f)))	(mention_id=5012|references=(entity=(entity_id=1|fullname=Adelheid Strom|gender=f)))
35229	Wald	0		
35230	und	0		
35231	Feld	0		
35232	leidenschaftlich	0		
35233	liebt	0		
35234	und	0		
35235	mich	0	(mention_id=5012|references=(entity=(entity_id=entity_0011|fullname=Rosalie Kruse|gender=f)))	(mention_id=5013|references=(entity=(entity_id=26|fullname=Tante Rosa|gender=f)))
35236	Alte	0	(mention_id=5013|references=(entity=(entity_id=entity_0011|fullname=Rosalie Kruse|gender=f)))	(mention_id=5014|references=(entity=(entity_id=26|fullname=Tante Rosa|gender=f)))
35237	auch	0		
35238	ein	0		
35239	wenig	0		
35240	aufheitert	0		
35241	.	0		
35242	«	0		
35243	»	0		
35244	Das	0		
35245	hübsche	0		
35246	kleine	0		
35247	Fräulein	0	(mention_id=5014|references=(entity=(entity_id=entity_0021|fullname=Adelheid Strom|gender=f)))	(mention_id=5015|references=(entity=(entity_id=1|fullname=Adelheid Strom|gender=f)))
35248	,	0		
35249	von	0		
35250	dem	0	(mention_id=5015|references=(entity=(entity_id=entity_0021|fullname=Adelheid Strom|gender=f)))	(mention_id=5016|references=(entity=(entity_id=1|fullname=Adelheid Strom|gender=f)))
35251	Sie	0	(mention_id=5016|references=(entity=(entity_id=entity_0004|fullname=Gertrud Baumhagen|gender=f)))	(mention_id=5017|references=(entity=(entity_id=26|fullname=Tante Rosa|gender=f)))
35252	uns	0	(mention_id=5017|references=(entity=(entity_id=entity_0004|fullname=Gertrud Baumhagen|gender=f)),(entity=(entity_id=entity_0001|fullname=Franz Linden|gender=m)))	(mention_id=5018|references=(entity=(entity_id=26|fullname=Tante Rosa|gender=f)))
35253	schon	0		
35254	so	0		
35255	oft	0		
35256	erzählten	0		
35257	,	0		
35258	Tante	0	(mention_id=5018|references=(entity=(entity_id=entity_0011|fullname=Rosalie Kruse|gender=f)))	(mention_id=5019|references=(entity=(entity_id=26|fullname=Tante Rosa|gender=f)))
35259	Rosa	0	(mention_id=5018|references=(entity=(entity_id=entity_0011|fullname=Rosalie Kruse|gender=f)))	(mention_id=5019|references=(entity=(entity_id=26|fullname=Tante Rosa|gender=f)))
35260	?	0		
35261	«	0		
35262	fragte	0		
35263	Trudchen	0	(mention_id=5019|references=(entity=(entity_id=entity_0004|fullname=Gertrud Baumhagen|gender=f)))	(mention_id=5020|references=(entity=(entity_id=32|fullname=Trudchen|gender=f)))
35264	liebenswürdig	0		
35265	;	0		
35266	und	0		
35267	als	0		
35268	jene	0	(mention_id=5020|references=(entity=(entity_id=entity_0011|fullname=Rosalie Kruse|gender=f)))	(mention_id=5021|references=(entity=(entity_id=26|fullname=Tante Rosa|gender=f)))
35269	eifrig	0		
35270	nickte	0		
35271	,	0		
35272	fuhr	0		
35273	sie	0	(mention_id=5021|references=(entity=(entity_id=entity_0004|fullname=Gertrud Baumhagen|gender=f)))	(mention_id=5022|references=(entity=(entity_id=26|fullname=Tante Rosa|gender=f)))
35274	fort	0		
35275	:	0		
35276	»	0		
35277	Oh	0		
35278	,	0		
35279	sie	0	(mention_id=5022|references=(entity=(entity_id=entity_0021|fullname=Adelheid Strom|gender=f)))	(mention_id=5023|references=(entity=(entity_id=26|fullname=Tante Rosa|gender=f)))
35280	ist	0		
35281	von	0		
35282	Herzen	0		
35283	willkommen	0		
35284	,	0		
35285	nicht	0		
35286	wahr	0		
35287	,	0		
35288	Franz	0	(mention_id=5023|references=(entity=(entity_id=entity_0001|fullname=Franz Linden|gender=m)))	(mention_id=5024|references=(entity=(entity_id=9|fullname=Franz|gender=m)))
35289	?	0		
35290	–	0		
35291	Wann	0		
35292	trifft	0		
35293	denn	0		
35294	der	0		
35295	Gast	0	(mention_id=5024|references=(entity=(entity_id=entity_0021|fullname=Adelheid Strom|gender=f)))	(mention_id=5025|references=(entity=(entity_id=1|fullname=Adelheid Strom|gender=f)))
35296	ein	0		
35297	und	0		
35298	wie	0		
35299	heißt	0		
35300	sie	0	(mention_id=5025|references=(entity=(entity_id=entity_0021|fullname=Adelheid Strom|gender=f)))	(mention_id=5026|references=(entity=(entity_id=1|fullname=Adelheid Strom|gender=f)))
35301	eigentlich	0		
35302	?	0		
35303	«	0		
35304	»	0		
35305	In	0		
35306	den	0		
35307	nächsten	0		
35308	Tagen	0		
35309	erwarte	0		
35310	ich	0	(mention_id=5026|references=(entity=(entity_id=entity_0011|fullname=Rosalie Kruse|gender=f)))	(mention_id=5027|references=(entity=(entity_id=26|fullname=Tante Rosa|gender=f)))
35311	sie	0	(mention_id=5027|references=(entity=(entity_id=entity_0021|fullname=Adelheid Strom|gender=f)))	(mention_id=5028|references=(entity=(entity_id=1|fullname=Adelheid Strom|gender=f)))
35312	,	0		
35313	und	0		
35314	Adelheid	0	(mention_id=5028|references=(entity=(entity_id=entity_0021|fullname=Adelheid Strom|gender=f)))	(mention_id=5029|references=(entity=(entity_id=1|fullname=Adelheid Strom|gender=f)))
35315	Strom	0	(mention_id=5028|references=(entity=(entity_id=entity_0021|fullname=Adelheid Strom|gender=f)))	(mention_id=5029|references=(entity=(entity_id=1|fullname=Adelheid Strom|gender=f)))
35316	heißt	0		
35317	sie	0	(mention_id=5029|references=(entity=(entity_id=entity_0021|fullname=Adelheid Strom|gender=f)))	(mention_id=5030|references=(entity=(entity_id=1|fullname=Adelheid Strom|gender=f)))
35318	«	0		
35319	,	0		
35320	berichtete	0		
35321	Tante	0	(mention_id=5030|references=(entity=(entity_id=entity_0011|fullname=Rosalie Kruse|gender=f)))	(mention_id=5031|references=(entity=(entity_id=26|fullname=Tante Rosa|gender=f)))
35322	Rosa	0	(mention_id=5030|references=(entity=(entity_id=entity_0011|fullname=Rosalie Kruse|gender=f)))	(mention_id=5031|references=(entity=(entity_id=26|fullname=Tante Rosa|gender=f)))
35323	;	0		
35324	»	0		
35325	›	0		
35326	Heidchen	0	(mention_id=5031|references=(entity=(entity_id=entity_0021|fullname=Adelheid Strom|gender=f)))	(mention_id=5032|references=(entity=(entity_id=1|fullname=Adelheid Strom|gender=f)))
35327	‹	0		
35328	nenne	0		
35329	ich	0	(mention_id=5032|references=(entity=(entity_id=entity_0011|fullname=Rosalie Kruse|gender=f)))	(mention_id=5033|references=(entity=(entity_id=26|fullname=Tante Rosa|gender=f)))
35330	sie	0	(mention_id=5033|references=(entity=(entity_id=entity_0021|fullname=Adelheid Strom|gender=f)))	(mention_id=5034|references=(entity=(entity_id=1|fullname=Adelheid Strom|gender=f)))
35331	immer	0		
35332	.	0		
35333	«	0		
35334	Und	0		
35335	nun	0		
35336	begann	0		
35337	sie	0	(mention_id=5034|references=(entity=(entity_id=entity_0011|fullname=Rosalie Kruse|gender=f)))	(mention_id=5035|references=(entity=(entity_id=26|fullname=Tante Rosa|gender=f)))
35338	eine	0		
35339	Verwandtschaftserklärung	0		
35340	,	0		
35341	wobei	0		
35342	der	0		
35343	ganzen	0		
35344	Gesellschaft	0	(mention_id=5035|references=(entity=(entity_id=entity_0002|fullname=Richard Weishaupt|gender=m)),(entity=(entity_id=entity_0001|fullname=Franz Linden|gender=m)),(entity=(entity_id=entity_0008|fullname=Onkel Heinrich|gender=m)),(entity=(entity_id=entity_0005|fullname=Ottilie Baumhagen|gender=f)),(entity=(entity_id=entity_0006|fullname=Jenny Fredrich, geb. Baumhagen|gender=f)),(entity=(entity_id=entity_0007|fullname=Artur Fredrich|gender=m)),(entity=(entity_id=entity_0004|fullname=Gertrud Baumhagen|gender=f)))	(mention_id=5036|references=(entity=(entity_id=14|fullname=Gesellschaft|gender=u|specialcase_entity=group)))
35345	schwindelig	0		
35346	wurde	0		
35347	.	0		
35348	»	0		
35349	Meiner	0	(mention_id=5036|references=(entity=(entity_id=entity_0215|fullname=Tante Rosas Mutter|gender=f)))	(mention_id=5037|references=(entity=(entity_id=26|fullname=Tante Rosa|gender=f)))
35350	Mutter	0	(mention_id=5037|references=(entity=(entity_id=entity_0215|fullname=Tante Rosas Mutter|gender=f)))	(mention_id=5038|references=(entity=(entity_id=27|fullname=Tante Rosas Mutter Schwester|gender=f)))
35351	Schwester	0	(mention_id=5038|references=(entity=(entity_id=entity_0226|fullname=Tante Rosas Tante|gender=f)))	(mention_id=5038|references=(entity=(entity_id=27|fullname=Tante Rosas Mutter Schwester|gender=f)))
35352	hatte	0		
35353	einen	0		
35354	Strom	0	(mention_id=5039|references=(entity=(entity_id=entity_0227|fullname=Tante Rosas Onkel|gender=m)))	
35355	und	0		
35356	deren	0		(mention_id=5039|references=(entity=(entity_id=27|fullname=Tante Rosas Mutter Schwester|gender=f)))
35357	Stiefsohn	0	(mention_id=5040|references=(entity=(entity_id=entity_0214|fullname=Stiefsohn von Tante Rosas Tante|gender=m)))	(mention_id=5040|references=(entity=(entity_id=28|fullname=Tante Rosas Mutter Schwester Stiefsohn|gender=m)))
35358	ist	0		
35359	der	0		
35360	Vetter	0	(mention_id=5041|references=(entity=(entity_id=entity_0214|fullname=Stiefsohn von Tante Rosas Tante|gender=m)))	(mention_id=5041|references=(entity=(entity_id=2|fullname=Adelheid Stroms Großvater|gender=m)))
35361	von	0		
35362	Adelheids	0	(mention_id=5042|references=(entity=(entity_id=entity_0021|fullname=Adelheid Strom|gender=f)))	(mention_id=5042|references=(entity=(entity_id=1|fullname=Adelheid Strom|gender=f)))
35363	Großvater	0	(mention_id=5043|references=(entity=(entity_id=entity_0218|fullname=Adelheids Großvater|gender=m)))	(mention_id=5043|references=(entity=(entity_id=2|fullname=Adelheid Stroms Großvater|gender=m)))
35364	–	0		
35365	«	0		
35366	Wieder	0		
35367	erhob	0		
35368	sich	0	(mention_id=5044|references=(entity=(entity_id=entity_0005|fullname=Ottilie Baumhagen|gender=f)))	(mention_id=5044|references=(entity=(entity_id=10|fullname=Frau Baumhagen|gender=f)))
35369	Frau	0	(mention_id=5045|references=(entity=(entity_id=entity_0005|fullname=Ottilie Baumhagen|gender=f)))	(mention_id=5045|references=(entity=(entity_id=10|fullname=Frau Baumhagen|gender=f)))
35370	Baumhagen	0	(mention_id=5045|references=(entity=(entity_id=entity_0005|fullname=Ottilie Baumhagen|gender=f)))	(mention_id=5045|references=(entity=(entity_id=10|fullname=Frau Baumhagen|gender=f)))
35371	sehr	0		
35372	geräuschvoll	0		
35373	.	0		
35374	»	0		
35375	Ich	0	(mention_id=5046|references=(entity=(entity_id=entity_0005|fullname=Ottilie Baumhagen|gender=f)))	(mention_id=5046|references=(entity=(entity_id=10|fullname=Frau Baumhagen|gender=f)))
35376	muß	0		
35377	heim	0		
35378	«	0		
35379	,	0		
35380	sagte	0		
35381	sie	0	(mention_id=5047|references=(entity=(entity_id=entity_0005|fullname=Ottilie Baumhagen|gender=f)))	(mention_id=5047|references=(entity=(entity_id=10|fullname=Frau Baumhagen|gender=f)))
35382	,	0		
35383	das	0		
35384	Gespräch	0		
35385	unterbrechend	0		
35386	,	0		
35387	»	0		
35388	es	0		
35389	ist	0		
35390	höchste	0		
35391	Zeit	0		
35392	!	0		
35393	«	0		
35394	Jenny	0	(mention_id=5048|references=(entity=(entity_id=entity_0006|fullname=Jenny Fredrich, geb. Baumhagen|gender=f)))	(mention_id=5048|references=(entity=(entity_id=17|fullname=Jenny|gender=f)))
35395	,	0		
35396	die	0	(mention_id=5049|references=(entity=(entity_id=entity_0006|fullname=Jenny Fredrich, geb. Baumhagen|gender=f)))	(mention_id=5049|references=(entity=(entity_id=17|fullname=Jenny|gender=f)))
35397	hinter	0		
35398	ihres	0	(mention_id=5050|references=(entity=(entity_id=entity_0006|fullname=Jenny Fredrich, geb. Baumhagen|gender=f)))	(mention_id=5050|references=(entity=(entity_id=17|fullname=Jenny|gender=f)))
35399	Gatten	0	(mention_id=5051|references=(entity=(entity_id=entity_0007|fullname=Artur Fredrich|gender=m)))	(mention_id=5051|references=(entity=(entity_id=5|fullname=Artur|gender=m)))
35400	Sessel	0		
35401	getreten	0		
35402	war	0		
35403	,	0		
35404	legte	0		
35405	die	0		
35406	Hand	0		
35407	auf	0		
35408	seine	0	(mention_id=5052|references=(entity=(entity_id=entity_0007|fullname=Artur Fredrich|gender=m)))	(mention_id=5052|references=(entity=(entity_id=5|fullname=Artur|gender=m)))
35409	Schulter	0		
35410	:	0		
35411	»	0		
35412	Bitte	0		
35413	,	0		
35414	den	0		
35415	Wagen	0		
35416	bestellen	0		
35417	!	0		
35418	«	0		
35419	»	0		
35420	I	0		
35421	was	0		
35422	fällt	0		
35423	dir	0	(mention_id=5053|references=(entity=(entity_id=entity_0006|fullname=Jenny Fredrich, geb. Baumhagen|gender=f)))	(mention_id=5053|references=(entity=(entity_id=17|fullname=Jenny|gender=f)))
35424	denn	0		
35425	ein	0		
35426	,	0		
35427	Kind	0	(mention_id=5054|references=(entity=(entity_id=entity_0006|fullname=Jenny Fredrich, geb. Baumhagen|gender=f)))	(mention_id=5054|references=(entity=(entity_id=17|fullname=Jenny|gender=f)))
35428	«	0		
35429	,	0		
35430	sagte	0		
35431	er	0	(mention_id=5055|references=(entity=(entity_id=entity_0007|fullname=Artur Fredrich|gender=m)))	(mention_id=5055|references=(entity=(entity_id=5|fullname=Artur|gender=m)))
35432	ärgerlich	0		
35433	,	0		
35434	»	0		
35435	wir	0	(mention_id=5056|references=(entity=(entity_id=entity_0007|fullname=Artur Fredrich|gender=m)),(entity=(entity_id=entity_0006|fullname=Jenny Fredrich, geb. Baumhagen|gender=f)))	(mention_id=5056|references=(entity=(entity_id=10|fullname=Frau Baumhagen|gender=f)),(entity=(entity_id=17|fullname=Jenny|gender=f)),(entity=(entity_id=5|fullname=Artur|gender=m)))
35436	sind	0		
35437	ja	0		
35438	eben	0		
35439	erst	0		
35440	gekommen	0		
35441	!	0		
35442	«	0		
35443	»	0		
35444	Aber	0		
35445	Mama	0	(mention_id=5057|references=(entity=(entity_id=entity_0005|fullname=Ottilie Baumhagen|gender=f)))	(mention_id=5057|references=(entity=(entity_id=10|fullname=Frau Baumhagen|gender=f)))
35446	wünscht	0		
35447	es	0		
35448	.	0		
35449	«	0		
35450	»	0		
35451	Mama	0	(mention_id=5058|references=(entity=(entity_id=entity_0005|fullname=Ottilie Baumhagen|gender=f)))	(mention_id=5058|references=(entity=(entity_id=10|fullname=Frau Baumhagen|gender=f)))
35452	?	0		
35453	Warum	0		
35454	denn	0		
35455	?	0		
35456	«	0		
35457	fragte	0		
35458	er	0	(mention_id=5059|references=(entity=(entity_id=entity_0007|fullname=Artur Fredrich|gender=m)))	(mention_id=5059|references=(entity=(entity_id=5|fullname=Artur|gender=m)))
35459	kurz	0		
35460	,	0		
35461	»	0		
35462	wir	0	(mention_id=5060|references=(entity=(entity_id=entity_0007|fullname=Artur Fredrich|gender=m)),(entity=(entity_id=entity_0001|fullname=Franz Linden|gender=m)),(entity=(entity_id=entity_0002|fullname=Richard Weishaupt|gender=m)),(entity=(entity_id=entity_0008|fullname=Onkel Heinrich|gender=m)))	(mention_id=5060|references=(entity=(entity_id=10|fullname=Frau Baumhagen|gender=f)),(entity=(entity_id=17|fullname=Jenny|gender=f)),(entity=(entity_id=5|fullname=Artur|gender=m)))
35463	sind	0		
35464	hier	0		
35465	in	0		
35466	der	0		
35467	gemütlichsten	0		
35468	Unterhaltung	0		
35469	.	0		
35470	«	0		
35471	»	0		
35472	Bleiben	0		
35473	Sie	0	(mention_id=5061|references=(entity=(entity_id=entity_0005|fullname=Ottilie Baumhagen|gender=f)))	(mention_id=5061|references=(entity=(entity_id=10|fullname=Frau Baumhagen|gender=f)))
35474	doch	0		
35475	zum	0		
35476	Abend	0		
35477	,	0		
35478	gnädige	0		
35479	Frau	0	(mention_id=5062|references=(entity=(entity_id=entity_0005|fullname=Ottilie Baumhagen|gender=f)))	(mention_id=5062|references=(entity=(entity_id=32|fullname=Trudchen|gender=f)))
35480	«	0		
35481	,	0		
35482	bat	0		
35483	Franz	0	(mention_id=5063|references=(entity=(entity_id=entity_0001|fullname=Franz Linden|gender=m)))	(mention_id=5063|references=(entity=(entity_id=9|fullname=Franz|gender=m)))
35484	seine	0	(mention_id=5064|references=(entity=(entity_id=entity_0001|fullname=Franz Linden|gender=m)))	(mention_id=5064|references=(entity=(entity_id=9|fullname=Franz|gender=m)))
35485	Schwiegermutter	0	(mention_id=5065|references=(entity=(entity_id=entity_0005|fullname=Ottilie Baumhagen|gender=f)))	(mention_id=5065|references=(entity=(entity_id=10|fullname=Frau Baumhagen|gender=f)))
35486	höflich	0		
35487	.	0		
35488	»	0		
35489	Ich	0	(mention_id=5066|references=(entity=(entity_id=entity_0005|fullname=Ottilie Baumhagen|gender=f)))	(mention_id=5066|references=(entity=(entity_id=9|fullname=Franz|gender=m)))
35490	habe	0		
35491	etwas	0		
35492	Kopfweh	0		
35493	«	0		
35494	,	0		
35495	war	0		
35496	die	0		
35497	kühle	0		
35498	Antwort	0		
35499	.	0		
35500	Herr	0	(mention_id=5067|references=(entity=(entity_id=entity_0007|fullname=Artur Fredrich|gender=m)))	(mention_id=5067|references=(entity=(entity_id=5|fullname=Artur|gender=m)))
35501	Artur	0	(mention_id=5067|references=(entity=(entity_id=entity_0007|fullname=Artur Fredrich|gender=m)))	(mention_id=5067|references=(entity=(entity_id=5|fullname=Artur|gender=m)))
35502	griff	0		
35503	sich	0	(mention_id=5068|references=(entity=(entity_id=entity_0007|fullname=Artur Fredrich|gender=m)))	(mention_id=5068|references=(entity=(entity_id=5|fullname=Artur|gender=m)))
35504	verzweifelt	0		
35505	in	0		
35506	seine	0	(mention_id=5069|references=(entity=(entity_id=entity_0007|fullname=Artur Fredrich|gender=m)))	(mention_id=5069|references=(entity=(entity_id=5|fullname=Artur|gender=m)))
35507	blonden	0		
35508	Haare	0		
35509	.	0		
35510	Dieses	0		
35511	›	0		
35512	Kopfweh	0		
35513	‹	0		
35514	war	0		
35515	ja	0		
35516	die	0		
35517	Keule	0		
35518	,	0		
35519	mit	0		
35520	der	0		
35521	beständig	0		
35522	jede	0		
35523	Vernunftvorstellung	0		
35524	zu	0		
35525	Boden	0		
35526	geschmettert	0		
35527	wurde	0		
35528	.	0		
35529	»	0		
35530	Gut	0		
35531	,	0		
35532	so	0		
35533	fahrt	0		
35534	!	0		
35535	«	0		
35536	murmelte	0		
35537	er	0	(mention_id=5070|references=(entity=(entity_id=entity_0007|fullname=Artur Fredrich|gender=m)))	(mention_id=5070|references=(entity=(entity_id=5|fullname=Artur|gender=m)))
35538	ingrimmig	0		
35539	,	0		
35540	»	0		
35541	ich	0	(mention_id=5071|references=(entity=(entity_id=entity_0007|fullname=Artur Fredrich|gender=m)))	(mention_id=5071|references=(entity=(entity_id=9|fullname=Franz|gender=m)))
35542	komme	0		
35543	schon	0		
35544	mit	0		
35545	Onkel	0	(mention_id=5072|references=(entity=(entity_id=entity_0008|fullname=Onkel Heinrich|gender=m)))	(mention_id=5072|references=(entity=(entity_id=24|fullname=Onkel Heinrich|gender=m)))
35546	Heinrich	0	(mention_id=5072|references=(entity=(entity_id=entity_0008|fullname=Onkel Heinrich|gender=m)))	(mention_id=5072|references=(entity=(entity_id=24|fullname=Onkel Heinrich|gender=m)))
35547	nach	0		
35548	Hause	0		
35549	.	0		
35550	«	0		
35551	»	0		
35552	Jawohl	0		
35553	,	0		
35554	jawohl	0		
35555	,	0		
35556	lieber	0		
35557	Neffe	0	(mention_id=5073|references=(entity=(entity_id=entity_0007|fullname=Artur Fredrich|gender=m)))	(mention_id=5073|references=(entity=(entity_id=5|fullname=Artur|gender=m)))
35558	!	0		
35559	«	0		
35560	rief	0		
35561	der	0		
35562	alte	0		
35563	Herr	0	(mention_id=5074|references=(entity=(entity_id=entity_0008|fullname=Onkel Heinrich|gender=m)))	(mention_id=5074|references=(entity=(entity_id=24|fullname=Onkel Heinrich|gender=m)))
35564	vergnügt	0		
35565	,	0		
35566	»	0		
35567	ist	0		
35568	mir	0	(mention_id=5075|references=(entity=(entity_id=entity_0008|fullname=Onkel Heinrich|gender=m)))	(mention_id=5075|references=(entity=(entity_id=24|fullname=Onkel Heinrich|gender=m)))
35569	sehr	0		
35570	angenehm	0		
35571	,	0		
35572	daß	0		
35573	du	0	(mention_id=5076|references=(entity=(entity_id=entity_0007|fullname=Artur Fredrich|gender=m)))	(mention_id=5076|references=(entity=(entity_id=5|fullname=Artur|gender=m)))
35574	bleibst	0		
35575	.	0		
35576	Wir	0	(mention_id=5077|references=(entity=(entity_id=entity_0008|fullname=Onkel Heinrich|gender=m)),(entity=(entity_id=entity_0007|fullname=Artur Fredrich|gender=m)),(entity=(entity_id=entity_0002|fullname=Richard Weishaupt|gender=m)),(entity=(entity_id=entity_0001|fullname=Franz Linden|gender=m)))	(mention_id=5077|references=(entity=(entity_id=9|fullname=Franz|gender=m)),(entity=(entity_id=24|fullname=Onkel Heinrich|gender=m)))
35577	wollen	0		
35578	nachher	0		
35579	den	0		
35580	Mosel	0		
35581	probieren	0		
35582	,	0		
35583	wie	0		
35584	,	0		
35585	Franz	0	(mention_id=5078|references=(entity=(entity_id=entity_0001|fullname=Franz Linden|gender=m)))	(mention_id=5078|references=(entity=(entity_id=9|fullname=Franz|gender=m)))
35586	?	0		
35587	«	0		
35588	»	0		
35589	Der	0		
35590	Onkel	0	(mention_id=5079|references=(entity=(entity_id=entity_0008|fullname=Onkel Heinrich|gender=m)))	(mention_id=5079|references=(entity=(entity_id=24|fullname=Onkel Heinrich|gender=m)))
35591	hat	0		
35592	mir	0	(mention_id=5080|references=(entity=(entity_id=entity_0001|fullname=Franz Linden|gender=m)))	(mention_id=5080|references=(entity=(entity_id=24|fullname=Onkel Heinrich|gender=m)))
35593	zur	0		
35594	Hochzeit	0		
35595	den	0		
35596	Weinkeller	0		
35597	eingerichtet	0		
35598	«	0		
35599	,	0		
35600	erklärte	0		
35601	der	0		
35602	junge	0		
35603	Hausherr	0	(mention_id=5081|references=(entity=(entity_id=entity_0001|fullname=Franz Linden|gender=m)))	(mention_id=5081|references=(entity=(entity_id=9|fullname=Franz|gender=m)))
35604	,	0		
35605	indem	0		
35606	er	0	(mention_id=5082|references=(entity=(entity_id=entity_0001|fullname=Franz Linden|gender=m)))	(mention_id=5082|references=(entity=(entity_id=9|fullname=Franz|gender=m)))
35607	sich	0	(mention_id=5083|references=(entity=(entity_id=entity_0001|fullname=Franz Linden|gender=m)))	(mention_id=5083|references=(entity=(entity_id=9|fullname=Franz|gender=m)))
35608	erhob	0		
35609	,	0		
35610	um	0		
35611	den	0		
35612	Wagen	0		
35613	zu	0		
35614	bestellen	0		
35615	.	0		
35616	»	0		
35617	Und	0		
35618	so	0		
35619	kostbar	0		
35620	!	0		
35621	«	0		
35622	fügte	0		
35623	Trudchen	0	(mention_id=5084|references=(entity=(entity_id=entity_0004|fullname=Gertrud Baumhagen|gender=f)))	(mention_id=5084|references=(entity=(entity_id=32|fullname=Trudchen|gender=f)))
35624	hinzu	0		
35625	.	0		
35626	»	0		
35627	O	0		
35628	la	0		
35629	la	0		
35630	!	0		
35631	«	0		
35632	Der	0		
35633	alte	0		
35634	Herr	0	(mention_id=5085|references=(entity=(entity_id=entity_0008|fullname=Onkel Heinrich|gender=m)))	(mention_id=5085|references=(entity=(entity_id=24|fullname=Onkel Heinrich|gender=m)))
35635	war	0		
35636	aufgestanden	0		
35637	und	0		
35638	half	0		
35639	mit	0		
35640	etwas	0		
35641	asthmatischer	0		
35642	Höflichkeit	0		
35643	seiner	0	(mention_id=5086|references=(entity=(entity_id=entity_0008|fullname=Onkel Heinrich|gender=m)))	(mention_id=5086|references=(entity=(entity_id=24|fullname=Onkel Heinrich|gender=m)))
35644	Schwägerin	0	(mention_id=5087|references=(entity=(entity_id=entity_0005|fullname=Ottilie Baumhagen|gender=f)))	(mention_id=5087|references=(entity=(entity_id=10|fullname=Frau Baumhagen|gender=f)))
35645	beim	0		
35646	Umlegen	0		
35647	des	0		
35648	Mantels	0		
35649	.	0		
35650	»	0		
35651	Es	0		
35652	war	0		
35653	purer	0		
35654	Egoismus	0		
35655	,	0		
35656	Ottilie	0	(mention_id=5088|references=(entity=(entity_id=entity_0005|fullname=Ottilie Baumhagen|gender=f)))	(mention_id=5088|references=(entity=(entity_id=10|fullname=Frau Baumhagen|gender=f)))
35657	.	0		
35658	Nur	0		
35659	damit	0		
35660	man	0	(mention_id=5089|references=(entity=(entity_id=entity_0008|fullname=Onkel Heinrich|gender=m)))	
35661	seinen	0	(mention_id=5090|references=(entity=(entity_id=entity_0008|fullname=Onkel Heinrich|gender=m)))	
35662	gewohnten	0		
35663	Tropfen	0		
35664	kriegt	0		
35665	,	0		
35666	wenn	0		
35667	man	0	(mention_id=5091|references=(entity=(entity_id=entity_0008|fullname=Onkel Heinrich|gender=m)))	
35668	hier	0		
35669	wegmüde	0		
35670	und	0		
35671	durstig	0		
35672	anlangt	0		
35673	.	0		
35674	«	0		
35675	»	0		
35676	Trudchen	0	(mention_id=5092|references=(entity=(entity_id=entity_0004|fullname=Gertrud Baumhagen|gender=f)))	(mention_id=5089|references=(entity=(entity_id=32|fullname=Trudchen|gender=f)))
35677	«	0		
35678	,	0		
35679	flüsterte	0		
35680	Jenny	0	(mention_id=5093|references=(entity=(entity_id=entity_0006|fullname=Jenny Fredrich, geb. Baumhagen|gender=f)))	(mention_id=5090|references=(entity=(entity_id=17|fullname=Jenny|gender=f)))
35681	und	0		
35682	zog	0		
35683	die	0		
35684	Schwester	0	(mention_id=5094|references=(entity=(entity_id=entity_0004|fullname=Gertrud Baumhagen|gender=f)))	(mention_id=5091|references=(entity=(entity_id=17|fullname=Jenny|gender=f)))
35685	etwas	0		
35686	abseits	0		
35687	,	0		
35688	»	0		
35689	wie	0		
35690	kannst	0		
35691	du	0	(mention_id=5095|references=(entity=(entity_id=entity_0004|fullname=Gertrud Baumhagen|gender=f)))	(mention_id=5092|references=(entity=(entity_id=32|fullname=Trudchen|gender=f)))
35692	so	0		
35693	töricht	0		
35694	sein	0		
35695	und	0		
35696	dir	0	(mention_id=5096|references=(entity=(entity_id=entity_0004|fullname=Gertrud Baumhagen|gender=f)))	(mention_id=5093|references=(entity=(entity_id=32|fullname=Trudchen|gender=f)))
35697	ein	0		
35698	junges	0		
35699	Mädchen	0	(mention_id=5097|references=(entity=(entity_id=entity_0021|fullname=Adelheid Strom|gender=f)))	(mention_id=5094|references=(entity=(entity_id=1|fullname=Adelheid Strom|gender=f)))
35700	ins	0		
35701	Haus	0		
35702	schmuggeln	0		
35703	lassen	0		
35704	?	0		
35705	Ich	0	(mention_id=5098|references=(entity=(entity_id=entity_0006|fullname=Jenny Fredrich, geb. Baumhagen|gender=f)))	(mention_id=5095|references=(entity=(entity_id=17|fullname=Jenny|gender=f)))
35706	sage	0		
35707	dir	0	(mention_id=5099|references=(entity=(entity_id=entity_0004|fullname=Gertrud Baumhagen|gender=f)))	(mention_id=5096|references=(entity=(entity_id=32|fullname=Trudchen|gender=f)))
35708	,	0		
35709	es	0		
35710	ist	0		
35711	geradezu	0		
35712	fürchterlich	0		
35713	–	0		
35714	überall	0		
35715	sind	0		
35716	sie	0	(mention_id=5100|references=(entity=(entity_id=generic_0090|fullname=Mädchen|gender=u|specialcase_entity=generic)),(entity=(entity_id=entity_0021|fullname=Adelheid Strom|gender=f)))	(mention_id=5097|references=(entity=(entity_id=1|fullname=Adelheid Strom|gender=f)))
35717	,	0		
35718	immer	0		
35719	wissen	0		
35720	sie	0	(mention_id=5101|references=(entity=(entity_id=generic_0091|fullname=Mädchen|gender=u|specialcase_entity=generic)),(entity=(entity_id=entity_0021|fullname=Adelheid Strom|gender=f)))	(mention_id=5098|references=(entity=(entity_id=1|fullname=Adelheid Strom|gender=f)))
35721	sich	0	(mention_id=5102|references=(entity=(entity_id=generic_0092|fullname=Mädchen|gender=u|specialcase_entity=generic)),(entity=(entity_id=entity_0021|fullname=Adelheid Strom|gender=f)))	(mention_id=5099|references=(entity=(entity_id=1|fullname=Adelheid Strom|gender=f)))
35722	bemerkbar	0		
35723	zu	0		
35724	machen	0		
35725	,	0		
35726	überall	0		
35727	wollen	0		
35728	sie	0	(mention_id=5103|references=(entity=(entity_id=generic_0093|fullname=Mädchen|gender=u|specialcase_entity=generic)),(entity=(entity_id=entity_0021|fullname=Adelheid Strom|gender=f)))	(mention_id=5100|references=(entity=(entity_id=1|fullname=Adelheid Strom|gender=f)))
35729	helfen	0		
35730	und	0		
35731	stets	0		
35732	sind	0		
35733	sie	0	(mention_id=5104|references=(entity=(entity_id=generic_0094|fullname=Mädchen|gender=u|specialcase_entity=generic)),(entity=(entity_id=entity_0021|fullname=Adelheid Strom|gender=f)))	(mention_id=5101|references=(entity=(entity_id=1|fullname=Adelheid Strom|gender=f)))
35734	von	0		
35735	einer	0		
35736	rührenden	0		
35737	Aufmerksamkeit	0		
35738	gegen	0		
35739	den	0		
35740	Hausherrn	0	(mention_id=5105|references=(entity=(entity_id=entity_0001|fullname=Franz Linden|gender=m)),(entity=(entity_id=generic_0095|fullname=Hausherr|gender=u|specialcase_entity=generic)))	(mention_id=5102|references=(entity=(entity_id=9|fullname=Franz|gender=m)))
35741	.	0		
35742	Es	0		
35743	ist	0		
35744	wirklich	0		
35745	rücksichtslos	0		
35746	von	0		
35747	der	0		
35748	Alten	0	(mention_id=5106|references=(entity=(entity_id=entity_0011|fullname=Rosalie Kruse|gender=f)))	(mention_id=5103|references=(entity=(entity_id=26|fullname=Tante Rosa|gender=f)))
35749	,	0		
35750	daß	0		
35751	sie	0	(mention_id=5107|references=(entity=(entity_id=entity_0011|fullname=Rosalie Kruse|gender=f)))	(mention_id=5104|references=(entity=(entity_id=26|fullname=Tante Rosa|gender=f)))
35752	dir	0	(mention_id=5108|references=(entity=(entity_id=entity_0004|fullname=Gertrud Baumhagen|gender=f)))	(mention_id=5105|references=(entity=(entity_id=32|fullname=Trudchen|gender=f)))
35753	dies	0		
35754	zumutet	0		
35755	.	0		
35756	Erfinde	0		
35757	doch	0		
35758	etwas	0		
35759	,	0		
35760	daß	0		
35761	das	0		
35762	Mädel	0	(mention_id=5109|references=(entity=(entity_id=entity_0021|fullname=Adelheid Strom|gender=f)))	(mention_id=5106|references=(entity=(entity_id=1|fullname=Adelheid Strom|gender=f)))
35763	nicht	0		
35764	kommt	0		
35765	.	0		
35766	Ich	0	(mention_id=5110|references=(entity=(entity_id=entity_0006|fullname=Jenny Fredrich, geb. Baumhagen|gender=f)))	(mention_id=5107|references=(entity=(entity_id=17|fullname=Jenny|gender=f)))
35767	spreche	0		
35768	aus	0		
35769	Erfahrung	0		
35770	,	0		
35771	Herzchen	0	(mention_id=5111|references=(entity=(entity_id=entity_0004|fullname=Gertrud Baumhagen|gender=f)))	(mention_id=5108|references=(entity=(entity_id=32|fullname=Trudchen|gender=f)))
35772	.	0		
35773	Artur	0	(mention_id=5112|references=(entity=(entity_id=entity_0007|fullname=Artur Fredrich|gender=m)))	(mention_id=5109|references=(entity=(entity_id=5|fullname=Artur|gender=m)))
35774	hatte	0		
35775	einmal	0		
35776	eine	0		
35777	Cousine	0	(mention_id=5113|references=(entity=(entity_id=entity_0219|fullname=Arturs Cousine|gender=f)))	(mention_id=5110|references=(entity=(entity_id=6|fullname=Arturs Cousine|gender=f)))
35778	eingeladen	0		
35779	,	0		
35780	du	0	(mention_id=5114|references=(entity=(entity_id=entity_0004|fullname=Gertrud Baumhagen|gender=f)))	(mention_id=5111|references=(entity=(entity_id=32|fullname=Trudchen|gender=f)))
35781	weißt	0		
35782	ja	0		
35783	–	0		
35784	Herr	0		(mention_id=5112|references=(entity=(entity_id=6|fullname=Arturs Cousine|gender=f)))
35785	–	0		
35786	Gott	0	(mention_id=5115|references=(entity=(entity_id=entity_0019|fullname=Gott|gender=u|specialcase_entity=nonfact)))	
35787	,	0		
35788	ich	0	(mention_id=5116|references=(entity=(entity_id=entity_0006|fullname=Jenny Fredrich, geb. Baumhagen|gender=f)))	(mention_id=5113|references=(entity=(entity_id=17|fullname=Jenny|gender=f)))
35789	bin	0		
35790	bald	0		
35791	gestorben	0		
35792	vor	0		
35793	Ärger	0		
35794	!	0		
35795	«	0		
35796	Trudchen	0	(mention_id=5117|references=(entity=(entity_id=entity_0004|fullname=Gertrud Baumhagen|gender=f)))	(mention_id=5114|references=(entity=(entity_id=32|fullname=Trudchen|gender=f)))
35797	lachte	0		
35798	.	0		
35799	»	0		
35800	Ach	0		
35801	Jenny	0	(mention_id=5118|references=(entity=(entity_id=entity_0006|fullname=Jenny Fredrich, geb. Baumhagen|gender=f)))	(mention_id=5115|references=(entity=(entity_id=17|fullname=Jenny|gender=f)))
35802	«	0		
35803	,	0		
35804	sagte	0		
35805	sie	0	(mention_id=5119|references=(entity=(entity_id=entity_0004|fullname=Gertrud Baumhagen|gender=f)))	(mention_id=5116|references=(entity=(entity_id=32|fullname=Trudchen|gender=f)))
35806	kopfschüttelnd	0		
35807	.	0		
35808	Dann	0		
35809	eilte	0		
35810	sie	0	(mention_id=5120|references=(entity=(entity_id=entity_0004|fullname=Gertrud Baumhagen|gender=f)))	(mention_id=5117|references=(entity=(entity_id=32|fullname=Trudchen|gender=f)))
35811	ihrer	0	(mention_id=5121|references=(entity=(entity_id=entity_0004|fullname=Gertrud Baumhagen|gender=f)))	(mention_id=5118|references=(entity=(entity_id=32|fullname=Trudchen|gender=f)))
35812	Mutter	0	(mention_id=5122|references=(entity=(entity_id=entity_0005|fullname=Ottilie Baumhagen|gender=f)))	(mention_id=5119|references=(entity=(entity_id=10|fullname=Frau Baumhagen|gender=f)))
35813	nach	0		
35814	,	0		
35815	die	0	(mention_id=5123|references=(entity=(entity_id=entity_0005|fullname=Ottilie Baumhagen|gender=f)))	(mention_id=5120|references=(entity=(entity_id=10|fullname=Frau Baumhagen|gender=f)))
35816	bereits	0		
35817	im	0		
35818	Wagen	0		
35819	saß	0		
35820	.	0		
35821	»	0		
35822	Kommt	0		
35823	bald	0		
35824	wieder	0		
35825	«	0		
35826	,	0		
35827	bat	0		
35828	sie	0	(mention_id=5124|references=(entity=(entity_id=entity_0004|fullname=Gertrud Baumhagen|gender=f)))	(mention_id=5121|references=(entity=(entity_id=10|fullname=Frau Baumhagen|gender=f)))
35829	freundlich	0		
35830	,	0		
35831	als	0		
35832	auch	0		
35833	Jenny	0	(mention_id=5125|references=(entity=(entity_id=entity_0006|fullname=Jenny Fredrich, geb. Baumhagen|gender=f)))	(mention_id=5122|references=(entity=(entity_id=17|fullname=Jenny|gender=f)))
35834	Platz	0		
35835	genommen	0		
35836	hatte	0		
35837	.	0		
35838	»	0		
35839	Ich	0	(mention_id=5126|references=(entity=(entity_id=entity_0005|fullname=Ottilie Baumhagen|gender=f)))	(mention_id=5123|references=(entity=(entity_id=32|fullname=Trudchen|gender=f)))
35840	erwarte	0		
35841	zunächst	0		
35842	euren	0	(mention_id=5127|references=(entity=(entity_id=entity_0004|fullname=Gertrud Baumhagen|gender=f)),(entity=(entity_id=entity_0001|fullname=Franz Linden|gender=m)))	(mention_id=5124|references=(entity=(entity_id=10|fullname=Frau Baumhagen|gender=f)),(entity=(entity_id=17|fullname=Jenny|gender=f)),(entity=(entity_id=5|fullname=Artur|gender=m)))
35843	Besuch	0		
35844	«	0		
35845	,	0		
35846	war	0		
35847	die	0		
35848	Antwort	0		
35849	;	0		
35850	»	0		
35851	ihr	0	(mention_id=5128|references=(entity=(entity_id=entity_0004|fullname=Gertrud Baumhagen|gender=f)),(entity=(entity_id=entity_0001|fullname=Franz Linden|gender=m)))	(mention_id=5125|references=(entity=(entity_id=32|fullname=Trudchen|gender=f)))
35852	werdet	0		
35853	wohl	0		
35854	überhaupt	0		
35855	daran	0		
35856	denken	0		
35857	müssen	0		
35858	,	0		
35859	ein	0		
35860	paar	0		
35861	Besuche	0		
35862	zu	0		
35863	machen	0		
35864	in	0		
35865	der	0		
35866	Stadt	0		
35867	.	0		
35868	«	0		
35869	»	0		
35870	Wir	0	(mention_id=5129|references=(entity=(entity_id=entity_0004|fullname=Gertrud Baumhagen|gender=f)),(entity=(entity_id=entity_0001|fullname=Franz Linden|gender=m)))	(mention_id=5126|references=(entity=(entity_id=32|fullname=Trudchen|gender=f)),(entity=(entity_id=9|fullname=Franz|gender=m)))
35871	haben	0		
35872	noch	0		
35873	nicht	0		
35874	daran	0		
35875	gedacht	0		
35876	«	0		
35877	,	0		
35878	erwiderte	0		
35879	Trudchen	0	(mention_id=5130|references=(entity=(entity_id=entity_0004|fullname=Gertrud Baumhagen|gender=f)))	(mention_id=5127|references=(entity=(entity_id=32|fullname=Trudchen|gender=f)))
35880	heiter	0		
35881	.	0		
35882	»	0		
35883	Bitte	0		
35884	,	0		
35885	sorge	0		
35886	,	0		
35887	daß	0		
35888	Artur	0	(mention_id=5131|references=(entity=(entity_id=entity_0007|fullname=Artur Fredrich|gender=m)))	(mention_id=5128|references=(entity=(entity_id=5|fullname=Artur|gender=m)))
35889	nicht	0		
35890	erst	0		
35891	in	0		
35892	sinkender	0		
35893	Nacht	0		
35894	zurückkehrt	0		
35895	.	0		
35896	Onkel	0	(mention_id=5132|references=(entity=(entity_id=entity_0008|fullname=Onkel Heinrich|gender=m)))	(mention_id=5129|references=(entity=(entity_id=24|fullname=Onkel Heinrich|gender=m)))
35897	Heinrich	0	(mention_id=5132|references=(entity=(entity_id=entity_0008|fullname=Onkel Heinrich|gender=m)))	(mention_id=5129|references=(entity=(entity_id=24|fullname=Onkel Heinrich|gender=m)))
35898	sitzt	0		
35899	,	0		
35900	wo	0		
35901	er	0	(mention_id=5133|references=(entity=(entity_id=entity_0008|fullname=Onkel Heinrich|gender=m)))	(mention_id=5130|references=(entity=(entity_id=24|fullname=Onkel Heinrich|gender=m)))
35902	sitzt	0		
35903	«	0		
35904	,	0		
35905	schalt	0		
35906	Frau	0	(mention_id=5134|references=(entity=(entity_id=entity_0006|fullname=Jenny Fredrich, geb. Baumhagen|gender=f)))	
35907	Jenny	0	(mention_id=5134|references=(entity=(entity_id=entity_0006|fullname=Jenny Fredrich, geb. Baumhagen|gender=f)))	
35908	ärgerlich	0		
35909	.	0		
35910	Und	0		
35911	fort	0		
35912	rollte	0		
35913	der	0		
35914	Wagen	0		
35915	.	0		
